review_assignment_id,reviewer_arm,selection_basis,document_id,event_id,season,round_number,event_name,event_date,title,source_url,published_at,archive_document_class,source_availability_status,content_sha256,page_count,raw_text,fact_text,infringement_text,decision_text,reason_text,reviewer_id,reviewed_at,reviewed_version_status,reviewed_content_class,reviewed_session_type,reviewed_incident_family,reviewed_eligibility,reviewed_accused_driver_number,reviewed_affected_driver_numbers,reviewed_lap_number,reviewed_location,reviewed_outcome_family,reviewed_penalty_seconds,reviewed_penalty_points,reviewed_grid_places,reviewed_fault_language,review_confidence,evidence_span,review_notes
reviewer_b-fia-2018-abu-e868b706ba3b,reviewer_b,stratified_exclusion_sample,fia-2018-abu-e868b706ba3b,2018-abu,2018,21,Abu Dhabi Grand Prix,2018-11-25T00:00:00,Stewards Decision Doc27 - P.Gasly,https://www.fia.com/sites/default/files/doc_27_-_2018_abu_dhabi_grand_prix_-_decision_-_car_10_incident_with_car_8.pdf,,steward_decision,advertised,d0a9b6c1d94f269db958a449333610986cf6cd59a30addf89520710d2ba5721b,2,"From The Stewards
To The Team Manager,
Red Bull Toro Rosso Honda
Document 27
Date 24 November 2018
Time 17:17
2018 ABU DHABI GRAND PRIX
22 - 25 November
The Stewards, having received a report from the Race Director, summoned (documents 22 & 23) and
heard the drivers and team representatives, have considered the following matter and determine the
following:
No / Driver 10 - Pierre Gasly
Competitor Red Bull Toro Rosso Honda
Time 14:59
Session Practice 3
Fact Cars 10 & 8 collided in turn 17.
Offence Involved in an alleged incident as defined by Article 38.1 of the FIA Formula One
Sporting Regulations.
Decision No further action.
Reason The Stewards heard from the driver of car 8 (Romain Grosjean), the driver of car 10
(Pierre Gasly) and team representatives and examined the video evidence including
closed circuit vision. The driver of car 10 conceded that he did not think the driver of
car 8 was able to see him and it was noted that the closing speed differential was well
in excess of 120 km/h. The driver of car 8 received no warning from his team by radio
and stated that he had no visibility of car 10’s rapid approach. He stated had he known
car 10 was approaching he would have moved completely off the track. Instead he
turned into the corner, somewhat off the racing line but in doing so came into contact
with car 10 which was on a push lap, and was unable to avoid it due to the very high
speed differential.
Competitors are reminded that they have the right to appeal the decisions of the
Stewards (with the exception of those referred to in Article 12.2.4 of the FIA
International Sporting Code), in accordance with Article 15 of the FIA International
Sporting Code and Article 9.1.1 of the FIA Judicial and Disciplinary Rules, within the
applicable time limits.
Garry Connelly Dennis Dean
Felipe Giaffone Mahir Al Badri

The Stewards",Cars 10 & 8 collided in turn 17.,"Involved in an alleged incident as defined by Article 38.1 of the FIA Formula One
Sporting Regulations.",No further action.,"The Stewards heard from the driver of car 8 (Romain Grosjean), the driver of car 10
(Pierre Gasly) and team representatives and examined the video evidence including
closed circuit vision. The driver of car 10 conceded that he did not think the driver of
car 8 was able to see him and it was noted that the closing speed differential was well
in excess of 120 km/h. The driver of car 8 received no warning from his team by radio
and stated that he had no visibility of car 10’s rapid approach. He stated had he known
car 10 was approaching he would have moved completely off the track. Instead he
turned into the corner, somewhat off the racing line but in doing so came into contact
with car 10 which was on a push lap, and was unable to avoid it due to the very high
speed differential.",,,,,,,,,,,,,,,,,,,
reviewer_b-fia-2018-abu-eb8df9b17075,reviewer_b,stratified_exclusion_sample,fia-2018-abu-eb8df9b17075,2018-abu,2018,21,Abu Dhabi Grand Prix,2018-11-25T00:00:00,Stewards Decision Doc26 - R.Grosjean,https://www.fia.com/sites/default/files/doc_26_-_2018_abu_dhabi_grand_prix_-_decision_-_car_8_incident_with_car_10_0.pdf,,steward_decision,advertised,cfe87acb815efa0c23c00f306b272511402402a9e7711cd28ba61b6cead6facb,2,"From The Stewards
To The Team Manager,
Haas F1 Team
Document 26
Date 24 November 2018
Time 17:17
2018 ABU DHABI GRAND PRIX
22 - 25 November
The Stewards, having received a report from the Race Director, summoned (documents 22 & 23) and
heard the drivers and team representatives, have considered the following matter and determine the
following:
No / Driver 8 - Romain Grosjean
Competitor Haas F1 Team
Time 14:59
Session Practice 3
Fact Cars 10 & 8 collided in turn 17.
Offence Involved in an alleged incident as defined by Article 38.1 of the FIA Formula One
Sporting Regulations.
Decision No further action.
Reason The Stewards heard from the driver of car 8 (Romain Grosjean), the driver of car 10
(Pierre Gasly) and team representatives and examined the video evidence including
closed circuit vision. The driver of car 10 conceded that he did not think the driver of
car 8 was able to see him and it was noted that the closing speed differential was well
in excess of 120 km/h. The driver of car 8 received no warning from his team by radio
and stated that he had no visibility of car 10’s rapid approach. He stated had he known
car 10 was approaching he would have moved completely off the track. Instead he
turned into the corner, somewhat off the racing line but in doing so came into contact
with car 10 which was on a push lap, and was unable to avoid it due to the very high
speed differential.
Competitors are reminded that they have the right to appeal the decisions of the
Stewards (with the exception of those referred to in Article 12.2.4 of the FIA
International Sporting Code), in accordance with Article 15 of the FIA International
Sporting Code and Article 9.1.1 of the FIA Judicial and Disciplinary Rules, within the
applicable time limits.
Garry Connelly Dennis Dean
Felipe Giaffone Mahir Al Badri

The Stewards",Cars 10 & 8 collided in turn 17.,"Involved in an alleged incident as defined by Article 38.1 of the FIA Formula One
Sporting Regulations.",No further action.,"The Stewards heard from the driver of car 8 (Romain Grosjean), the driver of car 10
(Pierre Gasly) and team representatives and examined the video evidence including
closed circuit vision. The driver of car 10 conceded that he did not think the driver of
car 8 was able to see him and it was noted that the closing speed differential was well
in excess of 120 km/h. The driver of car 8 received no warning from his team by radio
and stated that he had no visibility of car 10’s rapid approach. He stated had he known
car 10 was approaching he would have moved completely off the track. Instead he
turned into the corner, somewhat off the racing line but in doing so came into contact
with car 10 which was on a push lap, and was unable to avoid it due to the very high
speed differential.",,,,,,,,,,,,,,,,,,,
reviewer_b-fia-2018-aus-42abe41e49ab,reviewer_b,stratified_exclusion_sample,fia-2018-aus-42abe41e49ab,2018-aus,2018,1,Australian Grand Prix,2018-03-25T00:00:00,Stewards Decision Doc15 - K. Raikkonen,https://www.fia.com/sites/default/files/2018_australian_grand_prix_2018_decision_-_car_7_alleged_impeding_-_doc_15.pdf,,steward_decision,advertised,8e86815e5c964134a2ed65dcb656494a704d94593b1dada165ddc66ed62f1ed5,1,"From The Stewards
To The Team Manager,
Scuderia Ferrari
Document 15
Date 23 March 2018
Time 19:28
2018 AUSTRALIAN GRAND PRIX
22 - 25 March 2018
The Stewards
The Stewards, having received a report from the Race Director, summoned (documents 8 & 9) and
heard the drivers and team representatives, have considered the following matter and determine the
following:
No / Driver 7 - Kimi Raikkonen
Competitor Scuderia Ferrari
Time 16:12
Session Practice 2
Fact Alleged Impeding by car 7 on car 77 in turn 3.
Offence Alleged breach of Article 31.5 of the FIA Formula One Sporting Regulations.
Decision No Further Action
Reason The Stewards examined on-board, and other evidence of the incident, along with
telemetry and the radio communication of both drivers concerned. The Stewards heard
from Kimi Raikkonen, the driver of car 7, Valtteri Bottas, the driver of car 77 and the
team representatives.
Both drivers agreed that there was a limited sight line to the rear at turn three, and
there was a closing speed of over 100kph between Car 77 and Car 7. Raikkonen had
a very limited time to react to the car behind him. While Raikkonen clearly impeded
Bottas, and while Raikkonen was not positioned where Bottas expected him to be, the
Stewards determined that Raikkonen did make a reasonable attempt to cede the apex
of the corner and both drivers agreed that it was not unnecessary impeding. Therefore
the Stewards take no further action.
Tim Mayer Enzo Spano
Emanuele Pirro Steve Chopping",Alleged Impeding by car 7 on car 77 in turn 3.,Alleged breach of Article 31.5 of the FIA Formula One Sporting Regulations.,No Further Action,"The Stewards examined on-board, and other evidence of the incident, along with
telemetry and the radio communication of both drivers concerned. The Stewards heard
from Kimi Raikkonen, the driver of car 7, Valtteri Bottas, the driver of car 77 and the
team representatives.
Both drivers agreed that there was a limited sight line to the rear at turn three, and
there was a closing speed of over 100kph between Car 77 and Car 7. Raikkonen had
a very limited time to react to the car behind him. While Raikkonen clearly impeded
Bottas, and while Raikkonen was not positioned where Bottas expected him to be, the
Stewards determined that Raikkonen did make a reasonable attempt to cede the apex
of the corner and both drivers agreed that it was not unnecessary impeding. Therefore
the Stewards take no further action.
Tim Mayer Enzo Spano
Emanuele Pirro Steve Chopping",,,,,,,,,,,,,,,,,,,
reviewer_b-fia-2018-aze-4fbe7e105140,reviewer_b,elevated_risk,fia-2018-aze-4fbe7e105140,2018-aze,2018,4,Azerbaijan Grand Prix,2018-04-29T00:00:00,Stewards Decision Doc47 - S.Sirotkin (Correction),https://www.fia.com/sites/default/files/2018_azerbaijan_grand_prix_2018_correction_-_offence_car_35_colision_with_car_11_-_doc_47.pdf,,steward_decision,advertised,ab437f9dae8f29c83f68e6772d52efd95c9560ffd70afa12d687a36bf950adf9,1,"From The Stewards
To The Team Manager,
Williams Martini Racing
Document 47
Date 29 April 2018
Time 20:18
2018 AZERBAIJAN GRAND PRIX
26 - 29 April 2018
The Stewards
The Stewards, having received a report from the Race Director, have considered the following matter
and determine the following:
No / Driver 35 - Sergey Sirotkin
Competitor Williams Martini Racing
Time 16:14
Session Race
Fact Car 35 collided with car 11 in turn 2.
Offence Causing a collision in breach of Article 2d of Chapter IV, Appendix L of the FIA
International Sporting Code.
Decision 3 grid position penalty at the driver’s next event
(2 penalty points awarded, 2 points in total for the 12 month period)
Reason The Stewards examined video evidence. The driver of car 35 drove into the back of
car 11.
The Stewards determined that the driver of car 35 was wholly to blame for the collision.
Garry Connelly Dennis Dean
Tom Kristensen Anar Shukurov",Car 35 collided with car 11 in turn 2.,"Causing a collision in breach of Article 2d of Chapter IV, Appendix L of the FIA
International Sporting Code.","3 grid position penalty at the driver’s next event
(2 penalty points awarded, 2 points in total for the 12 month period)","The Stewards examined video evidence. The driver of car 35 drove into the back of
car 11.
The Stewards determined that the driver of car 35 was wholly to blame for the collision.
Garry Connelly Dennis Dean
Tom Kristensen Anar Shukurov",,,,,,,,,,,,,,,,,,,
reviewer_b-fia-2018-aze-bffe4d5c0c61,reviewer_b,elevated_risk|stratified_exclusion_sample,fia-2018-aze-bffe4d5c0c61,2018-aze,2018,4,Azerbaijan Grand Prix,2018-04-29T00:00:00,Stewards Decision Doc34 - S.Sirotkin,https://www.fia.com/sites/default/files/2018_azerbaijan_grand_prix_2018_offence_-_car_35_causing_a_collision_with_car_11_in_t2_-_doc_34.pdf,,steward_decision,advertised,3f53639f1c16f1f61f1231f78c64dc77595d5f4e6e00ec137569840ae57d2afd,1,"From The Stewards
To The Team Manager,
Williams Martini Racing
Document 34
Date 29 April 2018
Time 17:28
2018 AZERBAIJAN GRAND PRIX
26 - 29 April 2018
The Stewards
The Stewards, having received a report from the Race Director, have considered the following matter
and determine the following:

No / Driver 35 - Sergey Sirotkin
Competitor Williams Martini Racing
Time 16:14
Session Race
Fact Car 35 collided with car 11 in turn 2.
Offence Causing a collision in breach of Article 2d of Chapter IV, Appendix L of the FIA
International Sporting Code.
Decision 3 grid position penalty at the driver’s next event
(2 penalty points awarded, 2 points in total for the 12 month period)
Reason The Stewards examined video evidence. The driver of car 35 drove into the back of
car 11.
The Stewards determined that the driver of car 9 was wholly to blame for the collision.
Garry Connelly Dennis Dean
Tom Kristensen Anar Shukurov",Car 35 collided with car 11 in turn 2.,"Causing a collision in breach of Article 2d of Chapter IV, Appendix L of the FIA
International Sporting Code.","3 grid position penalty at the driver’s next event
(2 penalty points awarded, 2 points in total for the 12 month period)","The Stewards examined video evidence. The driver of car 35 drove into the back of
car 11.
The Stewards determined that the driver of car 9 was wholly to blame for the collision.
Garry Connelly Dennis Dean
Tom Kristensen Anar Shukurov",,,,,,,,,,,,,,,,,,,
reviewer_b-fia-2018-bel-07641be082e7,reviewer_b,stratified_exclusion_sample,fia-2018-bel-07641be082e7,2018-bel,2018,13,Belgian Grand Prix,2018-08-26T00:00:00,Offence Doc 23 - V.Bottas,https://www.fia.com/sites/default/files/doc_23_-_2018_belgian_grand_prix_-_offence_-_car_77_incident_with_car_2.pdf,,steward_decision,advertised,67c2e38a053c1e08185b1a08423e7f8d53616c18dddd4e8343e1aa34b694c008,2,"From The Stewards
To The Team Manager,
Mercedes AMG Petronas Motorsport
Document 23
Date 25 August 2018
Time 14:27
2018 BELGIAN GRAND PRIX
23 - 26 August 2018
The Stewards, having received a report from the Race Director, summoned (documents 18 & 19) and
heard the drivers and team representatives, have considered the following matter and determine the
following:
No / Driver 77 - Valtteri Bottas
Competitor Mercedes AMG Petronas Motorsport
Time 12:49
Session Practice 3
Fact Car 77 was driven in a manner that was potentially dangerous to the driver of Car 2
between turns 4 and 5.
Offence Breach of Article 27.4 of the FIA Formula One Sporting Regulations.
Decision A Reprimand is issued to the driver of Car 77 Valtteri Bottas.
(1st reprimand of the current season)
Reason The Stewards reviewed video and radio evidence, heard from the driver of car 77
(Valtteri Bottas), the driver of car 2 (Stoffel Vandoorne) and the team representatives.
The driver of car 77 conceded the incident was his fault and that he had not seen car 2
approaching, despite checking his mirrors and having heard a warning message from
his team. He believed that car 2 was further behind than it actually was.
The Stewards determined the incident was not intentional or reckless and for this
reason imposed the penalty referred to above.
Competitors are reminded that they have the right to appeal the decisions of the
Stewards (with the exception of those referred to in Article 12.2.4 of the FIA
International Sporting Code), in accordance with Article 15 of the FIA International
Sporting Code and Article 9.1.1 of the FIA Judicial and Disciplinary Rules, within the
applicable time limits.
Garry Connelly Enzo Spano
Mika Salo Yves Bacquelaine

The Stewards","Car 77 was driven in a manner that was potentially dangerous to the driver of Car 2
between turns 4 and 5.",Breach of Article 27.4 of the FIA Formula One Sporting Regulations.,"A Reprimand is issued to the driver of Car 77 Valtteri Bottas.
(1st reprimand of the current season)","The Stewards reviewed video and radio evidence, heard from the driver of car 77
(Valtteri Bottas), the driver of car 2 (Stoffel Vandoorne) and the team representatives.
The driver of car 77 conceded the incident was his fault and that he had not seen car 2
approaching, despite checking his mirrors and having heard a warning message from
his team. He believed that car 2 was further behind than it actually was.
The Stewards determined the incident was not intentional or reckless and for this
reason imposed the penalty referred to above.",,,,,,,,,,,,,,,,,,,
reviewer_b-fia-2018-can-aef282732d42,reviewer_b,stratified_exclusion_sample,fia-2018-can-aef282732d42,2018-can,2018,7,Canadian Grand Prix,2018-06-10T00:00:00,Steward Decision Doc24 - P.Gasly,https://www.fia.com/sites/default/files/2018_canadian_grand_prix_-_offence_-_car_10_power_unit_elements24.pdf,,steward_decision,advertised,26232e3a90f1b341d14196d88317a1981229318105fdae51c42b158ea51b4939,1,"From The Stewards
To The Team Manager,
Red Bull Toro Rosso Honda
Document 24
Date 10 June 2018
Time 12:51
2018 CANADIAN GRAND PRIX
7 - 10 June 2018
The Stewards
The Stewards, having received a report from the Technical Delegate (document 23), have considered
the following matter and determine the following:
No / Driver 10 - Pierre Gasly
Competitor Red Bull Toro Rosso Honda
Time 12:28
Session Qualifying
Fact A 4th Internal Combustion Engine (ICE), 4th Turbo Charger (TC), 4th Motor Generator
Unit Heat (MGU-H) and a 3rd Motor Generator Unit - Kinetic (MGU-K) have been
used.
Offence Breach of Article 23.3 (a) of the FIA Formula One Sporting Regulations.
Decision Required to start the race from the back of the starting grid.
Reason The penalty is imposed in accordance with Articles 23.3 a) and 23.3 b).
The team notified the Technical Delegate regarding the change of the power unit
elements on the 9th June, at 19:50.
Gerd Ennser Jose Abed
Emanuele Pirro Paul Cooke","A 4th Internal Combustion Engine (ICE), 4th Turbo Charger (TC), 4th Motor Generator
Unit Heat (MGU-H) and a 3rd Motor Generator Unit - Kinetic (MGU-K) have been
used.",Breach of Article 23.3 (a) of the FIA Formula One Sporting Regulations.,Required to start the race from the back of the starting grid.,"The penalty is imposed in accordance with Articles 23.3 a) and 23.3 b).
The team notified the Technical Delegate regarding the change of the power unit
elements on the 9th June, at 19:50.
Gerd Ennser Jose Abed
Emanuele Pirro Paul Cooke",,,,,,,,,,,,,,,,,,,
reviewer_b-fia-2018-esp-231d287cafcd,reviewer_b,included_multi_party,fia-2018-esp-231d287cafcd,2018-esp,2018,5,Spanish Grand Prix,2018-05-13T00:00:00,Stewards Decision Doc39 - R.Grosjean,https://www.fia.com/sites/default/files/2018_spanish_grand_prix_2018_offence_-_car_8_turn_3_incident_-_doc_39.pdf,,steward_decision,advertised,59504ed7a1ef94254a6b2abf52e6d40aeddac7325ce30094e012b7f9b8ff7555,2,"From The Stewards
To The Team Manager,
Haas F1 Team
Document 39
Date 13 May 2018
Time 18:52
2018 SPANISH GRAND PRIX
10 - 13 May 2018
The Stewards, having received a report from the Race Director, summoned (document 37) and heard
from the driver and team representative have considered the following matter and determine the
following:
No / Driver 8 - Romain Grosjean
Competitor Haas F1 Team
Time 15:13
Session Race
Fact Car 8 collided with Car 27 and Car 10
Offence Involved in an incident as defined by Art 38.1 as defined by the FIA Formula One
Sporting Regulations.
Decision 3 grid position penalty at the driver’s next event.
(2 penalty points awarded, 5 points in total for the 12 month period)
Reason The Stewards reviewed video evidence and heard from the driver of car 8, Romain
Grosjean and the team representative.
Car 8 was following Car 20 at the exit of Turn 2 when Car 20 had a momentary loss of
control. Car 8 avoided Car 20 which caused him to loose control of the car to the left
of the track at the entry to Turn 3. The driver explained to the Stewards that he felt that
his momentum was going to carry him to the center of the track, and therefore made
the decision to apply power in an attempt to cross to the right side of the track and get
out of the way of the cars behind. However, while crossing he moved into the line of
Cars 27 and Car 10, and all three cars were involved in a collision that took them out of
the race.
The driver stated to the Stewards that he made the decision to cross the track, trying
to avoid the other cars and that he felt this was his best option. The Stewards found
that while it is speculation as to where the driver’s car would have ended up had he
chosen other alternatives, it is certain that while crossing the track in front of the
following pack of cars, which he chose to do, that a collision occurred. Further, in
reviewing the video, the Stewards found that the car was following the line on the left
side of the track and was almost fully off the track, when he made the decision to cross
it.
The Stewards therefore chose to penalise the driver.


The Stewards
Tim Mayer Andrew Mallalieu
Derek Warwick David Domingo",Car 8 collided with Car 27 and Car 10,"Involved in an incident as defined by Art 38.1 as defined by the FIA Formula One
Sporting Regulations.","3 grid position penalty at the driver’s next event.
(2 penalty points awarded, 5 points in total for the 12 month period)","The Stewards reviewed video evidence and heard from the driver of car 8, Romain
Grosjean and the team representative.
Car 8 was following Car 20 at the exit of Turn 2 when Car 20 had a momentary loss of
control. Car 8 avoided Car 20 which caused him to loose control of the car to the left
of the track at the entry to Turn 3. The driver explained to the Stewards that he felt that
his momentum was going to carry him to the center of the track, and therefore made
the decision to apply power in an attempt to cross to the right side of the track and get
out of the way of the cars behind. However, while crossing he moved into the line of
Cars 27 and Car 10, and all three cars were involved in a collision that took them out of
the race.
The driver stated to the Stewards that he made the decision to cross the track, trying
to avoid the other cars and that he felt this was his best option. The Stewards found
that while it is speculation as to where the driver’s car would have ended up had he
chosen other alternatives, it is certain that while crossing the track in front of the
following pack of cars, which he chose to do, that a collision occurred. Further, in
reviewing the video, the Stewards found that the car was following the line on the left
side of the track and was almost fully off the track, when he made the decision to cross
it.
The Stewards therefore chose to penalise the driver.",,,,,,,,,,,,,,,,,,,
reviewer_b-fia-2018-esp-9212b57bfc22,reviewer_b,stratified_exclusion_sample,fia-2018-esp-9212b57bfc22,2018-esp,2018,5,Spanish Grand Prix,2018-05-13T00:00:00,Stewards Decision Doc22 - M.Ericsson,https://www.fia.com/sites/default/files/2018_spanish_grand_prix_2018_summons_-_car_9_re-joining_the_track_-_doc_22.pdf,,steward_decision,advertised,f3a5654b1fe3331103b5766fe0ac36c456417b855dac0ca2362c881aed8c669a,1,"From The Stewards
To The Team Manager,
Alfa Romeo Sauber F1 Team
Document 22
Date 12 May 2018
Time 15:24
2018 SPANISH GRAND PRIX
10 - 13 May 2018
The driver and a team representative is required to report to the Stewards at 16:30 in relation to the
incidents below.

No / Driver 9 – Marcus Ericsson

Reason Alleged breach of Alleged breach of Article 12.1.1 i. of the FIA International Sporting
Code.
Race Director’s Event Notes, item 9, any driver that who fails to negotiate turn 2 by
using the track, and who passes over one of the speed bumps across the run-off
area, must then re-join the track by driving to the left of the bollard before the entry
of turn 3.







The Stewards
Tim Mayer Andrew Mallalieu
Derek Warwick David Domingo",None,None,None,"Alleged breach of Alleged breach of Article 12.1.1 i. of the FIA International Sporting
Code.
Race Director’s Event Notes, item 9, any driver that who fails to negotiate turn 2 by
using the track, and who passes over one of the speed bumps across the run-off
area, must then re-join the track by driving to the left of the bollard before the entry
of turn 3.",,,,,,,,,,,,,,,,,,,
reviewer_b-fia-2018-esp-fc8ac7328d9c,reviewer_b,stratified_exclusion_sample,fia-2018-esp-fc8ac7328d9c,2018-esp,2018,5,Spanish Grand Prix,2018-05-13T00:00:00,Stewards Decision Doc9 - K.Magnussen,https://www.fia.com/sites/default/files/2018_spanish_grand_prix_2018_offence_-_car_20_impeding_-_doc_9.pdf,,steward_decision,advertised,d66945f5b26e5977f67e71564d3acb6445ca0f3922a6944f03d3771469610b1b,1,"From The Stewards
To The Team Manager,
Haas F1 Team
Document 9
Date 11 May 2018
Time 14:16
2018 SPANISH GRAND PRIX
10 - 13 May 2018
The Stewards
The Stewards, having received a report from the Race Director, summoned (document 7) and heard
the driver and team representative, have considered the following matter and determine the following:
No / Driver 20 - Kevin Magnussen
Competitor Haas F1 Team
Time 12:28
Session Practice 1
Fact Alleged Impeding & potentially dangerous manoeuvre by car 20.
Offence Breach of Article 27.4 and Alleged Breach of 31.5 of the FIA Formula One Sporting
Regulations.
Decision Reprimand (Driving)
This is the driver’s 1st reprimand of the current season
Reason The Stewards reviewed in-car video, track video, marshaling data and car telemetry
regarding the incident at 12:28 during FP1 between Car 20 and Car 16, and heard
from the driver and team representative of Car 20. The driver explained that he had
received a yellow flag at Turn 10 and had aborted his lap. He was unaware that the flag
had cleared and that the driver of Car 16 who was immediately behind him had not
aborted his lap as he had not been in the sector when it was yellow. The Stewards
accepted this explanation and found that there was not a case of Unnecessarily
Impeding, and therefore not a breach of Art 31.5.
However, the Stewards reviewed the maneuver of Car 20 at the entry to Turn 1, where
the driver of Car 20 moved to the right in front of Car 16 which was overtaking at the
time. While the cars avoided a collision, the Stewards deemed the maneuver to be
potentially dangerous and unnecessary, and therefore a breach of Art. 27.4
Tim Mayer Andrew Mallalieu
Derek Warwick David Domingo",Alleged Impeding & potentially dangerous manoeuvre by car 20.,"Breach of Article 27.4 and Alleged Breach of 31.5 of the FIA Formula One Sporting
Regulations.","Reprimand (Driving)
This is the driver’s 1st reprimand of the current season","The Stewards reviewed in-car video, track video, marshaling data and car telemetry
regarding the incident at 12:28 during FP1 between Car 20 and Car 16, and heard
from the driver and team representative of Car 20. The driver explained that he had
received a yellow flag at Turn 10 and had aborted his lap. He was unaware that the flag
had cleared and that the driver of Car 16 who was immediately behind him had not
aborted his lap as he had not been in the sector when it was yellow. The Stewards
accepted this explanation and found that there was not a case of Unnecessarily
Impeding, and therefore not a breach of Art 31.5.
However, the Stewards reviewed the maneuver of Car 20 at the entry to Turn 1, where
the driver of Car 20 moved to the right in front of Car 16 which was overtaking at the
time. While the cars avoided a collision, the Stewards deemed the maneuver to be
potentially dangerous and unnecessary, and therefore a breach of Art. 27.4
Tim Mayer Andrew Mallalieu
Derek Warwick David Domingo",,,,,,,,,,,,,,,,,,,
reviewer_b-fia-2018-gbr-5758f7f0fc43,reviewer_b,stratified_exclusion_sample,fia-2018-gbr-5758f7f0fc43,2018-gbr,2018,10,British Grand Prix,2018-07-08T00:00:00,Stewards Decision Doc51- P.Gasly,https://www.fia.com/sites/default/files/doc_51_-_2018_british_grand_prix_-_summons_-_car_10_alleged_casuing_a_collision_with_car_11.pdf,,steward_decision,advertised,a611439932ce2ab01c3607f27cd37516cf4788415b703fe7a6bcb269299af1db,1,"From The Stewards
To The Team Manager,
Red Bull Toro Rosso Honda
Document 51
Date 08 July 2018
Time 16:16
2018 BRITISH GRAND PRIX
5 - 8 July 2018
The driver and team representative are required to report to the Stewards at 17:30 in relation to the
incident below.

No / Driver 10 – Pierre Gasly

Reason Alleged causing a collision by car 10 on car 11 in turn 17 at 15:38.










The Stewards
Tim Mayer Mumtaz Tahincioglu
Tom Kristensen Steve Stringwell",None,None,None,Alleged causing a collision by car 10 on car 11 in turn 17 at 15:38.,,,,,,,,,,,,,,,,,,,
reviewer_b-fia-2018-hun-e21195b6441a,reviewer_b,stratified_exclusion_sample,fia-2018-hun-e21195b6441a,2018-hun,2018,12,Hungarian Grand Prix,2018-07-29T00:00:00,Stewards Decision Doc12- N.Hülkenberg,https://www.fia.com/sites/default/files/doc_12_-_2018_hungarian_grand_prix_-_summons_-_renault_incorrect_use_of_tyres.pdf,,steward_decision,advertised,b26f95445b0e8ffbd9b26b0859f9eaba43fe8834e8917d8465c3365dbba268ee,1,"From The Stewards
To The Team Manager,
Renault Sport Formula One Team
Document 12
Date 27 July 2018
Time 17:21
2018 HUNGARIAN GRAND PRIX
26 - 29 July
The team representative is required to report to the Stewards at 18:30 in relation to the incident
below.

No / Driver 27 – Nico Hulkenberg

Reason Alleged breach of Article 24.2 a) and 24.4 g iv), incorrect use of tyres.






The Stewards
Tim Mayer Enzo Spano
Derek Warwick Lajos Herczeg",None,None,None,"Alleged breach of Article 24.2 a) and 24.4 g iv), incorrect use of tyres.",,,,,,,,,,,,,,,,,,,
reviewer_b-fia-2018-ita-7e42c7ed9631,reviewer_b,stratified_exclusion_sample,fia-2018-ita-7e42c7ed9631,2018-ita,2018,14,Italian Grand Prix,2018-09-02T00:00:00,Stewards Decision Doc8 - D. Ricciardo,https://www.fia.com/sites/default/files/doc_8_-_2018_italian_grand_prix_-_offence_-_car_3_pu_elements_1.pdf,,steward_decision,advertised,0f765e076dc9b8fd51a4b7263f3465b10cf7590ac20a06d5fd93f79ff504b231,1,"From The Stewards
To The Team Manager,
Aston Martin Red Bull Racing
Document 8
Date 31 August 2018
Time 11:42
2018 ITALIAN GRAND PRIX
30 August - 02 September 2018
The Stewards
The Stewards, having received a report from the Technical Delegate (document 7), have considered
the following matter and determine the following:
No / Driver 3 - Daniel Ricciardo
Competitor Aston Martin Red Bull Racing
Time 11:00
Session Practice 1
Fact A 4th Internal Combustion Engine (ICE), 4th Turbo Charger (TC), 4th Motor Generator
Unit Heat (MGU-H), 4th Motor Generator Unit - Kinetic (MGU-K), 4th Energy Store
and 4th Control Electronics have been used.
Offence Breach of Article 23.3 (a) of the FIA Formula One Sporting Regulations.
Decision Required to start the race from the back of the starting grid.
Reason The penalty is imposed in accordance with Article 23.3 b).
Competitors are reminded that they have the right to appeal the decisions of the
Stewards (with the exception of those referred to in Article 12.2.4 of the FIA
International Sporting Code), in accordance with Article 15 of the FIA International
Sporting Code and Article 9.1.1 of the FIA Judicial and Disciplinary Rules, within the
applicable time limits.
Tim Mayer Gerd Ennser
Danny Sullivan Paolo Longoni","A 4th Internal Combustion Engine (ICE), 4th Turbo Charger (TC), 4th Motor Generator
Unit Heat (MGU-H), 4th Motor Generator Unit - Kinetic (MGU-K), 4th Energy Store
and 4th Control Electronics have been used.",Breach of Article 23.3 (a) of the FIA Formula One Sporting Regulations.,Required to start the race from the back of the starting grid.,The penalty is imposed in accordance with Article 23.3 b).,,,,,,,,,,,,,,,,,,,
reviewer_b-fia-2018-mex-e9ace9e4266a,reviewer_b,stratified_exclusion_sample,fia-2018-mex-e9ace9e4266a,2018-mex,2018,19,Mexican Grand Prix,2018-10-28T00:00:00,Offence Doc38 - Williams,https://www.fia.com/sites/default/files/doc_38_-_2018_mexican_grand_prix_-_offence_-_car_18_unsafe_release_from_a_pit_stop.pdf,,steward_decision,advertised,8fc603ebae519796079582293c065edd24b5081e8c296943698025560530b7fb,2,"From The Stewards
To The Team Manager,
Williams Martini Racing
Document 38
Date 28 October 2018
Time 16:24
2018 MEXICAN GRAND PRIX
25 - 28 October 2018
The Stewards, having received a report from the Race Director, summoned (document 34) and heard
the team representative, have considered the following matter and determine the following:
No / Driver 18 - Lance Stroll
Competitor Williams Martini Racing
Time 13:46
Session Race
Fact Car 18 was released unsafely from a pit stop.
Offence Breach of Article 28.13 a) of the FIA Formula One Sporting Regulations.
Decision The Competitor (Williams Martini Racing) is fined €25,000.
Reason The Stewards reviewed the video evidence of the pit stop of Car 18 (Stroll) at 13:46
and heard from the team representative. The Stewards determined that the car was
released unsafely in breach of Art. 28.13 a). The team released the car in a manner
endangering team personnel.
The Stewards determined that the entire pit stop sequence was complete and that the
mechanic being struck was as a result of a minor mis-coordination at the conclusion of
the pit stop sequence. Nevertheless, while the contact did not result in injury, the
Stewards found that it is the obligation of the team to ensure that all personnel are
clear of the car before it is released.
In determining the penalty, the Stewards reviewed the incident in Bahrain 2018. In that
case the sequence on the left rear tyre was significantly delayed and not at all
completed prior to the car being released, resulting in serious injury to a team member.
Competitors are reminded that they have the right to appeal the decisions of the
Stewards (with the exception of those referred to in Article 12.2.4 of the FIA
International Sporting Code), in accordance with Article 15 of the FIA International
Sporting Code and Article 9.1.1 of the FIA Judicial and Disciplinary Rules, within the
applicable time limits.



The Stewards
Gerd Ennser Tim Mayer
Mika Salo Jorge Rodriguez",Car 18 was released unsafely from a pit stop.,Breach of Article 28.13 a) of the FIA Formula One Sporting Regulations.,"The Competitor (Williams Martini Racing) is fined €25,000.","The Stewards reviewed the video evidence of the pit stop of Car 18 (Stroll) at 13:46
and heard from the team representative. The Stewards determined that the car was
released unsafely in breach of Art. 28.13 a). The team released the car in a manner
endangering team personnel.
The Stewards determined that the entire pit stop sequence was complete and that the
mechanic being struck was as a result of a minor mis-coordination at the conclusion of
the pit stop sequence. Nevertheless, while the contact did not result in injury, the
Stewards found that it is the obligation of the team to ensure that all personnel are
clear of the car before it is released.
In determining the penalty, the Stewards reviewed the incident in Bahrain 2018. In that
case the sequence on the left rear tyre was significantly delayed and not at all
completed prior to the car being released, resulting in serious injury to a team member.",,,,,,,,,,,,,,,,,,,
reviewer_b-fia-2018-rus-40b83430195c,reviewer_b,elevated_risk|stratified_exclusion_sample,fia-2018-rus-40b83430195c,2018-rus,2018,16,Russian Grand Prix,2018-09-30T00:00:00,Stewards Decision Doc12 - A. Markelov,https://www.fia.com/sites/default/files/doc_12_-_2018_russian_grand_prix_-_offence_-_car_46_pit_lane_speeding.pdf,,steward_decision,advertised,d51dd54d816af7693b5cfc8d6cc691031ef5a88fb28f27527fe46bcb81297d62,1,"From The Stewards
To The Team Manager,
Renault Sport Formula One Team
Document 12
Date 28 September 2018
Time 12:29
2018 RUSSIAN GRAND PRIX
27 - 30 September 2018
The Stewards, having received a report from the Race Director, have considered the following
matter and determine the following:

No / Driver 46 – Artem Markelov

Competitor Renault Sport Formula One Team

Time 11:52

Session Practice 1

Facts Pit Lane Speeding – 61.5 km/h.

Offence Breach of Article 22.10 of the FIA Formula One Sporting Regulations.

Decision The competitor (Renault Sport Formula One Team) is fined €200.

Reason Car 46 exceeded the pit lane speed limit which is set at 60 km/h for this Event by
1.5 km/h.

Competitors are reminded that they have the right to appeal the decisions of the
Stewards (with the exception of those referred to in Article 12.2.4 of the FIA
International Sporting Code), in accordance with Article 15 of the FIA
International Sporting Code and Article 9.1.1 of the FIA Judicial and Disciplinary
Rules, within the applicable time limits.
The Stewards
Garry Connelly Dennis Dean
Emanuele Pirro Vasiliy Skryl",None,Breach of Article 22.10 of the FIA Formula One Sporting Regulations.,The competitor (Renault Sport Formula One Team) is fined €200.,"Car 46 exceeded the pit lane speed limit which is set at 60 km/h for this Event by
1.5 km/h.",,,,,,,,,,,,,,,,,,,
reviewer_b-fia-2018-sgp-22331fd49c4e,reviewer_b,stratified_exclusion_sample,fia-2018-sgp-22331fd49c4e,2018-sgp,2018,15,Singapore Grand Prix,2018-09-16T00:00:00,Stewards Decision Doc12 - K. Raikkonen,https://www.fia.com/sites/default/files/doc_12_-_2018_singapore_grand_prix_-_offence_-_car_7_pit_lane_speeding.pdf,,steward_decision,advertised,e0782d1665b18a530df1bbaaa4bd15bbbe96b982072985a06d9f100aa2f8af90,1,"From The Stewards
To The Team Manager,
Scuderia Ferrari
Document 12
Date 14 September 2018
Time 20:52
2018 SINGAPORE GRAND PRIX
13 - 16 September 2018
The Stewards
The Stewards, having received a report from the Race Director, have considered the following matter
and determine the following:
No / Driver 7 - Kimi Raikkonen
Competitor Scuderia Ferrari
Time 20:33
Session Practice 2
Fact Pit Lane Speeding - 73.1 km/h.
Offence Breach of Article 22.10 of the FIA Formula One Sporting Regulations.
Decision The competitor (Scuderia Ferrari) is fined €1000.
Reason Car 7 exceeded the pit lane speed limit which is set at 60km/h for this Event by 13.1
km/h.

Competitors are reminded that they have the right to appeal the decisions of the
Stewards (with the exception of those referred to in Article 12.2.4 of the FIA
International Sporting Code), in accordance with Article 15 of the FIA International
Sporting Code and Article 9.1.1 of the FIA Judicial and Disciplinary Rules, within the
applicable time limits.
Gerd Ennser Steve Chopping
Derek Warwick Nish Shetty",Pit Lane Speeding - 73.1 km/h.,Breach of Article 22.10 of the FIA Formula One Sporting Regulations.,The competitor (Scuderia Ferrari) is fined €1000.,"Car 7 exceeded the pit lane speed limit which is set at 60km/h for this Event by 13.1
km/h.",,,,,,,,,,,,,,,,,,,
reviewer_b-fia-2019-abu-6fa2006891cf,reviewer_b,stratified_exclusion_sample,fia-2019-abu-6fa2006891cf,2019-abu,2019,21,Abu Dhabi Grand Prix,2019-12-01T00:00:00,Offence - Car 77 (incident with car 8 in turn 11),https://www.fia.com/sites/default/files/decision-document/2019%20Abu%20Dhabi%20Grand%20Prix%20-%20Offence%20-%20Car%2077%20(incident%20with%20car%208%20in%20turn%2011).pdf,2019-11-29T07:35:00-08:00,steward_decision,advertised,f2ec021be5c73f9ad82a74398dc84459718f8d2a128483aaac0d079ddcf26d99,1,"From The Stewards
To The Team Manager,
Mercedes AMG Petronas Motorsport
Document 12
Date 29 November 2019
Time 19:33
2019 ABU DHABI GRAND PRIX
28 November - 1 December 2019
The Stewards
The Stewards, having received a report from the Race Director, summoned (documents 9 & 10) and
heard from the drivers and team representatives, have considered the following matter and determine
the following:
No / Driver 77 - Valtteri Bottas
Competitor Mercedes AMG Petronas Motorsport
Time 18:09
Session Practice 2
Fact Incident between car 77 and car 8 in turn 11.
Offence Breach of Appendix L, Chapter IV Article 2 of the FIA International Sporting Code.
Decision Reprimand - Driving
(This is the driver’s 1st reprimand of the season)
Reason The Stewards reviewed video evidence and heard from the driver of car 77 (Valtteri
Bottas), the driver of car 8 (Romain Grosjean) and the team representatives. Valtteri
accepted responsibility for the collision and acknowledged that it was a failed attempt
at an overtake which resulted in the collision.
Competitors are reminded that they have the right to appeal certain decisions of the
Stewards, in accordance with Article 15 of the FIA International Sporting Code and
Article 9.1.1 of the FIA Judicial and Disciplinary Rules, within the applicable time limits.
Nish Shetty Dennis Dean
Derek Warwick Mahir Al Badri",Incident between car 77 and car 8 in turn 11.,"Breach of Appendix L, Chapter IV Article 2 of the FIA International Sporting Code.","Reprimand - Driving
(This is the driver’s 1st reprimand of the season)","The Stewards reviewed video evidence and heard from the driver of car 77 (Valtteri
Bottas), the driver of car 8 (Romain Grosjean) and the team representatives. Valtteri
accepted responsibility for the collision and acknowledged that it was a failed attempt
at an overtake which resulted in the collision.",,,,,,,,,,,,,,,,,,,
reviewer_b-fia-2019-abu-e51e1f967eb3,reviewer_b,stratified_exclusion_sample,fia-2019-abu-e51e1f967eb3,2019-abu,2019,21,Abu Dhabi Grand Prix,2019-12-01T00:00:00,Decision - Car 27 (incident with car 23 in turn 17),https://www.fia.com/sites/default/files/decision-document/2019%20Abu%20Dhabi%20Grand%20Prix%20-%20Decision%20-%20Car%2027%20(incident%20with%20car%2023%20in%20turn%2017).pdf,2019-11-30T03:58:00-08:00,steward_decision,advertised,dc61d4a9f51b6412913fc06997a3e3b20b254864fd9fb7542390d189da64707e,2,"From The Stewards
To The Team Manager,
Renault F1 Team
Document 24
Date 30 November 2019
Time 15:56
2019 ABU DHABI GRAND PRIX
28 November - 1 December 2019
The Stewards, having received a report from the Race Director, summoned (documents 20 & 21) and
heard from the drivers and team representatives, have considered the following matter and determine
the following:
No / Driver 27 - Nico Hulkenberg
Competitor Renault F1 Team
Time 14:25
Session Practice 3
Fact Alleged Impeding of car 23 in turn 17.
Offence Alleged breach of Article 31.5 of the FIA Formula One Sporting Regulations.
Decision No Further Action.
Reason The Stewards reviewed video evidence, heard from the drivers of Car 27 (Nico
Hulkenberg) and Car 23 (Alexander Albon) and the team representatives. The
Stewards found that Albon had been impeded by Hulkenberg at turn 17. Hulkenberg
was asked by his team to slow down and build a gap and was informed about the two
Mercedes cars being behind him. He was not, however, informed about Albon
approaching on a fast lap. So, he approached turn 17 on the racing line but at a slow
pace resulting in a situation where Albon had to take evasive action by turning into the
runoff area.
The Renault team should clearly have taken steps to make Hulkenberg aware of
Albon’s rapid approach and failed to do so. But for the runoff area, the situation could
potentially have posed a danger to one or both cars (and drivers). Having said that, the
presence of the two Mercedes cars in between Hulkenberg and Albon certainly
contributed to the incident. We therefore decided not to take any further action.
Competitors are reminded that they have the right to appeal certain decisions of the
Stewards, in accordance with Article 15 of the FIA International Sporting Code and
Article 9.1.1 of the FIA Judicial and Disciplinary Rules, within the applicable time limits.
Nish Shetty Dennis Dean
Derek Warwick Mahir Al Badri

The Stewards",Alleged Impeding of car 23 in turn 17.,Alleged breach of Article 31.5 of the FIA Formula One Sporting Regulations.,No Further Action.,"The Stewards reviewed video evidence, heard from the drivers of Car 27 (Nico
Hulkenberg) and Car 23 (Alexander Albon) and the team representatives. The
Stewards found that Albon had been impeded by Hulkenberg at turn 17. Hulkenberg
was asked by his team to slow down and build a gap and was informed about the two
Mercedes cars being behind him. He was not, however, informed about Albon
approaching on a fast lap. So, he approached turn 17 on the racing line but at a slow
pace resulting in a situation where Albon had to take evasive action by turning into the
runoff area.
The Renault team should clearly have taken steps to make Hulkenberg aware of
Albon’s rapid approach and failed to do so. But for the runoff area, the situation could
potentially have posed a danger to one or both cars (and drivers). Having said that, the
presence of the two Mercedes cars in between Hulkenberg and Albon certainly
contributed to the incident. We therefore decided not to take any further action.",,,,,,,,,,,,,,,,,,,
reviewer_b-fia-2019-aus-b66fd86b0a26,reviewer_b,stratified_exclusion_sample,fia-2019-aus-b66fd86b0a26,2019-aus,2019,1,Australian Grand Prix,2019-03-17T00:00:00,Offence - Car 20 (unsafe release),https://www.fia.com/sites/default/files/decision-document/2019%20Australian%20Grand%20Prix%20-%20Offence%20-%20Car%2020%20(unsafe%20release).pdf,2019-03-16T02:06:00-07:00,steward_decision,advertised,af6585acf7a900c4896e1efdb20313dbf1d9b39b8079bd750aaa16a40fdf22a6,1,"From The Stewards
To The Team Manager,
Rich Energy Haas F1 Team
Document 20
Date 16 March 2019
Time 20:03
2019 AUSTRALIAN GRAND PRIX
14 - 17 March 2019
The Stewards
The Stewards, having received a report from the Race Director, summoned (document 17) and heard
from the drivers and team representatives of Rich Energy Haas F1 Team and SportPesa Racing
Point F1 Team, have considered the following matter and determine the following:
No / Driver 20 - Kevin Magnussen
Competitor Rich Energy Haas F1 Team
Time 17:15
Session Qualifying
Fact Unsafe release of car 20 from the garage at 17:15.
Offence Breach of Article 28.13 (a) of the FIA Formula One Sporting Regulations.
Decision The competitor (Rich Energy Haas F1 Team) is fined €5000.
Reason The Stewards reviewed video evidence, heard from the drivers of Car 20 (Kevin
Magnussen) and Car 11 (Sergio Perez) and the team representatives.
Car 20 was released from the garage in an unsafe manner resulting in Car 11 (Sergio
Perez) having to take evasive action.
Competitors are reminded of their right to appeal in accordance with Article 15 of the
FIA International Sporting Code.
Nish Shetty Dennis Dean
Danny Sullivan Steve Chopping",Unsafe release of car 20 from the garage at 17:15.,Breach of Article 28.13 (a) of the FIA Formula One Sporting Regulations.,The competitor (Rich Energy Haas F1 Team) is fined €5000.,"The Stewards reviewed video evidence, heard from the drivers of Car 20 (Kevin
Magnussen) and Car 11 (Sergio Perez) and the team representatives.
Car 20 was released from the garage in an unsafe manner resulting in Car 11 (Sergio
Perez) having to take evasive action.",,,,,,,,,,,,,,,,,,,
reviewer_b-fia-2019-aut-529bae08f480,reviewer_b,published_case_study,fia-2019-aut-529bae08f480,2019-aut,2019,9,Austrian Grand Prix,2019-06-30T00:00:00,Decision - Car 33 (Turn 3 incident with car 16),https://www.fia.com/sites/default/files/decision-document/2019%20Austrian%20Grand%20Prix%20-%20Decision%20-%20Car%2033%20(Turn%203%20incident%20with%20car%2016).pdf,2019-06-30T12:16:00-07:00,steward_decision,advertised,93361ca7e6f81ad9379160ff83f1352ef79006d4a913791b3dce368dfc50c039,2,"From The Stewards
To The Team Manager,
Aston Martin Red Bull Racing
Document 50
Date 30 June 2019
Time 19:46
2019 AUSTRIAN GRAND PRIX
27 - 30 June 2019
The Stewards, having received a report from the Race Director, summoned (documents 46 & 47) and
heard from the drivers and team representatives, have considered the following matter and determine
the following:
No / Driver 33 - Max Verstappen
Competitor Aston Martin Red Bull Racing
Time 16:31
Session Race
Fact Alleged incident between car 33 and car 16 at Turn 3.
Offence Alleged incident as defined by Article 38.1 of the FIA Formula One Sporting
Regulations and alleged Breach of Appendix L, Chapter IV Article 2 of the FIA
International Sporting Code.
Decision No further action.
Reason The Stewards reviewed video evidence, heard from the driver of car 33 (Max
Verstappen), the driver of car 16 (Charles Leclerc) and team representatives and
determined the following.
Car 33 sought to overtake car 16 at Turn 3 on lap 69 by out-braking car 16. When
doing so, car 33 was alongside car 16 on the entry of the corner and was in full control
of the car while attempting the overtaking move on the inside of car 16.
However, both car 33 and car 16 proceeded to negotiate the corner alongside each
other but there was clearly insufficient space for both cars to do so. Shortly after the
late apex, while exiting the corner, there was contact between the two cars. In the
totality of the circumstances, we did not consider that either driver was wholly or
predominantly to blame for the incident. We consider that this is a racing incident.
Competitors are reminded that they have the right to appeal certain decisions of the
Stewards, in accordance with Article 15 of the FIA International Sporting Code and
Article 9.1.1 of the FIA Judicial and Disciplinary Rules, within the applicable time limits.
Nish Shetty Silvia Bellot
Tom Kristensen Walter Jobst

The Stewards",Alleged incident between car 33 and car 16 at Turn 3.,"Alleged incident as defined by Article 38.1 of the FIA Formula One Sporting
Regulations and alleged Breach of Appendix L, Chapter IV Article 2 of the FIA
International Sporting Code.",No further action.,"The Stewards reviewed video evidence, heard from the driver of car 33 (Max
Verstappen), the driver of car 16 (Charles Leclerc) and team representatives and
determined the following.
Car 33 sought to overtake car 16 at Turn 3 on lap 69 by out-braking car 16. When
doing so, car 33 was alongside car 16 on the entry of the corner and was in full control
of the car while attempting the overtaking move on the inside of car 16.
However, both car 33 and car 16 proceeded to negotiate the corner alongside each
other but there was clearly insufficient space for both cars to do so. Shortly after the
late apex, while exiting the corner, there was contact between the two cars. In the
totality of the circumstances, we did not consider that either driver was wholly or
predominantly to blame for the incident. We consider that this is a racing incident.",,,,,,,,,,,,,,,,,,,
reviewer_b-fia-2019-aut-6fc8289ac5bd,reviewer_b,published_case_study,fia-2019-aut-6fc8289ac5bd,2019-aut,2019,9,Austrian Grand Prix,2019-06-30T00:00:00,Offence - Car 44 (Impeding car 7 in turn 3),https://www.fia.com/sites/default/files/decision-document/2019%20Austrian%20Grand%20Prix%20-%20Offence%20-%20Car%2044%20(Impeding%20car%207%20in%20turn%203).pdf,2019-06-29T09:59:00-07:00,steward_decision,advertised,6e6b014fdf7e2ce312a2216907f9099cfea0539629ecf4acfab99e0f0b896011,1,"From The Stewards
To The Team Manager,
Mercedes AMG Petronas Motorsport
Document 30
Date 29 June 2019
Time 17:58
2019 AUSTRIAN GRAND PRIX
27 - 30 June 2019
The Stewards
The Stewards, having received a report from the Race Director, summoned (documents 26 and 27)
and heard from the drivers and team representatives, have considered the following matter and
determine the following:
No / Driver 44 - Lewis Hamilton
Competitor Mercedes AMG Petronas Motorsport
Time 15:04
Session Qualifying
Fact Impeding by car 44 on car 7 at turn 3.
Offence Breach of Article 31.5 of the FIA Formula One Sporting Regulations.
Decision A drop of 3 grid positions in accordance with Article 31.4 of the Formula One Sporting
Regulations.
(1 penalty point awarded, 1 points in total for the 12 month period).
Reason The Stewards reviewed video evidence and heard from the driver of car 7 (Kimi
Raikkonen) and the driver of car 44 (Lewis Hamilton) and the team representatives
and determined that car 44 unnecessarily impeded car 7 at turn 3.
Car 44 had just come out of the pits and was informed of the cars approaching,
including car 7. Although car 44 tried to take evasive action when he became aware of
car 7 approaching on a fast lap, it was not sufficient to avoid impeding car 7, which had
to then abort the lap.
Competitors are reminded that they have the right to appeal certain decisions of the
Stewards, in accordance with Article 15 of the FIA International Sporting Code and
Article 9.1.1 of the FIA Judicial and Disciplinary Rules, within the applicable time limits.
Nish Shetty Silvia Bellot
Tom Kristensen Walter Jobst",Impeding by car 44 on car 7 at turn 3.,Breach of Article 31.5 of the FIA Formula One Sporting Regulations.,"A drop of 3 grid positions in accordance with Article 31.4 of the Formula One Sporting
Regulations.
(1 penalty point awarded, 1 points in total for the 12 month period).","The Stewards reviewed video evidence and heard from the driver of car 7 (Kimi
Raikkonen) and the driver of car 44 (Lewis Hamilton) and the team representatives
and determined that car 44 unnecessarily impeded car 7 at turn 3.
Car 44 had just come out of the pits and was informed of the cars approaching,
including car 7. Although car 44 tried to take evasive action when he became aware of
car 7 approaching on a fast lap, it was not sufficient to avoid impeding car 7, which had
to then abort the lap.",,,,,,,,,,,,,,,,,,,
reviewer_b-fia-2019-aut-f72473f385f5,reviewer_b,published_case_study,fia-2019-aut-f72473f385f5,2019-aut,2019,9,Austrian Grand Prix,2019-06-30T00:00:00,Offence - Car 63 (Impeding car 26 in turn 9),https://www.fia.com/sites/default/files/decision-document/2019%20Austrian%20Grand%20Prix%20-%20Offence%20-%20Car%2063%20(Impeding%20car%2026%20in%20turn%209).pdf,2019-06-29T09:08:00-07:00,steward_decision,advertised,d582cefe7d6a92d7185b04e6cd3d78217a41610cb26716ce79e9ae4222e053f8,1,"From The Stewards
To The Team Manager,
ROKiT Williams Racing
Document 29
Date 29 June 2019
Time 17:07
2019 AUSTRIAN GRAND PRIX
27 - 30 June 2019
The Stewards
The Stewards, having received a report from the Race Director, summoned (documents 24 and 25)
and heard from the drivers and team representatives, have considered the following matter and
determine the following:
No / Driver 63 - George Russell
Competitor ROKiT Williams Racing
Time 15:17
Session Qualifying
Fact Car 63 unnecessarily impeded car 26 at turn 9.
Offence Breach of Article 31.5 of the FIA Formula One Sporting Regulations.
Decision A drop of 3 grid positions in accordance with Article 31.4 of the Formula One Sporting
Regulations.
(1 penalty point awarded, 1 points in total for the 12 month period).
Reason The Stewards reviewed video evidence and heard from the driver of car 26 (Daniil
Kvyat) and the driver of car 63 (George Russell) and the team representatives and
determined that car 63 unnecessarily impeded car 26 after the apex of Turn 9.
The Stewards noted that car 63 was not given the requisite warning by the team in a
timely fashion about car 26 approaching on a fast lap.
Furthermore, the situation was compounded by car 23 overtaking car 63 during a slow
lap, just before the incident in question.
Competitors are reminded that they have the right to appeal certain decisions of the
Stewards, in accordance with Article 15 of the FIA International Sporting Code and
Article 9.1.1 of the FIA Judicial and Disciplinary Rules, within the applicable time limits.
Nish Shetty Silvia Bellot
Tom Kristensen Walter Jobst",Car 63 unnecessarily impeded car 26 at turn 9.,Breach of Article 31.5 of the FIA Formula One Sporting Regulations.,"A drop of 3 grid positions in accordance with Article 31.4 of the Formula One Sporting
Regulations.
(1 penalty point awarded, 1 points in total for the 12 month period).","The Stewards reviewed video evidence and heard from the driver of car 26 (Daniil
Kvyat) and the driver of car 63 (George Russell) and the team representatives and
determined that car 63 unnecessarily impeded car 26 after the apex of Turn 9.
The Stewards noted that car 63 was not given the requisite warning by the team in a
timely fashion about car 26 approaching on a fast lap.
Furthermore, the situation was compounded by car 23 overtaking car 63 during a slow
lap, just before the incident in question.",,,,,,,,,,,,,,,,,,,
reviewer_b-fia-2019-aut-f8011f674d7f,reviewer_b,published_case_study,fia-2019-aut-f8011f674d7f,2019-aut,2019,9,Austrian Grand Prix,2019-06-30T00:00:00,Decision - Car 16 (Incident with car 33 in turn 3),https://www.fia.com/sites/default/files/decision-document/2019%20Austrian%20Grand%20Prix%20-%20Decision%20-%20Car%2016%20(Incident%20with%20car%2033%20in%20turn%203).pdf,2019-06-30T12:16:00-07:00,steward_decision,advertised,7920822ec070dbad179f94ef6d0d98b2a010bb84c1d7d206fc3b89aeca5559f7,2,"From The Stewards
To The Team Manager,
Scuderia Ferrari
Document 49
Date 30 June 2019
Time 19:46
2019 AUSTRIAN GRAND PRIX
27 - 30 June 2019
The Stewards, having received a report from the Race Director, summoned (documents 46 & 47) and
heard from the drivers and team representatives, have considered the following matter and determine
the following:
No / Driver 16 - Charles Leclerc
Competitor Scuderia Ferrari
Time 16:31
Session Race
Fact Alleged incident between car 33 and car 16 at Turn 3.
Offence Alleged incident as defined by Article 38.1 of the FIA Formula One Sporting
Regulations and alleged Breach of Appendix L, Chapter IV Article 2 of the FIA
International Sporting Code.
Decision No further action.
Reason The Stewards reviewed video evidence, heard from the driver of car 33 (Max
Verstappen), the driver of car 16 (Charles Leclerc) and team representatives and
determined the following.
Car 33 sought to overtake car 16 at Turn 3 on lap 69 by out-braking car 16. When
doing so, car 33 was alongside car 16 on the entry of the corner and was in full control
of the car while attempting the overtaking move on the inside of car 16.
However, both car 33 and car 16 proceeded to negotiate the corner alongside each
other but there was clearly insufficient space for both cars to do so. Shortly after the
late apex, while exiting the corner, there was contact between the two cars. In the
totality of the circumstances, we did not consider that either driver was wholly or
predominantly to blame for the incident. We consider that this is a racing incident.
Competitors are reminded that they have the right to appeal certain decisions of the
Stewards, in accordance with Article 15 of the FIA International Sporting Code and
Article 9.1.1 of the FIA Judicial and Disciplinary Rules, within the applicable time limits.
Nish Shetty Silvia Bellot
Tom Kristensen Walter Jobst

The Stewards",Alleged incident between car 33 and car 16 at Turn 3.,"Alleged incident as defined by Article 38.1 of the FIA Formula One Sporting
Regulations and alleged Breach of Appendix L, Chapter IV Article 2 of the FIA
International Sporting Code.",No further action.,"The Stewards reviewed video evidence, heard from the driver of car 33 (Max
Verstappen), the driver of car 16 (Charles Leclerc) and team representatives and
determined the following.
Car 33 sought to overtake car 16 at Turn 3 on lap 69 by out-braking car 16. When
doing so, car 33 was alongside car 16 on the entry of the corner and was in full control
of the car while attempting the overtaking move on the inside of car 16.
However, both car 33 and car 16 proceeded to negotiate the corner alongside each
other but there was clearly insufficient space for both cars to do so. Shortly after the
late apex, while exiting the corner, there was contact between the two cars. In the
totality of the circumstances, we did not consider that either driver was wholly or
predominantly to blame for the incident. We consider that this is a racing incident.",,,,,,,,,,,,,,,,,,,
reviewer_b-fia-2019-aze-47bf3859de6d,reviewer_b,elevated_risk|stratified_exclusion_sample,fia-2019-aze-47bf3859de6d,2019-aze,2019,4,Azerbaijan Grand Prix,2019-04-28T00:00:00,Decision - Car 10,https://www.fia.com/sites/default/files/decision-document/2019%20Azerbaijan%20Grand%20Prix%20-%20Decision%20-%20Car%2010.pdf,2019-04-28T03:19:00-07:00,steward_decision,advertised,afb0feac083de1d593ec1ef2c205548b4a2d41e9002b3ab4de5c4441181b38f9,1,"From The Stewards
To The Team Manager,
Aston Martin Red Bull Racing
Document 32
Date 28 April 2019
Time 13:00
2019 AZERBAIJAN GRAND PRIX
25 - 28 April 2019
The Stewards have received a request from Aston Martin Red Bull Racing to allow car 10 to start the
race despite being disqualified from the results of qualifying (document 28).
In accordance with Article 35.1 of the FIA Formula One Sporting Regulations, the Stewards grant
permission for car 10, Pierre Gasly, to start the race, as the driver has set satisfactory times in
practice at this Event.
As the driver has not set a valid time for qualifying he will be required to start from the pit lane, behind
any other car that has set a time during qualifying.








The Stewards
Nish Shetty Gerd Ennser
Mika Salo Anar Shukurov",None,None,None,None,,,,,,,,,,,,,,,,,,,
reviewer_b-fia-2019-bhr-dd48415f903e,reviewer_b,elevated_risk,fia-2019-bhr-dd48415f903e,2019-bhr,2019,2,Bahrain Grand Prix,2019-03-31T00:00:00,Offence - Car 8 (Impeding Car 4 in turn 14),https://www.fia.com/sites/default/files/decision-document/2019%20Bahrain%20Grand%20Prix%20-%20Offence%20-%20Car%208%20(Impeding%20Car%204%20in%20turn%2014).pdf,2019-03-30T10:49:00-07:00,steward_decision,advertised,76fbcaef9d62cb6b4a18d01f5b26e8bcb38b56b72d9776bb77d532cbcbb60e94,1,"From The Stewards
To The Team Manager,
Rich Energy Haas F1 Team
Document 23
Date 30 March 2019
Time 20:49
2019 BAHRAIN GRAND PRIX
28 - 31 March 2019
The Stewards
The Stewards, having received a report from the Race Director, summoned (documents 20 and 21)
and heard from the drivers and team representatives, have considered the following matter and
determine the following:
No / Driver 8 - Romain Grosjean
Competitor Rich Energy Haas F1 Team
Time 18:08
Session Qualifying
Fact Driving unnecessarily slowly and impeding car 4 in turn 14.
Offence Breach of Article 31.5 of the FIA Formula One Sporting Regulations.
Decision A drop of 3 grid positions in accordance with Article 31.4 of the Formula One Sporting
Regulations.
(1 penalty point awarded, 8 points in total for the 12 month period).
Reason The Stewards reviewed video evidence and heard from the driver of car 8 (Romain
Grosjean) and the driver of car 4 (Lando Norris) and the team representatives.
The driver of car 8 stated that he was about to commence a push lap when he was
overtaken by car 5 and thus slowed significantly to maintain a sufficient gap. He was
not advised by the team of the rapid approach of car 4, which was on a push lap. The
speed differential was 136 km/h at the point where car 4 had to take avoiding action.
The Stewards accept that the driver of car 8 did not intentionally intend to impede,
however it is the driver’s responsibility to be aware, when travelling abnormally slowly,
that faster cars may be approaching.
Competitors are reminded that, in accordance with Article 12.2.4 of the FIA
International Sporting Code and Article 17.2 of the Formula One Sporting Regulations,
the above penalty is not susceptible to appeal.
Garry Connelly Jose Abed
Emanuele Pirro Mazen Al Hilli",Driving unnecessarily slowly and impeding car 4 in turn 14.,Breach of Article 31.5 of the FIA Formula One Sporting Regulations.,"A drop of 3 grid positions in accordance with Article 31.4 of the Formula One Sporting
Regulations.
(1 penalty point awarded, 8 points in total for the 12 month period).","The Stewards reviewed video evidence and heard from the driver of car 8 (Romain
Grosjean) and the driver of car 4 (Lando Norris) and the team representatives.
The driver of car 8 stated that he was about to commence a push lap when he was
overtaken by car 5 and thus slowed significantly to maintain a sufficient gap. He was
not advised by the team of the rapid approach of car 4, which was on a push lap. The
speed differential was 136 km/h at the point where car 4 had to take avoiding action.
The Stewards accept that the driver of car 8 did not intentionally intend to impede,
however it is the driver’s responsibility to be aware, when travelling abnormally slowly,
that faster cars may be approaching.",,,,,,,,,,,,,,,,,,,
reviewer_b-fia-2019-bra-10d44043fd46,reviewer_b,stratified_exclusion_sample,fia-2019-bra-10d44043fd46,2019-bra,2019,20,Brazilian Grand Prix,2019-11-17T00:00:00,Decision - Car 11 (incident with car 8 in turn 10),https://www.fia.com/sites/default/files/decision-document/2019%20Brazilian%20Grand%20Prix%20-%20Decision%20-%20Car%2011%20(incident%20with%20car%208%20in%20turn%2010).pdf,2019-11-16T09:05:00-08:00,steward_decision,advertised,bc6835a9888c32becbc30bc42d549d70139f38bc397baf6c33334795dcc7c43e,1,"From The Stewards
To The Team Manager,
SportPesa Racing Point F1 Team
Document 19
Date 16 November 2019
Time 14:04
2019 BRAZILIAN GRAND PRIX
14 - 17 November 2019
The Stewards
The Stewards, having received a report from the Race Director, summoned (documents 16 & 17) and
heard from the drivers and team representatives, have considered the following matter and determine
the following:
No / Driver 11 - Sergio Perez
Competitor SportPesa Racing Point F1 Team
Time 12:28
Session Practice 3
Fact Alleged Impeding of car 8 in turn 10.
Offence Alleged breach of Article 31.5 of the FIA Formula One Sporting Regulations.
Decision No further action.
Reason The Stewards reviewed video evidence, heard from the drivers of Car 11 (Sergio
Perez) and Car 8 (Romain Grosjean) and the team representatives.
Both drivers were on slow laps with Grosjean about to enter the pits, and Perez was
setting up for a fast lap. While the interaction between the cars was “untidy”, neither
was particularly disadvantaged and the Stewards agreed that it was not dangerous.
Therefore the Stewards agreed that No Further Action was necessary.
Competitors are reminded that they have the right to appeal certain decisions of the
Stewards, in accordance with Article 15 of the FIA International Sporting Code and
Article 9.1.1 of the FIA Judicial and Disciplinary Rules, within the applicable time limits.
Tim Mayer Jose Abed
Emanuele Pirro Max Wilson",Alleged Impeding of car 8 in turn 10.,Alleged breach of Article 31.5 of the FIA Formula One Sporting Regulations.,No further action.,"The Stewards reviewed video evidence, heard from the drivers of Car 11 (Sergio
Perez) and Car 8 (Romain Grosjean) and the team representatives.
Both drivers were on slow laps with Grosjean about to enter the pits, and Perez was
setting up for a fast lap. While the interaction between the cars was “untidy”, neither
was particularly disadvantaged and the Stewards agreed that it was not dangerous.
Therefore the Stewards agreed that No Further Action was necessary.",,,,,,,,,,,,,,,,,,,
reviewer_b-fia-2019-can-cc885574cd80,reviewer_b,stratified_exclusion_sample,fia-2019-can-cc885574cd80,2019-can,2019,7,Canadian Grand Prix,2019-06-09T00:00:00,Decision - Car 18 (Incident in turn 13),https://www.fia.com/sites/default/files/decision-document/2019%20Canadian%20Grand%20Prix%20-%20Decision%20-%20Car%2018%20(Incident%20in%20turn%2013).pdf,2019-06-07T16:43:00-07:00,steward_decision,advertised,1a131d4c33c24a90e46f248e71072cb426209304a9f734d1e2b0d4bb69e775ca,1,"From The Stewards
To The Team Manager,
SportPesa Racing Point F1 Team
Document 16
Date 07 June 2019
Time 18:41
2019 CANADIAN GRAND PRIX
6 - 9 June 2019
The Stewards
The Stewards, having received a report from the Race Director, summoned (documents 8 and 9)
heard from the drivers and team representatives, have considered the following matter and determine
the following:
No / Driver 18 - Lance Stroll
Competitor SportPesa Racing Point F1 Team
Time 15:17
Session Practice 2
Fact Collision between Cars 8 and 18 at Turn 13.
Offence Alleged breach of Article 31.4 of the FIA Formula One Sporting Regulations.
Decision No Further Action.
Reason The Stewards reviewed video evidence, heard from the driver of car 8 (Romain
Grosjean), the driver of car 18 (Lance Stroll) and the team representatives.
While it was clear that the left rear wheel of Car 18 touched the right front wheel of Car
8 under braking at the entrance to Turn 13, none of the Drivers were predominantly to
blame.
The Stewards therefore concluded to take no further action.
Competitors are reminded that they have the right to appeal certain decisions of the
Stewards, in accordance with Article 15 of the FIA International Sporting Code and
Article 9.1.1 of the FIA Judicial and Disciplinary Rules, within the applicable time limits.
Gerd Ennser Mathieu Remmerie
Emanuele Pirro Mike Kaerne",Collision between Cars 8 and 18 at Turn 13.,Alleged breach of Article 31.4 of the FIA Formula One Sporting Regulations.,No Further Action.,"The Stewards reviewed video evidence, heard from the driver of car 8 (Romain
Grosjean), the driver of car 18 (Lance Stroll) and the team representatives.
While it was clear that the left rear wheel of Car 18 touched the right front wheel of Car
8 under braking at the entrance to Turn 13, none of the Drivers were predominantly to
blame.
The Stewards therefore concluded to take no further action.",,,,,,,,,,,,,,,,,,,
reviewer_b-fia-2019-fra-457ded17de98,reviewer_b,elevated_risk|included_multi_party,fia-2019-fra-457ded17de98,2019-fra,2019,8,French Grand Prix,2019-06-23T00:00:00,Offence - Car 3 (Leaving the track and re-joining unsafely),https://www.fia.com/sites/default/files/decision-document/2019%20French%20Grand%20Prix%20-%20Offence%20-%20Car%203%20(Leaving%20the%20track%20and%20re-joining%20unsafely).pdf,2019-06-23T11:35:00-07:00,steward_decision,advertised,1cce59d8f8c864b350268d9c194d907cbae62e77efdccf0056a3881ad86ae280,2,"From The Stewards
To The Team Manager,
Renault F1 Team
Document 49
Date 23 June 2019
Time 19:31
2019 FRENCH GRAND PRIX
20 - 23 June 2019
The Stewards, having received a report from the Race Director, summoned (documents 45,46 & 47)
and heard from the drivers and team representatives, have considered the following matter and
determine the following:
No / Driver 3 - Daniel Ricciardo
Competitor Renault F1 Team
Time 16:37
Session Race
Fact Left the circuit and re-joined unsafely forcing another driver off the track.
Offence Breach of Appendix L, Chapter IV Article 2 of the FIA International Sporting Code.
Decision A time penalty of 5 seconds is imposed after the race (5 seconds added to the
elapsed race time).
2 penalty points imposed (total of 4 in the 12 month period)
Reason The Stewards reviewed video evidence and on-board video from multiple cars, heard
from the driver of car 3 (Daniel Ricciardo), the driver of car 4 (Lando Norris), the
driver of car 7 (Kimi Raikkonen) and team representatives. Ricciardo started to pass
Norris on the outside at turn 8. At the exit of the corner he distinctly left the track and
the Stewards determined that he re-joined at an angle that forced Norris off the track
to avoid the collision. The Stewards accepted Ricciardo’s explanation that when he
was re-joining the track, he had slowed considerably, going down extra gears and
locking up the front left tyre. He also stated that the rumble strips in the turn made the
car more difficult to control. However, the Stewards considered that the sequence of
events constituted re-joining the track unsafely, and he subsequently took the position
from Norris.
Competitors are reminded that they have the right to appeal certain decisions of the
Stewards, in accordance with Article 15 of the FIA International Sporting Code and
Article 9.1.1 of the FIA Judicial and Disciplinary Rules, within the applicable time limits.
Tim Mayer Mathieu Remmerie
Yannick Dalmas Jean-Marie Krempff

The Stewards",Left the circuit and re-joined unsafely forcing another driver off the track.,"Breach of Appendix L, Chapter IV Article 2 of the FIA International Sporting Code.","A time penalty of 5 seconds is imposed after the race (5 seconds added to the
elapsed race time).
2 penalty points imposed (total of 4 in the 12 month period)","The Stewards reviewed video evidence and on-board video from multiple cars, heard
from the driver of car 3 (Daniel Ricciardo), the driver of car 4 (Lando Norris), the
driver of car 7 (Kimi Raikkonen) and team representatives. Ricciardo started to pass
Norris on the outside at turn 8. At the exit of the corner he distinctly left the track and
the Stewards determined that he re-joined at an angle that forced Norris off the track
to avoid the collision. The Stewards accepted Ricciardo’s explanation that when he
was re-joining the track, he had slowed considerably, going down extra gears and
locking up the front left tyre. He also stated that the rumble strips in the turn made the
car more difficult to control. However, the Stewards considered that the sequence of
events constituted re-joining the track unsafely, and he subsequently took the position
from Norris.",,,,,,,,,,,,,,,,,,,
reviewer_b-fia-2019-hun-4a7861e9ecc4,reviewer_b,elevated_risk|stratified_exclusion_sample,fia-2019-hun-4a7861e9ecc4,2019-hun,2019,12,Hungarian Grand Prix,2019-08-04T00:00:00,Offence - Car 99 (impeding car 18),https://www.fia.com/sites/default/files/decision-document/2019%20Hungarian%20Grand%20Prix%20-%20Offence%20-%20Car%2099%20(impeding%20car%2018).pdf,2019-08-03T09:27:00-07:00,steward_decision,advertised,24aac3c8b6c14be0f1d2af7af9c92778712a90aceed18ceb50479c127e2bfd9c,2,"From The Stewards
To The Team Manager,
Alfa Romeo Racing
Document 21
Date 03 August 2019
Time 17:26
2019 HUNGARIAN GRAND PRIX
1 - 4 August 2019
The Stewards, having received a report from the Race Director, summoned (documents 18 and 19)
and heard from the drivers and team representatives, have considered the following matter and
determine the following:
No / Driver 99 - Antonio Giovinazzi
Competitor Alfa Romeo Racing
Time 15:09
Session Qualifying
Fact Car 99 unnecessarily impeded car 18 between turns 4 and 5.
Offence Breach of Article 31.5 of the FIA Formula One Sporting Regulations.
Decision A drop of 3 grid positions in accordance with Article 31.4 of the Formula One Sporting
Regulations.
(1 penalty point awarded, 4 points in the 12 month period).
Reason The Stewards reviewed video, audio, GPS and telemetry evidence and heard from the
driver of car 99 (Antonio Giovinazzi) and the driver of car 18 (Lance Stroll) and the
team representatives.
Notwithstanding the fact that the team incorrectly informed the driver of car 99 that he
was “in phase” with car 18, when in fact car 18 was on a push lap, it is the driver’s
responsibility to ensure that on an in lap, he makes all reasonable endeavours to watch
for following cars that are on a push lap and to ensure they are not impeded. It was
noted that car 99 was shown a blue flashing light halfway between turns 3 and 4.
Telemetry and GPS data confirmed that car 18 lost considerable time through the
section of track involved. The Stewards believe the driver of car 99 could, and should,
have moved from the racing line prior to Turn 4. Accordingly, the driver unnecessarily
impeded car 99.
Competitors are reminded that they have the right to appeal certain decisions of the
Stewards, in accordance with Article 15 of the FIA International Sporting Code and
Article 9.1.1 of the FIA Judicial and Disciplinary Rules, within the applicable time limits.






The Stewards
Garry Connelly Paolo Longoni
Danny Sullivan Lajos Herczeg",Car 99 unnecessarily impeded car 18 between turns 4 and 5.,Breach of Article 31.5 of the FIA Formula One Sporting Regulations.,"A drop of 3 grid positions in accordance with Article 31.4 of the Formula One Sporting
Regulations.
(1 penalty point awarded, 4 points in the 12 month period).","The Stewards reviewed video, audio, GPS and telemetry evidence and heard from the
driver of car 99 (Antonio Giovinazzi) and the driver of car 18 (Lance Stroll) and the
team representatives.
Notwithstanding the fact that the team incorrectly informed the driver of car 99 that he
was “in phase” with car 18, when in fact car 18 was on a push lap, it is the driver’s
responsibility to ensure that on an in lap, he makes all reasonable endeavours to watch
for following cars that are on a push lap and to ensure they are not impeded. It was
noted that car 99 was shown a blue flashing light halfway between turns 3 and 4.
Telemetry and GPS data confirmed that car 18 lost considerable time through the
section of track involved. The Stewards believe the driver of car 99 could, and should,
have moved from the racing line prior to Turn 4. Accordingly, the driver unnecessarily
impeded car 99.",,,,,,,,,,,,,,,,,,,
reviewer_b-fia-2019-hun-622b11e730ec,reviewer_b,stratified_exclusion_sample,fia-2019-hun-622b11e730ec,2019-hun,2019,12,Hungarian Grand Prix,2019-08-04T00:00:00,Offence - Car 4 (stopping in the pit lane),https://www.fia.com/sites/default/files/decision-document/2019%20Hungarian%20Grand%20Prix%20-%20Offence%20-%20Car%204%20(stopping%20in%20the%20pit%20lane).pdf,2019-08-02T05:24:00-07:00,steward_decision,advertised,b59dbf1c67d47a21e8a3e633346ca144ac8ba9fe40001447fc2def1f44137428,1,"From The Stewards
To The Team Manager,
McLaren F1 Team
Document 8
Date 02 August 2019
Time 13:23
2019 HUNGARIAN GRAND PRIX
1 - 4 August 2019
The Stewards
The Stewards, having received a report from the Race Director, summoned (document 6) and heard
from the driver and team representative, have considered the following matter and determine the
following:
No / Driver 4 - Lando Norris
Competitor McLaren F1 Team
Time 12:11
Session Practice 1
Fact Stopping in the fast lane, contrary to the Race Director’s instruction (Document 2, item
7.2).
Offence Breach of Article 12.1.1.i of the FIA International Sporting Code.
Decision No penalty is imposed. No further action required.
Reason The Stewards reviewed video and audio evidence, heard from the driver of car 4
(Lando Norris) and a team representative. It was explained that the team instructed
the driver to conduct a “bite point find” in the Pit Lane. This procedure normally
involves the slowing, but not the stopping, of the car. However, in this case the driver
accidentally stalled the car, the anti-stall activated and the car moved again after 0.7 of
a second.
Accordingly, although technically this was not in accord with the instructions in the
Race Director’s Notes (Document 2 item 7.2) the Stewards decide that no penalty
shall be imposed.
Competitors are reminded that they have the right to appeal certain decisions of the
Stewards, in accordance with Article 15 of the FIA International Sporting Code and
Article 9.1.1 of the FIA Judicial and Disciplinary Rules, within the applicable time limits.
Garry Connelly Paolo Longoni
Danny Sullivan Lajos Herczeg","Stopping in the fast lane, contrary to the Race Director’s instruction (Document 2, item
7.2).",Breach of Article 12.1.1.i of the FIA International Sporting Code.,No penalty is imposed. No further action required.,"The Stewards reviewed video and audio evidence, heard from the driver of car 4
(Lando Norris) and a team representative. It was explained that the team instructed
the driver to conduct a “bite point find” in the Pit Lane. This procedure normally
involves the slowing, but not the stopping, of the car. However, in this case the driver
accidentally stalled the car, the anti-stall activated and the car moved again after 0.7 of
a second.
Accordingly, although technically this was not in accord with the instructions in the
Race Director’s Notes (Document 2 item 7.2) the Stewards decide that no penalty
shall be imposed.",,,,,,,,,,,,,,,,,,,
reviewer_b-fia-2019-hun-c0dc5008cf12,reviewer_b,elevated_risk,fia-2019-hun-c0dc5008cf12,2019-hun,2019,12,Hungarian Grand Prix,2019-08-04T00:00:00,Offence - Car 99 (correction - impeding car 18),https://www.fia.com/sites/default/files/decision-document/2019%20Hungarian%20Grand%20Prix%20-%20Offence%20-%20Car%2099%20(correction%20-%20impeding%20car%2018)%20.pdf,2019-08-03T09:59:00-07:00,steward_decision,advertised,ffb1c8bd25ab94ee79601c5bb548c04d5a494bab6334154633c0cfda26b455d6,2,"From The Stewards
To The Team Manager,
Alfa Romeo Racing
Document 22
Date 03 August 2019
Time 17:53
2019 HUNGARIAN GRAND PRIX
1 - 4 August 2019
The Stewards, having received a report from the Race Director, summoned (documents 18 and 19)
and heard from the drivers and team representatives, have considered the following matter and
determine the following:
No / Driver 99 - Antonio Giovinazzi
Competitor Alfa Romeo Racing
Time 15:09
Session Qualifying
Fact Car 99 unnecessarily impeded car 18 between turns 4 and 5.
Offence Breach of Article 31.5 of the FIA Formula One Sporting Regulations.
Decision A drop of 3 grid positions in accordance with Article 31.4 of the Formula One Sporting
Regulations.
(1 penalty point awarded, 4 points in the 12 month period).
Reason The Stewards reviewed video, audio, GPS and telemetry evidence and heard from the
driver of car 99 (Antonio Giovinazzi) and the driver of car 18 (Lance Stroll) and the
team representatives.
Notwithstanding the fact that the team incorrectly informed the driver of car 99 that he
was “in phase” with car 18, when in fact car 18 was on a push lap, it is the driver’s
responsibility to ensure that on an in lap, he makes all reasonable endeavours to watch
for following cars that are on a push lap and to ensure they are not impeded. It was
noted that car 99 was shown a blue flashing light halfway between turns 3 and 4.
Telemetry and GPS data confirmed that car 18 lost considerable time through the
section of track involved. The Stewards believe the driver of car 99 could, and should,
have moved from the racing line prior to Turn 4. Accordingly, the driver unnecessarily
impeded car 18.
Competitors are reminded that they have the right to appeal certain decisions of the
Stewards, in accordance with Article 15 of the FIA International Sporting Code and
Article 9.1.1 of the FIA Judicial and Disciplinary Rules, within the applicable time limits.




The Stewards
Garry Connelly Paolo Longoni
Danny Sullivan Lajos Herczeg",Car 99 unnecessarily impeded car 18 between turns 4 and 5.,Breach of Article 31.5 of the FIA Formula One Sporting Regulations.,"A drop of 3 grid positions in accordance with Article 31.4 of the Formula One Sporting
Regulations.
(1 penalty point awarded, 4 points in the 12 month period).","The Stewards reviewed video, audio, GPS and telemetry evidence and heard from the
driver of car 99 (Antonio Giovinazzi) and the driver of car 18 (Lance Stroll) and the
team representatives.
Notwithstanding the fact that the team incorrectly informed the driver of car 99 that he
was “in phase” with car 18, when in fact car 18 was on a push lap, it is the driver’s
responsibility to ensure that on an in lap, he makes all reasonable endeavours to watch
for following cars that are on a push lap and to ensure they are not impeded. It was
noted that car 99 was shown a blue flashing light halfway between turns 3 and 4.
Telemetry and GPS data confirmed that car 18 lost considerable time through the
section of track involved. The Stewards believe the driver of car 99 could, and should,
have moved from the racing line prior to Turn 4. Accordingly, the driver unnecessarily
impeded car 18.",,,,,,,,,,,,,,,,,,,
reviewer_b-fia-2019-hun-eca52dd0bc62,reviewer_b,elevated_risk|stratified_exclusion_sample,fia-2019-hun-eca52dd0bc62,2019-hun,2019,12,Hungarian Grand Prix,2019-08-04T00:00:00,Offence - Car 99 (impeding car 18),https://www.fia.com/sites/default/files/decision-document/2019%20Hungarian%20Grand%20Prix%20-%20Offence%20-%20Car%2099%20(impeding%20car%2018)_0.pdf,2019-08-03T09:29:00-07:00,steward_decision,advertised,24aac3c8b6c14be0f1d2af7af9c92778712a90aceed18ceb50479c127e2bfd9c,2,"From The Stewards
To The Team Manager,
Alfa Romeo Racing
Document 21
Date 03 August 2019
Time 17:26
2019 HUNGARIAN GRAND PRIX
1 - 4 August 2019
The Stewards, having received a report from the Race Director, summoned (documents 18 and 19)
and heard from the drivers and team representatives, have considered the following matter and
determine the following:
No / Driver 99 - Antonio Giovinazzi
Competitor Alfa Romeo Racing
Time 15:09
Session Qualifying
Fact Car 99 unnecessarily impeded car 18 between turns 4 and 5.
Offence Breach of Article 31.5 of the FIA Formula One Sporting Regulations.
Decision A drop of 3 grid positions in accordance with Article 31.4 of the Formula One Sporting
Regulations.
(1 penalty point awarded, 4 points in the 12 month period).
Reason The Stewards reviewed video, audio, GPS and telemetry evidence and heard from the
driver of car 99 (Antonio Giovinazzi) and the driver of car 18 (Lance Stroll) and the
team representatives.
Notwithstanding the fact that the team incorrectly informed the driver of car 99 that he
was “in phase” with car 18, when in fact car 18 was on a push lap, it is the driver’s
responsibility to ensure that on an in lap, he makes all reasonable endeavours to watch
for following cars that are on a push lap and to ensure they are not impeded. It was
noted that car 99 was shown a blue flashing light halfway between turns 3 and 4.
Telemetry and GPS data confirmed that car 18 lost considerable time through the
section of track involved. The Stewards believe the driver of car 99 could, and should,
have moved from the racing line prior to Turn 4. Accordingly, the driver unnecessarily
impeded car 99.
Competitors are reminded that they have the right to appeal certain decisions of the
Stewards, in accordance with Article 15 of the FIA International Sporting Code and
Article 9.1.1 of the FIA Judicial and Disciplinary Rules, within the applicable time limits.






The Stewards
Garry Connelly Paolo Longoni
Danny Sullivan Lajos Herczeg",Car 99 unnecessarily impeded car 18 between turns 4 and 5.,Breach of Article 31.5 of the FIA Formula One Sporting Regulations.,"A drop of 3 grid positions in accordance with Article 31.4 of the Formula One Sporting
Regulations.
(1 penalty point awarded, 4 points in the 12 month period).","The Stewards reviewed video, audio, GPS and telemetry evidence and heard from the
driver of car 99 (Antonio Giovinazzi) and the driver of car 18 (Lance Stroll) and the
team representatives.
Notwithstanding the fact that the team incorrectly informed the driver of car 99 that he
was “in phase” with car 18, when in fact car 18 was on a push lap, it is the driver’s
responsibility to ensure that on an in lap, he makes all reasonable endeavours to watch
for following cars that are on a push lap and to ensure they are not impeded. It was
noted that car 99 was shown a blue flashing light halfway between turns 3 and 4.
Telemetry and GPS data confirmed that car 18 lost considerable time through the
section of track involved. The Stewards believe the driver of car 99 could, and should,
have moved from the racing line prior to Turn 4. Accordingly, the driver unnecessarily
impeded car 99.",,,,,,,,,,,,,,,,,,,
reviewer_b-fia-2019-ita-5d8bd476d009,reviewer_b,elevated_risk,fia-2019-ita-5d8bd476d009,2019-ita,2019,14,Italian Grand Prix,2019-09-08T00:00:00,Offence - Car 5 (leaving the track and rejoining unsafely),https://www.fia.com/sites/default/files/decision-document/2019%20Italian%20Grand%20Prix%20-%20Offence%20-%20Car%205%20(leaving%20the%20track%20and%20rejoining%20unsafely).pdf,2019-09-08T09:00:00-07:00,steward_decision,advertised,6f08d44b506ae46d2ade6f2dfa277c196cf359bc6075eb489d63e28072280739,1,"From The Stewards
To The Team Manager,
Scuderia Ferrari
Document 55
Date 08 September 2019
Time 15:56
2019 ITALIAN GRAND PRIX
5 - 8 September 2019
The Stewards
The Stewards, having received a report from the Race Director, have considered the following matter
and determine the following:
No / Driver 5 - Sebastian Vettel
Competitor Scuderia Ferrari
Time 15:21
Session Race
Fact Car 5 left the track and rejoined in an unsafe manner. When rejoining Car 5 collided
with Car 18.
Offence Breach of Article 27.3 of the FIA Formula One Sporting Regulations and Article 2 d) of
Appendix L Chapter IV of the FIA International Sporting Code.
Decision 10 second stop and go penalty.
(3 points awarded, 9 points in total for the 12 month period)
Reason The stewards reviewed video evidence and determined that Car 5, left the track at turn
9 and rejoined the track in an unsafe manner. In doing so it collided with Car 18. The
Stewards considered this to be a dangerous incident.
Competitors are reminded that they have the right to appeal certain decisions of the
Stewards, in accordance with Article 15 of the FIA International Sporting Code and
Article 9.1.1 of the FIA Judicial and Disciplinary Rules, within the applicable time limits.
Garry Connelly Silvia Bellot
Derek Warwick Paolo Longoni","Car 5 left the track and rejoined in an unsafe manner. When rejoining Car 5 collided
with Car 18.","Breach of Article 27.3 of the FIA Formula One Sporting Regulations and Article 2 d) of
Appendix L Chapter IV of the FIA International Sporting Code.","10 second stop and go penalty.
(3 points awarded, 9 points in total for the 12 month period)","The stewards reviewed video evidence and determined that Car 5, left the track at turn
9 and rejoined the track in an unsafe manner. In doing so it collided with Car 18. The
Stewards considered this to be a dangerous incident.",,,,,,,,,,,,,,,,,,,
reviewer_b-fia-2019-ita-79b9b8a347cd,reviewer_b,elevated_risk|stratified_exclusion_sample,fia-2019-ita-79b9b8a347cd,2019-ita,2019,14,Italian Grand Prix,2019-09-08T00:00:00,Offence - Car 16 (Track limits),https://www.fia.com/sites/default/files/decision-document/2019%20Italian%20Grand%20Prix%20-%20Offence%20-%20Car%2016%20(Track%20limits).pdf,2019-09-07T07:07:00-07:00,steward_decision,advertised,717117ee4648e502481c7205bfd3b5c566e3a737937f13a4ef1b5af061374f37,1,"From The Stewards
To The Team Manager,
Scuderia Ferrari
Document 25
Date 07 September 2019
Time 14:44
2019 ITALIAN GRAND PRIX
5 - 8 September 2019
The Stewards
The Stewards, having received a report from the Race Director, have considered the following matter
and determine the following:
No / Driver 16 - Charles Leclerc
Competitor Scuderia Ferrari
Time 12:48
Session Practice 3
Fact Car 16 left the track at Turn 11, rejoined and gained a lasting advantage.
Offence Breach of Appendix L, Ch IV, Art 2 c) of the FIA International Sporting Code and Article
27.3 of the FIA Formula One Sporting Regulations.
Decision Deletion of 2 lap times (1:20.465, 2:11.989), as per Article 31.4 of the FIA Formula
One Sporting Regulations and item 11.4 a) of the Race Director’s Notes version 3.
Reason The Stewards reviewed video and received timing information from the Race Director.
The car left the track during practice 3, rejoined and gained a lasting advantage.
Competitors are reminded that they have the right to appeal certain decisions of the
Stewards, in accordance with Article 15 of the FIA International Sporting Code and
Article 9.1.1 of the FIA Judicial and Disciplinary Rules, within the applicable time limits.
Garry Connelly Silvia Bellot
Derek Warwick Paolo Longoni","Car 16 left the track at Turn 11, rejoined and gained a lasting advantage.","Breach of Appendix L, Ch IV, Art 2 c) of the FIA International Sporting Code and Article
27.3 of the FIA Formula One Sporting Regulations.","Deletion of 2 lap times (1:20.465, 2:11.989), as per Article 31.4 of the FIA Formula
One Sporting Regulations and item 11.4 a) of the Race Director’s Notes version 3.","The Stewards reviewed video and received timing information from the Race Director.
The car left the track during practice 3, rejoined and gained a lasting advantage.",,,,,,,,,,,,,,,,,,,
reviewer_b-fia-2019-ita-8017ee00bbe3,reviewer_b,stratified_exclusion_sample,fia-2019-ita-8017ee00bbe3,2019-ita,2019,14,Italian Grand Prix,2019-09-08T00:00:00,Decision - Car 5 (leaving the track),https://www.fia.com/sites/default/files/decision-document/2019%20Italian%20Grand%20Prix%20-%20Decision%20-%20Car%205%20(leaving%20the%20track).pdf,2019-09-07T12:17:00-07:00,steward_decision,advertised,2ed5b8dd348e946985089ead9ec53ae96b20062e3968c2eaf780d35c67350877,1,"From The Stewards
To The Team Manager,
Scuderia Ferrari
Document 40
Date 07 September 2019
Time 20:16
2019 ITALIAN GRAND PRIX
5 - 8 September 2019
The Stewards
The Stewards, having received a report from the Race Director, summoned (document 36) and heard
from the driver and team representative, have considered the following matter and determine the
following:
No / Driver 5 - Sebastian Vettel
Competitor Scuderia Ferrari
Time 15:56
Session Qualifying
Fact Alleged leaving the track (“all four wheels over the white track edge line”) on the outside
of turn 11.
Offence Alleged breach of item 11.4 a) of the Race Director’s Event Notes Version 3, Article
12.1.1.i of the FIA International Sporting Code.
Decision No further action.
Reason The Stewards reviewed video evidence, heard from the driver of car 5 (Sebastian
Vettel) and the team representative.
The Stewards reviewed multiple camera angles, some of which appeared to show that
the tyres were not in contact with the white line of the track edge however other angles
appeared to show that part of the front “wheel” (when viewed from above) may have
been within the bounds of the white line. This cast an element of doubt which is
considered significant enough to give the “benefit of doubt” to the driver in question.
Competitors are reminded that they have the right to appeal certain decisions of the
Stewards, in accordance with Article 15 of the FIA International Sporting Code and
Article 9.1.1 of the FIA Judicial and Disciplinary Rules, within the applicable time limits.
Garry Connelly Silvia Bellot
Derek Warwick Paolo Longoni","Alleged leaving the track (“all four wheels over the white track edge line”) on the outside
of turn 11.","Alleged breach of item 11.4 a) of the Race Director’s Event Notes Version 3, Article
12.1.1.i of the FIA International Sporting Code.",No further action.,"The Stewards reviewed video evidence, heard from the driver of car 5 (Sebastian
Vettel) and the team representative.
The Stewards reviewed multiple camera angles, some of which appeared to show that
the tyres were not in contact with the white line of the track edge however other angles
appeared to show that part of the front “wheel” (when viewed from above) may have
been within the bounds of the white line. This cast an element of doubt which is
considered significant enough to give the “benefit of doubt” to the driver in question.",,,,,,,,,,,,,,,,,,,
reviewer_b-fia-2019-ita-b42dad90f42f,reviewer_b,elevated_risk|stratified_exclusion_sample,fia-2019-ita-b42dad90f42f,2019-ita,2019,14,Italian Grand Prix,2019-09-08T00:00:00,Offence - Car 26 (Track limits),https://www.fia.com/sites/default/files/decision-document/2019%20Italian%20Grand%20Prix%20-%20Offence%20-%20Car%2026%20(Track%20limits).pdf,2019-09-07T07:07:00-07:00,steward_decision,advertised,620848adb5699431c2402cfb06a6becb5b2ffaf2ae682f9f14b5d0718fe402b4,1,"From The Stewards
To The Team Manager,
Red Bull Toro Rosso Honda
Document 27
Date 07 September 2019
Time 14:44
2019 ITALIAN GRAND PRIX
5 - 8 September 2019
The Stewards
The Stewards, having received a report from the Race Director, have considered the following matter
and determine the following:
No / Driver 26 - Daniil Kvyat
Competitor Red Bull Toro Rosso Honda
Time 12:58
Session Practice 3
Fact Car 26 left the track at Turn 11, rejoined and gained a lasting advantage.
Offence Breach of Appendix L, Ch IV, Art 2 c) of the FIA International Sporting Code and Article
27.3 of the FIA Formula One Sporting Regulations.
Decision Deletion of lap time (1:21.358), as per Article 31.4 of the FIA Formula One Sporting
Regulations and item 11.4 a) of the Race Director’s Notes version 3.
Reason The Stewards reviewed video and received timing information from the Race Director.
The car left the track during practice 3, rejoined and gained a lasting advantage.
Competitors are reminded that they have the right to appeal certain decisions of the
Stewards, in accordance with Article 15 of the FIA International Sporting Code and
Article 9.1.1 of the FIA Judicial and Disciplinary Rules, within the applicable time limits.
Garry Connelly Silvia Bellot
Derek Warwick Paolo Longoni","Car 26 left the track at Turn 11, rejoined and gained a lasting advantage.","Breach of Appendix L, Ch IV, Art 2 c) of the FIA International Sporting Code and Article
27.3 of the FIA Formula One Sporting Regulations.","Deletion of lap time (1:21.358), as per Article 31.4 of the FIA Formula One Sporting
Regulations and item 11.4 a) of the Race Director’s Notes version 3.","The Stewards reviewed video and received timing information from the Race Director.
The car left the track during practice 3, rejoined and gained a lasting advantage.",,,,,,,,,,,,,,,,,,,
reviewer_b-fia-2019-ita-e36f6c562e32,reviewer_b,elevated_risk|stratified_exclusion_sample,fia-2019-ita-e36f6c562e32,2019-ita,2019,14,Italian Grand Prix,2019-09-08T00:00:00,Offence - Car 20 (Track limits),https://www.fia.com/sites/default/files/decision-document/2019%20Italian%20Grand%20Prix%20-%20Offence%20-%20Car%2020%20(Track%20limits).pdf,2019-09-07T06:46:00-07:00,steward_decision,advertised,f7cbf192c8b2984c99dca3d545241a35a69fdab09a620030e21b8393f3ee2e82,1,"From The Stewards
To The Team Manager,
Rich Energy Haas F1 Team
Document 23
Date 07 September 2019
Time 14:43
2019 ITALIAN GRAND PRIX
5 - 8 September 2019
The Stewards
The Stewards, having received a report from the Race Director, have considered the following matter
and determine the following:
No / Driver 20 - Kevin Magnussen
Competitor Rich Energy Haas F1 Team
Time 12:24
Session Practice 3
Fact Car 20 left the track at Turn 11, rejoined and gained a lasting advantage.
Offence Breach of Appendix L, Ch IV, Art 2 c) of the FIA International Sporting Code and Article
27.3 of the FIA Formula One Sporting Regulations.
Decision Deletion of 2 lap times (2:02.026, 1:22.676), as per Article 31.4 of the FIA Formula
One Sporting Regulations and item 11.4 a) of the Race Director’s Notes version 3.
Reason The Stewards reviewed video and received timing information from the Race Director.
The car left the track during practice 3, rejoined and gained a lasting advantage.
Competitors are reminded that they have the right to appeal certain decisions of the
Stewards, in accordance with Article 15 of the FIA International Sporting Code and
Article 9.1.1 of the FIA Judicial and Disciplinary Rules, within the applicable time limits.
Garry Connelly Silvia Bellot
Derek Warwick Paolo Longoni","Car 20 left the track at Turn 11, rejoined and gained a lasting advantage.","Breach of Appendix L, Ch IV, Art 2 c) of the FIA International Sporting Code and Article
27.3 of the FIA Formula One Sporting Regulations.","Deletion of 2 lap times (2:02.026, 1:22.676), as per Article 31.4 of the FIA Formula
One Sporting Regulations and item 11.4 a) of the Race Director’s Notes version 3.","The Stewards reviewed video and received timing information from the Race Director.
The car left the track during practice 3, rejoined and gained a lasting advantage.",,,,,,,,,,,,,,,,,,,
reviewer_b-fia-2019-ita-ef49a857f7de,reviewer_b,included_multi_party,fia-2019-ita-ef49a857f7de,2019-ita,2019,14,Italian Grand Prix,2019-09-08T00:00:00,Offence - Car 18 (rejoined the track unsafely),https://www.fia.com/sites/default/files/decision-document/2019%20Italian%20Grand%20Prix%20-%20Offence%20-%20Car%2018%20(rejoined%20the%20track%20unsafely).pdf,2019-09-08T09:00:00-07:00,steward_decision,advertised,dbdba0d63008eb12350b4d5c59a3dfd444bdea12ec1b59058847705493db38a2,1,"From The Stewards
To The Team Manager,
SportPesa Racing Point F1 Team
Document 56
Date 08 September 2019
Time 16:20
2019 ITALIAN GRAND PRIX
5 - 8 September 2019
The Stewards
The Stewards, having received a report from the Race Director, have considered the following matter
and determine the following:
No / Driver 18 - Lance Stroll
Competitor SportPesa Racing Point F1 Team
Time 15:21
Session Race
Fact Car 18 left the track as a result of the collision caused by Car 5 however Car 18
rejoined the track in an unsafe manner.
Offence Breach of Article 27.3 of the FIA Formula One Sporting Regulations.
Decision Drive through penalty
(2 points awarded, 6 points in total for the 12 month period)
Reason The stewards reviewed video evidence and determined that Car 18, left the track due
to the collision at turn 10 however rejoined the track in an unsafe manner forcing Car
10 off the track.
Competitors are reminded that they have the right to appeal certain decisions of the
Stewards, in accordance with Article 15 of the FIA International Sporting Code and
Article 9.1.1 of the FIA Judicial and Disciplinary Rules, within the applicable time limits.
Garry Connelly Silvia Bellot
Derek Warwick Paolo Longoni","Car 18 left the track as a result of the collision caused by Car 5 however Car 18
rejoined the track in an unsafe manner.",Breach of Article 27.3 of the FIA Formula One Sporting Regulations.,"Drive through penalty
(2 points awarded, 6 points in total for the 12 month period)","The stewards reviewed video evidence and determined that Car 18, left the track due
to the collision at turn 10 however rejoined the track in an unsafe manner forcing Car
10 off the track.",,,,,,,,,,,,,,,,,,,
reviewer_b-fia-2019-rus-dd5d7ed5c661,reviewer_b,elevated_risk|stratified_exclusion_sample,fia-2019-rus-dd5d7ed5c661,2019-rus,2019,16,Russian Grand Prix,2019-09-29T00:00:00,Decision - Pit Lane Speed Limit,https://www.fia.com/sites/default/files/decision-document/2019%20Russian%20Grand%20Prix%20-%20Decision%20-%20Pit%20Lane%20Speed%20Limit.pdf,2019-09-26T03:33:00-07:00,steward_decision,advertised,4e648842f80e2b5b76839a7e8837680a8502e1b0d28a9dd86fcb363172563925,1,"From The Stewards
To All Teams, All Officials
Document 4
Date 26 September 2019
Time 12:30
2019 RUSSIAN GRAND PRIX
26 - 29 September 2019
In accordance with Art 22.10 of the Formula One Sporting Regulations and following a
recommendation from the FIA F1 Safety Delegate, the Stewards amend the pit lane speed limit to
60km/h.








The Stewards
Gerd Ennser Andrew Mallalieu
Emanuele Pirro George Andreev",None,None,None,None,,,,,,,,,,,,,,,,,,,
reviewer_b-fia-2019-rus-efda57e7d535,reviewer_b,stratified_exclusion_sample,fia-2019-rus-efda57e7d535,2019-rus,2019,16,Russian Grand Prix,2019-09-29T00:00:00,Offence - Car 23 (Gearbox),https://www.fia.com/sites/default/files/decision-document/2019%20Russian%20Grand%20Prix%20-%20Offence%20-%20Car%2023%20(Gearbox).pdf,2019-09-29T03:04:00-07:00,steward_decision,advertised,198a6b8af3106948afe3b91c3d4f5afba8e6fd12def4528a2c84039997be7769,1,"From The Stewards
To The Team Manager,
Aston Martin Red Bull Racing
Document 35
Date 29 September 2019
Time 12:00
2019 RUSSIAN GRAND PRIX
26 - 29 September 2019
The Stewards
The Stewards, having received a report from the Technical Delegate (document 32), have considered
the following matter and determine the following:
No / Driver 23 - Alexander Albon
Competitor Aston Martin Red Bull Racing
Time 11:00
Session Qualifying
Fact The gearbox has been changed.
Offence Breach of Article 23.5 a) of the FIA Formula One Sporting Regulations.
Decision Drop of 5 grid positions.
Reason The gearbox of car 23 has been changed before 6 consecutive events have expired.
This Penalty does not change the fact that the competitor is required to start the race
from the pit lane for a prior infringement (document 33).
Competitors are reminded that they have the right to appeal certain decisions of the
Stewards, in accordance with Article 15 of the FIA International Sporting Code and
Article 9.1.1 of the FIA Judicial and Disciplinary Rules, within the applicable time limits.
Gerd Ennser Andrew Mallalieu
Emanuele Pirro George Andreev",The gearbox has been changed.,Breach of Article 23.5 a) of the FIA Formula One Sporting Regulations.,Drop of 5 grid positions.,"The gearbox of car 23 has been changed before 6 consecutive events have expired.
This Penalty does not change the fact that the competitor is required to start the race
from the pit lane for a prior infringement (document 33).",,,,,,,,,,,,,,,,,,,
reviewer_b-fia-2019-usa-6eb2e1a2e9bf,reviewer_b,stratified_exclusion_sample,fia-2019-usa-6eb2e1a2e9bf,2019-usa,2019,19,United States Grand Prix,2019-11-03T00:00:00,Offence - Car 26 (Race - track limits turn 19 deletion of lap time),https://www.fia.com/sites/default/files/decision-document/2019%20United%20States%20Grand%20Prix%20-%20Offence%20-%20Car%2026%20(Race%20-%20track%20limits%20turn%2019%20deletion%20of%20lap%20time).pdf,2019-11-03T13:26:00-08:00,steward_decision,advertised,a5513d032412ada59cdf635f55e03e37ea5dd05fec8d26add6473d3df8ea378c,1,"From The Stewards
To The Team Manager,
Red Bull Toro Rosso Honda
Document 56
Date 03 November 2019
Time 14:13
2019 UNITED STATES GRAND PRIX
31 October - 3 November 2019
The Stewards
The Stewards, having received a report from the Race Director, have considered the following matter
and determine the following:
No / Driver 26 - Daniil Kvyat
Competitor Red Bull Toro Rosso Honda
Time 13:35
Session Race
Fact Car 26 did not use the track at the exit of turn 19.
Offence Breach of Appendix L, Ch IV, Article 2c of the FIA International Sporting Code and
failure to follow the Race Director’s Race Notes 12.1.a).
Decision Deletion of lap time (1:43.237) in accordance with Article 12.3.1.d of the FIA
International Sporting Code and Art 31.4 of the FIA Formula One Sporting Regulations.
Reason The Stewards reviewed video and received timing information from the Race Director.
The car left the track. The penalty was applied in accordance with point 12.1. a) of the
Race Directors Event Notes and Article 12.3.1.d of the FIA International Sporting
Code.
Competitors are reminded that they have the right to appeal certain decisions of the
Stewards, in accordance with Article 15 of the FIA International Sporting Code and
Article 9.1.1 of the FIA Judicial and Disciplinary Rules, within the applicable time limits.
Garry Connelly Felix Holter
Derek Warwick Dennis Dean",Car 26 did not use the track at the exit of turn 19.,"Breach of Appendix L, Ch IV, Article 2c of the FIA International Sporting Code and
failure to follow the Race Director’s Race Notes 12.1.a).","Deletion of lap time (1:43.237) in accordance with Article 12.3.1.d of the FIA
International Sporting Code and Art 31.4 of the FIA Formula One Sporting Regulations.","The Stewards reviewed video and received timing information from the Race Director.
The car left the track. The penalty was applied in accordance with point 12.1. a) of the
Race Directors Event Notes and Article 12.3.1.d of the FIA International Sporting
Code.",,,,,,,,,,,,,,,,,,,
reviewer_b-fia-2020-70a-1adf688d6404,reviewer_b,stratified_exclusion_sample,fia-2020-70a-1adf688d6404,2020-70a,2020,5,70th Anniversary Grand Prix,2020-08-09T00:00:00,Offence - Car 16 - Pit Lane Speeding,https://www.fia.com/sites/default/files/decision-document/70TH%20Anniversary%20Grand%20Prix%20-%20Offence%20-%20Car%2016%20-%20Pit%20Lane%20Speeding.pdf,2020-08-07T08:26:00-07:00,steward_decision,advertised,78bf2a70dec0cbc40c43845e1198758a9a863026594a2556a1cf809d04b58556,1,"From The Stewards
To The Team Manager,
Scuderia Ferrari
Document 11
Date 07 August 2020
Time 15:24
70TH ANNIVERSARY GRAND PRIX
6 – 9 August 2020
The Stewards
The Stewards, having received a report from the Race Director, have considered the following matter
and determine the following:
No / Driver 16 - Charles Leclerc
Competitor Scuderia Ferrari
Time 15:12
Session Practice 2
Fact Pit Lane Speeding - 81.6 km/h
Offence Breach of Article 22.10 of the FIA Formula One Sporting Regulations
Decision The competitor (Scuderia Ferrari) is fined €200
Reason Car 16 exceeded the pit lane speed limit which is set at 80 km/h for this Event by 1.6
km/h.
Competitors are reminded that they have the right to appeal certain decisions of the
Stewards, in accordance with Article 15 of the FIA International Sporting Code and
Article 10.1.1 of the FIA Judicial and Disciplinary Rules, within the applicable time
limits.
Tim Mayer Walter Jobst
Vitantonio Liuzzi Steve Stringwell",Pit Lane Speeding - 81.6 km/h,Breach of Article 22.10 of the FIA Formula One Sporting Regulations,The competitor (Scuderia Ferrari) is fined €200,"Car 16 exceeded the pit lane speed limit which is set at 80 km/h for this Event by 1.6
km/h.",,,,,,,,,,,,,,,,,,,
reviewer_b-fia-2020-aut-16fa54538da4,reviewer_b,elevated_risk|stratified_exclusion_sample,fia-2020-aut-16fa54538da4,2020-aut,2020,1,Austrian Grand Prix,2020-07-05T00:00:00,Decision - Protest - Car 44,https://www.fia.com/sites/default/files/decision-document/2020%20Austrian%20Grand%20Prix%20-%20Decision%20-%20Protest%20-%20Car%2044.pdf,2020-07-03T16:34:00-07:00,steward_decision,advertised,70c036ce3aa143ab9059bc20f40b02e55344c5ef52e0230845edb29a42b4f020,7,"From The Stewards
To All Teams, All Officials
Document 21
Date 04 July 2020
Time 00:30
2020 AUSTRIAN GRAND PRIX
2 - 5 July 2020
The Stewards
Title Decision - Protest - Car 44
Description Decision - Protest - Car 44
Enclosed AUT Aston Martin Red Bull Racing Protest Decision - Car 44.pdf
Gerd Ennser Felix Holter
Vitantonio Liuzzi Walter Jobst


2020 AUSTRIAN GRAND PRIX
2 – 5 July 2020


From The Stewards Document 21

To All Teams Date 4 July 2020
 Time 00:30



Protest filed by Aston Martin Red Bull Racing against Car number 44, driven by Lewis
Hamilton of the Mercedes‐AMG Petronas F1 Team

Stewards Decision:

The Protest is rejected as it is not founded.

Procedure:

1. On July 3, 2020, after Free Practice 2 held during the Grand Prix of Austria, counting towards
the 2020 FIA Formula One World Championship, Aston Martin Red Bull Racing (“Red Bull”) filed
a protest against Car 44 (the “car”), owned by Mercedes‐AMG Petronas F1 Team (“Mercedes”).
Red Bull claimed in its protest that the car would be not in compliance with Art 3.8 and 10.2.3
of the 2020 Formula One Technical Regulations. The parties were summoned and heard. The
following persons were present during the hearing (in person or via video conference):

On behalf of Red Bull :

‐ Paul Monaghan
‐ Adrian Newey
‐ Jonathan Wheatley

 On behalf of Mercedes
:

‐ James Allison
‐ Ron Meadows
‐ John Owen
‐ Andrew Shovlin

 On behalf of the FIA Technical Department :

‐ Nikolas Tombazis




2. The FIA Technical Department carried out an analysis of the Mercedes system and the
Stewards inspected the relevant car parts.

3. At the hearing there were no objections against the composition of the Stewards panel or
against the procedure of using a video conference call in addition to a face to face hearing. The
parties set out oral arguments and addressed the questions asked by the Stewards. The FIA
expert was interviewed and explained his written comments.

4. At the hearing the parties referred to the documents submitted. None of the parties
submitted further evidence or initiated the hearing of additional persons or conducting
further investigations.

The claims of Red Bull:

« The Mercedes DAS design breaches Articles 3.8 and 10.2.3, Aerodynamic Influence and
Suspension Geometry respectively, of the 2020 Technical Regulations via the following rationale.

Article 3.8 contains the paragraph:

With the exception of the parts necessary for the adjustment described in Article 3.6.8, any car
system, device or procedure which uses driver movement as a means of altering the
aerodynamic
characteristics of the car is prohibited.

Article 10.2.3 states

No adjustment may be made to any suspension system while the car is in motion.

DAS appears to work by changing the toe angle of the front wheels. This is separate in effect to
the traditional steering system as it
 does not involve movement of the steering rack pinion gear.

A conventional steering system can navigate a lap of any circuit and by necessity is granted
exemption to Articles 3.8 and 10.2.3. In isolation DAS is incapable of lap navigation and is
therefore dependent upon the conventional steering system –
i.e. DAS, in changing the toe angle
of the wheels is a separate and redundant system.

Alteration of the static toe angle on the front axle will also change the aerodynamic
characteristics of an F1 car, typically performed in set‐up and prohibited in Parc Ferme. DAS
operation, which is a front axle toe angle modifier, will have a measurable aerodynamic effect
on the car, whether changing the trajectory or not.

A steering system should alter a car’s trajectory when used. Observation of DAS usage in FP2
indicated deployment in a straight line with no change of trajectory, thus rendering DAS
 not a
steering system.

By observation of the video footage from FP2, use of DAS was not every lap and isolated to in/out
or re‐charge laps thus it was not a system necessary for use in timed laps, rendering the primary
purpose to be something other than steering.

Subsequent
 use in a corner cannot recover the breach as the competitor must demonstrate
compliance with the regulations at all times during an event, Article 2.7 of the Technical
Regulations.


The Technical Regulations do allow multiple steering systems. RBR contend a steering system
should have the primary purpose of being able to steer the car. A secondary system that is, on
its own, incapable of steering the car is an unnecessary system.

A key discussion point must be why have
Mercedes added the DAS system? As mentioned above,
judging by practice today, it appears to be used on out and slow laps as a means of adjusting tyre
temperature, i.e. its primary purpose is not as a steering system but rather a tyre temperature
management system.

In conclusion, DAS is an
 unnecessary, separate system requiring a separate driver input and using
components which are separate in their effect to the main steering system breaching Articles 3.8
and 10.2.3 »

Mercedes’s arguments in defence:

« DAS is not a suspension system because:

1. It is mounted on the fully sprung side of the car and plays no role in suspending the
car, or insulating the car from the undulations on the road surface
2. It is mounted fully on the power assisted steering rack.
3. All it is capable of doing –just like a traditional steering system –is to alter the
alignment of the front wheels about the kingpin axis by changing the position of
the outboard ends of the steering rack
4. It cannot change the length of any of the suspension members

DAS is a steering system because:

1. Actuating conventional steering moves the wheels in the same direction
2. Actuating DAS moves the wheels in the opposite direction – it is like changing the
static toe angle of the steering system
3. Conventional steering often also changes the toe – but it does so as a function of
steering angle
4. Changing the toe angle of the wheels changes the forces on the front tyres.
5. Any driver knows that changing the toe makes the car change its steer response
(from lazy to nervous) – changing this value while the car is manoeuvring (in
corners or on the straights) will cause the car to steer.
6. This is because under all track conditions (except the purely hypothetical situation
of zero wind and geometrically perfect track), the difference in load on the tyres
from left to right will cause the car to steer when the toe angle is changed.
7. DAS is a steering system that allows the driver to optimize the toe, and therefore
the steer response of the car during a run instead of being confined to changing
only from run to run.







DAS is a legal steering system because:

1. It fully respects Article 1.2 and 10.4.1 in that it only allows for the alignment of two
wheels
2. It is not electronically controlled
3. It passes all the geometrical and safety requirements of 10.4
4. It is a steering system, and so benefits from the same implicit exemptions from
article 3.8 as every conventional steering system on the grid
5. We have fully complied with our obligations under Art 2.5 to describe the novel
system. »
Conclusions of the Stewards :

Having considered the various statements made by the parties and listened to the expert witness
statements made at the hearing, the Stewards determine the following:

The DAS system allows the driver to adjust the toe angle of the front wheels by a longitudinal motion of
the steering wheel along the steering column. So the steering wheel has two degrees of freedom:

‐ Rotational degree of freedom around the steering column axis: this provides the conventional
steering response of the car
‐ Longitudinal degree of freedom along the steering column axis: this steers the wheels
independently from each other, thus adjusting the toe.
The DAS is hydraulically‐assisted like any conventional Formula 1 steering system, but remains under the
full control of the driver at all times. Physically, the DAS is integrated with the conventional steering
system of the car.

The Stewards believe DAS is part of the Steering system, albeit not a conventional one. The key challenges
to the legality of DAS rely on it not being part of the Steering system. If this were indeed the case, then it
would be breaching the following Technical & Sporting Regulations:

1. Article 3.8 (Aerodynamic Influence): the position of the front wheels affects the aerodynamic
performance of the car, and is controlled by the driver. An exception is de facto made for steering,
otherwise all cars would be illegal. If DAS fell outside this exception, it would be illegal.
2. Article 10.1.2, which states that the front suspension system must be so arranged that its response
results only from changes in load applied to the front wheels. Again there is an implicit exception
for steering. So if DAS was not part of the steering system, it would fall foul of this regulation too.
3. Article 10.2.1, which states that with the steering wheel fixed, the position of each wheel must be
only influenced by (a) its vertical position, and (b) minor compliances. Clearly if the DAS was not
considered to be part of the steering, and to hence provide an independent adjustment of the
wheel position, it would be illegal. Steering is a de facto exception, and if DAS was not considered
to be part of it then it would fall foul of those Articles.
4. Articles 10.2.2 and 10.2.3, related to adjustments of the suspension whilst the car is in motion or
powered suspension systems.
5. Article 34.6 of the Sporting Regulations: this forbids an adjustment of suspension in parc fermé. It
is, for example, not permitted to adjust the toe angle by mechanically adjusting the length of the
steering arms during parc fermé. Clearly (again) steering is a de facto exception, and if DAS was
not considered to be part of it then it would fall foul of this Article.


As a general conclusion, it is very simple to conclude DAS would be illegal IF it were not part of the steering
system. So the main challenge and debate has to be on whether it can be considered to be part of the
steering system.

The Stewards decide that DAS is
 a part of the Steering system.

1. Article 1.2 states that “at least two (wheels) are used for steering” and Article 10.4.1 states that
“the re‐alignment of more than two wheels is not permitted”. These two articles hence limit the
number of steered wheels to 2, but crucially no reference is made on that realignment being of a
single degree of freedom (i.e. the LH wheel having a single function of position in relation to the
RH wheel).
2. There is no direct definition of steering, but one can plausibly suggest that:
a. Steering changes the direction of the car
b. During steering the steered wheels rotate about a vertical or near‐vertical axis to change
their direction, and hence steer the car.
3. Changes in toe affect the direction of the car in two ways:
a. If toe changes in a corner, the effect will be asymmetric and hence the trajectory of the car
will change
b. If the driver applies a steering wheel (rotational) input, the response of the car will depend
on the toe angle of the wheels, hence the fore‐aft position of the DAS will have a direct
steering effect.
4. Mechanically, the DAS re‐aligns the two front wheels via the same central mechanism that
conventional steering does (i.e. the PAS). The fact it acts on the track rod is, we believe, entirely
equivalent to the conventional steering.
5. A hydraulically‐powered DAS which remains under the full control of the driver is also entirely
consistent with the hydraulically‐powered conventional steering system.
Because of the above arguments, the Stewards believe that DAS can be legitimately considered to be part
of the car’s steering system, and hence that it should be subjected to the same implicit or explicit
regulations as the conventional steering system.

The
Stewards decide that DAS is not in breach of the suspension‐related regulations.

1. Fundamentally suspension has the purpose to insulate the sprung mass of the car from the
undulations in the track surface. The alignment of each front wheel (i.e. its steering angle) has an
effect on the suspension, but this is incidental. Article 10.2.1 specifically deals with this matter,
stating that “With the steering wheel fixed, the position of each wheel centre…etc.”. This Article
essentially separates the function of the suspension and that of the steering. It is also clear that
the steering wheel position is in this case a two‐degree‐of‐freedom system.
2. Consequentially, the legality of the DAS system is identical to the conventional steering system in
terms of the legality under Articles 10.1.2, 10.2.2 and 10.2.3.
3. The legality of the DAS system under other parts of the regulations (Article 3.8 – aerodynamic
effect, ride height with steer (TD/003‐18), etc.) is equivalent to that of the conventional steering
system as the DAS, for the reasons stated, is considered to be part of the car’s steering system.

For the above reasons the Stewards conclude that the DAS system is not part of the suspension, nor can
it be considered to illegitimately adjust the suspension.

Therefore the Stewards consider DAS to be a legitimate part of the steering system and hence to satisfy
the relevant regulations regarding suspension or
 aerodynamic influence.

In the opinion of the Stewards, the DAS system is physically and functionally a part of the steering system.
As such, it benefits of the implicit exceptions to certain suspension regulations applicable to steering.

Competitors are reminded that they have the right to appeal certain decisions of the
 Stewards, in
accordance with Article 15 of the FIA International Sporting Code and Article 10.1.1 of the FIA Judicial and
Disciplinary Rules, within the applicable time limits.








Gerd Ennser Felix Holter

Vitantonio Liuzzi Walter Jobst

The Stewards",None,None,None,None,,,,,,,,,,,,,,,,,,,
reviewer_b-fia-2020-bel-0cd81c691fc7,reviewer_b,elevated_risk|stratified_exclusion_sample,fia-2020-bel-0cd81c691fc7,2020-bel,2020,7,Belgian Grand Prix,2020-08-30T00:00:00,Corrected Offence - Car 11 - impeding car 8 in P3,https://www.fia.com/sites/default/files/decision-document/2020%20Belgian%20Grand%20Prix%20-%20Corrected%20Offence%20-%20Car%2011%20-%20impeding%20car%208%20in%20P3%20.pdf,2020-08-29T08:35:00-07:00,steward_decision,advertised,66ce56cc6a281835d358ab73198807496760acb96a82cbd9e59037614c083869,1,"From The Stewards
To The Team Manager,
BWT Racing Point F1 Team
Document 26
Date 29 August 2020
Time 16:31
2020 BELGIAN GRAND PRIX
27 - 30 August 2020
The Stewards
The Stewards, having received a report from the Race Director, summoned (document 21) and heard
from the driver and team representative, have considered the following matter and determine the
following:
No / Driver 11 - Sergio Perez
Competitor BWT Racing Point F1 Team
Time 12:58
Session Practice 3
Fact Impeding car 8
Offence Breach of Article 31.5 of the FIA Formula One Sporting Regulations.
Decision Warning (in accordance with Art. 12.3.1.a of the International Sporting Code).
Reason The Stewards heard from the driver of Car 11 (Sergio Perez) and team representative
and have reviewed multiple angles of video evidence, and radio calls to the drivers.
It was obvious that Car 11 unnecessarily impeded Car 8. The driver of Car 11
conceded that he had been warned by the team of the approach of Car 8 and had
accelerated in order to try to give Car 8 “a tow”. He conceded he could have moved
off line.
The Stewards note that normally action is not taken in relation to impeding in Free
Practice sessions however in view of the emphasis that has been placed on this by the
Race Director, it was decided to issue a formal Warning in this case, and to also note
that as always, particular attention will be paid to impeding during Qualification.
Competitors are reminded that they have the right to appeal certain decisions of the
Stewards, in accordance with Article 15 of the FIA International Sporting Code and
Article 10.1.1 of the FIA Judicial and Disciplinary Rules, within the applicable time
limits.
Garry Connelly Walter Jobst
Johnny Herbert Yves Bacquelaine",Impeding car 8,Breach of Article 31.5 of the FIA Formula One Sporting Regulations.,Warning (in accordance with Art. 12.3.1.a of the International Sporting Code).,"The Stewards heard from the driver of Car 11 (Sergio Perez) and team representative
and have reviewed multiple angles of video evidence, and radio calls to the drivers.
It was obvious that Car 11 unnecessarily impeded Car 8. The driver of Car 11
conceded that he had been warned by the team of the approach of Car 8 and had
accelerated in order to try to give Car 8 “a tow”. He conceded he could have moved
off line.
The Stewards note that normally action is not taken in relation to impeding in Free
Practice sessions however in view of the emphasis that has been placed on this by the
Race Director, it was decided to issue a formal Warning in this case, and to also note
that as always, particular attention will be paid to impeding during Qualification.",,,,,,,,,,,,,,,,,,,
reviewer_b-fia-2020-bel-f7cfe6b0d0cc,reviewer_b,elevated_risk|stratified_exclusion_sample,fia-2020-bel-f7cfe6b0d0cc,2020-bel,2020,7,Belgian Grand Prix,2020-08-30T00:00:00,Offence - Car 11 - impeding car 8 in P3,https://www.fia.com/sites/default/files/decision-document/2020%20Belgian%20Grand%20Prix%20-%20Offence%20-%20Car%2011%20-%20impeding%20car%208%20in%20P3.pdf,2020-08-29T05:58:00-07:00,steward_decision,advertised,23bdf018fdabad3f5066ba4a7312ad421ccf821e5ec8bc5a7ea677ebafd189a8,1,"From The Stewards
To The Team Manager,
BWT Racing Point F1 Team
Document 24
Date 29 August 2020
Time 13:58
2020 BELGIAN GRAND PRIX
27 - 30 August 2020
The Stewards
The Stewards, having received a report from the Race Director, summoned (document 21) and heard
from the driver and team representative, have considered the following matter and determine the
following:
No / Driver 11 - Sergio Perez
Competitor BWT Racing Point F1 Team
Time 12:58
Session Practice 3
Fact Impeding car 8
Offence Breach of Article 31.5 of the FIA Formula One Sporting Regulations.
Decision Warning (in accordance with Art. 12.3.1.a of the International Sporting Code).
Reason The Stewards heard from the driver of Car 11 (Sergio Perez) and team representative
and have reviewed multiple angles of video evidence, and radio calls to the drivers.
It was obvious that Car 11 unnecessarily impeded Car 8. The driver of Car 11
conceded that he had been warned by the team of the approach of Car 8 and had
accelerated in order to try to give Car 11 “a tow”. He conceded he could have moved
off line.
The Stewards note that normally action is not taken in relation to impeding in Free
Practice sessions however in view of the emphasis that has been placed on this by the
Race Director, it was decided to issue a formal Warning in this case, and to also note
that as always, particular attention will be paid to impeding during Qualification.
Competitors are reminded that they have the right to appeal certain decisions of the
Stewards, in accordance with Article 15 of the FIA International Sporting Code and
Article 10.1.1 of the FIA Judicial and Disciplinary Rules, within the applicable time
limits.
Garry Connelly Walter Jobst
Johnny Herbert Yves Bacquelaine",Impeding car 8,Breach of Article 31.5 of the FIA Formula One Sporting Regulations.,Warning (in accordance with Art. 12.3.1.a of the International Sporting Code).,"The Stewards heard from the driver of Car 11 (Sergio Perez) and team representative
and have reviewed multiple angles of video evidence, and radio calls to the drivers.
It was obvious that Car 11 unnecessarily impeded Car 8. The driver of Car 11
conceded that he had been warned by the team of the approach of Car 8 and had
accelerated in order to try to give Car 11 “a tow”. He conceded he could have moved
off line.
The Stewards note that normally action is not taken in relation to impeding in Free
Practice sessions however in view of the emphasis that has been placed on this by the
Race Director, it was decided to issue a formal Warning in this case, and to also note
that as always, particular attention will be paid to impeding during Qualification.",,,,,,,,,,,,,,,,,,,
reviewer_b-fia-2020-esp-511e2fdd60d6,reviewer_b,elevated_risk|stratified_exclusion_sample,fia-2020-esp-511e2fdd60d6,2020-esp,2020,6,Spanish Grand Prix,2020-08-16T00:00:00,Offence - Car 26 - Ignoring Blue Flags,https://www.fia.com/sites/default/files/decision-document/2020%20Spanish%20Grand%20Prix%20-%20Offence%20-%20Car%2026%20-%20Ignoring%20Blue%20Flags.pdf,2020-08-16T09:02:00-07:00,steward_decision,advertised,6d89819839bf415ecba2fede03d9465b29b0b1c6bbe77280ad6fbcad996543f7,1,"From The Stewards
To The Team Manager,
Scuderia AlphaTauri Honda
Document 36
Date 16 August 2020
Time 16:55
2020 SPANISH GRAND PRIX
13 - 16 August 2020
The Stewards
The Stewards, having received a report from the Race Director, have considered the following matter
and determine the following:
No / Driver 26 - Daniil Kvyat
Competitor Scuderia AlphaTauri Honda
Time 16:24
Session Race
Fact Ignoring blue flags
Offence Breach of Appendix H, Article 2.5.5.1.d) of the FIA International Sporting Code.
Decision 5 seconds time penalty
(1 penalty points imposed, total of 1 points in the12-month period).
Reason The Stewards reviewed the video and telemetry evidence. The driver ignored blue flags
from at least Turn 6 to Turn 1 of the following lap.
Competitors are reminded that they have the right to appeal certain decisions of the
Stewards, in accordance with Article 15 of the FIA International Sporting Code and
Article 10.1.1 of the FIA Judicial and Disciplinary Rules, within the applicable time
limits.
Tim Mayer Matteo Perini
Emanuele Pirro David Domingo",Ignoring blue flags,"Breach of Appendix H, Article 2.5.5.1.d) of the FIA International Sporting Code.","5 seconds time penalty
(1 penalty points imposed, total of 1 points in the12-month period).","The Stewards reviewed the video and telemetry evidence. The driver ignored blue flags
from at least Turn 6 to Turn 1 of the following lap.",,,,,,,,,,,,,,,,,,,
reviewer_b-fia-2020-esp-9fdd83374b32,reviewer_b,stratified_exclusion_sample,fia-2020-esp-9fdd83374b32,2020-esp,2020,6,Spanish Grand Prix,2020-08-16T00:00:00,Decision - Car 31 - Incident with Car 20,https://www.fia.com/sites/default/files/decision-document/2020%20Spanish%20Grand%20Prix%20-%20Decision%20-%20Car%2031%20-%20Incident%20with%20Car%2020.pdf,2020-08-15T06:22:00-07:00,steward_decision,advertised,50cd3b1e130ad8db313cc25f2837846612a5630b010053a1fccc9348dde43af0,2,"From The Stewards
To The Team Manager,
Renault DP World F1 Team
Document 22
Date 15 August 2020
Time 14:21
2020 SPANISH GRAND PRIX
13 - 16 August 2020
The Stewards, having received a report from the Race Director, summoned (documents 18 and 19)
and heard from the drivers and team representative, have considered the following matter and
determine the following:
No / Driver 31 - Esteban Ocon
Competitor Renault DP World F1 Team
Time 12:58
Session Practice 3
Fact Incident with car 20 approaching turn 4
Offence Alleged breach of Article 27.4 of the FIA Formula One Sporting Regulations
Decision No Further Action
Reason The Stewards (i) heard from the driver of Car 31(Esteban Ocon) and the driver of Car
20 (Kevin Magnussen) and team representatives and (ii) have reviewed multiple
angles of video evidence, radio calls to the drivers and telemetry data.
Ocon was on an out lap having just exited the pits. Magnussen had just completed a
timed lap. Magnussen passed Ocon going from turn 2 to turn 3 but then began to slow.
On the straight, halfway between turn 3 and turn 4 Ocon swerved to avoid a slowing
Magnussen and crashed against the wall.
Discussing the incident with the drivers and examining the evidence, the Stewards
determined that Magnussen lifted and slowed using ERS harvesting; there was no use
of the brakes that contributed to the accident. This was confirmed with telemetry.
Magnussen pulled gently off line, having been advised of following traffic on fast laps.
At the same time Ocon was also moving to the right to let traffic by and was looking in
his mirrors for the cars following. When he subsequently looked forward, he was
surprised to see Magnussen directly ahead of him and swerved to avoid a collision.
Both drivers and the Stewards agreed that it was an unfortunate accident and that
neither driver was to blame. The Stewards therefore take no further action.








The Stewards
Competitors are reminded that they have the right to appeal certain decisions of the
Stewards, in accordance with Article 15 of the FIA International Sporting Code and
Article 10.1.1 of the FIA Judicial and Disciplinary Rules, within the applicable time
limits.
Tim Mayer Matteo Perini
Emanuele Pirro David Domingo",Incident with car 20 approaching turn 4,Alleged breach of Article 27.4 of the FIA Formula One Sporting Regulations,No Further Action,"The Stewards (i) heard from the driver of Car 31(Esteban Ocon) and the driver of Car
20 (Kevin Magnussen) and team representatives and (ii) have reviewed multiple
angles of video evidence, radio calls to the drivers and telemetry data.
Ocon was on an out lap having just exited the pits. Magnussen had just completed a
timed lap. Magnussen passed Ocon going from turn 2 to turn 3 but then began to slow.
On the straight, halfway between turn 3 and turn 4 Ocon swerved to avoid a slowing
Magnussen and crashed against the wall.
Discussing the incident with the drivers and examining the evidence, the Stewards
determined that Magnussen lifted and slowed using ERS harvesting; there was no use
of the brakes that contributed to the accident. This was confirmed with telemetry.
Magnussen pulled gently off line, having been advised of following traffic on fast laps.
At the same time Ocon was also moving to the right to let traffic by and was looking in
his mirrors for the cars following. When he subsequently looked forward, he was
surprised to see Magnussen directly ahead of him and swerved to avoid a collision.
Both drivers and the Stewards agreed that it was an unfortunate accident and that
neither driver was to blame. The Stewards therefore take no further action.",,,,,,,,,,,,,,,,,,,
reviewer_b-fia-2020-gbr-8da48edc23f0,reviewer_b,stratified_exclusion_sample,fia-2020-gbr-8da48edc23f0,2020-gbr,2020,4,British Grand Prix,2020-08-02T00:00:00,Offence - Car 26 - New Gearbox,https://www.fia.com/sites/default/files/decision-document/2020%20British%20Grand%20Prix%20-%20Offence%20-%20Car%2026%20-%20New%20Gearbox.pdf,2020-08-01T04:13:00-07:00,steward_decision,advertised,1e4f3544e94dec947bc34d44ad96e21fe89131ff832dceb666508af8cdca0ecf,1,"From The Stewards
To The Team Manager,
Scuderia AlphaTauri Honda
Document 23
Date 01 August 2020
Time 11:04
2020 BRITISH GRAND PRIX
30 July - 2 August 2020
The Stewards
The Stewards, having received a report from the Technical Delegate (document 20), have considered
the following matter and determine the following :
No / Driver 26 - Daniil Kvyat
Competitor Scuderia AlphaTauri Honda
Time 11:01
Session Practice 3
Fact The gearbox has been changed
Offence Breach of Article 23.5 a) of the FIA Formula One Sporting Regulations
Decision Drop of 5 grid positions
Reason The gearbox of car 26 has been changed before 6 consecutive events have expired.
Competitors are reminded that they have the right to appeal certain decisions of the
Stewards, in accordance with Article 15 of the FIA International Sporting Code and
Article 10.1.1 of the FIA Judicial and Disciplinary Rules, within the applicable time
limits.
Tim Mayer Paolo Longoni
Emanuele Pirro Steve Stringwell",The gearbox has been changed,Breach of Article 23.5 a) of the FIA Formula One Sporting Regulations,Drop of 5 grid positions,The gearbox of car 26 has been changed before 6 consecutive events have expired.,,,,,,,,,,,,,,,,,,,
reviewer_b-fia-2020-por-11e897524e85,reviewer_b,stratified_exclusion_sample,fia-2020-por-11e897524e85,2020-por,2020,12,Portuguese Grand Prix,2020-10-25T00:00:00,Decision - Car 18 - Turn 1 Incident with car 33,https://www.fia.com/sites/default/files/decision-document/2020%20Portuguese%20Grand%20Prix%20-%20Decision%20-%20Car%2018%20-%20Turn%201%20Incident%20with%20car%2033.pdf,2020-10-23T10:48:00-07:00,steward_decision,advertised,d56d5e8e98ff72c50f307196a4371d26383c8cf3f4e7114ab015d33d6329615b,2,"From The Stewards
To The Team Manager,
BWT Racing Point F1 Team
Document 18
Date 23 October 2020
Time 17:46
2020 PORTUGUESE GRAND PRIX
22 to 25 October
The Stewards, having received a report from the Race Director, summoned (documents 13 and 14)
and heard from the drivers and team representatives, have considered the following matter and
determine the following:
No / Driver 18 - Lance Stroll
Competitor BWT Racing Point F1 Team
Time 16:05
Session Practice 2
Fact Collision with car 33 in turn 1.
Offence Alleged breach of Article 2 d) of Chapter IV Appendix L of the FIA International
Sporting Code.
Decision No further action
Reason The Stewards heard from the driver of Car 18 (Lance Stroll), the driver of car 33 (Max
Verstappen), team representatives and have reviewed video and audio evidence.
Stroll was on a fast lap and was allowed to pass by Verstappen on the lap preceding
the incident. Given the information from his team and usual practice, Verstappen
assumed that Stroll would back off for the next lap and moved to overtake along the
main straight. However, Stroll was instructed by his team to go for a second flying lap.
Stroll assumed that Verstappen would have backed off to gain a gap between them,
also in line with usual practice, and so was not looking for the overtaking Verstappen.
The drivers agreed in the hearing that the incident was the result of a misunderstanding
between them and that with hindsight, both could have contributed to avoid the incident.
The Stewards therefore find that neither driver was wholly or predominantly at fault and
take no further action.
Competitors are reminded that they have the right to appeal certain decisions of the
Stewards, in accordance with Article 15 of the FIA International Sporting Code and
Article 10.1.1 of the FIA Judicial and Disciplinary Rules, within the applicable time
limits.





The Stewards
Tim Mayer Felix Holter
Vitaly Petrov Paulo Magalhaes",Collision with car 33 in turn 1.,"Alleged breach of Article 2 d) of Chapter IV Appendix L of the FIA International
Sporting Code.",No further action,"The Stewards heard from the driver of Car 18 (Lance Stroll), the driver of car 33 (Max
Verstappen), team representatives and have reviewed video and audio evidence.
Stroll was on a fast lap and was allowed to pass by Verstappen on the lap preceding
the incident. Given the information from his team and usual practice, Verstappen
assumed that Stroll would back off for the next lap and moved to overtake along the
main straight. However, Stroll was instructed by his team to go for a second flying lap.
Stroll assumed that Verstappen would have backed off to gain a gap between them,
also in line with usual practice, and so was not looking for the overtaking Verstappen.
The drivers agreed in the hearing that the incident was the result of a misunderstanding
between them and that with hindsight, both could have contributed to avoid the incident.
The Stewards therefore find that neither driver was wholly or predominantly at fault and
take no further action.",,,,,,,,,,,,,,,,,,,
reviewer_b-fia-2020-por-48056c42c597,reviewer_b,stratified_exclusion_sample,fia-2020-por-48056c42c597,2020-por,2020,12,Portuguese Grand Prix,2020-10-25T00:00:00,Offence - Car 11 - incident with car 10,https://www.fia.com/sites/default/files/decision-document/2020%20Portuguese%20Grand%20Prix%20-%20Offence%20-%20Car%2011%20-%20incident%20with%20car%2010.pdf,2020-10-25T10:03:00-07:00,steward_decision,advertised,c3bc68102bf8b9a0503a827aedec5fb18ab1141a1ca8197b73c369a18332a169,2,"From The Stewards
To The Team Manager,
BWT Racing Point F1 Team
Document 62
Date 25 October 2020
Time 17:02
2020 PORTUGUESE GRAND PRIX
22 to 25 October
The Stewards, having received a report from the Race Director, summoned (documents 56 and 57)
and heard from the drivers and team representatives, have considered the following matter and
determine the following:
No / Driver 11 - Sergio Perez
Competitor BWT Racing Point F1 Team
Time 14:39
Session Race
Fact Moved in a manner potentially dangerous.
Offence Breach of Article 27.4 of the FIA Formula One Sporting Regulations.
Decision Reprimand (Driving)
 (This is the driver’s 2nd reprimand of the season)
Reason The Stewards heard from the driver of Car 11 (Sergio Perez), the driver of car 10
(Pierre Gasly), team representatives and have reviewed multiple angles of video
evidence.
The Stewards determined that on lap 64 of the race at the end of the main straight,
Perez moved in defence at the exact same time that Gasly who was overtaking to the
right having slipstreamed Perez down the straight. Gasly’s move was made before the
braking zone and was entirely reasonable.
As Gasly was moving to the right with significantly greater speed, Perez moved to the
right and then continued to move in front of Gasly for a significant portion of the track
but stopped having left a car width to the inside.
The Stewards noted that earlier this year, the drivers discussed “late movement in
reaction” moves and agreed that they were potentially very dangerous. The Stewards
considered that this move was at the fastest portion of the track, but also noted that
Perez did not move in reaction, but rather moved first or simultaneously. Further he is
entitled to make a single defensive move, but such a move cannot constitute a danger
to another driver.
In the hearing, both drivers agreed that while on the limit, this manoeuvre was
fundamentally okay and constituted racing at the limit. The Stewards however, believe
that this was too close to that limit and that Perez had not sufficiently accounted for the
speed differential. In selecting a penalty, the Stewards have taken into account the
views of the drivers involved and ordered a Reprimand (Driving.)
Competitors are reminded that they have the right to appeal certain decisions of the
Stewards, in accordance with Article 15 of the FIA International Sporting Code and

The Stewards
Article 10.1.1 of the FIA Judicial and Disciplinary Rules, within the applicable time
limits.
Tim Mayer Felix Holter
Bruno Correia Paulo Magalhaes",Moved in a manner potentially dangerous.,Breach of Article 27.4 of the FIA Formula One Sporting Regulations.,"Reprimand (Driving)
 (This is the driver’s 2nd reprimand of the season)","The Stewards heard from the driver of Car 11 (Sergio Perez), the driver of car 10
(Pierre Gasly), team representatives and have reviewed multiple angles of video
evidence.
The Stewards determined that on lap 64 of the race at the end of the main straight,
Perez moved in defence at the exact same time that Gasly who was overtaking to the
right having slipstreamed Perez down the straight. Gasly’s move was made before the
braking zone and was entirely reasonable.
As Gasly was moving to the right with significantly greater speed, Perez moved to the
right and then continued to move in front of Gasly for a significant portion of the track
but stopped having left a car width to the inside.
The Stewards noted that earlier this year, the drivers discussed “late movement in
reaction” moves and agreed that they were potentially very dangerous. The Stewards
considered that this move was at the fastest portion of the track, but also noted that
Perez did not move in reaction, but rather moved first or simultaneously. Further he is
entitled to make a single defensive move, but such a move cannot constitute a danger
to another driver.
In the hearing, both drivers agreed that while on the limit, this manoeuvre was
fundamentally okay and constituted racing at the limit. The Stewards however, believe
that this was too close to that limit and that Perez had not sufficiently accounted for the
speed differential. In selecting a penalty, the Stewards have taken into account the
views of the drivers involved and ordered a Reprimand (Driving.)",,,,,,,,,,,,,,,,,,,
reviewer_b-fia-2020-por-c2d4ef91f8b0,reviewer_b,stratified_exclusion_sample,fia-2020-por-c2d4ef91f8b0,2020-por,2020,12,Portuguese Grand Prix,2020-10-25T00:00:00,Decision - Car 33 - Turn 1 Incident with car 18,https://www.fia.com/sites/default/files/decision-document/2020%20Portuguese%20Grand%20Prix%20-%20Decision%20-%20Car%2033%20-%20Turn%201%20Incident%20with%20car%2018.pdf,2020-10-23T10:49:00-07:00,steward_decision,advertised,fe6037b6277ea01d34eec6a77c746eeb1129d6dba2b283a4951df68896c46a2f,2,"From The Stewards
To The Team Manager,
Aston Martin Red Bull Racing
Document 19
Date 23 October 2020
Time 17:46
2020 PORTUGUESE GRAND PRIX
22 to 25 October
The Stewards, having received a report from the Race Director, summoned (documents 13 and 14)
and heard from the drivers and team representatives, have considered the following matter and
determine the following:
No / Driver 33 - Max Verstappen
Competitor Aston Martin Red Bull Racing
Time 16:05
Session Practice 2
Fact Collision with car 18 in turn 1
Offence Alleged breach of Article 2 d) of Chapter IV Appendix L of the FIA International
Sporting Code.
Decision No further action
Reason The Stewards heard from the driver of Car 18 (Lance Stroll), the driver of car 33 (Max
Verstappen), team representatives and have reviewed video and audio evidence.
Stroll was on a fast lap and was allowed to pass by Verstappen on the lap preceding
the incident. Given the information from his team and usual practice, Verstappen
assumed that Stroll would back off for the next lap and moved to overtake along the
main straight. However, Stroll was instructed by his team to go for a second flying lap.
Stroll assumed that Verstappen would have backed off to gain a gap between them,
also in line with usual practice, and so was not looking for the overtaking Verstappen.
The drivers agreed in the hearing that the incident was the result of a misunderstanding
between them and that with hindsight, both could have contributed to avoid the incident.
The Stewards therefore find that neither driver was wholly or predominantly at fault and
take no further action.
Competitors are reminded that they have the right to appeal certain decisions of the
Stewards, in accordance with Article 15 of the FIA International Sporting Code and
Article 10.1.1 of the FIA Judicial and Disciplinary Rules, within the applicable time
limits.




The Stewards
Tim Mayer Felix Holter
Vitaly Petrov Paulo Magalhaes",Collision with car 18 in turn 1,"Alleged breach of Article 2 d) of Chapter IV Appendix L of the FIA International
Sporting Code.",No further action,"The Stewards heard from the driver of Car 18 (Lance Stroll), the driver of car 33 (Max
Verstappen), team representatives and have reviewed video and audio evidence.
Stroll was on a fast lap and was allowed to pass by Verstappen on the lap preceding
the incident. Given the information from his team and usual practice, Verstappen
assumed that Stroll would back off for the next lap and moved to overtake along the
main straight. However, Stroll was instructed by his team to go for a second flying lap.
Stroll assumed that Verstappen would have backed off to gain a gap between them,
also in line with usual practice, and so was not looking for the overtaking Verstappen.
The drivers agreed in the hearing that the incident was the result of a misunderstanding
between them and that with hindsight, both could have contributed to avoid the incident.
The Stewards therefore find that neither driver was wholly or predominantly at fault and
take no further action.",,,,,,,,,,,,,,,,,,,
reviewer_b-fia-2020-rus-343d3fed4987,reviewer_b,elevated_risk|stratified_exclusion_sample,fia-2020-rus-343d3fed4987,2020-rus,2020,10,Russian Grand Prix,2020-09-27T00:00:00,Offence - Car 44 - 1st Practice start,https://www.fia.com/sites/default/files/decision-document/2020%20Russian%20Grand%20Prix%20-%20Offence%20-%20Car%2044%20-%201st%20Practice%20start.pdf,2020-09-27T06:07:00-07:00,steward_decision,advertised,f549e7fda83b621a27a731eb746e1e7a731b3e8731c0360ed380eb94781a7046,1,"From The Stewards
To The Team Manager,
Mercedes-AMG Petronas F1 Team
Document 46
Date 27 September 2020
Time 14:52
2020 RUSSIAN GRAND PRIX
24 - 27 September 2020
The Stewards
The Stewards, having received a report from the Race Director, have considered the following matter
and determine the following:
No / Driver 44 - Lewis Hamilton
Competitor Mercedes-AMG Petronas F1 Team
Time 13:32
Session Reconnaissance Laps
Fact Practice start violation.
Offence Breach of the FIA International Sporting Code Article 12.1.1 (i), failure to follow the
instructions contained in the Event Notes (v3) item 19.1, practice start location at
13:32 and Article 36.1 FIA Formula 1 Sporting Regulations.
Decision 5 second time penalty
 (1 penalty points imposed, total of 9 points in the 12-month period)
Reason The Stewards reviewed video evidence.
The driver performed the practice start near the end, but directly in the pit exit. Art 36.1
requires drivers to use constant throttle and constant speed in the pit exit other than in
the place designated for practice starts in the Event Notes item 19.1., which is defined
as the place ”on the right hand side” after the pit exit lights (and is not part of the track
as defined by lines) which has been known to all competitors and used without
exception.
Competitors are reminded that they have the right to appeal certain decisions of the
Stewards, in accordance with Article 15 of the FIA International Sporting Code and
Article 10.1.1 of the FIA Judicial and Disciplinary Rules, within the applicable time
limits.
Gerd Ennser Andrew Mallalieu
Mika Salo George Andreev",Practice start violation.,"Breach of the FIA International Sporting Code Article 12.1.1 (i), failure to follow the
instructions contained in the Event Notes (v3) item 19.1, practice start location at
13:32 and Article 36.1 FIA Formula 1 Sporting Regulations.","5 second time penalty
 (1 penalty points imposed, total of 9 points in the 12-month period)","The Stewards reviewed video evidence.
The driver performed the practice start near the end, but directly in the pit exit. Art 36.1
requires drivers to use constant throttle and constant speed in the pit exit other than in
the place designated for practice starts in the Event Notes item 19.1., which is defined
as the place ”on the right hand side” after the pit exit lights (and is not part of the track
as defined by lines) which has been known to all competitors and used without
exception.",,,,,,,,,,,,,,,,,,,
reviewer_b-fia-2020-skh-9e2651e5d5ba,reviewer_b,included_multi_party,fia-2020-skh-9e2651e5d5ba,2020-skh,2020,16,Sakhir Grand Prix,2020-12-06T00:00:00,Offence - Car 16 - causing a collision,https://www.fia.com/sites/default/files/decision-document/2020%20Sakhir%20Grand%20Prix%20-%20Offence%20-%20Car%2016%20-%20causing%20a%20collision.pdf,2020-12-06T11:42:00-08:00,steward_decision,advertised,a3dbe263570731d13f50f5d531d8cc8730816233a05870be73d38f37fda0882f,1,"From The Stewards
To The Team Manager,
Scuderia Ferrari
Document 37
Date 06 December 2020
Time 22:39
2020 SAKHIR GRAND PRIX
3 - 6 December 2020
The Stewards
The Stewards, having received a report from the Race Director, summoned (document 32) and heard
from the driver and team representative, have considered the following matter and determine the
following:
No / Driver 16 - Charles Leclerc
Competitor Scuderia Ferrari
Time 20:13
Session Race
Fact Car 16 collided with Car 11 at Turn 4, forcing Car 33 to take avoiding action which
resulted in Car 33 hitting the barrier.
Offence Breach of Article 2 d) Chapter IV Appendix L of the FIA International Sporting Code –
Causing a collision.
Decision Drop of 3 grid positions at the next race.
(2 penalty points imposed, total of 3 points in the 12-month period)
Reason The Stewards heard from the driver of Car 16 (Charles Leclerc), team representatives
and have reviewed multiple angles of video evidence.
Car 16 braked too late into Turn 4, locking the front right wheel and colliding with Car
11 which was taking the normal racing line into the corner.
Competitors are reminded that they have the right to appeal certain decisions of the
Stewards, in accordance with Article 15 of the FIA International Sporting Code and
Article 10.1.1 of the FIA Judicial and Disciplinary Rules, within the applicable time
limits.
Garry Connelly Loic Bacquelaine
Mika Salo Mazen Al Hilli","Car 16 collided with Car 11 at Turn 4, forcing Car 33 to take avoiding action which
resulted in Car 33 hitting the barrier.","Breach of Article 2 d) Chapter IV Appendix L of the FIA International Sporting Code –
Causing a collision.","Drop of 3 grid positions at the next race.
(2 penalty points imposed, total of 3 points in the 12-month period)","The Stewards heard from the driver of Car 16 (Charles Leclerc), team representatives
and have reviewed multiple angles of video evidence.
Car 16 braked too late into Turn 4, locking the front right wheel and colliding with Car
11 which was taking the normal racing line into the corner.",,,,,,,,,,,,,,,,,,,
reviewer_b-fia-2020-tus-3299714baba8,reviewer_b,included_multi_party,fia-2020-tus-3299714baba8,2020-tus,2020,9,Tuscan Grand Prix,2020-09-13T00:00:00,Decision - Car 8 - Turn 2 Incident,https://www.fia.com/sites/default/files/decision-document/2020%20Tuscan%20Grand%20Prix%20-%20Decision%20-%20Car%208%20-%20Turn%202%20Incident.pdf,2020-09-13T08:30:00-07:00,steward_decision,advertised,1a02da7e96754280b6f25413da2f46d5ef52e821c6d177b45afe67ade0834edf,1,"From The Stewards
To The Team Manager,
Haas F1 Team
Document 37
Date 13 September 2020
Time 16:22
2020 TUSCAN GRAND PRIX
10 - 13 September 2020
The Stewards
The Stewards, having received a report from the Race Director, have considered the following matter
and determine the following:
No / Driver 8 - Romain Grosjean
Competitor Haas F1 Team
Time 15:14
Session Race
Fact T2 incident.
Offence Alleged breach of Article 2d) Chapter IV Appendix L of the FIA International Sporting
Code.
Decision No further action.
Reason The Stewards viewed video evidence from multiple angles.
Three cars (7, 10 and 8) were side by side – cars 10 and 8 came close together as 8
moved to the left, and 10 moved to the left to avoid car 8, colliding with car 7 as it
moved slightly to the right. Car 33 was a “victim” of these three cars coming together.
We regard this as a first lap incident albeit with major consequences.
Competitors are reminded that they have the right to appeal certain decisions of the
Stewards, in accordance with Article 15 of the FIA International Sporting Code and
Article 10.1.1 of the FIA Judicial and Disciplinary Rules, within the applicable time
limits.
Garry Connelly Loic Bacquelaine
Mika Salo Matteo Perini",T2 incident.,"Alleged breach of Article 2d) Chapter IV Appendix L of the FIA International Sporting
Code.",No further action.,"The Stewards viewed video evidence from multiple angles.
Three cars (7, 10 and 8) were side by side – cars 10 and 8 came close together as 8
moved to the left, and 10 moved to the left to avoid car 8, colliding with car 7 as it
moved slightly to the right. Car 33 was a “victim” of these three cars coming together.
We regard this as a first lap incident albeit with major consequences.",,,,,,,,,,,,,,,,,,,
reviewer_b-fia-2020-tus-65bfe923f953,reviewer_b,included_multi_party,fia-2020-tus-65bfe923f953,2020-tus,2020,9,Tuscan Grand Prix,2020-09-13T00:00:00,Decision - Car 33 - Turn 2 Incident,https://www.fia.com/sites/default/files/decision-document/2020%20Tuscan%20Grand%20Prix%20-%20Decision%20-%20Car%2033%20-%20Turn%202%20Incident.pdf,2020-09-13T08:55:00-07:00,steward_decision,advertised,67df405195010992de4361a404801693139a4b7f05f8831f9024d4413f96261c,1,"From The Stewards
To The Team Manager,
Aston Martin Red Bull Racing
Document 39
Date 13 September 2020
Time 16:23
2020 TUSCAN GRAND PRIX
10 - 13 September 2020
The Stewards
The Stewards, having received a report from the Race Director, have considered the following matter
and determine the following:
No / Driver 33 - Max Verstappen
Competitor Aston Martin Red Bull Racing
Time 15:14
Session Race
Fact T2 incident.
Offence Alleged breach of Article 2d) Chapter IV Appendix L of the FIA International Sporting
Code.
Decision No further action.
Reason The Stewards viewed video evidence from multiple angles.
Three cars (7, 10 and 8) were side by side – cars 10 and 8 came close together as 8
moved to the left, and 10 moved to the left to avoid car 8, colliding with car 7 as it
moved slightly to the right. Car 33 was a “victim” of these three cars coming together.
We regard this as a first lap incident albeit with major consequences.
Competitors are reminded that they have the right to appeal certain decisions of the
Stewards, in accordance with Article 15 of the FIA International Sporting Code and
Article 10.1.1 of the FIA Judicial and Disciplinary Rules, within the applicable time
limits.
Garry Connelly Loic Bacquelaine
Mika Salo Matteo Perini",T2 incident.,"Alleged breach of Article 2d) Chapter IV Appendix L of the FIA International Sporting
Code.",No further action.,"The Stewards viewed video evidence from multiple angles.
Three cars (7, 10 and 8) were side by side – cars 10 and 8 came close together as 8
moved to the left, and 10 moved to the left to avoid car 8, colliding with car 7 as it
moved slightly to the right. Car 33 was a “victim” of these three cars coming together.
We regard this as a first lap incident albeit with major consequences.",,,,,,,,,,,,,,,,,,,
reviewer_b-fia-2020-tus-8b2908d46c54,reviewer_b,included_multi_party,fia-2020-tus-8b2908d46c54,2020-tus,2020,9,Tuscan Grand Prix,2020-09-13T00:00:00,Decision - Car 10 - Turn 2 Incident,https://www.fia.com/sites/default/files/decision-document/2020%20Tuscan%20Grand%20Prix%20-%20Decision%20-%20Car%2010%20-%20Turn%202%20Incident.pdf,2020-09-13T08:38:00-07:00,steward_decision,advertised,4cd415295c7df425ae672d8104d907f4a069a846db7d581d983855fda4890a90,1,"From The Stewards
To The Team Manager,
Scuderia AlphaTauri Honda
Document 38
Date 13 September 2020
Time 16:22
2020 TUSCAN GRAND PRIX
10 - 13 September 2020
The Stewards
The Stewards, having received a report from the Race Director, have considered the following matter
and determine the following:
No / Driver 10 - Pierre Gasly
Competitor Scuderia AlphaTauri Honda
Time 15:14
Session Race
Fact T2 incident.
Offence Alleged breach of Article 2d) Chapter IV Appendix L of the FIA International Sporting
Code.
Decision No further action.
Reason The Stewards viewed video evidence from multiple angles.
Three cars (7, 10 and 8) were side by side – cars 10 and 8 came close together as 8
moved to the left, and 10 moved to the left to avoid car 8, colliding with car 7 as it
moved slightly to the right. Car 33 was a “victim” of these three cars coming together.
We regard this as a first lap incident albeit with major consequences.
Competitors are reminded that they have the right to appeal certain decisions of the
Stewards, in accordance with Article 15 of the FIA International Sporting Code and
Article 10.1.1 of the FIA Judicial and Disciplinary Rules, within the applicable time
limits.
Garry Connelly Loic Bacquelaine
Mika Salo Matteo Perini",T2 incident.,"Alleged breach of Article 2d) Chapter IV Appendix L of the FIA International Sporting
Code.",No further action.,"The Stewards viewed video evidence from multiple angles.
Three cars (7, 10 and 8) were side by side – cars 10 and 8 came close together as 8
moved to the left, and 10 moved to the left to avoid car 8, colliding with car 7 as it
moved slightly to the right. Car 33 was a “victim” of these three cars coming together.
We regard this as a first lap incident albeit with major consequences.",,,,,,,,,,,,,,,,,,,
reviewer_b-fia-2020-tus-8f4aa7153d82,reviewer_b,included_multi_party,fia-2020-tus-8f4aa7153d82,2020-tus,2020,9,Tuscan Grand Prix,2020-09-13T00:00:00,Decision - Car 7 - Turn 2 Incident,https://www.fia.com/sites/default/files/decision-document/2020%20Tuscan%20Grand%20Prix%20-%20Decision%20-%20Car%207%20-%20Turn%202%20Incident.pdf,2020-09-13T08:30:00-07:00,steward_decision,advertised,63faa15af31b42ecb5517ab64d4ef845052704c4f182e93048f563f71729fe5d,1,"From The Stewards
To The Team Manager,
Alfa Romeo Racing ORLEN
Document 36
Date 13 September 2020
Time 16:22
2020 TUSCAN GRAND PRIX
10 - 13 September 2020
The Stewards
The Stewards, having received a report from the Race Director, have considered the following matter
and determine the following:
No / Driver 7 - Kimi Raikkonen
Competitor Alfa Romeo Racing ORLEN
Time 15:14
Session Race
Fact T2 incident.
Offence Alleged breach of Article 2d) Chapter IV Appendix L of the FIA International Sporting
Code.
Decision No further action.
Reason The Stewards viewed video evidence from multiple angles.
Three cars (7, 10 and 8) were side by side – cars 10 and 8 came close together as 8
moved to the left, and 10 moved to the left to avoid car 8, colliding with car 7 as it
moved slightly to the right. Car 33 was a “victim” of these three cars coming together.
We regard this as a first lap incident albeit with major consequences.
Competitors are reminded that they have the right to appeal certain decisions of the
Stewards, in accordance with Article 15 of the FIA International Sporting Code and
Article 10.1.1 of the FIA Judicial and Disciplinary Rules, within the applicable time
limits.
Garry Connelly Loic Bacquelaine
Mika Salo Matteo Perini",T2 incident.,"Alleged breach of Article 2d) Chapter IV Appendix L of the FIA International Sporting
Code.",No further action.,"The Stewards viewed video evidence from multiple angles.
Three cars (7, 10 and 8) were side by side – cars 10 and 8 came close together as 8
moved to the left, and 10 moved to the left to avoid car 8, colliding with car 7 as it
moved slightly to the right. Car 33 was a “victim” of these three cars coming together.
We regard this as a first lap incident albeit with major consequences.",,,,,,,,,,,,,,,,,,,
reviewer_b-fia-2020-tus-ae233fd33a42,reviewer_b,stratified_exclusion_sample,fia-2020-tus-ae233fd33a42,2020-tus,2020,9,Tuscan Grand Prix,2020-09-13T00:00:00,Offence - Car 11 - collision with car 7,https://www.fia.com/sites/default/files/decision-document/2020%20Tuscan%20Grand%20Prix%20-%20Offence%20-%20Car%2011%20-%20collision%20with%20car%207.pdf,2020-09-11T10:23:00-07:00,steward_decision,advertised,4d290fa800db882a50f4de98f60f45ff899df7586de619f119f5a6e919daa7f7,2,"From The Stewards
To The Team Manager,
BWT Racing Point F1 Team
Document 18
Date 11 September 2020
Time 18:23
2020 TUSCAN GRAND PRIX
10 - 13 September 2020
The Stewards, having received a report from the Race Director, summoned (document 14) and heard
from the driver and team representative, have considered the following matter and determine the
following:
No / Driver 11 - Sergio Perez
Competitor BWT Racing Point F1 Team
Time 16:11
Session Practice 2
Fact Caused a collision with car 7 in turn 1.
Offence Breach of Article 2 d) of Chapter IV Appendix L of the FIA International Sporting Code.
Decision Drop of 1 grid position
 (1 penalty points imposed, total of 2 points in the12-month period).
Reason The Stewards heard from the driver of Car 11 (Sergio Perez) and team representative
and have reviewed video evidence and radio transmissions.
The Driver of Car 11 was warned by his team of the approach of Car 7 and Car 23 as
he was leaving the Pit Exit, there was a blue flag waved at him prior to Turn 1 and it
was apparent that he saw Car 7 in his mirrors.
The Driver argued that the Pit Exit is extremely long and he had reached a high speed
by the time he was passed by Car 7 and that he was unable to take a different
approach to the turn.
In deciding penalty, the Stewards considered other similar incidents in Free Practice,
including BOT (Abu Dhabi 2019 - Reprimand) and VET (Bahrain 2015 - NFA). We
consider there is some merit in mitigating penalty and therefore reduce the normal
penalty for an offence of this type from 3 grid positions to 1, noting that a grid penalty is
appropriate as Car 11 was exiting the pits, whereas Car 7 was on a fast lap and
therefore the driver of Car 11 was wholly to blame.
Competitors are reminded that they have the right to appeal certain decisions of the
Stewards, in accordance with Article 15 of the FIA International Sporting Code and
Article 10.1.1 of the FIA Judicial and Disciplinary Rules, within the applicable time
limits.



The Stewards
Garry Connelly Loic Bacquelaine
Mika Salo Matteo Perini",Caused a collision with car 7 in turn 1.,Breach of Article 2 d) of Chapter IV Appendix L of the FIA International Sporting Code.,"Drop of 1 grid position
 (1 penalty points imposed, total of 2 points in the12-month period).","The Stewards heard from the driver of Car 11 (Sergio Perez) and team representative
and have reviewed video evidence and radio transmissions.
The Driver of Car 11 was warned by his team of the approach of Car 7 and Car 23 as
he was leaving the Pit Exit, there was a blue flag waved at him prior to Turn 1 and it
was apparent that he saw Car 7 in his mirrors.
The Driver argued that the Pit Exit is extremely long and he had reached a high speed
by the time he was passed by Car 7 and that he was unable to take a different
approach to the turn.
In deciding penalty, the Stewards considered other similar incidents in Free Practice,
including BOT (Abu Dhabi 2019 - Reprimand) and VET (Bahrain 2015 - NFA). We
consider there is some merit in mitigating penalty and therefore reduce the normal
penalty for an offence of this type from 3 grid positions to 1, noting that a grid penalty is
appropriate as Car 11 was exiting the pits, whereas Car 7 was on a fast lap and
therefore the driver of Car 11 was wholly to blame.",,,,,,,,,,,,,,,,,,,
reviewer_b-fia-2021-aut-ea99543a6b14,reviewer_b,stratified_exclusion_sample,fia-2021-aut-ea99543a6b14,2021-aut,2021,9,Austrian Grand Prix,2021-07-04T00:00:00,Decision - Car 55 - Alleged driving unnecessarily slowly.,https://www.fia.com/sites/default/files/decision-document/2021%20Austrian%20Grand%20Prix%20-%20Decision%20-%20Car%2055%20-%20Alleged%20driving%20unnecessarily%20slowly..pdf,2021-07-03T11:35:00-07:00,steward_decision,advertised,c3d8a537eeb190213cdabf95e13cfe0307c025c23adc0015454353c382fd98c8,1,"From The Stewards
To The Team Manager,
Scuderia Ferrari
Document 37
Date 03 July 2021
Time 19:33
2021 AUSTRIAN GRAND PRIX
01 - 04 July 2021
The Stewards
The Stewards, having received a report from the Race Director, summoned (document 32) and
heard from the driver and team representative, have considered the following matter and determine
the following:
No / Driver 55 - Carlos Sainz
Competitor Scuderia Ferrari
Time 15:39
Session Qualifying
Fact Alleged driving unnecessarily slowly in the entry to turn 9 and 10.
Offence Alleged breach of Article 27.4 of the FIA Formula One Sporting Regulations.
Decision No further action
Reason The Stewards heard from the driver of Car 55 (Carlos Sainz) and team
representative and reviewed video evidence.
At the end of Q2 SAI slowed down at the entry of T9 to create a gap for his final lap.
This is contrary to the Race Directors event notes 24.2a. However, given the
situation that many drivers ended up queuing at this part of the circuit, the Stewards
determine that too many drivers contributed to the situation and therefore the driver
concerned is not fully to blame.
Competitors are reminded that they have the right to appeal certain decisions of the
Stewards, in accordance with Article 15 of the FIA International Sporting Code and
Article 10.1.1 of the FIA Judicial and Disciplinary Rules, within the applicable time
limits.
Gerd Ennser Paolo Longoni
Derek Warwick Walter Jobst",Alleged driving unnecessarily slowly in the entry to turn 9 and 10.,Alleged breach of Article 27.4 of the FIA Formula One Sporting Regulations.,No further action,"The Stewards heard from the driver of Car 55 (Carlos Sainz) and team
representative and reviewed video evidence.
At the end of Q2 SAI slowed down at the entry of T9 to create a gap for his final lap.
This is contrary to the Race Directors event notes 24.2a. However, given the
situation that many drivers ended up queuing at this part of the circuit, the Stewards
determine that too many drivers contributed to the situation and therefore the driver
concerned is not fully to blame.",,,,,,,,,,,,,,,,,,,
reviewer_b-fia-2021-emi-1f06baad9afe,reviewer_b,stratified_exclusion_sample,fia-2021-emi-1f06baad9afe,2021-emi,2021,2,Emilia Romagna Grand Prix,2021-04-18T00:00:00,Decision - Car 11 - Incident with car 31 in turn 5,https://www.fia.com/sites/default/files/decision-document/2021%20Emilia%20Romagna%20Grand%20Prix%20-%20Decision%20-%20Car%2011%20-%20Incident%20with%20car%2031%20in%20turn%205.pdf,2021-04-16T04:57:00-07:00,steward_decision,advertised,a0ff26a36db6ef9bd929ab64e1a35c853ba74177d707b561b80862383a38bb3e,1,"From The Stewards
To The Team Manager,
Red Bull Racing Honda
Document 10
Date 16 April 2021
Time 12:54
2021 EMILIA ROMAGNA GRAND PRIX
15 - 18 April 2021
The Stewards
The Stewards, having received a report from the Race Director, summoned (documents 8 & 9) and
heard from the driver and team representative, have considered the following matter and determine
the following:
No / Driver 11 - Sergio Perez
Competitor Red Bull Racing Honda
Time 11:36
Session Practice 1
Fact Car 11 collided with Car 31 at Turn 5.
Offence Alleged Breach of Article 2 d) Chapter IV Appendix L of the FIA International Sporting
Code – Causing a collision.
Decision No Further Action
Reason The Stewards heard from the driver of Car 11 (Sergio Perez), the driver of Car 31
(Esteban Ocon) and the team representatives and reviewed video evidence.
Ocon slowed before Turn 5 in order to let Perez by, as well as moving entirely to the
inside of the turn. Perez was on a fast lap. The two cars reached the apex at the
same time, and just barely touched wheels. In the end, both drivers agreed in the
hearing that it was an unfortunate miscommunication of timing between them, not
helped by the fact that both drivers had limited or no communications with their teams
at the time. Both drivers agreed that neither was at fault.
The Stewards therefore take no further action.
Competitors are reminded that they have the right to appeal certain decisions of the
Stewards, in accordance with Article 15 of the FIA International Sporting Code and
Article 10.1.1 of the FIA Judicial and Disciplinary Rules, within the applicable time
limits.
Tim Mayer Silvia Bellot
Tom Kristensen Iacopo Arcangeli",Car 11 collided with Car 31 at Turn 5.,"Alleged Breach of Article 2 d) Chapter IV Appendix L of the FIA International Sporting
Code – Causing a collision.",No Further Action,"The Stewards heard from the driver of Car 11 (Sergio Perez), the driver of Car 31
(Esteban Ocon) and the team representatives and reviewed video evidence.
Ocon slowed before Turn 5 in order to let Perez by, as well as moving entirely to the
inside of the turn. Perez was on a fast lap. The two cars reached the apex at the
same time, and just barely touched wheels. In the end, both drivers agreed in the
hearing that it was an unfortunate miscommunication of timing between them, not
helped by the fact that both drivers had limited or no communications with their teams
at the time. Both drivers agreed that neither was at fault.
The Stewards therefore take no further action.",,,,,,,,,,,,,,,,,,,
reviewer_b-fia-2021-emi-784f1ce8ee2e,reviewer_b,stratified_exclusion_sample,fia-2021-emi-784f1ce8ee2e,2021-emi,2021,2,Emilia Romagna Grand Prix,2021-04-18T00:00:00,Decision - Car 10 - Alleged overtaking under a red flag,https://www.fia.com/sites/default/files/decision-document/2021%20Emilia%20Romagna%20Grand%20Prix%20-%20Decision%20-%20Car%2010%20-%20Alleged%20overtaking%20under%20a%20red%20flag.pdf,2021-04-17T04:57:00-07:00,steward_decision,advertised,d5bdf2d476ed4b9cd12926df509c940282f7487eb9ebcc1e5c537f6db28f22aa,2,"From The Stewards
To The Team Manager,
Scuderia AlphaTauri Honda
Document 29
Date 17 April 2021
Time 12:53
2021 EMILIA ROMAGNA GRAND PRIX
15 - 18 April 2021
The Stewards
The Stewards, having received a report from the Race Director, have considered the following
matter and determine the following:
No / Driver 10 - Pierre Gasly
Competitor Scuderia AlphaTauri Honda
Time 11:25
Session Practice 3
Fact Alleged Overtaking under a Red flag.
Offence Alleged breach of International Sporting Code Appendix L Ch IV Art 1 and Appendix H
2.5.4.1.b.
Decision No further action.
Reason The Stewards having reviewed positioning data, marshalling system data, team radio
and in-car and CCTV video. At the moment the red flag was instigated Car 10, Pierre
Gasly, was approaching marshalling panel 5. While the marshalling system indicates
that the panel illuminated, video evidence shows that it did not illuminate until Gasly
was past the panel. Gasly was on a fast lap, while Antonio Giovinazzi was on an out
lap and driving slowly. There was no visible indication to either driver that there was a
problem on track ahead of them. Gasly passed Giovinazzi a short distance past
marshalling panel 5. As the pass was completed, marshalling panel 6 became visible
to the two cars, Gasly’s dash showed the red flag status and the team radioed
simultaneously. Gasly immediately slowed in an appropriate manner and proceeded
safely. The Stewards therefore take no further action.
Competitors are reminded that they have the right to appeal certain decisions of the
Stewards, in accordance with Article 15 of the FIA International Sporting Code and
Article 10.1.1 of the FIA Judicial and Disciplinary Rules, within the applicable time
limits.
Tim Mayer Silvia Bellot
Tom Kristensen Iacopo Arcangeli",Alleged Overtaking under a Red flag.,"Alleged breach of International Sporting Code Appendix L Ch IV Art 1 and Appendix H
2.5.4.1.b.",No further action.,"The Stewards having reviewed positioning data, marshalling system data, team radio
and in-car and CCTV video. At the moment the red flag was instigated Car 10, Pierre
Gasly, was approaching marshalling panel 5. While the marshalling system indicates
that the panel illuminated, video evidence shows that it did not illuminate until Gasly
was past the panel. Gasly was on a fast lap, while Antonio Giovinazzi was on an out
lap and driving slowly. There was no visible indication to either driver that there was a
problem on track ahead of them. Gasly passed Giovinazzi a short distance past
marshalling panel 5. As the pass was completed, marshalling panel 6 became visible
to the two cars, Gasly’s dash showed the red flag status and the team radioed
simultaneously. Gasly immediately slowed in an appropriate manner and proceeded
safely. The Stewards therefore take no further action.",,,,,,,,,,,,,,,,,,,
reviewer_b-fia-2021-esp-76f0795efb8a,reviewer_b,stratified_exclusion_sample,fia-2021-esp-76f0795efb8a,2021-esp,2021,4,Spanish Grand Prix,2021-05-09T00:00:00,Decision - Car 18 - Turn 2 incident with car 14,https://www.fia.com/sites/default/files/decision-document/2021%20Spanish%20Grand%20Prix%20-%20Decision%20-%20Car%2018%20-%20Turn%202%20incident%20with%20car%2014.pdf,2021-05-09T10:12:00-07:00,steward_decision,advertised,3fa8341e6ddf479141b14ef12e3268ac4512bdaeac3aac372e01cfae8f183fb6,2,"From The Stewards
To The Team Manager,
Aston Martin Cognizant F1 Team
Document 37
Date 09 May 2021
Time 18:09
2021 SPANISH GRAND PRIX
6 - 9 May 2021
The Stewards, having received a report from the Race Director, summoned (documents 32 & 33)
and heard from the drivers and team representatives, have considered the following matter and
determine the following:
No / Driver 18 - Lance Stroll
Competitor Aston Martin Cognizant F1 Team
Time 16:38
Session Race
Fact Car 18 did not pass behind the bollards at the exit of turn 2
Offence Alleged breach of Art.12.1.1.i. of the International Sporting Code and Point 21 of the
Race Director’s Notes.
Decision No Further Action.
Reason The Stewards heard from the driver of Car 14 (Fernando Alonso), the driver of car
18 (Lance Stroll) and team representatives and reviewed multiple angles of video
evidence.
Stroll was forced off the track between turn 1 and turn 2 in a racing incident with
Alonso and as a result of the incident was forced behind the apex kerb at turn 2. Stroll
explained to the Stewards that he then steered to the left towards the bollards at the
exit of turn 2. This was apparent from the in-car video. He then drove over one of the
lateral kerbs behind turn 2 and the momentum and speed over the kerb forced him to
the right. Even after this, Stroll continued to try to steer left.
The Stewards were satisfied that Stroll made every attempt to steer around the
bollards until it was not possible to pass behind them. Alonso, who was in the hearing
agreed that this was the case. Having not passed behind the bollards, Stroll then re-
joined the track safely and deliberately slowed and let Alonso and Bottas, who was
lapping, to pass him, eliminating any possible lasting advantage.
The Stewards were therefore satisfied with Stroll’s actions and take No Further
Action.
Competitors are reminded that they have the right to appeal certain decisions of the
Stewards, in accordance with Article 15 of the FIA International Sporting Code and
Article 10.1.1 of the FIA Judicial and Disciplinary Rules, within the applicable time
limits.

The Stewards
Tim Mayer Enzo Spano
Derek Warwick David Domingo",Car 18 did not pass behind the bollards at the exit of turn 2,"Alleged breach of Art.12.1.1.i. of the International Sporting Code and Point 21 of the
Race Director’s Notes.",No Further Action.,"The Stewards heard from the driver of Car 14 (Fernando Alonso), the driver of car
18 (Lance Stroll) and team representatives and reviewed multiple angles of video
evidence.
Stroll was forced off the track between turn 1 and turn 2 in a racing incident with
Alonso and as a result of the incident was forced behind the apex kerb at turn 2. Stroll
explained to the Stewards that he then steered to the left towards the bollards at the
exit of turn 2. This was apparent from the in-car video. He then drove over one of the
lateral kerbs behind turn 2 and the momentum and speed over the kerb forced him to
the right. Even after this, Stroll continued to try to steer left.
The Stewards were satisfied that Stroll made every attempt to steer around the
bollards until it was not possible to pass behind them. Alonso, who was in the hearing
agreed that this was the case. Having not passed behind the bollards, Stroll then re-
joined the track safely and deliberately slowed and let Alonso and Bottas, who was
lapping, to pass him, eliminating any possible lasting advantage.
The Stewards were therefore satisfied with Stroll’s actions and take No Further
Action.",,,,,,,,,,,,,,,,,,,
reviewer_b-fia-2021-gbr-8b960af59804,reviewer_b,included_multi_party,fia-2021-gbr-8b960af59804,2021-gbr,2021,10,British Grand Prix,2021-07-18T00:00:00,Decision - Car 55 - alleged re-joining the track unsafely,https://www.fia.com/sites/default/files/decision-document/2021%20British%20Grand%20Prix%20-%20Decision%20-%20Car%2055%20-%20alleged%20re-joining%20the%20track%20unsafely.pdf,2021-07-17T13:45:00-07:00,steward_decision,advertised,ca80db2f32dc4840d3b9c85a9c76a14d040b6ac824b486ac7e1d5047cade6451,2,"From The Stewards
To The Team Manager,
Scuderia Ferrari
Document 37
Date 17 July 2021
Time 20:43
2021 BRITISH GRAND PRIX
15 - 18 July 2020
The Stewards, having received a report from the Race Director, summoned (document 29) and
heard from the driver and team representative, have considered the following matter and determine
the following:
No / Driver 55 - Carlos Sainz
Competitor Scuderia Ferrari
Time 16:36
Session Sprint Qualifying
Fact Alleged re-joining the track in an unsafe manner in turn 7.
Offence Alleged breach of Appendix L Chapter IV Article 2 of the FIA International Sporting
Code.
Decision No further action.
Reason The Stewards heard from the driver of Car 55 (Carlos Sainz) and team
representative and reviewed video and telemetry evidence.
After being contacted by Car 63, Car 55 left the track at turn 6 and crossed the
asphalt runoff area onto the grass. From there, Car 55 crossed the grass at speed
and eventually regained the track in turn 7 as a group of cars went through the turn.
 Car 10 took evasive action and narrowly avoided colliding with Car 55 as it came
back onto the track.
The driver of Car 55 described the actions he took to reduce the speed of the car in
order to safely re-join and mitigate what was a potentially dangerous situation. The
Stewards examined the video and the telemetry data and found no conclusive
evidence that the driver of Car 55 did not take sufficient action to avoid the situation.
Competitors are reminded that they have the right to appeal certain decisions of the
Stewards, in accordance with Article 15 of the FIA International Sporting Code and
Article 10.1.1 of the FIA Judicial and Disciplinary Rules, within the applicable time
limits.




The Stewards
Nish Shetty Dennis Dean
Loic Bacquelaine Emanuele Pirro
Eric Cowcill",Alleged re-joining the track in an unsafe manner in turn 7.,"Alleged breach of Appendix L Chapter IV Article 2 of the FIA International Sporting
Code.",No further action.,"The Stewards heard from the driver of Car 55 (Carlos Sainz) and team
representative and reviewed video and telemetry evidence.
After being contacted by Car 63, Car 55 left the track at turn 6 and crossed the
asphalt runoff area onto the grass. From there, Car 55 crossed the grass at speed
and eventually regained the track in turn 7 as a group of cars went through the turn.
 Car 10 took evasive action and narrowly avoided colliding with Car 55 as it came
back onto the track.
The driver of Car 55 described the actions he took to reduce the speed of the car in
order to safely re-join and mitigate what was a potentially dangerous situation. The
Stewards examined the video and the telemetry data and found no conclusive
evidence that the driver of Car 55 did not take sufficient action to avoid the situation.",,,,,,,,,,,,,,,,,,,
reviewer_b-fia-2021-hun-f6095a173128,reviewer_b,stratified_exclusion_sample,fia-2021-hun-f6095a173128,2021-hun,2021,11,Hungarian Grand Prix,2021-08-01T00:00:00,Offence - Car 99 - Impeding car 10,https://www.fia.com/sites/default/files/decision-document/2021%20Hungarian%20Grand%20Prix%20-%20Offence%20-%20Car%2099%20-%20Impeding%20car%2010.pdf,2021-07-31T05:57:00-07:00,steward_decision,advertised,206b248fbb9ad129600e79e24f8bb82c197828c718354d1537c1059956d54591,1,"From The Stewards
To The Team Manager,
Alfa Romeo Racing ORLEN
Document 27
Date 31 July 2021
Time 13:57
2021 HUNGARIAN GRAND PRIX
29 July - 1 August 2021
The Stewards
The Stewards, having received a report from the Race Director, summoned (documents 21 & 22)
and heard from the drivers and team representatives, have considered the following matter and
determine the following:
No / Driver 99 - Antonio Giovinazzi
Competitor Alfa Romeo Racing ORLEN
Time 12:53
Session Practice 3
Fact Impeding of car 10.
Offence Breach of Article 31.5 of the FIA Formula One Sporting Regulations.
Decision Reprimand (Driving)
(This is the driver’s 1st reprimand of the season)
Reason The Stewards heard from the driver of Car 99 (Antonio Giovinazzi), the driver of car
10 (Pierre Gasly) and team representatives and reviewed video evidence.
During FP3 GAS was on a quick lap, while GIO was on an out lap, driving slowly on
the line at the exit of T13 in front of GAS. GIO had no warning by his team and
admitted during the hearing that he impeded GAS. Both drivers agreed to the
Steward’s opinion that this is not acceptable during free practice.
Competitors are reminded that they have the right to appeal certain decisions of the
Stewards, in accordance with Article 15 of the FIA International Sporting Code and
Article 10.1.1 of the FIA Judicial and Disciplinary Rules, within the applicable time
limits.
Gerd Ennser Matteo Perini
Vitantonio Liuzzi Lajos Herczeg",Impeding of car 10.,Breach of Article 31.5 of the FIA Formula One Sporting Regulations.,"Reprimand (Driving)
(This is the driver’s 1st reprimand of the season)","The Stewards heard from the driver of Car 99 (Antonio Giovinazzi), the driver of car
10 (Pierre Gasly) and team representatives and reviewed video evidence.
During FP3 GAS was on a quick lap, while GIO was on an out lap, driving slowly on
the line at the exit of T13 in front of GAS. GIO had no warning by his team and
admitted during the hearing that he impeded GAS. Both drivers agreed to the
Steward’s opinion that this is not acceptable during free practice.",,,,,,,,,,,,,,,,,,,
reviewer_b-fia-2021-ned-69e6d8d5c4f5,reviewer_b,stratified_exclusion_sample,fia-2021-ned-69e6d8d5c4f5,2021-ned,2021,13,Dutch Grand Prix,2021-09-05T00:00:00,Offence - Car 31 - P1 Incident with car 4,https://www.fia.com/sites/default/files/decision-document/2021%20Dutch%20Grand%20Prix%20-%20Offence%20-%20Car%2031%20-%20P1%20Incident%20with%20car%204.pdf,2021-09-03T06:35:00-07:00,steward_decision,advertised,bf2beb0ba8bc9fd560199480c2706870e5571c9bfd51dea5ca0f9884c8d60ad4,1,"From The Stewards
To The Team Manager,
Alpine F1 Team
Document 12
Date 03 September 2021
Time 14:28
2021 DUTCH GRAND PRIX
2 - 5 September 2021
The Stewards
The Stewards, having received a report from the Race Director, summoned (documents 9 & 10) and
heard from the drivers and team representatives, have considered the following matter and
determine the following:
No / Driver 31 - Esteban Ocon
Competitor Alpine F1 Team
Time 12:29
Session Practice 1
Fact Incident with Car 4 in turns 12 and 13.
Offence Breach of Article 2 b) Chapter IV Appendix L of the FIA International Sporting Code.
Decision Warning to the Driver of Car 31
Reason The Stewards heard from the driver of Car 31 (Esteban Ocon), the driver of Car 4
(Lando Norris), team representatives and reviewed video evidence.
The evidence showed that the driver of Car 31 made a manoeuvre which resulted in
Car 4 going beyond the edge of the track.
The Stewards issued a warning in this instance, taking into account the
circumstances and the explanations offered by both drivers.
Competitors are reminded that they have the right to appeal certain decisions of the
Stewards, in accordance with Article 15 of the FIA International Sporting Code and
Article 10.1.1 of the FIA Judicial and Disciplinary Rules, within the applicable time
limits.
Garry Connelly Tim Mayer
Danny Sullivan Peter Oord",Incident with Car 4 in turns 12 and 13.,Breach of Article 2 b) Chapter IV Appendix L of the FIA International Sporting Code.,Warning to the Driver of Car 31,"The Stewards heard from the driver of Car 31 (Esteban Ocon), the driver of Car 4
(Lando Norris), team representatives and reviewed video evidence.
The evidence showed that the driver of Car 31 made a manoeuvre which resulted in
Car 4 going beyond the edge of the track.
The Stewards issued a warning in this instance, taking into account the
circumstances and the explanations offered by both drivers.",,,,,,,,,,,,,,,,,,,
reviewer_b-fia-2021-sao-9803ae1b1b2a,reviewer_b,elevated_risk|stratified_exclusion_sample,fia-2021-sao-9803ae1b1b2a,2021-sao,2021,19,São Paulo Grand Prix,2021-11-14T00:00:00,Decision - Car 44 - Sprint Qualifying,https://www.fia.com/sites/default/files/decision-document/2021%20Brazilian%20Grand%20Prix%20-%20Decision%20-%20Car%2044%20-%20Sprint%20Qualifying.pdf,2021-11-13T10:18:00-08:00,steward_decision,advertised,41e0abf7553b860b22c2e9062dd82df78486e03ceb24b80468494bca17dc2bfc,1,"From The Stewards
To All Teams, All Officials
Document 31
Date 13 November 2021
Time 15:17
2021 BRAZILIAN GRAND PRIX
11 - 14 November 2021
The Stewards allow car 44 to start sprint qualifying
In accordance with Article 35.1 of the FIA Formula One Sporting Regulations, the Stewards grant
permission for car 44, Lewis Hamilton, to start sprint qualifying, as the driver has set satisfactory
times in practice at this Event. The car will be placed on the grid in accordance with Article 35.1 of
the FIA Formula One Sporting Regulations.

Competitors are reminded that they have the right to appeal certain decisions of the Stewards, in
accordance with Article 15 of the FIA International Sporting Code and Article 10.1.1 of the FIA
Judicial and Disciplinary Rules, within the applicable time limits.



The Stewards
Tim Mayer Matteo Perini
Vitantonio Liuzzi Roberto Pupo Moreno",None,None,None,None,,,,,,,,,,,,,,,,,,,
reviewer_b-fia-2021-sau-ad8316695e3d,reviewer_b,stratified_exclusion_sample,fia-2021-sau-ad8316695e3d,2021-sau,2021,21,Saudi Arabian Grand Prix,2021-12-05T00:00:00,Offence - Car 44 - Impeding,https://www.fia.com/sites/default/files/decision-document/2021%20Saudi%20Arabian%20Grand%20Prix%20-%20Offence%20-%20Car%2044%20-%20Impeding.pdf,2021-12-04T09:13:00-08:00,steward_decision,advertised,746ce796801007f171b97aa64880002d4ebca977c0b2fb2e7fbd3838bf8b6ee1,2,"From The Stewards
To The Team Manager,
Mercedes-AMG Petronas F1 Team
Document 21
Date 04 December 2021
Time 20:02
2021 SAUDI ARABIAN GRAND PRIX
2 - 5 December 2021
The Stewards, having received a report from the Race Director, summoned (document 19) and
heard from the driver and team representative, have considered the following matter and determine
the following:
No / Driver 44 - Lewis Hamilton
Competitor Mercedes-AMG Petronas F1 Team
Time 17:39
Session Practice 3
Fact Unnecessarily impeding of Car 9 by Car 44 in Turn 8
Offence Breach of Article 31.5 of the FIA Formula One Sporting Regulations.
Decision Reprimand (Driving)
(This is the 2nd Reprimand of the season)
A fine of €25,000 is imposed on the Team
Reason The Stewards heard from the driver of Car 44 (Lewis Hamilton), team representative
and examined video and team radio evidence.
The driver was given a 10 second warning that Car 9 was approaching when he was
at Turn 2. Due to a failure in communication by the Team he was not given another
warning until Car 9 was alongside him.
The Stewards accept that this circuit presents challenges for drivers in relation to
using their mirrors as the method of determining the approach of overtaking cars.
 Although it is the driver’s ultimate responsibility to avoid impeding, for this circuit the
driver must depend upon the Team to communicate efficiently. This did not happen in
this case and accordingly the penalty for the Competitor is imposed.
The Stewards take this opportunity to emphasise that due to the nature of this circuit
it is essential that teams communicate effectively and proactively with their drivers.
This is not to be taken as a precedent for other circuits.
Competitors are reminded that they have the right to appeal certain decisions of the
Stewards, in accordance with Article 15 of the FIA International Sporting Code and
Chapter 4 of the FIA Judicial and Disciplinary Rules, within the applicable time limits.



The Stewards
Garry Connelly Silvia Bellot
Vitantonio Liuzzi Hassan AlAbdali",Unnecessarily impeding of Car 9 by Car 44 in Turn 8,Breach of Article 31.5 of the FIA Formula One Sporting Regulations.,"Reprimand (Driving)
(This is the 2nd Reprimand of the season)
A fine of €25,000 is imposed on the Team","The Stewards heard from the driver of Car 44 (Lewis Hamilton), team representative
and examined video and team radio evidence.
The driver was given a 10 second warning that Car 9 was approaching when he was
at Turn 2. Due to a failure in communication by the Team he was not given another
warning until Car 9 was alongside him.
The Stewards accept that this circuit presents challenges for drivers in relation to
using their mirrors as the method of determining the approach of overtaking cars.
 Although it is the driver’s ultimate responsibility to avoid impeding, for this circuit the
driver must depend upon the Team to communicate efficiently. This did not happen in
this case and accordingly the penalty for the Competitor is imposed.
The Stewards take this opportunity to emphasise that due to the nature of this circuit
it is essential that teams communicate effectively and proactively with their drivers.
This is not to be taken as a precedent for other circuits.",,,,,,,,,,,,,,,,,,,
reviewer_b-fia-2021-tur-67cb79176129,reviewer_b,elevated_risk|stratified_exclusion_sample,fia-2021-tur-67cb79176129,2021-tur,2021,16,Turkish Grand Prix,2021-10-10T00:00:00,Offence - Car 10 - collision with car 14,https://www.fia.com/sites/default/files/decision-document/2021%20Turkish%20Grand%20Prix%20-%20Offence%20-%20Car%2010%20-%20collision%20with%20car%2014.pdf,2021-10-10T07:40:00-07:00,steward_decision,advertised,d6739b5ee8a14eb2182cda46721a4d09cac08e0d3e756bd65493d6052fca77bb,1,"From The Stewards
To The Team Manager,
Scuderia AlphaTauri Honda
Document 43
Date 10 October 2021
Time 15:57
2021 TURKISH GRAND PRIX
7 - 10 October 2021
The Stewards
The Stewards, having received a report from the Race Director, have considered the following
matter and determine the following:
No / Driver 10 - Pierre Gasly
Competitor Scuderia AlphaTauri Honda
Time 15:03
Session Race
Fact Collision with Car 14 in turn 1.
Offence Breach of Article 2 (d) Chapter IV Appendix L of the FIA International Sporting Code.
Decision 5 second time penalty
2 penalty points (total of 3 for the 12 month period).
Reason The Stewards reviewed the video evidence and determined that GAS caused a
collision with Car 14 (ALO) during Lap 1.
GAS tried to negotiate T1 with PER on the inside and car 14 (ALO) on the outside.
ALO was slightly in front of GAS at the exit of the corner when both cars made
contact, causing ALO to spin. The Stewards determine that GAS was predominantly
at fault for the collision, as he did not leave enough space for ALO on the outside. It
should also be pointed out that the Stewards do not consider this incident as an
unavoidable Lap 1 Turn 1 contact between two cars, as GAS was not sandwiched
between two cars when he touched ALO’s car.

Competitors are reminded that they have the right to appeal certain decisions of the
Stewards, in accordance with Article 15 of the FIA International Sporting Code and
Chapter 4 of the FIA Judicial and Disciplinary Rules, within the applicable time limits.
Gerd Ennser Felix Holter
Enrique Bernoldi Fatih Altayli",Collision with Car 14 in turn 1.,Breach of Article 2 (d) Chapter IV Appendix L of the FIA International Sporting Code.,"5 second time penalty
2 penalty points (total of 3 for the 12 month period).","The Stewards reviewed the video evidence and determined that GAS caused a
collision with Car 14 (ALO) during Lap 1.
GAS tried to negotiate T1 with PER on the inside and car 14 (ALO) on the outside.
ALO was slightly in front of GAS at the exit of the corner when both cars made
contact, causing ALO to spin. The Stewards determine that GAS was predominantly
at fault for the collision, as he did not leave enough space for ALO on the outside. It
should also be pointed out that the Stewards do not consider this incident as an
unavoidable Lap 1 Turn 1 contact between two cars, as GAS was not sandwiched
between two cars when he touched ALO’s car.",,,,,,,,,,,,,,,,,,,
reviewer_b-fia-2021-tur-93d16b7d94df,reviewer_b,elevated_risk,fia-2021-tur-93d16b7d94df,2021-tur,2021,16,Turkish Grand Prix,2021-10-10T00:00:00,Offence - Car 10 - Collision with car 14 (corrected),https://www.fia.com/sites/default/files/decision-document/2021%20Turkish%20Grand%20Prix%20-%20Offence%20-%20Car%2010%20-%20Collision%20with%20car%2014%20(corrected).pdf,2021-10-10T11:10:00-07:00,steward_decision,advertised,b121d7f39b21b911f19b6c27398c2e42eb8a3bf3976ff2ba80fe0e01f5689aac,1,"From The Stewards
To The Team Manager,
Scuderia AlphaTauri Honda
Document 49
Date 10 October 2021
Time 20:09
2021 TURKISH GRAND PRIX
7 - 10 October 2021
The Stewards
The Stewards, having received a report from the Race Director, have considered the following
matter and determine the following:
No / Driver 10 - Pierre Gasly
Competitor Scuderia AlphaTauri Honda
Time 15:03
Session Race
Fact Collision with Car 14 in turn 1.
Offence Breach of Article 2 (d) Chapter IV Appendix L of the FIA International Sporting Code.
Decision 5 second time penalty
2 penalty points (total of 3 for the 12 month period).
Reason The Stewards reviewed the video evidence and determined that GAS caused a
collision with Car 14 (ALO) during Lap 1.
GAS tried to negotiate T1 with PER on the inside and car 14 (ALO) on the outside.
ALO was slightly in front of GAS at the exit of the corner when both cars made
contact, causing ALO to spin. The Stewards determine that GAS was wholly at fault
for the collision, as he did not leave enough space for ALO on the outside. It should
also be pointed out that the Stewards do not consider this incident as an unavoidable
Lap 1 Turn 1 contact between two cars, as GAS was not sandwiched between two
cars when he touched ALO’s car.
Competitors are reminded that they have the right to appeal certain decisions of the
Stewards, in accordance with Article 15 of the FIA International Sporting Code and
Chapter 4 of the FIA Judicial and Disciplinary Rules, within the applicable time limits.
Gerd Ennser Felix Holter
Enrique Bernoldi Fatih Altayli",Collision with Car 14 in turn 1.,Breach of Article 2 (d) Chapter IV Appendix L of the FIA International Sporting Code.,"5 second time penalty
2 penalty points (total of 3 for the 12 month period).","The Stewards reviewed the video evidence and determined that GAS caused a
collision with Car 14 (ALO) during Lap 1.
GAS tried to negotiate T1 with PER on the inside and car 14 (ALO) on the outside.
ALO was slightly in front of GAS at the exit of the corner when both cars made
contact, causing ALO to spin. The Stewards determine that GAS was wholly at fault
for the collision, as he did not leave enough space for ALO on the outside. It should
also be pointed out that the Stewards do not consider this incident as an unavoidable
Lap 1 Turn 1 contact between two cars, as GAS was not sandwiched between two
cars when he touched ALO’s car.",,,,,,,,,,,,,,,,,,,
reviewer_b-fia-2021-usa-007dd3aaea32,reviewer_b,stratified_exclusion_sample,fia-2021-usa-007dd3aaea32,2021-usa,2021,17,United States Grand Prix,2021-10-24T00:00:00,Offence - Car 77 - PU elements,https://www.fia.com/sites/default/files/decision-document/2021%20United%20States%20Grand%20Prix%20-%20Offence%20-%20Car%2077%20-%20PU%20elements.pdf,2021-10-22T11:56:00-07:00,steward_decision,advertised,12f0d4562cd4edd689dbf86a3bd586849f3c26f450ecb28fc43b29be77c8c007,1,"From The Stewards
To The Team Manager,
Mercedes-AMG Petronas F1 Team
Document 11
Date 22 October 2021
Time 12:32
2021 UNITED STATES GRAND PRIX
21 - 24 October 2021
The Stewards
The Stewards, having received a report from the Technical Delegate (document 8), have considered
the following matter and determine the following:
No / Driver 77 - Valtteri Bottas
Competitor Mercedes-AMG Petronas F1 Team
Time 11:42
Session Practice 1
Fact The following Power Unit Element has been used :
6th Internal Combustion Unit (ICE)
Offence Breach of Article 23.2 a) of the FIA Formula One Sporting Regulations.
Decision Drop of 5 grid positions.
Reason The penalty is imposed in accordance with 23.2 b).
Competitors are reminded that they have the right to appeal certain decisions of the
Stewards, in accordance with Article 15 of the FIA International Sporting Code and
Chapter 4 of the FIA Judicial and Disciplinary Rules, within the applicable time limits.
Gerd Ennser Richard Norbury
Emanuele Pirro Dennis Dean","The following Power Unit Element has been used :
6th Internal Combustion Unit (ICE)",Breach of Article 23.2 a) of the FIA Formula One Sporting Regulations.,Drop of 5 grid positions.,The penalty is imposed in accordance with 23.2 b).,,,,,,,,,,,,,,,,,,,
reviewer_b-fia-2021-usa-64fdd567b248,reviewer_b,stratified_exclusion_sample,fia-2021-usa-64fdd567b248,2021-usa,2021,17,United States Grand Prix,2021-10-24T00:00:00,Decision - Car 47 - Collision with car 11 in T12,https://www.fia.com/sites/default/files/decision-document/2021%20United%20States%20Grand%20Prix%20-%20Decision%20-%20Car%2047%20-%20Collision%20with%20car%2011%20in%20T12.pdf,2021-10-22T14:03:00-07:00,steward_decision,advertised,0a4a12aaf08246adc1d04c1d1299ca5383c16b3b83b9fd1f3517f4aad21afb52,2,"From The Stewards
To The Team Manager,
Uralkali Haas F1 Team
Document 17
Date 22 October 2021
Time 15:02
2021 UNITED STATES GRAND PRIX
21 - 24 October 2021
The Stewards, having received a report from the Race Director, summoned (documents 14, 15) and
heard from the drivers and team representatives, have considered the following matter and
determine the following:
No / Driver 47 - Mick Schumacher
Competitor Uralkali Haas F1 Team
Time 12:27
Session Practice 1
Fact Cars 11 and 47 collided in turn 12.
Offence Alleged breach of Article 2 (d) Chapter IV Appendix L of the FIA International Sporting
Code.
Decision No further action.
Reason The Stewards heard from the driver of Car 11 (Sergio Perez), the driver of Car 47
(Mick Schumacher) and team representatives and reviewed the video and telemetry
evidence. Car 11 was overtaking car 47 as both approached the entrance to turn 12.
 The driver of car 47 was aware that car 11 was behind him, but did not expect an
overtaking manoeuvre at that point and was more focused on a slower car in front of
him. He turned in for the apex and at that point realized that car 11 was there, but
could not give him additional room at that point. Similarly, car 11 thought car 47 was
aware of his presence and was going to give him room at the apex. Whilst both cars
were on fast laps, it is noted that due to different practice profiles, car 11 was using
DRS on the straight between turns 11 and 12, while car 47 was not, resulting in an
unusually high closure rate. Both drivers agreed that the other driver was not
predominantly at fault for the incident.
The Stewards agree and take no further action.
Competitors are reminded that they have the right to appeal certain decisions of the
Stewards, in accordance with Article 15 of the FIA International Sporting Code and
Chapter 4 of the FIA Judicial and Disciplinary Rules, within the applicable time limits.





The Stewards
Gerd Ennser Richard Norbury
Emanuele Pirro Dennis Dean",Cars 11 and 47 collided in turn 12.,"Alleged breach of Article 2 (d) Chapter IV Appendix L of the FIA International Sporting
Code.",No further action.,"The Stewards heard from the driver of Car 11 (Sergio Perez), the driver of Car 47
(Mick Schumacher) and team representatives and reviewed the video and telemetry
evidence. Car 11 was overtaking car 47 as both approached the entrance to turn 12.
 The driver of car 47 was aware that car 11 was behind him, but did not expect an
overtaking manoeuvre at that point and was more focused on a slower car in front of
him. He turned in for the apex and at that point realized that car 11 was there, but
could not give him additional room at that point. Similarly, car 11 thought car 47 was
aware of his presence and was going to give him room at the apex. Whilst both cars
were on fast laps, it is noted that due to different practice profiles, car 11 was using
DRS on the straight between turns 11 and 12, while car 47 was not, resulting in an
unusually high closure rate. Both drivers agreed that the other driver was not
predominantly at fault for the incident.
The Stewards agree and take no further action.",,,,,,,,,,,,,,,,,,,
reviewer_b-fia-2022-aus-4287d27d6c0a,reviewer_b,stratified_exclusion_sample,fia-2022-aus-4287d27d6c0a,2022-aus,2022,3,Australian Grand Prix,2022-04-10T00:00:00,Offence - Car 5 - Unauthorised use of a scooter on the track,https://www.fia.com/sites/default/files/decision-document/2022%20Australian%20Grand%20Prix%20-%20Offence%20-%20Car%205%20-%20Unauthorised%20use%20of%20a%20scooter%20on%20the%20track.pdf,2022-04-08T05:12:00-07:00,steward_decision,advertised,354c1b66f8de63a00b7f3734325b5ce4c9675fcf9644aa014e6519b7117192ca,2,"From The Stewards
To The Team Manager,
Aston Martin Aramco Cognizant F1 Team
Document 32
Date 08 April 2022
Time 21:09
2022 AUSTRALIAN GRAND PRIX
7 - 10 April 2022
The Stewards, having received a report from the Race Director, summoned (document 24) and
heard from the drivers and team representatives and a marshal, have considered the following
matter and determine the following:
No / Driver 5 - Sebastian Vettel
Competitor Aston Martin Aramco Cognizant F1 Team
Time 14:04
Session Practice 1
Fact The driver of Car 5 drove a scooter on the track within the five-minute window after
the end of Free Practice 1.
Offence Breach of Article 26.7 of the FIA Formula One Sporting Regulations.
Decision Fine of 5,000 euros.
Reason The Stewards heard from the driver of Car 5 (Sebastian Vettel) and team
representatives and examined video evidence.
The Stewards determine that Car 5 stopped on the circuit due to a mechanical issue.
At the end of the session, VET sought a way to return to his pit. A marshal was at the
location with a scooter. VET asked if he could drive the scooter in order to return to
his pit. The marshal assented. VET got on the scooter, expecting the marshal to get
on behind him. When he didn’t get on, VET departed alone for the pit, without the prior
approval to do so. Meanwhile, the marshal was trying to contact Race Control for
instructions. In driving on the track to his pit, instead of the designated route, VET
breached Article 26.7 of the Formula One Sporting Regulations, which prohibits
anyone from being on the track in the five-minute period after the end of a session,
with the exception of specifically identified personnel, which makes no provision for
drivers to have such access unless specifically authorized.
Competitors are reminded that they have the right to appeal certain decisions of the
Stewards, in accordance with Article 15 of the FIA International Sporting Code and
Chapter 4 of the FIA Judicial and Disciplinary Rules, within the applicable time limits.
Gerd Ennser Dennis Dean
Enrique Bernoldi Matt Selley

The Stewards","The driver of Car 5 drove a scooter on the track within the five-minute window after
the end of Free Practice 1.",Breach of Article 26.7 of the FIA Formula One Sporting Regulations.,"Fine of 5,000 euros.","The Stewards heard from the driver of Car 5 (Sebastian Vettel) and team
representatives and examined video evidence.
The Stewards determine that Car 5 stopped on the circuit due to a mechanical issue.
At the end of the session, VET sought a way to return to his pit. A marshal was at the
location with a scooter. VET asked if he could drive the scooter in order to return to
his pit. The marshal assented. VET got on the scooter, expecting the marshal to get
on behind him. When he didn’t get on, VET departed alone for the pit, without the prior
approval to do so. Meanwhile, the marshal was trying to contact Race Control for
instructions. In driving on the track to his pit, instead of the designated route, VET
breached Article 26.7 of the Formula One Sporting Regulations, which prohibits
anyone from being on the track in the five-minute period after the end of a session,
with the exception of specifically identified personnel, which makes no provision for
drivers to have such access unless specifically authorized.",,,,,,,,,,,,,,,,,,,
reviewer_b-fia-2022-aus-7169a2a75f0e,reviewer_b,stratified_exclusion_sample,fia-2022-aus-7169a2a75f0e,2022-aus,2022,3,Australian Grand Prix,2022-04-10T00:00:00,Decision - Car 18 - Alleged impeding of Car 55 at turn 13,https://www.fia.com/sites/default/files/decision-document/2022%20Australian%20Grand%20Prix%20-%20Decision%20-%20Car%2018%20-%20Alleged%20impeding%20of%20Car%2055%20at%20turn%2013.pdf,2022-04-08T04:57:00-07:00,steward_decision,advertised,a678c6f8f5fd53c14c580fabf9e1b3a1c337a268b747a005f9b1f2c70092a895,1,"From The Stewards
To The Team Manager,
Aston Martin Aramco Cognizant F1 Team
Document 29
Date 08 April 2022
Time 20:40
2022 AUSTRALIAN GRAND PRIX
7 - 10 April 2022
The Stewards
The Stewards, having received a report from the Race Director, summoned (documents 21 & 22)
and heard from the drivers and team representatives, have considered the following matter and
determine the following:
No / Driver 18 - Lance Stroll
Competitor Aston Martin Aramco Cognizant F1 Team
Time 16:05
Session Practice 2
Fact Impeding of Car 55 by Car 18 at turn 13.
Offence Alleged breach of Article 37.5 of the FIA Formula One Sporting Regulations.
Decision No further action.
Reason The Stewards heard from the driver of Car 18 (Lance Stroll), the driver of Car 55
(Carlos Sainz) and team representatives and examined video evidence.
Due to the presence of multiple cars converging on the final corners, all of which
impacted the situation, the Stewards consider that Car 18 did not unnecessarily
impede Car 55 and take no further action.
Competitors are reminded that they have the right to appeal certain decisions of the
Stewards, in accordance with Article 15 of the FIA International Sporting Code and
Chapter 4 of the FIA Judicial and Disciplinary Rules, within the applicable time limits.
Gerd Ennser Dennis Dean
Enrique Bernoldi Matt Selley",Impeding of Car 55 by Car 18 at turn 13.,Alleged breach of Article 37.5 of the FIA Formula One Sporting Regulations.,No further action.,"The Stewards heard from the driver of Car 18 (Lance Stroll), the driver of Car 55
(Carlos Sainz) and team representatives and examined video evidence.
Due to the presence of multiple cars converging on the final corners, all of which
impacted the situation, the Stewards consider that Car 18 did not unnecessarily
impede Car 55 and take no further action.",,,,,,,,,,,,,,,,,,,
reviewer_b-fia-2022-aus-c79dfc91161b,reviewer_b,stratified_exclusion_sample,fia-2022-aus-c79dfc91161b,2022-aus,2022,3,Australian Grand Prix,2022-04-10T00:00:00,Decision - Car 47 - Incident behind the Safety Car,https://www.fia.com/sites/default/files/decision-document/2022%20Australian%20Grand%20Prix%20-%20Decision%20-%20Car%2047%20-%20Incident%20behind%20the%20Safety%20Car.pdf,2022-04-10T02:36:00-07:00,steward_decision,advertised,c2507b6672302246105b99d83157edc116f0066ad0d8dc0cff6f4d46496bc849,2,"From The Stewards
To The Team Manager,
Haas F1 Team
Document 75
Date 10 April 2022
Time 18:32
2022 AUSTRALIAN GRAND PRIX
7 - 10 April 2022
The Stewards, having received a report from the Race Director, summoned (documents 68, 69 &
70) and heard from the drivers and team representatives, have considered the following matter and
determine the following:
No / Driver 47 - Mick Schumacher
Competitor Haas F1 Team
Time 15:44
Session Race
Fact Near collision behind the safety car.
Offence Alleged breach of Article 55.5 of the FIA Formula One Sporting Regulations.
Decision No further action.
Reason The Stewards heard from the driver of Car 47 (Mick Schumacher), the driver of Car
10 (Pierre Gasly), the driver of Car 22 (Yuki Tsunoda) and team representatives and
examined video evidence.
Drivers were in line on the main straight behind the safety car with lights on. Cars
were accelerating and decelerating to keep tyre and brake temperatures up in
anticipation of the restart. GAS slowed in reaction to the car in front, TSU also slowed
in reaction. MSC was closer to TSU as he slowed, while trying to maintain the ten car
length maximum separation specified in the regulations, and had to move left and
overtake TSU while braking to avoid colliding with him. The Stewards find no driver
guilty of breaching the regulation, however, it is clear that the speed and braking
capabilities of F1 cars, especially while trying to maintain required temperatures in
tyres and brakes, are in tension with the ten car length separation behind the Safety
Car traditionally specified in the regulations. This needs to be a point of emphasis in
future driver briefings, to ensure the drivers collectively agree on how best to address
this challenge before an unfortunate incident occurs.
Competitors are reminded that they have the right to appeal certain decisions of the
Stewards, in accordance with Article 15 of the FIA International Sporting Code and
Chapter 4 of the FIA Judicial and Disciplinary Rules, within the applicable time limits.


The Stewards
Gerd Ennser Dennis Dean
Enrique Bernoldi Matt Selley",Near collision behind the safety car.,Alleged breach of Article 55.5 of the FIA Formula One Sporting Regulations.,No further action.,"The Stewards heard from the driver of Car 47 (Mick Schumacher), the driver of Car
10 (Pierre Gasly), the driver of Car 22 (Yuki Tsunoda) and team representatives and
examined video evidence.
Drivers were in line on the main straight behind the safety car with lights on. Cars
were accelerating and decelerating to keep tyre and brake temperatures up in
anticipation of the restart. GAS slowed in reaction to the car in front, TSU also slowed
in reaction. MSC was closer to TSU as he slowed, while trying to maintain the ten car
length maximum separation specified in the regulations, and had to move left and
overtake TSU while braking to avoid colliding with him. The Stewards find no driver
guilty of breaching the regulation, however, it is clear that the speed and braking
capabilities of F1 cars, especially while trying to maintain required temperatures in
tyres and brakes, are in tension with the ten car length separation behind the Safety
Car traditionally specified in the regulations. This needs to be a point of emphasis in
future driver briefings, to ensure the drivers collectively agree on how best to address
this challenge before an unfortunate incident occurs.",,,,,,,,,,,,,,,,,,,
reviewer_b-fia-2022-aus-ca58d2732592,reviewer_b,stratified_exclusion_sample,fia-2022-aus-ca58d2732592,2022-aus,2022,3,Australian Grand Prix,2022-04-10T00:00:00,Offence - Car 18 - Causing a collision,https://www.fia.com/sites/default/files/decision-document/2022%20Australian%20Grand%20Prix%20-%20Offence%20-%20Car%2018%20-%20Causing%20a%20collision.pdf,2022-04-09T02:55:00-07:00,steward_decision,advertised,c6e369abac7ad7bbd1eeb05469d2a681af2d80637b23cf43dfc9195248210068,2,"From The Stewards
To The Team Manager,
Aston Martin Aramco Cognizant F1 Team
Document 48
Date 09 April 2022
Time 18:53
2022 AUSTRALIAN GRAND PRIX
7 - 10 April 2022
The Stewards, having received a report from the Race Director, summoned (documents 43 & 44)
and heard from the drivers and team representatives, have considered the following matter and
determine the following:
No / Driver 18 - Lance Stroll
Competitor Aston Martin Aramco Cognizant F1 Team
Time 16:15
Session Qualifying
Fact Collision between Car 6 and Car 18.
Offence Alleged breach of Appendix L Chapter IV 2 d) of the FIA International Sporting Code.
Decision Drop of 3 grid positions
2 penalty points (total of 7 for the 12 month period).
Reason The Stewards heard from the driver of Car 18 (Lance Stroll), the driver of Car 6
(Nicholas Latifi) and team representatives and examined video evidence.
LAT pulled off course to the left and slowed at the exit of turn 4 to let cars by, the last
of which was STR. At the exit of turn 5, STR appeared to not accelerate and was in
the middle of the track. LAT made the decision to accelerate and pass STR on the
right as STR was moving right toward the right hand edge of the track where the track
curves slightly to the right on the run to turn 6. Contact was made between STR’s right
front wheel and LAT’s left rear wheel, with the subsequent damage putting both cars
out of the session. The Stewards find that STR was predominantly to blame for the
collision because of his lack of situational awareness of LAT’s passing manoeuvre.
Competitors are reminded that they have the right to appeal certain decisions of the
Stewards, in accordance with Article 15 of the FIA International Sporting Code and
Chapter 4 of the FIA Judicial and Disciplinary Rules, within the applicable time limits.

Gerd Ennser Dennis Dean
Enrique Bernoldi Matt Selley

The Stewards",Collision between Car 6 and Car 18.,Alleged breach of Appendix L Chapter IV 2 d) of the FIA International Sporting Code.,"Drop of 3 grid positions
2 penalty points (total of 7 for the 12 month period).","The Stewards heard from the driver of Car 18 (Lance Stroll), the driver of Car 6
(Nicholas Latifi) and team representatives and examined video evidence.
LAT pulled off course to the left and slowed at the exit of turn 4 to let cars by, the last
of which was STR. At the exit of turn 5, STR appeared to not accelerate and was in
the middle of the track. LAT made the decision to accelerate and pass STR on the
right as STR was moving right toward the right hand edge of the track where the track
curves slightly to the right on the run to turn 6. Contact was made between STR’s right
front wheel and LAT’s left rear wheel, with the subsequent damage putting both cars
out of the session. The Stewards find that STR was predominantly to blame for the
collision because of his lack of situational awareness of LAT’s passing manoeuvre.",,,,,,,,,,,,,,,,,,,
reviewer_b-fia-2022-bel-da919589988b,reviewer_b,stratified_exclusion_sample,fia-2022-bel-da919589988b,2022-bel,2022,14,Belgian Grand Prix,2022-08-28T00:00:00,Decision - Car 16 - PU elements,https://www.fia.com/sites/default/files/decision-document/2022%20Belgian%20Grand%20Prix%20-%20Decision%20-%20Car%2016%20-%20PU%20elements.pdf,2022-08-27T06:24:00-07:00,steward_decision,advertised,2ec6d94f8a88176a86ac6a69aefac33cd7f44c1e190b4783095ecc0301479b9a,2,"From The Stewards
To The Team Manager,
Scuderia Ferrari
Document 46
Date 27 August 2022
Time 14:10
2022 BELGIAN GRAND PRIX
25 - 28 August 2022
The Stewards have considered the following matter and determine the following:
No / Driver 16 - Charles Leclerc
Competitor Scuderia Ferrari
Time 13:00
Session Practice 3
Fact Car 16 accumulated 20 grid place penalties under Article 28.3 of the FIA Formula
One Sporting Regulations.
Offence Accumulated more than 15 grid place penalties under Article 28.3 of the FIA Formula
One Sporting Regulations.
Decision Required to start the race from the back of the starting grid.
Reason As car 16 has accumulated 20 grid place penalties (Documents 14 and 31) for this
competition under Article 28.3 of the FIA Formula One Sporting Regulations, this is in
excess of the fifteen permitted under the Regulation and therefore the car will be
required to start the race from the back of the starting grid, which will be handled in
accordance with Article 42.
The Stewards consider this to be the logical conclusion reading Article 28.3.
However, it is possible to interpret it differently. The third paragraph of Article 28.3
states that “If a driver incurs a penalty exceeding fifteen (15) grid places he will be
required to start the race from the back of the starting grid”. The Stewards published
a decision (Document 14) which imposed a fifteen grid penalty. The competitor
subsequently changed the Control Electronics and the Stewards published a separate
decision (Document 31) imposing a five grid place penalty.
This exact situation has not happened since this rule was put in place in 2018. The
wording of the sentence is singular “a penalty” and neither document imposed more
than 15 grid places. So it could be interpreted that this does not trigger a “back of
grid” penalty.
However, the first paragraph of the regulation states that “Penalties will be applied
according the following table and will be cumulative” [in each Competition]. The
Stewards further note that in fact, Document 14 combines two separate penalties (a
ten place and a five place) and is therefore two separate penalties in a single
document. So logically regardless of how many documents the penalties are
published in, all decisions accumulate over the Competition, and anything over the 15
grid place limit triggers the back of the grid penalty. Finally, there are other instances

The Stewards
in the regulations where penalties accumulate over time (such as penalty points)
which accumulate until they trigger a separate decision provided for in the regulations.
This is similar.
It is important to note that the “start the race from the back of the starting grid” penalty
is fully embedded in Article 28 (Power Unit Usage), was specifically introduced in
response to nonsensically high grid penalties from PU changes, and has never been
used to accumulate grid penalties imposed from other articles of the Regulations. It
should be read holistically as part of Article 28.3 and does not refer to other articles.
This explanation is provided as this is first time this situation has occurred and this is
a precedent.
Competitors are reminded that they have the right to appeal certain decisions of the
Stewards, in accordance with Article 15 of the FIA International Sporting Code and
Chapter 4 of the FIA Judicial and Disciplinary Rules, within the applicable time limits.
Tim Mayer Matteo Perini
Enrique Bernoldi Yves Bacquelaine","Car 16 accumulated 20 grid place penalties under Article 28.3 of the FIA Formula
One Sporting Regulations.","Accumulated more than 15 grid place penalties under Article 28.3 of the FIA Formula
One Sporting Regulations.",Required to start the race from the back of the starting grid.,"As car 16 has accumulated 20 grid place penalties (Documents 14 and 31) for this
competition under Article 28.3 of the FIA Formula One Sporting Regulations, this is in
excess of the fifteen permitted under the Regulation and therefore the car will be
required to start the race from the back of the starting grid, which will be handled in
accordance with Article 42.
The Stewards consider this to be the logical conclusion reading Article 28.3.
However, it is possible to interpret it differently. The third paragraph of Article 28.3
states that “If a driver incurs a penalty exceeding fifteen (15) grid places he will be
required to start the race from the back of the starting grid”. The Stewards published
a decision (Document 14) which imposed a fifteen grid penalty. The competitor
subsequently changed the Control Electronics and the Stewards published a separate
decision (Document 31) imposing a five grid place penalty.
This exact situation has not happened since this rule was put in place in 2018. The
wording of the sentence is singular “a penalty” and neither document imposed more
than 15 grid places. So it could be interpreted that this does not trigger a “back of
grid” penalty.
However, the first paragraph of the regulation states that “Penalties will be applied
according the following table and will be cumulative” [in each Competition]. The
Stewards further note that in fact, Document 14 combines two separate penalties (a
ten place and a five place) and is therefore two separate penalties in a single
document. So logically regardless of how many documents the penalties are
published in, all decisions accumulate over the Competition, and anything over the 15
grid place limit triggers the back of the grid penalty. Finally, there are other instances",,,,,,,,,,,,,,,,,,,
reviewer_b-fia-2022-can-be2b946362a0,reviewer_b,stratified_exclusion_sample,fia-2022-can-be2b946362a0,2022-can,2022,9,Canadian Grand Prix,2022-06-19T00:00:00,Decision - Car 16 - Driving unnecessarily slowly,https://www.fia.com/sites/default/files/decision-document/2022%20Canadian%20Grand%20Prix%20-%20Decision%20-%20Car%2016%20-%20Driving%20unnecessarily%20slowly.pdf,2022-06-18T18:57:00-07:00,steward_decision,advertised,91a96f065fa33eca2f394e21d2dc08843bb9835c6102ff00c896f131b8403a89,2,"From The Stewards
To The Team Manager,
Scuderia Ferrari
Document 58
Date 18 June 2022
Time 20:56
2022 CANADIAN GRAND PRIX
16 - 19 June 2022
The Stewards, having received a report from the Race Director, summoned (document 48, 49 & 50)
and heard from the drivers and team representatives, have considered the following matter, and
determine the following:
No / Driver 16 - Charles Leclerc
Competitor Scuderia Ferrari
Time 16:03
Session Qualifying
Fact Driving unnecessarily slowly.
Offence Alleged breach of Article 33.4 of the FIA Formula One Sporting Regulations.
Decision No further action.
Reason The Stewards heard from the driver of car 55 (Carlos Sainz), the driver of car 23
(Alexander Albon), the driver of car 16 (Charles Leclerc) and team representatives
and reviewed video evidence.
At the start of Qualifying 1 car 16 slowed on the approach to turn 13 to create a gap
to start a fast lap. The driver says that he had to slow significantly behind other cars,
who were also doing the same, in order to create a safe gap due to the very poor
visibility caused by the weather conditions. Further, he says that it would have been
unsafe to try to overtake the other cars in front as they would not have been
expecting such a manoeuvre at this point. When the driver was informed by his team
that car 77 (Bottas) was approaching very quickly on a fast lap, he slowed even
further and stayed off-line to the right before the entry to turn 13 to ensure he did not
impede car 77. The Stewards accept that Leclerc did everything possible at that point
to avoid impeding Bottas. However, they consider the situation to have been
potentially dangerous but, given that many drivers ended up queueing at this part of
the circuit, they determine that too many drivers contributed to the situation and
therefore the driver concerned is not fully to blame.
Competitors are reminded that they have the right to appeal certain decisions of the
Stewards, in accordance with Article 15 of the FIA International Sporting Code and
Chapter 4 of the FIA Judicial and Disciplinary Rules, within the applicable time limits.
Gerd Ennser Richard Norbury

The Stewards
Emanuele Pirro Marcel Demers",Driving unnecessarily slowly.,Alleged breach of Article 33.4 of the FIA Formula One Sporting Regulations.,No further action.,"The Stewards heard from the driver of car 55 (Carlos Sainz), the driver of car 23
(Alexander Albon), the driver of car 16 (Charles Leclerc) and team representatives
and reviewed video evidence.
At the start of Qualifying 1 car 16 slowed on the approach to turn 13 to create a gap
to start a fast lap. The driver says that he had to slow significantly behind other cars,
who were also doing the same, in order to create a safe gap due to the very poor
visibility caused by the weather conditions. Further, he says that it would have been
unsafe to try to overtake the other cars in front as they would not have been
expecting such a manoeuvre at this point. When the driver was informed by his team
that car 77 (Bottas) was approaching very quickly on a fast lap, he slowed even
further and stayed off-line to the right before the entry to turn 13 to ensure he did not
impede car 77. The Stewards accept that Leclerc did everything possible at that point
to avoid impeding Bottas. However, they consider the situation to have been
potentially dangerous but, given that many drivers ended up queueing at this part of
the circuit, they determine that too many drivers contributed to the situation and
therefore the driver concerned is not fully to blame.",,,,,,,,,,,,,,,,,,,
reviewer_b-fia-2022-jpn-3a0d0693f6cc,reviewer_b,stratified_exclusion_sample,fia-2022-jpn-3a0d0693f6cc,2022-jpn,2022,18,Japanese Grand Prix,2022-10-09T00:00:00,Offence - Car 1 - T15 Incident with car 4,https://www.fia.com/sites/default/files/decision-document/2022%20Japanese%20Grand%20Prix%20-%20Offence%20-%20Car%201%20-%20T15%20Incident%20with%20car%204.pdf,2022-10-08T02:30:00-07:00,steward_decision,advertised,f81a74f3c636c1a3e52c27e189aaf4288a3bd58b45ab53a6db492b1629eeb194,2,"From The Stewards
To The Team Manager,
Oracle Red Bull Racing
Document 30
Date 08 October 2022
Time 17:29
2022 JAPANESE GRAND PRIX
06 - 09 October 2022
The Stewards, having received a report from the Race Director, summoned (document 27 & 28) and
heard from the driver and team representative, have considered the following matter and determine
the following:
No / Driver 1 - Max Verstappen
Competitor Oracle Red Bull Racing
Time 15:50
Session Qualifying
Fact Driver of car 1 lost control of the car in T15-T16 as car 4 was attempting to pass.
Offence Breach of Article 33.4 of the FIA Formula One Sporting Regulations.
Decision Reprimand (Driving)
This is the driver’s first Reprimand of the Season.

Reason The Stewards heard from the driver of Car 1 (Max Verstappen), the driver of Car 4
(Lando Norris) and team representatives and reviewed video and timing evidence.
The driver of car 1 was aware of car 55 in front and car 4 approaching from behind
and decided to accelerate at precisely the same time as car 4 decided to overtake
car 1. Unfortunately, due to lack of tyre temperature on car 1, the driver temporarily
lost control of the car causing it to ‘snap’ anti-clockwise.
The driver of car 4 stated that this was simply an unfortunate incident however it is
the driver’s responsibility to at all times maintain control of their car.
Regarding penalty, all previous breaches of this nature have resulted in a Reprimand
hence a similar penalty is imposed in this case.
Competitors are reminded that they have the right to appeal certain decisions of the
Stewards, in accordance with Article 15 of the FIA International Sporting Code and
Chapter 4 of the FIA Judicial and Disciplinary Rules, within the applicable time limits.





The Stewards
Garry Connelly Felix Holter
Mika Salo Kazuhiro Tsuge",Driver of car 1 lost control of the car in T15-T16 as car 4 was attempting to pass.,Breach of Article 33.4 of the FIA Formula One Sporting Regulations.,"Reprimand (Driving)
This is the driver’s first Reprimand of the Season.","The Stewards heard from the driver of Car 1 (Max Verstappen), the driver of Car 4
(Lando Norris) and team representatives and reviewed video and timing evidence.
The driver of car 1 was aware of car 55 in front and car 4 approaching from behind
and decided to accelerate at precisely the same time as car 4 decided to overtake
car 1. Unfortunately, due to lack of tyre temperature on car 1, the driver temporarily
lost control of the car causing it to ‘snap’ anti-clockwise.
The driver of car 4 stated that this was simply an unfortunate incident however it is
the driver’s responsibility to at all times maintain control of their car.
Regarding penalty, all previous breaches of this nature have resulted in a Reprimand
hence a similar penalty is imposed in this case.",,,,,,,,,,,,,,,,,,,
reviewer_b-fia-2022-mco-21404d2927ca,reviewer_b,stratified_exclusion_sample,fia-2022-mco-21404d2927ca,2022-mco,2022,7,Monaco Grand Prix,2022-05-29T00:00:00,Offence - Car 55 - Impeding car 18 in turn 19,https://www.fia.com/sites/default/files/decision-document/2022%20Monaco%20Grand%20Prix%20-%20Offence%20-%20Car%2055%20-%20Impeding%20car%2018%20in%20turn%2019.pdf,2022-05-28T07:37:00-07:00,steward_decision,advertised,79367700e77c2d3268d39bd5a7b3117180db58c08493afba49cd47b42bf6c86f,2,"From The Stewards
To The Team Manager,
Scuderia Ferrari
Document 39
Date 28 May 2022
Time 15:37
2022 MONACO GRAND PRIX
26 - 29 May 2022
The Stewards, having received a report from the Race Director, summoned (documents 29 & 30)
and heard from the drivers and team representatives, have considered the following matter and
determine the following:
No / Driver 55 - Carlos Sainz
Competitor Scuderia Ferrari
Time 13:21
Session Practice 3
Fact Unnecessary impeding of Car 18 by Car 55 at turn 19.
Offence Breach of Article 37.5 of the FIA Formula One Sporting Regulations.
Decision Reprimand for the driver.
This is the driver’s 3rd Reprimand of the Season (2nd Driving).
A fine of €25,000 is imposed on the Competitor.
Reason The Stewards heard from the driver of Car 55 (Carlos Sainz), the driver of Car 18
(Lance Stroll) and team representatives and examined video and radio evidence.
Approaching Turns 17 and 18 the driver of Car 55 was given a series of grossly
incorrect messages, by radio, about the gaps to the cars behind. It is unclear to the
Stewards why such misleading information was given to the driver, who was under the
impression that there was no car immediately behind him. Due to the poor rear
visibility at that part of the circuit, the driver was relying entirely on the team’s
messages.
Notwithstanding the above, it was noted that the driver of Car 55 almost came to a
stop on the circuit. This is unacceptable and hence the penalty of a Reprimand is
imposed. We note that similar behaviour by any driver during Qualification may
involve much more severe penalties.
It is also noted that a similar situation occurred in relation to the incident involving Car
5 later in the session, where once again incorrect information was passed by the
team to the driver, and again the driver of Car 55 was driving slower that can be
considered reasonable in view of the location and circumstances.
Competitors are reminded that they have the right to appeal certain decisions of the
Stewards, in accordance with Article 15 of the FIA International Sporting Code and
Chapter 4 of the FIA Judicial and Disciplinary Rules, within the applicable time limits.

The Stewards
Garry Connelly Andrew Mallalieu
Derek Warwick Jean-Francois Calmes",Unnecessary impeding of Car 18 by Car 55 at turn 19.,Breach of Article 37.5 of the FIA Formula One Sporting Regulations.,"Reprimand for the driver.
This is the driver’s 3rd Reprimand of the Season (2nd Driving).
A fine of €25,000 is imposed on the Competitor.","The Stewards heard from the driver of Car 55 (Carlos Sainz), the driver of Car 18
(Lance Stroll) and team representatives and examined video and radio evidence.
Approaching Turns 17 and 18 the driver of Car 55 was given a series of grossly
incorrect messages, by radio, about the gaps to the cars behind. It is unclear to the
Stewards why such misleading information was given to the driver, who was under the
impression that there was no car immediately behind him. Due to the poor rear
visibility at that part of the circuit, the driver was relying entirely on the team’s
messages.
Notwithstanding the above, it was noted that the driver of Car 55 almost came to a
stop on the circuit. This is unacceptable and hence the penalty of a Reprimand is
imposed. We note that similar behaviour by any driver during Qualification may
involve much more severe penalties.
It is also noted that a similar situation occurred in relation to the incident involving Car
5 later in the session, where once again incorrect information was passed by the
team to the driver, and again the driver of Car 55 was driving slower that can be
considered reasonable in view of the location and circumstances.",,,,,,,,,,,,,,,,,,,
reviewer_b-fia-2022-mco-a85320aa2719,reviewer_b,included_multi_party,fia-2022-mco-a85320aa2719,2022-mco,2022,7,Monaco Grand Prix,2022-05-29T00:00:00,Offence - Car 23 - Leaving the track and gaining an advantage,https://www.fia.com/sites/default/files/decision-document/2022%20Monaco%20Grand%20Prix%20-%20Offence%20-%20Car%2023%20-%20Leaving%20the%20track%20and%20gaining%20an%20advantage.pdf,2022-05-29T09:37:00-07:00,steward_decision,advertised,9741c79caa0ad90f84c66b739805509d5fb44eaeb2cab3928ea7afbc3e6c2a32,1,"From The Stewards
To The Team Manager,
Williams Racing
Document 52
Date 29 May 2022
Time 17:35
2022 MONACO GRAND PRIX
26 - 29 May 2022
The Stewards
The Stewards, having received a report from the Race Director, have considered the following
matter and determine the following:
No / Driver 23 - Alexander Albon
Competitor Williams Racing
Time 16:43
Session Race
Fact Car 23 left the track at Turn 10 and gained a lasting advantage.
Offence Breach of Article 33.3 of the FIA Formula One Sporting Regulations.
Decision 5 second time penalty.
1 penalty point (total of 4 for the 12 month period).
Reason The Stewards reviewed the video evidence and determined that Car 23 was ahead of
Car 47 into Turn 10 however was unable to take the turn, and cut the chicane thus
staying ahead of Car 47. The Stewards are of the opinion that Car 23 would not have
been able to retain its position had it stayed on track and note this is consistent with
the decision taken in relation to Car 24 at the 2022 Saudi Arabia Grand Prix.
Competitors are reminded that they have the right to appeal certain decisions of the
Stewards, in accordance with Article 15 of the FIA International Sporting Code and
Chapter 4 of the FIA Judicial and Disciplinary Rules, within the applicable time limits.
Garry Connelly Andrew Mallalieu
Derek Warwick Jean-Francois Calmes",Car 23 left the track at Turn 10 and gained a lasting advantage.,Breach of Article 33.3 of the FIA Formula One Sporting Regulations.,"5 second time penalty.
1 penalty point (total of 4 for the 12 month period).","The Stewards reviewed the video evidence and determined that Car 23 was ahead of
Car 47 into Turn 10 however was unable to take the turn, and cut the chicane thus
staying ahead of Car 47. The Stewards are of the opinion that Car 23 would not have
been able to retain its position had it stayed on track and note this is consistent with
the decision taken in relation to Car 24 at the 2022 Saudi Arabia Grand Prix.",,,,,,,,,,,,,,,,,,,
reviewer_b-fia-2022-mco-b304ec541876,reviewer_b,stratified_exclusion_sample,fia-2022-mco-b304ec541876,2022-mco,2022,7,Monaco Grand Prix,2022-05-29T00:00:00,Offence - Car 22 - Impeding car 20,https://www.fia.com/sites/default/files/decision-document/2022%20Monaco%20Grand%20Prix%20-%20Offence%20-%20Car%2022%20-%20Impeding%20car%2020.pdf,2022-05-27T11:02:00-07:00,steward_decision,advertised,7eeb9d7834e2363c04937cf16f7c817b5414611d6fbcc639271b5853dfd9872f,1,"From The Stewards
To The Team Manager,
Scuderia AlphaTauri
Document 22
Date 27 May 2022
Time 19:01
2022 MONACO GRAND PRIX
26 - 29 May 2022
The Stewards
The Stewards, having received a report from the Race Director, summoned (documents 18 & 19)
and heard from the drivers and team representatives, have considered the following matter and
determine the following:
No / Driver 22 - Yuki Tsunoda
Competitor Scuderia AlphaTauri
Time 17:38
Session Practice 2
Fact Unnecessary impeding of Car 20 by Car 22 at turn 10.
Offence Breach of Article 37.5 of the FIA Formula One Sporting Regulations.
Decision Reprimand for the driver.
This is the driver’s 4th Reprimand of the Season (Driving).
Reason The Stewards heard from the driver of Car 22 (Yuki Tsunoda), the driver of Car 20
(Kevin Magnussen) and team representatives and examined video and radio
evidence.
It was clear that the driver of Car 22 was given ample and multiple warnings of the
approach of Car 20, yet still chose to stay on the racing line approaching Turn 10,
forcing Car 20 to take evading action by having to drive through the chicane.
Although it is not common to impose penalties for impeding during free practice
sessions, this incident was sufficiently serious to warrant the penalty imposed.
Competitors are reminded that they have the right to appeal certain decisions of the
Stewards, in accordance with Article 15 of the FIA International Sporting Code and
Chapter 4 of the FIA Judicial and Disciplinary Rules, within the applicable time limits.

Garry Connelly Andrew Mallalieu
Derek Warwick Jean-Francois Calmes",Unnecessary impeding of Car 20 by Car 22 at turn 10.,Breach of Article 37.5 of the FIA Formula One Sporting Regulations.,"Reprimand for the driver.
This is the driver’s 4th Reprimand of the Season (Driving).","The Stewards heard from the driver of Car 22 (Yuki Tsunoda), the driver of Car 20
(Kevin Magnussen) and team representatives and examined video and radio
evidence.
It was clear that the driver of Car 22 was given ample and multiple warnings of the
approach of Car 20, yet still chose to stay on the racing line approaching Turn 10,
forcing Car 20 to take evading action by having to drive through the chicane.
Although it is not common to impose penalties for impeding during free practice
sessions, this incident was sufficiently serious to warrant the penalty imposed.",,,,,,,,,,,,,,,,,,,
reviewer_b-fia-2022-mco-e63ae6a3ea87,reviewer_b,elevated_risk|stratified_exclusion_sample,fia-2022-mco-e63ae6a3ea87,2022-mco,2022,7,Monaco Grand Prix,2022-05-29T00:00:00,Decision - Protest lodged against Car 1,https://www.fia.com/sites/default/files/decision-document/2022%20Monaco%20Grand%20Prix%20-%20Decision%20-%20Protest%20lodged%20against%20Car%201.pdf,2022-05-29T13:33:00-07:00,steward_decision,advertised,b1109d8732d126d3f0aa7204869ebbf87b851603eaafa0bc316903574d119d33,4,"From The Stewards
To The Team Manager, Scuderia Ferrari
Document 59
Date 29 May 2022
Time 21:30
2022 MONACO GRAND PRIX
26 - 29 May 2022
The Stewards
Title Decision - Protest lodged against Car 1
Description Decision - Protest lodged against Car 1
Enclosed MON DOC 59 - Protest Decision against Car 1.pdf
Garry Connelly Andrew Mallalieu
Derek Warwick Jean-Francois Calmes


2022 MONACO GRAND PRIX
26 - 29 May 2022


From The Stewards Document 59

To All Teams Date 29 May 2022
 Time 21:30



Protests filed by Scuderia Ferrari against Car number 1, driven by Max Verstappen of the
Oracle Red Bull Racing Team

Stewards Decision:

The Protest is rejected as it is not founded.

Procedure:

1. On May 29, 2022 following the publication of the Provisional Classification for the Grand Prix of
Monaco, counting towards the 2022 FIA Formula One World Championship, Scuderia Ferrari
lodged a protest against Car 1 (the “car”), entered by Oracle Red Bull Racing Team. Ferrari
claimed in its protest that the car failed to keep to the right of the solid yellow line at the pit
exit when leaving the pits and therefore failed to comply with Section 11.1 of the Race
Director’s Event Notes and therefore breached Article 16.1 of the 2022 FIA Formula One
Sporting Regulations as well as Chapter IV Section 5 of Appendix L of the FIA International
Sporting Code. The parties were summoned and heard. The following persons were present
during the hearing;

On behalf of Red Bull: Jonathan Wheatley

 On behalf of Ferrari: Inaki Rueda

 On behalf of the FIA Sporting Department: Eduardo Freitas

2. At the hearing there were no objections against the composition of the Stewards panel.


3. It was agreed by all parties that should both protests lodged by Ferrari be admitted, and
then these could be heard concurrently as they involved the same type of incident and the
same principles.

4. At the hearing, the parties referred to the documents submitted. None of the parties
submitted further evidence or initiated the hearing of additional persons or conducting
further investigations.



On Admissibility

The Stewards FIND that the Protest is admissible and that the requirements of the Code have
been complied with.

The Hearing of the Protest then proceeded.

The claims of Ferrari:

That on the exit from the pits on lap 23, Car 1 put part of its left front and rear tyres on the tarmac
on the LEFT side of the yellow line.

That this was in breach of the Race Director’s Event Notes (“Notes”).

That similar actions (for example Tsunoda in Austria 2021) resulted in a penalty being applied.

That the Notes indicate to the teams how
 they are to act and the teams abide by them even if they
are in contradiction to the ISC.


Red Bull’s arguments in defence:

 That car 1 was still to the right of the yellow line.

 That in any case, there was no breach of the International Sporting Code.

The Race Director stated:

 That Article 5 of Appendix L of the ISC had changed from 2021 to 2022.

That the Notes were a “cut and paste” from the 2021 version of the Notes and hence had not
been changed to reflect the 2022 Appendix L changes.

Stipulation:

All parties agreed that Car 1 did have part of its front left and rear left tyre on the left side of the
yellow line.
All parties agreed that most of the left front and left rear tyres of that car remained on the yellow
line.
Conclusions of the Stewards:

Having considered the various statements made by the parties, and having reviewed the case of
Car 18 in the 2021 Monaco Grand Prix, which involved a similar situation to this, the Stewards
determine the following:

1. Article 2.1 of the 2022 Formula One Sporting Regulations provides that “All…officials..undertake
to observe all the provisions of …the Code, …..the Formula One Sporting Regulations…”.
2. This places an obligation on the Race Director (and the Stewards) to comply with those regulations.
3. Accordingly, the Notes issued by the Race Director cannot contradict the Code or the Formula One
Sporting Regulations

4. Article 5 c) of Chapter IV of Appendix L of the Code stipulates that at the pit exit a car “must not
cross” the line.
5. In this case, the car did not “cross” the line – to do so it would have needed to have a full wheel to
the left of the yellow line.
6. Accordingly the driver did not breach the relevant section of the Code and this takes precedent
over any interpretation of the Notes.

The Protest is therefore dismissed and the Protest Fee is forfeited.

Competitors are reminded that they have the right to appeal certain decisions of the Stewards,
in accordance with Article 15 of the FIA International Sporting Code and Chapter 4 of the FIA
Judicial and Disciplinary Rules, within the applicable time limits.





Garry Connelly Andrew Mallalieu

Derek Warwick Jean-Francois Calmes

The Stewards",None,None,None,None,,,,,,,,,,,,,,,,,,,
reviewer_b-fia-2022-usa-211d82e7968e,reviewer_b,elevated_risk|stratified_exclusion_sample,fia-2022-usa-211d82e7968e,2022-usa,2022,19,United States Grand Prix,2022-10-23T00:00:00,Offence - Car 47 - Leaving the track and gaining an advantage,https://www.fia.com/sites/default/files/decision-document/2022%20United%20States%20Grand%20Prix%20-%20Offence%20-%20Car%2047%20-%20Leaving%20the%20track%20and%20gaining%20an%20advantage.pdf,2022-10-23T15:37:00-07:00,steward_decision,advertised,b085c682544fb72bcd2e2140bb27878380154242881b16d6bef518ddd40b94bc,1,"From The Stewards
To The Team Manager,
Haas F1 Team
Document 50
Date 23 October 2022
Time 16:30
2022 UNITED STATES GRAND PRIX
20 - 23 October 2022
The Stewards
The Stewards, having received a report from the Race Director, have considered the following
matter and determine the following:
No / Driver 47 - Mick Schumacher
Competitor Haas F1 Team
Time 15:41
Session Race
Fact Leaving the track without a justifiable reason four times.
Offence Breach of Article 33.3 of the FIA Formula One Sporting Regulations and the Race
Directors’ Event Notes - Article 12.2.1 i) of the International Sporting Code.
Decision 5 second time penalty.
1 penalty point (total of 1 for the 12-month period).
Reason The Stewards reviewed video and received timing information from the Race
Director.
The car left the track on four occasions without justifiable reason.
Competitors are reminded that they have the right to appeal certain decisions of the
Stewards, in accordance with Article 15 of the FIA International Sporting Code and
Chapter 4 of the FIA Judicial and Disciplinary Rules, within the applicable time limits.
Garry Connelly Silvia Bellot
Enrique Bernoldi Dennis Dean",Leaving the track without a justifiable reason four times.,"Breach of Article 33.3 of the FIA Formula One Sporting Regulations and the Race
Directors’ Event Notes - Article 12.2.1 i) of the International Sporting Code.","5 second time penalty.
1 penalty point (total of 1 for the 12-month period).","The Stewards reviewed video and received timing information from the Race
Director.
The car left the track on four occasions without justifiable reason.",,,,,,,,,,,,,,,,,,,
reviewer_b-fia-2023-abu-61d6bbfe959e,reviewer_b,published_case_study,fia-2023-abu-61d6bbfe959e,2023-abu,2023,22,Abu Dhabi Grand Prix,2023-11-26T00:00:00,Decision - Car 44 - Alleged causing a collision,https://www.fia.com/sites/default/files/decision-document/2023%20Abu%20Dhabi%20Grand%20Prix%20-%20Decision%20-%20Car%2044%20-%20Alleged%20causing%20a%20collision.pdf,2023-11-26T05:55:00-08:00,steward_decision,advertised,bd7509621ef33fecf5d673abd2e5c7c8e76ec0f5860813d917e3f2414ed0114e,1,"2023 ABU DHABI GRAND PRIX
24 - 26 November 2023
The Stewards
From The Stewards
To The Team Manager,
Mercedes-AMG PETRONAS F1 Team
Document 50
Date 26 November 2023
Time 17:50
The Stewards, having received a report from the Race Director, have considered the following
matter and determine the following:
No / Driver 44 - Lewis Hamilton
Competitor Mercedes-AMG PETRONAS F1 Team
Time 17:25
Session Race
Fact Car 44 collided with Car 10 at Turn 6 after Car 10 locked its brakes.
Infringement Alleged breach of Appendix L, Chapter IV, Article 2 d) of the FIA International
Sporting Code.
Decision No further action.
Reason The Stewards reviewed positioning/marshalling system data, video, team radio and
in-car video evidence.
Car 10 locked its front right tyre into Turn 6 resulting in that car approaching the turn
on a slightly different line at a slightly lower speed which was obviously unexpected by
the driver of Car 44. Car 44 made light contact with the rear of Car 10 in the Turn.
The Stewards determine that no driver was wholly or predominantly to blame.
Competitors are reminded that they have the right to appeal certain decisions of the
Stewards, in accordance with Article 15 of the FIA International Sporting Code and
Chapter 4 of the FIA Judicial and Disciplinary Rules, within the applicable time limits.
Decisions of the Stewards are taken independently of the FIA and are based solely
on the relevant regulations, guidelines and evidence presented.

Garry Connelly Mathieu Remmerie
Vitantonio Liuzzi Mohamed Al Hashmi",Car 44 collided with Car 10 at Turn 6 after Car 10 locked its brakes.,"Alleged breach of Appendix L, Chapter IV, Article 2 d) of the FIA International
Sporting Code.",No further action.,"The Stewards reviewed positioning/marshalling system data, video, team radio and
in-car video evidence.
Car 10 locked its front right tyre into Turn 6 resulting in that car approaching the turn
on a slightly different line at a slightly lower speed which was obviously unexpected by
the driver of Car 44. Car 44 made light contact with the rear of Car 10 in the Turn.
The Stewards determine that no driver was wholly or predominantly to blame.",,,,,,,,,,,,,,,,,,,
reviewer_b-fia-2023-abu-bceb18192f57,reviewer_b,published_case_study,fia-2023-abu-bceb18192f57,2023-abu,2023,22,Abu Dhabi Grand Prix,2023-11-26T00:00:00,Infringement - Car 11 - Causing a collision,https://www.fia.com/sites/default/files/decision-document/2023%20Abu%20Dhabi%20Grand%20Prix%20-%20Infringement%20-%20Car%2011%20-%20Causing%20a%20collision.pdf,2023-11-26T07:24:00-08:00,steward_decision,advertised,9e597f47a44b36343d0f9e7fc048c438f96a5e85e5860ab6866cbf2c3148560c,1,"2023 ABU DHABI GRAND PRIX
24 - 26 November 2023
The Stewards
From The Stewards
To The Team Manager,
Oracle Red Bull Racing
Document 51
Date 26 November 2023
Time 18:50
The Stewards, having received a report from the Race Director, have considered the following
matter and determine the following:
No / Driver 11 - Sergio Perez
Competitor Oracle Red Bull Racing
Time 18:13
Session Race
Fact Car 11 collided with Car 4 at turn 6.
Infringement Breach of Appendix L, Chapter IV, Article 2 d) of the FIA International Sporting Code.
Decision 5 second time penalty.
2 penalty points (total of 7 for the 12 month period).
Reason The Stewards reviewed positioning/marshalling system data, video, team radio and
in-car video evidence.
Coming into Turn 6, notwithstanding that Car 11 was alongside Car 4, the driver of
Car 11 dived in late, missed the apex of the corner and understeered towards the
outside of the corner colliding with Car 4.
Competitors are reminded that they have the right to appeal certain decisions of the
Stewards, in accordance with Article 15 of the FIA International Sporting Code and
Chapter 4 of the FIA Judicial and Disciplinary Rules, within the applicable time limits.

Decisions of the Stewards are taken independently of the FIA and are based solely
on the relevant regulations, guidelines and evidence presented.

Garry Connelly Mathieu Remmerie
Vitantonio Liuzzi Mohamed Al Hashmi",Car 11 collided with Car 4 at turn 6.,"Breach of Appendix L, Chapter IV, Article 2 d) of the FIA International Sporting Code.","5 second time penalty.
2 penalty points (total of 7 for the 12 month period).","The Stewards reviewed positioning/marshalling system data, video, team radio and
in-car video evidence.
Coming into Turn 6, notwithstanding that Car 11 was alongside Car 4, the driver of
Car 11 dived in late, missed the apex of the corner and understeered towards the
outside of the corner colliding with Car 4.",,,,,,,,,,,,,,,,,,,
reviewer_b-fia-2023-abu-cc2da5bf17a1,reviewer_b,published_case_study,fia-2023-abu-cc2da5bf17a1,2023-abu,2023,22,Abu Dhabi Grand Prix,2023-11-26T00:00:00,Decision - Car 81 - Alleged impeding of Car 10,https://www.fia.com/sites/default/files/decision-document/2023%20Abu%20Dhabi%20Grand%20Prix%20-%20Decision%20-%20Car%2081%20-%20Alleged%20impeding%20of%20Car%2010.pdf,2023-11-25T08:33:00-08:00,steward_decision,advertised,7f3f7b1c15673708764ba598c84497e2d9b2571560a37cb394ddc273403ab1a6,1,"2023 ABU DHABI GRAND PRIX
24 - 26 November 2023
The Stewards
From The Stewards
To The Team Manager,
McLaren F1 Team
Document 42
Date 25 November 2023
Time 20:23
The Stewards, having received a report from the Race Director, summoned (documents 37 & 38)
and heard from the drivers and team representatives, have considered the following matter and
determine the following:
No / Driver 81 - Oscar Piastri
Competitor McLaren F1 Team
Time 18:59
Session Qualifying
Fact Car 81 appeared to impede Car 10 in turn 4.
Infringement Alleged breach of Article 37.5 of the FIA Formula One Sporting Regulations.
Decision No further action.
Reason The Stewards heard from the driver of Car 81 (Oscar Piastri), the driver of Car 10
(Pierre Gasly), team representatives and reviewed positioning/marshalling system
data, video, timing, telemetry, team radio and in-car video evidence.
Telemetry of Car 10 showed the throttle was at 100% when Car 10 approached and
overtook Car 81. The driver of Car 10 stated he had to make a minor direction
change but it did not affect his lap. The driver of Car 10 stated that he was not
impacted by Car 81, and the data showed he achieved his fastest mini-sector time at
the point.
Competitors are reminded that they have the right to appeal certain decisions of the
Stewards, in accordance with Article 15 of the FIA International Sporting Code and
Chapter 4 of the FIA Judicial and Disciplinary Rules, within the applicable time limits.
Decisions of the Stewards are taken independently of the FIA and are based solely
on the relevant regulations, guidelines and evidence presented.
Garry Connelly Mathieu Remmerie
Vitantonio Liuzzi Mohamed Al Hashmi",Car 81 appeared to impede Car 10 in turn 4.,Alleged breach of Article 37.5 of the FIA Formula One Sporting Regulations.,No further action.,"The Stewards heard from the driver of Car 81 (Oscar Piastri), the driver of Car 10
(Pierre Gasly), team representatives and reviewed positioning/marshalling system
data, video, timing, telemetry, team radio and in-car video evidence.
Telemetry of Car 10 showed the throttle was at 100% when Car 10 approached and
overtook Car 81. The driver of Car 10 stated he had to make a minor direction
change but it did not affect his lap. The driver of Car 10 stated that he was not
impacted by Car 81, and the data showed he achieved his fastest mini-sector time at
the point.",,,,,,,,,,,,,,,,,,,
reviewer_b-fia-2023-aze-3e30a59aa9fe,reviewer_b,stratified_exclusion_sample,fia-2023-aze-3e30a59aa9fe,2023-aze,2023,4,Azerbaijan Grand Prix,2023-04-30T00:00:00,Offence - Car 31 - Changes made during Parc Ferme,https://www.fia.com/sites/default/files/decision-document/2023%20Azerbaijan%20Grand%20Prix%20-%20Offence%20-%20Car%2031%20-%20Changes%20made%20during%20Parc%20Ferme.pdf,2023-04-29T05:38:00-07:00,steward_decision,advertised,c139679ca9193fba1999d21a5690259d49979a472a4ec1efdb3ede5b2fb258df,1,"2023 AZERBAIJAN GRAND PRIX
28 - 30 April 2023
The Stewards
From The Stewards
To The Team Manager,
BWT Alpine F1 Team
Document 40
Date 29 April 2023
Time 15:35
The Stewards, having received a report from the TechnicalDelegate (document 37),
have considered the following matter and determine the following:
No / Driver 31 - Esteban Ocon
Competitor BWT Alpine F1 Team
Time 15:08
Session Sprint Shootout
Fact The suspension setup has been changed while under Parc Fermé.
Offence Breach of Article 40.9 of the FIA Formula One Sporting Regulations.
Decision Required to start the Sprint and the Race from the pit lane.
Reason The setup was modified whilst the car was in parc fermé with the approval of the
Technical Delegate further to a written request.
The suspension setup has been changed from that previously used in Qualifying. The
competitor is therefore required to start the Sprint and the Race from the pit lane per
article 40.9 of the FIA Formula One Sporting Regulations.
Competitors are reminded that they have the right to appeal certain decisions of the
Stewards, in accordance with Article 15 of the FIA International Sporting Code and
Chapter 4 of the FIA Judicial and Disciplinary Rules, within the applicable time limits.



Nish Shetty Mathieu Remmerie
Enrique Bernoldi Danil Solomin",The suspension setup has been changed while under Parc Fermé.,Breach of Article 40.9 of the FIA Formula One Sporting Regulations.,Required to start the Sprint and the Race from the pit lane.,"The setup was modified whilst the car was in parc fermé with the approval of the
Technical Delegate further to a written request.
The suspension setup has been changed from that previously used in Qualifying. The
competitor is therefore required to start the Sprint and the Race from the pit lane per
article 40.9 of the FIA Formula One Sporting Regulations.",,,,,,,,,,,,,,,,,,,
reviewer_b-fia-2023-bel-1cc242888182,reviewer_b,stratified_exclusion_sample,fia-2023-bel-1cc242888182,2023-bel,2023,12,Belgian Grand Prix,2023-07-30T00:00:00,Decision - Car 44 - Rejoining unsafely,https://www.fia.com/sites/default/files/decision-document/2023%20Belgian%20Grand%20Prix%20-%20Decision%20-%20Car%2044%20-%20Rejoining%20unsafely.pdf,2023-07-28T12:06:00-07:00,steward_decision,advertised,6703c1f4a82c0ece2e8fdd0ed9ac0e201ba58f41846d87034ccb5e920943d302,2,"2023 BELGIAN GRAND PRIX
28 - 30 July 2023
From The Stewards
To The Team Manager,
Mercedes-AMG PETRONAS F1 Team
Document 30
Date 28 July 2023
Time 20:06
The Stewards, having received a report from the Race Director, summoned (documents 22 & 23)
and heard from the drivers and team representatives, have considered the following matter and
determine the following:
No / Driver 44 - Lewis Hamilton
Competitor Mercedes-AMG PETRONAS F1 Team
Time 17:39
Session Qualifying
Fact Leaving the track and allegedly rejoining unsafely in T4 at 17:39.
Infringement Alleged breach of Appendix L, Chapter IV, Article 2 c) of the International Sporting
Code.
Decision No further action.
Reason The Stewards heard from the driver of Car 44 (Lewis Hamilton), the driver of Car 63
(George Russell), the team representative and reviewed video, team radio and in-car
video evidence.
Hamilton explained that he had been warned of the approach of Bottas and moved
out of the way, in this case off track. Russell explained that he had the same warning
but moved out of the way later. He also explained that as he was on the same
program as Hamilton he was fully aware of what Hamilton was doing and that at no
point was the manoeuvre unsafe. The Stewards agree and take no further action.
Competitors are reminded that they have the right to appeal certain decisions of the
Stewards, in accordance with Article 15 of the FIA International Sporting Code and
Chapter 4 of the FIA Judicial and Disciplinary Rules, within the applicable time limits.
Decisions of the Stewards are taken independently of the FIA and are based solely
on the relevant regulations, guidelines and evidence presented.


The Stewards
Tim Mayer Mathieu Remmerie
Derek Warwick Loïc Bacquelaine",Leaving the track and allegedly rejoining unsafely in T4 at 17:39.,"Alleged breach of Appendix L, Chapter IV, Article 2 c) of the International Sporting
Code.",No further action.,"The Stewards heard from the driver of Car 44 (Lewis Hamilton), the driver of Car 63
(George Russell), the team representative and reviewed video, team radio and in-car
video evidence.
Hamilton explained that he had been warned of the approach of Bottas and moved
out of the way, in this case off track. Russell explained that he had the same warning
but moved out of the way later. He also explained that as he was on the same
program as Hamilton he was fully aware of what Hamilton was doing and that at no
point was the manoeuvre unsafe. The Stewards agree and take no further action.",,,,,,,,,,,,,,,,,,,
reviewer_b-fia-2023-bel-3192ec4d03d6,reviewer_b,stratified_exclusion_sample,fia-2023-bel-3192ec4d03d6,2023-bel,2023,12,Belgian Grand Prix,2023-07-30T00:00:00,Infringement - Car 14 - Change of direction,https://www.fia.com/sites/default/files/decision-document/2023%20Belgian%20Grand%20Prix%20-%20Infringement%20-%20Car%2014%20-%20Change%20of%20direction.pdf,2023-07-29T11:30:00-07:00,steward_decision,advertised,5c8f41ea1909e1cd0abc00e91e0fa5d5fa53cd527bddc9585700d29f10dbb11f,2,"2023 BELGIAN GRAND PRIX
28 - 30 July 2023
From The Stewards
To The Team Manager,
Aston Martin Aramco Cognizant F1 Team
Document 49
Date 29 July 2023
Time 19:28
The Stewards, having received a report from the Race Director, have considered the following
matter and determine the following:
No / Driver 14 - Fernando Alonso
Competitor Aston Martin Aramco Cognizant F1 Team
Time 17:53
Session Sprint
Fact Car 14 changed direction causing Car 27 to take avoiding action between Turn 1 and
Turn 2 at 17:53.
Infringement Breach of Appendix L, Chapter IV, Article 2 e) of the FIA International Sporting Code.
Decision Warning.
Reason The Stewards heard from the driver of Car ​​14 (Fernando Alonso), the driver of Car
27 (Nico Hulkenberg), team representatives and reviewed video and in-car video
evidence.
Alonso was exiting the pits and moved over to the left, causing car 27 to have to take
action to avoid a collision. Alonso explained that he had no visibility to the rear at the
time, and that he had driven on the far left of the track at that location on every lap in
order to maximize his forward visibility. While the Stewards accept these facts, the
move from the right to the left in this case, while slower than the cars that had
remained on track, caused the potential for a collision. Considering the conditions in
mitigation, the Stewards issue a Warning.
Competitors are reminded that they have the right to appeal certain decisions of the
Stewards, in accordance with Article 15 of the FIA International Sporting Code and
Chapter 4 of the FIA Judicial and Disciplinary Rules, within the applicable time limits.

Decisions of the Stewards are taken independently of the FIA and are based solely
on the relevant regulations, guidelines and evidence presented.




The Stewards
Tim Mayer Mathieu Remmerie
Derek Warwick Loïc Bacquelaine","Car 14 changed direction causing Car 27 to take avoiding action between Turn 1 and
Turn 2 at 17:53.","Breach of Appendix L, Chapter IV, Article 2 e) of the FIA International Sporting Code.",Warning.,"The Stewards heard from the driver of Car ​​14 (Fernando Alonso), the driver of Car
27 (Nico Hulkenberg), team representatives and reviewed video and in-car video
evidence.
Alonso was exiting the pits and moved over to the left, causing car 27 to have to take
action to avoid a collision. Alonso explained that he had no visibility to the rear at the
time, and that he had driven on the far left of the track at that location on every lap in
order to maximize his forward visibility. While the Stewards accept these facts, the
move from the right to the left in this case, while slower than the cars that had
remained on track, caused the potential for a collision. Considering the conditions in
mitigation, the Stewards issue a Warning.",,,,,,,,,,,,,,,,,,,
reviewer_b-fia-2023-can-6bea4dcb48a0,reviewer_b,stratified_exclusion_sample,fia-2023-can-6bea4dcb48a0,2023-can,2023,8,Canadian Grand Prix,2023-06-18T00:00:00,Decision - Car 55 - Alleged impeding of Car 23,https://www.fia.com/sites/default/files/decision-document/2023%20Canadian%20Grand%20Prix%20-%20Decision%20-%20Car%2055%20-%20Alleged%20impeding%20of%20Car%2023.pdf,2023-06-17T13:32:00-07:00,steward_decision,advertised,685537256dffc57e2978b28f6215e27a35734c8746c7bf82d033ae6b8eadffaf,2,"2023 CANADIAN GRAND PRIX
16 - 18 June 2023
From The Stewards
To The Team Manager,
Scuderia Ferrari
Document 26
Date 17 June 2023
Time 15:30
The Stewards, having received a report from the Race Director, summoned (documents 23 & 24)
and heard from the drivers and team representatives, have considered the following matter and
determine the following:
No / Driver 55 - Carlos Sainz
Competitor Scuderia Ferrari
Time 12:52
Session Practice 3
Fact Alleged unnecessary impeding of Car 23 by Car 55 in turn 13.
Infringment Alleged breach of Article 37.5 of the FIA Formula One Sporting Regulations.
Decision No further action
Reason The Stewards heard from the driver of Car 55 (Carlos Sainz), the driver of Car 23
(Alexander Albon), team representatives and reviewed positioning/marshalling system
data, video, team radio and in-car video evidence.
The weather conditions resulted in significant visibility problems for the drivers
especially on the straight between Turns 12 and 13. The team had previously been
warned by Race Control about a similar incident the prior lap at the same location and
we noted that communications between the team and driver were satisfactory.
The driver of Car 55 stated he knew of the approach of Car 23 but had to back off
significantly because of the presence in front of him, of Car 1.
The wording of Article 35.7 includes the words “unnecessarily impedes another
driver”. In this case both parties and the Stewards believe that this was not a case of
unnecessarily impeding and that the driver of Car 55 acted in the manner he did in
order to, in his view, avoid the car in front and the approaching car from behind.
Both drivers raised with the Stewards the issue of cars backing up at Turn 13. They
strongly suggested that it would be better, in the wet, for any backing up to occur at
Turn 10 where they believe there was better visibility. Drivers are reminded of their
responsibilities under Article 33.4 of the Sporting Regulations.
Competitors are reminded that they have the right to appeal certain decisions of the
Stewards, in accordance with Article 15 of the FIA International Sporting Code and
Chapter 4 of the FIA Judicial and Disciplinary Rules, within the applicable time limits.




The Stewards
Decisions of the Stewards are taken independently of the FIA and are based solely
on the relevant regulations, guidelines and evidence presented.

Garry Connelly Mathieu Remmerie
Enrique Bernoldi Marcel Demers",Alleged unnecessary impeding of Car 23 by Car 55 in turn 13.,Alleged breach of Article 37.5 of the FIA Formula One Sporting Regulations.,No further action,"The Stewards heard from the driver of Car 55 (Carlos Sainz), the driver of Car 23
(Alexander Albon), team representatives and reviewed positioning/marshalling system
data, video, team radio and in-car video evidence.
The weather conditions resulted in significant visibility problems for the drivers
especially on the straight between Turns 12 and 13. The team had previously been
warned by Race Control about a similar incident the prior lap at the same location and
we noted that communications between the team and driver were satisfactory.
The driver of Car 55 stated he knew of the approach of Car 23 but had to back off
significantly because of the presence in front of him, of Car 1.
The wording of Article 35.7 includes the words “unnecessarily impedes another
driver”. In this case both parties and the Stewards believe that this was not a case of
unnecessarily impeding and that the driver of Car 55 acted in the manner he did in
order to, in his view, avoid the car in front and the approaching car from behind.
Both drivers raised with the Stewards the issue of cars backing up at Turn 13. They
strongly suggested that it would be better, in the wet, for any backing up to occur at
Turn 10 where they believe there was better visibility. Drivers are reminded of their
responsibilities under Article 33.4 of the Sporting Regulations.",,,,,,,,,,,,,,,,,,,
reviewer_b-fia-2023-can-bee4f824dc01,reviewer_b,elevated_risk|stratified_exclusion_sample,fia-2023-can-bee4f824dc01,2023-can,2023,8,Canadian Grand Prix,2023-06-18T00:00:00,Decision - Free Practice 2,https://www.fia.com/sites/default/files/decision-document/2023%20Canadian%20Grand%20Prix%20-%20Decision%20-%20Free%20Practice%202.pdf,2023-06-16T12:17:00-07:00,steward_decision,advertised,44cc44ce8f9d0716d5714a120e2fd037cba5a5eb26e59686e117fbdbc91ade2a,1,"2023 CANADIAN GRAND PRIX
16 - 18 June 2023
Decision of the Stewards

In accordance with Article 11.9.3.o of the FIA International Sporting Code, having received a request
from the Clerk of the Course and in the interests of safety, we hereby modify the Official Programme
of the 2023 Canadian Grand Prix by extending the duration of Free Practice Session 2 by 30
minutes. Free Practice Session 2 will now start at 1630hrs.
The tyres required to be returned after Free Practice 1 in accordance with Article 30.5 of the
Formula One Sporting Regulations, should now be returned no later than two hours after Free
Practice 2.

The Stewards
From The Stewards
To All Teams, All Officials
Document 11
Date 16 June 2023
Time 14:17
Garry Connelly Mathieu Remmerie
Enrique Bernoldi Marcel Demers",None,None,"of the Stewards

In accordance with Article 11.9.3.o of the FIA International Sporting Code, having received a request
from the Clerk of the Course and in the interests of safety, we hereby modify the Official Programme
of the 2023 Canadian Grand Prix by extending the duration of Free Practice Session 2 by 30
minutes. Free Practice Session 2 will now start at 1630hrs.
The tyres required to be returned after Free Practice 1 in accordance with Article 30.5 of the
Formula One Sporting Regulations, should now be returned no later than two hours after Free
Practice 2.

The Stewards
From The Stewards
To All Teams, All Officials
Document 11
Date 16 June 2023
Time 14:17
Garry Connelly Mathieu Remmerie
Enrique Bernoldi Marcel Demers",None,,,,,,,,,,,,,,,,,,,
reviewer_b-fia-2023-mex-0484bdd694f6,reviewer_b,elevated_risk|stratified_exclusion_sample,fia-2023-mex-0484bdd694f6,2023-mex,2023,19,Mexico City Grand Prix,2023-10-29T00:00:00,Decision - Car 2 - Failing to set a lap time within 107%,https://www.fia.com/sites/default/files/decision-document/2023%20Mexico%20City%20Grand%20Prix%20-%20Decision%20-%20Car%202%20-%20Failing%20to%20set%20a%20lap%20time%20within%20107%.pdf,2023-10-28T18:11:00-07:00,steward_decision,advertised,123b7c9ee37732877e172c270e4a08a59b4a15d17a40771ba781223bf54ebdac,1,"2023 MEXICO CITY GRAND PRIX
27 - 29 October 2023
The Stewards have received a request from Williams Racing to allow car 2 to start the Race despite
failing to set a qualifying time within 107% of the fastest time set in Q1.
In accordance with Article 39.4 of the FIA Formula One Sporting Regulations, the Stewards grant
permission for car 2, Logan Sargeant, to start the Race, as the driver has set satisfactory times in
practice at this Event. The car will be placed on the grid in accordance with Article 42.1 of the FIA
Formula One Sporting Regulations.
Competitors are reminded that they have the right to appeal certain decisions of the Stewards, in
accordance with Article 15 of the FIA International Sporting Code and Chapter 4 of the FIA Judicial
and Disciplinary Rules, within the applicable time limits.

Decisions of the Stewards are taken independently of the FIA and are based solely on the relevant
regulations, guidelines and evidence presented.

The Stewards
From The Stewards
To The Team Manager,
Williams Racing
Document 42
Date 28 October 2023
Time 19:08
Garry Connelly Matteo Perini
Danny Sullivan Alfonso Oros",None,None,None,None,,,,,,,,,,,,,,,,,,,
reviewer_b-fia-2023-mex-12fa9fca2a38,reviewer_b,elevated_risk,fia-2023-mex-12fa9fca2a38,2023-mex,2023,19,Mexico City Grand Prix,2023-10-29T00:00:00,Decision - Car 63 - Alleged impeding at Pit Exit,https://www.fia.com/sites/default/files/decision-document/2023%20Mexico%20City%20Grand%20Prix%20-%20Decision%20-%20Car%2063%20-%20Alleged%20impeding%20at%20Pit%20Exit.pdf,2023-10-28T18:52:00-07:00,steward_decision,advertised,0b799097a637f7078c5e05531e23ff0704c5ed567b2f49540968b2070c8062dd,2,"2023 MEXICO CITY GRAND PRIX
27 - 29 October 2023
From The Stewards
To The Team Manager,
Mercedes-AMG PETRONAS F1 Team
Document 33
Date 28 October 2023
Time 18:40
The Stewards, having received a report from the Race Director, summoned (document 24) and
heard from the driver and team representative, have considered the following matter and determine
the following:
No / Driver 63 - George Russell
Competitor Mercedes-AMG PETRONAS F1 Team
Time 15:14
Session Qualifying
Fact Car 63 stopped at the Pit Exit preventing other cars from exiting.
Infringement Alleged breach of Article 37.5 of the FIA Formula One Sporting Regulations and
Article 12.2.1.i of the FIA International Sporting Code.
Decision No further action.
Reason The Stewards heard from the driver of Car 63 (George Russell), the team
representative, the Race Director and the Single-Seater Sporting Director and
reviewed positioning/marshalling system data, video and in-car video evidence.
The Stewards noted in particular the evidence of the drivers of Car 1, 14 and 63 and
also noted that several other cars slowed either at the pit exit or in the pit road leading
up to the SC2 line.
The Stewards consider that the entire set of incidents occurred as a direct result of
the implementation of the minimum lap time between SC2 and SC1 which is designed
(correctly so, in our view) to avoid dangerous backing-up of cars on the circuit during
Qualification. We note that there are contrary requirements on drivers in that they
must respect the minimum time, they are attempting to create manageable gaps to
cars in front, yet they are also required to avoid unnecessarily stopping at the pit exit
or driving unnecessarily slowly.
It was also particularly noted that the Race Director accepted that these contrary
requirements exist. All parties including the Stewards are firmly of the view that it is
better to have the potential of cars backing-up in the pit lane or at the pit exit, instead
of the potentially dangerous situation of large speed differences on track.
We consider that in the main all drivers involved in these incidents were acting in
good faith and with safety as a priority. We also accept that Race Direction has
taken the correct approach in apply the minimum lap time. It is desirable that better
solution be found for the pit exit however at this stage, what that solution would be, is
unknown.
In view of the above, no further action is taken.

The Stewards
Competitors are reminded that they have the right to appeal certain decisions of the
Stewards, in accordance with Article 15 of the FIA International Sporting Code and
Chapter 4 of the FIA Judicial and Disciplinary Rules, within the applicable time limits.

Decisions of the Stewards are taken independently of the FIA and are based solely
on the relevant regulations, guidelines and evidence presented.

Garry Connelly Matteo Perini
Danny Sullivan Alfonso Oros",Car 63 stopped at the Pit Exit preventing other cars from exiting.,"Alleged breach of Article 37.5 of the FIA Formula One Sporting Regulations and
Article 12.2.1.i of the FIA International Sporting Code.",No further action.,"The Stewards heard from the driver of Car 63 (George Russell), the team
representative, the Race Director and the Single-Seater Sporting Director and
reviewed positioning/marshalling system data, video and in-car video evidence.
The Stewards noted in particular the evidence of the drivers of Car 1, 14 and 63 and
also noted that several other cars slowed either at the pit exit or in the pit road leading
up to the SC2 line.
The Stewards consider that the entire set of incidents occurred as a direct result of
the implementation of the minimum lap time between SC2 and SC1 which is designed
(correctly so, in our view) to avoid dangerous backing-up of cars on the circuit during
Qualification. We note that there are contrary requirements on drivers in that they
must respect the minimum time, they are attempting to create manageable gaps to
cars in front, yet they are also required to avoid unnecessarily stopping at the pit exit
or driving unnecessarily slowly.
It was also particularly noted that the Race Director accepted that these contrary
requirements exist. All parties including the Stewards are firmly of the view that it is
better to have the potential of cars backing-up in the pit lane or at the pit exit, instead
of the potentially dangerous situation of large speed differences on track.
We consider that in the main all drivers involved in these incidents were acting in
good faith and with safety as a priority. We also accept that Race Direction has
taken the correct approach in apply the minimum lap time. It is desirable that better
solution be found for the pit exit however at this stage, what that solution would be, is
unknown.
In view of the above, no further action is taken.",,,,,,,,,,,,,,,,,,,
reviewer_b-fia-2023-mex-4fc6662b74aa,reviewer_b,elevated_risk,fia-2023-mex-4fc6662b74aa,2023-mex,2023,19,Mexico City Grand Prix,2023-10-29T00:00:00,Decision - Car 14 - Alleged impeding at Pit Exit,https://www.fia.com/sites/default/files/decision-document/2023%20Mexico%20City%20Grand%20Prix%20-%20Decision%20-%20Car%2014%20-%20Alleged%20impeding%20at%20Pit%20Exit.pdf,2023-10-28T18:53:00-07:00,steward_decision,advertised,76f746ef33ee50deaa0a124253bf6ee566aa60652bae28d1b7406cdcc18d4df2,2,"2023 MEXICO CITY GRAND PRIX
27 - 29 October 2023
From The Stewards
To The Team Manager,
Aston Martin Aramco Cognizant F1 Team
Document 35
Date 28 October 2023
Time 18:40
The Stewards, having received a report from the Race Director, summoned (document 26) and
heard from the driver and team representative, have considered the following matter and determine
the following:
No / Driver 14 - Fernando Alonso
Competitor Aston Martin Aramco Cognizant F1 Team
Time 15:14
Session Qualifying
Fact Car 14 stopped at the Pit Exit preventing other cars from exiting.
Infringement Alleged breach of Article 37.5 of the FIA Formula One Sporting Regulations and
Article 12.2.1.i of the FIA International Sporting Code.
Decision No further action.
Reason The Stewards heard from the driver of Car 14 (Fernando Alonso), the team
representative, the Race Director and the Single-Seater Sporting Director and
reviewed positioning/marshalling system data, video and in-car video evidence.
The Stewards noted in particular the evidence of the drivers of Car 1, 14 and 63 and
also noted that several other cars slowed either at the pit exit or in the pit road leading
up to the SC2 line.
The Stewards consider that the entire set of incidents occurred as a direct result of
the implementation of the minimum lap time between SC2 and SC1 which is designed
(correctly so, in our view) to avoid dangerous backing-up of cars on the circuit during
Qualification. We note that there are contrary requirements on drivers in that they
must respect the minimum time, they are attempting to create manageable gaps to
cars in front, yet they are also required to avoid unnecessarily stopping at the pit exit
or driving unnecessarily slowly.
It was also particularly noted that the Race Director accepted that these contrary
requirements exist. All parties including the Stewards are firmly of the view that it is
better to have the potential of cars backing-up in the pit lane or at the pit exit, instead
of the potentially dangerous situation of large speed differences on track.
We consider that in the main all drivers involved in these incidents were acting in
good faith and with safety as a priority. We also accept that Race Direction has
taken the correct approach in apply the minimum lap time. It is desirable that better
solution be found for the pit exit however at this stage, what that solution would be, is
unknown.
In view of the above, no further action is taken.

The Stewards
Competitors are reminded that they have the right to appeal certain decisions of the
Stewards, in accordance with Article 15 of the FIA International Sporting Code and
Chapter 4 of the FIA Judicial and Disciplinary Rules, within the applicable time limits.

Decisions of the Stewards are taken independently of the FIA and are based solely
on the relevant regulations, guidelines and evidence presented.

Garry Connelly Matteo Perini
Danny Sullivan Alfonso Oros",Car 14 stopped at the Pit Exit preventing other cars from exiting.,"Alleged breach of Article 37.5 of the FIA Formula One Sporting Regulations and
Article 12.2.1.i of the FIA International Sporting Code.",No further action.,"The Stewards heard from the driver of Car 14 (Fernando Alonso), the team
representative, the Race Director and the Single-Seater Sporting Director and
reviewed positioning/marshalling system data, video and in-car video evidence.
The Stewards noted in particular the evidence of the drivers of Car 1, 14 and 63 and
also noted that several other cars slowed either at the pit exit or in the pit road leading
up to the SC2 line.
The Stewards consider that the entire set of incidents occurred as a direct result of
the implementation of the minimum lap time between SC2 and SC1 which is designed
(correctly so, in our view) to avoid dangerous backing-up of cars on the circuit during
Qualification. We note that there are contrary requirements on drivers in that they
must respect the minimum time, they are attempting to create manageable gaps to
cars in front, yet they are also required to avoid unnecessarily stopping at the pit exit
or driving unnecessarily slowly.
It was also particularly noted that the Race Director accepted that these contrary
requirements exist. All parties including the Stewards are firmly of the view that it is
better to have the potential of cars backing-up in the pit lane or at the pit exit, instead
of the potentially dangerous situation of large speed differences on track.
We consider that in the main all drivers involved in these incidents were acting in
good faith and with safety as a priority. We also accept that Race Direction has
taken the correct approach in apply the minimum lap time. It is desirable that better
solution be found for the pit exit however at this stage, what that solution would be, is
unknown.
In view of the above, no further action is taken.",,,,,,,,,,,,,,,,,,,
reviewer_b-fia-2023-mex-5a15b7087308,reviewer_b,elevated_risk,fia-2023-mex-5a15b7087308,2023-mex,2023,19,Mexico City Grand Prix,2023-10-29T00:00:00,Decision - Car 1 - Alleged impeding at Pit Exit,https://www.fia.com/sites/default/files/decision-document/2023%20Mexico%20City%20Grand%20Prix%20-%20Decision%20-%20Car%201%20-%20Alleged%20impeding%20at%20Pit%20Exit.pdf,2023-10-28T18:52:00-07:00,steward_decision,advertised,ff235caad456cba418a4dc7fd392b8dfcb8ed50f9cec3d2b5eae342d80da27db,2,"2023 MEXICO CITY GRAND PRIX
27 - 29 October 2023
From The Stewards
To The Team Manager,
Oracle Red Bull Racing
Document 34
Date 28 October 2023
Time 18:40
The Stewards, having received a report from the Race Director, summoned (document 25) and
heard from the driver and team representative, have considered the following matter and determine
the following:
No / Driver 1 - Max Verstappen
Competitor Oracle Red Bull Racing
Time 15:14
Session Qualifying
Fact Car 1 drove very slowly at the Pit Exit and in doing so, unnecessarily impeded the
cars behind.
Infringement Alleged breach of Article 37.5 of the FIA Formula One Sporting Regulations and
Article 12.2.1.i of the FIA International Sporting Code.
Decision No further action.
Reason The Stewards heard from the driver of Car 1 (Max Verstappen), the team
representative, the Race Director and the Single-Seater Sporting Director and
reviewed positioning/marshalling system data, video and in-car video evidence.
The Stewards noted in particular the evidence of the drivers of Car 1, 14 and 63 and
also noted that several other cars slowed either at the pit exit or in the pit road leading
up to the SC2 line.
The Stewards consider that the entire set of incidents occurred as a direct result of
the implementation of the minimum lap time between SC2 and SC1 which is designed
(correctly so, in our view) to avoid dangerous backing-up of cars on the circuit during
Qualification. We note that there are contrary requirements on drivers in that they
must respect the minimum time, they are attempting to create manageable gaps to
cars in front, yet they are also required to avoid unnecessarily stopping at the pit exit
or driving unnecessarily slowly.
It was also particularly noted that the Race Director accepted that these contrary
requirements exist. All parties including the Stewards are firmly of the view that it is
better to have the potential of cars backing-up in the pit lane or at the pit exit, instead
of the potentially dangerous situation of large speed differences on track.
We consider that in the main all drivers involved in these incidents were acting in
good faith and with safety as a priority. We also accept that Race Direction has
taken the correct approach in apply the minimum lap time. It is desirable that better
solution be found for the pit exit however at this stage, what that solution would be, is
unknown.

The Stewards
In view of the above, no further action is taken.
Competitors are reminded that they have the right to appeal certain decisions of the
Stewards, in accordance with Article 15 of the FIA International Sporting Code and
Chapter 4 of the FIA Judicial and Disciplinary Rules, within the applicable time limits.

Decisions of the Stewards are taken independently of the FIA and are based solely
on the relevant regulations, guidelines and evidence presented.

Garry Connelly Matteo Perini
Danny Sullivan Alfonso Oros","Car 1 drove very slowly at the Pit Exit and in doing so, unnecessarily impeded the
cars behind.","Alleged breach of Article 37.5 of the FIA Formula One Sporting Regulations and
Article 12.2.1.i of the FIA International Sporting Code.",No further action.,"The Stewards heard from the driver of Car 1 (Max Verstappen), the team
representative, the Race Director and the Single-Seater Sporting Director and
reviewed positioning/marshalling system data, video and in-car video evidence.
The Stewards noted in particular the evidence of the drivers of Car 1, 14 and 63 and
also noted that several other cars slowed either at the pit exit or in the pit road leading
up to the SC2 line.
The Stewards consider that the entire set of incidents occurred as a direct result of
the implementation of the minimum lap time between SC2 and SC1 which is designed
(correctly so, in our view) to avoid dangerous backing-up of cars on the circuit during
Qualification. We note that there are contrary requirements on drivers in that they
must respect the minimum time, they are attempting to create manageable gaps to
cars in front, yet they are also required to avoid unnecessarily stopping at the pit exit
or driving unnecessarily slowly.
It was also particularly noted that the Race Director accepted that these contrary
requirements exist. All parties including the Stewards are firmly of the view that it is
better to have the potential of cars backing-up in the pit lane or at the pit exit, instead
of the potentially dangerous situation of large speed differences on track.
We consider that in the main all drivers involved in these incidents were acting in
good faith and with safety as a priority. We also accept that Race Direction has
taken the correct approach in apply the minimum lap time. It is desirable that better
solution be found for the pit exit however at this stage, what that solution would be, is
unknown.",,,,,,,,,,,,,,,,,,,
reviewer_b-fia-2023-mia-9e0c21601632,reviewer_b,stratified_exclusion_sample,fia-2023-mia-9e0c21601632,2023-mia,2023,5,Miami Grand Prix,2023-05-07T00:00:00,Decision - Car 11 - Drivers' Parade,https://www.fia.com/sites/default/files/decision-document/2023%20Miami%20Grand%20Prix%20-%20Decision%20-%20Car%2011%20-%20Drivers'%20Parade.pdf,2023-05-07T16:52:00-07:00,steward_decision,advertised,d0b320c2eeac9d4462ecdc2c34948dde3cf60b0efaa780c3c99e657d52205631,1,"2023 MIAMI GRAND PRIX
05 - 07 May 2023
The Stewards
From The Stewards
To The Team Manager,
Oracle Red Bull Racing
Document 44
Date 07 May 2023
Time 18:52
The Stewards, having received a report from the Media Delegate, summoned (document 40) and
heard from the driver and team representative, have considered the following matter and determine
the following:
No / Driver 11 - Sergio Perez
Competitor Oracle Red Bull Racing
Time 13:20
Session Pre-Race
Fact Late attendance of pre-race drivers’ parade.
Infringment Breach of Article 19.4 b) of the FIA Formula One Sporting Regulations.
Decision Reprimand (Non-driving).
Reason The Stewards received a report from the Media Delegate that the the driver of Car 11
(Sergio Perez), was late for the driver’s parade. The Stewards heard from the team
representative and the driver and determined that the driver was indeed late for the
parade.
The reason for the lateness was the team’s media and other commercial
commitments that the driver had to satisfy before turning up for the parade. We
considered that this was not a valid reason for the lateness. A driver turning up late
for such events can have undesirable resultant consequences for the event and
should be avoided at all times.
In the circumstances, we decided to impose a Reprimand (non-driving) on the driver.
Competitors are reminded that they have the right to appeal certain decisions of the
Stewards, in accordance with Article 15 of the FIA International Sporting Code and
Chapter 4 of the FIA Judicial and Disciplinary Rules, within the applicable time limits.

Nish Shetty Matteo Perini
Danny Sullivan Dennis Dean",Late attendance of pre-race drivers’ parade.,Breach of Article 19.4 b) of the FIA Formula One Sporting Regulations.,Reprimand (Non-driving).,"The Stewards received a report from the Media Delegate that the the driver of Car 11
(Sergio Perez), was late for the driver’s parade. The Stewards heard from the team
representative and the driver and determined that the driver was indeed late for the
parade.
The reason for the lateness was the team’s media and other commercial
commitments that the driver had to satisfy before turning up for the parade. We
considered that this was not a valid reason for the lateness. A driver turning up late
for such events can have undesirable resultant consequences for the event and
should be avoided at all times.
In the circumstances, we decided to impose a Reprimand (non-driving) on the driver.",,,,,,,,,,,,,,,,,,,
reviewer_b-fia-2023-ned-8b57014099b8,reviewer_b,stratified_exclusion_sample,fia-2023-ned-8b57014099b8,2023-ned,2023,13,Dutch Grand Prix,2023-08-27T00:00:00,Decision - Car 27 - Alleged impedding,https://www.fia.com/sites/default/files/decision-document/2023%20Dutch%20Grand%20Prix%20-%20Decision%20-%20Car%2027%20-%20Alleged%20impedding.pdf,2023-08-25T10:18:00-07:00,steward_decision,advertised,e9469a4ea7cd83e7e23a438dfdf4e1cb64da866773b535aaf90036291ddfd6e3,1,"2023 DUTCH GRAND PRIX
25 - 27 August 2023
The Stewards
From The Stewards
To The Team Manager,
MoneyGram Haas F1 Team
Document 22
Date 25 August 2023
Time 18:16
The Stewards, having received a report from the Race Director, summoned (documents 17 & 18)
and heard from the drivers and team representatives, have considered the following matter and
determine the following:
No / Driver 27 - Nico Hulkenberg
Competitor MoneyGram Haas F1 Team
Time 16:05
Session Practice 2
Fact Car 27 allegedly unnecessarily impeding Car 1 in turn 12 at 16:05.
Infringement Alleged breach of Article 37.5 of the FIA Formula One Sporting Regulations.
Decision No further action.
Reason The Stewards heard from the driver of Car 27 (Nico Hulkenberg), the driver of Car 1
(Max Verstappen), team representatives and reviewed video, telemetry and in-car
video evidence.
The drivers agreed that Hulkenberg was affected by the cars in front of him and
slowed, thereby impeding Verstappen. However, as this was FP2, the drivers agreed
that it did not rise to the standard of “Unnecessarily Impeding”. Further, as the closing
speeds at this location are significant, the incident looked more dramatic than what it
was, but the drivers agreed that it was not particularly dangerous.
Competitors are reminded that they have the right to appeal certain decisions of the
Stewards, in accordance with Article 15 of the FIA International Sporting Code and
Chapter 4 of the FIA Judicial and Disciplinary Rules, within the applicable time limits.
Decisions of the Stewards are taken independently of the FIA and are based solely
on the relevant regulations, guidelines and evidence presented.

Tim Mayer Felix Holter
Derek Warwick Marc Boonman",Car 27 allegedly unnecessarily impeding Car 1 in turn 12 at 16:05.,Alleged breach of Article 37.5 of the FIA Formula One Sporting Regulations.,No further action.,"The Stewards heard from the driver of Car 27 (Nico Hulkenberg), the driver of Car 1
(Max Verstappen), team representatives and reviewed video, telemetry and in-car
video evidence.
The drivers agreed that Hulkenberg was affected by the cars in front of him and
slowed, thereby impeding Verstappen. However, as this was FP2, the drivers agreed
that it did not rise to the standard of “Unnecessarily Impeding”. Further, as the closing
speeds at this location are significant, the incident looked more dramatic than what it
was, but the drivers agreed that it was not particularly dangerous.",,,,,,,,,,,,,,,,,,,
reviewer_b-fia-2023-ned-f47432809469,reviewer_b,stratified_exclusion_sample,fia-2023-ned-f47432809469,2023-ned,2023,13,Dutch Grand Prix,2023-08-27T00:00:00,Infringement - Car 40 - Impeding of Car 20,https://www.fia.com/sites/default/files/decision-document/2023%20Dutch%20Grand%20Prix%20-%20Infringement%20-%20Car%2040%20-%20Impeding%20of%20Car%2020.pdf,2023-08-27T08:40:00-07:00,steward_decision,advertised,d43004279ffbeed85bc07c50b1dfe4bdb9249b212e9332aebe4afbdeb78ba624,1,"2023 DUTCH GRAND PRIX
25 - 27 August 2023
The Stewards
From The Stewards
To The Team Manager,
Scuderia AlphaTauri
Document 56
Date 27 August 2023
Time 15:30
The Stewards, having received a report from the Race Director, have considered the following
matter and determine the following:
No / Driver 40 - Liam Lawson
Competitor Scuderia AlphaTauri
Time 15:05
Session Race
Fact Car 40 (Equipment) unnecessarily impeded Car 20 in the pit lane.
Infringement Breach of Appendix L, Chapter IV, Article 5 f) of the International Sporting Code.
Decision 10 second time penalty.
Reason The Stewards reviewed pit lane CCTV, pit stop position overhead cameras and
timing.
The competitor “double stacked” their cars to change tyres leaving car 40 sticking out
into the transition lane and thereby unnecessarily impeded Car 20 for close to ten
seconds. This is not permitted by the code.
Competitors are reminded that they have the right to appeal certain decisions of the
Stewards, in accordance with Article 15 of the FIA International Sporting Code and
Chapter 4 of the FIA Judicial and Disciplinary Rules, within the applicable time limits.

Decisions of the Stewards are taken independently of the FIA and are based solely
on the relevant regulations, guidelines and evidence presented.

Tim Mayer Felix Holter
Derek Warwick Marc Boonman",Car 40 (Equipment) unnecessarily impeded Car 20 in the pit lane.,"Breach of Appendix L, Chapter IV, Article 5 f) of the International Sporting Code.",10 second time penalty.,"The Stewards reviewed pit lane CCTV, pit stop position overhead cameras and
timing.
The competitor “double stacked” their cars to change tyres leaving car 40 sticking out
into the transition lane and thereby unnecessarily impeded Car 20 for close to ten
seconds. This is not permitted by the code.",,,,,,,,,,,,,,,,,,,
reviewer_b-fia-2023-qat-002060120e1b,reviewer_b,included_multi_party,fia-2023-qat-002060120e1b,2023-qat,2023,17,Qatar Grand Prix,2023-10-08T00:00:00,Decision - Car 11 - T2 incident with Cars 27 and 31,https://www.fia.com/sites/default/files/decision-document/2023%20Qatar%20Grand%20Prix%20-%20Decision%20-%20Car%2011%20-%20T2%20incident%20with%20Cars%2027%20and%2031.pdf,2023-10-07T15:09:00-07:00,steward_decision,advertised,e4b20d757f812abcfe2a06c76eddb88662deceb87d4352d9fd10423a1adf5b45,2,"2023 QATAR GRAND PRIX
06 - 08 October 2023
From The Stewards
To The Team Manager,
Oracle Red Bull Racing
Document 53
Date 07 October 2023
Time 23:48
The Stewards, having received a report from the Race Director, summoned (documents 45, 46 &
48) and heard from the drivers and team representatives, have considered the following matter and
determine the following:
No / Driver 11 - Sergio Perez
Competitor Oracle Red Bull Racing
Time 20:52
Session Sprint
Fact Turn 2 incident between Cars 11, 27 and 31 at 20:52.
Infringement Alleged breach of Appendix L, Chapter IV, Article 2 d) of the FIA International
Sporting Code.
Decision No further action.
Reason The Stewards heard from the driver of Car ​​11 (Sergio Perez), the driver of Car ​​27
(Nico Hulkenberg), the driver of Car ​​31 (Esteban Ocon), team representatives and
reviewed video and in-car video evidence.
Cars 27 and 31 were fighting for position into Turn 1 and therefore had a slower exit
out of Turn 1. This led to Car 11 being able to pull alongside on the outside before
Turn 2. The cars entered Turn 2 three-wide, collided and spun off track.
Whilst Car 31 was moving from the left track edge to the middle of the track between
Turns 1 and 2 with Car 27 on his right, the driver was not aware of Car 11 pulling
alongside on the right side as his visibility was blocked by Car 27. The Stewards
determine that Car 31 moved in a manner that would have allowed Cars 31 and 27 to
negotiate Turn 2 side by side if Car 11 had not been there. Taking all this into
account, the Stewards conclude that no driver was wholly or predominantly at fault for
the collision. The incident is considered as a race incident and no further action is
taken.
Competitors are reminded that they have the right to appeal certain decisions of the
Stewards, in accordance with Article 15 of the FIA International Sporting Code and
Chapter 4 of the FIA Judicial and Disciplinary Rules, within the applicable time limits.






The Stewards
Decisions of the Stewards are taken independently of the FIA and are based solely
on the relevant regulations, guidelines and evidence presented.

Felix Holter Matteo Perini
Danny Sullivan David Domingo","Turn 2 incident between Cars 11, 27 and 31 at 20:52.","Alleged breach of Appendix L, Chapter IV, Article 2 d) of the FIA International
Sporting Code.",No further action.,"The Stewards heard from the driver of Car ​​11 (Sergio Perez), the driver of Car ​​27
(Nico Hulkenberg), the driver of Car ​​31 (Esteban Ocon), team representatives and
reviewed video and in-car video evidence.
Cars 27 and 31 were fighting for position into Turn 1 and therefore had a slower exit
out of Turn 1. This led to Car 11 being able to pull alongside on the outside before
Turn 2. The cars entered Turn 2 three-wide, collided and spun off track.
Whilst Car 31 was moving from the left track edge to the middle of the track between
Turns 1 and 2 with Car 27 on his right, the driver was not aware of Car 11 pulling
alongside on the right side as his visibility was blocked by Car 27. The Stewards
determine that Car 31 moved in a manner that would have allowed Cars 31 and 27 to
negotiate Turn 2 side by side if Car 11 had not been there. Taking all this into
account, the Stewards conclude that no driver was wholly or predominantly at fault for
the collision. The incident is considered as a race incident and no further action is
taken.",,,,,,,,,,,,,,,,,,,
reviewer_b-fia-2023-qat-04250e16f5a2,reviewer_b,elevated_risk,fia-2023-qat-04250e16f5a2,2023-qat,2023,17,Qatar Grand Prix,2023-10-08T00:00:00,Decision - Car 44 - Alleged causing a collision (corrected),https://www.fia.com/sites/default/files/decision-document/2023%20Qatar%20Grand%20Prix%20-%20Decision%20-%20Car%2044%20-%20Alleged%20causing%20a%20collision%20(corrected).pdf,2023-10-08T14:26:00-07:00,steward_decision,advertised,10c8eab1c775d76fa1643788c2b9eda911debcf847a8aeab4170dd373d68b07e,2,"2023 QATAR GRAND PRIX
06 - 08 October 2023
From The Stewards
To The Team Manager,
Mercedes-AMG PETRONAS F1 Team
Document 86
Date 08 October 2023
Time 23:12
The Stewards, having received a report from the Race Director, have considered the following
matter and determine the following:
No / Driver 44 - Lewis Hamilton
Competitor Mercedes-AMG PETRONAS F1 Team
Time 20:03
Session Race
Fact Causing a collision.
Infringement Alleged breach of Appendix L, Chapter IV, Article 2 d) of the FIA International
Sporting Code.
Decision No further action.
Reason The Stewards reviewed video and in-car video evidence.
Cars 44, 63 and 1 entered Turn 1 three-wide with Car 44 trying to make a move on
Car 63 around the outside. When turning in, the rear-right wheel of Car 44 made
contact with the front left edge of Car 63, causing Car 44 to spin off track. Car 63
also spun but was able to continue the race after that.
Whilst the argument can be made that Car 44 was predominantly at fault, the
Stewards, taking into account that the incident happened in Lap 1 and several cars
were involved, determine that the incident is considered as a typical “Lap 1, Turn 1”
incident and no driver is wholly at fault. Therefore no further action is taken.
Competitors are reminded that they have the right to appeal certain decisions of the
Stewards, in accordance with Article 15 of the FIA International Sporting Code and
Chapter 4 of the FIA Judicial and Disciplinary Rules, within the applicable time limits.











The Stewards
Decisions of the Stewards are taken independently of the FIA and are based solely
on the relevant regulations, guidelines and evidence presented.

Felix Holter Matteo Perini
Danny Sullivan David Domingo",Causing a collision.,"Alleged breach of Appendix L, Chapter IV, Article 2 d) of the FIA International
Sporting Code.",No further action.,"The Stewards reviewed video and in-car video evidence.
Cars 44, 63 and 1 entered Turn 1 three-wide with Car 44 trying to make a move on
Car 63 around the outside. When turning in, the rear-right wheel of Car 44 made
contact with the front left edge of Car 63, causing Car 44 to spin off track. Car 63
also spun but was able to continue the race after that.
Whilst the argument can be made that Car 44 was predominantly at fault, the
Stewards, taking into account that the incident happened in Lap 1 and several cars
were involved, determine that the incident is considered as a typical “Lap 1, Turn 1”
incident and no driver is wholly at fault. Therefore no further action is taken.",,,,,,,,,,,,,,,,,,,
reviewer_b-fia-2023-qat-8a64aec7daf5,reviewer_b,included_multi_party,fia-2023-qat-8a64aec7daf5,2023-qat,2023,17,Qatar Grand Prix,2023-10-08T00:00:00,Decision - Car 31 - T2 incident with Cars 11 and 27,https://www.fia.com/sites/default/files/decision-document/2023%20Qatar%20Grand%20Prix%20-%20Decision%20-%20Car%2031%20-%20T2%20incident%20with%20Cars%2011%20and%2027.pdf,2023-10-07T15:10:00-07:00,steward_decision,advertised,8b9d739d5cbf779177515b911ebf381a0e45a39392b9a3ae6a730727cc82ba5e,2,"2023 QATAR GRAND PRIX
06 - 08 October 2023
From The Stewards
To The Team Manager,
BWT Alpine F1 Team
Document 55
Date 07 October 2023
Time 23:48
The Stewards, having received a report from the Race Director, summoned (documents 45, 46 &
48) and heard from the drivers and team representatives, have considered the following matter and
determine the following:
No / Driver 31 - Esteban Ocon
Competitor BWT Alpine F1 Team
Time 20:52
Session Sprint
Fact Turn 2 incident between Cars 11, 27 and 31 at 20:52.
Infringement Alleged breach of Appendix L, Chapter IV, Article 2 d) of the FIA International
Sporting Code.
Decision No further action.
Reason The Stewards heard from the driver of Car 11 (Sergio Perez), the driver of Car 27
(Nico Hulkenberg), the driver of Car 31 (Esteban Ocon), team representatives and
reviewed video and in-car video evidence.
Cars 27 and 31 were fighting for position into Turn 1 and therefore had a slower exit
out of Turn 1. This led to Car 11 being able to pull alongside on the outside before
Turn 2. The cars entered Turn 2 three-wide, collided and spun off track.
Whilst Car 31 was moving from the left track edge to the middle of the track between
Turns 1 and 2 with Car 27 on his right, the driver was not aware of Car 11 pulling
alongside on the right side as his visibility was blocked by Car 27. The Stewards
determine that Car 31 moved in a manner that would have allowed Cars 31 and 27 to
negotiate Turn 2 side by side if Car 11 had not been there. Taking all this into
account, the Stewards conclude that no driver was wholly or predominantly at fault for
the collision. The incident is considered as a race incident and no further action is
taken.
Competitors are reminded that they have the right to appeal certain decisions of the
Stewards, in accordance with Article 15 of the FIA International Sporting Code and
Chapter 4 of the FIA Judicial and Disciplinary Rules, within the applicable time limits.





The Stewards
Decisions of the Stewards are taken independently of the FIA and are based solely
on the relevant regulations, guidelines and evidence presented.

Felix Holter Matteo Perini
Danny Sullivan David Domingo","Turn 2 incident between Cars 11, 27 and 31 at 20:52.","Alleged breach of Appendix L, Chapter IV, Article 2 d) of the FIA International
Sporting Code.",No further action.,"The Stewards heard from the driver of Car 11 (Sergio Perez), the driver of Car 27
(Nico Hulkenberg), the driver of Car 31 (Esteban Ocon), team representatives and
reviewed video and in-car video evidence.
Cars 27 and 31 were fighting for position into Turn 1 and therefore had a slower exit
out of Turn 1. This led to Car 11 being able to pull alongside on the outside before
Turn 2. The cars entered Turn 2 three-wide, collided and spun off track.
Whilst Car 31 was moving from the left track edge to the middle of the track between
Turns 1 and 2 with Car 27 on his right, the driver was not aware of Car 11 pulling
alongside on the right side as his visibility was blocked by Car 27. The Stewards
determine that Car 31 moved in a manner that would have allowed Cars 31 and 27 to
negotiate Turn 2 side by side if Car 11 had not been there. Taking all this into
account, the Stewards conclude that no driver was wholly or predominantly at fault for
the collision. The incident is considered as a race incident and no further action is
taken.",,,,,,,,,,,,,,,,,,,
reviewer_b-fia-2023-qat-9b045d16fdac,reviewer_b,included_multi_party,fia-2023-qat-9b045d16fdac,2023-qat,2023,17,Qatar Grand Prix,2023-10-08T00:00:00,Decision - Car 27 - T2 incident with Cars 11 and 31,https://www.fia.com/sites/default/files/decision-document/2023%20Qatar%20Grand%20Prix%20-%20Decision%20-%20Car%2027%20-%20T2%20incident%20with%20Cars%2011%20and%2031.pdf,2023-10-07T14:58:00-07:00,steward_decision,advertised,f6e8be0a253a84723f04797e4f31e3c1524c4ad6beb52292f4bbabef5dcfd870,2,"2023 QATAR GRAND PRIX
06 - 08 October 2023
From The Stewards
To The Team Manager,
MoneyGram Haas F1 Team
Document 54
Date 07 October 2023
Time 23:48
The Stewards, having received a report from the Race Director, summoned (documents 45, 46 &
48) and heard from the drivers and team representatives, have considered the following matter and
determine the following:
No / Driver 27 - Nico Hulkenberg
Competitor MoneyGram Haas F1 Team
Time 20:52
Session Sprint
Fact Turn 2 incident between Cars 11, 27 and 31 at 20:52.
Infringement Alleged breach of Appendix L, Chapter IV, Article 2 d) of the FIA International
Sporting Code.
Decision No further action.
Reason The Stewards heard from the driver of Car 11 (Sergio Perez), the driver of Car 27
(Nico Hulkenberg), the driver of Car 31 (Esteban Ocon), team representatives and
reviewed video and in-car video evidence.
Cars 27 and 31 were fighting for position into Turn 1 and therefore had a slower exit
out of Turn 1. This led to Car 11 being able to pull alongside on the outside before
Turn 2. The cars entered Turn 2 three-wide, collided and spun off track.
Whilst Car 31 was moving from the left track edge to the middle of the track between
Turns 1 and 2 with Car 27 on his right, the driver was not aware of Car 11 pulling
alongside on the right side as his visibility was blocked by Car 27. The Stewards
determine that Car 31 moved in a manner that would have allowed Cars 31 and 27 to
negotiate Turn 2 side by side if Car 11 had not been there. Taking all this into
account, the Stewards conclude that no driver was wholly or predominantly at fault for
the collision. The incident is considered as a race incident and no further action is
taken.
Competitors are reminded that they have the right to appeal certain decisions of the
Stewards, in accordance with Article 15 of the FIA International Sporting Code and
Chapter 4 of the FIA Judicial and Disciplinary Rules, within the applicable time limits.





The Stewards
Decisions of the Stewards are taken independently of the FIA and are based solely
on the relevant regulations, guidelines and evidence presented.

Felix Holter Matteo Perini
Danny Sullivan David Domingo","Turn 2 incident between Cars 11, 27 and 31 at 20:52.","Alleged breach of Appendix L, Chapter IV, Article 2 d) of the FIA International
Sporting Code.",No further action.,"The Stewards heard from the driver of Car 11 (Sergio Perez), the driver of Car 27
(Nico Hulkenberg), the driver of Car 31 (Esteban Ocon), team representatives and
reviewed video and in-car video evidence.
Cars 27 and 31 were fighting for position into Turn 1 and therefore had a slower exit
out of Turn 1. This led to Car 11 being able to pull alongside on the outside before
Turn 2. The cars entered Turn 2 three-wide, collided and spun off track.
Whilst Car 31 was moving from the left track edge to the middle of the track between
Turns 1 and 2 with Car 27 on his right, the driver was not aware of Car 11 pulling
alongside on the right side as his visibility was blocked by Car 27. The Stewards
determine that Car 31 moved in a manner that would have allowed Cars 31 and 27 to
negotiate Turn 2 side by side if Car 11 had not been there. Taking all this into
account, the Stewards conclude that no driver was wholly or predominantly at fault for
the collision. The incident is considered as a race incident and no further action is
taken.",,,,,,,,,,,,,,,,,,,
reviewer_b-fia-2023-sao-2db411d9fff1,reviewer_b,elevated_risk,fia-2023-sao-2db411d9fff1,2023-sao,2023,20,São Paulo Grand Prix,2023-11-05T00:00:00,Infringement - Car 63 - Impeding at Pit Exit,https://www.fia.com/sites/default/files/decision-document/2023%20S%C3%A3o%20Paulo%20Grand%20Prix%20-%20Infringement%20-%20Car%2063%20-%20Impeding%20at%20Pit%20Exit.pdf,2023-11-03T14:55:00-07:00,steward_decision,advertised,d08d8c54998f57f3e9a016975ace59e90114ea75033b42039a248e4eac65b63b,2,"2023 SÃO PAULO GRAND PRIX
03 - 05 November 2023
From The Stewards
To The Team Manager,
Mercedes-AMG PETRONAS F1 Team
Document 32
Date 03 November 2023
Time 18:45
The Stewards, having received a report from the Race Director, summoned (documents 23 & 24)
and heard from the drivers and team representatives, have considered the following matter and
determine the following:
No / Driver 63 - George Russell
Competitor Mercedes-AMG PETRONAS F1 Team
Time 15:17
Session Qualifying
Fact Car 63 was driving slowly in the pit exit and was not as far to the left as possible.
Infringement Breaches of Article 33.4 of the FIA Formula One Sporting Regulations and Article
12.2.1 i) of the International Sporting Code and non-compliance with Race Director’s
Event Note (item 14, document 4).
Decision Drop of 2 grid positions for the next Race in which the driver participates.
Reason The Stewards heard from the driver of Car 63 (George Russell), the team
representative and reviewed in-car video evidence.
In order to avoid situations like the ones that occurred in Mexico, the Race Director’s
Event Notes for this event contained a specific clause (item 14) stipulating that it was
permitted to go slow in the pit exit to create a gap before crossing the SC2 line,
however, by doing so, a driver must stay as far to the left as possible to allow other
drivers to pass on the right side.
RUS was exiting the pits, preparing for an out lap. RUS went slow to create a gap for
a clear lap, but did not manage to stay completely to the left. As a result, following
car(s) were not able to overtake, as intended by the Race Director’s instructions.
This clearly violates the wording and the spirit of item 14 of the Race Director’s Event
Notes.
Competitors are reminded that they have the right to appeal certain decisions of the
Stewards, in accordance with Article 15 of the FIA International Sporting Code and
Chapter 4 of the FIA Judicial and Disciplinary Rules, within the applicable time limits.
Decisions of the Stewards are taken independently of the FIA and are based solely
on the relevant regulations, guidelines and evidence presented.

The Stewards
Gerd Ennser Loïc Bacquelaine
Vitantonio Liuzzi Luciano Burti",Car 63 was driving slowly in the pit exit and was not as far to the left as possible.,"Breaches of Article 33.4 of the FIA Formula One Sporting Regulations and Article
12.2.1 i) of the International Sporting Code and non-compliance with Race Director’s
Event Note (item 14, document 4).",Drop of 2 grid positions for the next Race in which the driver participates.,"The Stewards heard from the driver of Car 63 (George Russell), the team
representative and reviewed in-car video evidence.
In order to avoid situations like the ones that occurred in Mexico, the Race Director’s
Event Notes for this event contained a specific clause (item 14) stipulating that it was
permitted to go slow in the pit exit to create a gap before crossing the SC2 line,
however, by doing so, a driver must stay as far to the left as possible to allow other
drivers to pass on the right side.
RUS was exiting the pits, preparing for an out lap. RUS went slow to create a gap for
a clear lap, but did not manage to stay completely to the left. As a result, following
car(s) were not able to overtake, as intended by the Race Director’s instructions.
This clearly violates the wording and the spirit of item 14 of the Race Director’s Event
Notes.",,,,,,,,,,,,,,,,,,,
reviewer_b-fia-2023-sao-32b828dcdfbd,reviewer_b,stratified_exclusion_sample,fia-2023-sao-32b828dcdfbd,2023-sao,2023,20,São Paulo Grand Prix,2023-11-05T00:00:00,Decision - Alleged contact with Car 14,https://www.fia.com/sites/default/files/decision-document/2023%20S%C3%A3o%20Paulo%20Grand%20Prix%20-%20Decision%20-%20Alleged%20contact%20with%20Car%2014.pdf,2023-11-04T10:39:00-07:00,steward_decision,advertised,413bfb04ea9c3a00bc3d94c70c590a47168289a1c68227c330caaf2f0fc43cec,2,"2023 SÃO PAULO GRAND PRIX
03 - 05 November 2023
From The Stewards
To The Team Manager,
BWT Alpine F1 Team
Document 47
Date 04 November 2023
Time 14:38
The Stewards, having received a report from the Race Director, summoned (documents 39 & 40)
and heard from the drivers and team representatives, have considered the following matter and
determine the following:
No / Driver 31 - Esteban Ocon
Competitor BWT Alpine F1 Team
Time 11:11
Session Sprint Shootout
Fact Turn 3 incident between Cars 14 and 31 at 11:11.
Infringement Alleged breach of Appendix L, Chapter IV, Article 2 d) of the FIA International
Sporting Code.
Decision No further action.
Reason The Stewards heard from the driver of Car 14 (Fernando Alonso), the driver of Car
31 (Esteban Ocon), team representatives and reviewed positioning/marshalling
system data, video, team radio and in-car video evidence.
The Stewards determined that ALO was aware that OCO was approaching at high
speed on the exit of turn 2. Thus, ALO moved off of the racing line so that OCO could
pass. At turn 3, OCO lost the balance of the car and went wide on the exit. At the
same time, ALO turned more towards the racing line giving less room for OCO. The
combination of these two elements lead to the collision.
The Stewards determined that no driver was wholly or predominantly to blame.
Therefore, no penalty is applied.
Competitors are reminded that they have the right to appeal certain decisions of the
Stewards, in accordance with Article 15 of the FIA International Sporting Code and
Chapter 4 of the FIA Judicial and Disciplinary Rules, within the applicable time limits.
Decisions of the Stewards are taken independently of the FIA and are based solely
on the relevant regulations, guidelines and evidence presented.


The Stewards
Gerd Ennser Loïc Bacquelaine
Vitantonio Liuzzi Luciano Burti",Turn 3 incident between Cars 14 and 31 at 11:11.,"Alleged breach of Appendix L, Chapter IV, Article 2 d) of the FIA International
Sporting Code.",No further action.,"The Stewards heard from the driver of Car 14 (Fernando Alonso), the driver of Car
31 (Esteban Ocon), team representatives and reviewed positioning/marshalling
system data, video, team radio and in-car video evidence.
The Stewards determined that ALO was aware that OCO was approaching at high
speed on the exit of turn 2. Thus, ALO moved off of the racing line so that OCO could
pass. At turn 3, OCO lost the balance of the car and went wide on the exit. At the
same time, ALO turned more towards the racing line giving less room for OCO. The
combination of these two elements lead to the collision.
The Stewards determined that no driver was wholly or predominantly to blame.
Therefore, no penalty is applied.",,,,,,,,,,,,,,,,,,,
reviewer_b-fia-2023-sao-5871a2a81af1,reviewer_b,elevated_risk,fia-2023-sao-5871a2a81af1,2023-sao,2023,20,São Paulo Grand Prix,2023-11-05T00:00:00,Infringement - Car 10 - Impeding at Pit Exit,https://www.fia.com/sites/default/files/decision-document/2023%20S%C3%A3o%20Paulo%20Grand%20Prix%20-%20Infringement%20-%20Car%2010%20-%20Impeding%20at%20Pit%20Exit.pdf,2023-11-03T15:27:00-07:00,steward_decision,advertised,3a0f30f7bda6ea744d13c6d65a321285a86211727ae31599833ddbfcf67cd86e,2,"2023 SÃO PAULO GRAND PRIX
03 - 05 November 2023
From The Stewards
To The Team Manager,
BWT Alpine F1 Team
Document 34
Date 03 November 2023
Time 19:24
The Stewards, having received a report from the Race Director, summoned (document 26) and
heard from the driver and team representatives, have considered the following matter and determine
the following:
No / Driver 10 - Pierre Gasly
Competitor BWT Alpine F1 Team
Time 15:31
Session Qualifying
Fact Car 10 was driving slowly in the pit exit and was not as far to the left as possible.
Infringement Breaches of Article 33.4 of the FIA Formula One Sporting Regulations and Article
12.2.1 i) of the International Sporting Code and non-compliance with Race Director’s
Event Note (item 14, document 4).
Decision Drop of 2 grid positions for the next Race in which the driver participates.
Reason The Stewards heard from the driver of Car ​​10 (Pierre Gasly), the team
representative and reviewed in-car video evidence.
In order to avoid situations like the ones that occurred in Mexico, the Race Director’s
Event Notes for this event contained a specific clause (item 14) stipulating that it was
permitted to go slow in the pit exit to create a gap before crossing the SC2 line,
however, by doing so, a driver must stay as far to the left as possible to allow other
drivers to pass on the right side.
GAS was exiting the pits, preparing for an out-lap. GAS went slow to create a gap for
a clear lap, but did not manage to stay completely to the left. As a result, following
car(s) were not able to overtake, as intended by the Race Director’s instructions.
This clearly violates the wording and the spirit of item 14 of the Race Director’s Event
Notes.
Competitors are reminded that they have the right to appeal certain decisions of the
Stewards, in accordance with Article 15 of the FIA International Sporting Code and
Chapter 4 of the FIA Judicial and Disciplinary Rules, within the applicable time limits.


Decisions of the Stewards are taken independently of the FIA and are based solely
on the relevant regulations, guidelines and evidence presented.

The Stewards
Gerd Ennser Loïc Bacquelaine
Vitantonio Liuzzi Luciano Burti",Car 10 was driving slowly in the pit exit and was not as far to the left as possible.,"Breaches of Article 33.4 of the FIA Formula One Sporting Regulations and Article
12.2.1 i) of the International Sporting Code and non-compliance with Race Director’s
Event Note (item 14, document 4).",Drop of 2 grid positions for the next Race in which the driver participates.,"The Stewards heard from the driver of Car ​​10 (Pierre Gasly), the team
representative and reviewed in-car video evidence.
In order to avoid situations like the ones that occurred in Mexico, the Race Director’s
Event Notes for this event contained a specific clause (item 14) stipulating that it was
permitted to go slow in the pit exit to create a gap before crossing the SC2 line,
however, by doing so, a driver must stay as far to the left as possible to allow other
drivers to pass on the right side.
GAS was exiting the pits, preparing for an out-lap. GAS went slow to create a gap for
a clear lap, but did not manage to stay completely to the left. As a result, following
car(s) were not able to overtake, as intended by the Race Director’s instructions.
This clearly violates the wording and the spirit of item 14 of the Race Director’s Event
Notes.",,,,,,,,,,,,,,,,,,,
reviewer_b-fia-2023-sao-b589b802b3d1,reviewer_b,elevated_risk,fia-2023-sao-b589b802b3d1,2023-sao,2023,20,São Paulo Grand Prix,2023-11-05T00:00:00,Infringement - Car 31 - Impeding at Pit Exit,https://www.fia.com/sites/default/files/decision-document/2023%20S%C3%A3o%20Paulo%20Grand%20Prix%20-%20Infringement%20-%20Car%2031%20-%20Impeding%20at%20Pit%20Exit.pdf,2023-11-03T15:27:00-07:00,steward_decision,advertised,b5481eaff8f61d4492003b8ecad54fa99d3017f85034a677aeda9606319297d0,2,"2023 SÃO PAULO GRAND PRIX
03 - 05 November 2023
From The Stewards
To The Team Manager,
BWT Alpine F1 Team
Document 33
Date 03 November 2023
Time 19:23
The Stewards, having received a report from the Race Director, summoned (document 25) and
heard from the driver and team representatives, have considered the following matter and determine
the following:
No / Driver 31 - Esteban Ocon
Competitor BWT Alpine F1 Team
Time 15:31
Session Qualifying
Fact Car 31 was driving slowly in the pit exit and was not as far to the left as possible.
Infringement Breaches of Article 33.4 of the FIA Formula One Sporting Regulations and Article
12.2.1 i) of the International Sporting Code and non-compliance with Race Director’s
Event Note (item 14, document 4).
Decision Drop of 2 grid positions for the next Race in which the driver participates.
Reason The Stewards heard from the driver of Car ​31 (Esteban Ocon), the team
representative and reviewed in-car video evidence.
In order to avoid situations like the ones that occurred in Mexico, the Race Director’s
Event Notes for this event contained a specific clause (item 14) stipulating that it was
permitted to go slow in the pit exit to create a gap before crossing the SC2 line,
however, by doing so, a driver must stay as far to the left as possible to allow other
drivers to pass on the right side.
OCO was exiting the pits, preparing for an out-lap. OCO went slow to create a gap for
a clear lap, but did not manage to stay completely to the left. As a result, following
car(s) were not able to overtake, as intended by the Race Director’s instructions.
This clearly violates the wording and the spirit of item 14 of the Race Director’s Event
Notes.

Competitors are reminded that they have the right to appeal certain decisions of the
Stewards, in accordance with Article 15 of the FIA International Sporting Code and
Chapter 4 of the FIA Judicial and Disciplinary Rules, within the applicable time limits.


Decisions of the Stewards are taken independently of the FIA and are based solely
on the relevant regulations, guidelines and evidence presented.

The Stewards
Gerd Ennser Loïc Bacquelaine
Vitantonio Liuzzi Luciano Burti",Car 31 was driving slowly in the pit exit and was not as far to the left as possible.,"Breaches of Article 33.4 of the FIA Formula One Sporting Regulations and Article
12.2.1 i) of the International Sporting Code and non-compliance with Race Director’s
Event Note (item 14, document 4).",Drop of 2 grid positions for the next Race in which the driver participates.,"The Stewards heard from the driver of Car ​31 (Esteban Ocon), the team
representative and reviewed in-car video evidence.
In order to avoid situations like the ones that occurred in Mexico, the Race Director’s
Event Notes for this event contained a specific clause (item 14) stipulating that it was
permitted to go slow in the pit exit to create a gap before crossing the SC2 line,
however, by doing so, a driver must stay as far to the left as possible to allow other
drivers to pass on the right side.
OCO was exiting the pits, preparing for an out-lap. OCO went slow to create a gap for
a clear lap, but did not manage to stay completely to the left. As a result, following
car(s) were not able to overtake, as intended by the Race Director’s instructions.
This clearly violates the wording and the spirit of item 14 of the Race Director’s Event
Notes.",,,,,,,,,,,,,,,,,,,
reviewer_b-fia-2023-sao-d31ec5947358,reviewer_b,stratified_exclusion_sample,fia-2023-sao-d31ec5947358,2023-sao,2023,20,São Paulo Grand Prix,2023-11-05T00:00:00,Decision - Car 4 - Alleged contact with Car 27,https://www.fia.com/sites/default/files/decision-document/2023%20S%C3%A3o%20Paulo%20Grand%20Prix%20-%20Decision%20-%20Car%204%20-%20Alleged%20contact%20with%20Car%2027.pdf,2023-11-03T10:20:00-07:00,steward_decision,advertised,9ad6d02d2644223b901ea2b91c7b72ab0a2352fe3ec1dfd193889fe77485f64f,2,"2023 SÃO PAULO GRAND PRIX
03 - 05 November 2023
From The Stewards
To The Team Manager,
McLaren F1 Team
Document 21
Date 03 November 2023
Time 14:14
The Stewards, having received a report from the Race Director, summoned (documents 17 & 18)
and heard from the drivers and team representatives, have considered the following matter and
determine the following:
No / Driver 4 - Lando Norris
Competitor McLaren F1 Team
Time 12:03
Session Practice 1
Fact Turn 12 incident between Cars 4 and 27 at 12:03.
Infringement Alleged breach of Appendix L, Chapter IV, Article 2 d) of the FIA International
Sporting Code.
Decision No further action.
Reason The Stewards heard from the driver of Car 4 (Lando Norris), the driver of Car 27
(Nico Hulkenberg), team representatives and reviewed video, team radio and in-car
video evidence.
NOR was on a consistent flying lap when he caught up with HUL, who was on an out
lap, before T12. HUL stayed on the racing line when NOR overtook him on the left.
Just before turning into the corner, NOR kept a straight line while HUL was just about
to turn into the left-hand corner. This caused light contact between HUL’s left front
wheel and NOR’s right rear wheel. Both drivers contributed to the contact and none of
them is predominantly to blame for the incident.
Competitors are reminded that they have the right to appeal certain decisions of the
Stewards, in accordance with Article 15 of the FIA International Sporting Code and
Chapter 4 of the FIA Judicial and Disciplinary Rules, within the applicable time limits.

Decisions of the Stewards are taken independently of the FIA and are based solely
on the relevant regulations, guidelines and evidence presented.



The Stewards
Gerd Ennser Loïc Bacquelaine
Vitantonio Liuzzi Luciano Burti",Turn 12 incident between Cars 4 and 27 at 12:03.,"Alleged breach of Appendix L, Chapter IV, Article 2 d) of the FIA International
Sporting Code.",No further action.,"The Stewards heard from the driver of Car 4 (Lando Norris), the driver of Car 27
(Nico Hulkenberg), team representatives and reviewed video, team radio and in-car
video evidence.
NOR was on a consistent flying lap when he caught up with HUL, who was on an out
lap, before T12. HUL stayed on the racing line when NOR overtook him on the left.
Just before turning into the corner, NOR kept a straight line while HUL was just about
to turn into the left-hand corner. This caused light contact between HUL’s left front
wheel and NOR’s right rear wheel. Both drivers contributed to the contact and none of
them is predominantly to blame for the incident.",,,,,,,,,,,,,,,,,,,
reviewer_b-fia-2023-sau-9693af0917dd,reviewer_b,stratified_exclusion_sample,fia-2023-sau-9693af0917dd,2023-sau,2023,2,Saudi Arabian Grand Prix,2023-03-19T00:00:00,Offence - Mercedes - Inaccurate Scrutineering Form,https://www.fia.com/sites/default/files/decision-document/2023%20Saudi%20Arabian%20Grand%20Prix%20-%20Offence%20-%20Mercedes%20-%20Inaccurate%20Scrutineering%20Form.pdf,2023-03-17T06:27:00-07:00,steward_decision,advertised,1c6b01766f235b9eb13d56e68eb9a11599318a69a527fbf852649080f0b38737,1,"Document 16
Date 17 March 2023
Time 16:25
2023 SAUDI ARABIAN GRAND PRIX
17 - 19 March 2023
The Stewards
From The Stewards
To The Team Manager,
Mercedes-AMG PETRONAS F1 Team
The Stewards, having received a report from the Techncial Delegate (Document 11), heard from the
team representative, have considered the following matter and determine the following:
No / Driver 44 - Lewis Hamilton
Competitor Mercedes-AMG PETRONAS F1 Team
Time 14:24
Fact Wearing of jewellery.
Offence Breach of Appendix L, Chapter III, Article 5 of the FIA International Sporting Code.
Decision No further action.
Reason The Stewards having heard from a team representative and receiving a medical
report from the team doctor of Mercedes AMG-PETRONAS F1 Team, which
requested an exemption from compliance with Art. 5 on medical grounds.
The Stewards consulted the FIA Medical Delegate, who viewed the medical report,
examined the driver and concurred with the medical opinion therein.
In light of the medical circumstances, we have determined to take no further action as
there are medical concerns with removal of the device.
Competitors are reminded that they have the right to appeal certain decisions of the
Stewards, in accordance with Article 15 of the FIA International Sporting Code and
Chapter 4 of the FIA Judicial and Disciplinary Rules, within the applicable time limits.

Nish Shetty Mathieu Remmerie
Enrique Bernoldi Hassan Alabdali",Wearing of jewellery.,"Breach of Appendix L, Chapter III, Article 5 of the FIA International Sporting Code.",No further action.,"The Stewards having heard from a team representative and receiving a medical
report from the team doctor of Mercedes AMG-PETRONAS F1 Team, which
requested an exemption from compliance with Art. 5 on medical grounds.
The Stewards consulted the FIA Medical Delegate, who viewed the medical report,
examined the driver and concurred with the medical opinion therein.
In light of the medical circumstances, we have determined to take no further action as
there are medical concerns with removal of the device.",,,,,,,,,,,,,,,,,,,
reviewer_b-fia-2023-sgp-057a752c9b6d,reviewer_b,elevated_risk,fia-2023-sgp-057a752c9b6d,2023-sgp,2023,15,Singapore Grand Prix,2023-09-17T00:00:00,Infringement - Car 1 - Impeding at Pit Exit,https://www.fia.com/sites/default/files/decision-document/2023%20Singapore%20Grand%20Prix%20-%20Infringement%20-%20Car%201%20-%20Impeding%20at%20Pit%20Exit.pdf,2023-09-16T10:43:00-07:00,steward_decision,advertised,b11b603eee56601ce40994b75bb052e637834b51837551484e5e189037ec3dfc,2,"2023 SINGAPORE GRAND PRIX
15 - 17 September
From The Stewards
To The Team Manager,
Oracle Red Bull Racing
Document 30
Date 17 September 2023
Time 00:42
The Stewards, having received a report from the Race Director, have considered the following
matter and determine the following:
No / Driver 1 - Max Verstappen
Competitor Oracle Red Bull Racing
Time 21:14
Session Qualifying
Fact Car 1 unnecessarily impeding cars exiting the Pit Lane at 21:14.
Infringement Breach of Article 37.5 of the FIA Formula One Sporting Regulations.
Decision Reprimand (Driving).
This is the driver’s 1st reprimand of the season.
Reason The Stewards heard from the driver of Car ​​1 (Max Verstappen), team representative
and reviewed positioning/marshalling system data, video, timing and team radio.
The driver stated that he waited (approximately 14 seconds) to leave the Pit Exit in
order to create a gap to the cars in front. The team representative explained that his
gap was negated by Turn 5 due to other cars slowing on the out lap, whilst the car
behind car 1 had increased its gap to 12 seconds. Whilst no obvious advantage was
gained by the driver in waiting at the Pit Exit for what is deemed to be an extraordinary
long time, the potential for this to negatively impact other drivers warrants a penalty.
Whilst it is noted that the car behind could have overtaken car 1, it is preferable that
cars depart the pit exit in an orderly manner.
The stewards determine that car 1 breached Article 37.5 of the Sporting Regulations
and hence a penalty of a Reprimand is appropriate.
Competitors are reminded that they have the right to appeal certain decisions of the
Stewards, in accordance with Article 15 of the FIA International Sporting Code and
Chapter 4 of the FIA Judicial and Disciplinary Rules, within the applicable time limits.








The Stewards
Decisions of the Stewards are taken independently of the FIA and are based solely
on the relevant regulations, guidelines and evidence presented.

Garry Connelly Matteo Perini
Vitantonio Liuzzi Paul Ng",Car 1 unnecessarily impeding cars exiting the Pit Lane at 21:14.,Breach of Article 37.5 of the FIA Formula One Sporting Regulations.,"Reprimand (Driving).
This is the driver’s 1st reprimand of the season.","The Stewards heard from the driver of Car ​​1 (Max Verstappen), team representative
and reviewed positioning/marshalling system data, video, timing and team radio.
The driver stated that he waited (approximately 14 seconds) to leave the Pit Exit in
order to create a gap to the cars in front. The team representative explained that his
gap was negated by Turn 5 due to other cars slowing on the out lap, whilst the car
behind car 1 had increased its gap to 12 seconds. Whilst no obvious advantage was
gained by the driver in waiting at the Pit Exit for what is deemed to be an extraordinary
long time, the potential for this to negatively impact other drivers warrants a penalty.
Whilst it is noted that the car behind could have overtaken car 1, it is preferable that
cars depart the pit exit in an orderly manner.
The stewards determine that car 1 breached Article 37.5 of the Sporting Regulations
and hence a penalty of a Reprimand is appropriate.",,,,,,,,,,,,,,,,,,,
reviewer_b-fia-2023-sgp-f4e066ac44c1,reviewer_b,included_multi_party,fia-2023-sgp-f4e066ac44c1,2023-sgp,2023,15,Singapore Grand Prix,2023-09-17T00:00:00,Infringement - Car 11 - Causing a Collision,https://www.fia.com/sites/default/files/decision-document/2023%20Singapore%20Grand%20Prix%20-%20Infringement%20-%20Car%2011%20-%20Causing%20a%20Collision.pdf,2023-09-17T10:12:00-07:00,steward_decision,advertised,8edf1e1236a4deab8e0bffce8f2b6459e94be87e7c904be0138a44f54d05a612,2,"2023 SINGAPORE GRAND PRIX
15 - 17 September
From The Stewards
To The Team Manager,
Oracle Red Bull Racing
Document 50
Date 18 September 2023
Time 00:10
The Stewards, having received a report from the Race Director, summoned (documents 45 & 46)
and heard from the drivers and team representatives, have considered the following matter and
determine the following:
No / Driver 11 - Sergio Perez
Competitor Oracle Red Bull Racing
Time 21:44
Session Race
Fact Turn 13 incident between Cars 11 and 23 at 21:44.
Infringement Breach of Appendix L, Chapter IV, Article 2 d) of the FIA International Sporting Code.
Decision 5 second time penalty.
1 penalty point (total of 3 for the 12 month period).
Reason The Stewards heard from the driver of Car ​​11 (Sergio Perez), the driver of Car ​​23
(Alexander Albon), team representatives and reviewed positioning/marshalling system
data, video and in-car video evidence.
At the approach to Turn 13 Car 23 was in front, with Car 40 in front of both of them
and travelling slower. Car 23 attempted to take the normal racing line through Turn 13
and was not aware of the exact location of Car 11. Car 11 make a move down the
inside of Car 23 and in doing so collided with Car 23.
The stewards considered that this was an “optimistic” late manoeuvre by the driver of
Car 11, that it could be defined as “diving in”, and that there was nothing that the
driver of Car 23 could have done to avoid the collision. Accordingly it is determined
that the driver of Car 11 was predominantly to blame.
We note the presence of the slower Car 40 in front of Car 23 caused the driver of
Car 11 to believe he could make the overtake and therefore in mitigation of penalty,
we determined to allocate only one penalty point.
Competitors are reminded that they have the right to appeal certain decisions of the
Stewards, in accordance with Article 15 of the FIA International Sporting Code and
Chapter 4 of the FIA Judicial and Disciplinary Rules, within the applicable time limits.






The Stewards
Decisions of the Stewards are taken independently of the FIA and are based solely
on the relevant regulations, guidelines and evidence presented.

Garry Connelly Matteo Perini
Vitantonio Liuzzi Paul Ng",Turn 13 incident between Cars 11 and 23 at 21:44.,"Breach of Appendix L, Chapter IV, Article 2 d) of the FIA International Sporting Code.","5 second time penalty.
1 penalty point (total of 3 for the 12 month period).","The Stewards heard from the driver of Car ​​11 (Sergio Perez), the driver of Car ​​23
(Alexander Albon), team representatives and reviewed positioning/marshalling system
data, video and in-car video evidence.
At the approach to Turn 13 Car 23 was in front, with Car 40 in front of both of them
and travelling slower. Car 23 attempted to take the normal racing line through Turn 13
and was not aware of the exact location of Car 11. Car 11 make a move down the
inside of Car 23 and in doing so collided with Car 23.
The stewards considered that this was an “optimistic” late manoeuvre by the driver of
Car 11, that it could be defined as “diving in”, and that there was nothing that the
driver of Car 23 could have done to avoid the collision. Accordingly it is determined
that the driver of Car 11 was predominantly to blame.
We note the presence of the slower Car 40 in front of Car 23 caused the driver of
Car 11 to believe he could make the overtake and therefore in mitigation of penalty,
we determined to allocate only one penalty point.",,,,,,,,,,,,,,,,,,,
reviewer_b-fia-2024-abu-71d5cea191e4,reviewer_b,stratified_exclusion_sample,fia-2024-abu-71d5cea191e4,2024-abu,2024,24,Abu Dhabi Grand Prix,2024-12-08T00:00:00,Doc 24 - Decision - Car 44 - Alleged impeding of car 4,https://www.fia.com/sites/default/files/decision-document/2024%20Abu%20Dhabi%20Grand%20Prix%20-%20Decision%20-%20Car%2044%20-%20Alleged%20impeding%20of%20car%204.pdf,2024-12-06T03:49:00-08:00,steward_decision,advertised,1ac6b3dbb70dd418b8ecdac8fd26e466272575d2dfd30e68e4622ea9831eb76f,2,"2024 ABU DHABI GRAND PRIX
06 - 08 December 2024
From The Stewards
To The Team Manager,
Mercedes-AMG PETRONAS F1 Team
Document 24
Date 06 December 2024
Time 15:43
The Stewards, having received a report from the Race Director, summoned (documents 16 & 17)
and heard from the drivers and team representatives, have considered the following matter and
determine the following:
No / Driver 44 - Lewis Hamilton
Competitor Mercedes-AMG PETRONAS F1 Team
Time 13:40
Session Practice 1
Fact Alleged Impeding of Car 4 in turn 16.
Infringement Alleged breach of Article 37.5 of the FIA Formula One Sporting Regulations.
Decision No further action.
Reason The Stewards heard from the driver of Car 44 (Lewis Hamilton), the driver of Car 4
(Lando Norris), team representatives and reviewed video, team radio and in-car
video evidence.
The driver of Car 44 was driving slowly on the left side of the track approaching turn
16, this being the racing line. At the same time another car was entering the pit lane
and therefore occupied the right side of the track.
Car 4 was closing in at high speed and was impacted by Car 44 sitting on the racing
line into Turn 16 to prepare his next lap. However, the inside line would have been
open and there was space for Car 4 to overtake on the inside. The driver of Car 4
chose not to move to the inside as he was not sure if Car 44 would close the gap to
start a flying lap.
The Stewards conclude that the incident was kind of a misunderstanding between the
drivers involved, but does not meet the threshold of being considered as an
unnecessary impeding in Free Practice.
Competitors are reminded that they have the right to appeal certain decisions of the
Stewards, in accordance with Article 15 of the FIA International Sporting Code and
Chapter 4 of the FIA Judicial and Disciplinary Rules, within the applicable time limits.
Decisions of the Stewards are taken independently of the FIA and are based solely
on the relevant regulations, guidelines and evidence presented.



The Stewards
Felix Holter Loïc Bacquelaine
Derek Warwick Mohammed Al Hashmi",Alleged Impeding of Car 4 in turn 16.,Alleged breach of Article 37.5 of the FIA Formula One Sporting Regulations.,No further action.,"The Stewards heard from the driver of Car 44 (Lewis Hamilton), the driver of Car 4
(Lando Norris), team representatives and reviewed video, team radio and in-car
video evidence.
The driver of Car 44 was driving slowly on the left side of the track approaching turn
16, this being the racing line. At the same time another car was entering the pit lane
and therefore occupied the right side of the track.
Car 4 was closing in at high speed and was impacted by Car 44 sitting on the racing
line into Turn 16 to prepare his next lap. However, the inside line would have been
open and there was space for Car 4 to overtake on the inside. The driver of Car 4
chose not to move to the inside as he was not sure if Car 44 would close the gap to
start a flying lap.
The Stewards conclude that the incident was kind of a misunderstanding between the
drivers involved, but does not meet the threshold of being considered as an
unnecessary impeding in Free Practice.",,,,,,,,,,,,,,,,,,,
reviewer_b-fia-2024-aze-35eed9073156,reviewer_b,stratified_exclusion_sample,fia-2024-aze-35eed9073156,2024-aze,2024,17,Azerbaijan Grand Prix,2024-09-15T00:00:00,Doc 27 - Infringement - Car 11 - Impeding of Car 55,https://www.fia.com/sites/default/files/decision-document/2024%20Azerbaijan%20Grand%20Prix%20-%20Infringement%20-%20Car%2011%20-%20Impeding%20of%20Car%2055.pdf,2024-09-14T04:49:00-07:00,steward_decision,advertised,234c1c4cc87254d22ce8c7337d5e463e28c3443bdcd417fb1a12c76bc05cd18d,1,"2024 AZERBAIJAN GRAND PRIX
13 - 15 September 2024
The Stewards
From The Stewards
To The Team Manager,
Oracle Red Bull Racing
Document 27
Date 14 September 2024
Time 14:30
The Stewards, having received a report from the Race Director, have considered the following
matter and determine the following:

No / Driver 11 - Sergio Perez
Competitor Oracle Red Bull Racing
Time 13:24
Session Practice 3
Fact Car 11 impeding Car 55 in turn 15.
Infringement Breach of Article 37.5 of the FIA Formula One Sporting Regulations.
Decision Warning.
Reason The Stewards reviewed positioning/marshalling system data, video, team radio and
in-car video evidence.
The Stewards reviewed the incident between Car 11, Perez, and Car 55, Sainz. The
radio traffic between Perez and his team meant that while the team did warn Perez of
the approaching faster traffic, he was late reacting and therefore was in the wrong
position for Sainz, who was forced to cut to the inside of Turn 15. The Stewards did
not consider the situation to be dangerous, and so issue a warning consistent with the
agreed guidelines.
Competitors are reminded that they have the right to appeal certain decisions of the
Stewards, in accordance with Article 15 of the FIA International Sporting Code and
Chapter 4 of the FIA Judicial and Disciplinary Rules, within the applicable time limits.

Decisions of the Stewards are taken independently of the FIA and are based solely
on the relevant regulations, guidelines and evidence presented.

Tim Mayer Matteo Perini
Johnny Herbert Danil Solomin",Car 11 impeding Car 55 in turn 15.,Breach of Article 37.5 of the FIA Formula One Sporting Regulations.,Warning.,"The Stewards reviewed positioning/marshalling system data, video, team radio and
in-car video evidence.
The Stewards reviewed the incident between Car 11, Perez, and Car 55, Sainz. The
radio traffic between Perez and his team meant that while the team did warn Perez of
the approaching faster traffic, he was late reacting and therefore was in the wrong
position for Sainz, who was forced to cut to the inside of Turn 15. The Stewards did
not consider the situation to be dangerous, and so issue a warning consistent with the
agreed guidelines.",,,,,,,,,,,,,,,,,,,
reviewer_b-fia-2024-can-119e41abd9ba,reviewer_b,included_multi_party,fia-2024-can-119e41abd9ba,2024-can,2024,9,Canadian Grand Prix,2024-06-09T00:00:00,Decision - Car 4 - Leaving the track and gaining an advantage,https://www.fia.com/sites/default/files/decision-document/2024%20Canadian%20Grand%20Prix%20-%20Decision%20-%20Car%204%20-%20Leaving%20the%20track%20and%20gaining%20an%20advantage.pdf,2024-06-09T14:08:00-07:00,steward_decision,advertised,9d88abb353b1423e7d74c6c1dffe9c418cd52dc6a2f85f99d56821d1e3704dc9,1,"2024 CANADIAN GRAND PRIX
07 - 09 June 2024
The Stewards
From The Stewards
To The Team Manager,
McLaren Formula 1 Team
Document 49
Date 09 June 2024
Time 15:48
The Stewards, having received a report from the Race Director, have considered the following
matter and determine the following:
No / Driver 4 - Lando Norris
Competitor McLaren Formula 1 Team
Time 15:07
Session Race
Fact Alleged leaving the track and gaining an advantage in Turn 1.
Infringement Alleged breach of Appendix L Chapter IV Article 2 c) of the FIA International Sporting
Code and Article 33.3 of the FIA Formula One Sporting Regulations.
Decision No further action.
Reason The Stewards reviewed positioning/marshalling system data, video, timing and in-car
video evidence.
Car 4 left the track in turn 1 and returned to the track in the way prescribed in the
Race Director’s Event Notes. No position was gained by going off track and Car 4
was not defending his position when leaving the track.
The Stewards also reviewed the relative distances between Car 4 and Car 63 in front
as well as Car 81 behind. Whilst Car 4 slightly gained time on Car 63, the same
applies to Car 81 whereas Car 63 also lost time to Car 1 in front. Taking all this into
account, the Stewards take no further action.
Competitors are reminded that they have the right to appeal certain decisions of the
Stewards, in accordance with Article 15 of the FIA International Sporting Code and
Chapter 4 of the FIA Judicial and Disciplinary Rules, within the applicable time limits.
Decisions of the Stewards are taken independently of the FIA and are based solely
on the relevant regulations, guidelines and evidence presented.
Felix Holter Loïc Bacquelaine
Derek Warwick Marcel Demers",Alleged leaving the track and gaining an advantage in Turn 1.,"Alleged breach of Appendix L Chapter IV Article 2 c) of the FIA International Sporting
Code and Article 33.3 of the FIA Formula One Sporting Regulations.",No further action.,"The Stewards reviewed positioning/marshalling system data, video, timing and in-car
video evidence.
Car 4 left the track in turn 1 and returned to the track in the way prescribed in the
Race Director’s Event Notes. No position was gained by going off track and Car 4
was not defending his position when leaving the track.
The Stewards also reviewed the relative distances between Car 4 and Car 63 in front
as well as Car 81 behind. Whilst Car 4 slightly gained time on Car 63, the same
applies to Car 81 whereas Car 63 also lost time to Car 1 in front. Taking all this into
account, the Stewards take no further action.",,,,,,,,,,,,,,,,,,,
reviewer_b-fia-2024-chn-e03c15c85429,reviewer_b,elevated_risk,fia-2024-chn-e03c15c85429,2024-chn,2024,5,Chinese Grand Prix,2024-04-21T00:00:00,Infringement (Corrected) - Car 18 - Causing a Collision,https://www.fia.com/sites/default/files/decision-document/2024%20Chinese%20Grand%20Prix%20-%20Infringement%20(Corrected)%20-%20Car%2018%20-%20Causing%20a%20Collision.pdf,2024-04-21T04:55:00-07:00,steward_decision,advertised,1177c73c1df084e84bd32c01902cda35bef90f74d2427ac0e3e478ec218ba22d,1,"2024 CHINESE GRAND PRIX
19 - 21 April 2024
The Stewards
From The Stewards
To The Team Manager,
Aston Martin Aramco F1 Team
Document 71
Date 21 April 2024
Time 18:54
The Stewards, having received a report from the Race Director, have considered the following
matter and determine the following:
No / Driver 18 - Lance Stroll
Competitor Aston Martin Aramco F1 Team
Time 15:51
Session Race
Fact Car 18 collided with Car 3 at Turn 14.
Infringement Breach of Appendix L, Chapter IV, Article 2 d) of the FIA International Sporting Code.
Decision 10 second time penalty.
2 penalty points (total of 7 for the 12 month period)
Reason The Stewards reviewed positioning/marshalling system data, video, timing and in-car
video evidence and determined that Car 18 collided with Car 3 at Turn 14. The cars
were all travelling slowly to set up for the restart of the race towards the end of a
safety car period. The car in front of Car 18 slowed to take the corner and also to try
to match the pace of the group of cars in front of it. Car 18 then collided with Car 3.
We determined that Car 18 ought to have anticipated the pace of the cars in front,
particularly Car 3 and should have prepared to brake accordingly. Had it done that, it
would have avoided the collision. Hence Car 18 was predominantly to blame for the
collision that ultimately led to Car 3 having to retire from the race.
Competitors are reminded that they have the right to appeal certain decisions of the
Stewards, in accordance with Article 15 of the FIA International Sporting Code and
Chapter 4 of the FIA Judicial and Disciplinary Rules, within the applicable time limits.

Decisions of the Stewards are taken independently of the FIA and are based solely
on the relevant regulations, guidelines and evidence presented.

Nish Shetty Loïc Bacquelaine
Vitantonio Liuzzi Zheng Honghai",Car 18 collided with Car 3 at Turn 14.,"Breach of Appendix L, Chapter IV, Article 2 d) of the FIA International Sporting Code.","10 second time penalty.
2 penalty points (total of 7 for the 12 month period)","The Stewards reviewed positioning/marshalling system data, video, timing and in-car
video evidence and determined that Car 18 collided with Car 3 at Turn 14. The cars
were all travelling slowly to set up for the restart of the race towards the end of a
safety car period. The car in front of Car 18 slowed to take the corner and also to try
to match the pace of the group of cars in front of it. Car 18 then collided with Car 3.
We determined that Car 18 ought to have anticipated the pace of the cars in front,
particularly Car 3 and should have prepared to brake accordingly. Had it done that, it
would have avoided the collision. Hence Car 18 was predominantly to blame for the
collision that ultimately led to Car 3 having to retire from the race.",,,,,,,,,,,,,,,,,,,
reviewer_b-fia-2024-esp-085ce8d9ad34,reviewer_b,stratified_exclusion_sample,fia-2024-esp-085ce8d9ad34,2024-esp,2024,10,Spanish Grand Prix,2024-06-23T00:00:00,Doc 30 - Infringement - Car 16 - Incident with Car 4,https://www.fia.com/sites/default/files/decision-document/2024%20Spanish%20Grand%20Prix%20-%20Infringement%20-%20Car%2016%20-%20Incident%20with%20Car%204.pdf,2024-06-22T07:54:00-07:00,steward_decision,advertised,e9101026e69df83f6735f28bd63e18bb7fd542e1a4f0a0ffc7ab18c76b1fc6e0,2,"2024 SPANISH GRAND PRIX
21 - 23 June 2024
From The Stewards
To The Team Manager,
Scuderia Ferrari
Document 30
Date 22 June 2024
Time 15:48
The Stewards, having received a report from the Race Director, summoned (documents 26 & 27)
and heard from the drivers and team representatives, have considered the following matter and
determine the following:
No / Driver 16 - Charles Leclerc
Competitor Scuderia Ferrari
Time 13:19
Session Practice 3
Fact Incident between Cars 16 and 4.
Infringement Breach of Article 33.4 of the FIA Formula One Sporting Regulations.
Decision Reprimand (Driving).
This is the driver’s 1st reprimand of the season.
Reason The Stewards heard from the driver of Car 16 (Charles Leclerc), the driver of Car 4
(Lando Norris), team representatives and reviewed video, team radio and in-car
video evidence.
The driver of Car 16 stated that he got impeded by Car 4 into Turn 5 and that upset
him. He then had to abort his flying lap and contended that, while trying to get off the
racing line before Turn 7, he misjudged the position of his car and made slight contact
with Car 4.
Irrespective of any possible intent, the Stewards consider the move made by Car 16,
whilst not being dangerous, to be erratic and therefore issue a driving reprimand in
line with precedents.
Competitors are reminded that they have the right to appeal certain decisions of the
Stewards, in accordance with Article 15 of the FIA International Sporting Code and
Chapter 4 of the FIA Judicial and Disciplinary Rules, within the applicable time limits.
Decisions of the Stewards are taken independently of the FIA and are based solely
on the relevant regulations, guidelines and evidence presented.

Felix Holter Mathieu Remmerie
Vitantonio Liuzzi David Domingo

The Stewards",Incident between Cars 16 and 4.,Breach of Article 33.4 of the FIA Formula One Sporting Regulations.,"Reprimand (Driving).
This is the driver’s 1st reprimand of the season.","The Stewards heard from the driver of Car 16 (Charles Leclerc), the driver of Car 4
(Lando Norris), team representatives and reviewed video, team radio and in-car
video evidence.
The driver of Car 16 stated that he got impeded by Car 4 into Turn 5 and that upset
him. He then had to abort his flying lap and contended that, while trying to get off the
racing line before Turn 7, he misjudged the position of his car and made slight contact
with Car 4.
Irrespective of any possible intent, the Stewards consider the move made by Car 16,
whilst not being dangerous, to be erratic and therefore issue a driving reprimand in
line with precedents.",,,,,,,,,,,,,,,,,,,
reviewer_b-fia-2024-gbr-2183fe0fdfa4,reviewer_b,stratified_exclusion_sample,fia-2024-gbr-2183fe0fdfa4,2024-gbr,2024,12,British Grand Prix,2024-07-07T00:00:00,Doc 33 - Decision - Qualifying SC2-SC1 Times,https://www.fia.com/sites/default/files/decision-document/2024%20British%20Grand%20Prix%20-%20Decision%20-%20Qualifying%20SC2-SC1%20Times.pdf,2024-07-06T09:40:00-07:00,steward_decision,advertised,8f3eed623812bbd0d49684a972ee2ea3a64921218305dac800196bb7f2c2ecee,3,"2024 BRITISH GRAND PRIX
05 - 07 July 2024
The Stewards
From The Stewards
To All Teams, All Officials
Document 33
Date 06 July 2024
Time 16:40
Title Decision - Qualifying SC2-SC1 Times
Description Qualifying SC2-SC1 Times
Enclosed GBR DOC 33 - Qualifying SC2-SC1 Times.pdf
Garry Connelly Matthew Selley
Enrique Bernoldi Ian Watson




2024 BRITISH GRAND PRIX
05 – 07 July 2024


From The Stewards Document 33

To All Officials, All Teams Date 06 July 2024
 Time 16:40

The Stewards, having received a report from the Race Director, have considered the following matter
and determine the following:
Session Qualifying
Fact The cars below exceeded the 1:36.0 time limit between the Safety Car lines.

No Car Driver Competitor Time of Day Lap
1 23 Alexander Albon Williams Racing 15:39:07 L13 (Q2)
2 18 Lance Stroll Aston Martin Aramco F1 Team 15:39:34 L14 (Q2)
3 63 George Russell Mercedes-AMG PETRONAS F1 Team 15:48:24 L19 (Q2)
4 18 Lance Stroll Aston Martin Aramco F1 Team 15:48:32 L17 (Q2)
5 24 Zhou Guanyu Stake F1 Team Kick Sauber 15:48:34 L21 (Q2)
6 44 Lewis Hamilton Mercedes-AMG PETRONAS F1 Team 15:48:37 L19 (Q2)

Infringement Alleged breach of Article 33.4 of the FIA Formula One Sporting Regulations and
 Article 12.2.1 i) of the FIA International Sporting Code (non-compliance with the
 Race Director’s Event Notes, item 2, document 3)
Decision No further action.
Reasons The Stewards thoroughly reviewed Marshalling/Positioning data, timing data, on-
 board cameras and CCTV cameras.
All drivers concerned stayed at or above speeds necessary to stay below 1:36.0
around the vast majority of the circuit. However, in all cases the Stewards
determined that the drivers took appropriate actions to not impede other drivers,
and in all cases, they slowed down significantly to allow other drivers to pass
while giving those drivers a clear track. The Stewards therefore determine that all
drivers concerned did not drive “unnecessarily slowly”, and that they were above
the maximum time because they took appropriate steps, and we therefore take no
further action.
Note Competitors are reminded that they have the right to appeal certain decisions of the
 Stewards, in accordance with Article 15 of the FIA International Sporting Code and



 Chapter 4 of the FIA Judicial and Disciplinary Rules, within the applicable time limits.

 Decisions of the Stewards are taken independently of the FIA and are based solely
 on the relevant regulations, guidelines and evidence presented.




Garry Connelly Matthew Selley

Enrique Bernoldi Ian Watson

The Stewards","The cars below exceeded the 1:36.0 time limit between the Safety Car lines.

No Car Driver Competitor Time of Day Lap
1 23 Alexander Albon Williams Racing 15:39:07 L13 (Q2)
2 18 Lance Stroll Aston Martin Aramco F1 Team 15:39:34 L14 (Q2)
3 63 George Russell Mercedes-AMG PETRONAS F1 Team 15:48:24 L19 (Q2)
4 18 Lance Stroll Aston Martin Aramco F1 Team 15:48:32 L17 (Q2)
5 24 Zhou Guanyu Stake F1 Team Kick Sauber 15:48:34 L21 (Q2)
6 44 Lewis Hamilton Mercedes-AMG PETRONAS F1 Team 15:48:37 L19 (Q2)","Alleged breach of Article 33.4 of the FIA Formula One Sporting Regulations and
 Article 12.2.1 i) of the FIA International Sporting Code (non-compliance with the
 Race Director’s Event Notes, item 2, document 3)",No further action.,"The Stewards thoroughly reviewed Marshalling/Positioning data, timing data, on-
 board cameras and CCTV cameras.
All drivers concerned stayed at or above speeds necessary to stay below 1:36.0
around the vast majority of the circuit. However, in all cases the Stewards
determined that the drivers took appropriate actions to not impede other drivers,
and in all cases, they slowed down significantly to allow other drivers to pass
while giving those drivers a clear track. The Stewards therefore determine that all
drivers concerned did not drive “unnecessarily slowly”, and that they were above
the maximum time because they took appropriate steps, and we therefore take no
further action.
Note Competitors are reminded that they have the right to appeal certain decisions of the
 Stewards, in accordance with Article 15 of the FIA International Sporting Code and



 Chapter 4 of the FIA Judicial and Disciplinary Rules, within the applicable time limits.",,,,,,,,,,,,,,,,,,,
reviewer_b-fia-2024-gbr-50babf41557e,reviewer_b,stratified_exclusion_sample,fia-2024-gbr-50babf41557e,2024-gbr,2024,12,British Grand Prix,2024-07-07T00:00:00,Doc 19 - infringement - Car 37 - Impeding of Car 4,https://www.fia.com/sites/default/files/decision-document/2024%20British%20Grand%20Prix%20-%20infringement%20-%20Car%2037%20-%20Impeding%20of%20Car%204.pdf,2024-07-05T08:00:00-07:00,steward_decision,advertised,8c16dcf74031d3df83cffbcfdcc52e0f5d527c6a599cdcccc406c9ea562260f5,2,"2024 BRITISH GRAND PRIX
05 - 07 July 2024
From The Stewards
To The Team Manager,
Oracle Red Bull Racing
Document 19
Date 05 July 2024
Time 14:51
The Stewards, having received a report from the Race Director, summoned (documents 13 & 14)
and heard from the drivers and team representatives, have considered the following matter and
determine the following:
No / Driver 37 - Isack Hadjar
Competitor Oracle Red Bull Racing
Time 13:29
Session Practice 1
Fact Car 37 unnecessarily impeding Car 4 in turn 2.
Infringement Breach of Article 37.5 of the FIA Formula One Sporting Regulations.
Decision Formal warning for the driver.
The competitor (Oracle Red Bull Racing) is fined €20,000.
Reason The Stewards heard from the driver of Car 37 (Isack Hadjar), the driver of Car 4
(Lando Norris), team representatives and reviewed video, team radio and in-car
video evidence.
It was obvious that the driver was not given timely and appropriate warning of the
approach of Car 4. The driver of Car 4 was forced to brake heavily and leave the
track to avoid a collision. The Team of Car 37 conceded that it had not provided the
necessary advice to its driver.
The Stewards note that the penalty on the competitor is higher that that imposed for
another impeding incident in this session. The reason for this is that this incident was
regarded as more serious.
Competitors are reminded that they have the right to appeal certain decisions of the
Stewards, in accordance with Article 15 of the FIA International Sporting Code and
Chapter 4 of the FIA Judicial and Disciplinary Rules, within the applicable time limits.
Decisions of the Stewards are taken independently of the FIA and are based solely
on the relevant regulations, guidelines and evidence presented.
Garry Connelly Matthew Selley
Enrique Bernoldi Ian Watson

The Stewards",Car 37 unnecessarily impeding Car 4 in turn 2.,Breach of Article 37.5 of the FIA Formula One Sporting Regulations.,"Formal warning for the driver.
The competitor (Oracle Red Bull Racing) is fined €20,000.","The Stewards heard from the driver of Car 37 (Isack Hadjar), the driver of Car 4
(Lando Norris), team representatives and reviewed video, team radio and in-car
video evidence.
It was obvious that the driver was not given timely and appropriate warning of the
approach of Car 4. The driver of Car 4 was forced to brake heavily and leave the
track to avoid a collision. The Team of Car 37 conceded that it had not provided the
necessary advice to its driver.
The Stewards note that the penalty on the competitor is higher that that imposed for
another impeding incident in this session. The reason for this is that this incident was
regarded as more serious.",,,,,,,,,,,,,,,,,,,
reviewer_b-fia-2024-gbr-65808ceab39c,reviewer_b,stratified_exclusion_sample,fia-2024-gbr-65808ceab39c,2024-gbr,2024,12,British Grand Prix,2024-07-07T00:00:00,Doc 35 - Decision - Car 14 - Alleged working in the fast lane,https://www.fia.com/sites/default/files/decision-document/2024%20British%20Grand%20Prix%20-%20Decision%20-%20Car%2014%20-%20Alleged%20working%20in%20the%20fast%20lane.pdf,2024-07-06T10:40:00-07:00,steward_decision,advertised,cf542c341e49c458acdaaf0224f811161f90d5a3031693f86406013b824d0043,2,"2024 BRITISH GRAND PRIX
05 - 07 July 2024
From The Stewards
To The Team Manager,
Aston Martin Aramco F1 Team
Document 35
Date 06 July 2024
Time 17:30
The Stewards, having received a report from the Race Director, summoned (document 30) and
heard from the driver and team representative, have considered the following matter and determine
the following:
No / Driver 14 - Fernando Alonso
Competitor Aston Martin Aramco F1 Team
Time 15:17
Session Qualifying
Fact Car 14 was worked on in the Fast Lane.
Infringement Breach of Article 34.4 of the FIA Formula One Sporting Regulations.
Decision No penalty is applied.
Reason The Stewards heard from the team representative and reviewed video and in-car
video evidence.
Prior to the re-start of Q1, Car 14 drove from its Garage and its front left wheel was
placed in the Fast Lane. According to the Race Director’s Notes Item 11, this by
definition places the car in the Fast Lane. Article 34.4 specifies that except for some
specific exceptions which do not apply in this case, it is only permitted to work on a
car in the inner lane.
Video evidence clearly shows team members placing a jack under the rear of Car 14
and moving its location. This is deemed to be working on the car.
However it appeared from video evidence that it is common practice for team
members to move cars when in the Fast Lane under a red flag situation, for a variety
of reasons and the regulations are currently silent on this matter.
In this particular case the action of the team did not delay the session, impede
another car nor gain any sporting advantage.
Accordingly the Stewards determine to not apply a penalty.
Competitors are reminded that they have the right to appeal certain decisions of the
Stewards, in accordance with Article 15 of the FIA International Sporting Code and
Chapter 4 of the FIA Judicial and Disciplinary Rules, within the applicable time limits.






The Stewards
Decisions of the Stewards are taken independently of the FIA and are based solely
on the relevant regulations, guidelines and evidence presented.

Garry Connelly Matthew Selley
Enrique Bernoldi Ian Watson",Car 14 was worked on in the Fast Lane.,Breach of Article 34.4 of the FIA Formula One Sporting Regulations.,No penalty is applied.,"The Stewards heard from the team representative and reviewed video and in-car
video evidence.
Prior to the re-start of Q1, Car 14 drove from its Garage and its front left wheel was
placed in the Fast Lane. According to the Race Director’s Notes Item 11, this by
definition places the car in the Fast Lane. Article 34.4 specifies that except for some
specific exceptions which do not apply in this case, it is only permitted to work on a
car in the inner lane.
Video evidence clearly shows team members placing a jack under the rear of Car 14
and moving its location. This is deemed to be working on the car.
However it appeared from video evidence that it is common practice for team
members to move cars when in the Fast Lane under a red flag situation, for a variety
of reasons and the regulations are currently silent on this matter.
In this particular case the action of the team did not delay the session, impede
another car nor gain any sporting advantage.
Accordingly the Stewards determine to not apply a penalty.",,,,,,,,,,,,,,,,,,,
reviewer_b-fia-2024-gbr-b2583215d61c,reviewer_b,elevated_risk|stratified_exclusion_sample,fia-2024-gbr-b2583215d61c,2024-gbr,2024,12,British Grand Prix,2024-07-07T00:00:00,Doc 32 - Infringement - Qualifying Deleted Lap Times,https://www.fia.com/sites/default/files/decision-document/2024%20British%20Grand%20Prix%20-%20Infringement%20-%20Qualifying%20Deleted%20Lap%20Times.pdf,2024-07-06T09:38:00-07:00,steward_decision,advertised,af6a8a7561d8654bb696ff55e8512386666bfb9240929f31cd37fbb9dd474d4b,3,"2024 BRITISH GRAND PRIX
05 - 07 July 2024
The Stewards
From The Stewards
To All Teams, All Officials
Document 32
Date 06 July 2024
Time 16:38
Title Infringement - Qualifying Deleted Lap Times
Description Qualifying Deleted Lap Times
Enclosed GBR DOC 32 - Qualifying Deleted Lap Times.pdf
Garry Connelly Matthew Selley
Enrique Bernoldi Ian Watson




2024 BRITISH GRAND PRIX
05 – 07 July 2024


From The Stewards Document 32

To All Officials, All Teams Date 06 July 2024
 Time 16:38

The Stewards, having received a report from the Race Director, have considered the following matter
and determine the following:
Session Qualifying
Fact The cars below did not use the track at turns 3, 4 and 9.

No Turn Car Driver Competitor Time of Day Lap Time
1 3 4 Lando Norris McLaren Formula 1 Team 15:07:41 1:55.370
2 9 3 Daniel Ricciardo Visa Cash App RB F1 Team 15:10:24 PIT
3 9 63 George Russell Mercedes-AMG PETRONAS F1 Team 15:22:59 1:36.993
4 9 1 Max Verstappen Oracle Red Bull Racing 15:23:04 1:49.924
5 9 24 Zhou Guanyu Stake F1 Team Kick Sauber 15:23:18 1:44.377
6 9 22 Yuki Tsunoda Visa Cash App RB F1 Team 15:23:52 1:42.586
7 4 14 Fernando Alonso Aston Martin Aramco F1 Team 15:23:11 2:08.082
8 9 55 Carlos Sainz Scuderia Ferrari 15:23:21 1:35.902
9 9 20 Kevin Magnussen MoneyGram Haas F1 Team 15:23:23 PIT
10 9 23 Alexander Albon Williams Racing 15:23:47 1:42.051
11 6 14 Fernando Alonso Aston Martin Aramco F1 Team 16:09:29 PIT

Infringement Breach of Appendix L Chapter IV Article 2 c) of the FIA International Sporting
 Code and Article 33.3 of the FIA Formula One Sporting Regulations.
Decision Deletion of the lap times shown in accordance with Article 12.4.1.e of the FIA
 International Sporting Code.
Note Competitors are reminded that they have the right to appeal certain decisions of the
 Stewards, in accordance with Article 15 of the FIA International Sporting Code and
 Chapter 4 of the FIA Judicial and Disciplinary Rules, within the applicable time limits.




 Decisions of the Stewards are taken independently of the FIA and are based solely
 on the relevant regulations, guidelines and evidence presented.





Garry Connelly Matthew Selley

Enrique Bernoldi Ian Watson

The Stewards","The cars below did not use the track at turns 3, 4 and 9.

No Turn Car Driver Competitor Time of Day Lap Time
1 3 4 Lando Norris McLaren Formula 1 Team 15:07:41 1:55.370
2 9 3 Daniel Ricciardo Visa Cash App RB F1 Team 15:10:24 PIT
3 9 63 George Russell Mercedes-AMG PETRONAS F1 Team 15:22:59 1:36.993
4 9 1 Max Verstappen Oracle Red Bull Racing 15:23:04 1:49.924
5 9 24 Zhou Guanyu Stake F1 Team Kick Sauber 15:23:18 1:44.377
6 9 22 Yuki Tsunoda Visa Cash App RB F1 Team 15:23:52 1:42.586
7 4 14 Fernando Alonso Aston Martin Aramco F1 Team 15:23:11 2:08.082
8 9 55 Carlos Sainz Scuderia Ferrari 15:23:21 1:35.902
9 9 20 Kevin Magnussen MoneyGram Haas F1 Team 15:23:23 PIT
10 9 23 Alexander Albon Williams Racing 15:23:47 1:42.051
11 6 14 Fernando Alonso Aston Martin Aramco F1 Team 16:09:29 PIT","Breach of Appendix L Chapter IV Article 2 c) of the FIA International Sporting
 Code and Article 33.3 of the FIA Formula One Sporting Regulations.","Deletion of the lap times shown in accordance with Article 12.4.1.e of the FIA
 International Sporting Code.
Note Competitors are reminded that they have the right to appeal certain decisions of the
 Stewards, in accordance with Article 15 of the FIA International Sporting Code and
 Chapter 4 of the FIA Judicial and Disciplinary Rules, within the applicable time limits.




 Decisions of the Stewards are taken independently of the FIA and are based solely
 on the relevant regulations, guidelines and evidence presented.





Garry Connelly Matthew Selley

Enrique Bernoldi Ian Watson

The Stewards",None,,,,,,,,,,,,,,,,,,,
reviewer_b-fia-2024-hun-3048d0b101d3,reviewer_b,included_multi_party,fia-2024-hun-3048d0b101d3,2024-hun,2024,13,Hungarian Grand Prix,2024-07-21T00:00:00,Doc 36 - Decision - Car 1 - Alleged leaving the track and gaining an advantage,https://www.fia.com/sites/default/files/decision-document/2024%20Hungarian%20Grand%20Prix%20-%20Decision%20-%20Car%201%20-%20Alleged%20leaving%20the%20track%20and%20gaining%20an%20advantage.pdf,2024-07-21T07:28:00-07:00,steward_decision,advertised,8533f2dc9a3ba7efa456894214e929cf06015e52ec271520ca64428883e549c2,1,"2024 HUNGARIAN GRAND PRIX
19 - 21 July 2024
The Stewards
From The Stewards
To The Team Manager,
Oracle Red Bull Racing
Document 36
Date 21 July 2024
Time 15:26
The Stewards, having received a report from the Race Director, have considered the following
matter and determine the following:
No / Driver 1 - Max Verstappen
Competitor Oracle Red Bull Racing
Time 15:03
Session Race
Fact Alleged leaving the track and gaining an advantage in Turn 1.
Infringement Alleged breach of Appendix L Chapter IV Article 2 c) of the FIA International Sporting
Code and Article 33.3 of the FIA Formula One Sporting Regulations.
Decision No further action.
Reason The Stewards reviewed video, radio and in-car video evidence.
Car 1 left the track at the exit of turn 1 while being alongside Car 4 which was
alongside Car 81. Car 1 rejoined the track in front of Car 4 thereby gaining an
advantage. However, the driver gave back the position to Car 4 subsequently upon
instruction from the team, therefore no further action is taken as no lasting advantage
was gained.
Competitors are reminded that they have the right to appeal certain decisions of the
Stewards, in accordance with Article 15 of the FIA International Sporting Code and
Chapter 4 of the FIA Judicial and Disciplinary Rules, within the applicable time limits.
Decisions of the Stewards are taken independently of the FIA and are based solely
on the relevant regulations, guidelines and evidence presented.

Garry Connelly Mathieu Remmerie
Vitantonio Liuzzi István Móni",Alleged leaving the track and gaining an advantage in Turn 1.,"Alleged breach of Appendix L Chapter IV Article 2 c) of the FIA International Sporting
Code and Article 33.3 of the FIA Formula One Sporting Regulations.",No further action.,"The Stewards reviewed video, radio and in-car video evidence.
Car 1 left the track at the exit of turn 1 while being alongside Car 4 which was
alongside Car 81. Car 1 rejoined the track in front of Car 4 thereby gaining an
advantage. However, the driver gave back the position to Car 4 subsequently upon
instruction from the team, therefore no further action is taken as no lasting advantage
was gained.",,,,,,,,,,,,,,,,,,,
reviewer_b-fia-2024-hun-46b193d4af90,reviewer_b,included_multi_party,fia-2024-hun-46b193d4af90,2024-hun,2024,13,Hungarian Grand Prix,2024-07-21T00:00:00,Doc 42 - Decision - Car 1 - Incident with Car 44,https://www.fia.com/sites/default/files/decision-document/2024%20Hungarian%20Grand%20Prix%20-%20Decision%20-%20Car%201%20-%20Incident%20with%20Car%2044.pdf,2024-07-21T11:10:00-07:00,steward_decision,advertised,e36efb1208ba30c18886017832fc1abff474c973251a213fa35fbb34368eaf97,2,"2024 HUNGARIAN GRAND PRIX
19 - 21 July 2024
From The Stewards
To The Team Manager,
Oracle Red Bull Racing
Document 42
Date 21 July 2024
Time 19:05
The Stewards, having received a report from the Race Director, summoned (documents 37 & 38)
and heard from the drivers and team representatives, have considered the following matter and
determine the following:
No / Driver 1 - Max Verstappen
Competitor Oracle Red Bull Racing
Time 16:30
Session Race
Fact Turn 1 incident between Cars 1 and 44 at 16:30.
Infringement Alleged breach of Appendix L, Chapter IV, Article 2 d) of the FIA International
Sporting Code.
Decision No further action.
Reason The Stewards heard from the driver of Car 1 (Max Verstappen), the driver of Car 44
(Lewis Hamilton), team representatives and reviewed positioning/marshalling system
data, video, timing, telemetry, and in-car video evidence.
On the approach to turn 1, both Car 44 and Car 1 overtook Car 23. Car 44 returned
to the racing line before the braking zone and commenced to turn into turn 1.
Car 1 approached the turn faster than on previous laps (due to DRS) and braked at
the same point as previously. The driver of Car 1 argued that Car 44 was changing
direction under braking. The driver of Car 44 stated that he was simply following his
normal racing line (which was confirmed by examination of video and telemetry
evidence of previous laps).
It was clear that Car 1 locked up both front wheels on the approach to turn 1 prior to
any impact occurring but missing the normal cornering line for a typical overtaking
manoeuvre.
The driver of Car 44 stated that this was a racing incident, whilst the driver of Car 1
argued that this was a case of changing direction under braking.
The Stewards do not consider this to be a typical case of “changing direction under
braking” although it is our determination that the driver of Car 44 could have done
more to avoid the collision.
Accordingly we determine that no driver was predominantly to blame and decide to
take no further action.
Competitors are reminded that they have the right to appeal certain decisions of the
Stewards, in accordance with Article 15 of the FIA International Sporting Code and
Chapter 4 of the FIA Judicial and Disciplinary Rules, within the applicable time limits.

The Stewards

Decisions of the Stewards are taken independently of the FIA and are based solely
on the relevant regulations, guidelines and evidence presented.

Garry Connelly Mathieu Remmerie
Vitantonio Liuzzi István Móni",Turn 1 incident between Cars 1 and 44 at 16:30.,"Alleged breach of Appendix L, Chapter IV, Article 2 d) of the FIA International
Sporting Code.",No further action.,"The Stewards heard from the driver of Car 1 (Max Verstappen), the driver of Car 44
(Lewis Hamilton), team representatives and reviewed positioning/marshalling system
data, video, timing, telemetry, and in-car video evidence.
On the approach to turn 1, both Car 44 and Car 1 overtook Car 23. Car 44 returned
to the racing line before the braking zone and commenced to turn into turn 1.
Car 1 approached the turn faster than on previous laps (due to DRS) and braked at
the same point as previously. The driver of Car 1 argued that Car 44 was changing
direction under braking. The driver of Car 44 stated that he was simply following his
normal racing line (which was confirmed by examination of video and telemetry
evidence of previous laps).
It was clear that Car 1 locked up both front wheels on the approach to turn 1 prior to
any impact occurring but missing the normal cornering line for a typical overtaking
manoeuvre.
The driver of Car 44 stated that this was a racing incident, whilst the driver of Car 1
argued that this was a case of changing direction under braking.
The Stewards do not consider this to be a typical case of “changing direction under
braking” although it is our determination that the driver of Car 44 could have done
more to avoid the collision.
Accordingly we determine that no driver was predominantly to blame and decide to
take no further action.",,,,,,,,,,,,,,,,,,,
reviewer_b-fia-2024-jpn-9cf103b985c9,reviewer_b,included_multi_party,fia-2024-jpn-9cf103b985c9,2024-jpn,2024,4,Japanese Grand Prix,2024-04-07T00:00:00,Decision - Car 3 - Incident with Car 23 in Turn 2,https://www.fia.com/sites/default/files/decision-document/2024%20Japanese%20Grand%20Prix%20-%20Decision%20-%20Car%203%20-%20Incident%20with%20Car%2023%20in%20Turn%202.pdf,2024-04-07T02:18:00-07:00,steward_decision,advertised,f49ea9da58c0e6ac89806de14462048df5813dee914af6db74087a1a117c5a20,2,"2024 JAPANESE GRAND PRIX
05 - 07 April 2024
From The Stewards
To The Team Manager,
Visa Cash App RB F1 Team
Document 50
Date 07 April 2024
Time 17:14
The Stewards, having received a report from the Race Director, summoned (documents 43 & 44)
and heard from the drivers and team representatives, have considered the following matter and
determine the following:
No / Driver 3 - Daniel Ricciardo
Competitor Visa Cash App RB F1 Team
Time 14:04
Session Race
Fact Incident between cars 3 & 23 approaching turn 3.
Infringement Alleged breach of Appendix L Chapter IV Article 2 d) of the FIA International Sporting
Code.
Decision No further action.
Reason The Stewards heard from the driver of Car 3 (Daniel Ricciardo), the driver of Car 23
(Alexander Albon), team representatives and reviewed positioning/marshalling system
data, external and in-car video evidence.
The explanations of both drivers were aligned as to the facts of the incident.
On the approach to Turn 3, the driver of Car 3 noticed Car 18 on his left and stated
that he wanted to give that car sufficient room. He stated he then looked to the apex
of Turn 3. He did not see Car 23 on his right.
The driver of Car 23 stated that he thought he could overtake Car 3 on the outside,
into Turn 3, but then suddenly realised that Car 3 had not seen him, applied the
brakes but could not avoid the contact with Car 3.
Accordingly we determine this to be a first lap incident and decide to take no further
action.
If this incident had occurred on a subsequent lap, or without the presence of the third
car (Car 18), a different determination would have been made.
Competitors are reminded that they have the right to appeal certain decisions of the
Stewards, in accordance with Article 15 of the FIA International Sporting Code and
Chapter 4 of the FIA Judicial and Disciplinary Rules, within the applicable time limits.
Decisions of the Stewards are taken independently of the FIA and are based solely
on the relevant regulations, guidelines and evidence presented.
Garry Connelly Loïc Bacquelaine

The Stewards
Enrique Bernoldi Kazuhiro Tsuge",Incident between cars 3 & 23 approaching turn 3.,"Alleged breach of Appendix L Chapter IV Article 2 d) of the FIA International Sporting
Code.",No further action.,"The Stewards heard from the driver of Car 3 (Daniel Ricciardo), the driver of Car 23
(Alexander Albon), team representatives and reviewed positioning/marshalling system
data, external and in-car video evidence.
The explanations of both drivers were aligned as to the facts of the incident.
On the approach to Turn 3, the driver of Car 3 noticed Car 18 on his left and stated
that he wanted to give that car sufficient room. He stated he then looked to the apex
of Turn 3. He did not see Car 23 on his right.
The driver of Car 23 stated that he thought he could overtake Car 3 on the outside,
into Turn 3, but then suddenly realised that Car 3 had not seen him, applied the
brakes but could not avoid the contact with Car 3.
Accordingly we determine this to be a first lap incident and decide to take no further
action.
If this incident had occurred on a subsequent lap, or without the presence of the third
car (Car 18), a different determination would have been made.",,,,,,,,,,,,,,,,,,,
reviewer_b-fia-2024-mex-1f64487513b6,reviewer_b,stratified_exclusion_sample,fia-2024-mex-1f64487513b6,2024-mex,2024,20,Mexico City Grand Prix,2024-10-27T00:00:00,Doc 18 - Decision - Car 38 - Turn 9 incident,https://www.fia.com/sites/default/files/decision-document/2024%20Mexico%20City%20Grand%20Prix%20-%20Decision%20-%20Car%2038%20-%20Turn%209%20incident.pdf,2024-10-25T14:33:00-07:00,steward_decision,advertised,557f8cf36aa76db2d3894cbe8cde9d9bf4fdc849364a5ee10b7b9e5e97bf15fd,2,"2024 MEXICO CITY GRAND PRIX
25 - 27 October 2024
The Stewards
From The Stewards
To The Team Manager,
Scuderia Ferrari
Document 18
Date 25 October 2024
Time 14:30
The Stewards, having received a report from the Race Director, summoned (documents 13 & 14)
and heard from the drivers and team representatives, have considered the following matter and
determine the following:
No / Driver 38 - Oliver Bearman
Competitor Scuderia Ferrari
Time 12:52
Session Practice 1
Fact Incident with Car 23 in turn 9.
Infringement Alleged breach of Article 33.4 of the FIA Formula One Sporting Regulations.
Decision No further action.
Reason The Stewards heard from the driver of Car 23 (Alexander Albon), the driver of Car 38
(Oliver Bearman), team representatives and reviewed, video, telemetry, team radio
and in-car video evidence.
Bearman was on a cool down lap with the team letting him know about cars behind.
Albon was on a fast lap. Just after Turn 9, Bearman, who was recharging and thus
going relatively slow, pulled to the right. When Albon came around T9, he had
Bearman in front of him and lifted. Because the car was under significant loading in
the corner, it caused him to oversteer.
Both drivers agreed that Bearman’s positioning was not unreasonable, but was
unfortunate as it was close to Albon’s line. Had Bearman been slightly further down
the track it would not have resulted in an incident. All parties agreed that it was a
racing incident.
Competitors are reminded that they have the right to appeal certain decisions of the
Stewards, in accordance with Article 15 of the FIA International Sporting Code and
Chapter 4 of the FIA Judicial and Disciplinary Rules, within the applicable time limits.
Decisions of the Stewards are taken independently of the FIA and are based solely
on the relevant regulations, guidelines and evidence presented.
Tim Mayer Loïc Bacquelaine
Johnny Herbert Alfonso Oros Trigueros",Incident with Car 23 in turn 9.,Alleged breach of Article 33.4 of the FIA Formula One Sporting Regulations.,No further action.,"The Stewards heard from the driver of Car 23 (Alexander Albon), the driver of Car 38
(Oliver Bearman), team representatives and reviewed, video, telemetry, team radio
and in-car video evidence.
Bearman was on a cool down lap with the team letting him know about cars behind.
Albon was on a fast lap. Just after Turn 9, Bearman, who was recharging and thus
going relatively slow, pulled to the right. When Albon came around T9, he had
Bearman in front of him and lifted. Because the car was under significant loading in
the corner, it caused him to oversteer.
Both drivers agreed that Bearman’s positioning was not unreasonable, but was
unfortunate as it was close to Albon’s line. Had Bearman been slightly further down
the track it would not have resulted in an incident. All parties agreed that it was a
racing incident.",,,,,,,,,,,,,,,,,,,
reviewer_b-fia-2024-mex-24c9f3620e56,reviewer_b,stratified_exclusion_sample,fia-2024-mex-24c9f3620e56,2024-mex,2024,20,Mexico City Grand Prix,2024-10-27T00:00:00,Doc 19 - Decision - Car 23 - Turn 9 incident,https://www.fia.com/sites/default/files/decision-document/2024%20Mexico%20City%20Grand%20Prix%20-%20Decision%20-%20Car%2023%20-%20Turn%209%20incident.pdf,2024-10-25T14:33:00-07:00,steward_decision,advertised,8e2d633329a8e6300fd7ae3f8c37ffd682f480d65edaf1e8b1c31cbce191e816,2,"2024 MEXICO CITY GRAND PRIX
25 - 27 October 2024
The Stewards
From The Stewards
To The Team Manager,
Williams Racing
Document 19
Date 25 October 2024
Time 14:30
The Stewards, having received a report from the Race Director, summoned (documents 13 & 14)
and heard from the drivers and team representatives, have considered the following matter and
determine the following:
No / Driver 23 - Alexander Albon
Competitor Williams Racing
Time 12:52
Session Practice 1
Fact Incident with Car 38 in turn 9.
Infringement Alleged breach of Article 33.4 of the FIA Formula One Sporting Regulations.
Decision No further action.
Reason The Stewards heard from the driver of Car 23 (Alexander Albon), the driver of Car 38
(Oliver Bearman), team representatives and reviewed, video, telemetry, team radio
and in-car video evidence.
Bearman was on a cool down lap with the team letting him know about cars behind.
Albon was on a fast lap. Just after Turn 9, Bearman, who was recharging and thus
going relatively slow, pulled to the right. When Albon came around T9, he had
Bearman in front of him and lifted. Because the car was under significant loading in
the corner, it caused him to oversteer.
Both drivers agreed that Bearman’s positioning was not unreasonable, but was
unfortunate as it was close to Albon’s line. Had Bearman been slightly further down
the track it would not have resulted in an incident. All parties agreed that it was a
racing incident.
Competitors are reminded that they have the right to appeal certain decisions of the
Stewards, in accordance with Article 15 of the FIA International Sporting Code and
Chapter 4 of the FIA Judicial and Disciplinary Rules, within the applicable time limits.
Decisions of the Stewards are taken independently of the FIA and are based solely
on the relevant regulations, guidelines and evidence presented.
Tim Mayer Loïc Bacquelaine
Johnny Herbert Alfonso Oros Trigueros",Incident with Car 38 in turn 9.,Alleged breach of Article 33.4 of the FIA Formula One Sporting Regulations.,No further action.,"The Stewards heard from the driver of Car 23 (Alexander Albon), the driver of Car 38
(Oliver Bearman), team representatives and reviewed, video, telemetry, team radio
and in-car video evidence.
Bearman was on a cool down lap with the team letting him know about cars behind.
Albon was on a fast lap. Just after Turn 9, Bearman, who was recharging and thus
going relatively slow, pulled to the right. When Albon came around T9, he had
Bearman in front of him and lifted. Because the car was under significant loading in
the corner, it caused him to oversteer.
Both drivers agreed that Bearman’s positioning was not unreasonable, but was
unfortunate as it was close to Albon’s line. Had Bearman been slightly further down
the track it would not have resulted in an incident. All parties agreed that it was a
racing incident.",,,,,,,,,,,,,,,,,,,
reviewer_b-fia-2024-mex-9398d22e8e7e,reviewer_b,elevated_risk,fia-2024-mex-9398d22e8e7e,2024-mex,2024,20,Mexico City Grand Prix,2024-10-27T00:00:00,Doc 47 - Infringement - Car 1 - Turn 4 Forcing another driver of the track (corrected),https://www.fia.com/sites/default/files/decision-document/2024%20Mexico%20City%20Grand%20Prix%20-%20Infringement%20-%20Car%201%20-%20Turn%204%20Forcing%20another%20driver%20of%20the%20track%20(corrected).pdf,2024-10-27T15:40:00-07:00,steward_decision,advertised,2e1be8df44ed0070676fa3ab2e4b862f3fa6a7220dea9d053aaabd93d60c09ed,1,"2024 MEXICO CITY GRAND PRIX
25 - 27 October 2024
The Stewards
From The Stewards
To The Team Manager,
Oracle Red Bull Racing
Document 47
Date 27 October 2024
Time 16:34
The Stewards, having received a report from the Race Director, have considered the following
matter and determine the following:
No / Driver 1 - Max Verstappen
Competitor Oracle Red Bull Racing
Time 14:20
Session Race
Fact Forcing another driver off the track.
Infringement Breach of Appendix L, Chapter IV, Article 2 b) of the International Sporting Code.
Decision 10 second time penalty.
2 penalty points (total of 6 for the 12 month period).
Reason The Stewards reviewed positioning/marshalling system data, video, radio and in-car
video evidence.
Norris was attempting to overtake on the outside of Verstappen at Turn 4. Norris was
ahead of Verstappen at the entry, apex and towards the exit of the turn when he
started being forced off the track. The Stewards believe that the maneuver was done
in a safe and controlled manner and that Norris would have been able to make the
maneuver on the track had he not been forced off the track by Verstappen. Norris cut
the corner but immediately gave the position he gained as a result back to Sainz.
The penalty is the standard penalty in such cases.
Competitors are reminded that they have the right to appeal certain decisions of the
Stewards, in accordance with Article 15 of the FIA International Sporting Code and
Chapter 4 of the FIA Judicial and Disciplinary Rules, within the applicable time limits.

Decisions of the Stewards are taken independently of the FIA and are based solely
on the relevant regulations, guidelines and evidence presented.

Tim Mayer Loïc Bacquelaine
Johnny Herbert Alfonso Oros Trigueros",Forcing another driver off the track.,"Breach of Appendix L, Chapter IV, Article 2 b) of the International Sporting Code.","10 second time penalty.
2 penalty points (total of 6 for the 12 month period).","The Stewards reviewed positioning/marshalling system data, video, radio and in-car
video evidence.
Norris was attempting to overtake on the outside of Verstappen at Turn 4. Norris was
ahead of Verstappen at the entry, apex and towards the exit of the turn when he
started being forced off the track. The Stewards believe that the maneuver was done
in a safe and controlled manner and that Norris would have been able to make the
maneuver on the track had he not been forced off the track by Verstappen. Norris cut
the corner but immediately gave the position he gained as a result back to Sainz.
The penalty is the standard penalty in such cases.",,,,,,,,,,,,,,,,,,,
reviewer_b-fia-2024-mex-a4340456d96a,reviewer_b,elevated_risk,fia-2024-mex-a4340456d96a,2024-mex,2024,20,Mexico City Grand Prix,2024-10-27T00:00:00,Doc 45 - Decision - Car 11 - Alleged leaving the track and forcing a driver off the track,https://www.fia.com/sites/default/files/decision-document/2024%20Mexico%20City%20Grand%20Prix%20-%20Decision%20-%20Car%2011%20-%20Alleged%20leaving%20the%20track%20and%20forcing%20a%20driver%20off%20the%20track.pdf,2024-10-27T14:59:00-07:00,steward_decision,advertised,b199a61b186036c4bfa1e296fdbf31702e7f57c4f80a59d50c6a737db5b1b765,1,"2024 MEXICO CITY GRAND PRIX
25 - 27 October 2024
The Stewards
From The Stewards
To The Team Manager,
Oracle Red Bull Racing
Document 45
Date 27 October 2024
Time 15:39
The Stewards, having received a report from the Race Director, have considered the following
matter and determine the following:
No / Driver 11 - Sergio Perez
Competitor Oracle Red Bull Racing
Time 14:32
Session Race
Fact Alleged forcing another driver off the track.
Alleged Leaving the track and gaining a lasting advantage.
Infringement Alleged Breach of Appendix L Chapter IV Article 2 b) and c) of the FIA International
Sporting Code and Article 33.3 of the FIA Formula One Sporting Regulations.
Decision No further action
Reason The Stewards reviewed positioning/marshalling system data, video, CCTV, timing,
and in-car video evidence.
Perez was attempting to pass Lawson on the inside of Turn 4. Perez had a significant
portion of the car to the inside of Lawson at the apex of Turn 4, however to do so he
was significantly on the kerb, and in the view of the Stewards the maneuver was late.
As a result his exit was not anywhere near the racing line, ran wide and Lawson had
to go off track to avoid a collision. Perez gave room to Lawson to stay on track at
Turn 5, but then Perez went off track at the exit of Turn 5. Perez then conceded to
Lawson and did not keep any advantage.
In the view of the Stewards, this was a racing incident and take no further action.
Competitors are reminded that they have the right to appeal certain decisions of the
Stewards, in accordance with Article 15 of the FIA International Sporting Code and
Chapter 4 of the FIA Judicial and Disciplinary Rules, within the applicable time limits.
Decisions of the Stewards are taken independently of the FIA and are based solely
on the relevant regulations, guidelines and evidence presented.
Tim Mayer Loïc Bacquelaine
Johnny Herbert Alfonso Oros Trigueros","Alleged forcing another driver off the track.
Alleged Leaving the track and gaining a lasting advantage.","Alleged Breach of Appendix L Chapter IV Article 2 b) and c) of the FIA International
Sporting Code and Article 33.3 of the FIA Formula One Sporting Regulations.",No further action,"The Stewards reviewed positioning/marshalling system data, video, CCTV, timing,
and in-car video evidence.
Perez was attempting to pass Lawson on the inside of Turn 4. Perez had a significant
portion of the car to the inside of Lawson at the apex of Turn 4, however to do so he
was significantly on the kerb, and in the view of the Stewards the maneuver was late.
As a result his exit was not anywhere near the racing line, ran wide and Lawson had
to go off track to avoid a collision. Perez gave room to Lawson to stay on track at
Turn 5, but then Perez went off track at the exit of Turn 5. Perez then conceded to
Lawson and did not keep any advantage.
In the view of the Stewards, this was a racing incident and take no further action.",,,,,,,,,,,,,,,,,,,
reviewer_b-fia-2024-mex-cd682dfdcf3b,reviewer_b,elevated_risk|stratified_exclusion_sample,fia-2024-mex-cd682dfdcf3b,2024-mex,2024,20,Mexico City Grand Prix,2024-10-27T00:00:00,Recalled - Doc 43 - Infringement - Car 1 - Turn 4 Forcing another driver of the track,https://www.fia.com/documents/championships/fia-formula-one-world-championship-14/event/Mexico%20City%20Grand%20Prix/season/season-2024-2043#recalled-doc-43,2024-10-27T14:30:00-07:00,steward_decision,advertised,,,None,None,None,None,None,,,,,,,,,,,,,,,,,,,
reviewer_b-fia-2024-mia-8181b93a13ff,reviewer_b,elevated_risk|stratified_exclusion_sample,fia-2024-mia-8181b93a13ff,2024-mia,2024,6,Miami Grand Prix,2024-05-05T00:00:00,Infringement - Car 31 - Unsafe release,https://www.fia.com/sites/default/files/decision-document/2024%20Miami%20Grand%20Prix%20-%20Infringement%20-%20Car%2031%20-%20Unsafe%20release.pdf,2024-05-04T19:37:00-07:00,steward_decision,advertised,826e3d93ae6486718c72420a081ba237f2c30b2303d95c212271b4a370b84822,2,"2024 MIAMI GRAND PRIX
03 - 05 May 2024
From The Stewards
To The Team Manager,
BWT Alpine F1 Team
Document 70
Date 04 May 2024
Time 21:36
The Stewards, having received a report from the Race Director, have considered the following
matter and determine the following:
No / Driver 31 - Esteban Ocon
Competitor BWT Alpine F1 Team
Time 11:30
Session Sprint
Fact Unsafe release of Car 31 and collision with Car 16 in the pit lane.
Infringement Breach of Article 34.14 a) of the FIA Formula One Sporting Regulations and
Appendix L, Chapter IV, Article 2d) of the FIA International Sporting Code.
Decision 10 second time penalty.
1 penalty points (total of 1 for the 12 month period).
Reason The Stewards reviewed external video evidence and observed that Car 31 left its
garage to commence the reconnaissance lap and collided with Car 16 in the pit lane.
From the video evidence, it appeared that the driver was not released by the team
representative (the number 1). In fact, the video shows the number 1 trying to tell him
to stop. The driver nevertheless left the garage and the collision ensued.
We considered that what happened was more serious than some of the precedents
given that the driver was not released and that there was a resulting collision.
We therefore impose a 10 second penalty with one penalty point to the driver.
Competitors are reminded that they have the right to appeal certain decisions of the
Stewards, in accordance with Article 15 of the FIA International Sporting Code and
Chapter 4 of the FIA Judicial and Disciplinary Rules, within the applicable time limits.
Decisions of the Stewards are taken independently of the FIA and are based solely
on the relevant regulations, guidelines and evidence presented.

Nish Shetty Andrew Mallalieu

The Stewards
Vitantonio Liuzzi Dennis Dean",Unsafe release of Car 31 and collision with Car 16 in the pit lane.,"Breach of Article 34.14 a) of the FIA Formula One Sporting Regulations and
Appendix L, Chapter IV, Article 2d) of the FIA International Sporting Code.","10 second time penalty.
1 penalty points (total of 1 for the 12 month period).","The Stewards reviewed external video evidence and observed that Car 31 left its
garage to commence the reconnaissance lap and collided with Car 16 in the pit lane.
From the video evidence, it appeared that the driver was not released by the team
representative (the number 1). In fact, the video shows the number 1 trying to tell him
to stop. The driver nevertheless left the garage and the collision ensued.
We considered that what happened was more serious than some of the precedents
given that the driver was not released and that there was a resulting collision.
We therefore impose a 10 second penalty with one penalty point to the driver.",,,,,,,,,,,,,,,,,,,
reviewer_b-fia-2024-mia-86547ded7d12,reviewer_b,included_multi_party,fia-2024-mia-86547ded7d12,2024-mia,2024,6,Miami Grand Prix,2024-05-05T00:00:00,Decision - Car 18 - Turn 1 incident with cars 18 4 and 44,https://www.fia.com/sites/default/files/decision-document/2024%20Miami%20Grand%20Prix%20-%20Decision%20-%20Car%2018%20-%20Turn%201%20incident%20with%20cars%2018%204%20and%2044.pdf,2024-05-04T13:22:00-07:00,steward_decision,advertised,0ba8f4df277bcd823ff0ceb359a84e523a3304003cb648842fabe93d5ece029c,1,"2024 MIAMI GRAND PRIX
03 - 05 May 2024
The Stewards
From The Stewards
To The Team Manager,
Aston Martin Aramco F1 Team
Document 46
Date 04 May 2024
Time 15:18
The Stewards, having received a report from the Race Director, have considered the following
matter and determine the following:
No / Driver 18 - Lance Stroll
Competitor Aston Martin Aramco F1 Team
Time 12:03
Session Sprint
Fact Incident between cars 14, 18, 4 & 44 in Turn 1.
Infringement Alleged breach of Appendix L, Chapter IV, Article 2 d) of the International Sporting
Code.
Decision No Further Action.
Reason The Stewards reviewed positioning/marshalling system data, video and in-car video
evidence and determined that Cars 14, 18, 44 and 4 collided when they were
navigating Turn 1 of Lap 1. The collision resulted in damage to Car 14, 18 and
caused Car 4 to retire.
From the video evidence, it appeared that there were at least three collisions that
occurred – the first between Cars 14 & 18 and then between Car 44 and Car 14 and
finally between Car 18 and Car 4. While it appeared to us that the incidents began
with Cars 14 & 18, the sudden and fast arrival of Car 44 contributed to the various
collisions. However, we were not able to identify one or more drivers wholly or
predominantly to blame for the various collisions or any one of them.
Also keeping in mind that this was in Turn 1 of Lap 1 where greater latitude is given to
drivers for incidents, we took no further action.
Competitors are reminded that they have the right to appeal certain decisions of the
Stewards, in accordance with Article 15 of the FIA International Sporting Code and
Chapter 4 of the FIA Judicial and Disciplinary Rules, within the applicable time limits.
Decisions of the Stewards are taken independently of the FIA and are based solely
on the relevant regulations, guidelines and evidence presented.
Nish Shetty Andrew Mallalieu
Vitantonio Liuzzi Dennis Dean","Incident between cars 14, 18, 4 & 44 in Turn 1.","Alleged breach of Appendix L, Chapter IV, Article 2 d) of the International Sporting
Code.",No Further Action.,"The Stewards reviewed positioning/marshalling system data, video and in-car video
evidence and determined that Cars 14, 18, 44 and 4 collided when they were
navigating Turn 1 of Lap 1. The collision resulted in damage to Car 14, 18 and
caused Car 4 to retire.
From the video evidence, it appeared that there were at least three collisions that
occurred – the first between Cars 14 & 18 and then between Car 44 and Car 14 and
finally between Car 18 and Car 4. While it appeared to us that the incidents began
with Cars 14 & 18, the sudden and fast arrival of Car 44 contributed to the various
collisions. However, we were not able to identify one or more drivers wholly or
predominantly to blame for the various collisions or any one of them.
Also keeping in mind that this was in Turn 1 of Lap 1 where greater latitude is given to
drivers for incidents, we took no further action.",,,,,,,,,,,,,,,,,,,
reviewer_b-fia-2024-mia-b115633c9ba0,reviewer_b,included_multi_party,fia-2024-mia-b115633c9ba0,2024-mia,2024,6,Miami Grand Prix,2024-05-05T00:00:00,Decision - Car 14 - Turn 1 incident with cars 18 4 and 44,https://www.fia.com/sites/default/files/decision-document/2024%20Miami%20Grand%20Prix%20-%20Decision%20-%20Car%2014%20-%20Turn%201%20incident%20with%20cars%2018%204%20and%2044.pdf,2024-05-04T13:22:00-07:00,steward_decision,advertised,028cee7bd2faa16d06821f05f771baea104bbd4b717f068e04024c4144e96f0d,1,"2024 MIAMI GRAND PRIX
03 - 05 May 2024
The Stewards
From The Stewards
To The Team Manager,
Aston Martin Aramco F1 Team
Document 45
Date 04 May 2024
Time 15:18
The Stewards, having received a report from the Race Director, have considered the following
matter and determine the following:
No / Driver 14 - Fernando Alonso
Competitor Aston Martin Aramco F1 Team
Time 12:03
Session Sprint
Fact Incident between cars 14, 18, 4 & 44 in Turn 1.
Infringement Alleged breach of Appendix L, Chapter IV, Article 2 d) of the International Sporting
Code.
Decision No Further Action.
Reason The Stewards reviewed positioning/marshalling system data, video and in-car video
evidence and determined that Cars 14, 18, 44 and 4 collided when they were
navigating Turn 1 of Lap 1. The collision resulted in damage to Car 14, 18 and
caused Car 4 to retire.
From the video evidence, it appeared that there were at least three collisions that
occurred – the first between Cars 14 & 18 and then between Car 44 and Car 14 and
finally between Car 18 and Car 4. While it appeared to us that the incidents began
with Cars 14 & 18, the sudden and fast arrival of Car 44 contributed to the various
collisions. However, we were not able to identify one or more drivers wholly or
predominantly to blame for the various collisions or any one of them.
Also keeping in mind that this was in Turn 1 of Lap 1 where greater latitude is given to
drivers for incidents, we took no further action.
Competitors are reminded that they have the right to appeal certain decisions of the
Stewards, in accordance with Article 15 of the FIA International Sporting Code and
Chapter 4 of the FIA Judicial and Disciplinary Rules, within the applicable time limits.
Decisions of the Stewards are taken independently of the FIA and are based solely
on the relevant regulations, guidelines and evidence presented.
Nish Shetty Andrew Mallalieu
Vitantonio Liuzzi Dennis Dean","Incident between cars 14, 18, 4 & 44 in Turn 1.","Alleged breach of Appendix L, Chapter IV, Article 2 d) of the International Sporting
Code.",No Further Action.,"The Stewards reviewed positioning/marshalling system data, video and in-car video
evidence and determined that Cars 14, 18, 44 and 4 collided when they were
navigating Turn 1 of Lap 1. The collision resulted in damage to Car 14, 18 and
caused Car 4 to retire.
From the video evidence, it appeared that there were at least three collisions that
occurred – the first between Cars 14 & 18 and then between Car 44 and Car 14 and
finally between Car 18 and Car 4. While it appeared to us that the incidents began
with Cars 14 & 18, the sudden and fast arrival of Car 44 contributed to the various
collisions. However, we were not able to identify one or more drivers wholly or
predominantly to blame for the various collisions or any one of them.
Also keeping in mind that this was in Turn 1 of Lap 1 where greater latitude is given to
drivers for incidents, we took no further action.",,,,,,,,,,,,,,,,,,,
reviewer_b-fia-2024-mia-badde45f9141,reviewer_b,included_multi_party,fia-2024-mia-badde45f9141,2024-mia,2024,6,Miami Grand Prix,2024-05-05T00:00:00,Decision - Car 44 - Turn 1 incident with cars 14 18 4 and 44,https://www.fia.com/sites/default/files/decision-document/2024%20Miami%20Grand%20Prix%20-%20Decision%20-%20Car%2044%20-%20Turn%201%20incident%20with%20cars%2014%2018%204%20and%2044.pdf,2024-05-04T13:22:00-07:00,steward_decision,advertised,732aad514681afa09bcbc605aba20321bbde856aa88c834e235ce181740a031e,1,"2024 MIAMI GRAND PRIX
03 - 05 May 2024
The Stewards
From The Stewards
To The Team Manager,
Mercedes-AMG PETRONAS F1 Team
Document 47
Date 04 May 2024
Time 15:19
The Stewards, having received a report from the Race Director, have considered the following
matter and determine the following:
No / Driver 44 - Lewis Hamilton
Competitor Mercedes-AMG PETRONAS F1 Team
Time 12:03
Session Sprint
Fact Incident between cars 14, 18, 4 & 44 in Turn 1.
Infringement Alleged breach of Appendix L, Chapter IV, Article 2 d) of the International Sporting
Code.
Decision No Further Action.
Reason The Stewards reviewed positioning/marshalling system data, video and in-car video
evidence and determined that Cars 14, 18, 44 and 4 collided when they were
navigating Turn 1 of Lap 1. The collision resulted in damage to Car 14, 18 and
caused Car 4 to retire.
From the video evidence, it appeared that there were at least three collisions that
occurred – the first between Cars 14 & 18 and then between Car 44 and Car 14 and
finally between Car 18 and Car 4. While it appeared to us that the incidents began
with Cars 14 & 18, the sudden and fast arrival of Car 44 contributed to the various
collisions. However, we were not able to identify one or more drivers wholly or
predominantly to blame for the various collisions or any one of them.
Also keeping in mind that this was in Turn 1 of Lap 1 where greater latitude is given to
drivers for incidents, we took no further action.
Competitors are reminded that they have the right to appeal certain decisions of the
Stewards, in accordance with Article 15 of the FIA International Sporting Code and
Chapter 4 of the FIA Judicial and Disciplinary Rules, within the applicable time limits.
Decisions of the Stewards are taken independently of the FIA and are based solely
on the relevant regulations, guidelines and evidence presented.
Nish Shetty Andrew Mallalieu
Vitantonio Liuzzi Dennis Dean","Incident between cars 14, 18, 4 & 44 in Turn 1.","Alleged breach of Appendix L, Chapter IV, Article 2 d) of the International Sporting
Code.",No Further Action.,"The Stewards reviewed positioning/marshalling system data, video and in-car video
evidence and determined that Cars 14, 18, 44 and 4 collided when they were
navigating Turn 1 of Lap 1. The collision resulted in damage to Car 14, 18 and
caused Car 4 to retire.
From the video evidence, it appeared that there were at least three collisions that
occurred – the first between Cars 14 & 18 and then between Car 44 and Car 14 and
finally between Car 18 and Car 4. While it appeared to us that the incidents began
with Cars 14 & 18, the sudden and fast arrival of Car 44 contributed to the various
collisions. However, we were not able to identify one or more drivers wholly or
predominantly to blame for the various collisions or any one of them.
Also keeping in mind that this was in Turn 1 of Lap 1 where greater latitude is given to
drivers for incidents, we took no further action.",,,,,,,,,,,,,,,,,,,
reviewer_b-fia-2024-sgp-39cbcf562922,reviewer_b,stratified_exclusion_sample,fia-2024-sgp-39cbcf562922,2024-sgp,2024,18,Singapore Grand Prix,2024-09-22T00:00:00,Doc 34 - Infringement - Car 55 - Failure to follow Race Director's Instructions,https://www.fia.com/sites/default/files/decision-document/2024%20Singapore%20Grand%20Prix%20-%20Infringement%20-%20Car%2055%20-%20Failure%20to%20follow%20Race%20Director's%20Instructions.pdf,2024-09-21T09:45:00-07:00,steward_decision,advertised,0c014e91b100e4007fb53884d93d547b6e1caf136279675a4baa7396122c5fe6,1,"2024 SINGAPORE GRAND PRIX
20 - 22 September 2024
The Stewards
From The Stewards
To The Team Manager,
Scuderia Ferrari
Document 34
Date 21 September 2024
Time 23:39
The Stewards, having received a report from the Race Director, summoned (document 29) and
heard from the driver and team representative, have considered the following matter and determine
the following:
No / Driver 55 - Carlos Sainz
Competitor Scuderia Ferrari
Time 21:03
Session Qualifying
Fact Failure to follow the Race Director’s Event Notes.
Infringement Alleged breach of Article 12.2.1 i) of the International Sporting Code and
noncompliance with Race Director’s Event Note (item 17, document 3).
Decision Warning.
Reason The Stewards heard from the driver of Car 55 (Carlos Sainz), team representative
and reviewed, video, and in-car video evidence.
The driver failed to go around the bollard at Turn 3 having left the track at turn 2
during Q1. The driver explained that he left the track because he was out of control
and was concerned with regaining control and as it was qualifying know that his lap
time would be deleted.
Considering that the lap was deleted, which is a penalty and no advantage was gained
and no other driver impeded, the Stewards issue a warning.
Competitors are reminded that they have the right to appeal certain decisions of the
Stewards, in accordance with Article 15 of the FIA International Sporting Code and
Chapter 4 of the FIA Judicial and Disciplinary Rules, within the applicable time limits.
Decisions of the Stewards are taken independently of the FIA and are based solely
on the relevant regulations, guidelines and evidence presented.
Tim Mayer Mathieu Remmerie
Johnny Herbert Paul Ng",Failure to follow the Race Director’s Event Notes.,"Alleged breach of Article 12.2.1 i) of the International Sporting Code and
noncompliance with Race Director’s Event Note (item 17, document 3).",Warning.,"The Stewards heard from the driver of Car 55 (Carlos Sainz), team representative
and reviewed, video, and in-car video evidence.
The driver failed to go around the bollard at Turn 3 having left the track at turn 2
during Q1. The driver explained that he left the track because he was out of control
and was concerned with regaining control and as it was qualifying know that his lap
time would be deleted.
Considering that the lap was deleted, which is a penalty and no advantage was gained
and no other driver impeded, the Stewards issue a warning.",,,,,,,,,,,,,,,,,,,
reviewer_b-fia-2024-usa-1d5ba0527e94,reviewer_b,elevated_risk,fia-2024-usa-1d5ba0527e94,2024-usa,2024,19,United States Grand Prix,2024-10-20T00:00:00,Doc 66 - Infringement - Car 10 - Forcing another driver off the track,https://www.fia.com/sites/default/files/decision-document/2024%20United%20States%20Grand%20Prix%20-%20Infringement%20-%20Car%2010%20-%20Forcing%20another%20driver%20off%20the%20track.pdf,2024-10-20T15:08:00-07:00,steward_decision,advertised,ab85cd2949665973a1c0d5b8629da62916885c3c1976645ecf15e10cbce24d6c,1,"2024 UNITED STATES GRAND PRIX
18 - 20 October 2024
The Stewards
From The Stewards
To The Team Manager,
BWT Alpine F1 Team
Document 66
Date 20 October 2024
Time 15:32
The Stewards, having received a report from the Race Director, have considered the following
matter and determine the following:
No / Driver 10 - Pierre Gasly
Competitor BWT Alpine F1 Team
Time 14:51
Session Race
Fact Car 10 left the track at turn 15 and gained a lasting advantage.
Infringement Breach of Article 33.3 of the FIA Formula One Sporting Regulations.
Decision 5 second time penalty.
Reason The Stewards reviewed positioning/marshalling system data, video and in-car video
evidence.
Car 10 was overtaking Car 23 on the outside, was level with Car 23 at the apex but
fell back briefly prior to the exit of the turn. Therefore under the Driving Standards
Guidelines, Car 10 had lost the “right” to the corner. Accordingly as Car 10 left the
track and returned in front of Car 23, it is deemed to be a case of leaving the track
and gaining a lasting advantage.
A 5 second penalty is imposed instead of the 10 second penalty recommended in the
guidelines because the driver of Car 10 lost the right to the corner, albeit briefly, by
only a very small margin.
Competitors are reminded that they have the right to appeal certain decisions of the
Stewards, in accordance with Article 15 of the FIA International Sporting Code and
Chapter 4 of the FIA Judicial and Disciplinary Rules, within the applicable time limits.
Decisions of the Stewards are taken independently of the FIA and are based solely
on the relevant regulations, guidelines and evidence presented.
Garry Connelly Loïc Bacquelaine
Derek Warwick Dennis Dean",Car 10 left the track at turn 15 and gained a lasting advantage.,Breach of Article 33.3 of the FIA Formula One Sporting Regulations.,5 second time penalty.,"The Stewards reviewed positioning/marshalling system data, video and in-car video
evidence.
Car 10 was overtaking Car 23 on the outside, was level with Car 23 at the apex but
fell back briefly prior to the exit of the turn. Therefore under the Driving Standards
Guidelines, Car 10 had lost the “right” to the corner. Accordingly as Car 10 left the
track and returned in front of Car 23, it is deemed to be a case of leaving the track
and gaining a lasting advantage.
A 5 second penalty is imposed instead of the 10 second penalty recommended in the
guidelines because the driver of Car 10 lost the right to the corner, albeit briefly, by
only a very small margin.",,,,,,,,,,,,,,,,,,,
reviewer_b-fia-2025-abu-7281167dc058,reviewer_b,elevated_risk|stratified_exclusion_sample,fia-2025-abu-7281167dc058,2025-abu,2025,24,Abu Dhabi Grand Prix,2025-12-07T00:00:00,Doc 32 - Infringement - Car 12 - Unsafe Release From Garage,https://www.fia.com/system/files/decision-document/2025_abu_dhabi_grand_prix_-_infringement_-_car_12_-_unsafe_release_from_garage.pdf,2025-12-06T05:40:00-08:00,steward_decision,advertised,e9f1ffcdcb00a68bdd366d2c6cd386985881d5ec5d680fcad14ec69f4258647d,1,"2025 ABU DHABI GRAND PRIX
05 - 07 December 2025
The Stewards
From The Stewards
To The Team Manager,
Mercedes-AMG PETRONAS F1 Team
Document 32
Date 06 December 2025
Time 17:33
The Stewards, having received a report from the Race Director, summoned (documents 28 & 29)
and heard from the team representatives, have considered the following matter and determine the
following:
No / Driver 12 - Kimi Antonelli
Competitor Mercedes-AMG PETRONAS F1 Team
Time 15:11
Session Practice 3
Fact Car 12 was released from the garage into the path of Car 22, and collided with that
car causing damage to both cars
Infringement Breach of Article 34.14 a) of the FIA Formula One Sporting Regulations.
Decision The competitor (Mercedes-AMG PETRONAS F1 Team) is fined €10,000.
Reason The Stewards heard from the team representatives from Mercedes-AMG
PETRONAS F1 Team and Oracle Red Bull Racing and reviewed video, team radio
and in-car video evidence.
The competitor of Car 12 conceded that the team was in a “bit of a rush” due to the
prior red flag and also noted that there was no fault that could be attributed to the
driver, as he was following the instructions of the team.
The penalty applied is the same as that applied to a similar breach in this year’s
Singapore Grand Prix.
Competitors are reminded that they have the right to appeal certain decisions of the
Stewards, in accordance with Article 15 of the FIA International Sporting Code and
Chapter 4 of the FIA Judicial and Disciplinary Rules, within the applicable time limits.
Decisions of the Stewards are taken independently of the FIA and are based solely
on the relevant regulations, guidelines and evidence presented.

Garry Connelly Mathieu Remmerie
Derek Warwick Mohammed Al Hashmi","Car 12 was released from the garage into the path of Car 22, and collided with that
car causing damage to both cars",Breach of Article 34.14 a) of the FIA Formula One Sporting Regulations.,"The competitor (Mercedes-AMG PETRONAS F1 Team) is fined €10,000.","The Stewards heard from the team representatives from Mercedes-AMG
PETRONAS F1 Team and Oracle Red Bull Racing and reviewed video, team radio
and in-car video evidence.
The competitor of Car 12 conceded that the team was in a “bit of a rush” due to the
prior red flag and also noted that there was no fault that could be attributed to the
driver, as he was following the instructions of the team.
The penalty applied is the same as that applied to a similar breach in this year’s
Singapore Grand Prix.",,,,,,,,,,,,,,,,,,,
reviewer_b-fia-2025-aus-bd2f72b06a36,reviewer_b,stratified_exclusion_sample,fia-2025-aus-bd2f72b06a36,2025-aus,2025,1,Australian Grand Prix,2025-03-16T00:00:00,Doc 39 - Decision - Car 23 - Failing to maintain distance behind the Safety Car,https://www.fia.com/system/files/decision-document/2025_australian_grand_prix_-_decision_-_car_23_-_failing_to_maintain_distance_behind_the_safety_car_0.pdf,2025-03-15T22:25:00-07:00,steward_decision,advertised,20beca62c136750d29ef0471f09de4bc51f5bd8950a42db640ac6dda8aac5f96,1,"2025 AUSTRALIAN GRAND PRIX
14 - 16 March 2025
The Stewards
From The Stewards
To The Team Manager,
Atlassian Williams Racing
Document 39
Date 16 March 2025
Time 16:25
The Stewards, having received a report from the Race Director, have considered the following
matter and determine the following:
No / Driver 23 - Alexander Albon
Competitor Atlassian Williams Racing
Time 15:29
Session Race
Fact The driver of Car 23 failed to maintain a 10 car-length distance behind the Safety
Car.
Infringement Breach of Article 55.7 of the FIA Formula One Sporting Regulations.
Decision No penalty applied.
Reason The Stewards reviewed positioning/marshalling system data, video and in-car video
evidence.
Although the gap to the previous car exceeded the 10 car lengths prescribed in the
regulations, the Stewards considered the weather conditions and also that the correct
gap was restored well prior to the restart, as mitigating circumstances in this case.
Hence no penalty is applied.
Competitors are reminded that they have the right to appeal certain decisions of the
Stewards, in accordance with Article 15 of the FIA International Sporting Code and
Chapter 4 of the FIA Judicial and Disciplinary Rules, within the applicable time limits.
Decisions of the Stewards are taken independently of the FIA and are based solely
on the relevant regulations, guidelines and evidence presented.

Garry Connelly Gerd Ennser
Tanja Geilhausen Matthew Selley
Enrique Bernoldi","The driver of Car 23 failed to maintain a 10 car-length distance behind the Safety
Car.",Breach of Article 55.7 of the FIA Formula One Sporting Regulations.,No penalty applied.,"The Stewards reviewed positioning/marshalling system data, video and in-car video
evidence.
Although the gap to the previous car exceeded the 10 car lengths prescribed in the
regulations, the Stewards considered the weather conditions and also that the correct
gap was restored well prior to the restart, as mitigating circumstances in this case.
Hence no penalty is applied.",,,,,,,,,,,,,,,,,,,
reviewer_b-fia-2025-aut-08c6b846f05c,reviewer_b,elevated_risk|stratified_exclusion_sample,fia-2025-aut-08c6b846f05c,2025-aut,2025,11,Austrian Grand Prix,2025-06-29T00:00:00,Recalled - Doc 39 - Decision - Car 22 - Alleged causing a collision with Car 18,https://www.fia.com/documents/championships/fia-formula-one-world-championship-14/event/Austrian%20Grand%20Prix/season/season-2025-2071#recalled-doc-39,2025-06-29T08:29:00-07:00,steward_decision,advertised,,,None,None,None,None,None,,,,,,,,,,,,,,,,,,,
reviewer_b-fia-2025-aut-1b2cf15490ab,reviewer_b,included_multi_party,fia-2025-aut-1b2cf15490ab,2025-aut,2025,11,Austrian Grand Prix,2025-06-29T00:00:00,Doc 45 - Infringement - Car 12 - Causing a collision with car 1,https://www.fia.com/system/files/decision-document/2025_austrian_grand_prix_-_infringement_-_car_12_-_causing_a_collision_with_car_1.pdf,2025-06-29T09:44:00-07:00,steward_decision,advertised,ce6a5f0188aee67a456900768f5bf75a5cca602c5692694f4ffa3d63e0777ced,2,"2025 AUSTRIAN GRAND PRIX
27 - 29 June 2025
From The Stewards
To The Team Manager,
Mercedes-AMG PETRONAS F1 Team
Document 45
Date 29 June 2025
Time 17:43
The Stewards, having received a report from the Race Director, have considered the following
matter and determine the following:
No / Driver 12 - Kimi Antonelli
Competitor Mercedes-AMG PETRONAS F1 Team
Time 15:18
Session Race
Fact Car 12 caused a collision with Car 1 in Turn 3
Infringement Breach of Appendix L, Chapter IV, Article 2 d) of the FIA International Sporting Code.
Decision Drop of 3 grid positions for the next Race in which the driver participates.
2 penalty points (total of 2 for the 12 month period).
Reason The Stewards heard from the driver of Car 12 (Kimi Antonelli), the team
representative and reviewed video evidence.
The driver of Car 12 locked up the rear brakes into Turn 3 and collided with Car 1. In
the hearing the driver admitted that he made a mistake as he locked up the rear
wheels while using his regular braking point, but also pointed out that he needed to
avoid a collision with Car 30 in front of him and released the brakes for a short period
of time to do so. Taking evasive action led to the car having less grip on the dirty
inside line and therefore he was not able to decelerate the car in a way to avoid the
collision with Car 1.
The Stewards determine that, although the incident happened in Lap 1, no other cars
influenced the incident and the driver of Car 12 is fully at fault. Therefore the more
lenient approach to judging Lap 1 incidents has not been applied in this case.
However, they also acknowledge that the incident was not a blatant attempt to dive
into the corner but rather a result of the evasive action after locking up.
As the driver was not able to continue the race a grid drop for the next race is applied.
Competitors are reminded that they have the right to appeal certain decisions of the
Stewards, in accordance with Article 15 of the FIA International Sporting Code and
Chapter 4 of the FIA Judicial and Disciplinary Rules, within the applicable time limits.
Decisions of the Stewards are taken independently of the FIA and are based solely
on the relevant regulations, guidelines and evidence presented.




The Stewards

Felix Holter Garry Connelly
Derek Warwick Wilhelm Singer",Car 12 caused a collision with Car 1 in Turn 3,"Breach of Appendix L, Chapter IV, Article 2 d) of the FIA International Sporting Code.","Drop of 3 grid positions for the next Race in which the driver participates.
2 penalty points (total of 2 for the 12 month period).","The Stewards heard from the driver of Car 12 (Kimi Antonelli), the team
representative and reviewed video evidence.
The driver of Car 12 locked up the rear brakes into Turn 3 and collided with Car 1. In
the hearing the driver admitted that he made a mistake as he locked up the rear
wheels while using his regular braking point, but also pointed out that he needed to
avoid a collision with Car 30 in front of him and released the brakes for a short period
of time to do so. Taking evasive action led to the car having less grip on the dirty
inside line and therefore he was not able to decelerate the car in a way to avoid the
collision with Car 1.
The Stewards determine that, although the incident happened in Lap 1, no other cars
influenced the incident and the driver of Car 12 is fully at fault. Therefore the more
lenient approach to judging Lap 1 incidents has not been applied in this case.
However, they also acknowledge that the incident was not a blatant attempt to dive
into the corner but rather a result of the evasive action after locking up.
As the driver was not able to continue the race a grid drop for the next race is applied.",,,,,,,,,,,,,,,,,,,
reviewer_b-fia-2025-aut-3666395a2885,reviewer_b,elevated_risk,fia-2025-aut-3666395a2885,2025-aut,2025,11,Austrian Grand Prix,2025-06-29T00:00:00,Doc 46 - Decision - Car 22 - Alleged Forcing Car 18 off track,https://www.fia.com/system/files/decision-document/2025_austrian_grand_prix_-_decision_-_car_22_-_alleged_forcing_car_18_off_track.pdf,2025-06-29T10:51:00-07:00,steward_decision,advertised,46d2102968fb0de7c444e96fd19aa39e001091c336564a217c1f6b48c92ba3d0,1,"2025 AUSTRIAN GRAND PRIX
27 - 29 June 2025
The Stewards
From The Stewards
To The Team Manager,
Oracle Red Bull Racing
Document 46
Date 29 June 2025
Time 18:50
The Stewards, having received a report from the Race Director, have considered the following
matter and determine the following:
No / Driver 22 - Yuki Tsunoda
Competitor Oracle Red Bull Racing
Time 15:36
Session Race
Fact Car 22 allegedly forcing Car 18 off track in Turn 3.
Infringement Alleged breach Appendix L, Chapter IV, Article 2 b) of the FIA International Sporting
Code.
Decision No further action.
Reason The Stewards reviewed video evidence.
Car 22 overtook Car 18 on the inside in Turn 3. Car 22 had its front axle ahead of the
mirror of Car 18 prior to and at the apex, the driver was in full control of the car from
entry to apex and completed the overtake on track using a reasonable racing line.
The Steward determine that all applicable requirements of the Driving Standards
Guidelines have been fulfilled and take no further action.
Competitors are reminded that they have the right to appeal certain decisions of the
Stewards, in accordance with Article 15 of the FIA International Sporting Code and
Chapter 4 of the FIA Judicial and Disciplinary Rules, within the applicable time limits.
Decisions of the Stewards are taken independently of the FIA and are based solely
on the relevant regulations, guidelines and evidence presented.
Felix Holter Garry Connelly
Derek Warwick Wilhelm Singer",Car 22 allegedly forcing Car 18 off track in Turn 3.,"Alleged breach Appendix L, Chapter IV, Article 2 b) of the FIA International Sporting
Code.",No further action.,"The Stewards reviewed video evidence.
Car 22 overtook Car 18 on the inside in Turn 3. Car 22 had its front axle ahead of the
mirror of Car 18 prior to and at the apex, the driver was in full control of the car from
entry to apex and completed the overtake on track using a reasonable racing line.
The Steward determine that all applicable requirements of the Driving Standards
Guidelines have been fulfilled and take no further action.",,,,,,,,,,,,,,,,,,,
reviewer_b-fia-2025-aut-41aebded7db6,reviewer_b,published_case_study,fia-2025-aut-41aebded7db6,2025-aut,2025,11,Austrian Grand Prix,2025-06-29T00:00:00,Doc 40 - Infringement - Car 22 - Causing a collision with Car 43 in Turn 4,https://www.fia.com/system/files/decision-document/2025_austrian_grand_prix_-_infringement_-_car_22_-_causing_a_collision_with_car_43_in_turn_4.pdf,2025-06-29T08:30:00-07:00,steward_decision,advertised,ee5c3d8a68252daeb677f4ce860c7e97d63af89cc89d738f76f4a5c1b9fe39ee,1,"2025 AUSTRIAN GRAND PRIX
27 - 29 June 2025
The Stewards
From The Stewards
To The Team Manager,
Oracle Red Bull Racing
Document 40
Date 29 June 2025
Time 16:18
The Stewards, having received a report from the Race Director, have considered the following
matter and determine the following:
No / Driver 22 - Yuki Tsunoda
Competitor Oracle Red Bull Racing
Time 15:55
Session Race
Fact Causing a collision with Car 43 in Turn 4.
Infringement Breach of Appendix L, Chapter IV, Article 2 d) of the FIA International Sporting Code.
Decision 10 second time penalty.
2 penalty points (total of 4 for the 12 month period).
Reason The Stewards reviewed video evidence.
Car 22 attempted an overtake on the inside on Car 43 into Turn 4 and both cars
collided after the apex. The Stewards determine that the driver of Car 22 was fully at
fault as the front axle of Car 22 never got ahead of the mirrors of Car 43 before the
collision. Hence Car 22 did not have the right to the corner.
Competitors are reminded that they have the right to appeal certain decisions of the
Stewards, in accordance with Article 15 of the FIA International Sporting Code and
Chapter 4 of the FIA Judicial and Disciplinary Rules, within the applicable time limits.
Decisions of the Stewards are taken independently of the FIA and are based solely
on the relevant regulations, guidelines and evidence presented.
Felix Holter Garry Connelly
Derek Warwick Wilhelm Singer",Causing a collision with Car 43 in Turn 4.,"Breach of Appendix L, Chapter IV, Article 2 d) of the FIA International Sporting Code.","10 second time penalty.
2 penalty points (total of 4 for the 12 month period).","The Stewards reviewed video evidence.
Car 22 attempted an overtake on the inside on Car 43 into Turn 4 and both cars
collided after the apex. The Stewards determine that the driver of Car 22 was fully at
fault as the front axle of Car 22 never got ahead of the mirrors of Car 43 before the
collision. Hence Car 22 did not have the right to the corner.",,,,,,,,,,,,,,,,,,,
reviewer_b-fia-2025-aut-5f0b9bc97e16,reviewer_b,published_case_study,fia-2025-aut-5f0b9bc97e16,2025-aut,2025,11,Austrian Grand Prix,2025-06-29T00:00:00,Doc 38 - Decision - Car 43 - Alleged forcing another driver off of the track,https://www.fia.com/system/files/decision-document/2025_austrian_grand_prix_-_decision_-_car_43_-_alleged_forcing_another_driver_off_of_the_track.pdf,2025-06-29T08:35:00-07:00,steward_decision,advertised,23c839260445f245a908ecd4ae27c790925305ae9b01a87a26d3c3cfe445da89,1,"2025 AUSTRIAN GRAND PRIX
27 - 29 June 2025
The Stewards
From The Stewards
To The Team Manager,
BWT Alpine Formula 1 Team
Document 38
Date 29 June 2025
Time 16:14
The Stewards, having received a report from the Race Director, have considered the following
matter and determine the following:
No / Driver 43 - Franco Colapinto
Competitor BWT Alpine Formula 1 Team
Time 15:23
Session Race
Fact Allegedly forcing Car 87 off of the track in Turn 3
Infringement Alleged breach of Appendix L, Chapter IV, Article 2 b) of the International Sporting
Code.
Decision No further action.
Reason The Stewards reviewed video and in-car video evidence.
Car 87 attempted an overtake on the outside on Car 43 into Turn 3, but did not have
its front axle ahead of the front axle of Car 43 at the apex as required by the Driving
Standards Guidelines. Therefore the Stewards determine that Car 43 was entitled to
use the regular racing line without the necessity to leave space for Car 87 on the
outside and Car 87 had to concede.
Competitors are reminded that they have the right to appeal certain decisions of the
Stewards, in accordance with Article 15 of the FIA International Sporting Code and
Chapter 4 of the FIA Judicial and Disciplinary Rules, within the applicable time limits.
Decisions of the Stewards are taken independently of the FIA and are based solely
on the relevant regulations, guidelines and evidence presented.
Felix Holter Garry Connelly
Derek Warwick Wilhelm Singer",Allegedly forcing Car 87 off of the track in Turn 3,"Alleged breach of Appendix L, Chapter IV, Article 2 b) of the International Sporting
Code.",No further action.,"The Stewards reviewed video and in-car video evidence.
Car 87 attempted an overtake on the outside on Car 43 into Turn 3, but did not have
its front axle ahead of the front axle of Car 43 at the apex as required by the Driving
Standards Guidelines. Therefore the Stewards determine that Car 43 was entitled to
use the regular racing line without the necessity to leave space for Car 87 on the
outside and Car 87 had to concede.",,,,,,,,,,,,,,,,,,,
reviewer_b-fia-2025-aut-a1f29843f018,reviewer_b,included_multi_party,fia-2025-aut-a1f29843f018,2025-aut,2025,11,Austrian Grand Prix,2025-06-29T00:00:00,Doc 42 - Infringement - Car 43 - Forcing Car 81 off Track,https://www.fia.com/system/files/decision-document/2025_austrian_grand_prix_-_infringement_-_car_43_-_forcing_car_81_off_track.pdf,2025-06-29T09:07:00-07:00,steward_decision,advertised,d9294d0c5f1b1e94025564a55ced5d0967c2888281b8759d8161a1399b5a4ed3,1,"2025 AUSTRIAN GRAND PRIX
27 - 29 June 2025
The Stewards
From The Stewards
To The Team Manager,
BWT Alpine Formula 1 Team
Document 42
Date 29 June 2025
Time 16:46
The Stewards, having received a report from the Race Director, have considered the following
matter and determine the following:
No / Driver 43 - Franco Colapinto
Competitor BWT Alpine Formula 1 Team
Time 16:22
Session Race
Fact Car 43 forcing Car 81 off of the track between Turns 3 and 4.
Infringement Breach of Appendix L, Chapter IV, Article 2 b) of the International Sporting Code.
Decision 5 second time penalty.
1 penalty point (total of 3 for the 12 month period).
Reason The Stewards reviewed video evidence.
Car 43 was fighting for position with Car 22 in Turn 3 when Car 81 was closing in
after doing a pit stop. The team informed the driver of Car 43 about blue flags for Car
81. However, after exiting Turn 3, Car 43 forced Car 81 off track on the inside.
The Stewards acknowledge that it was very hard for the driver of Car 43 to see Car
81 due to the position of Car 22 in Turn 3 and take this into account in mitigation.
Competitors are reminded that they have the right to appeal certain decisions of the
Stewards, in accordance with Article 15 of the FIA International Sporting Code and
Chapter 4 of the FIA Judicial and Disciplinary Rules, within the applicable time limits.
Decisions of the Stewards are taken independently of the FIA and are based solely
on the relevant regulations, guidelines and evidence presented.
Felix Holter Garry Connelly
Derek Warwick Wilhelm Singer",Car 43 forcing Car 81 off of the track between Turns 3 and 4.,"Breach of Appendix L, Chapter IV, Article 2 b) of the International Sporting Code.","5 second time penalty.
1 penalty point (total of 3 for the 12 month period).","The Stewards reviewed video evidence.
Car 43 was fighting for position with Car 22 in Turn 3 when Car 81 was closing in
after doing a pit stop. The team informed the driver of Car 43 about blue flags for Car
81. However, after exiting Turn 3, Car 43 forced Car 81 off track on the inside.
The Stewards acknowledge that it was very hard for the driver of Car 43 to see Car
81 due to the position of Car 22 in Turn 3 and take this into account in mitigation.",,,,,,,,,,,,,,,,,,,
reviewer_b-fia-2025-bhr-0a2f17bbda7b,reviewer_b,stratified_exclusion_sample,fia-2025-bhr-0a2f17bbda7b,2025-bhr,2025,4,Bahrain Grand Prix,2025-04-13T00:00:00,Doc 18 - Infringement - Car 23 - Impeding of Car 46,https://www.fia.com/system/files/decision-document/2025_bahrain_grand_prix_-_infringement_-_car_23_-_impeding_of_car_46.pdf,2025-04-11T09:00:00-07:00,steward_decision,advertised,60abe95ef81ff5c8b85fa91226d80d68a4f77d70c739f53eb6e169fab146f625,2,"2025 BAHRAIN GRAND PRIX
11 - 13 April 2025
From The Stewards
To The Team Manager,
Atlassian Williams Racing
Document 18
Date 11 April 2025
Time 17:58
The Stewards, having received a report from the Race Director, summoned (documents 14 & 15)
and heard from the driver of Car 23 and team representative, have considered the following matter
and determine the following:
No / Driver 23 - Alexander Albon
Competitor Atlassian Williams Racing
Session Practice 1
Fact Car 23 unnecessarily impeded Car 46 in turn 13.
Infringement Breach of Article 37.5 of the FIA Formula One Sporting Regulations.
Decision The competitor (Atlassian Williams Racing) is fined €7,500.
Reason The Stewards heard from the driver of Car 23 (Alexander Albon) and the team
representative and reviewed positioning/marshalling system data, video, telemetry,
timing, team radio and in-car video evidence.
The driver stated that he had no warning of the approach of Car 46 and that it was
impossible to see its approach in his mirrors due to the speed of the approach and
the angle of the car, and the presence of a third car (Car 34 Felipe Drugovich).
The team representative stated that the engineers responsible for monitoring the
situation were “both distracted” and failed to provide the necessary warning.
In mitigation of penalty, the Stewards took into account the fact that Car 46 was on an
out lap and not a push lap however the situation could have been quite serious in view
of the high speed delta.
Based on previous cases, the above penalty is imposed on the competitor.
Competitors are reminded that they have the right to appeal certain decisions of the
Stewards, in accordance with Article 15 of the FIA International Sporting Code and
Chapter 4 of the FIA Judicial and Disciplinary Rules, within the applicable time limits.
Decisions of the Stewards are taken independently of the FIA and are based solely
on the relevant regulations, guidelines and evidence presented.





The Stewards
Garry Connelly Mathieu Remmerie
Vitantonio Liuzzi Mazen Al Hilli",Car 23 unnecessarily impeded Car 46 in turn 13.,Breach of Article 37.5 of the FIA Formula One Sporting Regulations.,"The competitor (Atlassian Williams Racing) is fined €7,500.","The Stewards heard from the driver of Car 23 (Alexander Albon) and the team
representative and reviewed positioning/marshalling system data, video, telemetry,
timing, team radio and in-car video evidence.
The driver stated that he had no warning of the approach of Car 46 and that it was
impossible to see its approach in his mirrors due to the speed of the approach and
the angle of the car, and the presence of a third car (Car 34 Felipe Drugovich).
The team representative stated that the engineers responsible for monitoring the
situation were “both distracted” and failed to provide the necessary warning.
In mitigation of penalty, the Stewards took into account the fact that Car 46 was on an
out lap and not a push lap however the situation could have been quite serious in view
of the high speed delta.
Based on previous cases, the above penalty is imposed on the competitor.",,,,,,,,,,,,,,,,,,,
reviewer_b-fia-2025-bhr-ab278801b35b,reviewer_b,elevated_risk|stratified_exclusion_sample,fia-2025-bhr-ab278801b35b,2025-bhr,2025,4,Bahrain Grand Prix,2025-04-13T00:00:00,Recalled - Doc 48 - Infringement - Car 55 - Forcing another driver off the track,https://www.fia.com/documents/championships/fia-formula-one-world-championship-14/event/Bahrain%20Grand%20Prix/season/season-2025-2071#recalled-doc-48,2025-04-13T11:58:00-07:00,steward_decision,advertised,,,None,None,None,None,None,,,,,,,,,,,,,,,,,,,
reviewer_b-fia-2025-bhr-fadfd5ceb9c2,reviewer_b,elevated_risk,fia-2025-bhr-fadfd5ceb9c2,2025-bhr,2025,4,Bahrain Grand Prix,2025-04-13T00:00:00,Doc 53 - Infringement - Car 55 - Forcing another driver off the track (Corrected),https://www.fia.com/system/files/decision-document/2025_bahrain_grand_prix_-_infringement_-_car_55_-_forcing_another_driver_off_the_track_corrected.pdf,2025-04-13T12:37:00-07:00,steward_decision,advertised,d429a6905a06abb6906227825d29afd8480dc9b8d20a86ae6bd9c79cf4fa0a2f,1,"2025 BAHRAIN GRAND PRIX
11 - 13 April 2025
The Stewards
From The Stewards
To The Team Manager,
Atlassian Williams Racing
Document 53
Date 13 April 2025
Time 21:35
The Stewards, having received a report from the Race Director, have considered the following
matter and determine the following:
No / Driver 55 - Carlos Sainz
Competitor Atlassian Williams Racing
Time 19:05
Session Race
Fact Car 55 forced Car 12 off the track at turn 10.
Infringement Breach of Appendix L, Chapter IV, Article 2 b) of the International Sporting Code.
Decision 10 second time penalty.
2 penalty points (total of 3 for the 12 month period).
Reason The Stewards reviewed positioning/marshalling system data, video, and in-car video
evidence.
At the entry to Turn 10 Car 55 locked the front wheels and understeered towards Car
12, missing the apex and forcing Car 12 off the track. Car 12 lost two positions as a
result.
Competitors are reminded that they have the right to appeal certain decisions of the
Stewards, in accordance with Article 15 of the FIA International Sporting Code and
Chapter 4 of the FIA Judicial and Disciplinary Rules, within the applicable time limits.
Decisions of the Stewards are taken independently of the FIA and are based solely
on the relevant regulations, guidelines and evidence presented.

Garry Connelly Mathieu Remmerie
Vitantonio Liuzzi Mazen Al Hilli",Car 55 forced Car 12 off the track at turn 10.,"Breach of Appendix L, Chapter IV, Article 2 b) of the International Sporting Code.","10 second time penalty.
2 penalty points (total of 3 for the 12 month period).","The Stewards reviewed positioning/marshalling system data, video, and in-car video
evidence.
At the entry to Turn 10 Car 55 locked the front wheels and understeered towards Car
12, missing the apex and forcing Car 12 off the track. Car 12 lost two positions as a
result.",,,,,,,,,,,,,,,,,,,
reviewer_b-fia-2025-can-621572ee797e,reviewer_b,elevated_risk|stratified_exclusion_sample,fia-2025-can-621572ee797e,2025-can,2025,10,Canadian Grand Prix,2025-06-15T00:00:00,Doc 63 - Infringement - Car 87 - Failure to follow Race Director's instructions (Corrected),https://www.fia.com/system/files/decision-document/2025_canadian_grand_prix_-_infringement_-_car_87_-_failure_to_follow_race_directors_instructions_corrected.pdf,2025-06-15T18:17:00-07:00,steward_decision,advertised,1cab4bc12ca96a66d5f82a29a140ab07115119ae54841e156afae21a70febcbf,2,"2025 CANADIAN GRAND PRIX
13 - 15 June 2025
From The Stewards
To The Team Manager,
MoneyGram Haas F1 Team
Document 63
Date 15 June 2025
Time 20:16
The Stewards, having received a report from the Race Director, summoned (document 51) and
heard from the driver and team representative, have considered the following matter and determine
the following:
No / Driver 87 - Oliver Bearman
Competitor MoneyGram Haas F1 Team
Time 15:14
Session Race
Fact Failure to follow Race Directors instructions.
Infringement Breach of Article 12.2.1 i) of the FIA International Sporting Code.
Decision Driver: Warning.
Reason The Stewards heard from the driver of Car 87 (Oliver Bearman), team representative
and reviewed video and in-car video evidence.
The Event Notes instructed drivers that if they left the track at T13 they were required
to drive through the escape area and only re-enter after T14 after the end of an
orange line running parallel to the track after T14.
Car 87 was attempting to overtake Car 43 (Franco Colapinto) on the outside at T13.
He was unable to complete the overtake on track and drove through the run-off area
and when rejoining the right wheels of his car crossed the end of the orange line. He
fell in behind Car 43 so the relative positions of the cars was unchanged.
The driver of Car 87 explained that because of the trajectory of his car he had no
choice but to clip the end of the orange line. Had he taken a different line the angle at
which we would have rejoined would potentially have been unsafe for Car 43. He also
pointed out that the run-off area was dirty with limited grip. However, he accepted that
he could have reduced speed through the run-off area.
We determined that Car 87 could have done more to avoid running over the orange
line but he did not do so in an unsafe manner and gained no advantage. In the
cirucmstances we imposed a warning on the driver of Car 87.
Competitors are reminded that they have the right to appeal certain decisions of the
Stewards, in accordance with Article 15 of the FIA International Sporting Code and
Chapter 4 of the FIA Judicial and Disciplinary Rules, within the applicable time limits.
Decisions of the Stewards are taken independently of the FIA and are based solely
on the relevant regulations, guidelines and evidence presented.

The Stewards
Gerd Ennser Matthew Selley
Natalie Corsmit Enrique Bernoldi
Marcel Demers",Failure to follow Race Directors instructions.,Breach of Article 12.2.1 i) of the FIA International Sporting Code.,Driver: Warning.,"The Stewards heard from the driver of Car 87 (Oliver Bearman), team representative
and reviewed video and in-car video evidence.
The Event Notes instructed drivers that if they left the track at T13 they were required
to drive through the escape area and only re-enter after T14 after the end of an
orange line running parallel to the track after T14.
Car 87 was attempting to overtake Car 43 (Franco Colapinto) on the outside at T13.
He was unable to complete the overtake on track and drove through the run-off area
and when rejoining the right wheels of his car crossed the end of the orange line. He
fell in behind Car 43 so the relative positions of the cars was unchanged.
The driver of Car 87 explained that because of the trajectory of his car he had no
choice but to clip the end of the orange line. Had he taken a different line the angle at
which we would have rejoined would potentially have been unsafe for Car 43. He also
pointed out that the run-off area was dirty with limited grip. However, he accepted that
he could have reduced speed through the run-off area.
We determined that Car 87 could have done more to avoid running over the orange
line but he did not do so in an unsafe manner and gained no advantage. In the
cirucmstances we imposed a warning on the driver of Car 87.",,,,,,,,,,,,,,,,,,,
reviewer_b-fia-2025-chn-bbc2ce00c717,reviewer_b,stratified_exclusion_sample,fia-2025-chn-bbc2ce00c717,2025-chn,2025,2,Chinese Grand Prix,2025-03-23T00:00:00,Doc 75 - Infringement - Car 22 - Practice Start,https://www.fia.com/system/files/decision-document/2025_chinese_grand_prix_-_infringement_-_car_22_-_practice_start.pdf,2025-03-23T02:23:00-07:00,steward_decision,advertised,804f74d8da7cbcd302570605050e76acba60376cd6b99c6b4fcd2d55d8d0ead1,1,"2025 CHINESE GRAND PRIX
21 - 23 March 2025
The Stewards
From The Stewards
To The Team Manager,
Visa Cash App Racing Bulls F1 Team
Document 75
Date 23 March 2025
Time 17:19
The Stewards, having received a report from the Race Director, have considered the following
matter and determine the following:
No / Driver 22 - Yuki Tsunoda
Competitor Visa Cash App Racing Bulls F1 Team
Time 14:26
Session Reconnaissance Laps
Fact Practice start position
Infringement Breach of Article 12.2.1 i) of the International Sporting Code and non-compliance with
Race Director’s Event Note (item 10, document 59) - Practice start infringement.
Decision Warning.
Reason The Stewards reviewed positioning/marshalling system data, video and in-car video
evidence and determined that Car 22 was out of position when conducting a practice
start compared with where the Race Director’s Event Note required such starts to be
made.
Reconnaissance laps are treated as laps within a practice session (as opposed to
the Race). No other cars were affected nor was this done in a dangerous manner.
We therefore administer a warning.
Competitors are reminded that they have the right to appeal certain decisions of the
Stewards, in accordance with Article 15 of the FIA International Sporting Code and
Chapter 4 of the FIA Judicial and Disciplinary Rules, within the applicable time limits.
Decisions of the Stewards are taken independently of the FIA and are based solely
on the relevant regulations, guidelines and evidence presented.
Nish Shetty Gerd Ennser
Matthew Selley Pedro Lamy
Zheng Honghai",Practice start position,"Breach of Article 12.2.1 i) of the International Sporting Code and non-compliance with
Race Director’s Event Note (item 10, document 59) - Practice start infringement.",Warning.,"The Stewards reviewed positioning/marshalling system data, video and in-car video
evidence and determined that Car 22 was out of position when conducting a practice
start compared with where the Race Director’s Event Note required such starts to be
made.
Reconnaissance laps are treated as laps within a practice session (as opposed to
the Race). No other cars were affected nor was this done in a dangerous manner.
We therefore administer a warning.",,,,,,,,,,,,,,,,,,,
reviewer_b-fia-2025-esp-f89ab19eeac5,reviewer_b,elevated_risk,fia-2025-esp-f89ab19eeac5,2025-esp,2025,9,Spanish Grand Prix,2025-06-01T00:00:00,Doc 43 - Decision - Car 30 - Alleged collision with Car 87,https://www.fia.com/system/files/decision-document/2025_spanish_grand_prix_-_decision_-_car_30_-_alleged_collision_with_car_87.pdf,2025-06-01T10:46:00-07:00,steward_decision,advertised,a88f4e7899e9786dc0717b1b1b38de8c0325b378ad9afffd7d037f12baf9b579,1,"2025 SPANISH GRAND PRIX
30 May - 01 June 2025
The Stewards
From The Stewards
To The Team Manager,
Visa Cash App Racing Bulls F1 Team
Document 43
Date 01 June 2025
Time 18:40
The Stewards, having received a report from the Race Director, have considered the following
matter and determine the following:
No / Driver 30 - Liam Lawson
Competitor Visa Cash App Racing Bulls F1 Team
Time 15:45
Session Race
Fact Car 30 collided with Car 87 and forced Car 87 off the track at turn 1.
Infringement Alleged breach of Appendix L, Chapter IV, Articles 2 b) and 2 d) of the FIA
International Sporting Code.
Decision No further action.
Reason The Stewards reviewed positioning/marshalling system data, video, timing and in-car
video evidence and determined that Car 30 (Lawson) was attempting to overtake Car
87 (Bearman) on the inside of Turn 1. Car 30 was no where near the mirror of Car 87
at the apex.
There was minor contact between the two cars during this attempt and Car 87 took
the escape road. Both cars maintained their respective positions before the minor
collision. We therefore determined this to be a racing incident and took no further
action.

Competitors are reminded that they have the right to appeal certain decisions of the
Stewards, in accordance with Article 15 of the FIA International Sporting Code and
Chapter 4 of the FIA Judicial and Disciplinary Rules, within the applicable time limits.


Decisions of the Stewards are taken independently of the FIA and are based solely
on the relevant regulations, guidelines and evidence presented.
Nish Shetty Matthew Selley
Vitantonio Liuzzi David Domingo",Car 30 collided with Car 87 and forced Car 87 off the track at turn 1.,"Alleged breach of Appendix L, Chapter IV, Articles 2 b) and 2 d) of the FIA
International Sporting Code.",No further action.,"The Stewards reviewed positioning/marshalling system data, video, timing and in-car
video evidence and determined that Car 30 (Lawson) was attempting to overtake Car
87 (Bearman) on the inside of Turn 1. Car 30 was no where near the mirror of Car 87
at the apex.
There was minor contact between the two cars during this attempt and Car 87 took
the escape road. Both cars maintained their respective positions before the minor
collision. We therefore determined this to be a racing incident and took no further
action.",,,,,,,,,,,,,,,,,,,
reviewer_b-fia-2025-hun-f1ff0743742b,reviewer_b,elevated_risk,fia-2025-hun-f1ff0743742b,2025-hun,2025,14,Hungarian Grand Prix,2025-08-03T00:00:00,Doc 42 - Decision - Car 1 - Alleged forcing another driver off of the track,https://www.fia.com/system/files/decision-document/2025_hungarian_grand_prix_-_decision_-_car_1_-_alleged_forcing_another_driver_off_of_the_track.pdf,2025-08-03T10:38:00-07:00,steward_decision,advertised,a44baa290329c750de992092e99f0db0f0d4eb4846f07c2298a0960760ef60ea,2,"2025 HUNGARIAN GRAND PRIX
01 - 03 August 2025
From The Stewards
To The Team Manager,
Oracle Red Bull Racing
Document 42
Date 03 August 2025
Time 18:22
The Stewards, having received a report from the Race Director, summoned (documents 35 & 36)
and heard from the drivers and team representatives, have considered the following matter and
determine the following:
No / Driver 1 - Max Verstappen
Competitor Oracle Red Bull Racing
Time 15:42
Session Race
Infringement Alleged breach of Appendix L, Chapter IV, Article 2 b) of the International Sporting
Code.
Decision No further action.
Reason The Stewards heard from the driver of Car 1 (Max Verstappen), team
representatives and video and in-car video evidence. The driver of Car 44 (Lewis
Hamilton) waived his right to attend the hearing.
The driver of Car 1 stated during the hearing that he had gained some momentum on
Car 44 out of Turn 3 with fresher tyres and used this momentum to make a move on
the inside into Turn 4. He further elaborated that he was in full control of his car and
could have stayed further to the inside to leave space for Car 44 on the exit.
However he said, as Car 44 had gone off track, he elected to use all of the track on
the exit.
The team representative of Car 44 confirmed that there was no contact between both
cars and further stated that the driver of Car 44 chose not to attempt to remain on
track.
Taking all this into account, the Stewards determine that there was no contact and
that the incident does not qualify as forcing another car off track despite the
ambitious nature of the overtaking attempt and take no further action.
Competitors are reminded that they have the right to appeal certain decisions of the
Stewards, in accordance with Article 15 of the FIA International Sporting Code and
Chapter 4 of the FIA Judicial and Disciplinary Rules, within the applicable time limits.
Decisions of the Stewards are taken independently of the FIA and are based solely
on the relevant regulations, guidelines and evidence presented.



The Stewards
Felix Holter Matthew Selley
Derek Warwick István Moni",None,"Alleged breach of Appendix L, Chapter IV, Article 2 b) of the International Sporting
Code.",No further action.,"The Stewards heard from the driver of Car 1 (Max Verstappen), team
representatives and video and in-car video evidence. The driver of Car 44 (Lewis
Hamilton) waived his right to attend the hearing.
The driver of Car 1 stated during the hearing that he had gained some momentum on
Car 44 out of Turn 3 with fresher tyres and used this momentum to make a move on
the inside into Turn 4. He further elaborated that he was in full control of his car and
could have stayed further to the inside to leave space for Car 44 on the exit.
However he said, as Car 44 had gone off track, he elected to use all of the track on
the exit.
The team representative of Car 44 confirmed that there was no contact between both
cars and further stated that the driver of Car 44 chose not to attempt to remain on
track.
Taking all this into account, the Stewards determine that there was no contact and
that the incident does not qualify as forcing another car off track despite the
ambitious nature of the overtaking attempt and take no further action.",,,,,,,,,,,,,,,,,,,
reviewer_b-fia-2025-jpn-566ac4206df4,reviewer_b,stratified_exclusion_sample,fia-2025-jpn-566ac4206df4,2025-jpn,2025,3,Japanese Grand Prix,2025-04-06T00:00:00,Doc 49 - Infringement - Car 55 - Late attendance of National Anthem,https://www.fia.com/system/files/decision-document/2025_japanese_grand_prix_-_infringement_-_car_55_-_late_attendance_of_national_anthem.pdf,2025-04-06T02:26:00-07:00,steward_decision,advertised,99f6d968cb25f773d06d43bde7d61ccbdd5e3ee48568428357352f09acf62652,2,"2025 JAPANESE GRAND PRIX
04 - 06 April 2025
From The Stewards
To The Team Manager,
Atlassian Williams Racing
Document 49
Date 06 April 2025
Time 17:25
The Stewards, having received a report from the Media Delegate, summoned (document 46) and
heard from the driver, Dr Messina of Med-Ex, and the team representative, have considered the
following matter and determine the following:
No / Driver 55 - Carlos Sainz
Competitor Atlassian Williams Racing
Time 13:44
Session Pre-race
Fact The driver was not in place for the National Anthem at the specified time of 1344hrs.
Infringement Breach of Article 19.4 b) of the FIA Formula One Sporting Regulations.
Decision The Driver Carlos Sainz is fined €20,000 of which €10,000 is suspended for a period
of 12 months subject to there being no further breach of the above Article 19.4.b)
during that period.
Reason The Stewards heard from the driver of Car 55 (Carlos Sainz), the team
representative and Dr Messina of Med-Ex, and reviewed video evidence.
The Driver arrived at the National Anthem Position after the Anthem had commenced.
During the Drivers’ Briefing on Friday all drivers were reminded of the requirement to
be in position by the time prescribed in the regulations and the need to show respect
for the host country’s Anthem.
It is noted that the Penalty Guidelines prescribed in Appendix B of the FIA
International Sporting Code, list a penalty for this offence, of €60,000. However in
mitigation, the Driver stated that just prior to the Anthem, he experienced discomfort
due a stomach issue which delayed his appearance on the grid. This was verified by
Dr Messina of Med-Ex who confirmed the issue and stated he had provided
appropriate medication for the Driver.
Notwithstanding the above, displaying respect for the National Anthem is a high
priority and all parties need to consider every eventuality in planning to be in position
for the Anthem by the required time. Hence a penalty similar to that imposed for a
similar breach in Canada in 2024, is imposed.
Competitors are reminded that they have the right to appeal certain decisions of the
Stewards, in accordance with Article 15 of the FIA International Sporting Code and
Chapter 4 of the FIA Judicial and Disciplinary Rules, within the applicable time limits.




The Stewards
Decisions of the Stewards are taken independently of the FIA and are based solely
on the relevant regulations, guidelines and evidence presented.

Garry Connelly Mathieu Remmerie
Pedro Lamy Kazuhiro Tsuge",The driver was not in place for the National Anthem at the specified time of 1344hrs.,Breach of Article 19.4 b) of the FIA Formula One Sporting Regulations.,"The Driver Carlos Sainz is fined €20,000 of which €10,000 is suspended for a period
of 12 months subject to there being no further breach of the above Article 19.4.b)
during that period.","The Stewards heard from the driver of Car 55 (Carlos Sainz), the team
representative and Dr Messina of Med-Ex, and reviewed video evidence.
The Driver arrived at the National Anthem Position after the Anthem had commenced.
During the Drivers’ Briefing on Friday all drivers were reminded of the requirement to
be in position by the time prescribed in the regulations and the need to show respect
for the host country’s Anthem.
It is noted that the Penalty Guidelines prescribed in Appendix B of the FIA
International Sporting Code, list a penalty for this offence, of €60,000. However in
mitigation, the Driver stated that just prior to the Anthem, he experienced discomfort
due a stomach issue which delayed his appearance on the grid. This was verified by
Dr Messina of Med-Ex who confirmed the issue and stated he had provided
appropriate medication for the Driver.
Notwithstanding the above, displaying respect for the National Anthem is a high
priority and all parties need to consider every eventuality in planning to be in position
for the Anthem by the required time. Hence a penalty similar to that imposed for a
similar breach in Canada in 2024, is imposed.",,,,,,,,,,,,,,,,,,,
reviewer_b-fia-2025-lvs-930d412442e7,reviewer_b,included_multi_party,fia-2025-lvs-930d412442e7,2025-lvs,2025,22,Las Vegas Grand Prix,2025-11-22T00:00:00,Doc 47 - Decision - Car 30 - Turn 1 incident with Car 81,https://www.fia.com/system/files/decision-document/2025_las_vegas_grand_prix_-_decision_-_car_30_-_turn_1_incident_with_car_81.pdf,2025-11-22T20:59:00-08:00,steward_decision,advertised,5b4cfee176951b251d3577b2701442a35d0b7c098c8d3f7d4e13c54010a365c2,1,"2025 LAS VEGAS GRAND PRIX
20 - 22 November 2025
The Stewards
From The Stewards
To The Team Manager,
Visa Cash App Racing Bulls F1 Team
Document 47
Date 22 November 2025
Time 20:47
The Stewards, having received a report from the Race Director, have considered the following
matter and determine the following:
No / Driver 30 - Liam Lawson
Competitor Visa Cash App Racing Bulls F1 Team
Time 20:04
Session Race
Fact Turn 1 incident with car 81
Infringement Alleged breach of Appendix L, Chapter IV, Article 2 d) of the FIA International
Sporting Code.
Decision No further action
Reason The Stewards reviewed positioning/marshalling system data, video, timing, and in-car
video evidence.
Car 30 made a move to the right and collided with Car 81 however in mitigation Car
30 made the move to avoid colliding with the rear of Car 63 whose driver locked up to
avoid a collision with Car 55.
In view of this and the fact that this was on Lap 1 Turn 1, we determine no further
action.
Competitors are reminded that they have the right to appeal certain decisions of the
Stewards, in accordance with Article 15 of the FIA International Sporting Code and
Chapter 4 of the FIA Judicial and Disciplinary Rules, within the applicable time limits.
Decisions of the Stewards are taken independently of the FIA and are based solely
on the relevant regulations, guidelines and evidence presented.
Garry Connelly Loïc Bacquelaine
Vitantonio Liuzzi Steve Pence",Turn 1 incident with car 81,"Alleged breach of Appendix L, Chapter IV, Article 2 d) of the FIA International
Sporting Code.",No further action,"The Stewards reviewed positioning/marshalling system data, video, timing, and in-car
video evidence.
Car 30 made a move to the right and collided with Car 81 however in mitigation Car
30 made the move to avoid colliding with the rear of Car 63 whose driver locked up to
avoid a collision with Car 55.
In view of this and the fact that this was on Lap 1 Turn 1, we determine no further
action.",,,,,,,,,,,,,,,,,,,
reviewer_b-fia-2025-mco-6f59e264b0c0,reviewer_b,stratified_exclusion_sample,fia-2025-mco-6f59e264b0c0,2025-mco,2025,8,Monaco Grand Prix,2025-05-25T00:00:00,Doc 17 - Infringement - Car 18 - Incident with Car 16 in Turn 6,https://www.fia.com/system/files/decision-document/2025_monaco_grand_prix_-_infringement_-_car_18_-_incident_with_car_16_in_turn_6.pdf,2025-05-23T07:37:00-07:00,steward_decision,advertised,a3df130b5dae5fa52b36b31f92c24d5da350ea06ad6ba08025d7b4d3ee62470c,1,"2025 MONACO GRAND PRIX
23 - 25 May 2025
The Stewards
From The Stewards
To The Team Manager,
Aston Martin Aramco F1 Team
Document 17
Date 23 May 2025
Time 15:36
The Stewards, having received a report from the Race Director, summoned (documents 14 & 15)
and heard from the drivers and team representatives, have considered the following matter and
determine the following:
No / Driver 18 - Lance Stroll
Competitor Aston Martin Aramco F1 Team
Time 13:36
Fact Collision between Car 18 and Car 16 at Turn 6.
Infringement Breach of Appendix L, Chapter IV, Article 2 d) of the FIA International Sporting Code.
Decision Drop of 1 grid position for the next Race in which the driver participates.
1 penalty point (total of 3 for the 12 month period).
Reason The Stewards heard from the driver of Car 18 (Lance Stroll), the driver of Car 16
(Charles Leclerc), team representatives and reviewed positioning/marshalling system
data, video, timing, team radio and in-car video evidence and determined that Car 18
cut across the path of Car 16 at Turn 6 causing Car 16 to collide into Car 18. Car 16
suffered damage as a result.
The driver of Car 18 stated that although the team warned him of the arrival of Car
16, he did not hear the radio message and that led to the incident. We considered
that Car 18 was wholly to blame for the collision. Car 16 was not in a position to avoid
the collision that took place.
In the circumstances, we imposed a 1 grid position penalty for the Race and 1 penalty
point.
Competitors are reminded that they have the right to appeal certain decisions of the
Stewards, in accordance with Article 15 of the FIA International Sporting Code and
Chapter 4 of the FIA Judicial and Disciplinary Rules, within the applicable time limits.
Decisions of the Stewards are taken independently of the FIA and are based solely
on the relevant regulations, guidelines and evidence presented.

Nish Shetty Loïc Bacquelaine
Vitantonio Liuzzi Jean-François Calmes",Collision between Car 18 and Car 16 at Turn 6.,"Breach of Appendix L, Chapter IV, Article 2 d) of the FIA International Sporting Code.","Drop of 1 grid position for the next Race in which the driver participates.
1 penalty point (total of 3 for the 12 month period).","The Stewards heard from the driver of Car 18 (Lance Stroll), the driver of Car 16
(Charles Leclerc), team representatives and reviewed positioning/marshalling system
data, video, timing, team radio and in-car video evidence and determined that Car 18
cut across the path of Car 16 at Turn 6 causing Car 16 to collide into Car 18. Car 16
suffered damage as a result.
The driver of Car 18 stated that although the team warned him of the arrival of Car
16, he did not hear the radio message and that led to the incident. We considered
that Car 18 was wholly to blame for the collision. Car 16 was not in a position to avoid
the collision that took place.
In the circumstances, we imposed a 1 grid position penalty for the Race and 1 penalty
point.",,,,,,,,,,,,,,,,,,,
reviewer_b-fia-2025-mia-9235f97f25a1,reviewer_b,stratified_exclusion_sample,fia-2025-mia-9235f97f25a1,2025-mia,2025,6,Miami Grand Prix,2025-05-04T00:00:00,Doc 20 - Infringement - Car 31 - Impeding car 4,https://www.fia.com/system/files/decision-document/2025_miami_grand_prix_-_infringement_-_car_31_-_impeding_car_4.pdf,2025-05-02T13:37:00-07:00,steward_decision,advertised,28ee6d42ede3992b763bd9edf26cfa830af3724ee80ad85f7abaee8fda24fa31,2,"2025 MIAMI GRAND PRIX
02 - 04 May 2025
From The Stewards
To The Team Manager,
MoneyGram Haas F1 Team
Document 20
Date 02 May 2025
Time 15:36
The Stewards, having received a report from the Race Director, summoned (documents 15 & 16)
and heard from the drivers and team representatives, have considered the following matter and
determine the following:

No / Driver 31 - Esteban Ocon
Competitor MoneyGram Haas F1 Team
Time 13:04
Session Practice 1
Fact Impeding of Car 4 in Turn 17
Infringement Breach of Article 37.5 of the FIA Formula One Sporting Regulations.
Decision Warning to the driver.
The competitor (MoneyGram Haas F1 Team) is fined €7.500.
Reason The Stewards heard from the driver of Car 31 (Esteban Ocon), the driver of Car 4
(Lando Norris), team representatives and reviewed video, team radio and in-car
video evidence.
The driver of Car 31 stated that he had not received adequate warning of the
approach of Car 4. He was being given technical instructions via team radio while
making way for another car before being warned about Car 4 approaching just
moments before the incident. The team representative confirmed that the team failed
to warn the driver in time.
The Stewards determine that the responsibility for the incident lies mainly with the
team as they failed to inform their driver about the incoming car. Therefore a financial
penalty is imposed on the team based on previous cases. However, notwithstanding
the very late warning and the high speed differential between both cars, the driver of
Car 31 contributed to the situation by moving off line extremely late instead of staying
on the racing line as the impeding had already happened and the late move increased
the potential of a dangerous crash. Therefore a Warning to the driver is issued.
Competitors are reminded that they have the right to appeal certain decisions of the
Stewards, in accordance with Article 15 of the FIA International Sporting Code and
Chapter 4 of the FIA Judicial and Disciplinary Rules, within the applicable time limits.
Decisions of the Stewards are taken independently of the FIA and are based solely
on the relevant regulations, guidelines and evidence presented.

The Stewards
Felix Holter Mathieu Remmerie
Derek Warwick Steve Pence",Impeding of Car 4 in Turn 17,Breach of Article 37.5 of the FIA Formula One Sporting Regulations.,"Warning to the driver.
The competitor (MoneyGram Haas F1 Team) is fined €7.500.","The Stewards heard from the driver of Car 31 (Esteban Ocon), the driver of Car 4
(Lando Norris), team representatives and reviewed video, team radio and in-car
video evidence.
The driver of Car 31 stated that he had not received adequate warning of the
approach of Car 4. He was being given technical instructions via team radio while
making way for another car before being warned about Car 4 approaching just
moments before the incident. The team representative confirmed that the team failed
to warn the driver in time.
The Stewards determine that the responsibility for the incident lies mainly with the
team as they failed to inform their driver about the incoming car. Therefore a financial
penalty is imposed on the team based on previous cases. However, notwithstanding
the very late warning and the high speed differential between both cars, the driver of
Car 31 contributed to the situation by moving off line extremely late instead of staying
on the racing line as the impeding had already happened and the late move increased
the potential of a dangerous crash. Therefore a Warning to the driver is issued.",,,,,,,,,,,,,,,,,,,
reviewer_b-fia-2025-ned-39a578167cde,reviewer_b,elevated_risk|stratified_exclusion_sample,fia-2025-ned-39a578167cde,2025-ned,2025,15,Dutch Grand Prix,2025-08-31T00:00:00,Doc 27 - Infringement - Car 63 - Pit Lane Incident,https://www.fia.com/system/files/decision-document/2025_dutch_grand_prix_-_infringement_-_car_63_-_pit_lane_incident.pdf,2025-08-30T05:41:00-07:00,steward_decision,advertised,7232fb3d446bfeedc531c252ecf99969a1b1cf7cdd77344a875263a8f98066eb,2,"2025 DUTCH GRAND PRIX
29 - 31 August 2025
From The Stewards
To The Team Manager,
Mercedes-AMG PETRONAS F1 Team
Document 27
Date 30 August 2025
Time 13:37
The Stewards, having received a report from the Race Director, summoned (documents 24 & 25)
and heard from the drivers and team representatives, have considered the following matter and
determine the following:
No / Driver 63 - George Russell
Competitor Mercedes-AMG PETRONAS F1 Team
Time 12:19
Session Practice 3
Fact Car 63 impeded Car 14 at pit entry at 12:19
Infringement Breach of Article 37.5 of the FIA Formula One Sporting Regulations
Decision The competitor (Mercedes-AMG PETRONAS F1 Team) is fined €7,500.
Warning to the driver of Car 63
Reason The Stewards heard from the driver of Car 63 (George Russell), the driver of Car 14
 (Fernando Alonso), team representatives and reviewed video, timing, team radio and
in-car video evidence.
Car 14 was on a push lap and was exiting Turn 14 when Car 63 was on a slow lap
and had been instructed to enter the pits. Car 14 went on the inside of Car 63 in an
attempt to complete the lap but Car 63, taking a wide line before entering the pits,
nearly collided with Car 14 at pit entry. Car 63 took evasive action and aborted the pit
entry and continued on the track. Car 14 had to abort the lap and enter the pit lane to
avoid a collision.
It was clear to us that Car 63 had not been warned of the fact that Car 14 was
approaching and that it was on a push lap. The team admitted this at the hearing and
acknowledged that they ought to have warned the driver of Car 63 but did not do so.
Their failure created a dangerous situation where both cars had to take evasive
action to avoid a collision.
We accept that the driver of Car 63 had no way of knowing that Car 14 was
approaching, particularly given the nature of the circuit and the fact that Turn 14 is a
blind corner. Merely looking at the mirrors would not have prevented what occurred.
We accordingly imposed a fine of €7,500 on the team for failing to warn their driver
appropriately.
Nevertheless, given the nature of the circuit and the slow speed at which he was
travelling, it would have been prudent for Car 63 to have kept more to the right of the
track to leave space for faster cars coming around that corner. We also administer a
warning to the driver for this.


The Stewards
Competitors are reminded that they have the right to appeal certain decisions of the
Stewards, in accordance with Article 15 of the FIA International Sporting Code and
Chapter 4 of the FIA Judicial and Disciplinary Rules, within the applicable time limits.
Decisions of the Stewards are taken independently of the FIA and are based solely
on the relevant regulations, guidelines and evidence presented.
Nish Shetty Matthew Selley
Pedro Lamy Natalie Corsmit",Car 63 impeded Car 14 at pit entry at 12:19,Breach of Article 37.5 of the FIA Formula One Sporting Regulations,"The competitor (Mercedes-AMG PETRONAS F1 Team) is fined €7,500.
Warning to the driver of Car 63","The Stewards heard from the driver of Car 63 (George Russell), the driver of Car 14
 (Fernando Alonso), team representatives and reviewed video, timing, team radio and
in-car video evidence.
Car 14 was on a push lap and was exiting Turn 14 when Car 63 was on a slow lap
and had been instructed to enter the pits. Car 14 went on the inside of Car 63 in an
attempt to complete the lap but Car 63, taking a wide line before entering the pits,
nearly collided with Car 14 at pit entry. Car 63 took evasive action and aborted the pit
entry and continued on the track. Car 14 had to abort the lap and enter the pit lane to
avoid a collision.
It was clear to us that Car 63 had not been warned of the fact that Car 14 was
approaching and that it was on a push lap. The team admitted this at the hearing and
acknowledged that they ought to have warned the driver of Car 63 but did not do so.
Their failure created a dangerous situation where both cars had to take evasive
action to avoid a collision.
We accept that the driver of Car 63 had no way of knowing that Car 14 was
approaching, particularly given the nature of the circuit and the fact that Turn 14 is a
blind corner. Merely looking at the mirrors would not have prevented what occurred.
We accordingly imposed a fine of €7,500 on the team for failing to warn their driver
appropriately.
Nevertheless, given the nature of the circuit and the slow speed at which he was
travelling, it would have been prudent for Car 63 to have kept more to the right of the
track to leave space for faster cars coming around that corner. We also administer a
warning to the driver for this.",,,,,,,,,,,,,,,,,,,
reviewer_b-fia-2025-qat-4a7c58cf2b9f,reviewer_b,elevated_risk|stratified_exclusion_sample,fia-2025-qat-4a7c58cf2b9f,2025-qat,2025,23,Qatar Grand Prix,2025-11-30T00:00:00,Doc 45 - Infringement - Qualifying Deleted Lap Times,https://www.fia.com/system/files/decision-document/2025_qatar_grand_prix_-_infringement_-_qualifying_deleted_lap_times.pdf,2025-11-29T11:30:00-08:00,steward_decision,advertised,5898f305b026b22ab42e4ec8088b20e7c14aaf66b068703425d77ef8873a3484,3,"2025 QATAR GRAND PRIX
28 - 30 November 2025
The Stewards
From The Stewards
To All Teams, All Officials
Document 45
Date 29 November 2025
Time 22:30
Title Infringement - Qualifying Deleted Lap Times
Description Infringement - Qualifying Deleted Lap Times
Enclosed QAT DOC 45 - Qualifying Deleted Lap times .pdf
Garry Connelly Loïc Bacquelaine
Derek Warwick Amro Al Hamad




2025 QATAR GRAND PRIX
28 – 30 November 2025


From The Stewards Document 45

To All Officials, All Teams Date 29 November 2025
 Time 22:30

The Stewards, having received a report from the Race Director, have considered the following matter
and determine the following:
Session Qualifying
Fact The cars below did not use the track at turns 8, 10 and 15.

No Turn Car Driver Competitor Time of Day Lap Time
1 15 23 Alexander Albon Atlassian Williams Racing 21:02:58 1:22.385
2 10 12 Kimi Antonelli Mercedes-AMG PETRONAS F1 Team 21:02:00 OUT LAP
3 15 43 Franco Colapinto BWT Alpine F1 Team 21:04:53 1:22.080
4 15 31 Esteban Ocon MoneyGram Haas F1 Team 21:06:45 1:21.798
5 10 4 Lando Norris McLaren Formula 1 Team 21:10:26 OUT LAP
6 10 6 Isack Hadjar Visa Cash App Racing Bulls F1 Team 21:16:45 1:20.779
7 10 12 Kimi Antonelli Mercedes-AMG PETRONAS F1 Team 21:17:50 1:20.455
8 8 10 Pierre Gasly BWT Alpine F1 Team 21:17:39 1:20.513
9 10 23 Alexander Albon Atlassian Williams Racing 21:28:22 PIT
10 10 4 Lando Norris McLaren Formula 1 Team 21:31:01 OUT LAP
11 10 4 Lando Norris McLaren Formula 1 Team 21:32:30 1:20.146
12 10 4 Lando Norris McLaren Formula 1 Team 21:33:59 PIT
13 15 87 Oliver Bearman MoneyGram Haas F1 Team 21:35:16 1:20.788
14 10 63 George Russell Mercedes-AMG PETRONAS F1 Team 21:40:45 1:20.040
15 15 16 Charles Leclerc Scuderia Ferrari HP 21:52:03 PIT
16 10 6 Isack Hadjar Visa Cash App Racing Bulls F1 Team 22:04:58 PIT






Infringement Breach of Appendix L Chapter IV Article 2 c) of the FIA International Sporting
 Code and Article 33.3 of the FIA Formula One Sporting Regulations.
Decision Deletion of the lap times shown in accordance with Article 12.4.1.e of the FIA
 International Sporting Code.
Note Competitors are reminded that they have the right to appeal certain decisions of the
 Stewards, in accordance with Article 15 of the FIA International Sporting Code and
 Chapter 4 of the FIA Judicial and Disciplinary Rules, within the applicable time limits.

 Decisions of the Stewards are taken independently of the FIA and are based solely
 on the relevant regulations, guidelines and evidence presented.





Garry Connelly Loïc Bacquelaine

Derek Warwick Amro Al Hamad

The Stewards","The cars below did not use the track at turns 8, 10 and 15.

No Turn Car Driver Competitor Time of Day Lap Time
1 15 23 Alexander Albon Atlassian Williams Racing 21:02:58 1:22.385
2 10 12 Kimi Antonelli Mercedes-AMG PETRONAS F1 Team 21:02:00 OUT LAP
3 15 43 Franco Colapinto BWT Alpine F1 Team 21:04:53 1:22.080
4 15 31 Esteban Ocon MoneyGram Haas F1 Team 21:06:45 1:21.798
5 10 4 Lando Norris McLaren Formula 1 Team 21:10:26 OUT LAP
6 10 6 Isack Hadjar Visa Cash App Racing Bulls F1 Team 21:16:45 1:20.779
7 10 12 Kimi Antonelli Mercedes-AMG PETRONAS F1 Team 21:17:50 1:20.455
8 8 10 Pierre Gasly BWT Alpine F1 Team 21:17:39 1:20.513
9 10 23 Alexander Albon Atlassian Williams Racing 21:28:22 PIT
10 10 4 Lando Norris McLaren Formula 1 Team 21:31:01 OUT LAP
11 10 4 Lando Norris McLaren Formula 1 Team 21:32:30 1:20.146
12 10 4 Lando Norris McLaren Formula 1 Team 21:33:59 PIT
13 15 87 Oliver Bearman MoneyGram Haas F1 Team 21:35:16 1:20.788
14 10 63 George Russell Mercedes-AMG PETRONAS F1 Team 21:40:45 1:20.040
15 15 16 Charles Leclerc Scuderia Ferrari HP 21:52:03 PIT
16 10 6 Isack Hadjar Visa Cash App Racing Bulls F1 Team 22:04:58 PIT","Breach of Appendix L Chapter IV Article 2 c) of the FIA International Sporting
 Code and Article 33.3 of the FIA Formula One Sporting Regulations.","Deletion of the lap times shown in accordance with Article 12.4.1.e of the FIA
 International Sporting Code.
Note Competitors are reminded that they have the right to appeal certain decisions of the
 Stewards, in accordance with Article 15 of the FIA International Sporting Code and
 Chapter 4 of the FIA Judicial and Disciplinary Rules, within the applicable time limits.

 Decisions of the Stewards are taken independently of the FIA and are based solely
 on the relevant regulations, guidelines and evidence presented.





Garry Connelly Loïc Bacquelaine

Derek Warwick Amro Al Hamad

The Stewards",None,,,,,,,,,,,,,,,,,,,
reviewer_b-fia-2025-sao-61b609bbbc46,reviewer_b,elevated_risk,fia-2025-sao-61b609bbbc46,2025-sao,2025,21,São Paulo Grand Prix,2025-11-09T00:00:00,Doc 65 - Corrected - Sprint Infringement - Car 30 - Causing a Collision (With Car 87 at T4),https://www.fia.com/system/files/decision-document/2025_sao_paulo_grand_prix_-_corrected_-_sprint_infringement_-_car_30_-_causing_a_collision_with_car_87_at_t4.pdf,2025-11-09T13:10:00-08:00,steward_decision,advertised,e8c6a44309ce67ee3eb755e37fc8e71c4068ab7c22544b617b58ce29c7abe3d3,2,"2025 SÃO PAULO GRAND PRIX
07 - 09 November 2025
From The Stewards
To The Team Manager,
Visa Cash App Racing Bulls F1 Team
Document 65
Date 09 November 2025
Time 18:07
The Stewards, having received a report from the Race Director, summoned (documents 33, 34) and
heard from the drivers and team representatives, have considered the following matter and
determine the following:
No / Driver 30 - Liam Lawson
Competitor Visa Cash App Racing Bulls F1 Team
Time 11:03
Session Sprint
Fact Causing a Collision at Turn 4.
Infringement Breach of Appendix L, Chapter IV, Article 2 d) of the International Sporting Code
Decision 5 second time penalty.
1 penalty point (total of 7 for the 12 month period).
Reason The Stewards heard from the driver of Car 30 (Liam Lawson), the driver of Car 87
(Oliver Bearman), the team representatives and reviewed video, and in-car video
evidence.
On the first lap, Car 30 (LAW) attempted to overtake Car 87 (BEA) on the inside (left-
hand-side) while approaching and through Turn 4. After the apex, as both cars were
exiting the corner, there was contact between the two cars.
In Turn 4, Car 30, slightly offset alongside Car 87, moved slightly to the right, while
Car 87, following the natural line of the left-hand corner, turned slightly towards Car
30. As a result, the left rear wheel of Car 87 became entangled with the right front
wheel of Car 30, causing Car 87 to spin. Both cars were able to continue the race
thereafter.
Video evidence from circuit cameras and onboard footage did not clearly establish
whether the front axle of Car 30 was at least momentarily alongside the rear-view
mirror of Car 87 prior to the apex, let alone whether this overlap was maintained at
the apex – as would be required under the Driving Standards Guidelines for an
overtaking car on the inside to be entitled to racing room.
According to LAW, the collision was a direct consequence of the prior incident that
happened on the straight between Turn 3 and Turn 4 (see Doc. 40), after which Car
30 was struggling with colder and damp left tyres. As a result. LAW stated that he
experienced understeer, which caused his car to drift slightly towards BEA’s car and
resulted in the contact between both cars.




The Stewards
The Stewards determined that Car 30 (LAW) was predominantly to blame for the
collision.
However, the Stewards take into account the track conditions, the fact that LAW had
colder damp tyres and the fact that his front axle was almost alongside the mirror of
Car 87 and consider these as mitigating circumstances. The Stewards therefore
apply a reduction of the standard penalty of 10 seconds to 5 seconds, combined with
1 penalty point.
Competitors are reminded that they have the right to appeal certain decisions of the
Stewards, in accordance with Article 15 of the FIA International Sporting Code and
Chapter 4 of the FIA Judicial and Disciplinary Rules, within the applicable time limits.
Decisions of the Stewards are taken independently of the FIA and are based solely
on the relevant regulations, guidelines and evidence presented.

Gerd Ennser Mathieu Remmerie
Tanja Geilhausen Pedro Lamy
Luciano Burti",Causing a Collision at Turn 4.,"Breach of Appendix L, Chapter IV, Article 2 d) of the International Sporting Code","5 second time penalty.
1 penalty point (total of 7 for the 12 month period).","The Stewards heard from the driver of Car 30 (Liam Lawson), the driver of Car 87
(Oliver Bearman), the team representatives and reviewed video, and in-car video
evidence.
On the first lap, Car 30 (LAW) attempted to overtake Car 87 (BEA) on the inside (left-
hand-side) while approaching and through Turn 4. After the apex, as both cars were
exiting the corner, there was contact between the two cars.
In Turn 4, Car 30, slightly offset alongside Car 87, moved slightly to the right, while
Car 87, following the natural line of the left-hand corner, turned slightly towards Car
30. As a result, the left rear wheel of Car 87 became entangled with the right front
wheel of Car 30, causing Car 87 to spin. Both cars were able to continue the race
thereafter.
Video evidence from circuit cameras and onboard footage did not clearly establish
whether the front axle of Car 30 was at least momentarily alongside the rear-view
mirror of Car 87 prior to the apex, let alone whether this overlap was maintained at
the apex – as would be required under the Driving Standards Guidelines for an
overtaking car on the inside to be entitled to racing room.
According to LAW, the collision was a direct consequence of the prior incident that
happened on the straight between Turn 3 and Turn 4 (see Doc. 40), after which Car
30 was struggling with colder and damp left tyres. As a result. LAW stated that he
experienced understeer, which caused his car to drift slightly towards BEA’s car and
resulted in the contact between both cars.",,,,,,,,,,,,,,,,,,,
reviewer_b-fia-2025-sao-f7a215166f92,reviewer_b,elevated_risk|included_multi_party,fia-2025-sao-f7a215166f92,2025-sao,2025,21,São Paulo Grand Prix,2025-11-09T00:00:00,Doc 68 - Corrected Race - Infringement - Car 81 - Causing a collision with Car 12 in Turn 1,https://www.fia.com/system/files/decision-document/2025_sao_paulo_grand_prix_-_corrected_race_-_infringement_-_car_81_-_causing_a_collision_with_car_12_in_turn_1.pdf,2025-11-09T13:35:00-08:00,steward_decision,advertised,e84adcaa33d3a883571824b2529adbb1b9de78ae186ff0183278397b9fec4e63,2,"2025 SÃO PAULO GRAND PRIX
07 - 09 November 2025
From The Stewards
To The Team Manager,
McLaren Formula 1 Team
Document 68
Date 09 November 2025
Time 18:34
The Stewards, having received a report from the Race Director, have considered the following
matter and determine the following:
No / Driver 81 - Oscar Piastri
Competitor McLaren Formula 1 Team
Time 14:12
Session Race
Fact Car 81 collided with Car 12 in Turn 1.
Infringement Breach of Appendix L, Chapter IV, Article 2 d) of the FIA International Sporting Code.
Decision 10 second time penalty.
2 penalty points (total of 6 for the 12 month period).
Reason The Stewards reviewed video and in-car video evidence.
At the Safety Car restart on Lap 6, Car 81 (Oscar Piastri) attempted to overtake Car
12 (Kimi Antonelli) on the inside of Turn 1. In doing so, PIA did not establish the
required overlap prior to and at the apex, as his front axle was not alongside the
mirror of Car 12, as defined in the Driving Standard Guidelines for overtaking on the
inside of a corner.
PIA locked the brakes as he attempted to avoid contact by slowing, but was unable to
do so and made contact with ANT. This contact caused ANT to make secondary
contact with Car 16 (Charles Leclerc), who was positioned on the outside and was
forced to retire from the race as a result.
PIA was therefore wholly responsible for the collision. A 10-second time penalty and 2
penalty points are considered appropriate and consistent with recent precedents.
Competitors are reminded that they have the right to appeal certain decisions of the
Stewards, in accordance with Article 15 of the FIA International Sporting Code and
Chapter 4 of the FIA Judicial and Disciplinary Rules, within the applicable time limits.
Decisions of the Stewards are taken independently of the FIA and are based solely
on the relevant regulations, guidelines and evidence presented.



The Stewards
Gerd Ennser Mathieu Remmerie
Tanja Geilhausen Pedro Lamy
Luciano Burti",Car 81 collided with Car 12 in Turn 1.,"Breach of Appendix L, Chapter IV, Article 2 d) of the FIA International Sporting Code.","10 second time penalty.
2 penalty points (total of 6 for the 12 month period).","The Stewards reviewed video and in-car video evidence.
At the Safety Car restart on Lap 6, Car 81 (Oscar Piastri) attempted to overtake Car
12 (Kimi Antonelli) on the inside of Turn 1. In doing so, PIA did not establish the
required overlap prior to and at the apex, as his front axle was not alongside the
mirror of Car 12, as defined in the Driving Standard Guidelines for overtaking on the
inside of a corner.
PIA locked the brakes as he attempted to avoid contact by slowing, but was unable to
do so and made contact with ANT. This contact caused ANT to make secondary
contact with Car 16 (Charles Leclerc), who was positioned on the outside and was
forced to retire from the race as a result.
PIA was therefore wholly responsible for the collision. A 10-second time penalty and 2
penalty points are considered appropriate and consistent with recent precedents.",,,,,,,,,,,,,,,,,,,
reviewer_b-fia-2025-sau-8187bba80d1e,reviewer_b,included_multi_party,fia-2025-sau-8187bba80d1e,2025-sau,2025,5,Saudi Arabian Grand Prix,2025-04-20T00:00:00,Doc 45 - Decision - Car 22 - Alleged causing a collision with Car 10,https://www.fia.com/system/files/decision-document/2025_saudi_arabian_grand_prix_-_decision_-_car_22_-_alleged_causing_a_collision_with_car_10_.pdf,2025-04-20T13:56:00-07:00,steward_decision,advertised,e9b4c33ba3d9ca46422622f21b5074ecc7a03ba2e6f17132f82fca01e95ff27d,2,"2025 SAUDI ARABIAN GRAND PRIX
18 - 20 April 2025
From The Stewards
To The Team Manager,
Oracle Red Bull Racing
Document 45
Date 20 April 2025
Time 22:48
The Stewards, having received a report from the Race Director, have considered the following
matter and determine the following:
No / Driver 22 - Yuki Tsunoda
Competitor Oracle Red Bull Racing
Time 20:04
Session Race
Fact Car 22 allegedly caused a collision with Car 10 in Turn 5.
Infringement Alleged breach of Appendix L, Chapter IV, Article 2 d) of the FIA International
Sporting Code.
Decision No further action.
Reason The Stewards heard from the driver of Car 22 (Yuki Tsunoda), the driver of Car 10
(Pierre Gasly), team representatives and reviewed positioning/marshalling system
data, video, timing, telemetry and in-car video evidence and determined that this was
a first lap racing incident.
Car 22 and Car 10 were battling for track position on the first lap. They navigated four
corners without incident but collided on Turn 5.
Both parties agreed that this was a lap one incident with no party wholly or
predominantly to blame. Although we considered whether this was properly a lap one
incident or really an incident between two cars (and no others) on lap one.
Ultimately, given the narrow track and the fact that Car 55 was just in front of Car 22,
led us to agree with the assessment of both drivers that this should be treated as a
lap one incident with no further action.
Competitors are reminded that they have the right to appeal certain decisions of the
Stewards, in accordance with Article 15 of the FIA International Sporting Code and
Chapter 4 of the FIA Judicial and Disciplinary Rules, within the applicable time limits.









The Stewards
Decisions of the Stewards are taken independently of the FIA and are based solely
on the relevant regulations, guidelines and evidence presented.

Nish Shetty Loïc Bacquelaine
Enrique Bernoldi Hasan Al Abdali",Car 22 allegedly caused a collision with Car 10 in Turn 5.,"Alleged breach of Appendix L, Chapter IV, Article 2 d) of the FIA International
Sporting Code.",No further action.,"The Stewards heard from the driver of Car 22 (Yuki Tsunoda), the driver of Car 10
(Pierre Gasly), team representatives and reviewed positioning/marshalling system
data, video, timing, telemetry and in-car video evidence and determined that this was
a first lap racing incident.
Car 22 and Car 10 were battling for track position on the first lap. They navigated four
corners without incident but collided on Turn 5.
Both parties agreed that this was a lap one incident with no party wholly or
predominantly to blame. Although we considered whether this was properly a lap one
incident or really an incident between two cars (and no others) on lap one.
Ultimately, given the narrow track and the fact that Car 55 was just in front of Car 22,
led us to agree with the assessment of both drivers that this should be treated as a
lap one incident with no further action.",,,,,,,,,,,,,,,,,,,
reviewer_b-fia-2025-usa-128be2a520d5,reviewer_b,elevated_risk,fia-2025-usa-128be2a520d5,2025-usa,2025,19,United States Grand Prix,2025-10-19T00:00:00,Doc 34 - Infringement - Car 87 - Leaving the track and gaining an advantage,https://www.fia.com/system/files/decision-document/2025_united_states_grand_prix_-_infringement_-_car_87_-_leaving_the_track_and_gaining_an_advantage.pdf,2025-10-18T13:07:00-07:00,steward_decision,advertised,fd52ed56a39d15d90312f7cdf435db872c1c1a273a5389efba9b309a9e1d7f95,1,"2025 UNITED STATES GRAND PRIX
17 - 19 October 2025
The Stewards
From The Stewards
To The Team Manager,
MoneyGram Haas F1 Team
Document 34
Date 18 October 2025
Time 14:06
The Stewards, having received a report from the Race Director, have considered the following
matter and determine the following:
No / Driver 87 - Oliver Bearman
Competitor MoneyGram Haas F1 Team
Time 12:32
Session Sprint
Fact Car 87 left the track in Turn 12 while defending to Car 12 and maintained his position
by doing so.
Infringement Breach of Article 33.3 of the FIA Formula One Sporting Regulations.
Decision 10 second time penalty.
Reason The Stewards reviewed video evidence.
Car 12 was attempting an overtake on Car 87 on the inside into Turn 12 and had its
front axle ahead of the mirrors of Car 87 prior to and at the apex. Therefore Car 12
had the right to use the full width of the track. Car 87 left the track on the outside while
defending and rejoined the track in front of Car 12.
The Stewards determine that Car 12 attempted a legitimate overtake, earned the right
to the racing line according to the Driving Standard Guidelines and did not deliberately
force Car 87 off track, whereas Car 87 gained a lasting advantage from leaving the
track by maintaining its position.
Competitors are reminded that they have the right to appeal certain decisions of the
Stewards, in accordance with Article 15 of the FIA International Sporting Code and
Chapter 4 of the FIA Judicial and Disciplinary Rules, within the applicable time limits.
Decisions of the Stewards are taken independently of the FIA and are based solely
on the relevant regulations, guidelines and evidence presented.
Felix Holter Matthew Selley
Enrique Bernoldi Steve Pence","Car 87 left the track in Turn 12 while defending to Car 12 and maintained his position
by doing so.",Breach of Article 33.3 of the FIA Formula One Sporting Regulations.,10 second time penalty.,"The Stewards reviewed video evidence.
Car 12 was attempting an overtake on Car 87 on the inside into Turn 12 and had its
front axle ahead of the mirrors of Car 87 prior to and at the apex. Therefore Car 12
had the right to use the full width of the track. Car 87 left the track on the outside while
defending and rejoined the track in front of Car 12.
The Stewards determine that Car 12 attempted a legitimate overtake, earned the right
to the racing line according to the Driving Standard Guidelines and did not deliberately
force Car 87 off track, whereas Car 87 gained a lasting advantage from leaving the
track by maintaining its position.",,,,,,,,,,,,,,,,,,,
