adjudication_instance_id,adjudication_id,incident_id,document_id,event_id,session_type,adjudication_car_numbers,accused_driver_number,affected_driver_numbers,lap_number,location,incident_family,outcome_family,referral_episode_id,link_score,runner_up_score,link_status,link_basis_json,link_review_status,link_reviewer_id,link_review_notes
adjudication-seed-fia-2025-hun-f1ff0743742b-01,adj-f09cc8aab8d224ac,incident-src-f09cc8aab8d224ac,fia-2025-hun-f1ff0743742b,2025-hun,Race,1|44,1,44,29,Turn 4,forcing_off_track,no_further_action,referral-f2a9c9ecb6d21184,10.0,,candidate_pending_review,"[""exact_car_set"", ""location""]",pending_human_validation,,
adjudication-seed-fia-2018-bhr-37959695abd9-01,adj-f085f5d8e175f3e4,incident-src-f085f5d8e175f3e4,fia-2018-bhr-37959695abd9,2018-bhr,Race,11|28,28,11,,Turn 4,causing_collision,time_penalty,referral-d039353f8ed48fe0,15.0,,high_confidence_algorithmic,"[""exact_car_set"", ""incident_family"", ""location"", ""terminal_outcome""]",pending_human_validation,,
adjudication-seed-fia-2018-chn-ad3c0076d583-01,adj-171323b01c7fd2e4,incident-src-171323b01c7fd2e4,fia-2018-chn-ad3c0076d583,2018-chn,Race,10|28,10,28,,Turn 14,causing_collision,time_penalty,referral-da0e54c0187d0fbe,15.0,7.0,high_confidence_algorithmic,"[""exact_car_set"", ""incident_family"", ""location"", ""terminal_outcome""]",pending_human_validation,,
adjudication-seed-fia-2018-chn-e98fbe4695b8-01,adj-04b290c26ab9e55d,incident-src-04b290c26ab9e55d,fia-2018-chn-e98fbe4695b8,2018-chn,Race,5|33,33,5,,Turn 14,causing_collision,time_penalty,referral-07b5cb573e331c13,15.0,7.0,high_confidence_algorithmic,"[""exact_car_set"", ""incident_family"", ""location"", ""terminal_outcome""]",pending_human_validation,,
adjudication-seed-fia-2018-aze-1bbf84530187-01,adj-e467c6122d516580,incident-src-e467c6122d516580,fia-2018-aze-1bbf84530187,2018-aze,Race,3|33,33,3,,Turn 20,causing_collision,reprimand,referral-fa03188bfc3f5b32,8.0,,candidate_pending_review,"[""exact_car_set""]",pending_human_validation,,
adjudication-seed-fia-2018-aze-23f8b0b5b715-01,adj-cbb36a04e5932d9a,incident-src-cbb36a04e5932d9a,fia-2018-aze-23f8b0b5b715,2018-aze,Race,9|20,9,20,,Turn 2,causing_collision,time_penalty,referral-035f8d6260760de8,10.0,8.0,candidate_pending_review,"[""exact_car_set"", ""location""]",pending_human_validation,,
adjudication-seed-fia-2018-aze-3e59a6773794-01,adj-2244116a8d1885ec,incident-src-2244116a8d1885ec,fia-2018-aze-3e59a6773794,2018-aze,Race,7|31,31,7,,"Turns 3, 2",causing_collision,no_further_action,referral-000a36711d6e5f60,8.0,,candidate_pending_review,"[""exact_car_set""]",pending_human_validation,,
adjudication-seed-fia-2018-aze-4fbe7e105140-01,adj-915feddd8ae6b043,incident-src-915feddd8ae6b043,fia-2018-aze-4fbe7e105140,2018-aze,Race,11|35,35,11,,Turn 2,causing_collision,grid_penalty,,,,unmatched,[],pending_human_validation,,
adjudication-seed-fia-2018-aze-94399ce60452-01,adj-fb216d7f0fbf8ff1,incident-src-fb216d7f0fbf8ff1,fia-2018-aze-94399ce60452,2018-aze,Race,3|33,3,33,,Turn 20,causing_collision,reprimand,referral-fa03188bfc3f5b32,8.0,,candidate_pending_review,"[""exact_car_set""]",pending_human_validation,,
adjudication-seed-fia-2018-aze-b6df36c282b7-01,adj-b5b3a795e56fb51d,incident-src-b5b3a795e56fb51d,fia-2018-aze-b6df36c282b7,2018-aze,Race,10|20,20,10,,Turn 20,causing_collision,time_penalty,referral-284df2fbe634a719,10.0,,candidate_pending_review,"[""exact_car_set"", ""location""]",pending_human_validation,,
adjudication-seed-fia-2018-esp-231d287cafcd-01,adj-9fe86942c422bf75,incident-src-9fe86942c422bf75,fia-2018-esp-231d287cafcd,2018-esp,Race,8|10|20|27,8,27|10|20,,Turns 2-3,causing_collision,grid_penalty,,,,unmatched,[],pending_human_validation,,
adjudication-seed-fia-2018-mco-a3c31b11ff12-01,adj-1e31200d5298f217,incident-src-1e31200d5298f217,fia-2018-mco-a3c31b11ff12,2018-mco,Race,16|28,16,28,,Turn 10,causing_collision,no_further_action,,,,unmatched,[],pending_human_validation,,
adjudication-seed-fia-2018-can-6ea0e0275da8-01,adj-1bf13c58d15a0c62,incident-src-1bf13c58d15a0c62,fia-2018-can-6ea0e0275da8,2018-can,Race,18|28,18,28,,Turn 5,causing_collision,no_further_action,referral-6aae47e17c294ba7,10.0,,candidate_pending_review,"[""exact_car_set"", ""terminal_outcome""]",pending_human_validation,,
adjudication-seed-fia-2018-can-fa41432364aa-01,adj-f0841610b6a2725d,incident-src-f0841610b6a2725d,fia-2018-can-fa41432364aa,2018-can,Race,11|55,55,11,,Turn 1,causing_collision,no_further_action,referral-db028cc9d0a1469a,12.0,,candidate_pending_review,"[""exact_car_set"", ""location"", ""terminal_outcome""]",pending_human_validation,,
adjudication-seed-fia-2018-fra-505561fd0edc-01,adj-7f9ab5cd4940bce4,incident-src-7f9ab5cd4940bce4,fia-2018-fra-505561fd0edc,2018-fra,Race,10|31,31,10,,Turn 3,causing_collision,reprimand,referral-b8d75cb18fc7f059,11.0,,candidate_pending_review,"[""exact_car_set"", ""incident_family""]",pending_human_validation,,
adjudication-seed-fia-2018-fra-80f5d9447315-01,adj-edac40e1e7230ec7,incident-src-edac40e1e7230ec7,fia-2018-fra-80f5d9447315,2018-fra,Race,8|31,8,31,,,causing_collision,time_penalty,referral-572ef9f566c02a47,8.0,6.0,candidate_pending_review,"[""accused_car"", ""incident_family"", ""terminal_outcome""]",pending_human_validation,,
adjudication-seed-fia-2018-fra-db6e1870bc40-01,adj-ff2eb72501ff888f,incident-src-ff2eb72501ff888f,fia-2018-fra-db6e1870bc40,2018-fra,Race,10|31,10,31,,Turn 3,causing_collision,reprimand,referral-b8d75cb18fc7f059,11.0,,candidate_pending_review,"[""exact_car_set"", ""incident_family""]",pending_human_validation,,
adjudication-seed-fia-2018-fra-e65d0d06dbb7-01,adj-2528c2aa99cc8fa3,incident-src-2528c2aa99cc8fa3,fia-2018-fra-e65d0d06dbb7,2018-fra,Race,5|77,5,77,,Turn 1,causing_collision,time_penalty,referral-3c69a1bc7c5f01a1,13.0,,high_confidence_algorithmic,"[""exact_car_set"", ""incident_family"", ""terminal_outcome""]",pending_human_validation,,
adjudication-seed-fia-2018-aut-6376daf466a5-01,adj-b25c86494efcda3c,incident-src-b25c86494efcda3c,fia-2018-aut-6376daf466a5,2018-aut,Race,7|33,7,33,,Turn 3,gaining_advantage_off_track,no_further_action,referral-6e403822e93409c7,12.0,,candidate_pending_review,"[""exact_car_set"", ""location"", ""terminal_outcome""]",pending_human_validation,,
adjudication-seed-fia-2018-gbr-33466a876bdd-01,adj-f0f6dfe8d6cd5cc8,incident-src-f0f6dfe8d6cd5cc8,fia-2018-gbr-33466a876bdd,2018-gbr,Race,10|11,10,11,,"Turns 17, 16",causing_collision,time_penalty,referral-bc126f304171b19a,8.0,,candidate_pending_review,"[""exact_car_set""]",pending_human_validation,,
adjudication-seed-fia-2018-gbr-70534cc8d2b4-01,adj-e2c907d5f1895cff,incident-src-e2c907d5f1895cff,fia-2018-gbr-70534cc8d2b4,2018-gbr,Race,8|55,8,55,,Turn 9,causing_collision,no_further_action,referral-735cdd9a62f7643d,10.0,8.0,candidate_pending_review,"[""exact_car_set"", ""location""]",pending_human_validation,,
adjudication-seed-fia-2018-gbr-f20a2f7cd356-01,adj-5384303bfd85706c,incident-src-5384303bfd85706c,fia-2018-gbr-f20a2f7cd356,2018-gbr,Race,7|44,7,44,,Turn 3,causing_collision,time_penalty,referral-e1b8f833e205b138,8.0,,candidate_pending_review,"[""accused_car"", ""incident_family"", ""terminal_outcome""]",pending_human_validation,,
adjudication-seed-fia-2018-hun-4bfaca494290-01,adj-dd118f0c5b27dc3e,incident-src-dd118f0c5b27dc3e,fia-2018-hun-4bfaca494290,2018-hun,Race,3|77,77,3,,Turn 1,causing_collision,time_penalty,referral-57858ca3de2f83c6,10.0,,candidate_pending_review,"[""exact_car_set"", ""location""]",pending_human_validation,,
adjudication-seed-fia-2018-bel-5f9336c3c23e-01,adj-dad7e6d1095a4d05,incident-src-dad7e6d1095a4d05,fia-2018-bel-5f9336c3c23e,2018-bel,Race,35|77,77,35,,Turn 1,causing_collision,time_penalty,,,,unmatched,[],pending_human_validation,,
adjudication-seed-fia-2018-bel-6346000a9777-01,adj-f2430a8dcab51295,incident-src-f2430a8dcab51295,fia-2018-bel-6346000a9777,2018-bel,Race,14|27,27,14,,Turn 1,causing_collision,grid_penalty,,,,unmatched,[],pending_human_validation,,
adjudication-seed-fia-2018-ita-4bcc40bb113b-01,adj-87372849846bf17f,incident-src-87372849846bf17f,fia-2018-ita-4bcc40bb113b,2018-ita,Race,33|77,33,77,,Turn 1,causing_collision,time_penalty,referral-5d5df20eacae8c4b,10.0,8.0,candidate_pending_review,"[""exact_car_set"", ""location""]",pending_human_validation,,
adjudication-seed-fia-2018-sgp-329a49e8cbe6-01,adj-e07caee25859dbf7,incident-src-e07caee25859dbf7,fia-2018-sgp-329a49e8cbe6,2018-sgp,Race,28|35,35,28,,Turn 14,forcing_off_track,time_penalty,referral-3ae79f5a76005cf6,15.0,,high_confidence_algorithmic,"[""exact_car_set"", ""incident_family"", ""location"", ""terminal_outcome""]",pending_human_validation,,
adjudication-seed-fia-2018-sgp-d22646811c1a-01,adj-3ca06449fb896289,incident-src-3ca06449fb896289,fia-2018-sgp-d22646811c1a,2018-sgp,Race,11|35,11,35,,Turn 18,causing_collision,drive_through,referral-88b4f22aa00ba3db,15.0,6.0,high_confidence_algorithmic,"[""exact_car_set"", ""incident_family"", ""location"", ""terminal_outcome""]",pending_human_validation,,
adjudication-seed-fia-2018-rus-cf28ebf731bb-01,adj-76bf6d21078e4ab1,incident-src-76bf6d21078e4ab1,fia-2018-rus-cf28ebf731bb,2018-rus,Race,5,5,,,,multiple_defensive_moves,no_further_action,referral-b6e3fdc3e98c29e7,9.0,,candidate_pending_review,"[""adjudication_car_set_within_episode"", ""terminal_outcome""]",pending_human_validation,,
adjudication-seed-fia-2018-jpn-81677672dab7-01,adj-ee4d64c6c65cfaa2,incident-src-ee4d64c6c65cfaa2,fia-2018-jpn-81677672dab7,2018-jpn,Race,5,5,,,Turn 13,causing_collision,no_further_action,referral-f22cecd0b41a7712,12.0,11.0,ambiguous_pending_review,"[""adjudication_car_set_within_episode"", ""incident_family"", ""location""]",pending_human_validation,,
adjudication-seed-fia-2018-jpn-a4bf4fc25a1f-01,adj-98570c1c2d9d82a6,incident-src-98570c1c2d9d82a6,fia-2018-jpn-a4bf4fc25a1f,2018-jpn,Race,14|18,18,14,,Turn 16,forcing_off_track,time_penalty,referral-aa9f483ff90d58d7,10.0,,candidate_pending_review,"[""exact_car_set"", ""location""]",pending_human_validation,,
adjudication-seed-fia-2018-jpn-b456aafdefec-01,adj-00d141181cb75914,incident-src-00d141181cb75914,fia-2018-jpn-b456aafdefec,2018-jpn,Race,16|20,16,20,,,causing_collision,no_further_action,referral-dfd7834061de9145,10.0,,candidate_pending_review,"[""exact_car_set"", ""terminal_outcome""]",pending_human_validation,,
adjudication-seed-fia-2018-jpn-d5d56e0426c6-01,adj-d87dc3e3ddc100a9,incident-src-d87dc3e3ddc100a9,fia-2018-jpn-d5d56e0426c6,2018-jpn,Race,7|33,33,7,,Turns 16-17,unsafe_rejoin,time_penalty,referral-b02782c590a2ac05,8.0,,candidate_pending_review,"[""exact_car_set""]",pending_human_validation,,
adjudication-seed-fia-2018-usa-2f4f21fa003f-01,adj-f66c13b6dc6edb50,incident-src-f66c13b6dc6edb50,fia-2018-usa-2f4f21fa003f,2018-usa,Race,8|16,8,16,,Turn 12,causing_collision,grid_penalty,referral-fa1d5771cf575a1c,8.0,,candidate_pending_review,"[""exact_car_set""]",pending_human_validation,,
adjudication-seed-fia-2018-usa-49d225f5fb07-01,adj-8c049b3df629e78e,incident-src-8c049b3df629e78e,fia-2018-usa-49d225f5fb07,2018-usa,Race,8|55,55,8,,Turn 1,gaining_advantage_off_track,time_penalty,referral-37f449c0d0c65e07,10.0,,candidate_pending_review,"[""accused_car"", ""incident_family"", ""location"", ""terminal_outcome""]",pending_human_validation,,
adjudication-seed-fia-2018-usa-856ae8b1622a-01,adj-e7b2995ef053dcc6,incident-src-e7b2995ef053dcc6,fia-2018-usa-856ae8b1622a,2018-usa,Race,14|18,18,14,,Turn 4,causing_collision,drive_through,referral-e9894fb0b2d999fc,8.0,,candidate_pending_review,"[""accused_car"", ""incident_family"", ""terminal_outcome""]",pending_human_validation,,
adjudication-seed-fia-2018-usa-b97b2be7b15e-01,adj-225ff90f36c849d0,incident-src-225ff90f36c849d0,fia-2018-usa-b97b2be7b15e,2018-usa,Race,3|5,3,5,,Turn 13,causing_collision,no_further_action,referral-8cf1f928a4e60852,12.0,,candidate_pending_review,"[""exact_car_set"", ""location"", ""terminal_outcome""]",pending_human_validation,,
adjudication-seed-fia-2018-usa-dc3270dd6cb6-01,adj-99ac5bce501847b9,incident-src-99ac5bce501847b9,fia-2018-usa-dc3270dd6cb6,2018-usa,Race,3|5,5,3,,Turn 13,causing_collision,no_further_action,referral-8cf1f928a4e60852,12.0,,candidate_pending_review,"[""exact_car_set"", ""location"", ""terminal_outcome""]",pending_human_validation,,
adjudication-seed-fia-2018-mex-3075233c69d9-01,adj-f55b2703a638bc6a,incident-src-f55b2703a638bc6a,fia-2018-mex-3075233c69d9,2018-mex,Race,10|31,31,10,,Turn 4,forcing_off_track,no_further_action,referral-9a3a21558da63813,12.0,,candidate_pending_review,"[""exact_car_set"", ""location"", ""terminal_outcome""]",pending_human_validation,,
adjudication-seed-fia-2018-mex-9fdf8480489c-01,adj-ed88cdc8e4ae5c06,incident-src-ed88cdc8e4ae5c06,fia-2018-mex-9fdf8480489c,2018-mex,Race,28|31,28,31,,Turn 2,causing_collision,time_penalty,referral-b17d5267b718b8b8,10.0,8.0,candidate_pending_review,"[""exact_car_set"", ""location""]",pending_human_validation,,
adjudication-seed-fia-2018-bra-1cf7293f9bee-01,adj-39523131c9d9684d,incident-src-39523131c9d9684d,fia-2018-bra-1cf7293f9bee,2018-bra,Race,31|33,31,33,,Turn 2,causing_collision,stop_go,referral-396f655648060e9d,13.0,,high_confidence_algorithmic,"[""exact_car_set"", ""incident_family"", ""terminal_outcome""]",pending_human_validation,,
adjudication-seed-fia-2018-abu-18bc30990ea3-01,adj-b68335d3407c00bc,incident-src-b68335d3407c00bc,fia-2018-abu-18bc30990ea3,2018-abu,Race,14,14,,,Turn 8,gaining_advantage_off_track,time_penalty,referral-036a14c008c11cef,13.0,,high_confidence_algorithmic,"[""exact_car_set"", ""incident_family"", ""terminal_outcome""]",pending_human_validation,,
adjudication-seed-fia-2018-abu-754824eaae10-01,adj-58eaa3eee308cb80,incident-src-58eaa3eee308cb80,fia-2018-abu-754824eaae10,2018-abu,Race,14,14,,,Turn 8,gaining_advantage_off_track,time_penalty,referral-036a14c008c11cef,13.0,,high_confidence_algorithmic,"[""exact_car_set"", ""incident_family"", ""terminal_outcome""]",pending_human_validation,,
adjudication-seed-fia-2018-abu-b67f80da207e-01,adj-2082537af6db5e25,incident-src-2082537af6db5e25,fia-2018-abu-b67f80da207e,2018-abu,Race,27,27,,,Turn 9,causing_collision,no_further_action,referral-9b6de88fc350879a,14.0,,high_confidence_algorithmic,"[""adjudication_car_set_within_episode"", ""incident_family"", ""location"", ""terminal_outcome""]",pending_human_validation,,
adjudication-seed-fia-2018-abu-ba74bbf1e4a2-01,adj-e83d46d8daf5ec73,incident-src-e83d46d8daf5ec73,fia-2018-abu-ba74bbf1e4a2,2018-abu,Race,14,14,,,Turn 8,gaining_advantage_off_track,time_penalty,referral-036a14c008c11cef,13.0,,high_confidence_algorithmic,"[""exact_car_set"", ""incident_family"", ""terminal_outcome""]",pending_human_validation,,
adjudication-seed-fia-2018-abu-e3bd8959c0f4-01,adj-9a44d3fc12f61d17,incident-src-9a44d3fc12f61d17,fia-2018-abu-e3bd8959c0f4,2018-abu,Race,2|31,31,2,,Turn 17,gaining_advantage_off_track,time_penalty,referral-afc003373dd8dcff,15.0,,high_confidence_algorithmic,"[""exact_car_set"", ""incident_family"", ""location"", ""terminal_outcome""]",pending_human_validation,,
adjudication-seed-fia-2019-bhr-132a9d8aa9de-01,adj-8f6c033b94586d1e,incident-src-8f6c033b94586d1e,fia-2019-bhr-132a9d8aa9de,2019-bhr,Race,33|55,33,55,,Turn 4,causing_collision,no_further_action,referral-f3ce5a27bbc5073e,12.0,,candidate_pending_review,"[""exact_car_set"", ""location"", ""terminal_outcome""]",pending_human_validation,,
adjudication-seed-fia-2019-bhr-1365948cf7e0-01,adj-8ac64d49533b4e49,incident-src-8ac64d49533b4e49,fia-2019-bhr-1365948cf7e0,2019-bhr,Race,26|99,99,26,,Turn 11,causing_collision,no_further_action,referral-8ab0528497916d62,10.0,10.0,ambiguous_pending_review,"[""exact_car_set"", ""location""]",pending_human_validation,,
adjudication-seed-fia-2019-bhr-2a5a65873384-01,adj-5375e3c95251badb,incident-src-5375e3c95251badb,fia-2019-bhr-2a5a65873384,2019-bhr,Race,33|55,55,33,,Turn 4,causing_collision,no_further_action,referral-f3ce5a27bbc5073e,12.0,,candidate_pending_review,"[""exact_car_set"", ""location"", ""terminal_outcome""]",pending_human_validation,,
adjudication-seed-fia-2019-bhr-afcfec60fa35-01,adj-a2465e3be559632e,incident-src-a2465e3be559632e,fia-2019-bhr-afcfec60fa35,2019-bhr,Race,26|99,26,99,,Turn 11,causing_collision,no_further_action,referral-8ab0528497916d62,10.0,10.0,ambiguous_pending_review,"[""exact_car_set"", ""location""]",pending_human_validation,,
adjudication-seed-fia-2019-chn-50a2b4dfbc09-01,adj-fb33cf1dee9a141c,incident-src-fb33cf1dee9a141c,fia-2019-chn-50a2b4dfbc09,2019-chn,Race,26,26,,,Turn 6,causing_collision,drive_through,referral-e2a1e81ca9f578ea,14.0,,high_confidence_algorithmic,"[""adjudication_car_set_within_episode"", ""incident_family"", ""location"", ""terminal_outcome""]",pending_human_validation,,
adjudication-seed-fia-2019-aze-9a6772a3acaf-01,adj-58045adf2d642c7b,incident-src-58045adf2d642c7b,fia-2019-aze-9a6772a3acaf,2019-aze,Race,3|26,3,26,,Turn 4,causing_collision,grid_penalty,referral-f8f7baabcde165ad,8.0,,candidate_pending_review,"[""exact_car_set""]",pending_human_validation,,
adjudication-seed-fia-2019-esp-1de5310a284d-01,adj-93a2deb70e9576d9,incident-src-93a2deb70e9576d9,fia-2019-esp-1de5310a284d,2019-esp,Race,4|18,18,4,,"Turns 2, 1",causing_collision,no_further_action,referral-3e6e7f3786f6d584,8.0,,candidate_pending_review,"[""exact_car_set""]",pending_human_validation,,
adjudication-seed-fia-2019-esp-c8e31ce09c58-01,adj-08067a85a17122aa,incident-src-08067a85a17122aa,fia-2019-esp-c8e31ce09c58,2019-esp,Race,4|18,4,18,,"Turns 2, 1",causing_collision,no_further_action,referral-3e6e7f3786f6d584,8.0,,candidate_pending_review,"[""exact_car_set""]",pending_human_validation,,
adjudication-seed-fia-2019-mco-6d869f39c68e-01,adj-a0cb65d072c5b6a8,incident-src-a0cb65d072c5b6a8,fia-2019-mco-6d869f39c68e,2019-mco,Race,11|20,20,11,,Turn 10,gaining_advantage_off_track,time_penalty,referral-c8502783a05c9b4d,13.0,7.0,high_confidence_algorithmic,"[""exact_car_set"", ""incident_family"", ""location""]",pending_human_validation,,
adjudication-seed-fia-2019-mco-8441c7d5dbef-01,adj-d5ff9f7e1e5e3e46,incident-src-d5ff9f7e1e5e3e46,fia-2019-mco-8441c7d5dbef,2019-mco,Race,88|99,99,88,,Turn 18,causing_collision,time_penalty,referral-3c7899a89e98a80f,15.0,,high_confidence_algorithmic,"[""exact_car_set"", ""incident_family"", ""location"", ""terminal_outcome""]",pending_human_validation,,
adjudication-seed-fia-2019-mco-93dff725c78b-01,adj-76f534567702afe9,incident-src-76f534567702afe9,fia-2019-mco-93dff725c78b,2019-mco,Race,33|44,33,44,,Turn 10,causing_collision,no_further_action,referral-b74647f09839c78e,10.0,,candidate_pending_review,"[""exact_car_set"", ""location""]",pending_human_validation,,
adjudication-seed-fia-2019-mco-b0bed801d3e3-01,adj-1647a94a71c5efa4,incident-src-1647a94a71c5efa4,fia-2019-mco-b0bed801d3e3,2019-mco,Race,18,18,,,Turn 10,gaining_advantage_off_track,time_penalty,referral-5c15d8e3515220c2,15.0,,high_confidence_algorithmic,"[""exact_car_set"", ""incident_family"", ""location"", ""terminal_outcome""]",pending_human_validation,,
adjudication-seed-fia-2019-mco-bf9eeec70400-01,adj-675739cef230a725,incident-src-675739cef230a725,fia-2019-mco-bf9eeec70400,2019-mco,Race,33|44,44,33,,Turn 10,causing_collision,no_further_action,referral-b74647f09839c78e,10.0,,candidate_pending_review,"[""exact_car_set"", ""location""]",pending_human_validation,,
adjudication-seed-fia-2019-can-dceb9101c747-01,adj-5a2a22f5fc1a849d,incident-src-5a2a22f5fc1a849d,fia-2019-can-dceb9101c747,2019-can,Race,5|44,5,44,,Turns 3-4,unsafe_rejoin,time_penalty,referral-cccbeaaa006ca815,8.0,,candidate_pending_review,"[""exact_car_set""]",pending_human_validation,,
adjudication-seed-fia-2019-fra-a0c241fafdd8-01,adj-d573e773779fee7e,incident-src-d573e773779fee7e,fia-2019-fra-a0c241fafdd8,2019-fra,Race,11,11,,,Turns 3-5,gaining_advantage_off_track,time_penalty,referral-c8b582e674d51c68,13.0,,high_confidence_algorithmic,"[""exact_car_set"", ""incident_family"", ""terminal_outcome""]",pending_human_validation,,
adjudication-seed-fia-2019-fra-a2fbe5bfb237-01,adj-9cc41bec5ee322a6,incident-src-9cc41bec5ee322a6,fia-2019-fra-a2fbe5bfb237,2019-fra,Race,3|7,3,7,,Turns 8-9,gaining_advantage_off_track,time_penalty,referral-7ead712633ef80f4,6.0,,candidate_pending_review,"[""accused_car"", ""incident_family""]",pending_human_validation,,
adjudication-seed-fia-2019-aut-529bae08f480-01,adj-524c6675088fdc18,incident-src-524c6675088fdc18,fia-2019-aut-529bae08f480,2019-aut,Race,16|33,33,16,69,Turn 3,causing_collision,no_further_action,referral-4d6ae7323593bcf1,10.0,,candidate_pending_review,"[""exact_car_set"", ""location""]",pending_human_validation,,
adjudication-seed-fia-2019-aut-f8011f674d7f-01,adj-a7a3ac083e4cb040,incident-src-a7a3ac083e4cb040,fia-2019-aut-f8011f674d7f,2019-aut,Race,16|33,16,33,69,Turn 3,causing_collision,no_further_action,referral-4d6ae7323593bcf1,10.0,,candidate_pending_review,"[""exact_car_set"", ""location""]",pending_human_validation,,
adjudication-seed-fia-2019-gbr-9cce23a29f05-01,adj-4ae27a945be232f3,incident-src-4ae27a945be232f3,fia-2019-gbr-9cce23a29f05,2019-gbr,Race,5|33,5,33,,Turn 16,causing_collision,time_penalty,referral-b688b56fa9892053,15.0,,high_confidence_algorithmic,"[""exact_car_set"", ""incident_family"", ""location"", ""terminal_outcome""]",pending_human_validation,,
adjudication-seed-fia-2019-bel-0c5b8806e8e5-01,adj-12ea78eb0fa53af2,incident-src-12ea78eb0fa53af2,fia-2019-bel-0c5b8806e8e5,2019-bel,Race,11|23,11,23,,,forcing_off_track,no_further_action,referral-93489cf7e0127824,8.0,,candidate_pending_review,"[""exact_car_set""]",pending_human_validation,,
adjudication-seed-fia-2019-ita-e4746c5c634f-01,adj-c74375d6086c31ed,incident-src-c74375d6086c31ed,fia-2019-ita-e4746c5c634f,2019-ita,Race,20|23,23,20,,Turn 5,gaining_advantage_off_track,time_penalty,referral-04911fbad66e4e0b,10.0,8.0,candidate_pending_review,"[""exact_car_set"", ""location""]",pending_human_validation,,
adjudication-seed-fia-2019-ita-ef49a857f7de-01,adj-fce27d672a231903,incident-src-fce27d672a231903,fia-2019-ita-ef49a857f7de,2019-ita,Race,5|10|18,18,5|10,,Turn 10,unsafe_rejoin,drive_through,referral-5cc4d3d41b466877,8.0,6.0,candidate_pending_review,"[""accused_car"", ""incident_family"", ""terminal_outcome""]",pending_human_validation,,
adjudication-seed-fia-2019-usa-d3bdd32ef24c-01,adj-da2c95f3aa831f34,incident-src-da2c95f3aa831f34,fia-2019-usa-d3bdd32ef24c,2019-usa,Race,11|26,26,11,,Turn 15,causing_collision,time_penalty,referral-b7b1c1628ee7b46b,13.0,8.0,high_confidence_algorithmic,"[""exact_car_set"", ""incident_family"", ""terminal_outcome""]",pending_human_validation,,
adjudication-seed-fia-2019-bra-810d6e70c069-01,adj-7a979b9c5e405e83,incident-src-7a979b9c5e405e83,fia-2019-bra-810d6e70c069,2019-bra,Race,23|44,44,23,,Turn 10,causing_collision,time_penalty,referral-8bae9b55f0749bef,10.0,,candidate_pending_review,"[""exact_car_set"", ""location""]",pending_human_validation,,
adjudication-seed-fia-2020-aut-61b974e38056-01,adj-f6450ff6c230f5e0,incident-src-f6450ff6c230f5e0,fia-2020-aut-61b974e38056,2020-aut,Race,23|44,44,23,,Turn 4,causing_collision,time_penalty,referral-4f2acd9877c92ee0,15.0,,high_confidence_algorithmic,"[""exact_car_set"", ""incident_family"", ""location"", ""terminal_outcome""]",pending_human_validation,,
adjudication-seed-fia-2020-gbr-09d0b07d741a-01,adj-e605aead612094fc,incident-src-e605aead612094fc,fia-2020-gbr-09d0b07d741a,2020-gbr,Race,3|8,8,3,,Turn 6,moving_under_braking,warning,referral-4b6f55e5f67fa720,13.0,,high_confidence_algorithmic,"[""exact_car_set"", ""incident_family"", ""location""]",pending_human_validation,,
adjudication-seed-fia-2020-70a-2f908d545c9e-01,adj-70745e64b862fd6a,incident-src-70745e64b862fd6a,fia-2020-70a-2f908d545c9e,2020-70a,Race,20,20,,,Turn 15,unsafe_rejoin,time_penalty,referral-ab2d73fb32c23519,11.0,,candidate_pending_review,"[""adjudication_car_set_within_episode"", ""location"", ""terminal_outcome""]",pending_human_validation,,
adjudication-seed-fia-2020-esp-bc594cf0008c-01,adj-c1cfa4c6f7b7d14c,incident-src-c1cfa4c6f7b7d14c,fia-2020-esp-bc594cf0008c,2020-esp,Race,99,99,,,"Turns 1, 3",forcing_off_track,no_further_action,referral-dd666b9e2f8de522,7.0,,candidate_pending_review,"[""adjudication_car_set_within_episode""]",pending_human_validation,,
adjudication-seed-fia-2020-ita-3d5494c6edc8-01,adj-c473006e0e821fa8,incident-src-c473006e0e821fa8,fia-2020-ita-3d5494c6edc8,2020-ita,Race,8|23,23,8,,,causing_collision,time_penalty,referral-83878e66d84e44ae,7.0,,candidate_pending_review,"[""adjudication_car_set_within_episode""]",pending_human_validation,,
adjudication-seed-fia-2020-tus-3299714baba8-01,adj-ca80459eed6f3310,incident-src-ca80459eed6f3310,fia-2020-tus-3299714baba8,2020-tus,Race,7|8|10|33,8,10|7|33,,,causing_collision,no_further_action,referral-3168b0e2e5a515c1,12.0,,candidate_pending_review,"[""adjudication_car_set_within_episode"", ""incident_family"", ""terminal_outcome""]",pending_human_validation,,
adjudication-seed-fia-2020-tus-65bfe923f953-01,adj-fe001d9ef4550a20,incident-src-fe001d9ef4550a20,fia-2020-tus-65bfe923f953,2020-tus,Race,7|8|10|33,33,10|8|7,,,causing_collision,no_further_action,referral-3168b0e2e5a515c1,12.0,,candidate_pending_review,"[""adjudication_car_set_within_episode"", ""incident_family"", ""terminal_outcome""]",pending_human_validation,,
adjudication-seed-fia-2020-tus-8b2908d46c54-01,adj-3bbbd293cbbdc303,incident-src-3bbbd293cbbdc303,fia-2020-tus-8b2908d46c54,2020-tus,Race,7|8|10|33,10,8|7|33,,,causing_collision,no_further_action,referral-3168b0e2e5a515c1,12.0,,candidate_pending_review,"[""adjudication_car_set_within_episode"", ""incident_family"", ""terminal_outcome""]",pending_human_validation,,
adjudication-seed-fia-2020-tus-8f4aa7153d82-01,adj-d8273ef853fc3e35,incident-src-d8273ef853fc3e35,fia-2020-tus-8f4aa7153d82,2020-tus,Race,7|8|10|33,7,10|8|33,,,causing_collision,no_further_action,referral-3168b0e2e5a515c1,12.0,,candidate_pending_review,"[""adjudication_car_set_within_episode"", ""incident_family"", ""terminal_outcome""]",pending_human_validation,,
adjudication-seed-fia-2020-eif-3377de36ccd9-01,adj-cd5bc15f552b8092,incident-src-cd5bc15f552b8092,fia-2020-eif-3377de36ccd9,2020-eif,Race,7|63,7,63,,Turn 1,causing_collision,time_penalty,referral-9d11f86984796490,15.0,,high_confidence_algorithmic,"[""exact_car_set"", ""incident_family"", ""location"", ""terminal_outcome""]",pending_human_validation,,
adjudication-seed-fia-2020-eif-588d347b498e-01,adj-334b6200470cb5bc,incident-src-334b6200470cb5bc,fia-2020-eif-588d347b498e,2020-eif,Race,23|26,23,26,,Turn 14,causing_collision,time_penalty,referral-2b30f84b57227347,15.0,,high_confidence_algorithmic,"[""exact_car_set"", ""incident_family"", ""location"", ""terminal_outcome""]",pending_human_validation,,
adjudication-seed-fia-2020-por-69db98466a96-01,adj-51812139587add7e,incident-src-51812139587add7e,fia-2020-por-69db98466a96,2020-por,Race,4|18,18,4,,Turn 1,causing_collision,time_penalty,referral-a82360ea8c04197a,15.0,,high_confidence_algorithmic,"[""exact_car_set"", ""incident_family"", ""location"", ""terminal_outcome""]",pending_human_validation,,
adjudication-seed-fia-2020-emi-399ca2a328b0-01,adj-1b1da487e3a306a9,incident-src-1b1da487e3a306a9,fia-2020-emi-399ca2a328b0,2020-emi,Race,5|20,5,20,,Turn 7,causing_collision,no_further_action,referral-d4b42208d21c7a44,15.0,,high_confidence_algorithmic,"[""exact_car_set"", ""incident_family"", ""location"", ""terminal_outcome""]",pending_human_validation,,
adjudication-seed-fia-2020-bhr-5b520e69cfdd-01,adj-f43e6ce41cf9c965,incident-src-f43e6ce41cf9c965,fia-2020-bhr-5b520e69cfdd,2020-bhr,Race,18|26,26,18,,Turn 8,causing_collision,time_penalty,referral-c369b6c3f1ce4353,14.0,,high_confidence_algorithmic,"[""adjudication_car_set_within_episode"", ""incident_family"", ""location"", ""terminal_outcome""]",pending_human_validation,,
adjudication-seed-fia-2020-skh-9e2651e5d5ba-01,adj-f1add43ec601d687,incident-src-f1add43ec601d687,fia-2020-skh-9e2651e5d5ba,2020-skh,Race,11|16|33,16,11|33,,Turn 4,causing_collision,grid_penalty,referral-8bdc3080b6a0d7d2,10.0,,candidate_pending_review,"[""exact_car_set"", ""location""]",pending_human_validation,,
adjudication-seed-fia-2021-bhr-4c375a5d45e3-01,adj-fee2caa67a10b6f2,incident-src-fee2caa67a10b6f2,fia-2021-bhr-4c375a5d45e3,2021-bhr,Race,5|31,5,31,,Turn 1,causing_collision,time_penalty,referral-d4f11c9cc5b2c052,15.0,,high_confidence_algorithmic,"[""exact_car_set"", ""incident_family"", ""location"", ""terminal_outcome""]",pending_human_validation,,
adjudication-seed-fia-2021-emi-791fd6e0a7e9-01,adj-3651fb62c9bcfb6e,incident-src-3651fb62c9bcfb6e,fia-2021-emi-791fd6e0a7e9,2021-emi,Race,10|18,18,10,,Turns 2-3,gaining_advantage_off_track,time_penalty,,,,unmatched,[],pending_human_validation,,
adjudication-seed-fia-2021-emi-ac5240ba7d02-01,adj-7ff377c3d8f5c74c,incident-src-7ff377c3d8f5c74c,fia-2021-emi-ac5240ba7d02,2021-emi,Race,63|77,63,77,,"Turns 2, 1",causing_collision,no_further_action,referral-7ad1cab1827db0a6,8.0,,candidate_pending_review,"[""exact_car_set""]",pending_human_validation,,
adjudication-seed-fia-2021-esp-fee027bbec83-01,adj-6e832bed12ff975e,incident-src-6e832bed12ff975e,fia-2021-esp-fee027bbec83,2021-esp,Race,14|18,14,18,,"Turns 2, 1, 18",forcing_off_track,no_further_action,referral-b037bce259c35fdf,8.0,,candidate_pending_review,"[""exact_car_set""]",pending_human_validation,,
adjudication-seed-fia-2021-aut-01e04f2a38ce-01,adj-abdb85bbc64ee3ce,incident-src-abdb85bbc64ee3ce,fia-2021-aut-01e04f2a38ce,2021-aut,Race,11,11,,,Turn 6,forcing_off_track,time_penalty,referral-4f7d8c57c76563e4,14.0,12.0,high_confidence_algorithmic,"[""adjudication_car_set_within_episode"", ""incident_family"", ""location"", ""terminal_outcome""]",pending_human_validation,,
adjudication-seed-fia-2021-aut-5bb9fcd0e3b6-01,adj-777fb475fb7ad14e,incident-src-777fb475fb7ad14e,fia-2021-aut-5bb9fcd0e3b6,2021-aut,Race,5|7,7,5,,Turn 5,causing_collision,drive_through,referral-07ba0521d047f4a1,13.0,,high_confidence_algorithmic,"[""exact_car_set"", ""incident_family"", ""location""]",pending_human_validation,,
adjudication-seed-fia-2021-aut-5c20f18ec25e-01,adj-49f9f1c21c411724,incident-src-49f9f1c21c411724,fia-2021-aut-5c20f18ec25e,2021-aut,Race,11,11,,,Turn 4,forcing_off_track,time_penalty,referral-0574b825cbe7238b,14.0,12.0,high_confidence_algorithmic,"[""adjudication_car_set_within_episode"", ""incident_family"", ""location"", ""terminal_outcome""]",pending_human_validation,,
adjudication-seed-fia-2021-aut-634bfff34401-01,adj-54aa1906bbba2dd4,incident-src-54aa1906bbba2dd4,fia-2021-aut-634bfff34401,2021-aut,Race,7|63,63,7,,Turn 4,moving_under_braking,no_further_action,,,,unmatched,[],pending_human_validation,,
adjudication-seed-fia-2021-aut-f412d61f822f-01,adj-1e536209371259a3,incident-src-1e536209371259a3,fia-2021-aut-f412d61f822f,2021-aut,Race,4,4,,,Turn 4,forcing_off_track,time_penalty,referral-975aa303d43077d5,13.0,9.0,high_confidence_algorithmic,"[""exact_car_set"", ""incident_family"", ""terminal_outcome""]",pending_human_validation,,
adjudication-seed-fia-2021-gbr-2ca2a34d14e0-01,adj-03b38afbf69e24d1,incident-src-03b38afbf69e24d1,fia-2021-gbr-2ca2a34d14e0,2021-gbr,Sprint,55|63,63,55,,Turn 6,causing_collision,grid_penalty,referral-4844ad042f1b4c0d,13.0,,high_confidence_algorithmic,"[""exact_car_set"", ""incident_family"", ""location""]",pending_human_validation,,
adjudication-seed-fia-2021-gbr-2edd347d5de5-01,adj-a02457481a461185,incident-src-a02457481a461185,fia-2021-gbr-2edd347d5de5,2021-gbr,Race,33|44,44,33,,Turn 9,causing_collision,time_penalty,referral-a520c9f861b21016,13.0,8.0,high_confidence_algorithmic,"[""exact_car_set"", ""incident_family"", ""location""]",pending_human_validation,,
adjudication-seed-fia-2021-gbr-8b960af59804-01,adj-30cd37fefdf5a1b2,incident-src-30cd37fefdf5a1b2,fia-2021-gbr-8b960af59804,2021-gbr,Sprint,10|55|63,55,63|10,,"Turns 7, 6",unsafe_rejoin,no_further_action,referral-4844ad042f1b4c0d,6.0,,candidate_pending_review,"[""accused_car"", ""affected_car_overlap""]",pending_human_validation,,
adjudication-seed-fia-2021-hun-06f5959922b8-01,adj-9cf492ef26deae16,incident-src-9cf492ef26deae16,fia-2021-hun-06f5959922b8,2021-hun,Race,4|77,77,4,,Turn 1,causing_collision,grid_penalty,,,,unmatched,[],pending_human_validation,,
adjudication-seed-fia-2021-hun-62b291657006-01,adj-3bb833a815e06668,incident-src-3bb833a815e06668,fia-2021-hun-62b291657006,2021-hun,Race,16|18,18,16,,Turn 1,causing_collision,grid_penalty,,,,unmatched,[],pending_human_validation,,
adjudication-seed-fia-2021-ita-4c12fa91b10c-01,adj-e4fd8aefb1774911,incident-src-e4fd8aefb1774911,fia-2021-ita-4c12fa91b10c,2021-ita,Race,5|31,31,5,,Turn 4,causing_collision,time_penalty,referral-55a712c657b70d16,15.0,7.0,high_confidence_algorithmic,"[""exact_car_set"", ""incident_family"", ""location"", ""terminal_outcome""]",pending_human_validation,,
adjudication-seed-fia-2021-ita-7d9dacc5104e-01,adj-f60d03c08c0d59ec,incident-src-f60d03c08c0d59ec,fia-2021-ita-7d9dacc5104e,2021-ita,Race,11|16,11,16,,"Turns 5, 4",gaining_advantage_off_track,time_penalty,referral-443698a964c2dcbe,8.0,,candidate_pending_review,"[""accused_car"", ""incident_family"", ""terminal_outcome""]",pending_human_validation,,
adjudication-seed-fia-2021-ita-7df29923e8ce-01,adj-fca50105e4c6d3fe,incident-src-fca50105e4c6d3fe,fia-2021-ita-7df29923e8ce,2021-ita,Race,55|99,99,55,,Turn 4,unsafe_rejoin,time_penalty,referral-18418205c7577815,8.0,8.0,ambiguous_pending_review,"[""exact_car_set""]",pending_human_validation,,
adjudication-seed-fia-2021-ita-92b2944f6398-01,adj-23f9ed84ba3379b7,incident-src-23f9ed84ba3379b7,fia-2021-ita-92b2944f6398,2021-ita,Race,9|47,9,47,,Turn 4,causing_collision,time_penalty,referral-e9405598e687c390,15.0,7.0,high_confidence_algorithmic,"[""exact_car_set"", ""incident_family"", ""location"", ""terminal_outcome""]",pending_human_validation,,
adjudication-seed-fia-2021-ita-c67ef61c2b22-01,adj-19a168f046f62aee,incident-src-19a168f046f62aee,fia-2021-ita-c67ef61c2b22,2021-ita,Sprint,11|18,11,18,,"Turns 2, 1",gaining_advantage_off_track,no_further_action,referral-bc97006d12687419,9.0,,candidate_pending_review,"[""adjudication_car_set_within_episode"", ""terminal_outcome""]",pending_human_validation,,
adjudication-seed-fia-2021-ita-d726c5d4355d-01,adj-1b5a174b1f09dff2,incident-src-1b5a174b1f09dff2,fia-2021-ita-d726c5d4355d,2021-ita,Race,33|44,33,44,,"Turns 2, 1",causing_collision,grid_penalty,referral-904ab9a268567059,8.0,8.0,ambiguous_pending_review,"[""exact_car_set""]",pending_human_validation,,
adjudication-seed-fia-2021-rus-cc74bb905576-01,adj-a2fb74b22534188a,incident-src-a2fb74b22534188a,fia-2021-rus-cc74bb905576,2021-rus,Race,10|18,18,10,,Turn 8,causing_collision,time_penalty,referral-fda2f5daee08c946,8.0,,candidate_pending_review,"[""exact_car_set""]",pending_human_validation,,
adjudication-seed-fia-2021-tur-8316f5ba45fb-01,adj-2c5dc6cc5a2cbef7,incident-src-2c5dc6cc5a2cbef7,fia-2021-tur-8316f5ba45fb,2021-tur,Race,14|47,14,47,2,Turn 4,causing_collision,time_penalty,referral-96e6a1e44b22f837,13.0,8.0,high_confidence_algorithmic,"[""exact_car_set"", ""incident_family"", ""location""]",pending_human_validation,,
adjudication-seed-fia-2021-tur-93d16b7d94df-01,adj-b778b990971d2a47,incident-src-b778b990971d2a47,fia-2021-tur-93d16b7d94df,2021-tur,Race,10|14,10,14,1,Turn 1,causing_collision,time_penalty,referral-a7d53580889c5904,15.0,6.0,high_confidence_algorithmic,"[""exact_car_set"", ""incident_family"", ""location"", ""terminal_outcome""]",pending_human_validation,,
adjudication-seed-fia-2021-sao-2a5ecda10fa1-01,adj-3036462c60f0a464,incident-src-3036462c60f0a464,fia-2021-sao-2a5ecda10fa1,2021-sao,Race,18|22,22,18,,Turn 1,causing_collision,time_penalty,referral-cdea3e9a077a3888,10.0,8.0,candidate_pending_review,"[""exact_car_set"", ""location""]",pending_human_validation,,
adjudication-seed-fia-2021-sau-0959688f5106-01,adj-02b95aa6fb08b86f,incident-src-02b95aa6fb08b86f,fia-2021-sau-0959688f5106,2021-sau,Race,33|44,33,44,,"Turns 26, 21",causing_collision,time_penalty,referral-13b3580c6c66bbf1,8.0,8.0,ambiguous_pending_review,"[""exact_car_set""]",pending_human_validation,,
adjudication-seed-fia-2021-sau-d305cebeff15-01,adj-f21c53526f851c56,incident-src-f21c53526f851c56,fia-2021-sau-d305cebeff15,2021-sau,Race,11|16,11,16,,Turn 3,causing_collision,no_further_action,,,,unmatched,[],pending_human_validation,,
adjudication-seed-fia-2021-sau-df60d44ca35e-01,adj-d7f3f0f646ff62ac,incident-src-d7f3f0f646ff62ac,fia-2021-sau-df60d44ca35e,2021-sau,Race,5|22,22,5,,Turn 2,causing_collision,time_penalty,referral-46569a2fef4fbfcf,15.0,,high_confidence_algorithmic,"[""exact_car_set"", ""incident_family"", ""location"", ""terminal_outcome""]",pending_human_validation,,
adjudication-seed-fia-2021-sau-e76c180b19e5-01,adj-d4ae4911fc1c3cf8,incident-src-d4ae4911fc1c3cf8,fia-2021-sau-e76c180b19e5,2021-sau,Race,33,33,,,Turn 1,gaining_advantage_off_track,time_penalty,referral-9a4016f76a3bb05d,13.0,9.0,high_confidence_algorithmic,"[""exact_car_set"", ""incident_family"", ""terminal_outcome""]",pending_human_validation,,
adjudication-seed-fia-2022-bhr-139703df6539-01,adj-f0d0f579c2d29f95,incident-src-f0d0f579c2d29f95,fia-2022-bhr-139703df6539,2022-bhr,Race,31|47,31,47,1,Turn 6,causing_collision,time_penalty,referral-3f7afa7fa15b623b,15.0,,high_confidence_algorithmic,"[""exact_car_set"", ""incident_family"", ""location"", ""terminal_outcome""]",pending_human_validation,,
adjudication-seed-fia-2022-bhr-3f720bfded90-01,adj-005169f6535a0e91,incident-src-005169f6535a0e91,fia-2022-bhr-3f720bfded90,2022-bhr,Race,18,18,,,"Turns 4, 6",forcing_off_track,no_further_action,referral-42da70ada1b217e6,10.0,,candidate_pending_review,"[""adjudication_car_set_within_episode"", ""incident_family""]",pending_human_validation,,
adjudication-seed-fia-2022-sau-626edbbd5a3a-01,adj-3baf9aacecb5c6e5,incident-src-3baf9aacecb5c6e5,fia-2022-sau-626edbbd5a3a,2022-sau,Race,18|23,23,18,48,Turn 1,causing_collision,grid_penalty,referral-3ca551749339034b,13.0,,high_confidence_algorithmic,"[""exact_car_set"", ""incident_family"", ""location""]",pending_human_validation,,
adjudication-seed-fia-2022-sau-fa0b9513331c-01,adj-9cb2c84260f7e56e,incident-src-9cb2c84260f7e56e,fia-2022-sau-fa0b9513331c,2022-sau,Race,23|24,24,23,,Turn 1,gaining_advantage_off_track,time_penalty,referral-1e663d3feb7385c9,8.0,8.0,ambiguous_pending_review,"[""accused_car"", ""incident_family"", ""terminal_outcome""]",pending_human_validation,,
adjudication-seed-fia-2022-aus-49ed71794697-01,adj-e9708326fa11c315,incident-src-e9708326fa11c315,fia-2022-aus-49ed71794697,2022-aus,Race,18|77,18,77,,,multiple_defensive_moves,time_penalty,referral-4e25ae7b3e60216b,8.0,,candidate_pending_review,"[""exact_car_set""]",pending_human_validation,,
adjudication-seed-fia-2022-aus-60118fcf81d1-01,adj-752796dd8601031a,incident-src-752796dd8601031a,fia-2022-aus-60118fcf81d1,2022-aus,Race,14|20,20,14,,Turns 3-4,forcing_off_track,no_further_action,referral-784e3ec049b343fe,11.0,,candidate_pending_review,"[""exact_car_set"", ""incident_family""]",pending_human_validation,,
adjudication-seed-fia-2022-mia-200cbc833915-01,adj-28c62e2652e40363,incident-src-28c62e2652e40363,fia-2022-mia-200cbc833915,2022-mia,Race,18|20,20,18,,Turn 2,causing_collision,no_further_action,referral-ab5ecffd4b1f535b,13.0,8.0,high_confidence_algorithmic,"[""exact_car_set"", ""incident_family"", ""location""]",pending_human_validation,,
adjudication-seed-fia-2022-mia-2f9a772ddfb1-01,adj-d7bbf8b8f5834a44,incident-src-d7bbf8b8f5834a44,fia-2022-mia-2f9a772ddfb1,2022-mia,Race,18|20,18,20,,Turn 2,causing_collision,no_further_action,referral-ab5ecffd4b1f535b,13.0,8.0,high_confidence_algorithmic,"[""exact_car_set"", ""incident_family"", ""location""]",pending_human_validation,,
adjudication-seed-fia-2022-mia-36df1eeb5c9c-01,adj-ec1cbeb429741336,incident-src-ec1cbeb429741336,fia-2022-mia-36df1eeb5c9c,2022-mia,Race,18|20,20,18,,Turn 11,causing_collision,time_penalty,referral-ab5ecffd4b1f535b,13.0,6.0,high_confidence_algorithmic,"[""exact_car_set"", ""incident_family"", ""terminal_outcome""]",pending_human_validation,,
adjudication-seed-fia-2022-mia-3a5e6c955052-01,adj-c2b66e044c2c2a46,incident-src-c2b66e044c2c2a46,fia-2022-mia-3a5e6c955052,2022-mia,Race,3|20,3,20,,Turn 12,gaining_advantage_off_track,time_penalty,referral-0a5650501778b6fc,12.0,8.0,candidate_pending_review,"[""adjudication_car_set_within_episode"", ""incident_family"", ""location""]",pending_human_validation,,
adjudication-seed-fia-2022-mia-3ef5fd2c5510-01,adj-a738d13a55b1a41c,incident-src-a738d13a55b1a41c,fia-2022-mia-3ef5fd2c5510,2022-mia,Race,14,14,,,Turn 14,gaining_advantage_off_track,time_penalty,referral-f85a8a54cda6b386,13.0,9.0,high_confidence_algorithmic,"[""exact_car_set"", ""incident_family"", ""location""]",pending_human_validation,,
adjudication-seed-fia-2022-mia-4865bb704728-01,adj-03184f34ac76878c,incident-src-03184f34ac76878c,fia-2022-mia-4865bb704728,2022-mia,Race,10|14,14,10,,Turn 1,causing_collision,time_penalty,referral-876de9dc1b18ea7b,15.0,,high_confidence_algorithmic,"[""exact_car_set"", ""incident_family"", ""location"", ""terminal_outcome""]",pending_human_validation,,
adjudication-seed-fia-2022-mia-604f9861a2a2-01,adj-73fce9170579e36d,incident-src-73fce9170579e36d,fia-2022-mia-604f9861a2a2,2022-mia,Race,5|47,47,5,,Turn 1,causing_collision,no_further_action,referral-1634cab5349707ea,14.0,,high_confidence_algorithmic,"[""adjudication_car_set_within_episode"", ""incident_family"", ""location"", ""terminal_outcome""]",pending_human_validation,,
adjudication-seed-fia-2022-mia-bbafb6bcc091-01,adj-edbdab17f12114c7,incident-src-edbdab17f12114c7,fia-2022-mia-bbafb6bcc091,2022-mia,Race,14,14,,,Turns 14-15,gaining_advantage_off_track,no_further_action,referral-f85a8a54cda6b386,11.0,7.0,candidate_pending_review,"[""exact_car_set"", ""incident_family""]",pending_human_validation,,
adjudication-seed-fia-2022-mia-f80da2ca1128-01,adj-accee74fb15b4fa6,incident-src-accee74fb15b4fa6,fia-2022-mia-f80da2ca1128,2022-mia,Race,5|47,5,47,,Turn 1,causing_collision,no_further_action,referral-1634cab5349707ea,14.0,,high_confidence_algorithmic,"[""adjudication_car_set_within_episode"", ""incident_family"", ""location"", ""terminal_outcome""]",pending_human_validation,,
adjudication-seed-fia-2022-esp-9eba7bd2599a-01,adj-b1443a946b9a7bc7,incident-src-b1443a946b9a7bc7,fia-2022-esp-9eba7bd2599a,2022-esp,Race,10|18,10,18,,Turn 1,causing_collision,time_penalty,referral-48f6a987a8ba4306,15.0,,high_confidence_algorithmic,"[""exact_car_set"", ""incident_family"", ""location"", ""terminal_outcome""]",pending_human_validation,,
adjudication-seed-fia-2022-mco-97b07e9513b1-01,adj-c7417e575dc4ccd4,incident-src-c7417e575dc4ccd4,fia-2022-mco-97b07e9513b1,2022-mco,Race,31|44,31,44,,Turn 1,causing_collision,time_penalty,referral-49355d675874c5de,13.0,8.0,high_confidence_algorithmic,"[""exact_car_set"", ""incident_family"", ""location""]",pending_human_validation,,
adjudication-seed-fia-2022-mco-a85320aa2719-01,adj-a3cd03fc1f19e87d,incident-src-a3cd03fc1f19e87d,fia-2022-mco-a85320aa2719,2022-mco,Race,23|24|47,23,47|24,,Turn 10,gaining_advantage_off_track,time_penalty,referral-ac3383f5ab1369b9,13.0,,high_confidence_algorithmic,"[""accused_car"", ""affected_car_overlap"", ""incident_family"", ""location"", ""terminal_outcome""]",pending_human_validation,,
adjudication-seed-fia-2022-can-cf2e6248bf5e-01,adj-ce81011ac9b394b9,incident-src-ce81011ac9b394b9,fia-2022-can-cf2e6248bf5e,2022-can,Race,14|77,14,77,,Turn 10,multiple_defensive_moves,time_penalty,,,,unmatched,[],pending_human_validation,,
adjudication-seed-fia-2022-gbr-81e6a9badf51-01,adj-2f0e84f6cc910eed,incident-src-2f0e84f6cc910eed,fia-2022-gbr-81e6a9badf51,2022-gbr,Race,10|22,22,10,,Turn 3,causing_collision,time_penalty,referral-36e92eadd8444450,15.0,8.0,high_confidence_algorithmic,"[""exact_car_set"", ""incident_family"", ""location"", ""terminal_outcome""]",pending_human_validation,,
adjudication-seed-fia-2022-aut-0b612be0b626-01,adj-ea983bef6c710033,incident-src-ea983bef6c710033,fia-2022-aut-0b612be0b626,2022-aut,Race,5|10,10,5,,Turn 4,causing_collision,time_penalty,referral-9d27e9541cb8b209,15.0,7.0,high_confidence_algorithmic,"[""exact_car_set"", ""incident_family"", ""location"", ""terminal_outcome""]",pending_human_validation,,
adjudication-seed-fia-2022-aut-116bb7866055-01,adj-4336ab73c4471912,incident-src-4336ab73c4471912,fia-2022-aut-116bb7866055,2022-aut,Race,11|63,63,11,,Turn 4,causing_collision,time_penalty,referral-e53b9398877a9d1c,15.0,7.0,high_confidence_algorithmic,"[""exact_car_set"", ""incident_family"", ""location"", ""terminal_outcome""]",pending_human_validation,,
adjudication-seed-fia-2022-aut-ab1a77f87104-01,adj-543da3861599debe,incident-src-543da3861599debe,fia-2022-aut-ab1a77f87104,2022-aut,Sprint,23,23,,,"Turns 3, 2",forcing_off_track,time_penalty,referral-145a6163424804e2,12.0,7.0,candidate_pending_review,"[""adjudication_car_set_within_episode"", ""incident_family"", ""terminal_outcome""]",pending_human_validation,,
adjudication-seed-fia-2022-fra-21ed142c13a0-01,adj-7d3d410e6a4ba360,incident-src-7d3d410e6a4ba360,fia-2022-fra-21ed142c13a0,2022-fra,Race,24|47,24,47,,Turn 11,causing_collision,time_penalty,referral-be7b03c7781d735e,15.0,6.0,high_confidence_algorithmic,"[""exact_car_set"", ""incident_family"", ""location"", ""terminal_outcome""]",pending_human_validation,,
adjudication-seed-fia-2022-fra-5b00af9baee5-01,adj-895a772a98e8bd31,incident-src-895a772a98e8bd31,fia-2022-fra-5b00af9baee5,2022-fra,Race,22|31,31,22,,Turn 8,causing_collision,time_penalty,referral-835ba4919b26bf62,15.0,,high_confidence_algorithmic,"[""exact_car_set"", ""incident_family"", ""location"", ""terminal_outcome""]",pending_human_validation,,
adjudication-seed-fia-2022-hun-12e2b5910b5d-01,adj-c2798a8076b05840,incident-src-c2798a8076b05840,fia-2022-hun-12e2b5910b5d,2022-hun,Race,24,24,,,"Turns 14, 13",gaining_advantage_off_track,no_further_action,referral-ef17bab76a218441,10.0,,candidate_pending_review,"[""adjudication_car_set_within_episode"", ""incident_family""]",pending_human_validation,,
adjudication-seed-fia-2022-hun-3dec8ba58233-01,adj-4a51b4c5ae3b893d,incident-src-4a51b4c5ae3b893d,fia-2022-hun-3dec8ba58233,2022-hun,Race,3|18,3,18,,Turn 2,causing_collision,time_penalty,referral-b56ea8038f408086,15.0,,high_confidence_algorithmic,"[""exact_car_set"", ""incident_family"", ""location"", ""terminal_outcome""]",pending_human_validation,,
adjudication-seed-fia-2022-bel-dac27d1c3f36-01,adj-6f98ef40918eece1,incident-src-6f98ef40918eece1,fia-2022-bel-dac27d1c3f36,2022-bel,Race,14|44,44,14,,Turn 5,causing_collision,no_further_action,referral-06f7cbef42a85f11,15.0,,high_confidence_algorithmic,"[""exact_car_set"", ""incident_family"", ""location"", ""terminal_outcome""]",pending_human_validation,,
adjudication-seed-fia-2022-ita-cd52e475af6e-01,adj-fddccc34ecc40f6c,incident-src-fddccc34ecc40f6c,fia-2022-ita-cd52e475af6e,2022-ita,Race,6|20,20,6,,Turn 1,gaining_advantage_off_track,time_penalty,referral-ce638ec236da1e4c,10.0,,candidate_pending_review,"[""accused_car"", ""incident_family"", ""location"", ""terminal_outcome""]",pending_human_validation,,
adjudication-seed-fia-2022-sgp-43a8ea523d85-01,adj-f74ed9090eea7d2d,incident-src-f74ed9090eea7d2d,fia-2022-sgp-43a8ea523d85,2022-sgp,Race,1|20,1,20,1,Turns 6-7,causing_collision,no_further_action,referral-ad8b21666896b543,16.0,,high_confidence_algorithmic,"[""exact_car_set"", ""incident_family"", ""explicit_lap"", ""terminal_outcome""]",pending_human_validation,,
adjudication-seed-fia-2022-sgp-f8928d0688eb-01,adj-ef4a6332c1a930b5,incident-src-ef4a6332c1a930b5,fia-2022-sgp-f8928d0688eb,2022-sgp,Race,6|24,6,24,,Turn 5,causing_collision,grid_penalty,referral-c7f06201ab374d1f,13.0,,high_confidence_algorithmic,"[""exact_car_set"", ""incident_family"", ""location""]",pending_human_validation,,
adjudication-seed-fia-2022-jpn-786e23bdcd54-01,adj-b8d4324786805037,incident-src-b8d4324786805037,fia-2022-jpn-786e23bdcd54,2022-jpn,Race,16,16,,,,gaining_advantage_off_track,time_penalty,referral-bbf93312f89e7e83,12.0,,candidate_pending_review,"[""adjudication_car_set_within_episode"", ""incident_family"", ""terminal_outcome""]",pending_human_validation,,
adjudication-seed-fia-2022-usa-06bd3fce2943-01,adj-e828b49af09e3c17,incident-src-e828b49af09e3c17,fia-2022-usa-06bd3fce2943,2022-usa,Race,23,23,,,,gaining_advantage_off_track,time_penalty,referral-98a1456ef6332edc,10.0,7.0,candidate_pending_review,"[""adjudication_car_set_within_episode"", ""incident_family""]",pending_human_validation,,
adjudication-seed-fia-2022-usa-3fa875d5a85e-01,adj-8056dff0ab98fd58,incident-src-8056dff0ab98fd58,fia-2022-usa-3fa875d5a85e,2022-usa,Race,6|47,6,47,,Turn 12,causing_collision,time_penalty,referral-c809e324a033e4fc,13.0,,high_confidence_algorithmic,"[""exact_car_set"", ""incident_family"", ""location""]",pending_human_validation,,
adjudication-seed-fia-2022-usa-77995d83458f-01,adj-9c5057e738e04730,incident-src-9c5057e738e04730,fia-2022-usa-77995d83458f,2022-usa,Race,55|63,63,55,,Turn 1,causing_collision,time_penalty,referral-e1f645df500c1c11,15.0,,high_confidence_algorithmic,"[""exact_car_set"", ""incident_family"", ""location"", ""terminal_outcome""]",pending_human_validation,,
adjudication-seed-fia-2022-usa-be8d3f7fc123-01,adj-cbab2a2368386dd0,incident-src-cbab2a2368386dd0,fia-2022-usa-be8d3f7fc123,2022-usa,Race,14|18,18,14,,,causing_collision,grid_penalty,referral-52ca5ebc758ae25e,11.0,,candidate_pending_review,"[""exact_car_set"", ""incident_family""]",pending_human_validation,,
adjudication-seed-fia-2022-mex-0c20b3af2f45-01,adj-e25cec29abffafb1,incident-src-e25cec29abffafb1,fia-2022-mex-0c20b3af2f45,2022-mex,Race,10,10,,,Turn 4,gaining_advantage_off_track,time_penalty,referral-6984f28e6f4d5390,11.0,,candidate_pending_review,"[""adjudication_car_set_within_episode"", ""location"", ""terminal_outcome""]",pending_human_validation,,
adjudication-seed-fia-2022-mex-9975b4f5dd0e-01,adj-2642da4344825f6e,incident-src-2642da4344825f6e,fia-2022-mex-9975b4f5dd0e,2022-mex,Race,3,3,,,,causing_collision,time_penalty,referral-356c0381e1def57c,12.0,,candidate_pending_review,"[""adjudication_car_set_within_episode"", ""incident_family"", ""terminal_outcome""]",pending_human_validation,,
adjudication-seed-fia-2022-sao-1389f4a1ad53-01,adj-e01a3f0d7bc0ac4d,incident-src-e01a3f0d7bc0ac4d,fia-2022-sao-1389f4a1ad53,2022-sao,Sprint,14|31,14,31,,"Turns 15, 4",causing_collision,time_penalty,referral-1ac16516e7acdc09,11.0,11.0,ambiguous_pending_review,"[""exact_car_set"", ""incident_family""]",pending_human_validation,,
adjudication-seed-fia-2022-sao-695fd61e1d50-01,adj-96f32b26fd720b87,incident-src-96f32b26fd720b87,fia-2022-sao-695fd61e1d50,2022-sao,Race,4|16,4,16,,Turn 6,causing_collision,time_penalty,referral-aa461e885941c585,13.0,,high_confidence_algorithmic,"[""exact_car_set"", ""incident_family"", ""terminal_outcome""]",pending_human_validation,,
adjudication-seed-fia-2022-sao-912114518455-01,adj-40c4f3d12c15506c,incident-src-40c4f3d12c15506c,fia-2022-sao-912114518455,2022-sao,Race,1|44,1,44,,Turns 1-2,causing_collision,time_penalty,referral-0dd70d10c29e7dad,13.0,,high_confidence_algorithmic,"[""exact_car_set"", ""incident_family"", ""terminal_outcome""]",pending_human_validation,,
adjudication-seed-fia-2022-sao-b61d2a302ed0-01,adj-3700ca1e1401e213,incident-src-3700ca1e1401e213,fia-2022-sao-b61d2a302ed0,2022-sao,Race,3|20,3,20,,Turn 8,causing_collision,grid_penalty,referral-67780866808a5f6f,11.0,,candidate_pending_review,"[""exact_car_set"", ""incident_family""]",pending_human_validation,,
adjudication-seed-fia-2022-abu-6afd5d82f378-01,adj-5c847c13b64952f6,incident-src-5c847c13b64952f6,fia-2022-abu-6afd5d82f378,2022-abu,Race,6|47,47,6,,Turn 5,causing_collision,time_penalty,referral-92a69d6732b75346,15.0,,high_confidence_algorithmic,"[""exact_car_set"", ""incident_family"", ""location"", ""terminal_outcome""]",pending_human_validation,,
adjudication-seed-fia-2023-aus-039df3ca41c2-01,adj-844c3eb0fcd476be,incident-src-844c3eb0fcd476be,fia-2023-aus-039df3ca41c2,2023-aus,Race,14|55,55,14,,,causing_collision,time_penalty,referral-819d022d7636c1c8,13.0,,high_confidence_algorithmic,"[""exact_car_set"", ""incident_family"", ""terminal_outcome""]",pending_human_validation,,
adjudication-seed-fia-2023-mco-4b0df1c86e92-01,adj-dddf2d8d47ab0fc0,incident-src-dddf2d8d47ab0fc0,fia-2023-mco-4b0df1c86e92,2023-mco,Race,27,27,,,Turn 6,causing_collision,time_penalty,referral-4e46caea8d8ce0ce,12.0,10.0,candidate_pending_review,"[""adjudication_car_set_within_episode"", ""incident_family"", ""terminal_outcome""]",pending_human_validation,,
adjudication-seed-fia-2023-mco-714f0af99f3c-01,adj-fbe0c3835d72fcf2,incident-src-fbe0c3835d72fcf2,fia-2023-mco-714f0af99f3c,2023-mco,Race,11|63,63,11,,Turn 5,unsafe_rejoin,time_penalty,referral-2669d9532a4afad7,15.0,,high_confidence_algorithmic,"[""exact_car_set"", ""incident_family"", ""location"", ""terminal_outcome""]",pending_human_validation,,
adjudication-seed-fia-2023-esp-d60c194c8ff7-01,adj-b762034ba93ba8b3,incident-src-b762034ba93ba8b3,fia-2023-esp-d60c194c8ff7,2023-esp,Race,22|24,22,24,,Turn 1,forcing_off_track,time_penalty,referral-02a609cb4be23cea,15.0,,high_confidence_algorithmic,"[""exact_car_set"", ""incident_family"", ""location"", ""terminal_outcome""]",pending_human_validation,,
adjudication-seed-fia-2023-can-572578a57a9b-01,adj-bc46b8ef7db29a9f,incident-src-bc46b8ef7db29a9f,fia-2023-can-572578a57a9b,2023-can,Race,20|21,20,21,,Turn 3,causing_collision,no_further_action,referral-24332aa9bf8ad2fa,13.0,,high_confidence_algorithmic,"[""exact_car_set"", ""incident_family"", ""terminal_outcome""]",pending_human_validation,,
adjudication-seed-fia-2023-can-79ff129eac93-01,adj-59a7fa0595802b73,incident-src-59a7fa0595802b73,fia-2023-can-79ff129eac93,2023-can,Race,20|21,21,20,,Turn 3,causing_collision,no_further_action,referral-24332aa9bf8ad2fa,13.0,,high_confidence_algorithmic,"[""exact_car_set"", ""incident_family"", ""terminal_outcome""]",pending_human_validation,,
adjudication-seed-fia-2023-aut-b9a48d1d47b0-01,adj-322e1b8d35cf5618,incident-src-322e1b8d35cf5618,fia-2023-aut-b9a48d1d47b0,2023-aut,Race,20|21,21,20,,Turn 6,forcing_off_track,time_penalty,referral-88def38af372b6c3,15.0,11.0,high_confidence_algorithmic,"[""exact_car_set"", ""incident_family"", ""location"", ""terminal_outcome""]",pending_human_validation,,
adjudication-seed-fia-2023-gbr-c357ab019929-01,adj-f17f068e5fcade97,incident-src-f17f068e5fcade97,fia-2023-gbr-c357ab019929,2023-gbr,Race,18,18,,,Turns 16-17,causing_collision,time_penalty,referral-242ae7ad2fc0cf31,12.0,8.0,candidate_pending_review,"[""adjudication_car_set_within_episode"", ""incident_family"", ""terminal_outcome""]",pending_human_validation,,
adjudication-seed-fia-2023-hun-0707a92a8ea9-01,adj-c8f5cfeb2f7e6b47,incident-src-c8f5cfeb2f7e6b47,fia-2023-hun-0707a92a8ea9,2023-hun,Race,3|24,24,3,,Turn 1,causing_collision,time_penalty,referral-b0b88f305b6da331,8.0,,candidate_pending_review,"[""accused_car"", ""incident_family"", ""terminal_outcome""]",pending_human_validation,,
adjudication-seed-fia-2023-bel-114852357eb8-01,adj-776c2086c0a9c6de,incident-src-776c2086c0a9c6de,fia-2023-bel-114852357eb8,2023-bel,Sprint,44,44,,,Turn 15,causing_collision,time_penalty,referral-c8d807c438aeb7eb,14.0,,high_confidence_algorithmic,"[""adjudication_car_set_within_episode"", ""incident_family"", ""location"", ""terminal_outcome""]",pending_human_validation,,
adjudication-seed-fia-2023-ned-26a60af9f412-01,adj-43692d4605090feb,incident-src-43692d4605090feb,fia-2023-ned-26a60af9f412,2023-ned,Race,22,22,,,,causing_collision,time_penalty,referral-e53215989816aca5,12.0,7.0,candidate_pending_review,"[""adjudication_car_set_within_episode"", ""incident_family"", ""terminal_outcome""]",pending_human_validation,,
adjudication-seed-fia-2023-ita-06048f646efe-01,adj-c44453d1de46285e,incident-src-c44453d1de46285e,fia-2023-ita-06048f646efe,2023-ita,Race,2,2,,,Turn 4,causing_collision,time_penalty,referral-73d82b00531d95b2,12.0,7.0,candidate_pending_review,"[""adjudication_car_set_within_episode"", ""incident_family"", ""terminal_outcome""]",pending_human_validation,,
adjudication-seed-fia-2023-ita-695ef0d50644-01,adj-54e879286ae14a87,incident-src-54e879286ae14a87,fia-2023-ita-695ef0d50644,2023-ita,Race,63,63,,,Turn 2,gaining_advantage_off_track,time_penalty,referral-bdb7860eeb20430c,14.0,,high_confidence_algorithmic,"[""adjudication_car_set_within_episode"", ""incident_family"", ""location"", ""terminal_outcome""]",pending_human_validation,,
adjudication-seed-fia-2023-ita-c07ce16b4e46-01,adj-aa926d6db0e47df5,incident-src-aa926d6db0e47df5,fia-2023-ita-c07ce16b4e46,2023-ita,Race,44,44,,,Turn 4,causing_collision,time_penalty,referral-34475639550d3206,14.0,,high_confidence_algorithmic,"[""adjudication_car_set_within_episode"", ""incident_family"", ""location"", ""terminal_outcome""]",pending_human_validation,,
adjudication-seed-fia-2023-ita-de884677f296-01,adj-abd5652e3930b04c,incident-src-abd5652e3930b04c,fia-2023-ita-de884677f296,2023-ita,Race,81,81,,,Turns 1-5,gaining_advantage_off_track,time_penalty,referral-34475639550d3206,9.0,7.0,candidate_pending_review,"[""adjudication_car_set_within_episode"", ""terminal_outcome""]",pending_human_validation,,
adjudication-seed-fia-2023-sgp-f4e066ac44c1-01,adj-1eae245c11ac871f,incident-src-1eae245c11ac871f,fia-2023-sgp-f4e066ac44c1,2023-sgp,Race,11|23|40,11,23|40,,Turn 13,causing_collision,time_penalty,referral-fa5877ac295331e9,11.0,9.0,candidate_pending_review,"[""accused_car"", ""affected_car_overlap"", ""incident_family"", ""location""]",pending_human_validation,,
adjudication-seed-fia-2023-jpn-45592291a09c-01,adj-478d73ac843b6a2b,incident-src-478d73ac843b6a2b,fia-2023-jpn-45592291a09c,2023-jpn,Race,11|20,11,20,,Turn 11,causing_collision,time_penalty,referral-570dacabeafaef1c,15.0,7.0,high_confidence_algorithmic,"[""exact_car_set"", ""incident_family"", ""location"", ""terminal_outcome""]",pending_human_validation,,
adjudication-seed-fia-2023-jpn-ce0c4d6ce752-01,adj-ac7b841c1ea1648e,incident-src-ac7b841c1ea1648e,fia-2023-jpn-ce0c4d6ce752,2023-jpn,Race,2,2,,,Turn 11,causing_collision,time_penalty,referral-2d9c0cda09c84248,14.0,7.0,high_confidence_algorithmic,"[""adjudication_car_set_within_episode"", ""incident_family"", ""location"", ""terminal_outcome""]",pending_human_validation,,
adjudication-seed-fia-2023-qat-04250e16f5a2-01,adj-f5b1f1c51a022137,incident-src-f5b1f1c51a022137,fia-2023-qat-04250e16f5a2,2023-qat,Race,44|63,44,63,1,Turn 1,causing_collision,no_further_action,referral-03dadc373d8e923f,13.0,,high_confidence_algorithmic,"[""exact_car_set"", ""incident_family"", ""location""]",pending_human_validation,,
adjudication-seed-fia-2023-qat-925cce82b462-01,adj-b485215d0d2901c7,incident-src-b485215d0d2901c7,fia-2023-qat-925cce82b462,2023-qat,Race,14|16,14,16,,Turn 2,unsafe_rejoin,reprimand,referral-eae8e2cfc58a340d,8.0,,candidate_pending_review,"[""accused_car"", ""incident_family"", ""location""]",pending_human_validation,,
adjudication-seed-fia-2023-usa-0349556641dc-01,adj-935cbd4cd614af87,incident-src-935cbd4cd614af87,fia-2023-usa-0349556641dc,2023-usa,Sprint,23|81,23,81,,Turn 1,gaining_advantage_off_track,no_further_action,referral-bb402d05433ecd0e,15.0,6.0,high_confidence_algorithmic,"[""exact_car_set"", ""incident_family"", ""location"", ""terminal_outcome""]",pending_human_validation,,
adjudication-seed-fia-2023-usa-233ee024e884-01,adj-69521e50d0d556b6,incident-src-69521e50d0d556b6,fia-2023-usa-233ee024e884,2023-usa,Sprint,63|81,63,81,,Turn 15,gaining_advantage_off_track,time_penalty,referral-41aa9fc9c52b1081,15.0,7.0,high_confidence_algorithmic,"[""exact_car_set"", ""incident_family"", ""location"", ""terminal_outcome""]",pending_human_validation,,
adjudication-seed-fia-2023-usa-4b0f79bc4886-01,adj-0b22a250d896b161,incident-src-0b22a250d896b161,fia-2023-usa-4b0f79bc4886,2023-usa,Race,2|18,18,2,,Turn 12,gaining_advantage_off_track,no_further_action,referral-a6aaa7fa2cdf6990,12.0,,candidate_pending_review,"[""exact_car_set"", ""location"", ""terminal_outcome""]",pending_human_validation,,
adjudication-seed-fia-2023-usa-cf78524f4683-01,adj-b34bfbde37e56841,incident-src-b34bfbde37e56841,fia-2023-usa-cf78524f4683,2023-usa,Sprint,20|24,24,20,,Turn 1,forcing_off_track,no_further_action,referral-514c03437a7f4166,15.0,8.0,high_confidence_algorithmic,"[""exact_car_set"", ""incident_family"", ""location"", ""terminal_outcome""]",pending_human_validation,,
adjudication-seed-fia-2023-usa-f78ade45f844-01,adj-b05ba7caf0f910d9,incident-src-b05ba7caf0f910d9,fia-2023-usa-f78ade45f844,2023-usa,Sprint,20|24,24,20,,Turn 15,gaining_advantage_off_track,time_penalty,referral-8bf6626169dcd459,15.0,8.0,high_confidence_algorithmic,"[""exact_car_set"", ""incident_family"", ""location"", ""terminal_outcome""]",pending_human_validation,,
adjudication-seed-fia-2023-mex-1b2fb3ec7748-01,adj-dc4289d79e963b95,incident-src-dc4289d79e963b95,fia-2023-mex-1b2fb3ec7748,2023-mex,Race,22|81,81,22,,Turn 1,causing_collision,no_further_action,referral-92d0632d352eb40b,15.0,11.0,high_confidence_algorithmic,"[""exact_car_set"", ""incident_family"", ""location"", ""terminal_outcome""]",pending_human_validation,,
adjudication-seed-fia-2023-mex-35cdf2b38073-01,adj-34174de921925489,incident-src-34174de921925489,fia-2023-mex-35cdf2b38073,2023-mex,Race,22|81,22,81,,Turn 1,causing_collision,no_further_action,referral-92d0632d352eb40b,15.0,11.0,high_confidence_algorithmic,"[""exact_car_set"", ""incident_family"", ""location"", ""terminal_outcome""]",pending_human_validation,,
adjudication-seed-fia-2023-mex-6b86d52dd897-01,adj-2d49e6748d813e58,incident-src-2d49e6748d813e58,fia-2023-mex-6b86d52dd897,2023-mex,Race,22|81,22,81,,"Turns 2, 1, 3",causing_collision,no_further_action,referral-92d0632d352eb40b,13.0,11.0,high_confidence_algorithmic,"[""exact_car_set"", ""incident_family"", ""terminal_outcome""]",pending_human_validation,,
adjudication-seed-fia-2023-mex-8f576b6655ce-01,adj-2e96bcd611e65b6d,incident-src-2e96bcd611e65b6d,fia-2023-mex-8f576b6655ce,2023-mex,Race,18|77,77,18,,Turn 13,causing_collision,time_penalty,referral-2aba8b3f9466325c,11.0,,candidate_pending_review,"[""exact_car_set"", ""incident_family""]",pending_human_validation,,
adjudication-seed-fia-2023-mex-9aa5ef85abc1-01,adj-ad1abaf93ca48981,incident-src-ad1abaf93ca48981,fia-2023-mex-9aa5ef85abc1,2023-mex,Race,22|81,81,22,,"Turns 2, 1, 3",causing_collision,no_further_action,referral-92d0632d352eb40b,13.0,11.0,high_confidence_algorithmic,"[""exact_car_set"", ""incident_family"", ""terminal_outcome""]",pending_human_validation,,
adjudication-seed-fia-2023-lvs-477cbe1a4d5c-01,adj-d7ab78271e2eba13,incident-src-d7ab78271e2eba13,fia-2023-lvs-477cbe1a4d5c,2023-lvs,Race,1|16,1,16,,Turn 1,forcing_off_track,time_penalty,referral-f1a1dee5e19ac4c3,10.0,,candidate_pending_review,"[""accused_car"", ""incident_family"", ""location"", ""terminal_outcome""]",pending_human_validation,,
adjudication-seed-fia-2023-lvs-a4a270ae6fd0-01,adj-13ca9edd8c45db6f,incident-src-13ca9edd8c45db6f,fia-2023-lvs-a4a270ae6fd0,2023-lvs,Race,1|63,63,1,,Turn 12,causing_collision,time_penalty,referral-6ec078881720fbf5,15.0,,high_confidence_algorithmic,"[""exact_car_set"", ""incident_family"", ""location"", ""terminal_outcome""]",pending_human_validation,,
adjudication-seed-fia-2023-abu-61d6bbfe959e-01,adj-2dbfd4a2eafd6834,incident-src-2dbfd4a2eafd6834,fia-2023-abu-61d6bbfe959e,2023-abu,Race,10|44,44,10,,Turn 6,causing_collision,no_further_action,referral-e92e90fa3199292b,15.0,,high_confidence_algorithmic,"[""exact_car_set"", ""incident_family"", ""location"", ""terminal_outcome""]",pending_human_validation,,
adjudication-seed-fia-2023-abu-bceb18192f57-01,adj-476ced553759f1d7,incident-src-476ced553759f1d7,fia-2023-abu-bceb18192f57,2023-abu,Race,4|11,11,4,,Turn 6,causing_collision,time_penalty,referral-243a8bf348f69712,15.0,,high_confidence_algorithmic,"[""exact_car_set"", ""incident_family"", ""location"", ""terminal_outcome""]",pending_human_validation,,
adjudication-seed-fia-2024-sau-27fea0cbbfa4-01,adj-6d8e823e259176bd,incident-src-6d8e823e259176bd,fia-2024-sau-27fea0cbbfa4,2024-sau,Race,20|22,20,22,,Turn 4,gaining_advantage_off_track,time_penalty,referral-0197c2079740e49e,15.0,7.0,high_confidence_algorithmic,"[""exact_car_set"", ""incident_family"", ""location"", ""terminal_outcome""]",pending_human_validation,,
adjudication-seed-fia-2024-sau-675654dfe88e-01,adj-4b18175e3ab1d349,incident-src-4b18175e3ab1d349,fia-2024-sau-675654dfe88e,2024-sau,Race,20|23,20,23,,Turn 4,causing_collision,time_penalty,referral-29a925ed0477f06f,15.0,7.0,high_confidence_algorithmic,"[""exact_car_set"", ""incident_family"", ""location"", ""terminal_outcome""]",pending_human_validation,,
adjudication-seed-fia-2024-jpn-7c7c61a7ed8e-01,adj-cac143763ee20168,incident-src-cac143763ee20168,fia-2024-jpn-7c7c61a7ed8e,2024-jpn,Race,63|81,63,81,,Turn 16,forcing_off_track,no_further_action,referral-188bcc9384c01b2c,11.0,,candidate_pending_review,"[""exact_car_set"", ""incident_family""]",pending_human_validation,,
adjudication-seed-fia-2024-jpn-9cf103b985c9-01,adj-7a872dc58411ce68,incident-src-7a872dc58411ce68,fia-2024-jpn-9cf103b985c9,2024-jpn,Race,3|18|23,3,23|18,,Turn 3,causing_collision,no_further_action,referral-c7bba055f7371459,9.0,,candidate_pending_review,"[""accused_car"", ""affected_car_overlap"", ""incident_family""]",pending_human_validation,,
adjudication-seed-fia-2024-chn-4196fcc2964f-01,adj-d73632383a18fd68,incident-src-d73632383a18fd68,fia-2024-chn-4196fcc2964f,2024-chn,Race,18|27,18,27,,Turn 6,forcing_off_track,no_further_action,referral-84f9ec5b298f75e9,15.0,,high_confidence_algorithmic,"[""exact_car_set"", ""incident_family"", ""location"", ""terminal_outcome""]",pending_human_validation,,
adjudication-seed-fia-2024-chn-6d2ca4d46d70-01,adj-e6937a3f0184649f,incident-src-e6937a3f0184649f,fia-2024-chn-6d2ca4d46d70,2024-chn,Race,20|22,20,22,,Turn 6,causing_collision,time_penalty,referral-bc57992bc49b2fc1,15.0,,high_confidence_algorithmic,"[""exact_car_set"", ""incident_family"", ""location"", ""terminal_outcome""]",pending_human_validation,,
adjudication-seed-fia-2024-chn-b693963070bc-01,adj-f8191026c986c048,incident-src-f8191026c986c048,fia-2024-chn-b693963070bc,2024-chn,Race,10|23,23,10,,Turn 14,forcing_off_track,no_further_action,referral-9fb8a3415b809e45,15.0,6.0,high_confidence_algorithmic,"[""exact_car_set"", ""incident_family"", ""location"", ""terminal_outcome""]",pending_human_validation,,
adjudication-seed-fia-2024-chn-d3b9af164caf-01,adj-1b908ee0c8888db7,incident-src-1b908ee0c8888db7,fia-2024-chn-d3b9af164caf,2024-chn,Sprint,14|55,14,55,,Turn 9,causing_collision,time_penalty,referral-c4d62265d08c758d,8.0,,candidate_pending_review,"[""exact_car_set""]",pending_human_validation,,
adjudication-seed-fia-2024-chn-e03c15c85429-01,adj-a3a2dc88b46fb907,incident-src-a3a2dc88b46fb907,fia-2024-chn-e03c15c85429,2024-chn,Race,3|18,18,3,,Turn 14,causing_collision,time_penalty,referral-9c8afbecf39abe74,15.0,,high_confidence_algorithmic,"[""exact_car_set"", ""incident_family"", ""location"", ""terminal_outcome""]",pending_human_validation,,
adjudication-seed-fia-2024-mia-429b87bfdb1b-01,adj-4c476899a4894e96,incident-src-4c476899a4894e96,fia-2024-mia-429b87bfdb1b,2024-mia,Race,18|23,18,23,,Turn 1,gaining_advantage_off_track,time_penalty,referral-eb8e7ff6becf2603,15.0,8.0,high_confidence_algorithmic,"[""exact_car_set"", ""incident_family"", ""location"", ""terminal_outcome""]",pending_human_validation,,
adjudication-seed-fia-2024-mia-54507686b24f-01,adj-662202a5b879f049,incident-src-662202a5b879f049,fia-2024-mia-54507686b24f,2024-mia,Sprint,20,20,,,Turn 15,gaining_advantage_off_track,time_penalty,referral-ca89fa0538a470ab,15.0,10.0,high_confidence_algorithmic,"[""exact_car_set"", ""incident_family"", ""location"", ""terminal_outcome""]",pending_human_validation,,
adjudication-seed-fia-2024-mia-a149f4a3c2c5-01,adj-909aa84ac351505f,incident-src-909aa84ac351505f,fia-2024-mia-a149f4a3c2c5,2024-mia,Sprint,20|44,20,44,,Turn 11,gaining_advantage_off_track,time_penalty,referral-57f564ee87dad867,13.0,8.0,high_confidence_algorithmic,"[""exact_car_set"", ""incident_family"", ""location""]",pending_human_validation,,
adjudication-seed-fia-2024-mia-bb1a3715e072-01,adj-1e58e40badf7452a,incident-src-1e58e40badf7452a,fia-2024-mia-bb1a3715e072,2024-mia,Race,2|20,20,2,,"Turns 3, 1, 2",causing_collision,time_penalty,referral-b8e78a86fa8cc024,13.0,,high_confidence_algorithmic,"[""exact_car_set"", ""incident_family"", ""terminal_outcome""]",pending_human_validation,,
adjudication-seed-fia-2024-mia-d65987c13425-01,adj-0e32abe64682f839,incident-src-0e32abe64682f839,fia-2024-mia-d65987c13425,2024-mia,Race,55|81,55,81,,Turn 17,causing_collision,time_penalty,referral-510c6f779098c322,13.0,8.0,high_confidence_algorithmic,"[""exact_car_set"", ""incident_family"", ""location""]",pending_human_validation,,
adjudication-seed-fia-2024-mia-feb431961f72-01,adj-2c2dff8fa5835c89,incident-src-2c2dff8fa5835c89,fia-2024-mia-feb431961f72,2024-mia,Sprint,20|44,20,44,,Turn 11,gaining_advantage_off_track,time_penalty,referral-57f564ee87dad867,13.0,8.0,high_confidence_algorithmic,"[""exact_car_set"", ""incident_family"", ""location""]",pending_human_validation,,
adjudication-seed-fia-2024-mco-8f89aba81bd5-01,adj-6ea8c11583ab4051,incident-src-6ea8c11583ab4051,fia-2024-mco-8f89aba81bd5,2024-mco,Race,10|31,31,10,,Turn 8,causing_collision,grid_penalty,referral-611f4fb749525b00,13.0,13.0,ambiguous_pending_review,"[""exact_car_set"", ""incident_family"", ""location""]",pending_human_validation,,
adjudication-seed-fia-2024-can-119e41abd9ba-01,adj-e0e2c5e41cf687bb,incident-src-e0e2c5e41cf687bb,fia-2024-can-119e41abd9ba,2024-can,Race,1|4|63|81,4,63|81|1,,Turn 1,gaining_advantage_off_track,no_further_action,referral-7864f15230e8d4e4,10.0,,candidate_pending_review,"[""accused_car"", ""incident_family"", ""location"", ""terminal_outcome""]",pending_human_validation,,
adjudication-seed-fia-2024-aut-0da607b84c40-01,adj-5005242a503c9174,incident-src-5005242a503c9174,fia-2024-aut-0da607b84c40,2024-aut,Race,1|4,1,4,,Turn 3,causing_collision,time_penalty,referral-2b2077507b58e645,15.0,8.0,high_confidence_algorithmic,"[""exact_car_set"", ""incident_family"", ""location"", ""terminal_outcome""]",pending_human_validation,,
adjudication-seed-fia-2024-aut-1386e9236666-01,adj-f388f903abd92138,incident-src-f388f903abd92138,fia-2024-aut-1386e9236666,2024-aut,Sprint,14|27,27,14,,Turn 3,forcing_off_track,time_penalty,referral-ea709ede9b41ff81,13.0,,high_confidence_algorithmic,"[""exact_car_set"", ""incident_family"", ""location""]",pending_human_validation,,
adjudication-seed-fia-2024-aut-4b3df85c59ad-01,adj-330069d582c20001,incident-src-330069d582c20001,fia-2024-aut-4b3df85c59ad,2024-aut,Race,44|55,44,55,,"Turns 1, 3",gaining_advantage_off_track,no_further_action,referral-8ed77152ed04b6fe,13.0,,high_confidence_algorithmic,"[""exact_car_set"", ""incident_family"", ""terminal_outcome""]",pending_human_validation,,
adjudication-seed-fia-2024-aut-4d4962053c25-01,adj-b361bfe26bd9fde2,incident-src-b361bfe26bd9fde2,fia-2024-aut-4d4962053c25,2024-aut,Race,14|24,14,24,,Turn 3,causing_collision,time_penalty,referral-ec71cc44d3a01f25,15.0,7.0,high_confidence_algorithmic,"[""exact_car_set"", ""incident_family"", ""location"", ""terminal_outcome""]",pending_human_validation,,
adjudication-seed-fia-2024-hun-3048d0b101d3-01,adj-776eb15ec333fda5,incident-src-776eb15ec333fda5,fia-2024-hun-3048d0b101d3,2024-hun,Race,1|4|81,1,4|81,,Turn 1,gaining_advantage_off_track,no_further_action,referral-9b218b7f34a6ae09,10.0,,candidate_pending_review,"[""accused_car"", ""incident_family"", ""location"", ""terminal_outcome""]",pending_human_validation,,
adjudication-seed-fia-2024-ita-5562671d826a-01,adj-98bfaa1af9372654,incident-src-98bfaa1af9372654,fia-2024-ita-5562671d826a,2024-ita,Race,22|27,27,22,,Turn 1,causing_collision,time_penalty,referral-18b28ee33d7d4967,15.0,6.0,high_confidence_algorithmic,"[""exact_car_set"", ""incident_family"", ""location"", ""terminal_outcome""]",pending_human_validation,,
adjudication-seed-fia-2024-ita-5774aa14322d-01,adj-f93d1bf0be920795,incident-src-f93d1bf0be920795,fia-2024-ita-5774aa14322d,2024-ita,Race,3|27,3,27,,Turn 8,forcing_off_track,time_penalty,referral-c1a00ac8e5ee7c9c,10.0,8.0,candidate_pending_review,"[""exact_car_set"", ""location""]",pending_human_validation,,
adjudication-seed-fia-2024-ita-9747ddf1dc7b-01,adj-def027f293e93425,incident-src-def027f293e93425,fia-2024-ita-9747ddf1dc7b,2024-ita,Race,10|20,20,10,,Turn 4,causing_collision,time_penalty,referral-4a82c37c938fc223,15.0,,high_confidence_algorithmic,"[""exact_car_set"", ""incident_family"", ""location"", ""terminal_outcome""]",pending_human_validation,,
adjudication-seed-fia-2024-aze-51d6849b52fb-01,adj-4d9543b8ee4e354b,incident-src-4d9543b8ee4e354b,fia-2024-aze-51d6849b52fb,2024-aze,Race,11|55,11,55,50,"Turns 2, 1",causing_collision,no_further_action,referral-8606750ab5c2e36e,11.0,,candidate_pending_review,"[""exact_car_set"", ""incident_family""]",pending_human_validation,,
adjudication-seed-fia-2024-aze-ebeab05b8b9a-01,adj-94905942bca0fa49,incident-src-94905942bca0fa49,fia-2024-aze-ebeab05b8b9a,2024-aze,Race,11|55,55,11,50,"Turns 2, 1",causing_collision,no_further_action,referral-8606750ab5c2e36e,11.0,,candidate_pending_review,"[""exact_car_set"", ""incident_family""]",pending_human_validation,,
adjudication-seed-fia-2024-usa-2de48d9656fa-01,adj-b0fa781c22c3b3f8,incident-src-b0fa781c22c3b3f8,fia-2024-usa-2de48d9656fa,2024-usa,Race,1|4,4,1,,Turn 12,gaining_advantage_off_track,time_penalty,referral-5dddf3d59517fdd4,15.0,,high_confidence_algorithmic,"[""exact_car_set"", ""incident_family"", ""location"", ""terminal_outcome""]",pending_human_validation,,
adjudication-seed-fia-2024-usa-4828e63a6c32-01,adj-649fecee52ee4f6f,incident-src-649fecee52ee4f6f,fia-2024-usa-4828e63a6c32,2024-usa,Sprint,10|81,81,10,,Turn 12,forcing_off_track,time_penalty,referral-6a3c5175c9dfcfb2,15.0,,high_confidence_algorithmic,"[""exact_car_set"", ""incident_family"", ""location"", ""terminal_outcome""]",pending_human_validation,,
adjudication-seed-fia-2024-usa-7a56202d170c-01,adj-607fddba182aaa3f,incident-src-607fddba182aaa3f,fia-2024-usa-7a56202d170c,2024-usa,Race,22|23,22,23,,Turn 12,forcing_off_track,time_penalty,referral-2772618399cf2939,15.0,8.0,high_confidence_algorithmic,"[""exact_car_set"", ""incident_family"", ""location"", ""terminal_outcome""]",pending_human_validation,,
adjudication-seed-fia-2024-usa-7e333c44293a-01,adj-278d019dd7501a79,incident-src-278d019dd7501a79,fia-2024-usa-7e333c44293a,2024-usa,Race,63|77,63,77,,Turn 12,forcing_off_track,time_penalty,referral-ede2de6e3c65a58e,15.0,7.0,high_confidence_algorithmic,"[""exact_car_set"", ""incident_family"", ""location"", ""terminal_outcome""]",pending_human_validation,,
adjudication-seed-fia-2024-usa-9eecf3efc1f8-01,adj-84b5a008e264b8d6,incident-src-84b5a008e264b8d6,fia-2024-usa-9eecf3efc1f8,2024-usa,Sprint,20|22,20,22,1,Turn 11,gaining_advantage_off_track,no_further_action,referral-afa9f92716d1e589,10.0,8.0,candidate_pending_review,"[""accused_car"", ""incident_family"", ""location"", ""terminal_outcome""]",pending_human_validation,,
adjudication-seed-fia-2024-usa-f7d16a7e6e6e-01,adj-c40383a758a57293,incident-src-c40383a758a57293,fia-2024-usa-f7d16a7e6e6e,2024-usa,Sprint,22|81,22,81,,Turn 12,gaining_advantage_off_track,no_further_action,referral-aed537de38666d4c,15.0,,high_confidence_algorithmic,"[""exact_car_set"", ""incident_family"", ""location"", ""terminal_outcome""]",pending_human_validation,,
adjudication-seed-fia-2024-mex-11839f036c68-01,adj-90ff433e4a6ee78a,incident-src-90ff433e4a6ee78a,fia-2024-mex-11839f036c68,2024-mex,Race,11,11,,,Turn 4,forcing_off_track,no_further_action,referral-7a5b0d7437e8db95,14.0,9.0,high_confidence_algorithmic,"[""adjudication_car_set_within_episode"", ""incident_family"", ""location"", ""terminal_outcome""]",pending_human_validation,,
adjudication-seed-fia-2024-mex-9398d22e8e7e-01,adj-10a8c59210b937e3,incident-src-10a8c59210b937e3,fia-2024-mex-9398d22e8e7e,2024-mex,Race,1,1,,,Turn 4,forcing_off_track,time_penalty,referral-0173faab91b6e639,15.0,10.0,high_confidence_algorithmic,"[""exact_car_set"", ""incident_family"", ""location"", ""terminal_outcome""]",pending_human_validation,,
adjudication-seed-fia-2024-mex-c52d53ba8a48-01,adj-c66b11904508fc88,incident-src-c66b11904508fc88,fia-2024-mex-c52d53ba8a48,2024-mex,Race,30|43,43,30,,"Turns 2, 1",causing_collision,time_penalty,referral-353f20b08f4eabf0,8.0,8.0,ambiguous_pending_review,"[""accused_car"", ""incident_family"", ""terminal_outcome""]",pending_human_validation,,
adjudication-seed-fia-2024-mex-f2d0b4da1ba3-01,adj-e29345f3745be8dd,incident-src-e29345f3745be8dd,fia-2024-mex-f2d0b4da1ba3,2024-mex,Race,1,1,,,"Turns 4, 8",gaining_advantage_off_track,time_penalty,referral-84688bd7e61164a1,13.0,10.0,high_confidence_algorithmic,"[""exact_car_set"", ""incident_family"", ""terminal_outcome""]",pending_human_validation,,
adjudication-seed-fia-2024-sao-77a08cd10ed4-01,adj-c415a16a0b4f8470,incident-src-c415a16a0b4f8470,fia-2024-sao-77a08cd10ed4,2024-sao,Race,30|81,81,30,,Turn 1,causing_collision,time_penalty,referral-56f9042ef5b6a732,14.0,,high_confidence_algorithmic,"[""adjudication_car_set_within_episode"", ""incident_family"", ""location"", ""terminal_outcome""]",pending_human_validation,,
adjudication-seed-fia-2024-sao-b822c02eabd2-01,adj-dc9490802ee7ddff,incident-src-dc9490802ee7ddff,fia-2024-sao-b822c02eabd2,2024-sao,Race,43|50,50,43,,Turn 10,causing_collision,time_penalty,referral-4533a764cb46f7af,15.0,,high_confidence_algorithmic,"[""exact_car_set"", ""incident_family"", ""location"", ""terminal_outcome""]",pending_human_validation,,
adjudication-seed-fia-2024-qat-3c549ce8f3dd-01,adj-8cd0b8f0391a2018,incident-src-8cd0b8f0391a2018,fia-2024-qat-3c549ce8f3dd,2024-qat,Race,18|23,18,23,1,Turn 4,causing_collision,time_penalty,referral-b2dfeca185ec8f72,15.0,8.0,high_confidence_algorithmic,"[""exact_car_set"", ""incident_family"", ""location"", ""terminal_outcome""]",pending_human_validation,,
adjudication-seed-fia-2024-qat-ac0687a82537-01,adj-d55cdfc134f24f71,incident-src-d55cdfc134f24f71,fia-2024-qat-ac0687a82537,2024-qat,Race,20|23,23,20,,Turn 1,causing_collision,time_penalty,referral-dd7533f75f09690c,15.0,8.0,high_confidence_algorithmic,"[""exact_car_set"", ""incident_family"", ""location"", ""terminal_outcome""]",pending_human_validation,,
adjudication-seed-fia-2024-abu-1738c094dc27-01,adj-2e20778ef64918d5,incident-src-2e20778ef64918d5,fia-2024-abu-1738c094dc27,2024-abu,Race,20|77,77,20,,Turn 6,causing_collision,grid_penalty,referral-ab309720b3991aaa,13.0,13.0,ambiguous_pending_review,"[""exact_car_set"", ""incident_family"", ""location""]",pending_human_validation,,
adjudication-seed-fia-2024-abu-4ec5bc83f9fa-01,adj-8ca9eb32832537c5,incident-src-8ca9eb32832537c5,fia-2024-abu-4ec5bc83f9fa,2024-abu,Race,1|81,1,81,,Turn 1,causing_collision,time_penalty,referral-77f98b44ca9910e1,15.0,8.0,high_confidence_algorithmic,"[""exact_car_set"", ""incident_family"", ""location"", ""terminal_outcome""]",pending_human_validation,,
adjudication-seed-fia-2024-abu-b8e37d9fdbe9-01,adj-b6f8f8dea3be57fe,incident-src-b6f8f8dea3be57fe,fia-2024-abu-b8e37d9fdbe9,2024-abu,Race,43|81,81,43,,Turn 6,causing_collision,time_penalty,referral-426530d3c0394fff,15.0,8.0,high_confidence_algorithmic,"[""exact_car_set"", ""incident_family"", ""location"", ""terminal_outcome""]",pending_human_validation,,
adjudication-seed-fia-2025-chn-5f2ef54b24c3-01,adj-f73048c90c90fbee,incident-src-f73048c90c90fbee,fia-2025-chn-5f2ef54b24c3,2025-chn,Sprint,5|7,7,5,,Turn 14,causing_collision,time_penalty,referral-80b7ad494889ee19,13.0,8.0,high_confidence_algorithmic,"[""exact_car_set"", ""incident_family"", ""location""]",pending_human_validation,,
adjudication-seed-fia-2025-chn-795784acfef6-01,adj-8788c51da20ae484,incident-src-8788c51da20ae484,fia-2025-chn-795784acfef6,2025-chn,Race,6|7,7,6,,Turn 14,forcing_off_track,time_penalty,referral-2d814c11b4a97887,15.0,,high_confidence_algorithmic,"[""exact_car_set"", ""incident_family"", ""location"", ""terminal_outcome""]",pending_human_validation,,
adjudication-seed-fia-2025-bhr-03bfd7816342-01,adj-ccae0d70c41eed34,incident-src-ccae0d70c41eed34,fia-2025-bhr-03bfd7816342,2025-bhr,Race,27|30,30,27,,Turn 1,causing_collision,time_penalty,referral-05b94ced9330672f,15.0,8.0,high_confidence_algorithmic,"[""exact_car_set"", ""incident_family"", ""location"", ""terminal_outcome""]",pending_human_validation,,
adjudication-seed-fia-2025-bhr-732dd8183412-01,adj-f343c8d3c1915d9d,incident-src-f343c8d3c1915d9d,fia-2025-bhr-732dd8183412,2025-bhr,Race,18|30,30,18,,"Turns 2, 1",causing_collision,time_penalty,referral-d74c2a82eb30d908,13.0,8.0,high_confidence_algorithmic,"[""exact_car_set"", ""incident_family"", ""terminal_outcome""]",pending_human_validation,,
adjudication-seed-fia-2025-bhr-fadfd5ceb9c2-01,adj-55f2f483dc86216e,incident-src-55f2f483dc86216e,fia-2025-bhr-fadfd5ceb9c2,2025-bhr,Race,12|55,55,12,,Turn 10,forcing_off_track,time_penalty,referral-8e68cf4763be7ba9,15.0,,high_confidence_algorithmic,"[""exact_car_set"", ""incident_family"", ""location"", ""terminal_outcome""]",pending_human_validation,,
adjudication-seed-fia-2025-sau-085f04d49714-01,adj-c3806e9e6a004dbe,incident-src-c3806e9e6a004dbe,fia-2025-sau-085f04d49714,2025-sau,Race,7|30,30,7,,"Turns 2, 1",gaining_advantage_off_track,time_penalty,referral-1d785c89224a4865,8.0,8.0,ambiguous_pending_review,"[""exact_car_set""]",pending_human_validation,,
adjudication-seed-fia-2025-sau-8187bba80d1e-01,adj-47d34770b1ec91cd,incident-src-47d34770b1ec91cd,fia-2025-sau-8187bba80d1e,2025-sau,Race,10|22|55,22,10|55,,Turn 5,causing_collision,no_further_action,referral-3dcd04109c7befd9,11.0,,candidate_pending_review,"[""accused_car"", ""affected_car_overlap"", ""incident_family"", ""location""]",pending_human_validation,,
adjudication-seed-fia-2025-sau-8ffc9e48015e-01,adj-87d924dd6ae7d7a9,incident-src-87d924dd6ae7d7a9,fia-2025-sau-8ffc9e48015e,2025-sau,Race,1|81,1,81,,Turn 2,gaining_advantage_off_track,time_penalty,referral-128709662d198c39,8.0,8.0,ambiguous_pending_review,"[""exact_car_set""]",pending_human_validation,,
adjudication-seed-fia-2025-mia-257f8720a641-01,adj-5fb4a92076f8efba,incident-src-5fb4a92076f8efba,fia-2025-mia-257f8720a641,2025-mia,Sprint,14|30,30,14,,"Turns 12, 11",causing_collision,time_penalty,referral-b7a7e983f39b483b,11.0,,candidate_pending_review,"[""exact_car_set"", ""incident_family""]",pending_human_validation,,
adjudication-seed-fia-2025-mia-2fbe65f9cac5-01,adj-cc7aa990ebfcb644,incident-src-cc7aa990ebfcb644,fia-2025-mia-2fbe65f9cac5,2025-mia,Race,44|55,44,55,,Turn 17,causing_collision,no_further_action,referral-6fc136acc0b9e3a0,13.0,,high_confidence_algorithmic,"[""exact_car_set"", ""incident_family"", ""location""]",pending_human_validation,,
adjudication-seed-fia-2025-mia-45845998ca54-01,adj-324b4967a8663b58,incident-src-324b4967a8663b58,fia-2025-mia-45845998ca54,2025-mia,Race,44|55,55,44,,Turn 17,causing_collision,no_further_action,referral-6fc136acc0b9e3a0,13.0,,high_confidence_algorithmic,"[""exact_car_set"", ""incident_family"", ""location""]",pending_human_validation,,
adjudication-seed-fia-2025-emi-97ce0e850a70-01,adj-97c5411ec4864978,incident-src-97c5411ec4864978,fia-2025-emi-97ce0e850a70,2025-emi,Race,16|23,16,23,,Turn 2,forcing_off_track,no_further_action,referral-59be634901566cbd,15.0,,high_confidence_algorithmic,"[""exact_car_set"", ""incident_family"", ""location"", ""terminal_outcome""]",pending_human_validation,,
adjudication-seed-fia-2025-mco-637ae2b682ba-01,adj-bcb17f8b041a82e3,incident-src-bcb17f8b041a82e3,fia-2025-mco-637ae2b682ba,2025-mco,Race,23|63,63,23,,Turn 10,gaining_advantage_off_track,drive_through,referral-cf577333c2638f1e,10.0,8.0,candidate_pending_review,"[""accused_car"", ""incident_family"", ""location"", ""terminal_outcome""]",pending_human_validation,,
adjudication-seed-fia-2025-mco-b201d5cbcdc6-01,adj-7d5059e7588e17a9,incident-src-7d5059e7588e17a9,fia-2025-mco-b201d5cbcdc6,2025-mco,Race,10|22,10,22,,"Turns 10, 9",causing_collision,reprimand,referral-95d155f18c866d43,11.0,,candidate_pending_review,"[""exact_car_set"", ""incident_family""]",pending_human_validation,,
adjudication-seed-fia-2025-esp-099b030b67a2-01,adj-412e6ca5aca26ea3,incident-src-412e6ca5aca26ea3,fia-2025-esp-099b030b67a2,2025-esp,Race,1|16,1,16,,Turn 14,causing_collision,no_further_action,referral-6eacb77df8d2ea39,10.0,,candidate_pending_review,"[""adjudication_car_set_within_episode"", ""incident_family""]",pending_human_validation,,
adjudication-seed-fia-2025-esp-0fd436b99af1-01,adj-6df990a2ab7ddf2d,incident-src-6df990a2ab7ddf2d,fia-2025-esp-0fd436b99af1,2025-esp,Race,1|16,16,1,,Turn 14,causing_collision,no_further_action,referral-6eacb77df8d2ea39,10.0,,candidate_pending_review,"[""adjudication_car_set_within_episode"", ""incident_family""]",pending_human_validation,,
adjudication-seed-fia-2025-esp-15cd2122312e-01,adj-413c9757dacacb88,incident-src-413c9757dacacb88,fia-2025-esp-15cd2122312e,2025-esp,Race,30|87,87,30,,"Turns 1, 3",gaining_advantage_off_track,time_penalty,referral-1af30777a3b12eca,13.0,7.0,high_confidence_algorithmic,"[""exact_car_set"", ""incident_family"", ""terminal_outcome""]",pending_human_validation,,
adjudication-seed-fia-2025-esp-34abd90169ab-01,adj-fd11a3e24a70c2a4,incident-src-fd11a3e24a70c2a4,fia-2025-esp-34abd90169ab,2025-esp,Race,23|30,30,23,,Turn 1,causing_collision,no_further_action,referral-f5b0ef6d99d368fc,14.0,,high_confidence_algorithmic,"[""adjudication_car_set_within_episode"", ""incident_family"", ""location"", ""terminal_outcome""]",pending_human_validation,,
adjudication-seed-fia-2025-esp-45b994ae68b4-01,adj-153a4612c0b20d81,incident-src-153a4612c0b20d81,fia-2025-esp-45b994ae68b4,2025-esp,Race,1|63,1,63,,"Turns 1, 3",gaining_advantage_off_track,no_further_action,referral-c63585919491070c,10.0,7.0,candidate_pending_review,"[""exact_car_set"", ""terminal_outcome""]",pending_human_validation,,
adjudication-seed-fia-2025-esp-4693ce9dbdc4-01,adj-479d79e5865e135e,incident-src-479d79e5865e135e,fia-2025-esp-4693ce9dbdc4,2025-esp,Race,23|30,23,30,,Turn 1,gaining_advantage_off_track,time_penalty,referral-1af30777a3b12eca,10.0,9.0,ambiguous_pending_review,"[""affected_car_overlap"", ""incident_family"", ""location"", ""terminal_outcome""]",pending_human_validation,,
adjudication-seed-fia-2025-esp-8cd31c466963-01,adj-567832bf228e7eb4,incident-src-567832bf228e7eb4,fia-2025-esp-8cd31c466963,2025-esp,Race,1|63,1,63,,Turn 5,causing_collision,time_penalty,referral-6eacb77df8d2ea39,14.0,8.0,high_confidence_algorithmic,"[""adjudication_car_set_within_episode"", ""incident_family"", ""location"", ""terminal_outcome""]",pending_human_validation,,
adjudication-seed-fia-2025-can-acdc79e65cc6-01,adj-bfdfb2effacad54c,incident-src-bfdfb2effacad54c,fia-2025-can-acdc79e65cc6,2025-can,Race,4|81,4,81,,,causing_collision,time_penalty,referral-f49e8069307abb3e,11.0,,candidate_pending_review,"[""exact_car_set"", ""incident_family""]",pending_human_validation,,
adjudication-seed-fia-2025-can-cb1693dfcc0a-01,adj-aafbbe06da3e5c01,incident-src-aafbbe06da3e5c01,fia-2025-can-cb1693dfcc0a,2025-can,Race,18,18,,,,forcing_off_track,time_penalty,referral-779512858c76e9f5,12.0,7.0,candidate_pending_review,"[""adjudication_car_set_within_episode"", ""incident_family"", ""terminal_outcome""]",pending_human_validation,,
adjudication-seed-fia-2025-aut-1b2cf15490ab-01,adj-dc3cbf1b2175e95d,incident-src-dc3cbf1b2175e95d,fia-2025-aut-1b2cf15490ab,2025-aut,Race,1|12|30,12,1|30,1,Turn 3,causing_collision,grid_penalty,referral-5dcd77f0eab66ae4,11.0,,candidate_pending_review,"[""accused_car"", ""affected_car_overlap"", ""incident_family"", ""location""]",pending_human_validation,,
adjudication-seed-fia-2025-aut-3666395a2885-01,adj-2197497836f6c46a,incident-src-2197497836f6c46a,fia-2025-aut-3666395a2885,2025-aut,Race,18|22,22,18,,Turn 3,forcing_off_track,no_further_action,referral-d9524c3d0ce7c389,12.0,,candidate_pending_review,"[""exact_car_set"", ""location"", ""terminal_outcome""]",pending_human_validation,,
adjudication-seed-fia-2025-aut-41aebded7db6-01,adj-1651c96225ee4d5c,incident-src-1651c96225ee4d5c,fia-2025-aut-41aebded7db6,2025-aut,Race,22|43,22,43,,Turn 4,causing_collision,time_penalty,referral-f8ec31dc5b84851c,15.0,8.0,high_confidence_algorithmic,"[""exact_car_set"", ""incident_family"", ""location"", ""terminal_outcome""]",pending_human_validation,,
adjudication-seed-fia-2025-aut-5f0b9bc97e16-01,adj-f304cec4c251df69,incident-src-f304cec4c251df69,fia-2025-aut-5f0b9bc97e16,2025-aut,Race,43|87,43,87,,Turn 3,forcing_off_track,no_further_action,referral-a1614dad1d58f891,12.0,8.0,candidate_pending_review,"[""exact_car_set"", ""location"", ""terminal_outcome""]",pending_human_validation,,
adjudication-seed-fia-2025-aut-a1f29843f018-01,adj-10a1869690dc7622,incident-src-10a1869690dc7622,fia-2025-aut-a1f29843f018,2025-aut,Race,22|43|81,43,81|22,,Turn 3,forcing_off_track,time_penalty,referral-dd5749e17e3644b1,13.0,8.0,high_confidence_algorithmic,"[""accused_car"", ""affected_car_overlap"", ""incident_family"", ""location"", ""terminal_outcome""]",pending_human_validation,,
adjudication-seed-fia-2025-gbr-07f4a9af8016-01,adj-e0f8f07ee7a2831d,incident-src-e0f8f07ee7a2831d,fia-2025-gbr-07f4a9af8016,2025-gbr,Race,6|12,6,12,,Turn 9,causing_collision,no_further_action,referral-97885793288084e1,13.0,,high_confidence_algorithmic,"[""exact_car_set"", ""incident_family"", ""location""]",pending_human_validation,,
adjudication-seed-fia-2025-gbr-66f857d6d3d7-01,adj-56c508de2d41940c,incident-src-56c508de2d41940c,fia-2025-gbr-66f857d6d3d7,2025-gbr,Race,22|87,22,87,,Turns 6-7,causing_collision,time_penalty,referral-0781a9d0f3e2cf8d,13.0,8.0,high_confidence_algorithmic,"[""exact_car_set"", ""incident_family"", ""terminal_outcome""]",pending_human_validation,,
adjudication-seed-fia-2025-gbr-b43775ce7468-01,adj-42e27716f0b6e748,incident-src-42e27716f0b6e748,fia-2025-gbr-b43775ce7468,2025-gbr,Race,31|87,31,87,,Turn 6,causing_collision,no_further_action,referral-39687112b09e6548,10.0,8.0,candidate_pending_review,"[""exact_car_set"", ""location""]",pending_human_validation,,
adjudication-seed-fia-2025-gbr-bde5afff8b9e-01,adj-73480aa892b4963c,incident-src-73480aa892b4963c,fia-2025-gbr-bde5afff8b9e,2025-gbr,Race,31|87,87,31,,Turn 6,causing_collision,no_further_action,referral-39687112b09e6548,10.0,8.0,candidate_pending_review,"[""exact_car_set"", ""location""]",pending_human_validation,,
adjudication-seed-fia-2025-hun-3fbd14c36cd7-01,adj-4fb7700e0eacd773,incident-src-4fb7700e0eacd773,fia-2025-hun-3fbd14c36cd7,2025-hun,Race,10|55,10,55,,Turn 4,causing_collision,time_penalty,referral-da5b6ae5cfb3c8a1,13.0,,high_confidence_algorithmic,"[""exact_car_set"", ""incident_family"", ""terminal_outcome""]",pending_human_validation,,
adjudication-seed-fia-2025-hun-cafb664d4278-01,adj-6a67a6327b949573,incident-src-6a67a6327b949573,fia-2025-hun-cafb664d4278,2025-hun,Race,22|27,22,27,,Turn 1,forcing_off_track,no_further_action,referral-f52ec5a3fb397e7e,12.0,,candidate_pending_review,"[""exact_car_set"", ""location"", ""terminal_outcome""]",pending_human_validation,,
adjudication-seed-fia-2025-ned-644f47d1f6a0-01,adj-47e48f725c522344,incident-src-47e48f725c522344,fia-2025-ned-644f47d1f6a0,2025-ned,Race,30|55,55,30,,Turn 1,causing_collision,time_penalty,referral-6da8a30656674802,10.0,8.0,candidate_pending_review,"[""exact_car_set"", ""location""]",pending_human_validation,,
adjudication-seed-fia-2025-ned-93b5218acb32-01,adj-8f0780dbba4e36af,incident-src-8f0780dbba4e36af,fia-2025-ned-93b5218acb32,2025-ned,Race,16|63,63,16,,"Turns 12, 11",causing_collision,no_further_action,referral-5b0d6819a27844e3,11.0,10.0,ambiguous_pending_review,"[""exact_car_set"", ""incident_family""]",pending_human_validation,,
adjudication-seed-fia-2025-ned-bebf98c3f2bf-01,adj-7a6e06b6a58ea9bf,incident-src-7a6e06b6a58ea9bf,fia-2025-ned-bebf98c3f2bf,2025-ned,Race,16|63,16,63,,"Turns 12, 11",causing_collision,no_further_action,referral-5b0d6819a27844e3,11.0,10.0,ambiguous_pending_review,"[""exact_car_set"", ""incident_family""]",pending_human_validation,,
adjudication-seed-fia-2025-ned-d843a4b9a866-01,adj-8200d1dc5332b417,incident-src-8200d1dc5332b417,fia-2025-ned-d843a4b9a866,2025-ned,Race,12|16,12,16,,Turn 3,causing_collision,time_penalty,referral-562b20d8442a7b89,14.0,6.0,high_confidence_algorithmic,"[""adjudication_car_set_within_episode"", ""incident_family"", ""location"", ""terminal_outcome""]",pending_human_validation,,
adjudication-seed-fia-2025-ita-3a096d05b5d9-01,adj-c1ca0f988c06f7ac,incident-src-c1ca0f988c06f7ac,fia-2025-ita-3a096d05b5d9,2025-ita,Race,18|31,31,18,,Turn 4,forcing_off_track,time_penalty,referral-6090878c4e83c071,15.0,8.0,high_confidence_algorithmic,"[""exact_car_set"", ""incident_family"", ""location"", ""terminal_outcome""]",pending_human_validation,,
adjudication-seed-fia-2025-ita-9d19bb5350fc-01,adj-c3132170cde7b7cf,incident-src-c3132170cde7b7cf,fia-2025-ita-9d19bb5350fc,2025-ita,Race,55|87,87,55,,Turn 4,causing_collision,time_penalty,referral-05462a009b963b4e,13.0,7.0,high_confidence_algorithmic,"[""exact_car_set"", ""incident_family"", ""terminal_outcome""]",pending_human_validation,,
adjudication-seed-fia-2025-aze-0d1070d6a1c6-01,adj-94d8c357c79994c4,incident-src-94d8c357c79994c4,fia-2025-aze-0d1070d6a1c6,2025-aze,Race,23|43,23,43,,Turn 5,causing_collision,time_penalty,referral-8fb16f079cf7e00b,15.0,,high_confidence_algorithmic,"[""exact_car_set"", ""incident_family"", ""location"", ""terminal_outcome""]",pending_human_validation,,
adjudication-seed-fia-2025-usa-128be2a520d5-01,adj-e735ae114a36040d,incident-src-e735ae114a36040d,fia-2025-usa-128be2a520d5,2025-usa,Sprint,12|87,87,12,,Turn 12,gaining_advantage_off_track,time_penalty,referral-00e9a7cad301ce54,13.0,,high_confidence_algorithmic,"[""exact_car_set"", ""incident_family"", ""terminal_outcome""]",pending_human_validation,,
adjudication-seed-fia-2025-usa-1f9064819192-01,adj-d1735787a6532540,incident-src-d1735787a6532540,fia-2025-usa-1f9064819192,2025-usa,Race,12|55,55,12,,Turn 15,causing_collision,grid_penalty,referral-9ee5a096989b8230,13.0,,high_confidence_algorithmic,"[""exact_car_set"", ""incident_family"", ""location""]",pending_human_validation,,
adjudication-seed-fia-2025-usa-e36053ba7969-01,adj-671ecdc75433b5c4,incident-src-671ecdc75433b5c4,fia-2025-usa-e36053ba7969,2025-usa,Sprint,18|31,18,31,,Turn 1,causing_collision,grid_penalty,referral-1e360c2dff8943be,13.0,,high_confidence_algorithmic,"[""exact_car_set"", ""incident_family"", ""location""]",pending_human_validation,,
adjudication-seed-fia-2025-mex-47fc1c3a7137-01,adj-29e0c768f162cabc,incident-src-29e0c768f162cabc,fia-2025-mex-47fc1c3a7137,2025-mex,Race,1|44,44,1,,Turns 4-5,gaining_advantage_off_track,time_penalty,referral-d12c5370eadce05a,8.0,8.0,ambiguous_pending_review,"[""exact_car_set""]",pending_human_validation,,
adjudication-seed-fia-2025-mex-f947a135cd58-01,adj-dba46fa3ca5c210c,incident-src-dba46fa3ca5c210c,fia-2025-mex-f947a135cd58,2025-mex,Race,1|44,44,1,6,Turn 1,causing_collision,no_further_action,referral-d12c5370eadce05a,15.0,,high_confidence_algorithmic,"[""exact_car_set"", ""incident_family"", ""location"", ""terminal_outcome""]",pending_human_validation,,
adjudication-seed-fia-2025-sao-06b73ba655ed-01,adj-7f13cd0ba94d7090,incident-src-7f13cd0ba94d7090,fia-2025-sao-06b73ba655ed,2025-sao,Race,18|22,22,18,6,Turn 8,causing_collision,time_penalty,referral-9cd85ab0e35ccaec,15.0,,high_confidence_algorithmic,"[""exact_car_set"", ""incident_family"", ""location"", ""terminal_outcome""]",pending_human_validation,,
adjudication-seed-fia-2025-sao-61b609bbbc46-01,adj-a4594db187cf51e4,incident-src-a4594db187cf51e4,fia-2025-sao-61b609bbbc46,2025-sao,Sprint,30|87,30,87,,"Turns 4, 3",causing_collision,time_penalty,referral-e087a5378e0f0c80,11.0,,candidate_pending_review,"[""exact_car_set"", ""incident_family""]",pending_human_validation,,
adjudication-seed-fia-2025-sao-8b59704b34d7-01,adj-ae58e3cecb00d019,incident-src-ae58e3cecb00d019,fia-2025-sao-8b59704b34d7,2025-sao,Race,43|44,44,43,2,Turn 15,causing_collision,time_penalty,referral-6ad7e4165a21d44e,15.0,9.0,high_confidence_algorithmic,"[""exact_car_set"", ""incident_family"", ""location"", ""terminal_outcome""]",pending_human_validation,,
adjudication-seed-fia-2025-sao-f7a215166f92-01,adj-07251667fa91d99d,incident-src-07251667fa91d99d,fia-2025-sao-f7a215166f92,2025-sao,Race,12|16|81,81,12|16,6,Turn 1,causing_collision,time_penalty,referral-b8d436316d13e265,13.0,8.0,high_confidence_algorithmic,"[""accused_car"", ""affected_car_overlap"", ""incident_family"", ""location"", ""terminal_outcome""]",pending_human_validation,,
adjudication-seed-fia-2025-lvs-462a2bce3a3a-01,adj-4762dd05c67569c8,incident-src-4762dd05c67569c8,fia-2025-lvs-462a2bce3a3a,2025-lvs,Race,5|18,5,18,1,Turn 1,causing_collision,grid_penalty,referral-2ba396eba5a59d95,12.0,,candidate_pending_review,"[""adjudication_car_set_within_episode"", ""incident_family"", ""location""]",pending_human_validation,,
adjudication-seed-fia-2025-lvs-930d412442e7-01,adj-2c6f2f495e380077,incident-src-2c6f2f495e380077,fia-2025-lvs-930d412442e7,2025-lvs,Race,30|55|63|81,30,81|63|55,1,Turn 1,causing_collision,no_further_action,referral-299f74f832c44e98,13.0,,high_confidence_algorithmic,"[""accused_car"", ""affected_car_overlap"", ""incident_family"", ""location"", ""terminal_outcome""]",pending_human_validation,,
adjudication-seed-fia-2025-lvs-9874a99bc7cd-01,adj-3970a605781c9f8e,incident-src-3970a605781c9f8e,fia-2025-lvs-9874a99bc7cd,2025-lvs,Race,23|44,23,44,,Turn 14,causing_collision,time_penalty,referral-b715f3583bfd8d4d,15.0,8.0,high_confidence_algorithmic,"[""exact_car_set"", ""incident_family"", ""location"", ""terminal_outcome""]",pending_human_validation,,
adjudication-seed-fia-2025-qat-78837a554fcb-01,adj-b5568820681da36b,incident-src-b5568820681da36b,fia-2025-qat-78837a554fcb,2025-qat,Race,10|27,27,10,,,causing_collision,no_further_action,referral-aa5b2e3498a65c01,13.0,,high_confidence_algorithmic,"[""exact_car_set"", ""incident_family"", ""terminal_outcome""]",pending_human_validation,,
adjudication-seed-fia-2025-abu-5a289d5d001e-01,adj-c87d6a167a0b882c,incident-src-c87d6a167a0b882c,fia-2025-abu-5a289d5d001e,2025-abu,Race,18|87,87,18,,Turn 9,multiple_defensive_moves,time_penalty,referral-fad6a092c255e93e,12.0,,candidate_pending_review,"[""adjudication_car_set_within_episode"", ""incident_family"", ""terminal_outcome""]",pending_human_validation,,
adjudication-seed-fia-2025-abu-90b14b4ed0c9-01,adj-862c5abf64138d26,incident-src-862c5abf64138d26,fia-2025-abu-90b14b4ed0c9,2025-abu,Race,4|22,4,22,,,gaining_advantage_off_track,no_further_action,referral-cb1899c706c559e8,10.0,,candidate_pending_review,"[""exact_car_set"", ""terminal_outcome""]",pending_human_validation,,
adjudication-seed-fia-2025-abu-9913dc5c7021-01,adj-e4777c2ca2dcd628,incident-src-e4777c2ca2dcd628,fia-2025-abu-9913dc5c7021,2025-abu,Race,10|27,27,10,,,causing_collision,no_further_action,referral-a54b06fbd1bfe5dc,13.0,,high_confidence_algorithmic,"[""exact_car_set"", ""incident_family"", ""terminal_outcome""]",pending_human_validation,,
adjudication-seed-fia-2025-abu-9c20002be5b0-01,adj-e6d0642f2d104bf2,incident-src-e6d0642f2d104bf2,fia-2025-abu-9c20002be5b0,2025-abu,Race,10|27,10,27,,,causing_collision,no_further_action,referral-a54b06fbd1bfe5dc,13.0,,high_confidence_algorithmic,"[""exact_car_set"", ""incident_family"", ""terminal_outcome""]",pending_human_validation,,
adjudication-seed-fia-2025-abu-af797fd2ecc9-01,adj-cdd3611fe7080482,incident-src-cdd3611fe7080482,fia-2025-abu-af797fd2ecc9,2025-abu,Race,18|55,18,55,,Turn 9,multiple_defensive_moves,time_penalty,referral-fad6a092c255e93e,12.0,,candidate_pending_review,"[""adjudication_car_set_within_episode"", ""incident_family"", ""terminal_outcome""]",pending_human_validation,,
adjudication-seed-fia-2025-abu-bfa018c9c8e1-01,adj-d9617718c7032a69,incident-src-d9617718c7032a69,fia-2025-abu-bfa018c9c8e1,2025-abu,Race,4|22,22,4,,,multiple_defensive_moves,time_penalty,referral-252f827b1c76a06d,8.0,8.0,ambiguous_pending_review,"[""accused_car"", ""incident_family"", ""terminal_outcome""]",pending_human_validation,,
adjudication-seed-fia-2018-aut-9c50973f6716-01,adj-42055c7ca321d011,incident-src-42055c7ca321d011,fia-2018-aut-9c50973f6716,2018-aut,Race,31|55,55,31,,Turn 1,forcing_off_track,reprimand,referral-e5a0ee4b543a5b62,12.0,,candidate_pending_review,"[""exact_car_set"", ""location"", ""terminal_outcome""]",pending_human_validation,,
adjudication-seed-fia-2018-gbr-c4ec3bfd58d1-01,adj-71bfdbf175be2808,incident-group-5f15a97b01053cd7,fia-2018-gbr-c4ec3bfd58d1,2018-gbr,Race,8|20,20,8,,Turn 3,causing_collision,no_further_action,referral-54d4208235326886,15.0,,high_confidence_algorithmic,"[""exact_car_set"", ""incident_family"", ""location"", ""terminal_outcome""]",pending_human_validation,,
adjudication-seed-fia-2018-gbr-dbd297e3a1ec-01,adj-5085c3b16294abcf,incident-group-5f15a97b01053cd7,fia-2018-gbr-dbd297e3a1ec,2018-gbr,Race,8|20,8,20,,Turn 3,causing_collision,no_further_action,referral-54d4208235326886,15.0,,high_confidence_algorithmic,"[""exact_car_set"", ""incident_family"", ""location"", ""terminal_outcome""]",pending_human_validation,,
adjudication-seed-fia-2018-ita-46eec3615f40-01,adj-baf8a03a8e84a2b5,incident-group-dc038f07ea0cd46a,fia-2018-ita-46eec3615f40,2018-ita,Race,5|44,44,5,,Turn 4,causing_collision,no_further_action,referral-7eee0a9c2ce4a186,12.0,,candidate_pending_review,"[""exact_car_set"", ""location"", ""terminal_outcome""]",pending_human_validation,,
adjudication-seed-fia-2018-ita-a3456e32915c-01,adj-3d3f08ac55cefb43,incident-group-dc038f07ea0cd46a,fia-2018-ita-a3456e32915c,2018-ita,Race,5|44,5,44,,Turn 4,causing_collision,no_further_action,referral-7eee0a9c2ce4a186,12.0,,candidate_pending_review,"[""exact_car_set"", ""location"", ""terminal_outcome""]",pending_human_validation,,
adjudication-seed-fia-2018-sgp-21e75b934044-01,adj-793e772ff47ab03e,incident-src-793e772ff47ab03e,fia-2018-sgp-21e75b934044,2018-sgp,Race,20|28,20,28,,Turn 7,causing_collision,no_further_action,referral-3d0594eb680a4801,12.0,,candidate_pending_review,"[""exact_car_set"", ""location"", ""terminal_outcome""]",pending_human_validation,,
adjudication-seed-fia-2018-sgp-bcfc0b21409a-01,adj-153d9abced4119b1,incident-src-153d9abced4119b1,fia-2018-sgp-bcfc0b21409a,2018-sgp,Race,11|31,11,31,1,Turn 3,causing_collision,no_further_action,referral-b77c71894b8712d2,15.0,6.0,high_confidence_algorithmic,"[""exact_car_set"", ""incident_family"", ""location"", ""terminal_outcome""]",pending_human_validation,,
adjudication-seed-fia-2018-jpn-af0be8505555-01,adj-590d4355a3039791,incident-src-590d4355a3039791,fia-2018-jpn-af0be8505555,2018-jpn,Race,14,14,,,Turn 16,gaining_advantage_off_track,time_penalty,referral-8d5f7e2ace41e877,13.0,12.0,ambiguous_pending_review,"[""exact_car_set"", ""incident_family"", ""terminal_outcome""]",pending_human_validation,,
adjudication-seed-fia-2019-fra-457ded17de98-01,adj-ea059e019eeba972,incident-src-ea059e019eeba972,fia-2019-fra-457ded17de98,2019-fra,Race,3|4,3,4,,Turn 8,forcing_off_track,time_penalty,,,,unmatched,[],pending_human_validation,,
adjudication-seed-fia-2019-deu-439337838994-01,adj-f35eb28ba1d26794,incident-src-f35eb28ba1d26794,fia-2019-deu-439337838994,2019-deu,Race,10|23,10,23,,Turn 6,causing_collision,no_further_action,referral-23100d35fc5906d1,10.0,,candidate_pending_review,"[""exact_car_set"", ""terminal_outcome""]",pending_human_validation,,
adjudication-seed-fia-2019-ita-5d8bd476d009-01,adj-0a2995f1d6aad572,incident-src-0a2995f1d6aad572,fia-2019-ita-5d8bd476d009,2019-ita,Race,5|18,5,18,,Turn 9,causing_collision,stop_go,referral-768f90a84f2bf19b,13.0,,high_confidence_algorithmic,"[""exact_car_set"", ""incident_family"", ""location""]",pending_human_validation,,
adjudication-seed-fia-2019-sgp-4f116694a24c-01,adj-dc7143e62d2b209e,incident-group-17fe6df1bdd9aad8,fia-2019-sgp-4f116694a24c,2019-sgp,Race,7|26,7,26,,Turn 1,causing_collision,no_further_action,referral-ab30fc15c6ead7d4,10.0,,candidate_pending_review,"[""exact_car_set"", ""location""]",pending_human_validation,,
adjudication-seed-fia-2019-sgp-6c9e26d4cab3-01,adj-cde123f133b0c826,incident-group-3e6d04cc117846eb,fia-2019-sgp-6c9e26d4cab3,2019-sgp,Race,8|63,63,8,,Turn 8,causing_collision,no_further_action,referral-5fdbc018f02e34db,10.0,,candidate_pending_review,"[""exact_car_set"", ""location""]",pending_human_validation,,
adjudication-seed-fia-2019-sgp-6db2310a0bec-01,adj-46676d59c4b4733c,incident-group-3e6d04cc117846eb,fia-2019-sgp-6db2310a0bec,2019-sgp,Race,8|63,8,63,,Turn 8,causing_collision,no_further_action,referral-5fdbc018f02e34db,10.0,,candidate_pending_review,"[""exact_car_set"", ""location""]",pending_human_validation,,
adjudication-seed-fia-2019-sgp-ab76599fc615-01,adj-90a21a4d4da139bd,incident-group-17fe6df1bdd9aad8,fia-2019-sgp-ab76599fc615,2019-sgp,Race,7|26,26,7,,Turn 1,causing_collision,no_further_action,referral-ab30fc15c6ead7d4,10.0,,candidate_pending_review,"[""exact_car_set"", ""location""]",pending_human_validation,,
adjudication-seed-fia-2019-sgp-d456f4419d4f-01,adj-2863482e9bf6ad20,incident-group-baa04254fb857cd2,fia-2019-sgp-d456f4419d4f,2019-sgp,Race,27|55,27,55,1,Turn 5,causing_collision,no_further_action,referral-f9b1803598cb0ff8,15.0,,high_confidence_algorithmic,"[""exact_car_set"", ""location"", ""explicit_lap"", ""terminal_outcome""]",pending_human_validation,,
adjudication-seed-fia-2019-sgp-e6c461804492-01,adj-a7bd7c94072cc013,incident-group-baa04254fb857cd2,fia-2019-sgp-e6c461804492,2019-sgp,Race,27|55,55,27,1,Turn 5,causing_collision,no_further_action,referral-f9b1803598cb0ff8,15.0,,high_confidence_algorithmic,"[""exact_car_set"", ""location"", ""explicit_lap"", ""terminal_outcome""]",pending_human_validation,,
adjudication-seed-fia-2019-jpn-4a022963168d-01,adj-44686757f581c309,incident-group-dee3045f08ed8de7,fia-2019-jpn-4a022963168d,2019-jpn,Race,16|33,16,33,1,Turns 1-2,causing_collision,time_penalty,referral-f400bd65ec68bae4,14.0,11.0,high_confidence_algorithmic,"[""exact_car_set"", ""incident_family"", ""explicit_lap""]",pending_human_validation,,
adjudication-seed-fia-2019-jpn-8f4df880b95b-01,adj-667d6bb8743116ef,incident-group-9d7ca07e87909a4b,fia-2019-jpn-8f4df880b95b,2019-jpn,Race,10|11,10,11,,Turn 2,causing_collision,no_further_action,referral-a5288224a70f7a28,13.0,7.0,high_confidence_algorithmic,"[""exact_car_set"", ""incident_family"", ""location""]",pending_human_validation,,
adjudication-seed-fia-2019-jpn-9be40f8bba4d-01,adj-634036e33dc05333,incident-group-dee3045f08ed8de7,fia-2019-jpn-9be40f8bba4d,2019-jpn,Race,16|33,33,16,1,Turns 1-2,causing_collision,no_further_action,referral-f400bd65ec68bae4,16.0,11.0,high_confidence_algorithmic,"[""exact_car_set"", ""incident_family"", ""explicit_lap"", ""terminal_outcome""]",pending_human_validation,,
adjudication-seed-fia-2019-jpn-ddc6b3eef5b1-01,adj-acc76c36ad0d55b6,incident-group-9d7ca07e87909a4b,fia-2019-jpn-ddc6b3eef5b1,2019-jpn,Race,10|11,11,10,,Turn 2,causing_collision,no_further_action,referral-a5288224a70f7a28,13.0,7.0,high_confidence_algorithmic,"[""exact_car_set"", ""incident_family"", ""location""]",pending_human_validation,,
adjudication-seed-fia-2019-mex-9a84e5496c6b-01,adj-f96f03bc3f42ded4,incident-src-f96f03bc3f42ded4,fia-2019-mex-9a84e5496c6b,2019-mex,Race,26|27,26,27,,Turn 16,causing_collision,time_penalty,referral-06be9444b527f8ae,10.0,8.0,candidate_pending_review,"[""exact_car_set"", ""location""]",pending_human_validation,,
adjudication-seed-fia-2019-usa-e8891601d008-01,adj-8fa5a7f8737d47e9,incident-src-8fa5a7f8737d47e9,fia-2019-usa-e8891601d008,2019-usa,Race,23|55,23,55,1,Turn 1,causing_collision,no_further_action,referral-693d171ad0182cef,12.0,,candidate_pending_review,"[""exact_car_set"", ""location"", ""terminal_outcome""]",pending_human_validation,,
adjudication-seed-fia-2019-bra-0197a870d5b2-01,adj-bb68ecdf3fcd7591,incident-group-0717c3bfd5f08779,fia-2019-bra-0197a870d5b2,2019-bra,Race,5|16,16,5,,Turn 4,causing_collision,no_further_action,referral-ce06795f0b16db3c,10.0,,candidate_pending_review,"[""exact_car_set"", ""location""]",pending_human_validation,,
adjudication-seed-fia-2019-bra-38ee05c4fb59-01,adj-14f4d4ae4c61c0d1,incident-group-0717c3bfd5f08779,fia-2019-bra-38ee05c4fb59,2019-bra,Race,5|16,5,16,,Turn 4,causing_collision,no_further_action,referral-ce06795f0b16db3c,10.0,,candidate_pending_review,"[""exact_car_set"", ""location""]",pending_human_validation,,
adjudication-seed-fia-2019-bra-b956905dbc4f-01,adj-75ad7140f56a82b0,incident-src-75ad7140f56a82b0,fia-2019-bra-b956905dbc4f,2019-bra,Race,3|20,3,20,,Turn 4,causing_collision,time_penalty,referral-8eaeadc8694923f5,10.0,8.0,candidate_pending_review,"[""exact_car_set"", ""location""]",pending_human_validation,,
adjudication-seed-fia-2019-abu-e94aca06904a-01,adj-995c2c2bf5c5a2da,incident-group-8adf0ddcdc980b9a,fia-2019-abu-e94aca06904a,2019-abu,Race,88|99,88,99,,Turn 12,causing_collision,no_further_action,referral-a5b57ab7ac444c3e,10.0,,candidate_pending_review,"[""exact_car_set"", ""terminal_outcome""]",pending_human_validation,,
adjudication-seed-fia-2019-abu-eed6b57f5b3f-01,adj-bff9e3e79b9d2b32,incident-group-8adf0ddcdc980b9a,fia-2019-abu-eed6b57f5b3f,2019-abu,Race,88|99,99,88,,Turn 12,causing_collision,no_further_action,referral-a5b57ab7ac444c3e,10.0,,candidate_pending_review,"[""exact_car_set"", ""terminal_outcome""]",pending_human_validation,,
adjudication-seed-fia-2020-sty-965461bfbe13-01,adj-e29cbda3e8d0967d,incident-src-e29cbda3e8d0967d,fia-2020-sty-965461bfbe13,2020-sty,Race,3|18,18,3,,Turn 3,forcing_off_track,no_further_action,referral-c5c6eba7828e2b52,10.0,,candidate_pending_review,"[""exact_car_set"", ""location""]",pending_human_validation,,
adjudication-seed-fia-2020-gbr-319c8c2d52b9-01,adj-fcd4a7df5c2a7599,incident-src-fcd4a7df5c2a7599,fia-2020-gbr-319c8c2d52b9,2020-gbr,Race,20|23,23,20,,Turn 18,causing_collision,time_penalty,referral-24694eab8506551b,13.0,8.0,high_confidence_algorithmic,"[""exact_car_set"", ""incident_family"", ""location""]",pending_human_validation,,
adjudication-seed-fia-2020-ita-5e5acd0fdb41-01,adj-0b5349f408329019,incident-src-0b5349f408329019,fia-2020-ita-5e5acd0fdb41,2020-ita,Race,11|33,33,11,,Turn 2,forcing_off_track,no_further_action,referral-875eb8d9bcba4b05,10.0,8.0,candidate_pending_review,"[""exact_car_set"", ""terminal_outcome""]",pending_human_validation,,
adjudication-seed-fia-2021-gbr-74d32cf58767-01,adj-ef78b859db624c3b,incident-src-ef78b859db624c3b,fia-2021-gbr-74d32cf58767,2021-gbr,Race,7|11,11,7,,Turn 17,forcing_off_track,no_further_action,referral-2073a53f009396fd,10.0,,candidate_pending_review,"[""exact_car_set"", ""location""]",pending_human_validation,,
adjudication-seed-fia-2022-fra-832a818ac903-01,adj-91bd2176be4c7ceb,incident-group-57d76c19243d2b20,fia-2022-fra-832a818ac903,2022-fra,Race,6|20,6,20,,Turn 2,causing_collision,no_further_action,referral-77de8f515baa8b7e,12.0,,candidate_pending_review,"[""adjudication_car_set_within_episode"", ""incident_family"", ""location""]",pending_human_validation,,
adjudication-seed-fia-2022-fra-f29d68ccd9b0-01,adj-285944dc1f5d725d,incident-group-57d76c19243d2b20,fia-2022-fra-f29d68ccd9b0,2022-fra,Race,6|20,20,6,,Turn 2,causing_collision,no_further_action,referral-77de8f515baa8b7e,12.0,,candidate_pending_review,"[""adjudication_car_set_within_episode"", ""incident_family"", ""location""]",pending_human_validation,,
adjudication-seed-fia-2022-sao-002711fb5ae0-01,adj-a3a7fbd881640e16,incident-src-a3a7fbd881640e16,fia-2022-sao-002711fb5ae0,2022-sao,Sprint,5|18,18,5,,Turn 3,forcing_off_track,time_penalty,referral-9f073c91d807f8b5,11.0,,candidate_pending_review,"[""exact_car_set"", ""incident_family""]",pending_human_validation,,
adjudication-seed-fia-2023-aus-0144b2323236-01,adj-3ccb9c1bd9cedb01,incident-group-fba25307a3d5ad50,fia-2023-aus-0144b2323236,2023-aus,Race,10|31,31,10,,Turn 2,causing_collision,no_further_action,referral-a2c81b2c894dcee9,13.0,6.0,high_confidence_algorithmic,"[""exact_car_set"", ""incident_family"", ""location""]",pending_human_validation,,
adjudication-seed-fia-2023-aus-500bb4f284ba-01,adj-90197ab5c6f59cb7,incident-group-fba25307a3d5ad50,fia-2023-aus-500bb4f284ba,2023-aus,Race,10|31,10,31,,Turn 2,causing_collision,no_further_action,referral-a2c81b2c894dcee9,13.0,6.0,high_confidence_algorithmic,"[""exact_car_set"", ""incident_family"", ""location""]",pending_human_validation,,
adjudication-seed-fia-2023-qat-002060120e1b-01,adj-2bb6a3e3238bf797,incident-group-3d3328a390c3ac33,fia-2023-qat-002060120e1b,2023-qat,Sprint,11|27|31,11,27|31,,Turn 2,causing_collision,no_further_action,referral-50ed2c378523739f,13.0,,high_confidence_algorithmic,"[""exact_car_set"", ""incident_family"", ""location""]",pending_human_validation,,
adjudication-seed-fia-2023-qat-8a64aec7daf5-01,adj-3963f9cb2db8ec33,incident-group-3d3328a390c3ac33,fia-2023-qat-8a64aec7daf5,2023-qat,Sprint,11|27|31,31,11|27,,Turn 2,causing_collision,no_further_action,referral-50ed2c378523739f,13.0,,high_confidence_algorithmic,"[""exact_car_set"", ""incident_family"", ""location""]",pending_human_validation,,
adjudication-seed-fia-2023-qat-9b045d16fdac-01,adj-be81901bac03674e,incident-group-3d3328a390c3ac33,fia-2023-qat-9b045d16fdac,2023-qat,Sprint,11|27|31,27,11|31,,Turn 2,causing_collision,no_further_action,referral-50ed2c378523739f,13.0,,high_confidence_algorithmic,"[""exact_car_set"", ""incident_family"", ""location""]",pending_human_validation,,
adjudication-seed-fia-2024-mia-86547ded7d12-01,adj-66a7d8add9666258,incident-group-86e2a514b5312efc,fia-2024-mia-86547ded7d12,2024-mia,Sprint,4|14|18|44,18,14|4|44,1,Turn 1,causing_collision,no_further_action,,,,unmatched,[],pending_human_validation,,
adjudication-seed-fia-2024-mia-b115633c9ba0-01,adj-c88d0a0133c58194,incident-group-86e2a514b5312efc,fia-2024-mia-b115633c9ba0,2024-mia,Sprint,4|14|18|44,14,18|4|44,1,Turn 1,causing_collision,no_further_action,,,,unmatched,[],pending_human_validation,,
adjudication-seed-fia-2024-mia-badde45f9141-01,adj-0a015cee0b31ad67,incident-group-86e2a514b5312efc,fia-2024-mia-badde45f9141,2024-mia,Sprint,4|14|18|44,44,14|4|18,1,Turn 1,causing_collision,no_further_action,,,,unmatched,[],pending_human_validation,,
adjudication-seed-fia-2024-can-2d45bb0945a9-01,adj-08975f5bf7e53df4,incident-group-1f0e1655ef842f90,fia-2024-can-2d45bb0945a9,2024-can,Race,63|81,81,63,,Turns 13-14,causing_collision,no_further_action,referral-c3855a333cd39450,11.0,,candidate_pending_review,"[""exact_car_set"", ""incident_family""]",pending_human_validation,,
adjudication-seed-fia-2024-can-546aad3f9319-01,adj-d710238ee5f893bf,incident-group-1f0e1655ef842f90,fia-2024-can-546aad3f9319,2024-can,Race,63|81,63,81,,Turns 13-14,causing_collision,no_further_action,referral-c3855a333cd39450,11.0,,candidate_pending_review,"[""exact_car_set"", ""incident_family""]",pending_human_validation,,
adjudication-seed-fia-2024-hun-46b193d4af90-01,adj-c05dc23d16515f58,incident-src-c05dc23d16515f58,fia-2024-hun-46b193d4af90,2024-hun,Race,1|44,1,44,,Turn 1,causing_collision,no_further_action,referral-274dc2c54c49c08f,13.0,7.0,high_confidence_algorithmic,"[""exact_car_set"", ""incident_family"", ""location""]",pending_human_validation,,
adjudication-seed-fia-2024-usa-1d5ba0527e94-01,adj-780b464e1e0142e6,incident-src-780b464e1e0142e6,fia-2024-usa-1d5ba0527e94,2024-usa,Race,10|23,10,23,,Turn 15,gaining_advantage_off_track,time_penalty,referral-05029cdb2842ae7d,15.0,8.0,high_confidence_algorithmic,"[""exact_car_set"", ""incident_family"", ""location"", ""terminal_outcome""]",pending_human_validation,,
adjudication-seed-fia-2024-mex-a4340456d96a-01,adj-692b411e9f958d1d,incident-src-692b411e9f958d1d,fia-2024-mex-a4340456d96a,2024-mex,Race,11|30,11,30,,Turns 4-5,forcing_off_track,no_further_action,referral-757a273c8e47a76c,10.0,8.0,candidate_pending_review,"[""exact_car_set"", ""terminal_outcome""]",pending_human_validation,,
adjudication-seed-fia-2024-qat-ea0ded916e32-01,adj-244bac6c349c96be,incident-src-244bac6c349c96be,fia-2024-qat-ea0ded916e32,2024-qat,Race,30|77,30,77,5,Turn 1,causing_collision,time_penalty,referral-af283570cc6acd71,15.0,7.0,high_confidence_algorithmic,"[""exact_car_set"", ""incident_family"", ""location"", ""terminal_outcome""]",pending_human_validation,,
adjudication-seed-fia-2024-abu-62aed0693198-01,adj-5b76f9299c3d25a5,incident-src-5b76f9299c3d25a5,fia-2024-abu-62aed0693198,2024-abu,Race,11|77,77,11,1,Turn 6,causing_collision,time_penalty,referral-09e39de88467ad49,13.0,8.0,high_confidence_algorithmic,"[""exact_car_set"", ""incident_family"", ""terminal_outcome""]",pending_human_validation,,
adjudication-seed-fia-2025-chn-c6a27ca62eb2-01,adj-00f21170a32794f2,incident-src-00f21170a32794f2,fia-2025-chn-c6a27ca62eb2,2025-chn,Sprint,7|30,30,7,,Turn 14,causing_collision,no_further_action,referral-fbd1c3da9e21b9ae,15.0,8.0,high_confidence_algorithmic,"[""exact_car_set"", ""incident_family"", ""location"", ""terminal_outcome""]",pending_human_validation,,
adjudication-seed-fia-2025-esp-f89ab19eeac5-01,adj-6a1ad4e004abe2f1,incident-src-6a1ad4e004abe2f1,fia-2025-esp-f89ab19eeac5,2025-esp,Race,30|87,30,87,,Turn 1,causing_collision,no_further_action,referral-f5b0ef6d99d368fc,14.0,10.0,high_confidence_algorithmic,"[""adjudication_car_set_within_episode"", ""incident_family"", ""location"", ""terminal_outcome""]",pending_human_validation,,
