source_message_index,event_id,session_type,message_timestamp,message_lap,message,process_status,car_numbers,car_count,location,incident_lap_explicit,incident_family
5,2018-abu,Race,2018-11-25 05:19:05-08:00,3.0,TURN 9 INCIDENT INVOLVING CARS 27 (HUL) AND 8 (GRO) UNDER INVESTIGATION - CAUSING A COLLISION,investigation,8|27,2,Turn 9,,causing_collision
6,2018-abu,Race,2018-11-25 05:20:37-08:00,3.0,TURN 9 INCIDENT INVOLVING CARS 27 (HUL) AND 8 (GRO) - NO FURTHER ACTION,no_further_action,8|27,2,Turn 9,,other
9,2018-abu,Race,2018-11-25 05:23:26-08:00,4.0,TURN 9 INCIDENT INVOLVING CARS 55 (SAI) AND 9 (ERI) NOTED - LEAVING THE TRACK AND GAINING AN ADVANTAGE,noted,9|55,2,Turn 9,,gaining_advantage_off_track
22,2018-abu,Race,2018-11-25 06:15:31-08:00,33.0,TURN 17 INCIDENT INVOLVING CARS 2 (VAN) AND 31 (OCO) UNDER INVESTIGATION - LEAVING THE TRACK AND GAINING AN ADVANTAGE,investigation,2|31,2,Turn 17,,gaining_advantage_off_track
23,2018-abu,Race,2018-11-25 06:17:41-08:00,35.0,5 SECOND TIME PENALTY FOR CAR 31 (OCO) - LEAVING THE TRACK AND GAINING AN ADVANTAGE,sanction_announced,31,1,,,gaining_advantage_off_track
64,2018-abu,Race,2018-11-25 06:51:16-08:00,54.0,5 SECOND TIME PENALTY FOR CAR 14 (ALO) - LEAVING THE TRACK AND GAINING AN ADVANTAGE,sanction_announced,14,1,,,gaining_advantage_off_track
65,2018-abu,Race,2018-11-25 06:52:55-08:00,55.0,5 SECOND TIME PENALTY FOR CAR 14 (ALO) - LEAVING THE TRACK AND GAINING AN ADVANTAGE,sanction_announced,14,1,,,gaining_advantage_off_track
69,2018-abu,Race,2018-11-25 06:58:41-08:00,55.0,5 SECOND TIME PENALTY FOR CAR 14 (ALO) - LEAVING THE TRACK AND GAINING AN ADVANTAGE,sanction_announced,14,1,,,gaining_advantage_off_track
119,2018-aus,Race,2018-03-24 23:05:02-07:00,32.0,PIT LANE INCIDENT INVOLVING CAR 20 (MAG) WILL BE INVESTIGATED AFTER THE RACE - CAR RELEASED IN AN UNSAFE CONDITION,post_session_investigation,20,1,Pit Lane,,unsafe_release
120,2018-aus,Race,2018-03-24 23:05:12-07:00,33.0,PIT LANE INCIDENT INVOLVING CAR 8 (GRO) WILL BE INVESTIGATED AFTER THE RACE - CAR RELEASED IN AN UNSAFE CONDITION,post_session_investigation,8,1,Pit Lane,,unsafe_release
137,2018-aut,Race,2018-07-01 06:22:44-07:00,9.0,TURN 1 INCIDENT INVOLVING CARS 31 (OCO) AND 55 (SAI) NOTED,noted,31|55,2,Turn 1,,other
138,2018-aut,Race,2018-07-01 06:23:06-07:00,9.0,TURN 3 INCIDENT INVOLVING CARS 2 (VAN) AND 10 (GAS) NOTED,noted,2|10,2,Turn 3,,other
140,2018-aut,Race,2018-07-01 06:23:51-07:00,10.0,TURN 3 INCIDENT INVOLVING CARS 7 (RAI) AND 33 (VER) NOTED,noted,7|33,2,Turn 3,,other
149,2018-aut,Race,2018-07-01 06:27:48-07:00,13.0,TURN 3 INCIDENT INVOLVING CARS 10 (GAS) AND 2 (VAN) - NO INVESTIGATION NECESSARY,no_investigation,2|10,2,Turn 3,,other
155,2018-aut,Race,2018-07-01 06:30:09-07:00,15.0,TURN 1 INCIDENT INVOLVING CARS 31 (OCO) AND 55 (SAI) UNDER INVESTIGATION,investigation,31|55,2,Turn 1,,other
156,2018-aut,Race,2018-07-01 06:30:33-07:00,16.0,TURN 3 INCIDENT INVOLVING CARS 7 (RAI) AND 33 (VER) UNDER INVESTIGATION,investigation,7|33,2,Turn 3,,other
170,2018-aut,Race,2018-07-01 06:37:23-07:00,21.0,TURN 3 INCIDENT INVOLVING CARS 7 (RAI) AND 33 (VER) - NO FURTHER ACTION,no_further_action,7|33,2,Turn 3,,other
172,2018-aut,Race,2018-07-01 06:41:48-07:00,25.0,TURN 1 INCIDENT INVOLVING CARS 31 (OCO) AND 55 (SAI) - REPRIMAND TO CAR 55 (SAI),sanction_announced,31|55,2,Turn 1,,other
242,2018-aut,Race,2018-07-01 07:34:28-07:00,71.0,BLUE FLAG INCIDENT INVOLVING CAR 18 (STR) WILL BE INVESTIGATED AFTER THE RACE,post_session_investigation,18,1,,,blue_flags
283,2018-aze,Race,2018-04-29 05:46:40-07:00,16.0,FIRST LAP INCIDENTS AT TURNS 2 AND 3 ALL NOTED,noted,,0,Turn 2-3,1.0,other
289,2018-aze,Race,2018-04-29 05:51:13-07:00,19.0,TURN 2 INCIDENT INVOLVING CARS 31 (OCO) AND 7 (RAI) WILL BE INVESTIGATED AFTER THE RACE,post_session_investigation,7|31,2,Turn 2,,other
290,2018-aze,Race,2018-04-29 05:52:18-07:00,19.0,"TURN 2 INCIDENT INVOLVING CARS 14 (ALO),27 (HUL)  AND 35 (SIR) NOTED - NO INVESTIGATION NECESSARY",no_investigation,14|27|35,3,Turn 2,,other
292,2018-aze,Race,2018-04-29 05:53:17-07:00,20.0,TURN 2 INCIDENT INVOLVING CARS 9 (ERI) AND 20 (MAG) UNDER INVESTIGATION,investigation,9|20,2,Turn 2,,other
293,2018-aze,Race,2018-04-29 05:53:57-07:00,20.0,10 SECOND TIME PENALTY FOR CAR 9 (ERI) - CAUSING A COLLISION,sanction_announced,9,1,,,causing_collision
298,2018-aze,Race,2018-04-29 05:59:36-07:00,23.0, INCIDENT INVOLVING CAR 11 (PER) UNDER INVESTIGATION - OVERTAKING BEFORE THE SAFETY CAR LINE,investigation,11,1,,,other
300,2018-aze,Race,2018-04-29 06:00:34-07:00,24.0,5 SECOND TIME PENALTY FOR CAR 11 (PER) - OVERTAKING BEFORE THE SAFETY CAR LINE,sanction_announced,11,1,,,other
322,2018-aze,Race,2018-04-29 06:29:08-07:00,40.0,"INCIDENT INVOLVING CARS 11 (PER), 18 (STR) AND 20 (MAG) WILL BE INVESTIGATED AFTER THE RACE - USE OF DRS WHEN NOT PERMITTED",post_session_investigation,11|18|20,3,,,other
352,2018-aze,Race,2018-04-29 06:54:17-07:00,50.0,TURN 1 INCIDENT INVOLVING CARS 3 (RIC) AND 33 (VER) WILL BE INVESTIGATED AFTER THE RACE,post_session_investigation,3|33,2,Turn 1,,other
353,2018-aze,Race,2018-04-29 06:56:49-07:00,51.0,TURN 20 INCIDENT INVOLVING CARS 10 (GAS) AND 20 (MAG) WILL BE INVESTIGATED AFTER THE RACE,post_session_investigation,10|20,2,Turn 20,,other
363,2018-bel,Race,2018-08-26 06:16:11-07:00,2.0,1ST CORNER INCIDENT UNDER INVESTIGATION,investigation,,0,Turn 1,,other
364,2018-bel,Race,2018-08-26 06:17:28-07:00,2.0,TURN 1 INCIDENT WILL BE INVESTIGATED AFTER THE RACE,post_session_investigation,,0,Turn 1,,other
371,2018-bel,Race,2018-08-26 06:27:32-07:00,6.0,TURN 1 INCIDENT INVOLVING CARS 3 (RIC) AND 7 (RAI) NOTED,noted,3|7,2,Turn 1,,other
374,2018-bel,Race,2018-08-26 06:29:10-07:00,7.0,TURN 1 INCIDENT INVOLVING CARS 3 (RIC) AND 7 (RAI) - NO INVESTIGATION NECESSARY,no_investigation,3|7,2,Turn 1,,other
407,2018-bhr,Race,2018-04-08 08:24:36-07:00,7.0,TURN 4 INCIDENT INVOLVING CARS 11 (PER) AND 28 (HAR) UNDER INVESTIGATION - CAUSING A COLLISION,investigation,11|28,2,Turn 4,,causing_collision
408,2018-bhr,Race,2018-04-08 08:27:04-07:00,8.0,TURN 1 INCIDENT INVOLVING CARS 33 (VER) AND 44 (HAM) NOTED - NO FURTHER ACTION,no_further_action,33|44,2,Turn 1,,other
409,2018-bhr,Race,2018-04-08 08:27:48-07:00,9.0,INCIDENT INVOLVING CARS 27 (HUL) AND 20 (MAG) NOTED - NO FURTHER ACTION,no_further_action,20|27,2,,,other
410,2018-bhr,Race,2018-04-08 08:28:12-07:00,9.0,10 SECOND TIME PENALTY FOR CAR 28 (HAR) - CAUSING A COLLISION,sanction_announced,28,1,,,causing_collision
415,2018-bhr,Race,2018-04-08 08:36:33-07:00,12.0,INCIDENT INVOLVING CARS 11 (PER) AND 28 (HAR) UNDER INVESTIGATION - FAILURE TO MAINTAIN ORDER ON THE FORMATION LAP,investigation,11|28,2,,,other
416,2018-bhr,Race,2018-04-08 08:38:19-07:00,12.0,INCIDENT INVOLVING CARS 11 (PER) AND 28 (HAR) WILL BE INVESTIGATED AFTER THE RACE,post_session_investigation,11|28,2,,,other
430,2018-bhr,Race,2018-04-08 09:16:12-07:00,39.0,INCIDENT INVOLVING CAR 7 (RAI) WILL BE INVESTIGATED AFTER THE RACE - UNSAFE RELEASE,post_session_investigation,7,1,,,unsafe_release
502,2018-bra,Race,2018-11-11 10:08:50-08:00,45.0,TURN 1 INCIDENT INVOLVING CARS 31 (OCO) AND 33 (VER) UNDER INVESTIGATION - CAUSING A COLLISION,investigation,31|33,2,Turn 1,,causing_collision
519,2018-bra,Race,2018-11-11 10:22:44-08:00,57.0,10 SECOND STOP/GO PENALTY FOR CAR 31 (OCO) - CAUSING A COLLISION,sanction_announced,31,1,,,causing_collision
526,2018-bra,Race,2018-11-11 10:30:15-08:00,63.0,INCIDENT INVOLVING CAR 14 (ALO) UNDER INVESTIGATION - IGNORING BLUE FLAGS,investigation,14,1,,,blue_flags
528,2018-bra,Race,2018-11-11 10:30:37-08:00,63.0,INCIDENT INVOLVING CAR 2 (VAN) UNDER INVESTIGATION - IGNORING BLUE FLAGS,investigation,2,1,,,blue_flags
553,2018-bra,Race,2018-11-11 10:37:25-08:00,69.0,5 SECOND TIME PENALTY FOR CAR 14 (ALO) - IGNORING BLUE FLAGS,sanction_announced,14,1,,,blue_flags
566,2018-can,Race,2018-06-10 11:22:01-07:00,5.0,TURN 6 INCIDENT INVOLVING CARS 18 (STR) AND 28 (HAR) UNDER INVESTIGATION,investigation,18|28,2,Turn 6,,other
567,2018-can,Race,2018-06-10 11:22:27-07:00,6.0,TURN 1 INCIDENT INVOLVING CARS 11 (PER) AND 55 (SAI) NOTED,noted,11|55,2,Turn 1,,other
568,2018-can,Race,2018-06-10 11:23:27-07:00,6.0,TURN 6 INCIDENT INVOLVING CARS 18 (STR) AND 28 (HAR) - NO FURTHER ACTION,no_further_action,18|28,2,Turn 6,,other
570,2018-can,Race,2018-06-10 11:23:59-07:00,7.0,TURN 1 INCIDENT INVOLVING CARS 11 (PER) AND 55 (SAI) UNDER INVESTIGATION,investigation,11|55,2,Turn 1,,other
571,2018-can,Race,2018-06-10 11:30:53-07:00,12.0,TURN 1 INCIDENT INVOLVING CARS 11 (PER) AND 55 (SAI) - NO FURTHER ACTION,no_further_action,11|55,2,Turn 1,,other
609,2018-can,Race,2018-06-10 12:19:24-07:00,51.0,TURN 13 INCIDENT INVOLVING CARS 8 (GRO) AND 31 (OCO) NOTED,noted,8|31,2,Turn 13,,other
612,2018-can,Race,2018-06-10 12:21:28-07:00,52.0,TURN 13 INCIDENT INVOLVING CARS 8 (GRO) AND 31 (OCO) - NO INVESTIGATION NECESSARY,no_investigation,8|31,2,Turn 13,,other
678,2018-chn,Race,2018-04-15 00:06:19-07:00,32.0,TURN 14 INCIDENT INVOLVING CARS 10 (GAS) AND 28 (HAR) UNDER INVESTIGATION - CAUSING A COLLISION,investigation,10|28,2,Turn 14,,causing_collision
683,2018-chn,Race,2018-04-15 00:15:46-07:00,36.0,10 SECOND TIME PENALTY FOR CAR 10 (GAS) - CAUSING A COLLISION,sanction_announced,10,1,,,causing_collision
689,2018-chn,Race,2018-04-15 00:29:39-07:00,44.0,TURN 14 INCIDENT INVOLVING CARS 5 (VET) AND 33 (VER) UNDER INVESTIGATION - CAUSING A COLLISION,investigation,5|33,2,Turn 14,,causing_collision
690,2018-chn,Race,2018-04-15 00:32:21-07:00,46.0,10 SECOND TIME PENALTY FOR CAR 33 (VER) - CAUSING A COLLISION,sanction_announced,33,1,,,causing_collision
691,2018-chn,Race,2018-04-15 00:48:32-07:00,56.0,TURN 3 INCIDENT INVOLVING CARS 5 (VET) AND 14 (ALO) NOTED,noted,5|14,2,Turn 3,,other
693,2018-chn,Race,2018-04-15 00:52:15-07:00,56.0,TURN 3 INCIDENT INVOLVING CARS 5 (VET) AND 14 (ALO) - NO INVESTIGATION NECESSARY,no_investigation,5|14,2,Turn 3,,other
785,2018-deu,Race,2018-07-22 07:34:32-07:00,59.0,INCIDENT INVOLVING CAR 55 (SAI) UNDER INVESTIGATION - OVERTAKING WHILE THE SAFETY CAR WAS DEPLOYED,investigation,55,1,,,other
788,2018-deu,Race,2018-07-22 07:39:03-07:00,62.0,10 SECOND TIME PENALTY FOR CAR 55 (SAI) - OVERTAKING WHILE THE SAFETY CAR WAS DEPLOYED,sanction_announced,55,1,,,other
796,2018-esp,Race,2018-05-13 06:24:10-07:00,5.0,TURN 3 INCIDENT INVOLVING CAR 8 (GRO) WILL BE INVESTIGATED AFTER THE RACE,post_session_investigation,8,1,Turn 3,,other
801,2018-esp,Race,2018-05-13 06:29:41-07:00,9.0,TURN 2 INCIDENT INVOLVING CAR 2 (VAN) UNDER INVESTIGATION - FAILING TO STAY TO THE LEFT OF THE BOLLARD AT TURN 2,investigation,2,1,Turn 2,,other
802,2018-esp,Race,2018-05-13 06:30:46-07:00,10.0,5 SECOND TIME PENALTY FOR CAR 2 (VAN) - FAILING TO STAY TO THE LEFT OF THE BOLLARD AT TURN 2 ON LAP 1,sanction_announced,2,1,Turn 2,,other
888,2018-fra,Race,2018-06-24 07:18:08-07:00,2.0,INCIDENT INVOLVING CARS 5 (VET) AND 77 (BOT) UNDER INVESTIGATION - CAUSING A COLLISION,investigation,5|77,2,,,causing_collision
890,2018-fra,Race,2018-06-24 07:19:09-07:00,3.0,INCIDENT INVOLVING CARS 10 (GAS) AND 31 (OCO) UNDER INVESTIGATION - CAUSING A COLLISION,investigation,10|31,2,,,causing_collision
892,2018-fra,Race,2018-06-24 07:23:14-07:00,5.0,INCIDENT INVOLVING CARS 10 (GAS) AND 31 (OCO) WILL BE INVESTIGATED AFTER THE RACE,post_session_investigation,10|31,2,,,other
902,2018-fra,Race,2018-06-24 07:31:55-07:00,9.0,5 SECOND TIME PENALTY FOR CAR 5 (VET) - CAUSING A COLLISION,sanction_announced,5,1,,,causing_collision
903,2018-fra,Race,2018-06-24 07:36:20-07:00,12.0,LAP 1 TURN 4 INCIDENT INVOLVING CAR 8 (GRO) UNDER INVESTIGATION - LEAVING THE TRACK AND GAINING AN ADVANTAGE,investigation,8,1,Turn 4,1.0,gaining_advantage_off_track
904,2018-fra,Race,2018-06-24 07:42:10-07:00,16.0,INCIDENT INVOLVING CAR 35 (SIR) UNDER INVESTIGATION - DRIVING UNNECESSARILY SLOWLY BEHIND THE SAFETY CAR,investigation,35,1,,,other
905,2018-fra,Race,2018-06-24 07:59:49-07:00,27.0,5 SECOND TIME PENALTY FOR CAR 35 (SIR) - DRIVING UNNECESSARILY SLOWLY BEHIND THE SAFETY CAR,sanction_announced,35,1,,,other
906,2018-fra,Race,2018-06-24 08:00:47-07:00,27.0,LAP 1 TURN 4 INCIDENT INVOLVING CAR 8 (GRO) - NO FURTHER ACTION,no_further_action,8,1,Turn 4,1.0,other
907,2018-fra,Race,2018-06-24 08:06:24-07:00,31.0,LAP 1 TURN 1 INCIDENT INVOLVING CAR 8 (GRO) UNDER INVESTIGATION - CAUSING A COLLISION,investigation,8,1,Turn 1,1.0,causing_collision
908,2018-fra,Race,2018-06-24 08:07:43-07:00,32.0,5 SECOND TIME PENALTY FOR CAR 8 (GRO) - CAUSING A COLLISION,sanction_announced,8,1,,,causing_collision
972,2018-gbr,Race,2018-07-08 06:17:01-07:00,3.0,TURN 3 INCIDENT UNDER INVESTIGATION,investigation,,0,Turn 3,,other
975,2018-gbr,Race,2018-07-08 06:22:55-07:00,7.0,10 SECOND TIME PENALTY FOR CAR 7 (RAI) - CAUSING A COLLISION,sanction_announced,7,1,,,causing_collision
976,2018-gbr,Race,2018-07-08 06:25:11-07:00,8.0,LAP 1 TURN 3 INCIDENT INVOLVING CARS 8 (GRO) AND 20 (MAG) UNDER INVESTIGATION - CAUSING A COLLISION,investigation,8|20,2,Turn 3,1.0,causing_collision
977,2018-gbr,Race,2018-07-08 06:30:47-07:00,12.0,LAP 1 TURN 3 INCIDENT INVOLVING CARS 8 (GRO) AND 20 (MAG) - NO FURTHER ACTION,no_further_action,8|20,2,Turn 3,1.0,other
982,2018-gbr,Race,2018-07-08 06:49:52-07:00,24.0,LAP 18 INCIDENT INVOLVING CAR 16 (LEC) WILL BE INVESTIGATED AFTER THE RACE - CAR RELEASED IN AN UNSAFE CONDITION,post_session_investigation,16,1,,18.0,unsafe_release
1001,2018-gbr,Race,2018-07-08 07:20:11-07:00,40.0,LAP 38 TURN 9 INCIDENT INVOLVING CARS 8 (GRO) AND 55 (SAI) WILL BE INVESTIGATED AFTER THE RACE,post_session_investigation,8|55,2,Turn 9,38.0,other
1016,2018-gbr,Race,2018-07-08 07:42:30-07:00,52.0,LAP 51 TURN 17 INCIDENT INVOLVING CARS 10 (GAS) AND 11 (PER) UNDER INVESTIGATION,investigation,10|11,2,Turn 17,51.0,other
1105,2018-hun,Race,2018-07-29 07:46:37-07:00,68.0,TURN 2 INCIDENT INVOLVING CARS 5 (VET) AND 77 (BOT) NOTED,noted,5|77,2,Turn 2,,other
1108,2018-hun,Race,2018-07-29 07:47:53-07:00,69.0,TURN 1 INCIDENT INVOLVING CARS 3 (RIC) AND 77 (BOT) WILL BE INVESTIGATED AFTER THE RACE,post_session_investigation,3|77,2,Turn 1,,other
1118,2018-ita,Race,2018-09-02 06:16:54-07:00,2.0,TURN 4 INCIDENT INVOLVING CARS 5 (VET) AND 44 (HAM) UNDER INVESTIGATION,investigation,5|44,2,Turn 4,,other
1124,2018-ita,Race,2018-09-02 06:22:40-07:00,6.0,TURN 4 INCIDENT INVOLVING CARS 5 (VET) AND 44 (HAM) - NO FURTHER ACTION,no_further_action,5|44,2,Turn 4,,other
1146,2018-ita,Race,2018-09-02 07:17:00-07:00,44.0,TURN 1 INCIDENT INVOLVING CARS 33 (VER) AND 77 (BOT) UNDER INVESTIGATION,investigation,33|77,2,Turn 1,,other
1148,2018-ita,Race,2018-09-02 07:18:59-07:00,45.0,5 SECOND TIME PENALTY FOR CAR 33 (VER) - CAUSING A COLLISION,sanction_announced,33,1,,,causing_collision
1164,2018-jpn,Race,2018-10-06 22:17:39-07:00,3.0,TURN 17 INCIDENT INVOLVING CARS 7 (RAI) AND 33 (VER) UNDER INVESTIGATION,investigation,7|33,2,Turn 17,,other
1167,2018-jpn,Race,2018-10-06 22:19:11-07:00,4.0,TURN 1 INCIDENT INVOLVING CARS 16 (LEC) AND 20 (MAG) UNDER INVESTIGATION,investigation,16|20,2,Turn 1,,other
1168,2018-jpn,Race,2018-10-06 22:21:46-07:00,5.0,5 SECOND TIME PENALTY FOR CAR 33 (VER) - LEAVING THE TRACK AND NOT RETURNING SAFELY.,sanction_announced,33,1,,,track_limits
1170,2018-jpn,Race,2018-10-06 22:25:58-07:00,7.0,TURN 16 INCIDENT INVOLVING CARS 14 (ALO) AND 18 (STR) UNDER INVESTIGATION - LEAVING THE TRACK AND GAINING AN ADVANTAGE,investigation,14|18,2,Turn 16,,gaining_advantage_off_track
1177,2018-jpn,Race,2018-10-06 22:29:22-07:00,8.0,INCIDENT INVOLVING CARS 16 (LEC) AND 20 (MAG) - NO FURTHER ACTION,no_further_action,16|20,2,,,other
1178,2018-jpn,Race,2018-10-06 22:30:59-07:00,9.0,TURN 13 INCIDENT INVOLVING CARS 5 (VET) AND 33 (VER) UNDER INVESTIGATION - CAUSING A COLLISION,investigation,5|33,2,Turn 13,,causing_collision
1180,2018-jpn,Race,2018-10-06 22:50:17-07:00,22.0,5 SECOND TIME PENALTY FOR CAR 14 (ALO) - LEAVING THE TRACK AND GAINING AN ADVANTAGE,sanction_announced,14,1,,,gaining_advantage_off_track
1181,2018-jpn,Race,2018-10-06 22:50:34-07:00,22.0,5 SECOND TIME PENALTY FOR CAR 18 (STR) - CAUSING A COLLISION,sanction_announced,18,1,,,causing_collision
1182,2018-jpn,Race,2018-10-06 22:52:55-07:00,23.0,TURN 13 INCIDENT INVOLVING CARS 5 (VET) AND 33 (VER) - NO FURTHER ACTION,no_further_action,5|33,2,Turn 13,,other
1225,2018-mco,Race,2018-05-27 06:10:10-07:00,1.0,INCIDENT INVOLVING CAR 35 (SIR) NOTED - WHEELS NOT FITTED AT THE 3 MINUTE SIGNAL,noted,35,1,,,other
1230,2018-mco,Race,2018-05-27 06:18:56-07:00,5.0,INCIDENT INVOLVING CAR 35 (SIR) UNDER INVESTIGATION - WHEELS NOT FITTED AT THE 3 MINUTE SIGNAL,investigation,35,1,,,other
1231,2018-mco,Race,2018-05-27 06:20:33-07:00,6.0,10 SECOND STOP/GO PENALTY FOR CAR 35 (SIR) - WHEELS NOT FITTED AT THE 3 MINUTE SIGNAL,sanction_announced,35,1,,,other
1238,2018-mco,Race,2018-05-27 06:28:57-07:00,13.0,INCIDENT INVOLVING CAR 35 (SIR) UNDER INVESTIGATION - WORKING ON THE CAR WHILE SERVING A 10 SECONDS STOP/GO PENALTY,investigation,35,1,,,other
1241,2018-mco,Race,2018-05-27 06:32:16-07:00,16.0,INCIDENT INVOLVING CAR 35 (SIR) - NO FURTHER ACTION,no_further_action,35,1,,,other
1242,2018-mco,Race,2018-05-27 06:32:46-07:00,16.0,INCIDENT INVOLVING CAR 28 (HAR) UNDER INVESTIGATION - SPEEDING IN THE PIT LANE,investigation,28,1,Pit Lane,,other
1246,2018-mco,Race,2018-05-27 06:43:02-07:00,24.0,5 SECOND TIME PENALTY FOR CAR 28 (HAR) - SPEEDING IN THE PIT LANE,sanction_announced,28,1,Pit Lane,,other
1369,2018-mex,Race,2018-10-28 13:13:51-07:00,44.0,TURN 2 INCIDENT INVOLVING CARS 31 (OCO) AND 28 (HAR) UNDER INVESTIGATION,investigation,28|31,2,Turn 2,,other
1373,2018-mex,Race,2018-10-28 13:18:03-07:00,47.0,5 SECOND TIME PENALTY FOR CAR 28 (HAR) - CAUSING A COLLISION,sanction_announced,28,1,,,causing_collision
1395,2018-mex,Race,2018-10-28 13:29:36-07:00,56.0,TURN 4 INCIDENT INVOLVING CARS 10 (GAS) AND 31 (OCO) UNDER INVESTIGATION,investigation,10|31,2,Turn 4,,other
1407,2018-mex,Race,2018-10-28 13:33:24-07:00,58.0,TURN 4 INCIDENT INVOLVING CARS 10 (GAS) AND 31 (OCO) - NO FURTHER ACTION,no_further_action,10|31,2,Turn 4,,other
1446,2018-rus,Race,2018-09-30 04:42:39-07:00,18.0,TURN 2 INCIDENT INVOLVING CARS 5 (VET) AND 44 (HAM) UNDER INVESTIGATION - MOVING MORE THAN ONCE TO DEFEND THE POSITION,investigation,5|44,2,Turn 2,,other
1449,2018-rus,Race,2018-09-30 04:50:11-07:00,22.0,TURN 2 INCIDENT INVOLVING CARS 5 (VET) AND 44 (HAM) - NO FURTHER ACTION,no_further_action,5|44,2,Turn 2,,other
1515,2018-sgp,Race,2018-09-16 05:15:52-07:00,1.0,TURN 3 INCIDENT INVOLVING CARS 11 (PER) AND 31 (OCO) UNDER INVESTIGATION - CAUSING A COLLISION,investigation,11|31,2,Turn 3,,causing_collision
1520,2018-sgp,Race,2018-09-16 05:22:55-07:00,4.0,TURN 3 INCIDENT INVOLVING CARS 11 (PER) AND 31 (OCO) - NO FURTHER ACTION,no_further_action,11|31,2,Turn 3,,other
1523,2018-sgp,Race,2018-09-16 06:20:14-07:00,36.0,TURN 18 INCIDENT INVOLVING CARS 11 (PER) AND 35 (SIR) UNDER INVESTIGATION - CAUSING A COLLISION,investigation,11|35,2,Turn 18,,causing_collision
1538,2018-sgp,Race,2018-09-16 06:24:58-07:00,39.0,TURN 7 INCIDENT INVOLVING CARS 20 (MAG) AND 28 (HAR) UNDER INVESTIGATION,investigation,20|28,2,Turn 7,,other
1539,2018-sgp,Race,2018-09-16 06:25:29-07:00,39.0,INCIDENT INVOLVING CARS 8 (GRO) AND 35 (SIR) UNDER INVESTIGATION - IGNORING BLUE FLAGS,investigation,8|35,2,,,blue_flags
1543,2018-sgp,Race,2018-09-16 06:26:53-07:00,40.0,DRIVE THROUGH PENALTY FOR CAR 11 (PER) - CAUSING A COLLISION,sanction_announced,11,1,,,causing_collision
1547,2018-sgp,Race,2018-09-16 06:31:04-07:00,42.0,TURN 7 INCIDENT INVOLVING CARS 28 (HAR) AND 20 (MAG) - NO FURTHER ACTION,no_further_action,20|28,2,Turn 7,,other
1548,2018-sgp,Race,2018-09-16 06:34:09-07:00,44.0,5 SECOND TIME PENALTY FOR CAR 8 (GRO) - IGNORING BLUE FLAGS,sanction_announced,8,1,,,blue_flags
1551,2018-sgp,Race,2018-09-16 06:38:22-07:00,46.0,TURN 14 INCIDENT INVOLVING CARS 28 (HAR) AND 35 (SIR) UNDER INVESTIGATION - FORCING ANOTHER DRIVER OFF THE TRACK,investigation,28|35,2,Turn 14,,forcing_off_track
1553,2018-sgp,Race,2018-09-16 06:39:36-07:00,47.0,5 SECOND TIME PENALTY FOR CAR 35 (SIR) - FORCING ANOTHER DRIVER OFF THE TRACK,sanction_announced,35,1,,,forcing_off_track
1596,2018-usa,Race,2018-10-21 11:17:03-07:00,3.0,FIRST LAP INCIDENTS UNDER INVESTIGATION,investigation,,0,,1.0,other
1603,2018-usa,Race,2018-10-21 11:22:05-07:00,6.0,DRIVE THROUGH PENALTY FOR CAR 18 (STR) - CAUSING A COLLISION,sanction_announced,18,1,,,causing_collision
1604,2018-usa,Race,2018-10-21 11:23:57-07:00,7.0,1ST LAP INCIDENT INVOLVING CARS 8 (GRO) AND 16 (LEC) WILL BE INVESTIGATED AFTER THE RACE,post_session_investigation,8|16,2,,,other
1605,2018-usa,Race,2018-10-21 11:27:11-07:00,9.0,"LAP 1, TURN 13 INCIDENT INVOLVING CARS 3 (RIC) AND 5 (VET) - NO FURTHER ACTION",no_further_action,3|5,2,Turn 13,1.0,other
1619,2018-usa,Race,2018-10-21 11:43:28-07:00,18.0,"LAP 1, TURN 1 INCIDENT INVOLVING CAR 55 (SAI) UNDER INVESTIGATION - LEAVING THE TRACK AND GAINING AN ADVANTAGE",investigation,55,1,Turn 1,1.0,gaining_advantage_off_track
1628,2018-usa,Race,2018-10-21 11:48:26-07:00,21.0,5 SECOND TIME PENALTY FOR CAR 55 (SAI) - LEAVING THE TRACK AND GAINING AN ADVANTAGE,sanction_announced,55,1,,,gaining_advantage_off_track
1672,2019-abu,Race,2019-12-01 05:15:54-08:00,2.0,"TURN 1 INCIDENT INVOLVING CARS 10 (GAS), 11 (PER) AND 18 (STR) NOTED",noted,10|11|18,3,Turn 1,,other
1674,2019-abu,Race,2019-12-01 05:17:25-08:00,3.0,"TURN 1 INCIDENT INVOLVING CARS 10 (GAS), 11 (PER) AND 18 (STR) - NO INVESTIGATION NECESSARY",no_investigation,10|11|18,3,Turn 1,,other
1683,2019-abu,Race,2019-12-01 05:39:12-08:00,15.0,TURN 6 INCIDENT INVOLVING CARS 3 (RIC) AND 55 (SAI) NOTED - NO INVESTIGATION NECESSARY,no_investigation,3|55,2,Turn 6,,other
1691,2019-abu,Race,2019-12-01 05:53:47-08:00,24.0,TURN 11 INCIDENT INVOLVING CARS 88 (KUB) AND 99 (GIO) NOTED,noted,88|99,2,Turn 11,,other
1696,2019-abu,Race,2019-12-01 05:57:37-08:00,26.0,TURN 11 INCIDENT INVOLVING CARS 88 (KUB) AND 99 (GIO) UNDER INVESTIGATION,investigation,88|99,2,Turn 11,,other
1699,2019-abu,Race,2019-12-01 06:00:01-08:00,27.0,TURN 11 INCIDENT INVOLVING CARS 88 (KUB) AND 99 (GIO) - NO FURTHER ACTION,no_further_action,88|99,2,Turn 11,,other
1815,2019-aut,Race,2019-06-30 06:19:11-07:00,6.0,"LAP 1, TURN 1 INCIDENT INVOLVING CARS 99 (GIO) NOTED - NO INVESTIGATION NECESSARY",no_investigation,99,1,Turn 1,1.0,other
1816,2019-aut,Race,2019-06-30 06:19:43-07:00,6.0,"LAP 1,TURN 5 INCIDENT INVOLVING CARS 4 (NOR) AND 7 (RAI) NOTED - NO INVESTIGATION NECESSARY",no_investigation,4|7,2,Turn 5,1.0,other
1817,2019-aut,Race,2019-06-30 06:21:34-07:00,8.0,INCIDENT INVOLVING CAR 20 (MAG) UNDER INVESTIGATION - OUT OF POSITION AT THE START,investigation,20,1,,,other
1818,2019-aut,Race,2019-06-30 06:27:11-07:00,13.0,DRIVE THROUGH PENALTY FOR CAR 20 (MAG) - OUT OF POSITION AT THE START,sanction_announced,20,1,,,other
1907,2019-aut,Race,2019-06-30 07:32:46-07:00,70.0,TURN 3 INCIDENT INVOLVING CARS 16 (LEC) AND 33 (VER) NOTED,noted,16|33,2,Turn 3,,other
1913,2019-aut,Race,2019-06-30 07:35:08-07:00,71.0,TURN 3 INCIDENT INVOLVING CARS 16 (LEC) AND 33 (VER) UNDER INVESTIGATION,investigation,16|33,2,Turn 3,,other
1936,2019-aze,Race,2019-04-28 05:23:54-07:00,6.0,INCIDENT INVOLVING CAR 88 (KUB) UNDER INVESTIGATION - START PROCEDURE,investigation,88,1,,,other
1938,2019-aze,Race,2019-04-28 05:38:26-07:00,14.0,DRIVE THROUGH PENALTY FOR CAR 88 (KUB) - CAR BEING DRIVEN TO PIT EXIT EARLY,sanction_announced,88,1,Pit Lane,,other
1954,2019-aze,Race,2019-04-28 06:13:50-07:00,34.0,TURN 3 INCIDENT INVOLVING CARS 3 (RIC) AND 26 (KVY) UNDER INVESTIGATION,investigation,3|26,2,Turn 3,,other
1958,2019-aze,Race,2019-04-28 06:19:06-07:00,37.0,TURN 3 INCIDENT INVOLVING CARS 3 (RIC) AND 26 (KVY) WILL BE INVESTIGATED AFTER THE RACE,post_session_investigation,3|26,2,Turn 3,,other
2023,2019-bel,Race,2019-09-01 06:26:35-07:00,6.0,"LAP 1, TURN 1 INCIDENT INVOLVING CARS 7 (RAI) AND 33 (VER) NOTED - NO INVESTIGATION NECESSARY",no_investigation,7|33,2,Turn 1,1.0,other
2024,2019-bel,Race,2019-09-01 06:27:08-07:00,6.0,"LAP 1, TURN 1 INCIDENT INVOLVING CARS 3 (RIC) AND 18 (STR) NOTED - NO INVESTIGATION NECESSARY",no_investigation,3|18,2,Turn 1,1.0,other
2025,2019-bel,Race,2019-09-01 06:28:04-07:00,6.0,"LAP 1, TURN 1 CARS RUNNING WIDE NOTED - NO INVESTIGATION NECESSARY",no_investigation,,0,Turn 1,,other
2028,2019-bel,Race,2019-09-01 06:34:15-07:00,10.0,TURN 5 INCIDENT INVOLVING CAR 16 (LEC) NOTED,noted,16,1,Turn 5,,other
2029,2019-bel,Race,2019-09-01 06:35:38-07:00,11.0,TURN 5 INCIDENT INVOLVING CAR 16 (LEC) - NO INVESTIGATION NECESSARY,no_investigation,16,1,Turn 5,,other
2030,2019-bel,Race,2019-09-01 06:52:37-07:00,20.0,TURN 5 INCIDENT INVOLVING CARS 10 (GAS) AND 20 (MAG) NOTED,noted,10|20,2,Turn 5,,other
2034,2019-bel,Race,2019-09-01 07:22:34-07:00,36.0,TURN 5 INCIDENT INVOLVING CAR 5 (VET) NOTED - NO INVESTIGATION NECESSARY,no_investigation,5,1,Turn 5,,other
2037,2019-bel,Race,2019-09-01 07:25:58-07:00,38.0,TURN 5 INCIDENT INVOLVING CARS 10 (GAS) AND 99 (GIO) NOTED - NO INVESTIGATION NECESSARY,no_investigation,10|99,2,Turn 5,,other
2044,2019-bel,Race,2019-09-01 07:33:25-07:00,42.0,TURN 5 INCIDENT INVOLVING CARS 8 (GRO) AND 18 (STR) NOTED - NO INVESTIGATION NECESSARY,no_investigation,8|18,2,Turn 5,,other
2055,2019-bel,Race,2019-09-01 07:41:42-07:00,44.0,TURN 5 INCIDENT ON FINAL LAP INVOLVING CARS 23 (ALB) AND 11 (PER) NOTED,noted,11|23,2,Turn 5,,other
2057,2019-bel,Race,2019-09-01 07:45:08-07:00,44.0,TURN 5 INCIDENT INVOLVING CARS 23 (ALB) AND 11 (PER) UNDER INVESTIGATION,investigation,11|23,2,Turn 5,,other
2083,2019-bhr,Race,2019-03-31 08:21:31-07:00,5.0,"LAP 1, TURN 2 INCIDENT INVOLVING CARS 8 (GRO) AND 18 (STR) NOTED",noted,8|18,2,Turn 2,1.0,other
2086,2019-bhr,Race,2019-03-31 08:27:17-07:00,9.0,TURN 4 INCIDENT INVOLVING CARS 33 (VER) AND 55 (SAI) UNDER INVESTIGATION,investigation,33|55,2,Turn 4,,other
2087,2019-bhr,Race,2019-03-31 08:28:54-07:00,10.0,TURN 2 INCIDENT INVOLVING CARS 8 (GRO) AND 18 (STR) - NO INVESTIGATION NECESSARY,no_investigation,8|18,2,Turn 2,,other
2088,2019-bhr,Race,2019-03-31 08:31:00-07:00,11.0,TURN 4 INCIDENT INVOLVING CARS 33 (VER) AND 55 (SAI) - NO FURTHER ACTION,no_further_action,33|55,2,Turn 4,,other
2095,2019-bhr,Race,2019-03-31 08:37:23-07:00,15.0,TURN 11 INCIDENT INVOLVING CARS 26 (KVY) AND 99 (GIO) UNDER INVESTIGATION,investigation,26|99,2,Turn 11,,other
2096,2019-bhr,Race,2019-03-31 08:41:57-07:00,18.0,5 SECOND TIME PENALTY FOR CAR 26 (KVY) - SPEEDING IN THE PIT LANE,sanction_announced,26,1,Pit Lane,,other
2097,2019-bhr,Race,2019-03-31 08:45:12-07:00,20.0,TURN 12 INCIDENT INVOLVING CARS 26 (KVY) AND 99 (GIO) - NO FURTHER ACTION,no_further_action,26|99,2,Turn 12,,other
2156,2019-bhr,Race,2019-03-31 09:52:03-07:00,57.0,INCIDENT INVOLVING CAR 3 (RIC) UNDER INVESTIGATION - FAILURE TO RE-ATTACH STEERING WHEEL AFTER LEAVING CAR,investigation,3,1,,,other
2164,2019-bra,Race,2019-11-17 09:23:00-08:00,9.0,TURN 4 INCIDENT INVOLVING CARS 20 (MAG) AND 3 (RIC) NOTED,noted,3|20,2,Turn 4,,other
2165,2019-bra,Race,2019-11-17 09:25:44-08:00,11.0,TURN 4 INCIDENT INVOLVING CARS 3 (RIC) AND 20 (MAG) UNDER INVESTIGATION,investigation,3|20,2,Turn 4,,other
2166,2019-bra,Race,2019-11-17 09:30:41-08:00,15.0,5 SECOND TIME PENALTY FOR CAR 3 (RIC) - CAUSING A COLLISION,sanction_announced,3,1,,,causing_collision
2169,2019-bra,Race,2019-11-17 09:41:52-08:00,24.0,PIT LANE INCIDENT INVOLVING CARS 33 (VER) AND 88 (KUB) NOTED,noted,33|88,2,Pit Lane,,other
2170,2019-bra,Race,2019-11-17 09:43:57-08:00,25.0,PIT LANE INCIDENT INVOLVING CARS 33 (VER) AND 88 (KUB) UNDER INVESTIGATION,investigation,33|88,2,Pit Lane,,other
2177,2019-bra,Race,2019-11-17 09:51:16-08:00,31.0,5 SECOND TIME PENALTY FOR CAR 88 (KUB) - UNSAFE RELEASE,sanction_announced,88,1,,,unsafe_release
2236,2019-bra,Race,2019-11-17 10:31:33-08:00,61.0,TURN 2 INCIDENT INVOLVING CARS 8 (GRO) AND 55 (SAI) NOTED,noted,8|55,2,Turn 2,,other
2238,2019-bra,Race,2019-11-17 10:33:20-08:00,63.0,INCIDENT INVOLVING CAR 27 (HUL) UNDER INVESTIGATION - OVERTAKING CAR 20 (MAG) AT THE CONTROL LINE ON THE RE-START,investigation,20|27,2,,,other
2249,2019-bra,Race,2019-11-17 10:45:47-08:00,71.0,TURN 10 INCIDENT INVOLVING CARS 23 (ALB) AND 44 (HAM) UNDER INVESTIGATION,investigation,23|44,2,Turn 10,,other
2251,2019-bra,Race,2019-11-17 10:47:34-08:00,71.0,5 SECOND TIME PENALTY FOR CAR 27 (HUL) - OVERTAKING CAR 20 (MAG) AT THE CONTROL LINE ON THE RE-START,sanction_announced,20|27,2,,,other
2252,2019-bra,Race,2019-11-17 10:48:34-08:00,71.0,TURN 10 INCIDENT INVOLVING CARS 23 (ALB) AND 44 (HAM) WILL BE INVESTIGATED AFTER THE RACE,post_session_investigation,23|44,2,Turn 10,,other
2254,2019-bra,Race,2019-11-17 10:55:32-08:00,71.0,TURN 4 INCIDENT INVOLVING CARS 5 (VET) AND 16 (LEC) NOTED,noted,5|16,2,Turn 4,,other
2268,2019-can,Race,2019-06-09 11:20:13-07:00,6.0,"LAP 1, TURN 1 INCIDENT INVOLVING CARS 23 (ALB) AND 99 (GIO) NOTED - NO INVESTIGATION NECESSARY",no_investigation,23|99,2,Turn 1,1.0,other
2306,2019-can,Race,2019-06-09 11:56:48-07:00,34.0,TURN 1 INCIDENT INVOLVING CARS 8 (GRO) AND 11 (PER) NOTED - NO INVESTIGATION NECESSARY,no_investigation,8|11,2,Turn 1,,other
2338,2019-can,Race,2019-06-09 12:16:29-07:00,50.0,TURN 4 INCIDENT INVOLVING CARS 5 (VET) AND 44 (HAM) UNDER INVESTIGATION,investigation,5|44,2,Turn 4,,other
2355,2019-can,Race,2019-06-09 12:25:33-07:00,57.0,5 SECOND TIME PENALTY FOR CAR 5 (VET) - UNSAFE RE-ENTRY AND FORCING ANOTHER DRIVER OFF THE TRACK,sanction_announced,5,1,,,forcing_off_track
2395,2019-chn,Race,2019-04-13 23:18:29-07:00,3.0,"TURN 6 INCIDENT INVOLVING CARS 4 (NOR), 55 (SAI) AND 26 (KVY) NOTED",noted,4|26|55,3,Turn 6,,other
2396,2019-chn,Race,2019-04-13 23:20:49-07:00,5.0,"TURN 6 INCIDENT INVOLVING CARS 4 (NOR), 26 (KVY) AND 55 (SAI) UNDER INVESTIGATION - CAUSING A COLLISION",investigation,4|26|55,3,Turn 6,,causing_collision
2397,2019-chn,Race,2019-04-13 23:23:13-07:00,6.0,DRIVE THROUGH PENALTY FOR CAR 26 (KVY) - CAUSING A COLLISION,sanction_announced,26,1,,,causing_collision
2400,2019-chn,Race,2019-04-13 23:50:47-07:00,23.0,TURN 14 INCIDENT INVOLVING CARS 5 (VET) AND 33 (VER) NOTED,noted,5|33,2,Turn 14,,other
2403,2019-chn,Race,2019-04-13 23:56:18-07:00,26.0,TURN 14 INCIDENT INVOLVING CARS 5 (VET) AND 33 (VER) - NO INVESTIGATION NECESSARY,no_investigation,5|33,2,Turn 14,,other
2478,2019-deu,Race,2019-07-28 06:32:57-07:00,8.0,PIT LANE INCIDENT INVOLVING CARS 16 (LEC) AND 8 (GRO) UNDER INVESTIGATION - UNSAFE RELEASE,investigation,8|16,2,Pit Lane,,unsafe_release
2523,2019-deu,Race,2019-07-28 07:09:52-07:00,30.0,INCIDENT INVOLVING CAR 44 (HAM) NOTED - WRONG SIDE OF BOLLARD AT PIT ENTRY,noted,44,1,Pit Lane,,other
2524,2019-deu,Race,2019-07-28 07:12:20-07:00,32.0,INCIDENT INVOLVING CAR 44 (HAM) UNDER INVESTIGATION - WRONG SIDE OF BOLLARD AT PIT ENTRY,investigation,44,1,Pit Lane,,other
2529,2019-deu,Race,2019-07-28 07:17:23-07:00,34.0,5 SECOND TIME PENALTY FOR CAR 44 (HAM) - WRONG SIDE OF BOLLARD AT PIT ENTRY,sanction_announced,44,1,Pit Lane,,other
2530,2019-deu,Race,2019-07-28 07:19:51-07:00,36.0,INCIDENT INVOLVING CAR 44 (HAM) UNDER INVESTIGATION - DRIVING UNNECESSARILY SLOWLY WHILE SAFETY CAR DEPLOYED,investigation,44,1,,,other
2551,2019-deu,Race,2019-07-28 07:59:09-07:00,60.0,TURN 6 INCIDENT INVOLVING CARS 8 (GRO) AND 20 (MAG) NOTED,noted,8|20,2,Turn 6,,other
2553,2019-deu,Race,2019-07-28 08:01:20-07:00,62.0,TURN 6 INCIDENT INVOLVING CARS 8 (GRO) AND 20 (MAG) - NO INVESTIGATION NECESSARY,no_investigation,8|20,2,Turn 6,,other
2555,2019-deu,Race,2019-07-28 08:02:44-07:00,63.0,TURN 7 INCIDENT INVOLVING CARS 10 (GAS) AND 23 (ALB) UNDER INVESTIGATION,investigation,10|23,2,Turn 7,,other
2557,2019-deu,Race,2019-07-28 08:08:39-07:00,64.0,TURN 7 INCIDENT INVOLVING CARS 10 (GAS) AND 23 (ALB) - NO FURTHER ACTION ,no_further_action,10|23,2,Turn 7,,other
2648,2019-esp,Race,2019-05-12 07:31:53-07:00,54.0,"TURN 2 INCIDENT INVOLVING CARS 4 (NOR),18 (STR) WILL BE INVESTIGATED AFTER THE RACE",post_session_investigation,4|18,2,Turn 2,,other
2650,2019-esp,Race,2019-05-12 07:40:22-07:00,60.0,TURN 1 INCIDENT INVOLVING CARS 8 (GRO) AND 55 (SAI) NOTED,noted,8|55,2,Turn 1,,other
2658,2019-fra,Race,2019-06-23 06:21:54-07:00,6.0,"LAP 1, TURN 3 INCIDENT INVOLVING CAR 11 (PER) NOTED - LEAVING THE TRACK AND GAINING AN ADVANTAGE",noted,11,1,Turn 3,1.0,gaining_advantage_off_track
2659,2019-fra,Race,2019-06-23 06:26:54-07:00,9.0,"LAP 1, TURN 3 INCIDENT INVOLVING CAR 11 (PER) UNDER INVESTIGATION - LEAVING THE TRACK AND GAINING AN ADVANTAGE",investigation,11,1,Turn 3,1.0,gaining_advantage_off_track
2660,2019-fra,Race,2019-06-23 06:27:48-07:00,9.0,5 SECOND TIME PENALTY FOR CAR 11 (PER) - LEAVING THE TRACK AND GAINING AN ADVANTAGE,sanction_announced,11,1,,,gaining_advantage_off_track
2675,2019-fra,Race,2019-06-23 07:00:30-07:00,30.0,TURN 8 INCIDENT INVOLVING CARS 3 (RIC) AND 8 (GRO) NOTED,noted,3|8,2,Turn 8,,other
2687,2019-fra,Race,2019-06-23 07:11:44-07:00,37.0,TURN 8 INCIDENT INVOLVING CARS 3 (RIC) AND 8 (GRO) - NO INVESTIGATION NECESSARY,no_investigation,3|8,2,Turn 8,,other
2747,2019-fra,Race,2019-06-23 07:41:15-07:00,53.0,TURN 9 INCIDENT INVOLVING CAR 3 (RIC) UNDER INVESTIGATION - LEAVING THE TRACK AND GAINING AN ADVANTAGE,investigation,3,1,Turn 9,,gaining_advantage_off_track
2752,2019-gbr,Race,2019-07-14 06:16:57-07:00,3.0,TURN 5 INCIDENT INVOLVING CARS 8 (GRO) AND 20 (MAG) NOTED - NO INVESTIGATION NECESSARY,no_investigation,8|20,2,Turn 5,,other
2765,2019-gbr,Race,2019-07-14 06:38:49-07:00,17.0,PIT LANE INCIDENT INVOLVING CARS 4 (NOR) AND 23 (ALB) UNDER INVESTIGATION,investigation,4|23,2,Pit Lane,,other
2766,2019-gbr,Race,2019-07-14 06:40:36-07:00,19.0,PIT LANE INCIDENT INVOLVING CARS 4 (NOR) AND 23 (ALB) - NO FURTHER ACTION ,no_further_action,4|23,2,Pit Lane,,other
2779,2019-gbr,Race,2019-07-14 06:57:09-07:00,27.0,TURN 6 INCIDENT INVOLVING CARS 11 (PER) AND 27 (HUL) NOTED - NO INVESTIGATION NECESSARY,no_investigation,11|27,2,Turn 6,,other
2783,2019-gbr,Race,2019-07-14 07:13:28-07:00,38.0,TURN 16 INCIDENT INVOLVING CARS 5 (VET) AND 33 (VER) UNDER INVESTIGATION - CAUSING A COLLISION,investigation,5|33,2,Turn 16,,causing_collision
2787,2019-gbr,Race,2019-07-14 07:19:51-07:00,43.0,10 SECOND TIME PENALTY FOR CAR 5 (VET) - CAUSING A COLLISION,sanction_announced,5,1,,,causing_collision
2801,2019-hun,Race,2019-08-04 06:16:48-07:00,3.0,"LAP 1, TURN 3 INCIDENT INVOLVING CARS 44 (HAM) AND 77 (BOT) NOTED - NO INVESTIGATION NECESSARY",no_investigation,44|77,2,Turn 3,1.0,other
2802,2019-hun,Race,2019-08-04 06:23:51-07:00,9.0,"LAP 1, TURN 4 INCIDENT INVOLVING CARS 77 (BOT) AND 16 (LEC) NOTED - NO INVESTIGATION NECESSARY",no_investigation,16|77,2,Turn 4,1.0,other
2881,2019-hun,Race,2019-08-04 07:42:49-07:00,67.0,TURN 1 INCIDENT INVOLVING CARS 11 (PER) AND 23 (ALB) NOTED,noted,11|23,2,Turn 1,,other
2888,2019-hun,Race,2019-08-04 07:53:26-07:00,70.0,TURN 1 INCIDENT INVOLVING CARS 11 (PER) AND 23 (ALB) - NO INVESTIGATION NECESSARY,no_investigation,11|23,2,Turn 1,,other
2895,2019-ita,Race,2019-09-08 06:16:31-07:00,3.0,"TURN 1 INCIDENT INVOLVING CARS 7 (RAI),11 (PER),33 (VER) AND 8 (GRO) NOTED",noted,7|8|11|33,4,Turn 1,,other
2899,2019-ita,Race,2019-09-08 06:17:54-07:00,4.0,TURN 7 INCIDENT INVOLVING CARS 23 (ALB) AND 55 (SAI) NOTED,noted,23|55,2,Turn 7,,other
2900,2019-ita,Race,2019-09-08 06:21:08-07:00,6.0,TURN 6 INCIDENT INVOLVING CARS 23 (ALB) AND 55 (SAI) - NO INVESTIGATION NECESSARY,no_investigation,23|55,2,Turn 6,,other
2904,2019-ita,Race,2019-09-08 06:22:53-07:00,7.0,TURN 9 INCIDENT INVOLVING CARS 5 (VET) AND 18 (STR) NOTED - CAUSING A COLLISION,noted,5|18,2,Turn 9,,causing_collision
2905,2019-ita,Race,2019-09-08 06:24:10-07:00,8.0,TURN 9 INCIDENT INVOLVING CARS 5 (VET) AND 18 (STR) UNDER INVESTIGATION - RETURNING TO THE TRACK IN AN UNSAFE MANNER,investigation,5|18,2,Turn 9,,other
2908,2019-ita,Race,2019-09-08 06:26:59-07:00,10.0,TURN 5 INCIDENT INVOLVING CARS 23 (ALB) AND 20 (MAG) NOTED,noted,20|23,2,Turn 5,,other
2909,2019-ita,Race,2019-09-08 06:29:52-07:00,12.0,10 SECOND STOP/GO PENALTY FOR CAR 5 (VET) - RETURNING TO THE TRACK IN AN UNSAFE MANNER,sanction_announced,5,1,,,other
2910,2019-ita,Race,2019-09-08 06:30:58-07:00,13.0,INCIDENT INVOLVING CAR 7 (RAI) UNDER INVESTIGATION - STARTING THE RACE ON INCORRECT TYRES,investigation,7,1,,,other
2911,2019-ita,Race,2019-09-08 06:33:26-07:00,15.0,DRIVE THROUGH PENALTY FOR CAR 18 (STR) - REJOINING THE TRACK IN AN UNSAFE MANNER,sanction_announced,18,1,,,unsafe_rejoin
2912,2019-ita,Race,2019-09-08 06:37:57-07:00,18.0,5 SECOND TIME PENALTY FOR CAR 23 (ALB) - LEAVING THE TRACK AND GAINING A LASTING ADVANTAGE,sanction_announced,23,1,,,gaining_advantage_off_track
2913,2019-ita,Race,2019-09-08 06:39:57-07:00,19.0,10 SECOND STOP/GO PENALTY FOR CAR 7 (RAI) - STARTING THE RACE ON INCORRECT TYRES,sanction_announced,7,1,,,other
2949,2019-ita,Race,2019-09-08 07:05:15-07:00,37.0,TURN 2 INCIDENT INVOLVING CAR 16 (LEC) NOTED - MISSING THE APEX,noted,16,1,Turn 2,,other
2950,2019-ita,Race,2019-09-08 07:06:19-07:00,37.0,TURN 2 INCIDENT INVOLVING CAR 16 (LEC) NOTED - NO INVESTIGATION NECESSARY,no_investigation,16,1,Turn 2,,other
2951,2019-ita,Race,2019-09-08 07:11:05-07:00,41.0,CAR 55 (SAI) BEING RELEASED IN AN UNSAFE CONDITION WILL BE INVESTIGATED AFTER THE RACE,post_session_investigation,55,1,,,unsafe_release
2976,2019-jpn,Race,2019-10-12 22:16:16-07:00,2.0,TURN 2 INCIDENT INVOLVING CARS 16 (LEC) AND 33 (VER) NOTED - NO INVESTIGATION NECESSARY,no_investigation,16|33,2,Turn 2,,other
2980,2019-jpn,Race,2019-10-12 22:22:17-07:00,6.0,TURN 16 INCIDENT INVOLVING CARS 4 (NOR) AND 23 (ALB) NOTED,noted,4|23,2,Turn 16,,other
2981,2019-jpn,Race,2019-10-12 22:23:55-07:00,7.0,"LAP 1, TURN 2 INCIDENT INVOLVING CARS 16 (LEC) AND 33 (VER) NOW UNDER INVESTIGATION - CAUSING A COLLISION",investigation,16|33,2,Turn 2,1.0,causing_collision
2982,2019-jpn,Race,2019-10-12 22:27:11-07:00,9.0,INCIDENT INVOLVING CAR 5 (VET) UNDER INVESTIGATION - FALSE START,investigation,5,1,,,other
2983,2019-jpn,Race,2019-10-12 22:33:58-07:00,13.0,INCIDENT INVOLVING AN ALLEGED FALSE START FOR CAR 5 (VET) - NO FURTHER ACTION,no_further_action,5,1,,,other
2984,2019-jpn,Race,2019-10-12 22:42:49-07:00,19.0,"LAP 1, TURN 2 INCIDENT INVOLVING CARS 16 (LEC) AND 33 (VER) WILL BE INVESTIGATED AFTER THE RACE",post_session_investigation,16|33,2,Turn 2,1.0,other
2985,2019-jpn,Race,2019-10-12 22:47:36-07:00,22.0,TURN 16 INCIDENT INVOLVING CARS 4 (NOR) AND 23 (ALB) - NO FURTHER ACTION ,no_further_action,4|23,2,Turn 16,,other
3058,2019-jpn,Race,2019-10-12 23:39:43-07:00,53.0,TURN 2 INCIDENT INVOLVING CARS 10 (GAS) AND 11 (PER) UNDER INVESTIGATION - CAUSING A COLLISION,investigation,10|11,2,Turn 2,,causing_collision
3079,2019-mco,Race,2019-05-26 06:15:00-07:00,2.0,TURN 1 INCIDENT NOTED - LEAVING THE TRACK AND GAINING AN ADVANTAGE,noted,,0,Turn 1,,gaining_advantage_off_track
3081,2019-mco,Race,2019-05-26 06:16:41-07:00,3.0,TURN 1 INCIDENT ON LAP 1 - NO INVESTIGATION NECESSARY,no_investigation,,0,Turn 1,,other
3105,2019-mco,Race,2019-05-26 06:35:58-07:00,16.0,INCIDENT INVOLVING CARS 33 (VER) AND 77 (BOT) UNDER INVESTIGATION - UNSAFE RELEASE,investigation,33|77,2,,,unsafe_release
3107,2019-mco,Race,2019-05-26 06:39:08-07:00,19.0,TURN 18 INCIDENT INVOLVING CARS 88 (KUB) AND 99 (GIO) UNDER INVESTIGATION - CAUSING A COLLISION,investigation,88|99,2,Turn 18,,causing_collision
3108,2019-mco,Race,2019-05-26 06:43:38-07:00,22.0,5 SECOND TIME PENALTY FOR CAR 33 (VER) - UNSAFE RELEASE,sanction_announced,33,1,,,unsafe_release
3109,2019-mco,Race,2019-05-26 06:48:10-07:00,26.0,10 SECOND TIME PENALTY FOR CAR 99 (GIO) - CAUSING A COLLISION,sanction_announced,99,1,,,causing_collision
3111,2019-mco,Race,2019-05-26 07:06:40-07:00,40.0,TURN 10 INCIDENT INVOLVING CAR 18 (STR) NOTED - LEAVING THE TRACK AND GAINING AN ADVANTAGE,noted,18,1,Turn 10,,gaining_advantage_off_track
3120,2019-mco,Race,2019-05-26 07:16:23-07:00,48.0,5 SECOND TIME PENALTY FOR CAR 18 (STR) - LEAVING THE TRACK AND GAINING AN ADVANTAGE,sanction_announced,18,1,,,gaining_advantage_off_track
3136,2019-mco,Race,2019-05-26 07:25:51-07:00,55.0,TURN 10 INCIDENT INVOLVING CARS 20 (MAG) AND 11 (PER) NOTED - LEAVING THE TRACK AND GAINING AN ADVANTAGE,noted,11|20,2,Turn 10,,gaining_advantage_off_track
3142,2019-mco,Race,2019-05-26 07:40:24-07:00,66.0,TURN 10 INCIDENT INVOLVING CARS 11 (PER) AND 20 (MAG) WILL BE INVESTIGATED AFTER THE RACE,post_session_investigation,11|20,2,Turn 10,,other
3145,2019-mco,Race,2019-05-26 07:47:20-07:00,72.0,INCIDENT INVOLVING CAR 8 (GRO) NOTED - CROSSING THE LINE AT PIT EXIT ON LEAVING THE PITS,noted,8,1,Pit Lane,,other
3148,2019-mco,Race,2019-05-26 07:49:50-07:00,74.0,5 SECOND TIME PENALTY FOR CAR 8 (GRO) - CROSSING THE LINE AT PIT EXIT,sanction_announced,8,1,Pit Lane,,other
3158,2019-mco,Race,2019-05-26 07:55:04-07:00,78.0,TURN 10 INCIDENT INVOLVING CARS 44 (HAM) AND 33 (VER) UNDER INVESTIGATION,investigation,33|44,2,Turn 10,,other
3172,2019-mex,Race,2019-10-27 12:17:37-07:00,3.0,TURN 2 INCIDENT INVOLVING CARS 5 (VET) AND 44 (HAM) NOTED,noted,5|44,2,Turn 2,,other
3173,2019-mex,Race,2019-10-27 12:17:57-07:00,4.0,TURN 2 INCIDENT INVOLVING CARS 33 (VER) AND 44 (HAM) NOTED,noted,33|44,2,Turn 2,,other
3176,2019-mex,Race,2019-10-27 12:22:50-07:00,7.0,TURN 1 INCIDENT INVOLVING CARS 5 (VET) AND 44 (HAM) - NO INVESTIGATION NECESSARY,no_investigation,5|44,2,Turn 1,,other
3177,2019-mex,Race,2019-10-27 12:23:38-07:00,8.0,TURN 2 INCIDENT INVOLVING CARS 33 (VER) AND 44 (HAM) - NO INVESTIGATION NECESSARY,no_investigation,33|44,2,Turn 2,,other
3178,2019-mex,Race,2019-10-27 12:33:38-07:00,15.0,PIT LANE INCIDENT INVOLVING CAR 4 (NOR) NOTED - PIT RELEASE IN UNSAFE CONDITION,noted,4,1,Pit Lane,,other
3179,2019-mex,Race,2019-10-27 12:36:32-07:00,17.0,PIT LANE INCIDENT INVOLVING CAR 4 (NOR) UNDER INVESTIGATION - PIT RELEASE IN UNSAFE CONDITION,investigation,4,1,Pit Lane,,other
3180,2019-mex,Race,2019-10-27 12:43:43-07:00,23.0,PIT LANE INCIDENT INCIDENT INVOLVING CAR 4 (NOR) WILL BE INVESTIGATED AFTER THE RACE,post_session_investigation,4,1,Pit Lane,,other
3183,2019-mex,Race,2019-10-27 12:45:06-07:00,24.0,PIT LANE INCIDENT INVOLVING CAR 99 (GIO) NOTED,noted,99,1,Pit Lane,,other
3187,2019-mex,Race,2019-10-27 12:46:29-07:00,25.0,TURN 4 INCIDENT INVOLVING CARS 33 (VER) AND 20 (MAG) NOTED,noted,20|33,2,Turn 4,,other
3194,2019-mex,Race,2019-10-27 12:49:27-07:00,27.0,TURN 4 INCIDENT INVOLVING CARS 20 (MAG) AND 33 (VER) - NO INVESTIGATION NECESSARY,no_investigation,20|33,2,Turn 4,,other
3267,2019-mex,Race,2019-10-27 13:37:44-07:00,62.0,TURN 1 INCIDENT INVOLVING CARS 3 (RIC) AND 11 (PER) NOTED - NO INVESTIGATION NECESSARY,no_investigation,3|11,2,Turn 1,,other
3283,2019-mex,Race,2019-10-27 13:51:52-07:00,71.0,TURN 16 INCIDENT INVOLVING CARS 27 (HUL) AND 26 (KVY) UNDER INVESTIGATION,investigation,26|27,2,Turn 16,,other
3284,2019-mex,Race,2019-10-27 13:56:25-07:00,71.0,10 SECOND TIME PENALTY FOR CAR 26 (KVY) - CAUSING A COLLISION,sanction_announced,26,1,,,causing_collision
3294,2019-rus,Race,2019-09-29 04:20:15-07:00,3.0,"TURN 4 INCIDENT INVOLVING CARS 3 (RIC), 99 (GIO) AND 8 (GRO) NOTED",noted,3|8|99,3,Turn 4,,other
3296,2019-rus,Race,2019-09-29 04:22:54-07:00,5.0,"TURN 4 INCIDENT INVOLVING CARS 3 (RIC),99 (GIO)  AND 8 (GRO) - NO INVESTIGATION NECESSARY",no_investigation,3|8|99,3,Turn 4,,other
3297,2019-rus,Race,2019-09-29 04:23:53-07:00,5.0,INCIDENT INVOLVING CAR 7 (RAI) UNDER INVESTIGATION - FALSE START,investigation,7,1,,,other
3299,2019-rus,Race,2019-09-29 04:29:19-07:00,9.0,CAR 23 (ALB) MISSED THE APEX OF TURN 2 NOTED - NO LASTING ADVANTAGE GAINED,noted,23,1,Turn 2,,other
3300,2019-rus,Race,2019-09-29 04:29:42-07:00,9.0,DRIVE THROUGH PENALTY FOR CAR 7 (RAI) - FALSE START,sanction_announced,7,1,,,other
3301,2019-rus,Race,2019-09-29 04:50:21-07:00,21.0,TURN 2 INCIDENT INVOLVING CARS 27 (HUL) AND 99 (GIO) NOTED,noted,27|99,2,Turn 2,,other
3326,2019-rus,Race,2019-09-29 05:17:11-07:00,35.0,TURN 4 INCIDENT INVOLVING CARS 27 (HUL) AND 18 (STR) NOTED ,noted,18|27,2,Turn 4,,other
3327,2019-rus,Race,2019-09-29 05:17:43-07:00,35.0,TURN 2 INCIDENT INVOLVING CAR 26 (KVY) NOTED,noted,26,1,Turn 2,,other
3328,2019-rus,Race,2019-09-29 05:19:20-07:00,36.0,TURN 4 INCIDENT INVOLVING CARS 27 (HUL) AND 18 (STR) - NO INVESTIGATION NECESSARY,no_investigation,18|27,2,Turn 4,,other
3329,2019-rus,Race,2019-09-29 05:20:15-07:00,37.0,TURN 2 INCIDENT INVOLVING CAR 26 (KVY) - NO INVESTIGATION NECESSARY,no_investigation,26,1,Turn 2,,other
3330,2019-rus,Race,2019-09-29 05:33:20-07:00,45.0,TURN 2 INCIDENT INVOLVING CAR 20 (MAG) NOTED,noted,20,1,Turn 2,,other
3331,2019-rus,Race,2019-09-29 05:35:31-07:00,46.0,5 SECOND TIME PENALTY FOR CAR 20 (MAG) - LEAVING THE TRACK AT TURN 2,sanction_announced,20,1,Turn 2,,track_limits
3336,2019-sgp,Race,2019-09-22 05:15:33-07:00,2.0,TURN 1 INCIDENT INVOLVING CAR 8 (GRO) NOTED,noted,8,1,Turn 1,,other
3337,2019-sgp,Race,2019-09-22 05:17:19-07:00,2.0,"LAP 1, TURN 5 INCIDENT INVOLVING CARS 27 (HUL) AND 55 (SAI) NOTED",noted,27|55,2,Turn 5,1.0,other
3343,2019-sgp,Race,2019-09-22 05:26:05-07:00,7.0,TURN 5 INCIDENT INVOLVING CARS 27 (HUL) AND 55 (SAI) - NO FURTHER ACTION ,no_further_action,27|55,2,Turn 5,,other
3344,2019-sgp,Race,2019-09-22 05:29:52-07:00,9.0,"LAP 1, TURN 1 INCIDENT INVOLVING CAR 8 (GRO) - NO INVESTIGATION NECESSARY",no_investigation,8,1,Turn 1,1.0,other
3349,2019-sgp,Race,2019-09-22 06:08:31-07:00,31.0,TURN 7 INCIDENT INVOLVING CARS 5 (VET) AND 10 (GAS) NOTED,noted,5|10,2,Turn 7,,other
3350,2019-sgp,Race,2019-09-22 06:09:20-07:00,31.0,TURN 7 INCIDENT INVOLVING CARS 5 (VET) AND 10 (GAS) - NO INVESTIGATION NECESSARY,no_investigation,5|10,2,Turn 7,,other
3351,2019-sgp,Race,2019-09-22 06:15:18-07:00,34.0,TURN 7 INCIDENT INVOLVING CARS 3 (RIC) AND 99 (GIO) NOTED,noted,3|99,2,Turn 7,,other
3362,2019-sgp,Race,2019-09-22 06:31:32-07:00,41.0,TURN 8 INCIDENT INVOLVING CARS 8 (GRO) AND 63 (RUS) NOTED,noted,8|63,2,Turn 8,,other
3363,2019-sgp,Race,2019-09-22 06:32:41-07:00,42.0,TURN 7 INCIDENT INVOLVING CARS 3 (RIC) AND 99 (GIO) - NO INVESTIGATION NECESSARY,no_investigation,3|99,2,Turn 7,,other
3364,2019-sgp,Race,2019-09-22 06:33:42-07:00,42.0,TURN 8 INCIDENT INVOLVING CARS 8 (GRO) AND 63 (RUS) UNDER INVESTIGATION,investigation,8|63,2,Turn 8,,other
3366,2019-sgp,Race,2019-09-22 06:34:33-07:00,43.0,TURN 8 INCIDENT INVOLVING CAR 99 (GIO) WILL BE INVESTIGATED AFTER THE RACE,post_session_investigation,99,1,Turn 8,,other
3367,2019-sgp,Race,2019-09-22 06:35:32-07:00,43.0,TURN 8 INCIDENT INVOLVING CARS 8 (GRO) AND 63 (RUS) WILL BE INVESTIGATED AFTER THE RACE,post_session_investigation,8|63,2,Turn 8,,other
3382,2019-sgp,Race,2019-09-22 06:55:44-07:00,52.0,TURN 1 INCIDENT INVOLVING CARS 7 (RAI) AND 26 (KVY) WILL BE INVESTIGATED AFTER THE RACE,post_session_investigation,7|26,2,Turn 1,,other
3390,2019-usa,Race,2019-11-03 11:15:30-08:00,2.0,TURN 1 INCIDENT INVOLVING CARS 55 (SAI) AND 23 (ALB) NOTED,noted,23|55,2,Turn 1,,other
3392,2019-usa,Race,2019-11-03 11:17:41-08:00,3.0,TURN 1 INCIDENT INVOLVING CARS 55 (SAI) AND 23 (ALB) UNDER INVESTIGATION,investigation,23|55,2,Turn 1,,other
3393,2019-usa,Race,2019-11-03 11:18:42-08:00,4.0,TURN 1 INCIDENT INVOLVING CARS 55 (SAI) AND 23 (ALB) - NO FURTHER ACTION ,no_further_action,23|55,2,Turn 1,,other
3440,2019-usa,Race,2019-11-03 12:29:25-08:00,46.0,TURN 15 INCIDENT INVOLVING CARS 27 (HUL) AND 7 (RAI) NOTED - LEAVING THE TRACK AND GAINING AN ADVANTAGE,noted,7|27,2,Turn 15,,gaining_advantage_off_track
3442,2019-usa,Race,2019-11-03 12:29:48-08:00,46.0,TURN 15 INCIDENT INVOLVING CARS 27 (HUL) AND 7 (RAI) - NO INVESTIGATION NECESSARY,no_investigation,7|27,2,Turn 15,,other
3472,2019-usa,Race,2019-11-03 12:48:16-08:00,56.0,TURN 12 INCIDENT INVOLVING CARS 11 (PER) AND 26 (KVY) NOTED - CAUSING A COLLISION,noted,11|26,2,Turn 12,,causing_collision
3473,2019-usa,Race,2019-11-03 12:50:01-08:00,56.0,TURN 15 INCIDENT INVOLVING CAR 11 (PER) UNDER INVESTIGATION - CAUSING A COLLISION,investigation,11,1,Turn 15,,causing_collision
3476,2019-usa,Race,2019-11-03 12:53:53-08:00,56.0,5 SECOND TIME PENALTY FOR CAR 26 (KVY) - CAUSING A COLLISION,sanction_announced,26,1,,,causing_collision
3485,2020-70a,Race,2020-08-09 06:42:32-07:00,20.0,TURN 15 INCIDENT INVOLVING CARS 20 (MAG) AND 8 (GRO) NOTED,noted,8|20,2,Turn 15,,other
3486,2020-70a,Race,2020-08-09 06:42:58-07:00,20.0,CORRECTION: TURN 15 INCIDENT INVOLVING CARS 20 (MAG) AND 6 (LAT) NOTED,noted,6|20,2,Turn 15,,other
3488,2020-70a,Race,2020-08-09 06:45:13-07:00,21.0,TURN 15 INCIDENT INVOLVING CARS 20 (MAG) AND 6 (LAT) UNDER INVESTIGATION,investigation,6|20,2,Turn 15,,other
3490,2020-70a,Race,2020-08-09 06:54:04-07:00,27.0,5 SECOND TIME PENALTY FOR CAR 20 (MAG) - INCIDENT AT TURN 15,sanction_announced,20,1,Turn 15,,other
3541,2020-abu,Race,2020-12-13 05:43:40-08:00,16.0,PIT LANE INCIDENT INVOLVING CAR 55 (SAI) UNDER INVESTIGATION - DRIVING UNNECESSARILY SLOWLY,investigation,55,1,Pit Lane,,other
3544,2020-abu,Race,2020-12-13 06:01:29-08:00,27.0,PIT LANE INCIDENT INVOLVING CAR 55 (SAI) WILL BE INVESTIGATED AFTER THE RACE,post_session_investigation,55,1,Pit Lane,,other
3592,2020-aut,Race,2020-07-05 06:14:17-07:00,2.0,"LAP 1, TURN 1 - TRACK LIMITS, NO INVESTIGATION NECESSARY",no_investigation,,0,Turn 1,,track_limits
3618,2020-aut,Race,2020-07-05 06:51:58-07:00,31.0,PIT LANE INCIDENT INVOLVING CARS 11 (PER) AND 4 (NOR) NOTED,noted,4|11,2,Pit Lane,,other
3619,2020-aut,Race,2020-07-05 06:52:38-07:00,32.0,TURN 3 INCIDENT INVOLVING CARS 5 (VET) AND 55 (SAI) NOTED,noted,5|55,2,Turn 3,,other
3621,2020-aut,Race,2020-07-05 06:54:03-07:00,33.0,TURN 3 INCIDENT INVOLVING CARS 5 (VET) AND 55 (SAI) - NO INVESTIGATION NECESSARY,no_investigation,5|55,2,Turn 3,,other
3622,2020-aut,Race,2020-07-05 06:54:53-07:00,34.0,PIT LANE INCIDENT INVOLVING CARS 11 (PER) AND 4 (NOR) NOTED - NO INVESTIGATION NECESSARY,no_investigation,4|11,2,Pit Lane,,other
3648,2020-aut,Race,2020-07-05 07:33:00-07:00,62.0,TURN 4 INCIDENT INVOLVING CARS 44 (HAM) AND 23 (ALB) NOTED,noted,23|44,2,Turn 4,,other
3650,2020-aut,Race,2020-07-05 07:33:54-07:00,63.0,TURN 4 INCIDENT INVOLVING CARS 23 (ALB) AND 44 (HAM) UNDER INVESTIGATION - CAUSING A COLLISION,investigation,23|44,2,Turn 4,,causing_collision
3654,2020-aut,Race,2020-07-05 07:37:14-07:00,66.0,5 SECOND TIME PENALTY FOR CAR 44 (HAM) - CAUSING A COLLISION,sanction_announced,44,1,,,causing_collision
3655,2020-aut,Race,2020-07-05 07:38:53-07:00,67.0,PIT STOP INCIDENT INVOLVING CAR 7 (RAI) WILL BE INVESTIGATED AFTER THE RACE,post_session_investigation,7,1,,,other
3657,2020-aut,Race,2020-07-05 07:39:44-07:00,68.0,5 SECOND TIME PENALTY FOR CAR 11 (PER) - SPEEDING IN THE PIT LANE,sanction_announced,11,1,Pit Lane,,other
3711,2020-bhr,Race,2020-11-29 06:34:21-08:00,2.0,A 10 MINUTE WARNING WILL BE GIVEN PRIOR TO THE RACE RESUMPTION,sanction_announced,,0,,,other
3724,2020-bhr,Race,2020-11-29 07:55:55-08:00,10.0,TURN 8 INCIDENT INVOLVING CARS 26 (KVY) AND 16 (LEC) UNDER INVESTIGATION - CAUSING A COLLISION,investigation,16|26,2,Turn 8,,causing_collision
3725,2020-bhr,Race,2020-11-29 07:56:25-08:00,10.0,CORRECTION: TURN 8 INCIDENT INVOLVING CARS 26 (KVY) AND 18 (STR) UNDER INVESTIGATION - CAUSING A COLLISION,investigation,18|26,2,Turn 8,,causing_collision
3727,2020-bhr,Race,2020-11-29 08:00:06-08:00,13.0,10 SECOND TIME PENALTY FOR CAR 26 (KVY) - CAUSING A COLLISION,sanction_announced,26,1,,,causing_collision
3762,2020-eif,Race,2020-10-11 05:23:41-07:00,7.0,TURN 1 INCIDENT INVOLVING CARS 3 (RIC) AND 16 (LEC) NOTED - LEAVING THE TRACK,noted,3|16,2,Turn 1,,track_limits
3763,2020-eif,Race,2020-10-11 05:24:17-07:00,8.0,TURN 1 INCIDENT INVOLVING CARS 3 (RIC) AND 16 (LEC) - NO INVESTIGATION NECESSARY,no_investigation,3|16,2,Turn 1,,other
3779,2020-eif,Race,2020-10-11 05:34:58-07:00,15.0,TURN 1 INCIDENT INVOLVING CARS 7 (RAI) AND 63 (RUS)  UNDER INVESTIGATION - CAUSING A COLLISION,investigation,7|63,2,Turn 1,,causing_collision
3791,2020-eif,Race,2020-10-11 05:43:51-07:00,20.0,TURN 14 INCIDENT INVOLVING CARS 23 (ALB) AND 26 (KVY) UNDER INVESTIGATION - CAUSING A COLLISION,investigation,23|26,2,Turn 14,,causing_collision
3792,2020-eif,Race,2020-10-11 05:44:14-07:00,20.0,10 SECOND TIME PENALTY FOR CAR 7 (RAI) - CAUSING A COLLISION,sanction_announced,7,1,,,causing_collision
3793,2020-eif,Race,2020-10-11 05:48:51-07:00,23.0,5 SECOND TIME PENALTY FOR CAR 23 (ALB) - CAUSING A COLLISION,sanction_announced,23,1,,,causing_collision
3832,2020-eif,Race,2020-10-11 06:44:08-07:00,57.0,TURN 1 INCIDENT INVOLVING CARS 5 (VET) AND 20 (MAG) NOTED - NO INVESTIGATION NECESSARY,no_investigation,5|20,2,Turn 1,,other
3847,2020-emi,Race,2020-11-01 04:17:31-08:00,4.0,"LAP1, TURN 7 INCIDENT INVOLVING CARS 5 (VET) AND 20 (MAG) NOTED",noted,5|20,2,Turn 7,,other
3850,2020-emi,Race,2020-11-01 04:20:22-08:00,6.0,"LAP 1,TURN 7 INCIDENT INVOLVING CARS 5 (VET) AND 20 (MAG) UNDER INVESTIGATION - CAUSING A COLLISION",investigation,5|20,2,Turn 7,1.0,causing_collision
3855,2020-emi,Race,2020-11-01 04:32:29-08:00,15.0,TURN 7 INCIDENT INVOLVING CARS 5 (VET) AND 20 (MAG) - NO FURTHER ACTION ,no_further_action,5|20,2,Turn 7,,other
3902,2020-emi,Race,2020-11-01 05:37:15-08:00,60.0,TURN 4 INCIDENT INVOLVING CARS 6 (LAT) AND 8 (GRO) NOTED,noted,6|8,2,Turn 4,,other
3905,2020-emi,Race,2020-11-01 05:39:25-08:00,62.0,TURN 4 INCIDENT INVOLVING CARS 6 (LAT) AND 8 (GRO) - NO INVESTIGATION NECESSARY,no_investigation,6|8,2,Turn 4,,other
3908,2020-emi,Race,2020-11-01 05:42:35-08:00,63.0,5 SECOND TIME PENALTY FOR CAR 8 (GRO) - TRACK LIMITS,sanction_announced,8,1,,,track_limits
3949,2020-esp,Race,2020-08-16 07:23:37-07:00,51.0,INCIDENT INVOLVING CAR 11 (PER) UNDER INVESTIGATION - IGNORING BLUE FLAGS,investigation,11,1,,,blue_flags
3954,2020-esp,Race,2020-08-16 07:27:14-07:00,53.0,5 SECOND TIME PENALTY FOR CAR 11 (PER) - IGNORING BLUE FLAGS,sanction_announced,11,1,,,blue_flags
3955,2020-esp,Race,2020-08-16 07:27:55-07:00,54.0,INCIDENT INVOLVING CAR 26 (KVY) UNDER INVESTIGATION - IGNORING BLUE FLAGS,investigation,26,1,,,blue_flags
3957,2020-esp,Race,2020-08-16 07:30:36-07:00,56.0,5 SECOND TIME PENALTY FOR CAR 26 (KVY) - IGNORING BLUE FLAGS,sanction_announced,26,1,,,blue_flags
3971,2020-esp,Race,2020-08-16 07:39:22-07:00,62.0,TURN 2 INCIDENT INVOLVING CARS 20 (MAG) AND 99 (GIO) NOTED,noted,20|99,2,Turn 2,,other
3973,2020-esp,Race,2020-08-16 07:39:39-07:00,62.0,CORRECTION: TURN 2 INCIDENT INVOLVING CARS 8 (GRO) AND 99 (GIO) NOTED,noted,8|99,2,Turn 2,,other
3975,2020-esp,Race,2020-08-16 07:42:20-07:00,64.0,TURN 2 INCIDENT INVOLVING CARS 8 (GRO) AND 99 (GIO) UNDER INVESTIGATION,investigation,8|99,2,Turn 2,,other
3996,2020-gbr,Race,2020-08-02 06:26:28-07:00,7.0,TURN 18 INCIDENT INVOLVING CARS 23 (ALB) AND 20 (MAG) UNDER INVESTIGATION - CAUSING A COLLISION,investigation,20|23,2,Turn 18,,causing_collision
4006,2020-gbr,Race,2020-08-02 06:50:34-07:00,19.0,5 SECOND TIME PENALTY FOR CAR 23 (ALB) - CAUSING A COLLISION,sanction_announced,23,1,,,causing_collision
4011,2020-gbr,Race,2020-08-02 06:58:19-07:00,24.0,TURN 15 INCIDENT INVOLVING CARS 8 (GRO) AND 55 (SAI) NOTED,noted,8|55,2,Turn 15,,other
4013,2020-gbr,Race,2020-08-02 07:09:16-07:00,31.0,INCIDENT INVOLVING CAR 99 (GIO) UNDER INVESTIGATION - SAFETY CAR INFRINGEMENT,investigation,99,1,,,other
4014,2020-gbr,Race,2020-08-02 07:15:22-07:00,35.0,5 SECOND TIME PENALTY FOR CAR 99 (GIO) - SAFETY CAR INFRINGEMENT,sanction_announced,99,1,,,other
4015,2020-gbr,Race,2020-08-02 07:19:09-07:00,38.0,TURN 6 INCIDENT INVOLVING CARS 8 (GRO) AND 3 (RIC) NOTED - MOVING UNDER BRAKING,noted,3|8,2,Turn 6,,moving_under_braking
4017,2020-gbr,Race,2020-08-02 07:26:16-07:00,43.0,TURN 15 INCIDENT INVOLVING CARS 10 (GAS) AND 5 (VET) NOTED - LEAVING THE TRACK AND GAINING AN ADVANTAGE,noted,5|10,2,Turn 15,,gaining_advantage_off_track
4018,2020-gbr,Race,2020-08-02 07:27:03-07:00,43.0,TURN 15 INCIDENT INVOLVING CARS 10 (GAS) AND 5 (VET) - NO INVESTIGATION NECESSARY,no_investigation,5|10,2,Turn 15,,other
4019,2020-gbr,Race,2020-08-02 07:27:54-07:00,44.0,TURN 6 INCIDENT INVOLVING CARS 8 (GRO) AND 3 (RIC) WILL BE INVESTIGATED AFTER THE RACE - MOVING UNDER BRAKING,post_session_investigation,3|8,2,Turn 6,,moving_under_braking
4043,2020-hun,Race,2020-07-19 06:18:36-07:00,4.0,INCIDENT INVOLVING CAR 7 (RAI) UNDER INVESTIGATION - OUT OF POSITION AT THE START,investigation,7,1,,,other
4048,2020-hun,Race,2020-07-19 06:20:53-07:00,5.0,PIT LANE INCIDENT INVOLVING CARS 6 (LAT) AND 55 (SAI) NOTED,noted,6|55,2,Pit Lane,,other
4051,2020-hun,Race,2020-07-19 06:22:58-07:00,7.0,INCIDENT INVOLVING CARS 6 (LAT) AND 55 (SAI) UNDER INVESTIGATION - UNSAFE RELEASE,investigation,6|55,2,,,unsafe_release
4052,2020-hun,Race,2020-07-19 06:23:25-07:00,7.0,5 SECOND TIME PENALTY FOR CAR 7 (RAI) - OUT OF POSITION ON THE GRID,sanction_announced,7,1,,,other
4053,2020-hun,Race,2020-07-19 06:27:25-07:00,10.0,5 SECOND TIME PENALTY FOR CAR 6 (LAT) - UNSAFE RELEASE,sanction_announced,6,1,,,unsafe_release
4147,2020-ita,Race,2020-09-06 06:15:52-07:00,2.0,"LAP1, TURN 1 INCIDENT INVOLVING CARS 23 (ALB) AND 10 (GAS) NOTED",noted,10|23,2,Turn 1,,other
4149,2020-ita,Race,2020-09-06 06:17:58-07:00,4.0,"LAP2, TURN 1 INCIDENT INVOLVING CARS 23 (ALB) AND 8 (GRO) NOTED",noted,8|23,2,Turn 1,,other
4150,2020-ita,Race,2020-09-06 06:18:30-07:00,4.0,TURN 1 INCIDENT INVOLVING CARS 10 (GAS) AND 23 (ALB) - NO INVESTIGATION NECESSARY,no_investigation,10|23,2,Turn 1,,other
4151,2020-ita,Race,2020-09-06 06:19:43-07:00,5.0,TURN 1 INCIDENT INVOLVING CARS 8 (GRO) AND 23 (ALB) UNDER INVESTIGATION,investigation,8|23,2,Turn 1,,other
4153,2020-ita,Race,2020-09-06 06:23:43-07:00,8.0,5 SECOND TIME PENALTY FOR CAR 23 (ALB) - FAILING TO LEAVE A CAR WIDTH TO THE EDGE OF THE TRACK,sanction_announced,23,1,,,other
4167,2020-ita,Race,2020-09-06 06:44:19-07:00,21.0,INCIDENT INVOLVING CARS 44 (HAM) AND 99 (GIO) UNDER INVESTIGATION - ENTERING THE PIT LANE WHEN CLOSED,investigation,44|99,2,Pit Lane,,other
4173,2020-ita,Race,2020-09-06 06:50:23-07:00,25.0,CORRECTION: INCIDENT INVOLVING CARS 44 (HAM) AND 99 (GIO) UNDER INVESTIGATION - ENTERING THE PIT LANE WHEN CLOSED,investigation,44|99,2,Pit Lane,,other
4176,2020-ita,Race,2020-09-06 06:51:32-07:00,25.0,10 SECOND STOP/GO PENALTY FOR CAR 99 (GIO) - ENTERING THE PIT LANE WHEN CLOSED,sanction_announced,99,1,Pit Lane,,other
4184,2020-ita,Race,2020-09-06 06:57:23-07:00,27.0,10 SECOND STOP/GO PENALTY FOR CAR 44 (HAM) - ENTERING THE PIT LANE WHEN CLOSED,sanction_announced,44,1,Pit Lane,,other
4185,2020-ita,Race,2020-09-06 06:59:05-07:00,27.0,INCIDENT INVOLVING CAR 4 (NOR) UNDER INVESTIGATION - DRIVING UNNECESSARILY SLOWING WHEN ENTERING PIT LANE,investigation,4,1,Pit Lane,,other
4186,2020-ita,Race,2020-09-06 07:05:47-07:00,27.0,TURN 1 INCIDENT INVOLVING CARS 11 (PER) AND 33 (VER) NOTED,noted,11|33,2,Turn 1,,other
4189,2020-ita,Race,2020-09-06 07:14:46-07:00,27.0,INCIDENT INVOLVING CAR 4 (NOR) - NO FURTHER ACTION ,no_further_action,4,1,,,other
4192,2020-ita,Race,2020-09-06 07:23:15-07:00,28.0,TURN 1 INCIDENT INVOLVING CARS 11 (PER) AND 33 (VER) UNDER INVESTIGATION,investigation,11|33,2,Turn 1,,other
4198,2020-ita,Race,2020-09-06 07:27:42-07:00,30.0,TURN 1 INCIDENT INVOLVING CARS 11 (PER) AND 33 (VER) - NO FURTHER ACTION ,no_further_action,11|33,2,Turn 1,,other
4219,2020-por,Race,2020-10-25 06:16:29-07:00,3.0,TURN 4 INCIDENT INVOLVING CARS 11 (PER) AND 33 (VER) NOTED,noted,11|33,2,Turn 4,,other
4223,2020-por,Race,2020-10-25 06:21:03-07:00,6.0,TURN 4 INCIDENT INVOLVING CARS 11 (PER) AND 33 (VER) - NO INVESTIGATION NECESSARY,no_investigation,11|33,2,Turn 4,,other
4235,2020-por,Race,2020-10-25 06:38:41-07:00,19.0,TURN 1 INCIDENT INVOLVING CARS 4 (NOR) AND 18 (STR) NOTED,noted,4|18,2,Turn 1,,other
4236,2020-por,Race,2020-10-25 06:39:15-07:00,19.0,TURN 1 INCIDENT INVOLVING CARS 4 (NOR) AND 18 (STR) UNDER INVESTIGATION - CAUSING A COLLISION,investigation,4|18,2,Turn 1,,causing_collision
4242,2020-por,Race,2020-10-25 06:45:07-07:00,24.0,5 SECOND TIME PENALTY FOR CAR 18 (STR) - CAUSING A COLLISION,sanction_announced,18,1,,,causing_collision
4256,2020-por,Race,2020-10-25 06:54:26-07:00,30.0,5 SECOND TIME PENALTY FOR CAR 18 (STR) - TRACK LIMITS,sanction_announced,18,1,,,track_limits
4286,2020-por,Race,2020-10-25 07:09:24-07:00,41.0,5 SECOND TIME PENALTY FOR CAR 8 (GRO) - TRACK LIMITS,sanction_announced,8,1,,,track_limits
4291,2020-por,Race,2020-10-25 07:14:25-07:00,45.0,INCIDENT INVOLVING CAR 26 (KVY) UNDER INVESTIGATION - IGNORING BLUE FLAGS,investigation,26,1,,,blue_flags
4300,2020-por,Race,2020-10-25 07:20:15-07:00,49.0,INCIDENT INVOLVING CAR 26 (KVY) - NO FURTHER ACTION ,no_further_action,26,1,,,other
4311,2020-por,Race,2020-10-25 07:27:31-07:00,55.0,5 SECOND TIME PENALTY FOR CAR 26 (KVY) - TRACK LIMITS,sanction_announced,26,1,,,track_limits
4328,2020-por,Race,2020-10-25 07:40:15-07:00,64.0,TURN 1 INCIDENT INVOLVING CARS 11 (PER) AND 10 (GAS) NOTED,noted,10|11,2,Turn 1,,other
4330,2020-por,Race,2020-10-25 07:42:13-07:00,66.0,TURN 1 INCIDENT INVOLVING CARS 10 (GAS) AND 11 (PER) WILL BE INVESTIGATED AFTER THE RACE,post_session_investigation,10|11,2,Turn 1,,other
4332,2020-rus,Race,2020-09-27 03:42:00-07:00,1.0,INCIDENT INVOLVING CAR 44 (HAM) UNDER INVESTIGATION - PRACTICE START OUTSIDE OF THE DESIGNATED AREA,investigation,44,1,,,other
4343,2020-rus,Race,2020-09-27 04:29:35-07:00,7.0,5 SECOND TIME PENALTY FOR CAR 44 (HAM) - PRACTICE START VIOLATION 1,sanction_announced,44,1,,,other
4344,2020-rus,Race,2020-09-27 04:30:13-07:00,7.0,5 SECOND TIME PENALTY FOR CAR 44 (HAM) - PRACTICE START VIOLATION 2,sanction_announced,44,1,,,other
4346,2020-rus,Race,2020-09-27 04:31:28-07:00,8.0,TURN 4 INCIDENT INVOLVING CARS 16 (LEC) AND 18 (STR) NOTED,noted,16|18,2,Turn 4,,other
4347,2020-rus,Race,2020-09-27 04:32:37-07:00,9.0,TURN 4 INCIDENT INVOLVING CARS 16 (LEC) AND 18 (STR) - NO INVESTIGATION NECESSARY,no_investigation,16|18,2,Turn 4,,other
4348,2020-rus,Race,2020-09-27 04:33:47-07:00,9.0,TURN 2 INCIDENT INVOLVING CAR 11 (PER) NOTED - FAILING TO FOLLOW THE RACE DIRECTORS INSTRUCTIONS,noted,11,1,Turn 2,,other
4349,2020-rus,Race,2020-09-27 04:35:28-07:00,10.0,TURN 2 INCIDENT INVOLVING CAR 11 (PER) - NO INVESTIGATION NECESSARY,no_investigation,11,1,Turn 2,,other
4352,2020-rus,Race,2020-09-27 05:02:28-07:00,26.0,TURN 2 INCIDENT INVOLVING CAR 3 (RIC) UNDER INVESTIGATION - FAILING TO FOLLOW THE RACE DIRECTORS INSTRUCTIONS,investigation,3,1,Turn 2,,other
4353,2020-rus,Race,2020-09-27 05:05:05-07:00,28.0,5 SECOND TIME PENALTY FOR CAR 3 (RIC) - FAILING TO FOLLOW THE RACE DIRECTORS INSTRUCTIONS,sanction_announced,3,1,,,other
4361,2020-rus,Race,2020-09-27 05:28:41-07:00,42.0,TURN 2 INCIDENT INVOLVING CARS 8 (GRO) AND 5 (VET) NOTED,noted,5|8,2,Turn 2,,other
4373,2020-rus,Race,2020-09-27 05:36:21-07:00,47.0,TURN 2 INCIDENT INVOLVING CAR 8 (GRO) UNDER INVESTIGATION - FAILING TO FOLLOW THE RACE DIRECTORS INSTRUCTIONS,investigation,8,1,Turn 2,,other
4375,2020-rus,Race,2020-09-27 05:37:15-07:00,47.0,TURN 2 INCIDENT INVOLVING CAR 8 (GRO) - NO FURTHER ACTION ,no_further_action,8,1,Turn 2,,other
4385,2020-rus,Race,2020-09-27 05:43:59-07:00,51.0,TURN 2 INCIDENT INVOLVING CAR 23 (ALB) UNDER INVESTIGATION - FAILING TO FOLLOW THE RACE DIRECTORS INSTRUCTIONS,investigation,23,1,Turn 2,,other
4391,2020-rus,Race,2020-09-27 05:48:09-07:00,53.0,5 SECOND TIME PENALTY FOR CAR 23 (ALB) - FAILING TO FOLLOW RACE DIRECTORS INSTRUCTIONS,sanction_announced,23,1,,,other
4402,2020-skh,Race,2020-12-06 09:16:09-08:00,3.0,"TURN 4 INCIDENT INVOLVING CARS 11 (PER),16 (LEC) AND 33 (VER) NOTED",noted,11|16|33,3,Turn 4,,other
4406,2020-skh,Race,2020-12-06 09:22:28-08:00,7.0,"TURN 4 INCIDENT INVOLVING CARS 11 (PER), 16 (LEC) AND 33 (VER) WILL BE INVESTIGATED AFTER THE RACE",post_session_investigation,11|16|33,3,Turn 4,,other
4418,2020-skh,Race,2020-12-06 09:46:55-08:00,33.0,PIT LANE INCIDENT INVOLVING CARS 55 (SAI) AND 10 (GAS) NOTED,noted,10|55,2,Pit Lane,,other
4419,2020-skh,Race,2020-12-06 09:47:33-08:00,33.0,PIT LANE INCIDENT INVOLVING CARS 55 (SAI) AND 10 (GAS)  - NO INVESTIGATION NECESSARY,no_investigation,10|55,2,Pit Lane,,other
4454,2020-skh,Race,2020-12-06 10:13:37-08:00,60.0,PIT LANE INCIDENT INVOLVING CARS 5 (VET) AND 99 (GIO) NOTED,noted,5|99,2,Pit Lane,,other
4477,2020-skh,Race,2020-12-06 10:27:45-08:00,70.0,PIT LAN INCIDENT INVOLVING CARS 5 (VET) AND 99 (GIO) NOTED - NO INVESTIGATION NECESSARY,no_investigation,5|99,2,,,other
4482,2020-skh,Race,2020-12-06 10:37:59-08:00,81.0,INCIDENT INVOLVING CAR 63 (RUS) WILL BE INVESTIGATED AFTER THE RACE - INCORRECT TYRES,post_session_investigation,63,1,,,other
4501,2020-sty,Race,2020-07-12 06:17:33-07:00,3.0,"LAP 1, TURN 3 INCIDENT INVOLVING CARS 5 (VET) AND 16 (LEC) NOTED",noted,5|16,2,Turn 3,1.0,other
4508,2020-sty,Race,2020-07-12 06:21:14-07:00,6.0,INCIDENT INVOLVING CARS 5 (VET) AND 16 (LEC) - NO INVESTIGATION NECESSARY,no_investigation,5|16,2,,,other
4588,2020-sty,Race,2020-07-12 07:37:15-07:00,71.0,TURN 3 INCIDENT INVOLVING CARS 18 (STR) AND 3 (RIC) NOTED,noted,3|18,2,Turn 3,,other
4589,2020-sty,Race,2020-07-12 07:41:29-07:00,71.0,TURN 3 INCIDENT INVOLVING CARS 18 (STR) AND 3 (RIC) UNDER INVESTIGATION,investigation,3|18,2,Turn 3,,other
4601,2020-tur,Race,2020-11-15 02:15:16-08:00,1.0,TURN 1 INCIDENT NOTED,noted,,0,Turn 1,,other
4641,2020-tur,Race,2020-11-15 02:52:07-08:00,21.0,INCIDENT INVOLVING CAR 33 (VER) UNDER INVESTIGATION - CROSSING THE LINE AT PIT EXIT,investigation,33,1,Pit Lane,,other
4653,2020-tur,Race,2020-11-15 03:02:57-08:00,27.0,CROSSING THE WHITE LINE INCIDENT INVOLVING CAR 33 (VER) WILL BE INVESTIGATED AFTER THE RACE,post_session_investigation,33,1,,,other
4667,2020-tur,Race,2020-11-15 03:19:11-08:00,37.0,PIT LANE INCIDENT INVOLVING CAR 20 (MAG) WILL BE INVESTIGATED AFTER THE RACE,post_session_investigation,20,1,Pit Lane,,other
4694,2020-tur,Race,2020-11-15 03:27:14-08:00,41.0,TURN 9 INCIDENT INVOLVING CARS 6 (LAT) AND 8 (GRO) NOTED,noted,6|8,2,Turn 9,,other
4762,2020-tus,Race,2020-09-13 06:16:52-07:00,2.0,TURN 2 INCIDENT NOTED,noted,,0,Turn 2,,other
4763,2020-tus,Race,2020-09-13 06:22:20-07:00,5.0,"TURN 2 INCIDENT INVOLVING CARS 7 (RAI), 8 (GRO),10 (GAS), 33 (VER) UNDER INVESTIGATION - CAUSING A COLLISION",investigation,7|8|10|33,4,Turn 2,,causing_collision
4764,2020-tus,Race,2020-09-13 06:23:11-07:00,5.0,TURN 2 INCIDENT INVOLVING CARS 55 (SAI) AND 18 (STR) - NO INVESTIGATION NECESSARY,no_investigation,18|55,2,Turn 2,,other
4773,2020-tus,Race,2020-09-13 06:33:32-07:00,9.0,"PIT STRAIGHT INCIDENT INVOLVING CARS 6 (LAT),20 (MAG) AND 99 (GIO) UNDER INVESTIGATION - CAUSING A COLLISION",investigation,6|20|99,3,,,causing_collision
4774,2020-tus,Race,2020-09-13 06:34:18-07:00,9.0,"TURN 2 INCIDENT INVOLVING CARS 7 (RAI), 8 (GRO), 16 (LEC) AND 33 (VER) - NO FURTHER ACTION ",no_further_action,7|8|16|33,4,Turn 2,,other
4779,2020-tus,Race,2020-09-13 06:54:29-07:00,9.0,"PIT STRAIGHT INCIDENT INVOLVING CARS 6 (LAT), 20 (MAG) AND 99 (GIO) WILL BE INVESTIGATED AFTER THE RACE",post_session_investigation,6|20|99,3,,,other
4795,2020-tus,Race,2020-09-13 08:07:13-07:00,46.0,PIT ENTRY INCIDENT INVOLVING CAR 7 (RAI) UNDER INVESTIGATION,investigation,7,1,Pit Lane,,other
4798,2020-tus,Race,2020-09-13 08:16:08-07:00,47.0,5 SECOND TIME PENALTY FOR CAR 7 (RAI) - CROSSING THE LINE AT PIT ENTRY,sanction_announced,7,1,Pit Lane,,other
4807,2021-abu,Race,2021-12-12 05:06:19-08:00,2.0,TURN 7 INCIDENT INVOLVING CARS 33 (VER) AND 44 (HAM) NO INVESTIGATION NECESSARY,no_investigation,33|44,2,Turn 7,,other
4838,2021-abu,Race,2021-12-12 06:00:41-08:00,39.0, INCIDENT INVOLVING CARS 22 (TSU) AND 14 (ALO) NOTED,noted,14|22,2,,,other
4840,2021-abu,Race,2021-12-12 06:01:58-08:00,40.0, INCIDENT INVOLVING CARS 22 (TSU) AND 14 (ALO) NO INVESTIGATION NECESSARY,no_investigation,14|22,2,,,other
4883,2021-aut,Race,2021-07-04 06:10:38-07:00,6.0,PIT ENTRY INCIDENT INVOLVING CAR 99 (GIO) UNDER INVESTIGATION - OVERTAKING BEFORE SC LINE,investigation,99,1,Pit Lane,,other
4885,2021-aut,Race,2021-07-04 06:12:25-07:00,7.0,5 SECOND TIME PENALTY FOR CAR 99 (GIO) - OVERTAKING WHILE THE SAFETY CAR IS DEPLOYED ,sanction_announced,99,1,,,other
4886,2021-aut,Race,2021-07-04 06:13:30-07:00,8.0,TURN 3 INCIDENT INVOLVING CAR 31 (OCO) NOTED,noted,31,1,Turn 3,,other
4887,2021-aut,Race,2021-07-04 06:14:41-07:00,9.0,TURN 3 INCIDENT INVOLVING CAR 31 (OCO) NO INVESTIGATION NECESSARY,no_investigation,31,1,Turn 3,,other
4888,2021-aut,Race,2021-07-04 06:15:28-07:00,10.0,TURN 4 INCIDENT INVOLVING CARS 4 (NOR) AND 11 (PER) NOTED ,noted,4|11,2,Turn 4,,other
4889,2021-aut,Race,2021-07-04 06:18:48-07:00,13.0,TURN 4 INCIDENT INVOLVING CARS 4 (NOR) AND 11 (PER) UNDER INVESTIGATION ,investigation,4|11,2,Turn 4,,other
4891,2021-aut,Race,2021-07-04 06:23:38-07:00,17.0,INCIDENT INVOLVING CAR 22 (TSU) UNDER INVESTIGATION - CROSSING WHITE LINE AT PIT ENTRY,investigation,22,1,Pit Lane,,other
4892,2021-aut,Race,2021-07-04 06:26:58-07:00,20.0,5 SECOND TIME PENALTY FOR CAR 4 (NOR) - FORCING ANOTHER DRIVER OFF THE TRACK,sanction_announced,4,1,,,forcing_off_track
4893,2021-aut,Race,2021-07-04 06:29:32-07:00,22.0,5 SECOND TIME PENALTY FOR CAR 22 (TSU) - CROSSING THE LINE AT PIT ENTRY,sanction_announced,22,1,Pit Lane,,other
4918,2021-aut,Race,2021-07-04 06:52:37-07:00,42.0,TURN 4 INCIDENT INVOLVING CARS 11 (PER) AND 16 (LEC) UNDER INVESTIGATION - FORCING ANOTHER DRIVER OFF THE TRACK,investigation,11|16,2,Turn 4,,forcing_off_track
4919,2021-aut,Race,2021-07-04 06:53:23-07:00,42.0,5 SECOND TIME PENALTY FOR CAR 11 (PER) - FORCING ANOTHER DRIVER OFF THE TRACK,sanction_announced,11,1,,,forcing_off_track
4928,2021-aut,Race,2021-07-04 06:59:17-07:00,48.0,TURN 6 INCIDENT INVOLVING CARS 11 (PER) AND 16 (LEC) NOTED,noted,11|16,2,Turn 6,,other
4931,2021-aut,Race,2021-07-04 07:00:13-07:00,48.0,TURN 6 INCIDENT INVOLVING CARS 11 (PER) AND 16 (LEC) UNDER INVESTIGATION - FORCING ANOTHER DRIVER OFF THE TRACK,investigation,11|16,2,Turn 6,,forcing_off_track
4936,2021-aut,Race,2021-07-04 07:04:14-07:00,52.0,5 SECOND TIME PENALTY FOR CAR 11 (PER) - FORCING ANOTHER DRIVER OFF THE TRACK,sanction_announced,11,1,,,forcing_off_track
4939,2021-aut,Race,2021-07-04 07:06:28-07:00,54.0,5 SECOND TIME PENALTY FOR CAR 18 (STR) - SPEEDING IN THE PIT LANE,sanction_announced,18,1,Pit Lane,,other
4941,2021-aut,Race,2021-07-04 07:07:55-07:00,55.0,CAR 22 (TSU) UNDER INVESTIGATION - CROSSING THE LINE AT PIT ENTRY,investigation,22,1,Pit Lane,,other
4942,2021-aut,Race,2021-07-04 07:09:20-07:00,56.0,5 SECOND TIME PENALTY FOR CAR 22 (TSU) - CROSSING THE LINE AT PIT ENTRY,sanction_announced,22,1,Pit Lane,,other
4991,2021-aut,Race,2021-07-04 07:28:49-07:00,71.0,TURN 5 INCIDENT INVOLVING CARS 7 (RAI) AND 5 (VET) UNDER INVESTIGATION - CAUSING A COLLISION,investigation,5|7,2,Turn 5,,causing_collision
4992,2021-aut,Race,2021-07-04 07:30:37-07:00,71.0,TURN 5 INCIDENT INVOLVING CARS 5 (VET) AND 7 (RAI) WILL BE INVESTIGATED AFTER THE RACE,post_session_investigation,5|7,2,Turn 5,,other
5056,2021-aze,Race,2021-06-06 06:37:10-07:00,49.0,CAR 6 (LAT) UNDER INVESTIGATION - NOT USING PIT LANE,investigation,6,1,Pit Lane,,other
5064,2021-aze,Race,2021-06-06 07:00:01-07:00,49.0,10 MINUTE WARNING,sanction_announced,,0,,,other
5067,2021-aze,Race,2021-06-06 07:09:02-07:00,49.0,10 SECOND STOP/GO PENALTY FOR CAR 6 (LAT) AFTER RACE RESUMPTION- FAILING TO DRIVE THROUGH PIT LANE,sanction_announced,6,1,Pit Lane,,other
5133,2021-bhr,Race,2021-03-28 08:17:34-07:00,5.0,TURN 3 INCIDENT INVOLVING CAR 9 (MAZ) NOTED,noted,9,1,Turn 3,,other
5134,2021-bhr,Race,2021-03-28 08:18:03-07:00,6.0,TURN 4 INCIDENT INVOLVING CAR 10 (GAS) NOTED,noted,10,1,Turn 4,,other
5135,2021-bhr,Race,2021-03-28 08:21:27-07:00,8.0,TURN 4 INCIDENT INVOLVING CAR 10 (GAS) - NO INVESTIGATION NECESSARY,no_investigation,10,1,Turn 4,,other
5136,2021-bhr,Race,2021-03-28 08:24:30-07:00,10.0,TURN 4 INCIDENT INVOLVING CARS 4 (NOR) AND 16 (LEC) NOTED - NO INVESTIGATION NECESSARY,no_investigation,4|16,2,Turn 4,,other
5149,2021-bhr,Race,2021-03-28 09:21:04-07:00,45.0,TURN 1 INCIDENT INVOLVING CARS 5 (VET) AND 31 (OCO) NOTED,noted,5|31,2,Turn 1,,other
5156,2021-bhr,Race,2021-03-28 09:24:42-07:00,47.0,TURN 1 INCIDENT INVOLVING CARS 5 (VET) AND 31 (OCO) UNDER INVESTIGATION - CAUSING A COLLISION,investigation,5|31,2,Turn 1,,causing_collision
5164,2021-bhr,Race,2021-03-28 09:31:14-07:00,51.0,10 SECOND TIME PENALTY FOR CAR 5 (VET) - CAUSING A COLLISION,sanction_announced,5,1,,,causing_collision
5200,2021-emi,Race,2021-04-18 06:18:59-07:00,8.0,LAP 1 TURN 2 INCIDENT INVOLVING CARS 33 (VER) AND 44 (HAM) NOTED ,noted,33|44,2,Turn 2,1.0,other
5201,2021-emi,Race,2021-04-18 06:22:15-07:00,10.0,LAP 1 - TURN 2 INCIDENT INVOLVING CARS 33 (VER) AND 44 (HAM) - NO INVESTIGATION NECESSARY,no_investigation,33|44,2,Turn 2,1.0,other
5204,2021-emi,Race,2021-04-18 06:23:03-07:00,10.0,LAP 1 - TURN 14 INCIDENT INVOLVING CARS 6 (LAT) AND 9 (MAZ) - NO INVESTIGATION NECESSARY,no_investigation,6|9,2,Turn 14,1.0,other
5205,2021-emi,Race,2021-04-18 06:24:20-07:00,11.0,TURN 9 INCIDENT INVOLVING CAR 11 (PER) UNDER INVESTIGATION - OVERTAKING WHILE THE SAFETY CAR IS DEPLOYED ,investigation,11,1,Turn 9,,other
5206,2021-emi,Race,2021-04-18 06:25:23-07:00,12.0,10 SECOND TIME PENALTY FOR CAR 11 (PER) - OVERTAKING WHILE THE SAFETY CAR IS DEPLOYED ,sanction_announced,11,1,,,other
5230,2021-emi,Race,2021-04-18 06:39:42-07:00,22.0,10 SECOND STOP/GO PENALTY FOR CAR 5 (VET) - WHEELS NOT FITTED AT THE 5 MINUTES SIGNAL,sanction_announced,5,1,,,other
5279,2021-emi,Race,2021-04-18 07:05:21-07:00,34.0,TURN 2 INCIDENT INVOLVING CAR 77 (BOT) AND CAR 63 (RUS) WILL BE INVESTIGATED AFTER THE RACE,post_session_investigation,63|77,2,Turn 2,,other
5307,2021-emi,Race,2021-04-18 07:54:32-07:00,55.0,INCIDENT INVOLVING CAR 7 (RAI) WILL BE INVESTIGATED AFTER THE RACE - ROLLING START PROCEDURE INFRINGEMENT,post_session_investigation,7,1,,,other
5308,2021-emi,Race,2021-04-18 07:54:50-07:00,55.0,5 SECOND TIME PENALTY FOR CAR 22 (TSU) - TRACK LIMITS,sanction_announced,22,1,,,track_limits
5323,2021-esp,Race,2021-05-09 06:08:22-07:00,4.0,INCIDENT INVOLVING CAR 10 (GAS) UNDER INVESTIGATION - OUT OF POSITION AT THE START,investigation,10,1,,,other
5333,2021-esp,Race,2021-05-09 06:20:07-07:00,11.0,5 SECOND TIME PENALTY FOR CAR 10 (GAS) - OUT OF POSITION AT THE START,sanction_announced,10,1,,,other
5384,2021-esp,Race,2021-05-09 07:30:16-07:00,62.0,TURN 1 INCIDENT INVOLVING CARS 14 (ALO) AND 18 (STR) UNDER INVESTIGATION,investigation,14|18,2,Turn 1,,other
5403,2021-fra,Race,2021-06-20 06:04:50-07:00,1.0,TURN 2 INCIDENT INVOLVING CAR 33 (VER) NOTED - NO INVESTIGATION NECESSARY,no_investigation,33,1,Turn 2,,other
5413,2021-fra,Race,2021-06-20 06:52:18-07:00,30.0,TURN 11 INCIDENT INVOLVING CARS 4 (NOR) AND 10 (GAS) NOTED ,noted,4|10,2,Turn 11,,other
5414,2021-fra,Race,2021-06-20 06:54:19-07:00,31.0,TURN 11 INCIDENT INVOLVING CARS 4 (NOR) AND 10 (GAS) - NO INVESTIGATION NECESSARY,no_investigation,4|10,2,Turn 11,,other
5436,2021-fra,Race,2021-06-20 07:25:38-07:00,50.0,TURN 11 INCIDENT INVOLVING CARS 11 (PER) AND 77 (BOT) NOTED,noted,11|77,2,Turn 11,,other
5438,2021-fra,Race,2021-06-20 07:27:35-07:00,51.0,TURN 11 INCIDENT INVOLVING CARS 11 (PER) AND 77 (BOT) UNDER INVESTIGATION,investigation,11|77,2,Turn 11,,other
5445,2021-fra,Race,2021-06-20 07:32:08-07:00,53.0,TURN 11 INCIDENT INVOLVING CARS 11 (PER) AND 77 (BOT) - NO FURTHER ACTION,no_further_action,11|77,2,Turn 11,,other
5463,2021-gbr,Race,2021-07-18 07:14:50-07:00,3.0,TURN 9 INCIDENT INVOLVING CARS 33 (VER) AND 44 (HAM) UNDER INVESTIGATION - CAUSING A COLLISION,investigation,33|44,2,Turn 9,,causing_collision
5471,2021-gbr,Race,2021-07-18 07:47:56-07:00,5.0,10 SECOND TIME PENALTY FOR CAR 44 (HAM) - CAUSING A COLLISION,sanction_announced,44,1,,,causing_collision
5502,2021-gbr,Race,2021-07-18 08:55:57-07:00,49.0,TURN 17 INCIDENT INVOLVING CARS 7 (RAI) AND 11 (PER) NOTED,noted,7|11,2,Turn 17,,other
5505,2021-gbr,Race,2021-07-18 08:57:03-07:00,49.0,TURN 17 INCIDENT INVOLVING CARS 7 (RAI) AND 11 (PER) WILL BE INVESTIGATED AFTER THE RACE,post_session_investigation,7|11,2,Turn 17,,other
5526,2021-gbr,Sprint,2021-07-17 08:37:58-07:00,3.0,TURN 3 INCIDENT INVOLVING CARS 9 (MAZ) AND 47 (MSC) NOTED - NO INVESTIGATION NECESSARY,no_investigation,9|47,2,Turn 3,,other
5527,2021-gbr,Sprint,2021-07-17 08:38:34-07:00,4.0,TURN 6 INCIDENT INVOLVING CARS 63 (RUS) AND 55 (SAI) NOTED,noted,55|63,2,Turn 6,,other
5529,2021-gbr,Sprint,2021-07-17 08:42:07-07:00,6.0,TURN 6 INCIDENT INVOLVING CARS 63 (RUS) AND 55 (SAI) UNDER INVESTIGATION - CAUSING A COLLISION,investigation,55|63,2,Turn 6,,causing_collision
5531,2021-gbr,Sprint,2021-07-17 08:44:41-07:00,8.0,TURN 6 INCIDENT INVOLVING CARS 63 (RUS) AND 55 (SAI) - WILL BE INVESTIGATED AFTER THE SESSION,post_session_investigation,55|63,2,Turn 6,,other
5561,2021-hun,Race,2021-08-01 06:12:57-07:00,3.0,TURN 1 INCIDENTS UNDER INVESTIGATION,investigation,,0,Turn 1,,other
5567,2021-hun,Race,2021-08-01 06:38:57-07:00,6.0,PIT LANE INCIDENT INVOLVING CAR 63 (RUS) NOTED - NO INVESTIGATION NECESSARY,no_investigation,63,1,Pit Lane,,other
5569,2021-hun,Race,2021-08-01 06:40:47-07:00,7.0,PIT LANE INCIDENT INVOLVING CARS 7 (RAI) AND 9 (MAZ) NOTED - UNSAFE RELEASE,noted,7|9,2,Pit Lane,,unsafe_release
5570,2021-hun,Race,2021-08-01 06:41:30-07:00,8.0,PIT LANE INCIDENT INVOLVING CARS 7 (RAI) AND 9 (MAZ) UNDER INVESTIGATION - UNSAFE RELEASE,investigation,7|9,2,Pit Lane,,unsafe_release
5571,2021-hun,Race,2021-08-01 06:43:36-07:00,9.0,PIT LANE INCIDENT INVOLVING CARS 22 (TSU) AND 55 (SAI) NOTED - UNSAFE RELEASE,noted,22|55,2,Pit Lane,,unsafe_release
5572,2021-hun,Race,2021-08-01 06:44:16-07:00,10.0,10 SECOND STOP/GO PENALTY FOR CAR 99 (GIO) - SPEEDING IN THE PIT LANE,sanction_announced,99,1,Pit Lane,,other
5574,2021-hun,Race,2021-08-01 06:46:36-07:00,12.0,PIT LANE INCIDENT INVOLVING CARS 22 (TSU) AND 55 (SAI) NO INVESTIGATION NECESSARY - UNSAFE RELEASE,no_investigation,22|55,2,Pit Lane,,unsafe_release
5575,2021-hun,Race,2021-08-01 06:50:18-07:00,14.0,10 SECOND TIME PENALTY FOR CAR 7 (RAI) - UNSAFE RELEASE,sanction_announced,7,1,,,unsafe_release
5576,2021-hun,Race,2021-08-01 06:51:12-07:00,15.0,TURN 1 INCIDENT INVOLVING CARS 33 (VER) AND 47 (MSC) NOTED,noted,33|47,2,Turn 1,,other
5577,2021-hun,Race,2021-08-01 06:51:22-07:00,15.0,TURN 1 INCIDENT INVOLVING CARS 33 (VER) AND 47 (MSC) NO INVESTIGATION NECESSARY,no_investigation,33|47,2,Turn 1,,other
5626,2021-ita,Race,2021-09-12 06:08:13-07:00,4.0,TURN 5 INCIDENT INVOLVING CARS 14 (ALO) 31 AND 6 (LAT) NOTED,noted,6|14,2,Turn 5,,other
5628,2021-ita,Race,2021-09-12 06:09:57-07:00,5.0,TURN 4 INCIDENT INVOLVING CARS 44 (HAM) AND 33 (VER) - NO INVESTIGATION NECESSARY,no_investigation,33|44,2,Turn 4,,other
5629,2021-ita,Race,2021-09-12 06:10:38-07:00,5.0,TURN 5 INCIDENT INVOLVING CARS 99 (GIO) AND 55 (SAI) UNDER INVESTIGATION,investigation,55|99,2,Turn 5,,other
5632,2021-ita,Race,2021-09-12 06:13:30-07:00,7.0,5 SECOND TIME PENALTY FOR CAR 99 (GIO) - UNSAFE REJOIN,sanction_announced,99,1,,,unsafe_rejoin
5633,2021-ita,Race,2021-09-12 06:14:35-07:00,8.0,TURN 5 INCIDENT INVOLVING CARS 14 (ALO) 31 AND 6 (LAT) NO INVESTIGATION NECESSARY,no_investigation,6|14,2,Turn 5,,other
5636,2021-ita,Race,2021-09-12 06:25:32-07:00,16.0,TURN 4 INCIDENT INVOLVING CARS 5 (VET) AND 31 (OCO) NOTED,noted,5|31,2,Turn 4,,other
5637,2021-ita,Race,2021-09-12 06:25:48-07:00,16.0,TURN 4 INCIDENT INVOLVING CARS 5 (VET) AND 31 (OCO) UNDER INVESTIGATION,investigation,5|31,2,Turn 4,,other
5638,2021-ita,Race,2021-09-12 06:32:00-07:00,20.0,5 SECOND TIME PENALTY FOR CAR 31 (OCO) - CAUSING A COLLISION AT TURN 4,sanction_announced,31,1,Turn 4,,causing_collision
5641,2021-ita,Race,2021-09-12 06:34:11-07:00,22.0,TURN 2 INCIDENT INVOLVING CAR 33 (VER) - NOTED,noted,33,1,Turn 2,,other
5642,2021-ita,Race,2021-09-12 06:35:26-07:00,23.0,TURN 2 INCIDENT INVOLVING CAR 33 (VER) - NO INVESTIGATION NECESSARY,no_investigation,33,1,Turn 2,,other
5647,2021-ita,Race,2021-09-12 06:45:03-07:00,28.0,TURN 2 INCIDENT INVOLVING CARS 44 (HAM) AND 33 (VER) - WILL BE INVESTIGATED AFTER THE RACE,post_session_investigation,33|44,2,Turn 2,,other
5658,2021-ita,Race,2021-09-12 06:55:27-07:00,33.0,TURN 5 INCIDENT INVOLVING CAR 16 (LEC) NOTED,noted,16,1,Turn 5,,other
5660,2021-ita,Race,2021-09-12 06:56:13-07:00,33.0,TURN 4 INCIDENT INVOLVING CARS 47 (MSC) AND 9 (MAZ) NOTED,noted,9|47,2,Turn 4,,other
5661,2021-ita,Race,2021-09-12 06:56:57-07:00,34.0,TURN 1 INCIDENT INVOLVING CARS 5 (VET) 99 AND 47 (MSC) NOTED,noted,5|47,2,Turn 1,,other
5664,2021-ita,Race,2021-09-12 07:01:36-07:00,37.0,5 SECOND TIME PENALTY FOR CAR 11 (PER) - LEAVING THE TRACK AND GAINING AN ADVANTAGE AT TURN 5,sanction_announced,11,1,Turn 5,,gaining_advantage_off_track
5665,2021-ita,Race,2021-09-12 07:04:47-07:00,39.0,5 SECOND TIME PENALTY FOR CAR 9 (MAZ) - CAUSING A COLLISION AT TURN 4,sanction_announced,9,1,Turn 4,,causing_collision
5683,2021-ita,Race,2021-09-12 07:13:04-07:00,45.0,TURN 1 INCIDENT INVOLVING CARS 5 (VET) 99 AND 47 (MSC) - NO FURTHER ACTION,no_further_action,5|47,2,Turn 1,,other
5691,2021-ita,Race,2021-09-12 07:21:51-07:00,51.0,INCIDENT INVOLVING CAR 18 (STR) UNDER INVESTIGATION - ALLEDGEDLY FAILING TO SLOW UNDER YELLOW FLAGS,investigation,18,1,,,other
5706,2021-ita,Sprint,2021-09-11 07:36:24-07:00,2.0,TURN 1 INCIDENT INVOLVING CAR 10 (GAS) NOTED ,noted,10,1,Turn 1,,other
5707,2021-ita,Sprint,2021-09-11 07:39:19-07:00,3.0,TURN 5 INCIDENT INVOLVING CAR 22 (TSU) NOTED,noted,22,1,Turn 5,,other
5711,2021-ita,Sprint,2021-09-11 07:41:34-07:00,4.0,TURN 1 INCIDENT INVOLVING CAR 10 (GAS) NO INVESTIGATION NECESSARY ,no_investigation,10,1,Turn 1,,other
5712,2021-ita,Sprint,2021-09-11 07:41:42-07:00,4.0,TURN 5 INCIDENT INVOLVING CAR 22 (TSU) NO INVESTIGATION NECESSARY,no_investigation,22,1,Turn 5,,other
5716,2021-ita,Sprint,2021-09-11 07:49:02-07:00,10.0,TURN 1 INCIDENT INVOLVING CARS 11 (PER) AND 5 (VET) NOTED,noted,5|11,2,Turn 1,,other
5717,2021-ita,Sprint,2021-09-11 07:52:05-07:00,12.0,CORRECTION - TURN 1 INCIDENT INVOLVING CARS 11 (PER) AND 18 (STR) NOTED,noted,11|18,2,Turn 1,,other
5718,2021-ita,Sprint,2021-09-11 07:55:34-07:00,14.0,TURN 1 INCIDENT INVOLVING CARS 11 (PER) AND 18 (STR) UNDER INVESTIGATION,investigation,11|18,2,Turn 1,,other
5719,2021-ita,Sprint,2021-09-11 07:59:35-07:00,17.0,TURN 1 INCIDENT INVOLVING CARS 11 (PER) AND 18 (STR) - NO FURTHER ACTION,no_further_action,11|18,2,Turn 1,,other
5820,2021-mco,Race,2021-05-23 07:21:52-07:00,63.0,CAR 18 (STR) UNDER INVESTIGATION - FAILING TO KEEP TO THE RIGHT OF THE LINE AT PIT EXIT,investigation,18,1,Pit Lane,,other
5830,2021-mco,Race,2021-05-23 07:27:40-07:00,67.0,CAR 18 (STR) - NO FURTHER ACTION,no_further_action,18,1,,,other
5851,2021-mex,Race,2021-11-07 11:06:55-08:00,2.0,LAP 1 TURNS 1-2 INCIDENT NOTED,noted,,0,Turn 1-2,1.0,other
5855,2021-mex,Race,2021-11-07 11:14:11-08:00,7.0,TURN 7 INCIDENT INVOLVING CARS 3 (RIC) AND 18 (STR) NOTED,noted,3|18,2,Turn 7,,other
5857,2021-mex,Race,2021-11-07 11:15:02-08:00,7.0,LAP 1 TURNS 1-2 INCIDENT NO INVESTIGATION NECESSARY,no_investigation,,0,Turn 1-2,1.0,other
5858,2021-mex,Race,2021-11-07 11:17:11-08:00,9.0,TURN 7 INCIDENT INVOLVING CARS 3 (RIC) AND 18 (STR) NO INVESTIGATION NECESSARY,no_investigation,3|18,2,Turn 7,,other
5986,2021-ned,Race,2021-09-05 06:45:04-07:00,34.0,5 SECOND TIME PENALTY FOR CAR 63 (RUS) - SPEEDING IN THE PIT LANE,sanction_announced,63,1,Pit Lane,,other
6054,2021-ned,Race,2021-09-05 07:27:24-07:00,68.0,TURN 1 INCIDENT INVOLVING CARS 4 (NOR) AND 11 (PER) NOTED ,noted,4|11,2,Turn 1,,other
6092,2021-por,Race,2021-05-02 07:21:52-07:00,11.0,MAIN STRAIGHT INCIDENT INVOLVING CARS 7 (RAI) AND 99 (GIO) NOTED - NO INVESTIGATION NECESSARY,no_investigation,7|99,2,,,other
6128,2021-por,Race,2021-05-02 08:13:21-07:00,49.0,TURN 3 INCIDENT INVOLVING CARS 9 (MAZ) AND 11 (PER) UNDER INVESTIGATION -IGNORING BLUE FLAGS,investigation,9|11,2,Turn 3,,blue_flags
6129,2021-por,Race,2021-05-02 08:17:16-07:00,52.0,5 SECOND TIME PENALTY FOR CAR 9 (MAZ) - IGNORING BLUE FLAGS,sanction_announced,9,1,,,blue_flags
6263,2021-rus,Race,2021-09-26 05:04:23-07:00,1.0,TURN 2 INCIDENT NOTED,noted,,0,Turn 2,,other
6270,2021-rus,Race,2021-09-26 05:07:56-07:00,3.0,TURN 2 INCIDENT NO INVESTIGATION NECESSARY,no_investigation,,0,Turn 2,,other
6271,2021-rus,Race,2021-09-26 05:09:55-07:00,4.0,TURN 2 INCIDENT INVOLVING CAR 47 (MSC) NOTED ,noted,47,1,Turn 2,,other
6273,2021-rus,Race,2021-09-26 05:13:02-07:00,6.0,TURN 2 INCIDENT INVOLVING CAR 47 (MSC) NO INVESTIGATION NECESSARY ,no_investigation,47,1,Turn 2,,other
6275,2021-rus,Race,2021-09-26 05:35:43-07:00,19.0,TURN 2 INCIDENT INVOLVING CAR 63 (RUS) NOTED,noted,63,1,Turn 2,,other
6277,2021-rus,Race,2021-09-26 05:39:15-07:00,21.0,TURN 2 INCIDENT INVOLVING CAR 63 (RUS) NO INVESTIGATION NECESSARY,no_investigation,63,1,Turn 2,,other
6331,2021-rus,Race,2021-09-26 06:29:27-07:00,51.0,TURN 9 INCIDENT INVOLVING CARS 18 (STR) AND 10 (GAS) NOTED,noted,10|18,2,Turn 9,,other
6349,2021-rus,Race,2021-09-26 06:32:50-07:00,53.0,TURN 9 INCIDENT INVOLVING CARS 18 (STR) AND 10 (GAS) - WILL BE INVESTIGATED AFTER THE RACE,post_session_investigation,10|18,2,Turn 9,,other
6350,2021-rus,Race,2021-09-26 06:33:39-07:00,53.0,PIT ENTRY INCIDENT INVOLVING CAR 4 (NOR) - WILL BE INVESTIGATED AFTER THE RACE,post_session_investigation,4,1,Pit Lane,,other
6361,2021-sao,Race,2021-11-14 09:04:28-08:00,2.0,TURN 1 INCIDENT NOTED ,noted,,0,Turn 1,,other
6363,2021-sao,Race,2021-11-14 09:06:00-08:00,3.0,TURN 1 INCIDENT NO INVESTIGATION NECESSARY ,no_investigation,,0,Turn 1,,other
6372,2021-sao,Race,2021-11-14 09:18:27-08:00,10.0,TURN 1 INCIDENT INVOLVING CARS 22 (TSU) AND 18 (STR) UNDER INVESTIGATION,investigation,18|22,2,Turn 1,,other
6384,2021-sao,Race,2021-11-14 09:24:58-08:00,15.0,10 SECOND TIME PENALTY FOR CAR 22 (TSU) - CAUSING A COLLISION,sanction_announced,22,1,,,causing_collision
6386,2021-sao,Race,2021-11-14 09:25:44-08:00,16.0,TURN 2 INCIDENT INVOLVING CARS 7 (RAI) AND 47 (MSC) NOTED,noted,7|47,2,Turn 2,,other
6387,2021-sao,Race,2021-11-14 09:26:58-08:00,17.0,TURN 2 INCIDENT INVOLVING CARS 7 (RAI) AND 47 (MSC) NO INVESTIGATION NECESSARY,no_investigation,7|47,2,Turn 2,,other
6430,2021-sao,Race,2021-11-14 10:07:03-08:00,48.0,TURN 4 INCIDENT INVOLVING CARS 33 (VER) AND 44 (HAM) NOTED,noted,33|44,2,Turn 4,,other
6438,2021-sao,Race,2021-11-14 10:12:14-08:00,53.0,TURN 4 INCIDENT INVOLVING CARS 33 (VER) AND 44 (HAM) NO INVESTIGATION NECESSARY,no_investigation,33|44,2,Turn 4,,other
6492,2021-sao,Sprint,2021-11-13 11:35:54-08:00,3.0,TURN 1 INCIDENT INVOLVING CARS 7 (RAI) AND 99 (GIO) NOTED,noted,7|99,2,Turn 1,,other
6493,2021-sao,Sprint,2021-11-13 11:37:55-08:00,4.0,TURN 1 INCIDENT INVOLVING CARS 7 (RAI) AND 99 (GIO) NO INVESTIGATION NECESSARY,no_investigation,7|99,2,Turn 1,,other
6514,2021-sau,Race,2021-12-05 09:36:21-08:00,2.0,TURN 7 INCIDENT INVOLVING CARS 18 (STR) AND 63 (RUS) NOTED,noted,18|63,2,Turn 7,,other
6516,2021-sau,Race,2021-12-05 09:39:01-08:00,4.0,TURN 7 INCIDENT INVOLVING CARS 18 (STR) AND 63 (RUS) NO INVESTIGATION NECESSARY,no_investigation,18|63,2,Turn 7,,other
6517,2021-sau,Race,2021-12-05 09:41:37-08:00,6.0,START INCIDENT INVOLVING CARS 31 (OCO) AND 22 (TSU) NOTED,noted,22|31,2,,,other
6519,2021-sau,Race,2021-12-05 09:44:56-08:00,8.0,START INCIDENT INVOLVING CARS 31 (OCO) AND 22 (TSU) NO INVESTIGATION NECESSARY,no_investigation,22|31,2,,,other
6536,2021-sau,Race,2021-12-05 10:42:49-08:00,16.0,TURN 3 INCIDENT NOTED,noted,,0,Turn 3,,other
6537,2021-sau,Race,2021-12-05 10:48:41-08:00,19.0,TURN 3 INCIDENT WILL BE INVESTIGATED AFTER THE RACE,post_session_investigation,,0,Turn 3,,other
6546,2021-sau,Race,2021-12-05 10:59:10-08:00,25.0,TURN 2 INCIDENT INVOLVING CARS 5 (VET) AND 22 (TSU) NOTED - CAUSING A COLLISION,noted,5|22,2,Turn 2,,causing_collision
6547,2021-sau,Race,2021-12-05 10:59:28-08:00,26.0,TURN 2 INCIDENT INVOLVING CARS 5 (VET) AND 22 (TSU) UNDER INVESTIGATION - CAUSING A COLLISION,investigation,5|22,2,Turn 2,,causing_collision
6548,2021-sau,Race,2021-12-05 11:00:24-08:00,26.0,5 SECOND TIME PENALTY FOR CAR 22 (TSU) - CAUSING A COLLISION,sanction_announced,22,1,,,causing_collision
6572,2021-sau,Race,2021-12-05 11:12:26-08:00,33.0,TURN 4 INCIDENT INVOLVING CARS 5 (VET) AND 7 (RAI) NOTED,noted,5|7,2,Turn 4,,other
6584,2021-sau,Race,2021-12-05 11:19:00-08:00,37.0,TURN 1 INCIDENT INVOLVING CARS 33 (VER) AND 44 (HAM) NOTED,noted,33|44,2,Turn 1,,other
6585,2021-sau,Race,2021-12-05 11:20:39-08:00,38.0,TURN 25 INCIDENT INVOLVING CARS 44 (HAM) AND 33 (VER) NOTED,noted,33|44,2,Turn 25,,other
6586,2021-sau,Race,2021-12-05 11:20:49-08:00,38.0,TURN 25 INCIDENT INVOLVING CARS 44 (HAM) AND 33 (VER) UNDER INVESTIGATION,investigation,33|44,2,Turn 25,,other
6587,2021-sau,Race,2021-12-05 11:27:46-08:00,43.0,5 SECOND TIME PENALTY FOR CAR 33 (VER) - LEAVING THE TRACK AND GAINING AN ADVANTAGE,sanction_announced,33,1,,,gaining_advantage_off_track
6588,2021-sau,Race,2021-12-05 11:28:21-08:00,43.0,TURN 27 INCIDENT INVOLVING CARS 44 (HAM) AND 33 (VER) - WILL BE INVESTIGATED AFTER THE RACE,post_session_investigation,33|44,2,Turn 27,,other
6589,2021-sau,Race,2021-12-05 11:29:52-08:00,44.0,TURN 4 INCIDENT INVOLVING CARS 5 (VET) AND 7 (RAI) NO INVESTIGATION NECESSARY,no_investigation,5|7,2,Turn 4,,other
6609,2021-sty,Race,2021-06-27 06:09:00-07:00,6.0,TURN 3 INCIDENT LAP 1 NOTED - NO INVESTIGATION NECESSARY,no_investigation,,0,Turn 3,,other
6714,2021-tur,Race,2021-10-10 05:03:59-07:00,1.0,TURN 1 INCIDENT NOTED,noted,,0,Turn 1,,other
6723,2021-tur,Race,2021-10-10 05:07:14-07:00,3.0,TURN 4 INCIDENT INVOLVING CAR 47 (MSC) NOTED ,noted,47,1,Turn 4,,other
6724,2021-tur,Race,2021-10-10 05:09:33-07:00,4.0,TURN 1 INCIDENT INVOLVING CARS 14 (ALO) AND 10 (GAS) UNDER INVESTIGATION - CAUSING A COLLISION,investigation,10|14,2,Turn 1,,causing_collision
6725,2021-tur,Race,2021-10-10 05:10:38-07:00,5.0,TURN 4 INCIDENT INVOLVING CARS 14 (ALO) AND 47 (MSC) NOTED,noted,14|47,2,Turn 4,,other
6726,2021-tur,Race,2021-10-10 05:11:57-07:00,6.0,TURN 4 INCIDENT INVOLVING CARS 14 (ALO) AND 47 (MSC) UNDER INVESTIGATION - CAUSING A COLLISION,investigation,14|47,2,Turn 4,,causing_collision
6727,2021-tur,Race,2021-10-10 05:15:01-07:00,8.0,5 SECOND TIME PENALTY FOR CAR 10 (GAS) - CAUSING A COLLISION,sanction_announced,10,1,,,causing_collision
6728,2021-tur,Race,2021-10-10 05:17:08-07:00,9.0,5 SECOND TIME PENALTY FOR CAR 14 (ALO) - CAUSING A COLLISION,sanction_announced,14,1,,,causing_collision
6729,2021-tur,Race,2021-10-10 05:25:09-07:00,14.0,TURN 12 INCIDENT INVOLVING CARS 55 (SAI) AND 5 (VET) NOTED,noted,5|55,2,Turn 12,,other
6730,2021-tur,Race,2021-10-10 05:26:38-07:00,15.0,TURN 12 INCIDENT INVOLVING CARS 55 (SAI) AND 5 (VET) - NO INVESTIGATION NECESSARY,no_investigation,5|55,2,Turn 12,,other
6810,2021-usa,Race,2021-10-24 12:04:19-07:00,1.0,TURN 1 INCIDENT NOTED,noted,,0,Turn 1,,other
6812,2021-usa,Race,2021-10-24 12:07:45-07:00,3.0,TURN 1 INCIDENT NO INVESTIGATION NECESSARY,no_investigation,,0,Turn 1,,other
6821,2021-usa,Race,2021-10-24 12:31:10-07:00,17.0,TURN 1 INCIDENT INVOLVING CARS 14 (ALO) AND 7 (RAI) NOTED,noted,7|14,2,Turn 1,,other
6823,2021-usa,Race,2021-10-24 12:34:14-07:00,18.0,TURN 1 INCIDENT INVOLVING CARS 14 (ALO) AND 7 (RAI) NO INVESTIGATION NECESSARY,no_investigation,7|14,2,Turn 1,,other
6826,2021-usa,Race,2021-10-24 12:39:39-07:00,22.0,TURN 12 INCIDENT INVOLVING CARS 14 (ALO) AND 99 (GIO) NOTED,noted,14|99,2,Turn 12,,other
6831,2021-usa,Race,2021-10-24 12:46:37-07:00,26.0,TURN 12 INCIDENT INVOLVING CARS 99 (GIO) AND 14 (ALO) NOTED ,noted,14|99,2,Turn 12,,other
6845,2021-usa,Race,2021-10-24 12:52:01-07:00,29.0,TURN 12 INCIDENT INVOLVING CARS 99 (GIO) AND 14 (ALO) NO INVESTIGATION NECESSARY ,no_investigation,14|99,2,Turn 12,,other
6912,2022-abu,Race,2022-11-20 05:04:49-08:00,2.0,TURN 6 INCIDENT INVOLVING CARS 44 (HAM) AND 55 (SAI) NOTED - FORCING ANOTHER DRIVER OFF THE TRACK,noted,44|55,2,Turn 6,,forcing_off_track
6915,2022-abu,Race,2022-11-20 05:07:01-08:00,3.0,TURN 6 INCIDENT INVOLVING CAR 44 (HAM) NOTED - LEAVING THE TRACK AND GAINING AN ADVANTAGE,noted,44,1,Turn 6,,gaining_advantage_off_track
6916,2022-abu,Race,2022-11-20 05:07:13-08:00,3.0,FIA STEWARDS: TURN 6 INCIDENT INVOLVING CAR 44 (HAM) UNDER INVESTIGATION - LEAVING THE TRACK AND GAINING AN ADVANTAGE,investigation,44,1,Turn 6,,gaining_advantage_off_track
6918,2022-abu,Race,2022-11-20 05:10:01-08:00,5.0,FIA STEWARDS: TURN 6 INCIDENT INVOLVING CAR 44 (HAM) NO FURTHER ACTION - LEAVING THE TRACK AND GAINING AN ADVANTAGE,no_further_action,44,1,Turn 6,,gaining_advantage_off_track
6929,2022-abu,Race,2022-11-20 05:28:52-08:00,17.0,PIT LANE INCIDENT INVOLVING CAR 63 (RUS) NOTED - UNSAFE RELEASE,noted,63,1,Pit Lane,,unsafe_release
6931,2022-abu,Race,2022-11-20 05:30:45-08:00,19.0,FIA STEWARDS: PIT LANE INCIDENT INVOLVING CAR 63 (RUS) UNDER INVESTIGATION - UNSAFE RELEASE,investigation,63,1,Pit Lane,,unsafe_release
6934,2022-abu,Race,2022-11-20 05:34:27-08:00,21.0,FIA STEWARDS: 5 SECOND TIME PENALTY FOR CAR 63 (RUS) - UNSAFE RELEASE,sanction_announced,63,1,,,unsafe_release
6947,2022-abu,Race,2022-11-20 06:02:22-08:00,39.0,TURN 5 INCIDENT INVOLVING CARS 47 (MSC) AND 6 (LAT) NOTED - CAUSING A COLLISION,noted,6|47,2,Turn 5,,causing_collision
6950,2022-abu,Race,2022-11-20 06:02:47-08:00,40.0,FIA STEWARDS: TURN 5 INCIDENT INVOLVING CARS 47 (MSC) AND 6 (LAT) UNDER INVESTIGATION - CAUSING A COLLISION,investigation,6|47,2,Turn 5,,causing_collision
6952,2022-abu,Race,2022-11-20 06:05:20-08:00,41.0,FIA STEWARDS: 5 SECOND TIME PENALTY FOR CAR 47 (MSC) - CAUSING A COLLISION,sanction_announced,47,1,,,causing_collision
6955,2022-abu,Race,2022-11-20 06:10:25-08:00,45.0,TURN 9 INCIDENT INVOLVING CARS 18 (STR) AND 24 (ZHO) NOTED - FORCING ANOTHER DRIVER OFF THE TRACK,noted,18|24,2,Turn 9,,forcing_off_track
7022,2022-aus,Race,2022-04-09 22:49:13-07:00,28.0,INCIDENT INVOLVING CARS 47 (MSC) AND 22 (TSU) AND 10 (GAS) NOTED - SAFETY CAR INFRINGEMENT,noted,10|22|47,3,,,other
7024,2022-aus,Race,2022-04-09 22:58:59-07:00,35.0,FIA STEWARDS: INCIDENT INVOLVING CARS 47 (MSC) AND 22 (TSU) AND 10 (GAS) WILL BE INVESTIGATED AFTER THE RACE - SAFETY CAR INFRINGEMENT,post_session_investigation,10|22|47,3,,,other
7025,2022-aus,Race,2022-04-09 23:03:06-07:00,38.0,TURN 1 INCIDENT INVOLVING CAR 18 (STR) NOTED - WEAVING ON STRAIGHT,noted,18,1,Turn 1,,other
7030,2022-aus,Race,2022-04-09 23:09:26-07:00,43.0,TURN 3 INCIDENT INVOLVING CARS 18 (STR) AND 77 (BOT) NOTED - FORCING ANOTHER DRIVER OFF THE TRACK,noted,18|77,2,Turn 3,,forcing_off_track
7031,2022-aus,Race,2022-04-09 23:09:45-07:00,43.0,FIA STEWARDS: 5 SECOND TIME PENALTY FOR CAR 18 (STR) - WEAVING ON STRAIGHT,sanction_announced,18,1,,,other
7035,2022-aus,Race,2022-04-09 23:24:57-07:00,54.0,TURN 4 INCIDENT INVOLVING CARS 14 (ALO) AND 20 (MAG) NOTED - FORCING ANOTHER DRIVER OFF THE TRACK,noted,14|20,2,Turn 4,,forcing_off_track
7041,2022-aus,Race,2022-04-09 23:28:09-07:00,56.0,FIA STEWARDS: TURN 4 INCIDENT INVOLVING CARS 14 (ALO) AND 20 (MAG) WILL BE INVESTIGATED AFTER THE RACE - FORCING ANOTHER DRIVER OFF THE TRACK,post_session_investigation,14|20,2,Turn 4,,forcing_off_track
7063,2022-aut,Race,2022-07-10 06:03:47-07:00,1.0,INCIDENT INVOLVING CARS 22 (TSU) AND 23 (ALB) NOTED - STARTING PROCEDURE INFRINGEMENT,noted,22|23,2,,,other
7065,2022-aut,Race,2022-07-10 06:05:41-07:00,3.0,TURN 4 INCIDENT INVOLVING CARS 63 (RUS) AND 11 (PER) NOTED - CAUSING A COLLISION,noted,11|63,2,Turn 4,,causing_collision
7074,2022-aut,Race,2022-07-10 06:14:33-07:00,10.0,FIA STEWARDS: 5 SECOND TIME PENALTY FOR CAR 63 (RUS) - CAUSING A COLLISION,sanction_announced,63,1,,,causing_collision
7123,2022-aut,Race,2022-07-10 06:40:58-07:00,32.0,INCIDENT INVOLVING CAR 10 (GAS) NOTED - TRACK LIMITS,noted,10,1,,,track_limits
7124,2022-aut,Race,2022-07-10 06:41:10-07:00,32.0,FIA STEWARDS: 5 SECOND TIME PENALTY FOR CAR 10 (GAS) - TRACK LIMITS,sanction_announced,10,1,,,track_limits
7130,2022-aut,Race,2022-07-10 06:43:16-07:00,34.0,INCIDENT INVOLVING CAR 4 (NOR) NOTED - TRACK LIMITS,noted,4,1,,,track_limits
7131,2022-aut,Race,2022-07-10 06:43:28-07:00,34.0,FIA STEWARDS: 5 SECOND TIME PENALTY FOR CAR 4 (NOR) - TRACK LIMITS,sanction_announced,4,1,,,track_limits
7132,2022-aut,Race,2022-07-10 06:45:09-07:00,36.0,TURN 3 INCIDENT INVOLVING CARS 14 (ALO) AND 22 (TSU) NOTED - FORCING ANOTHER DRIVER OFF THE TRACK,noted,14|22,2,Turn 3,,forcing_off_track
7141,2022-aut,Race,2022-07-10 06:49:06-07:00,39.0,INCIDENT INVOLVING CAR 24 (ZHO) NOTED - TRACK LIMITS,noted,24,1,,,track_limits
7142,2022-aut,Race,2022-07-10 06:49:18-07:00,39.0,FIA STEWARDS: 5 SECOND TIME PENALTY FOR CAR 24 (ZHO) - TRACK LIMITS,sanction_announced,24,1,,,track_limits
7155,2022-aut,Race,2022-07-10 06:51:48-07:00,42.0,TURN 4 INCIDENT INVOLVING CARS 5 (VET) AND 10 (GAS) NOTED - CAUSING A COLLISION,noted,5|10,2,Turn 4,,causing_collision
7156,2022-aut,Race,2022-07-10 06:51:55-07:00,42.0,FIA STEWARDS: TURN 4 INCIDENT INVOLVING CARS 5 (VET) AND 10 (GAS) UNDER INVESTIGATION - CAUSING A COLLISION,investigation,5|10,2,Turn 4,,causing_collision
7157,2022-aut,Race,2022-07-10 06:52:11-07:00,42.0,FIA STEWARDS: 5 SECOND TIME PENALTY FOR CAR 10 (GAS) - CAUSING A COLLISION,sanction_announced,10,1,,,causing_collision
7174,2022-aut,Race,2022-07-10 07:03:59-07:00,52.0,INCIDENT INVOLVING CAR 10 (GAS) NOTED - FAILING TO SERVE THE TIME PENALTY,sanction_announced,10,1,,,other
7181,2022-aut,Race,2022-07-10 07:06:58-07:00,54.0,FIA STEWARDS: INCIDENT INVOLVING CAR 10 (GAS) REVIEWED NO FURTHER INVESTIGATION - FAILING TO SERVE THE TIME PENALTY,sanction_announced,10,1,,,other
7215,2022-aut,Race,2022-07-10 07:23:27-07:00,68.0,PIT LANE INCIDENT INVOLVING CAR 14 (ALO) NOTED - RELEASE IN UNSAFE CONDITION,noted,14,1,Pit Lane,,other
7217,2022-aut,Race,2022-07-10 07:23:46-07:00,68.0,FIA STEWARDS: PIT LANE INCIDENT INVOLVING CAR 14 (ALO) WILL BE INVESTIGATED AFTER THE RACE - RELEASE IN UNSAFE CONDITION,post_session_investigation,14,1,Pit Lane,,other
7223,2022-aut,Race,2022-07-10 07:28:38-07:00,71.0,INCIDENT INVOLVING CAR 5 (VET) NOTED - TRACK LIMITS,noted,5,1,,,track_limits
7224,2022-aut,Race,2022-07-10 07:29:21-07:00,71.0,FIA STEWARDS: 5 SECOND TIME PENALTY FOR CAR 5 (VET) - TRACK LIMITS,sanction_announced,5,1,,,track_limits
7234,2022-aut,Sprint,2022-07-09 07:36:36-07:00,1.0,TURN 1 INCIDENT INVOLVING CAR 10 (GAS) NOTED,noted,10,1,Turn 1,,other
7238,2022-aut,Sprint,2022-07-09 07:40:56-07:00,5.0,TURN 3 INCIDENT INVOLVING CARS 23 (ALB) AND 4 (NOR) NOTED - FORCING ANOTHER DRIVER OFF THE TRACK,noted,4|23,2,Turn 3,,forcing_off_track
7241,2022-aut,Sprint,2022-07-09 07:44:51-07:00,8.0,FIA STEWARDS: 5 SECOND TIME PENALTY FOR CAR 23 (ALB) - FORCING ANOTHER DRIVER OFF THE TRACK,sanction_announced,23,1,,,forcing_off_track
7246,2022-aut,Sprint,2022-07-09 07:48:32-07:00,11.0,TURN 6 INCIDENT INVOLVING CARS 5 (VET) AND 23 (ALB) NOTED - CAUSING A COLLISION,noted,5|23,2,Turn 6,,causing_collision
7278,2022-aut,Sprint,2022-07-09 08:02:09-07:00,23.0,INCIDENT INVOLVING CARS 47 (MSC) AND 3 (RIC) NOTED - STARTING PROCEDURE INFRINGEMENT,noted,3|47,2,,,other
7280,2022-aut,Sprint,2022-07-09 08:02:20-07:00,23.0,FIA STEWARDS: INCIDENT INVOLVING CARS 47 (MSC) AND 3 (RIC) WILL BE INVESTIGATED AFTER THE RACE - STARTING PROCEDURE INFRINGEMENT,post_session_investigation,3|47,2,,,other
7309,2022-aze,Race,2022-06-12 04:01:22-07:00,1.0,STARTING GRID INCIDENT INVOLVING CAR 6 (LAT) NOTED ,noted,6,1,,,other
7311,2022-aze,Race,2022-06-12 04:04:16-07:00,1.0,FIA STEWARDS: STARTING GRID INCIDENT INVOLVING CAR 6 (LAT) UNDER INVESTIGATION ,investigation,6,1,,,other
7312,2022-aze,Race,2022-06-12 04:06:59-07:00,2.0,FIA STEWARDS: 10 SECOND STOP/GO PENALTY FOR CAR 6 (LAT) - STARTING GRID INFRINGEMENT,sanction_announced,6,1,,,other
7349,2022-aze,Race,2022-06-12 05:24:23-07:00,44.0,INCIDENT INVOLVING CAR 6 (LAT) NOTED - IGNORING BLUE FLAGS,noted,6,1,,,blue_flags
7350,2022-aze,Race,2022-06-12 05:25:08-07:00,44.0,FIA STEWARDS: INCIDENT INVOLVING CAR 6 (LAT) UNDER INVESTIGATION - IGNORING BLUE FLAGS,investigation,6,1,,,blue_flags
7351,2022-aze,Race,2022-06-12 05:25:53-07:00,45.0,FIA STEWARDS: 5 SECOND TIME PENALTY FOR CAR 6 (LAT) - IGNORING BLUE FLAGS,sanction_announced,6,1,,,blue_flags
7380,2022-bel,Race,2022-08-28 06:05:48-07:00,2.0,TURN 5 INCIDENT INVOLVING CARS 14 (ALO) AND 44 (HAM) NOTED - CAUSING A COLLISION,noted,14|44,2,Turn 5,,causing_collision
7383,2022-bel,Race,2022-08-28 06:08:16-07:00,3.0,"TURN 7 INCIDENT INVOLVING CARS 6 (LAT), 31 (OCO) AND 77 (BOT) NOTED - CAUSING A COLLISION",noted,6|31|77,3,Turn 7,,causing_collision
7387,2022-bel,Race,2022-08-28 06:14:37-07:00,5.0,FIA STEWARDS: TURN 5 INCIDENT INVOLVING CARS 14 (ALO) AND 44 (HAM) UNDER INVESTIGATION - CAUSING A COLLISION,investigation,14|44,2,Turn 5,,causing_collision
7390,2022-bel,Race,2022-08-28 06:18:00-07:00,7.0,FIA STEWARDS: TURN 5 INCIDENT INVOLVING CARS 14 (ALO) AND 44 (HAM) NO FURTHER ACTION - CAUSING A COLLISION,no_further_action,14|44,2,Turn 5,,causing_collision
7401,2022-bel,Race,2022-08-28 07:31:45-07:00,44.0,PIT LANE INCIDENT INVOLVING CAR 16 (LEC) NOTED - SPEEDING IN THE PIT LANE,noted,16,1,Pit Lane,,other
7404,2022-bel,Race,2022-08-28 07:33:06-07:00,44.0,FIA STEWARDS: PIT LANE INCIDENT INVOLVING CAR 16 (LEC) UNDER INVESTIGATION - SPEEDING IN THE PIT LANE,investigation,16,1,Pit Lane,,other
7405,2022-bel,Race,2022-08-28 07:33:21-07:00,44.0,FIA STEWARDS: 5 SECOND TIME PENALTY FOR CAR 16 (LEC) - SPEEDING IN THE PIT LANE,sanction_announced,16,1,Pit Lane,,other
7418,2022-bhr,Race,2022-03-20 08:05:33-07:00,2.0,TURN 6 INCIDENT INVOLVING CARS 31 (OCO) AND 47 (MSC) NOTED - CAUSING A COLLISION,noted,31|47,2,Turn 6,,causing_collision
7419,2022-bhr,Race,2022-03-20 08:06:52-07:00,3.0,FIA STEWARDS: TURN 6 INCIDENT INVOLVING CARS 31 (OCO) AND 47 (MSC) UNDER INVESTIGATION - CAUSING A COLLISION,investigation,31|47,2,Turn 6,,causing_collision
7421,2022-bhr,Race,2022-03-20 08:07:37-07:00,3.0,TURN 4 INCIDENT INVOLVING CARS 18 (STR) AND 4 (NOR) NOTED - FORCING ANOTHER DRIVER OFF THE TRACK,noted,4|18,2,Turn 4,,forcing_off_track
7423,2022-bhr,Race,2022-03-20 08:12:20-07:00,6.0,FIA STEWARDS: 5 SECOND TIME PENALTY FOR CAR 31 (OCO) - CAUSING A COLLISION,sanction_announced,31,1,,,causing_collision
7491,2022-can,Race,2022-06-19 11:07:09-07:00,3.0,TURN 14 INCIDENT INVOLVING CAR 77 (BOT) NOTED - FAILING TO FOLLOW RACE DIRECTORS INSTRUCTIONS,noted,77,1,Turn 14,,other
7530,2022-can,Race,2022-06-19 12:07:26-07:00,49.0,FIA STEWARDS: 5 SECOND TIME PENALTY FOR CAR 4 (NOR) - SPEEDING IN THE PIT LANE,sanction_announced,4,1,Pit Lane,,other
7544,2022-can,Race,2022-06-19 12:29:32-07:00,63.0,INCIDENT INVOLVING CAR 5 (VET) NOTED - SAFETY CAR INFRINGEMENT,noted,5,1,,,other
7545,2022-can,Race,2022-06-19 12:30:49-07:00,64.0,FIA STEWARDS: INCIDENT INVOLVING CAR 5 (VET) WILL BE INVESTIGATED AFTER THE RACE - SAFETY CAR INFRINGEMENT,post_session_investigation,5,1,,,other
7549,2022-can,Race,2022-06-19 12:41:32-07:00,70.0,TURN 12 INCIDENT INVOLVING CAR 14 (ALO) NOTED - WEAVING ON STRAIGHT,noted,14,1,Turn 12,,other
7550,2022-can,Race,2022-06-19 12:46:24-07:00,70.0,FIA STEWARDS: TURN 12 INCIDENT INVOLVING CAR 14 (ALO) UNDER INVESTIGATION - WEAVING ON STRAIGHT,investigation,14,1,Turn 12,,other
7562,2022-emi,Race,2022-04-24 06:04:46-07:00,1.0,TURN 2 INCIDENT INVOLVING CARS 55 (SAI) AND 3 (RIC) NOTED - CAUSING A COLLISION,noted,3|55,2,Turn 2,,causing_collision
7574,2022-emi,Race,2022-04-24 06:35:36-07:00,20.0,PIT LANE INCIDENT INVOLVING CARS 31 (OCO) AND 44 (HAM) NOTED - UNSAFE RELEASE,noted,31|44,2,Pit Lane,,unsafe_release
7575,2022-emi,Race,2022-04-24 06:37:20-07:00,21.0,FIA STEWARDS: PIT LANE INCIDENT INVOLVING CARS 31 (OCO) AND 44 (HAM) UNDER INVESTIGATION - UNSAFE RELEASE,investigation,31|44,2,Pit Lane,,unsafe_release
7576,2022-emi,Race,2022-04-24 06:39:15-07:00,22.0,FIA STEWARDS: 5 SECOND TIME PENALTY FOR CAR 31 (OCO) - UNSAFE RELEASE,sanction_announced,31,1,,,unsafe_release
7629,2022-emi,Sprint,2022-04-23 07:35:19-07:00,2.0,TURN 9 INCIDENT INVOLVING CARS 24 (ZHO) AND 10 (GAS) NOTED - CAUSING A COLLISION,noted,10|24,2,Turn 9,,causing_collision
7630,2022-emi,Sprint,2022-04-23 07:37:21-07:00,3.0,TURN 5 INCIDENT INVOLVING CARS 20 (MAG) AND 11 (PER) NOTED - WEAVING ON STRAIGHT,noted,11|20,2,Turn 5,,other
7637,2022-emi,Sprint,2022-04-23 07:54:21-07:00,14.0,INCIDENT INVOLVING CARS 14 (ALO) AND 77 (BOT) NOTED - WEAVING ON STRAIGHT,noted,14|77,2,,,other
7653,2022-esp,Race,2022-05-22 06:04:46-07:00,2.0,TURN 4 INCIDENT INVOLVING CARS 44 (HAM) AND 20 (MAG) NOTED - CAUSING A COLLISION,noted,20|44,2,Turn 4,,causing_collision
7669,2022-esp,Race,2022-05-22 06:40:00-07:00,25.0,TURN 3 INCIDENT INVOLVING CARS 1 (VER) AND 63 (RUS) NOTED,noted,1|63,2,Turn 3,,other
7676,2022-esp,Race,2022-05-22 06:43:46-07:00,28.0,TURN 1 INCIDENT INVOLVING CARS 10 (GAS) AND 18 (STR) NOTED - CAUSING A COLLISION,noted,10|18,2,Turn 1,,causing_collision
7679,2022-esp,Race,2022-05-22 06:46:17-07:00,29.0,FIA STEWARDS: 5 SECOND TIME PENALTY FOR CAR 10 (GAS) - CAUSING A COLLISION,sanction_announced,10,1,,,causing_collision
7746,2022-esp,Race,2022-05-22 07:41:14-07:00,66.0,FIA STEWARDS: 5 SECOND TIME PENALTY FOR CAR 23 (ALB) - TRACK LIMITS,sanction_announced,23,1,,,track_limits
7767,2022-fra,Race,2022-07-24 06:06:01-07:00,2.0,TURN 8 INCIDENT INVOLVING CARS 22 (TSU) AND 31 (OCO) NOTED - CAUSING A COLLISION,noted,22|31,2,Turn 8,,causing_collision
7769,2022-fra,Race,2022-07-24 06:08:13-07:00,3.0,FIA STEWARDS: TURN 8 INCIDENT INVOLVING CARS 22 (TSU) AND 31 (OCO) UNDER INVESTIGATION - CAUSING A COLLISION,investigation,22|31,2,Turn 8,,causing_collision
7770,2022-fra,Race,2022-07-24 06:09:03-07:00,4.0,FIA STEWARDS: 5 SECOND TIME PENALTY FOR CAR 31 (OCO) - CAUSING A COLLISION,sanction_announced,31,1,,,causing_collision
7785,2022-fra,Race,2022-07-24 06:43:38-07:00,23.0,PIT LANE INCIDENT INVOLVING CAR 55 (SAI) NOTED - UNSAFE RELEASE,noted,55,1,Pit Lane,,unsafe_release
7786,2022-fra,Race,2022-07-24 06:43:51-07:00,23.0,FIA STEWARDS: PIT LANE INCIDENT INVOLVING CAR 55 (SAI) UNDER INVESTIGATION - UNSAFE RELEASE,investigation,55,1,Pit Lane,,unsafe_release
7787,2022-fra,Race,2022-07-24 06:44:17-07:00,24.0,FIA STEWARDS: 5 SECOND TIME PENALTY FOR CAR 55 (SAI) - UNSAFE RELEASE,sanction_announced,55,1,,,unsafe_release
7788,2022-fra,Race,2022-07-24 06:45:05-07:00,24.0,TURN 11 INCIDENT INVOLVING CARS 47 (MSC) AND 24 (ZHO) NOTED - CAUSING A COLLISION,noted,24|47,2,Turn 11,,causing_collision
7789,2022-fra,Race,2022-07-24 06:45:29-07:00,24.0,FIA STEWARDS: TURN 11 INCIDENT INVOLVING CARS 47 (MSC) AND 24 (ZHO) UNDER INVESTIGATION - CAUSING A COLLISION,investigation,24|47,2,Turn 11,,causing_collision
7790,2022-fra,Race,2022-07-24 06:48:35-07:00,26.0,FIA STEWARDS: 5 SECOND TIME PENALTY FOR CAR 24 (ZHO) - CAUSING A COLLISION,sanction_announced,24,1,,,causing_collision
7802,2022-fra,Race,2022-07-24 07:08:54-07:00,39.0,TURN 2 INCIDENT INVOLVING CARS 6 (LAT) AND 47 (MSC) NOTED - CAUSING A COLLISION,noted,6|47,2,Turn 2,,causing_collision
7803,2022-fra,Race,2022-07-24 07:09:24-07:00,39.0,CORRECTION: TURN 2 INCIDENT INVOLVING CARS 6 (LAT) AND 20 (MAG) NOTED - CAUSING A COLLISION,noted,6|20,2,Turn 2,,causing_collision
7804,2022-fra,Race,2022-07-24 07:09:56-07:00,39.0,FIA STEWARDS: TURN 2 INCIDENT INVOLVING CARS 6 (LAT) AND 20 (MAG) UNDER INVESTIGATION - CAUSING A COLLISION,investigation,6|20,2,Turn 2,,causing_collision
7808,2022-fra,Race,2022-07-24 07:14:37-07:00,42.0,FIA STEWARDS: TURN 2 INCIDENT INVOLVING CARS 6 (LAT) AND 20 (MAG) WILL BE INVESTIGATED AFTER THE RACE - CAUSING A COLLISION,post_session_investigation,6|20,2,Turn 2,,causing_collision
7810,2022-fra,Race,2022-07-24 07:17:44-07:00,44.0,TURN 8 INCIDENT INVOLVING CARS 11 (PER) AND 63 (RUS) NOTED - CAUSING A COLLISION,noted,11|63,2,Turn 8,,causing_collision
7860,2022-gbr,Race,2022-07-03 07:08:02-07:00,2.0,START OF THE RACE INCIDENT NOTED,noted,,0,,,other
7867,2022-gbr,Race,2022-07-03 08:00:44-07:00,3.0,TURN 6 INCIDENT INVOLVING CARS 1 (VER) AND 16 (LEC) NOTED - CAUSING A COLLISION,noted,1|16,2,Turn 6,,causing_collision
7875,2022-gbr,Race,2022-07-03 08:14:26-07:00,12.0,TURN 15 INCIDENT INVOLVING CARS 10 (GAS) AND 22 (TSU) NOTED - FORCING ANOTHER DRIVER OFF THE TRACK,noted,10|22,2,Turn 15,,forcing_off_track
7876,2022-gbr,Race,2022-07-03 08:14:41-07:00,12.0,TURN 3 INCIDENT INVOLVING CARS 22 (TSU) AND 10 (GAS) NOTED - CAUSING A COLLISION,noted,10|22,2,Turn 3,,causing_collision
7877,2022-gbr,Race,2022-07-03 08:18:52-07:00,15.0,FIA STEWARDS: 5 SECOND TIME PENALTY FOR CAR 22 (TSU) - CAUSING A COLLISION,sanction_announced,22,1,,,causing_collision
7902,2022-gbr,Race,2022-07-03 09:11:26-07:00,46.0,TURN 16 INCIDENT INVOLVING CARS 11 (PER) AND 16 (LEC) NOTED - LEAVING THE TRACK AND GAINING AN ADVANTAGE,noted,11|16,2,Turn 16,,gaining_advantage_off_track
7904,2022-gbr,Race,2022-07-03 09:13:52-07:00,48.0,TURN 3 INCIDENT INVOLVING CARS 11 (PER) AND 44 (HAM) NOTED - FORCING ANOTHER DRIVER OFF THE TRACK,noted,11|44,2,Turn 3,,forcing_off_track
7912,2022-gbr,Race,2022-07-03 09:24:50-07:00,52.0,TURN 6 INCIDENT INVOLVING CARS 47 (MSC) AND 1 (VER) NOTED - FORCING ANOTHER DRIVER OFF THE TRACK,noted,1|47,2,Turn 6,,forcing_off_track
7932,2022-hun,Race,2022-07-31 06:09:12-07:00,4.0,TURN 2 INCIDENT INVOLVING CARS 23 (ALB) AND 5 (VET) NOTED - CAUSING A COLLISION,noted,5|23,2,Turn 2,,causing_collision
7975,2022-hun,Race,2022-07-31 07:11:20-07:00,48.0,TURN 2 INCIDENT INVOLVING CARS 18 (STR) AND 3 (RIC) NOTED - CAUSING A COLLISION,noted,3|18,2,Turn 2,,causing_collision
7979,2022-hun,Race,2022-07-31 07:12:48-07:00,49.0,FIA STEWARDS: TURN 2 INCIDENT INVOLVING CARS 18 (STR) AND 3 (RIC) UNDER INVESTIGATION - CAUSING A COLLISION,investigation,3|18,2,Turn 2,,causing_collision
7983,2022-hun,Race,2022-07-31 07:13:25-07:00,50.0,FIA STEWARDS: 5 SECOND TIME PENALTY FOR CAR 3 (RIC) - CAUSING A COLLISION,sanction_announced,3,1,,,causing_collision
8065,2022-hun,Race,2022-07-31 07:48:59-07:00,70.0,TURN 13 INCIDENT INVOLVING CARS 24 (ZHO) AND 47 (MSC) NOTED - LEAVING THE TRACK AND GAINING AN ADVANTAGE,noted,24|47,2,Turn 13,,gaining_advantage_off_track
8066,2022-hun,Race,2022-07-31 07:52:23-07:00,70.0,FIA STEWARDS: TURN 13 INCIDENT INVOLVING CARS 24 (ZHO) AND 47 (MSC) WILL BE INVESTIGATED AFTER THE RACE - LEAVING THE TRACK AND GAINING AN ADVANTAGE,post_session_investigation,24|47,2,Turn 13,,gaining_advantage_off_track
8074,2022-ita,Race,2022-09-11 06:18:41-07:00,11.0,LAP 1 TURN 1 INCIDENT INVOLVING CAR 20 (MAG) NOTED - LEAVING THE TRACK AND GAINING AN ADVANTAGE,noted,20,1,Turn 1,1.0,gaining_advantage_off_track
8087,2022-ita,Race,2022-09-11 06:21:58-07:00,13.0,FIA STEWARDS: LAP 1 TURN 1 INCIDENT INVOLVING CAR 20 (MAG) UNDER INVESTIGATION - LEAVING THE TRACK AND GAINING AN ADVANTAGE,investigation,20,1,Turn 1,1.0,gaining_advantage_off_track
8091,2022-ita,Race,2022-09-11 06:27:19-07:00,17.0,FIA STEWARDS: 5 SECOND TIME PENALTY FOR CAR 20 (MAG) - LEAVING THE TRACK AND GAINING AN ADVANTAGE,sanction_announced,20,1,,,gaining_advantage_off_track
8127,2022-ita,Race,2022-09-11 07:27:45-07:00,53.0,TURN 3 INCIDENT INVOLVING CARS 45 (DEV) AND 24 (ZHO) NOTED - DRIVING ERRATICALLY,noted,24|45,2,Turn 3,,other
8153,2022-jpn,Race,2022-10-08 22:56:53-07:00,3.0,"LAP 1, TURN 12 INCIDENT INVOLVING CAR 10 (GAS) NOTED",noted,10,1,Turn 12,1.0,other
8154,2022-jpn,Race,2022-10-08 23:01:56-07:00,3.0,"CORRECTION - LAP 2, TURN 12 INCIDENT INVOLVING CAR 10 (GAS) NOTED",noted,10,1,Turn 12,2.0,other
8155,2022-jpn,Race,2022-10-08 23:03:16-07:00,3.0,"FIA STEWARDS: - LAP 2, TURN 12 INCIDENT INVOLVING CAR 10 (GAS) WILL BE INVESTIGATED AFTER THE RACE",post_session_investigation,10,1,Turn 12,2.0,other
8161,2022-jpn,Race,2022-10-09 00:25:02-07:00,6.0,PIT LANE INCIDENT INVOLVING CARS 5 (VET) AND 6 (LAT) NOTED - UNSAFE RELEASE,noted,5|6,2,Pit Lane,,unsafe_release
8163,2022-jpn,Race,2022-10-09 00:57:44-07:00,24.0,TURN 11 INCIDENT INVOLVING CARS 18 (STR) AND 47 (MSC) NOTED - CAUSING A COLLISION,noted,18|47,2,Turn 11,,causing_collision
8166,2022-jpn,Race,2022-10-09 01:08:09-07:00,29.0,TURN 16 INCIDENT INVOLVING CARS 16 (LEC) AND 11 (PER) NOTED - LEAVING THE TRACK AND GAINING AN ADVANTAGE,noted,11|16,2,Turn 16,,gaining_advantage_off_track
8167,2022-jpn,Race,2022-10-09 01:09:06-07:00,29.0,FIA STEWARDS: TURN 16 INCIDENT INVOLVING CARS 16 (LEC) AND 11 (PER) UNDER INVESTIGATION - LEAVING THE TRACK AND GAINING AN ADVANTAGE,investigation,11|16,2,Turn 16,,gaining_advantage_off_track
8168,2022-jpn,Race,2022-10-09 01:10:35-07:00,29.0,FIA STEWARDS: 5 SECOND TIME PENALTY FOR CAR 16 (LEC) - LEAVING THE TRACK AND GAINING AN ADVANTAGE,sanction_announced,16,1,,,gaining_advantage_off_track
8240,2022-mco,Race,2022-05-29 07:33:09-07:00,17.0,TURN 10 INCIDENT INVOLVING CARS 23 (ALB) AND 47 (MSC) NOTED - LEAVING THE TRACK AND GAINING AN ADVANTAGE,noted,23|47,2,Turn 10,,gaining_advantage_off_track
8253,2022-mco,Race,2022-05-29 07:40:09-07:00,21.0,TURN 1 INCIDENT INVOLVING CARS 44 (HAM) AND 31 (OCO) NOTED - CAUSING A COLLISION,noted,31|44,2,Turn 1,,causing_collision
8262,2022-mco,Race,2022-05-29 07:43:31-07:00,23.0,PIT EXIT INCIDENT INVOLVING CAR 11 (PER) NOTED,noted,11,1,Pit Lane,,other
8268,2022-mco,Race,2022-05-29 07:45:38-07:00,25.0,FIA STEWARDS: 5 SECOND TIME PENALTY FOR CAR 23 (ALB) - LEAVING THE TRACK AND GAINING AN ADVANTAGE,sanction_announced,23,1,,,gaining_advantage_off_track
8307,2022-mco,Race,2022-05-29 08:23:19-07:00,35.0,FIA STEWARDS: 5 SECOND TIME PENALTY FOR CAR 31 (OCO) - CAUSING A COLLISION,sanction_announced,31,1,,,causing_collision
8350,2022-mex,Race,2022-10-30 13:21:44-07:00,14.0,TURN 4 INCIDENT INVOLVING CARS 10 (GAS) AND 18 (STR) NOTED - FORCING ANOTHER DRIVER OFF THE TRACK,noted,10|18,2,Turn 4,,forcing_off_track
8351,2022-mex,Race,2022-10-30 13:23:42-07:00,15.0,FIA STEWARDS: TURN 4 INCIDENT INVOLVING CARS 10 (GAS) AND 18 (STR) UNDER INVESTIGATION - FORCING ANOTHER DRIVER OFF THE TRACK,investigation,10|18,2,Turn 4,,forcing_off_track
8352,2022-mex,Race,2022-10-30 13:26:39-07:00,17.0,FIA STEWARDS: 5 SECOND TIME PENALTY FOR CAR 10 (GAS) - FORCING ANOTHER DRIVER OFF THE TRACK,sanction_announced,10,1,,,forcing_off_track
8380,2022-mex,Race,2022-10-30 14:14:13-07:00,52.0,TURN 5 INCIDENT INVOLVING CARS 3 (RIC) AND 22 (TSU) NOTED - CAUSING A COLLISION,noted,3|22,2,Turn 5,,causing_collision
8381,2022-mex,Race,2022-10-30 14:16:43-07:00,54.0,FIA STEWARDS: TURN 6 INCIDENT INVOLVING CARS 3 (RIC) AND 22 (TSU) UNDER INVESTIGATION - CAUSING A COLLISION,investigation,3|22,2,Turn 6,,causing_collision
8383,2022-mex,Race,2022-10-30 14:17:44-07:00,54.0,FIA STEWARDS: 10 SECOND TIME PENALTY FOR CAR 3 (RIC) - CAUSING A COLLISION,sanction_announced,3,1,,,causing_collision
8442,2022-mia,Race,2022-05-08 13:34:41-07:00,40.0,TURN 1 INCIDENT INVOLVING CARS 10 (GAS) AND 14 (ALO) NOTED - CAUSING A COLLISION,noted,10|14,2,Turn 1,,causing_collision
8443,2022-mia,Race,2022-05-08 13:36:21-07:00,41.0,FIA STEWARDS: TURN 1 INCIDENT INVOLVING CARS 10 (GAS) AND 14 (ALO) UNDER INVESTIGATION - CAUSING A COLLISION,investigation,10|14,2,Turn 1,,causing_collision
8447,2022-mia,Race,2022-05-08 13:40:18-07:00,42.0,FIA STEWARDS: 5 SECOND TIME PENALTY FOR CAR 14 (ALO) - CAUSING A COLLISION,sanction_announced,14,1,,,causing_collision
8454,2022-mia,Race,2022-05-08 13:51:59-07:00,47.0,TURN 2 INCIDENT INVOLVING CARS 20 (MAG) AND 18 (STR) NOTED - CAUSING A COLLISION,noted,18|20,2,Turn 2,,causing_collision
8455,2022-mia,Race,2022-05-08 13:53:24-07:00,48.0,FIA STEWARDS: TURN 2 INCIDENT INVOLVING CARS 20 (MAG) AND 18 (STR) UNDER INVESTIGATION - CAUSING A COLLISION,investigation,18|20,2,Turn 2,,causing_collision
8457,2022-mia,Race,2022-05-08 13:57:43-07:00,51.0,FIA STEWARDS: TURN 2 INCIDENT INVOLVING CARS 20 (MAG) AND 18 (STR) NO FURTHER ACTION - CAUSING A COLLISION,no_further_action,18|20,2,Turn 2,,causing_collision
8468,2022-mia,Race,2022-05-08 14:03:18-07:00,55.0,TURN 1 INCIDENT INVOLVING CARS 20 (MAG) AND 5 (VET) NOTED - CAUSING A COLLISION,noted,5|20,2,Turn 1,,causing_collision
8470,2022-mia,Race,2022-05-08 14:03:53-07:00,55.0,FIA STEWARDS: TURN 1 INCIDENT INVOLVING CARS 20 (MAG) AND 5 (VET) UNDER INVESTIGATION - CAUSING A COLLISION,investigation,5|20,2,Turn 1,,causing_collision
8471,2022-mia,Race,2022-05-08 14:04:32-07:00,55.0,CORRECTION FIA STEWARDS: TURN 1 INCIDENT INVOLVING CARS 47 (MSC) AND 5 (VET) UNDER INVESTIGATION - CAUSING A COLLISION,investigation,5|47,2,Turn 1,,causing_collision
8472,2022-mia,Race,2022-05-08 14:05:09-07:00,56.0,TURN 12 INCIDENT INVOLVING CARS 20 (MAG) AND 3 (RIC) NOTED - LEAVING THE TRACK AND GAINING AN ADVANTAGE,noted,3|20,2,Turn 12,,gaining_advantage_off_track
8473,2022-mia,Race,2022-05-08 14:05:21-07:00,56.0,FIA STEWARDS: TURN 12 INCIDENT INVOLVING CARS 20 (MAG) AND 3 (RIC) UNDER INVESTIGATION - LEAVING THE TRACK AND GAINING AN ADVANTAGE,investigation,3|20,2,Turn 12,,gaining_advantage_off_track
8478,2022-mia,Race,2022-05-08 14:06:11-07:00,57.0,CORRECTION FIA STEWARDS: TURN 12 INCIDENT INVOLVING CARS 47 (MSC) AND 3 (RIC) UNDER INVESTIGATION - LEAVING THE TRACK AND GAINING AN,investigation,3|47,2,Turn 12,,gaining_advantage_off_track
8479,2022-mia,Race,2022-05-08 14:06:51-07:00,57.0,TURN 14 INCIDENT INVOLVING CAR 14 (ALO) NOTED - LEAVING THE TRACK AND GAINING AN ADVANTAGE,noted,14,1,Turn 14,,gaining_advantage_off_track
8480,2022-mia,Race,2022-05-08 14:07:31-07:00,57.0,INCIDENT INVOLVING CAR 20 (MAG) NOTED - WEAVING ON STRAIGHT,noted,20,1,,,other
8483,2022-mia,Race,2022-05-08 14:10:45-07:00,57.0,TURN 11 INCIDENT INVOLVING CARS 20 (MAG) AND 18 (STR) NOTED - CAUSING A COLLISION,noted,18|20,2,Turn 11,,causing_collision
8484,2022-mia,Race,2022-05-08 14:10:55-07:00,57.0,TURN 15 INCIDENT INVOLVING CAR 14 (ALO) NOTED - LEAVING THE TRACK AND GAINING AN ADVANTAGE,noted,14,1,Turn 15,,gaining_advantage_off_track
8485,2022-mia,Race,2022-05-08 14:13:57-07:00,57.0,FIA STEWARDS: TURN 1 INCIDENT INVOLVING CARS 47 (MSC) AND 5 (VET) NO FURTHER ACTION - CAUSING A COLLISION,no_further_action,5|47,2,Turn 1,,causing_collision
8486,2022-mia,Race,2022-05-08 14:14:58-07:00,57.0,FIA STEWARDS: TURN 15 INCIDENT INVOLVING CAR 14 (ALO) UNDER INVESTIGATION - LEAVING THE TRACK AND GAINING AN ADVANTAGE,investigation,14,1,Turn 15,,gaining_advantage_off_track
8488,2022-mia,Race,2022-05-08 14:18:43-07:00,57.0,FIA STEWARDS: TURN 11 INCIDENT INVOLVING CARS 20 (MAG) AND 18 (STR) UNDER INVESTIGATION - CAUSING A COLLISION,investigation,18|20,2,Turn 11,,causing_collision
8491,2022-mia,Race,2022-05-08 14:19:54-07:00,57.0,FIA STEWARDS: 5 SECOND TIME PENALTY FOR CAR 20 (MAG) - CAUSING A COLLISION,sanction_announced,20,1,,,causing_collision
8492,2022-mia,Race,2022-05-08 14:22:16-07:00,57.0,FIA STEWARDS: 5 SECOND TIME PENALTY FOR CAR 3 (RIC) - LEAVING THE TRACK AND GAINING AN ADVANTAGE,sanction_announced,3,1,,,gaining_advantage_off_track
8511,2022-ned,Race,2022-09-04 06:22:54-07:00,16.0,PIT LANE INCIDENT INVOLVING CAR 24 (ZHO) NOTED - SPEEDING IN THE PIT LANE,noted,24,1,Pit Lane,,other
8513,2022-ned,Race,2022-09-04 06:27:48-07:00,20.0,FIA STEWARDS: PIT LANE INCIDENT INVOLVING CAR 24 (ZHO) UNDER INVESTIGATION - SPEEDING IN THE PIT LANE,investigation,24,1,Pit Lane,,other
8514,2022-ned,Race,2022-09-04 06:28:08-07:00,20.0,FIA STEWARDS: 5 SECOND TIME PENALTY FOR CAR 24 (ZHO) - SPEEDING IN THE PIT LANE,sanction_announced,24,1,Pit Lane,,other
8515,2022-ned,Race,2022-09-04 06:29:59-07:00,21.0,PIT LANE INCIDENT INVOLVING CARS 11 (PER) AND 55 (SAI) NOTED ,noted,11|55,2,Pit Lane,,other
8516,2022-ned,Race,2022-09-04 06:30:10-07:00,22.0,FIA STEWARDS: PIT LANE INCIDENT INVOLVING CARS 11 (PER) AND 55 (SAI) WILL BE INVESTIGATED AFTER THE RACE ,post_session_investigation,11|55,2,Pit Lane,,other
8517,2022-ned,Race,2022-09-04 06:31:52-07:00,23.0,TURN 1 INCIDENT INVOLVING CARS 77 (BOT) AND 5 (VET) NOTED - CAUSING A COLLISION,noted,5|77,2,Turn 1,,causing_collision
8538,2022-ned,Race,2022-09-04 06:55:13-07:00,41.0,PIT EXIT INCIDENT INVOLVING CAR 5 (VET) NOTED - IGNORING BLUE FLAGS,noted,5,1,Pit Lane,,blue_flags
8539,2022-ned,Race,2022-09-04 06:55:18-07:00,41.0,FIA STEWARDS: PIT EXIT INCIDENT INVOLVING CAR 5 (VET) UNDER INVESTIGATION - IGNORING BLUE FLAGS,investigation,5,1,Pit Lane,,blue_flags
8558,2022-ned,Race,2022-09-04 07:02:57-07:00,47.0,PIT LANE INCIDENT INVOLVING CAR 24 (ZHO) NOTED ,noted,24,1,Pit Lane,,other
8570,2022-ned,Race,2022-09-04 07:09:28-07:00,52.0,CORRECTION: PIT LANE INCIDENT INVOLVING CAR 22 (TSU) NOTED ,noted,22,1,Pit Lane,,other
8571,2022-ned,Race,2022-09-04 07:09:38-07:00,52.0,FIA STEWARDS: CORRECTION: PIT LANE INCIDENT INVOLVING CAR 22 (TSU) WILL BE INVESTIGATED AFTER THE RACE ,post_session_investigation,22,1,Pit Lane,,other
8573,2022-ned,Race,2022-09-04 07:10:20-07:00,52.0,FIA STEWARDS: 5 SECOND TIME PENALTY FOR CAR 5 (VET) - IGNORING BLUE FLAGS,sanction_announced,5,1,,,blue_flags
8595,2022-ned,Race,2022-09-04 07:33:57-07:00,68.0,PIT LANE INCIDENT INVOLVING CAR 55 (SAI) NOTED - UNSAFE RELEASE,noted,55,1,Pit Lane,,unsafe_release
8596,2022-ned,Race,2022-09-04 07:34:04-07:00,68.0,FIA STEWARDS: PIT LANE INCIDENT INVOLVING CAR 55 (SAI) UNDER INVESTIGATION - UNSAFE RELEASE,investigation,55,1,Pit Lane,,unsafe_release
8597,2022-ned,Race,2022-09-04 07:34:21-07:00,68.0,FIA STEWARDS: 5 SECOND TIME PENALTY FOR CAR 55 (SAI) - UNSAFE RELEASE,sanction_announced,55,1,,,unsafe_release
8608,2022-sao,Race,2022-11-13 10:04:20-08:00,2.0,TURN 9 INCIDENT INVOLVING CARS 20 (MAG) AND 3 (RIC) NOTED - CAUSING A COLLISION,noted,3|20,2,Turn 9,,causing_collision
8610,2022-sao,Race,2022-11-13 10:09:45-08:00,4.0,FIA STEWARDS: TURN 9 INCIDENT INVOLVING CARS 20 (MAG) AND 3 (RIC) WILL BE INVESTIGATED AFTER THE RACE - CAUSING A COLLISION,post_session_investigation,3|20,2,Turn 9,,causing_collision
8615,2022-sao,Race,2022-11-13 10:14:57-08:00,7.0,TURN 2 INCIDENT INVOLVING CARS 1 (VER) AND 44 (HAM) NOTED - CAUSING A COLLISION,noted,1|44,2,Turn 2,,causing_collision
8617,2022-sao,Race,2022-11-13 10:16:07-08:00,8.0,INCIDENT INVOLVING CARS 4 (NOR) AND 16 (LEC) NOTED - CAUSING A COLLISION,noted,4|16,2,,,causing_collision
8620,2022-sao,Race,2022-11-13 10:18:44-08:00,10.0,FIA STEWARDS: TURN 2 INCIDENT INVOLVING CARS 1 (VER) AND 44 (HAM) UNDER INVESTIGATION - CAUSING A COLLISION,investigation,1|44,2,Turn 2,,causing_collision
8621,2022-sao,Race,2022-11-13 10:18:50-08:00,10.0,FIA STEWARDS: INCIDENT INVOLVING CARS 4 (NOR) AND 16 (LEC) UNDER INVESTIGATION - CAUSING A COLLISION,investigation,4|16,2,,,causing_collision
8622,2022-sao,Race,2022-11-13 10:22:08-08:00,13.0,FIA STEWARDS: 5 SECOND TIME PENALTY FOR CAR 1 (VER) - CAUSING A COLLISION,sanction_announced,1,1,,,causing_collision
8623,2022-sao,Race,2022-11-13 10:22:31-08:00,13.0,FIA STEWARDS: 5 SECOND TIME PENALTY FOR CAR 4 (NOR) - CAUSING A COLLISION,sanction_announced,4,1,,,causing_collision
8625,2022-sao,Race,2022-11-13 10:39:56-08:00,27.0,PIT LANE INCIDENT INVOLVING CAR 47 (MSC) NOTED,noted,47,1,Pit Lane,,other
8626,2022-sao,Race,2022-11-13 10:43:39-08:00,29.0,FIA STEWARDS: PIT LANE INCIDENT INVOLVING ALFA ROMEO TEAM WILL BE INVESTIGATED AFTER THE RACE,post_session_investigation,,0,Pit Lane,,other
8648,2022-sao,Race,2022-11-13 11:29:40-08:00,62.0,TURN 4 INCIDENT INVOLVING CARS 18 (STR) AND 47 (MSC) NOTED - LEAVING THE TRACK AND GAINING AN ADVANTAGE,noted,18|47,2,Turn 4,,gaining_advantage_off_track
8654,2022-sao,Race,2022-11-13 11:41:53-08:00,71.0,INCIDENT INVOLVING CARS 55 (SAI) AND 22 (TSU) NOTED - SAFETY CAR INFRINGEMENT,noted,22|55,2,,,other
8656,2022-sao,Race,2022-11-13 11:43:43-08:00,71.0,FIA STEWARDS: 5 SECOND TIME PENALTY FOR CAR 10 (GAS) - SPEEDING IN THE PIT LANE,sanction_announced,10,1,Pit Lane,,other
8665,2022-sao,Sprint,2022-11-12 11:39:12-08:00,5.0,"INCIDENT INVOLVING CARS 3 (RIC), 24 (ZHO) AND 44 (HAM) NOTED - STARTING PROCEDURE INFRINGEMENT",noted,3|24|44,3,,,other
8666,2022-sao,Sprint,2022-11-12 11:45:09-08:00,10.0,INCIDENT INVOLVING CARS 5 (VET) AND 18 (STR) NOTED - FORCING ANOTHER DRIVER OFF THE TRACK,noted,5|18,2,,,forcing_off_track
8671,2022-sao,Sprint,2022-11-12 11:51:53-08:00,16.0,FIA STEWARDS: INCIDENT INVOLVING CARS 5 (VET) AND 18 (STR) UNDER INVESTIGATION - DANGEROUS MANOEUVRE,investigation,5|18,2,,,other
8673,2022-sao,Sprint,2022-11-12 11:53:05-08:00,16.0,FIA STEWARDS: 10 SECOND TIME PENALTY FOR CAR 18 (STR) - DANGEROUS MANOEUVRE,sanction_announced,18,1,,,other
8675,2022-sao,Sprint,2022-11-12 11:59:04-08:00,21.0,LAP 1 INCIDENTS INVOLVING CARS 14 (ALO) AND 31 (OCO) NOTED - CAUSING A COLLISION,noted,14|31,2,,,causing_collision
8676,2022-sao,Sprint,2022-11-12 12:01:09-08:00,23.0,INCIDENT INVOLVING CARS 18 (STR) AND 47 (MSC) NOTED - DRIVING ERRATICALLY,noted,18|47,2,,,other
8680,2022-sao,Sprint,2022-11-12 12:15:34-08:00,24.0,"FIA STEWARDS: LAP 1, MAIN STRAIGHT INCIDENT INVOLVING CARS 14 (ALO) AND 31 (OCO) UNDER INVESTIGATION - CAUSING A COLLISION",investigation,14|31,2,,1.0,causing_collision
8696,2022-sau,Race,2022-03-27 10:07:27-07:00,3.0,TURN 4 INCIDENT INVOLVING CARS 4 (NOR) AND 20 (MAG) NOTED,noted,4|20,2,Turn 4,,other
8703,2022-sau,Race,2022-03-27 10:14:37-07:00,8.0,TURN 2 INCIDENT INVOLVING CARS 24 (ZHO) AND 23 (ALB) NOTED ,noted,23|24,2,Turn 2,,other
8704,2022-sau,Race,2022-03-27 10:15:27-07:00,8.0,TURN 1 INCIDENT INVOLVING CARS 14 (ALO) AND 31 (OCO) NOTED ,noted,14|31,2,Turn 1,,other
8708,2022-sau,Race,2022-03-27 10:20:22-07:00,11.0,FIA STEWARDS: TURN 2 INCIDENT INVOLVING CARS 24 (ZHO) AND 23 (ALB) UNDER INVESTIGATION ,investigation,23|24,2,Turn 2,,other
8711,2022-sau,Race,2022-03-27 10:23:16-07:00,13.0,FIA STEWARDS: 5 SECOND TIME PENALTY FOR CAR 24 (ZHO) - LEAVING THE TRACK AND GAINING AN ADVANTAGE,sanction_announced,24,1,,,gaining_advantage_off_track
8720,2022-sau,Race,2022-03-27 10:34:43-07:00,19.0,INCIDENT INVOLVING CARS 55 (SAI) AND 11 (PER) NOTED - SAFETY CAR INFRINGEMENT,noted,11|55,2,,,other
8721,2022-sau,Race,2022-03-27 10:36:45-07:00,19.0,INCIDENT INVOLVING CAR 24 (ZHO) NOTED,noted,24,1,,,other
8727,2022-sau,Race,2022-03-27 10:46:53-07:00,25.0,FIA STEWARDS: INCIDENT INVOLVING CAR 24 (ZHO) UNDER INVESTIGATION - PENALTY NOT SERVED,investigation,24,1,,,other
8728,2022-sau,Race,2022-03-27 10:49:41-07:00,27.0,FIA STEWARDS: DRIVE THROUGH PENALTY FOR CAR 24 (ZHO) - PENALTY NOT SERVED,sanction_announced,24,1,,,other
8757,2022-sau,Race,2022-03-27 11:25:02-07:00,49.0,TURN 1 INCIDENT INVOLVING CARS 18 (STR) AND 23 (ALB) NOTED - CAUSING A COLLISION,noted,18|23,2,Turn 1,,causing_collision
8761,2022-sau,Race,2022-03-27 11:25:53-07:00,49.0,FIA STEWARDS: TURN 1 INCIDENT INVOLVING CARS 18 (STR) AND 23 (ALB) WILL BE INVESTIGATED AFTER THE RACE - CAUSING A COLLISION,post_session_investigation,18|23,2,Turn 1,,causing_collision
8765,2022-sau,Race,2022-03-27 11:30:35-07:00,50.0,INCIDENT INVOLVING CAR 20 (MAG) NOTED - FAILING TO SLOW UNDER YELLOW FLAGS,noted,20,1,,,other
8766,2022-sau,Race,2022-03-27 11:31:31-07:00,50.0,FIA STEWARDS: INCIDENT INVOLVING CAR 20 (MAG) UNDER INVESTIGATION - FAILING TO SLOW UNDER YELLOW FLAGS,investigation,20,1,,,other
8767,2022-sau,Race,2022-03-27 11:31:51-07:00,50.0,INCIDENT INVOLVING CAR 55 (SAI) NOTED - FAILING TO SLOW UNDER YELLOW FLAGS,noted,55,1,,,other
8768,2022-sau,Race,2022-03-27 11:32:20-07:00,50.0,INCIDENT INVOLVING CAR 11 (PER) NOTED - FAILING TO SLOW UNDER YELLOW FLAGS,noted,11,1,,,other
8769,2022-sau,Race,2022-03-27 11:34:07-07:00,50.0,LAPS 49 AND 50 - DOUBLE YELLOW UNDER INVESTIGATION,investigation,,0,,,other
8801,2022-sgp,Race,2022-10-02 06:12:39-07:00,2.0,TURN 1 INCIDENT INVOLVING CARS 44 (HAM) AND 55 (SAI) NOTED - FORCING ANOTHER DRIVER OFF THE TRACK,noted,44|55,2,Turn 1,,forcing_off_track
8803,2022-sgp,Race,2022-10-02 06:14:00-07:00,3.0,TURN 1 INCIDENT INVOLVING CAR 1 (VER) NOTED - LEAVING THE TRACK AND GAINING AN ADVANTAGE,noted,1,1,Turn 1,,gaining_advantage_off_track
8816,2022-sgp,Race,2022-10-02 06:32:29-07:00,11.0,"LAP 1, TURN 7 INCIDENT INVOLVING CARS 1 (VER) AND 20 (MAG) NOTED - CAUSING A COLLISION",noted,1|20,2,Turn 7,1.0,causing_collision
8817,2022-sgp,Race,2022-10-02 06:32:49-07:00,11.0,"FIA STEWARDS: LAP 1, TURN 7 INCIDENT INVOLVING CARS 1 (VER) AND 20 (MAG) UNDER INVESTIGATION - CAUSING A COLLISION",investigation,1|20,2,Turn 7,1.0,causing_collision
8818,2022-sgp,Race,2022-10-02 06:32:57-07:00,11.0,TURN 5 INCIDENT INVOLVING CARS 6 (LAT) AND 24 (ZHO) NOTED - CAUSING A COLLISION,noted,6|24,2,Turn 5,,causing_collision
8819,2022-sgp,Race,2022-10-02 06:33:02-07:00,11.0,FIA STEWARDS: TURN 5 INCIDENT INVOLVING CARS 6 (LAT) AND 24 (ZHO) UNDER INVESTIGATION - CAUSING A COLLISION,investigation,6|24,2,Turn 5,,causing_collision
8820,2022-sgp,Race,2022-10-02 06:39:10-07:00,14.0,"FIA STEWARDS: LAP 1, TURN 7 INCIDENT INVOLVING CARS 1 (VER) AND 20 (MAG) NO FURTHER ACTION - CAUSING A COLLISION",no_further_action,1|20,2,Turn 7,1.0,causing_collision
8861,2022-sgp,Race,2022-10-02 07:35:38-07:00,40.0,INCIDENT INVOLVING CAR 11 (PER) NOTED - SAFETY CAR INFRINGEMENT,noted,11,1,,,other
8862,2022-sgp,Race,2022-10-02 07:38:15-07:00,41.0,TURN 1 INCIDENT INVOLVING CARS 63 (RUS) AND 47 (MSC) NOTED - CAUSING A COLLISION,noted,47|63,2,Turn 1,,causing_collision
8878,2022-sgp,Race,2022-10-02 07:55:10-07:00,51.0,FIA STEWARDS: INCIDENT INVOLVING CAR 11 (PER) WILL BE INVESTIGATED AFTER THE RACE - SAFETY CAR INFRINGEMENT,post_session_investigation,11,1,,,other
8920,2022-usa,Race,2022-10-23 12:04:26-07:00,1.0,TURN 1 INCIDENT INVOLVING CAR 55 (SAI) NOTED - CAUSING A COLLISION,noted,55,1,Turn 1,,causing_collision
8921,2022-usa,Race,2022-10-23 12:06:07-07:00,2.0,FIA STEWARDS: TURN 1 INCIDENT INVOLVING CARS 55 (SAI) AND 63 (RUS) UNDER INVESTIGATION - CAUSING A COLLISION,investigation,55|63,2,Turn 1,,causing_collision
8922,2022-usa,Race,2022-10-23 12:07:17-07:00,3.0,FIA STEWARDS: 5 SECOND TIME PENALTY FOR CAR 63 (RUS) - CAUSING A COLLISION,sanction_announced,63,1,,,causing_collision
8924,2022-usa,Race,2022-10-23 12:10:24-07:00,4.0,TURN 12 INCIDENT INVOLVING CARS 10 (GAS) AND 23 (ALB) NOTED,noted,10|23,2,Turn 12,,other
8938,2022-usa,Race,2022-10-23 12:32:32-07:00,17.0,TURN 1 INCIDENT INVOLVING CARS 18 (STR) AND 47 (MSC) NOTED - FORCING ANOTHER DRIVER OFF THE TRACK,noted,18|47,2,Turn 1,,forcing_off_track
8954,2022-usa,Race,2022-10-23 12:49:00-07:00,24.0,TURN 11 INCIDENT INVOLVING CARS 14 (ALO) AND 18 (STR) NOTED - CAUSING A COLLISION,noted,14|18,2,Turn 11,,causing_collision
8955,2022-usa,Race,2022-10-23 12:49:10-07:00,24.0,FIA STEWARDS: TURN 11 INCIDENT INVOLVING CARS 14 (ALO) AND 18 (STR) WILL BE INVESTIGATED AFTER THE RACE - CAUSING A COLLISION,post_session_investigation,14|18,2,Turn 11,,causing_collision
8959,2022-usa,Race,2022-10-23 12:55:11-07:00,27.0,INCIDENT INVOLVING CAR 10 (GAS) NOTED - MORE THAN 10 CAR LENGTHS BEHIND SAFETY CAR,noted,10,1,,,other
8961,2022-usa,Race,2022-10-23 13:00:49-07:00,30.0,INCIDENT AFTER TURN 11 INVOLVING CAR 20 (MAG) NOTED - IGNORING YELLOW FLAGS,noted,20,1,Turn 11,,other
8962,2022-usa,Race,2022-10-23 13:01:53-07:00,30.0,FIA STEWARDS: INCIDENT INVOLVING CAR 10 (GAS) UNDER INVESTIGATION - MORE THAN 10 CAR LENGTHS BEHIND SAFETY CAR,investigation,10,1,,,other
8963,2022-usa,Race,2022-10-23 13:02:31-07:00,31.0,FIA STEWARDS: 5 SECOND TIME PENALTY FOR CAR 10 (GAS) - SAFETY CAR INFRINGEMENT,sanction_announced,10,1,,,other
8973,2022-usa,Race,2022-10-23 13:14:45-07:00,38.0,PIT LANE INCIDENT INVOLVING CAR 10 (GAS) NOTED - PENALTY NOT SERVED CORRECTLY,sanction_announced,10,1,Pit Lane,,other
8975,2022-usa,Race,2022-10-23 13:16:32-07:00,39.0,TURN 12 INCIDENT INVOLVING CARS 6 (LAT) AND 47 (MSC) NOTED - CAUSING A COLLISION,noted,6|47,2,Turn 12,,causing_collision
8977,2022-usa,Race,2022-10-23 13:18:08-07:00,40.0,FIA STEWARDS: PIT LANE INCIDENT INVOLVING CAR 10 (GAS) UNDER INVESTIGATION - PENALTY NOT SERVED CORRECTLY,investigation,10,1,Pit Lane,,other
8978,2022-usa,Race,2022-10-23 13:18:53-07:00,40.0,FIA STEWARDS: 10 SECOND TIME PENALTY FOR CAR 10 (GAS) - NOT SERVING THE PENALTY CORRECTLY,sanction_announced,10,1,,,other
8980,2022-usa,Race,2022-10-23 13:20:18-07:00,41.0,FIA STEWARDS: INCIDENT AFTER TURN 11 INVOLVING CAR 20 (MAG) UNDER INVESTIGATION - IGNORING YELLOW FLAGS,investigation,20,1,Turn 11,,other
8981,2022-usa,Race,2022-10-23 13:20:40-07:00,41.0,FIA STEWARDS: INCIDENT AFTER TURN 11 INVOLVING CAR 20 (MAG) NO FURTHER ACTION - IGNORING YELLOW FLAGS,no_further_action,20,1,Turn 11,,other
8982,2022-usa,Race,2022-10-23 13:22:37-07:00,43.0,FIA STEWARDS: TURN 12 INCIDENT INVOLVING CARS 6 (LAT) AND 47 (MSC) UNDER INVESTIGATION - CAUSING A COLLISION,investigation,6|47,2,Turn 12,,causing_collision
8983,2022-usa,Race,2022-10-23 13:23:48-07:00,43.0,FIA STEWARDS: 5 SECOND TIME PENALTY FOR CAR 6 (LAT) - FORCING ANOTHER DRIVER OFF THE TRACK,sanction_announced,6,1,,,forcing_off_track
8991,2022-usa,Race,2022-10-23 13:40:24-07:00,53.0,"TURN 12 INCIDENT INVOLVING CARS 5 (VET),23 (ALB),22 (TSU) AND 24 (ZHO) NOTED ",noted,5|22|23|24,4,Turn 12,,other
8997,2022-usa,Race,2022-10-23 13:44:17-07:00,56.0,FIA STEWARDS: INCIDENT INVOLVING CAR 47 (MSC) UNDER INVESTIGATION - TRACK LIMITS,investigation,47,1,,,track_limits
8999,2022-usa,Race,2022-10-23 13:46:05-07:00,56.0,FIA STEWARDS: 5 SECOND TIME PENALTY FOR CAR 47 (MSC) - TRACK LIMITS,sanction_announced,47,1,,,track_limits
9001,2022-usa,Race,2022-10-23 13:51:33-07:00,56.0,TURN 12 INCIDENT INVOLVING CARS 22 (TSU) AND 23 (ALB) NOTED - LEAVING THE TRACK AND GAINING AN ADVANTAGE,noted,22|23,2,Turn 12,,gaining_advantage_off_track
9002,2022-usa,Race,2022-10-23 13:55:34-07:00,56.0,FIA STEWARDS: TURN 12 INCIDENT INVOLVING CARS 22 (TSU) AND 23 (ALB) UNDER INVESTIGATION - LEAVING THE TRACK AND GAINING AN ADVANTAGE,investigation,22|23,2,Turn 12,,gaining_advantage_off_track
9018,2023-abu,Race,2023-11-26 05:14:08-08:00,8.0,TURN 7 INCIDENT INVOLVING CARS 24 (ZHO) AND 23 (ALB) NOTED - FORCING ANOTHER DRIVER OFF THE TRACK,noted,23|24,2,Turn 7,,forcing_off_track
9019,2023-abu,Race,2023-11-26 05:14:56-08:00,8.0,TURN 7 INCIDENT INVOLVING CARS 2 (SAR) AND 20 (MAG) NOTED - FORCING ANOTHER DRIVER OFF THE TRACK,noted,2|20,2,Turn 7,,forcing_off_track
9034,2023-abu,Race,2023-11-26 05:27:04-08:00,16.0,TURN 6 INCIDENT INVOLVING CARS 44 (HAM) AND 10 (GAS) NOTED - CAUSING A COLLISION,noted,10|44,2,Turn 6,,causing_collision
9037,2023-abu,Race,2023-11-26 05:28:10-08:00,17.0,FIA STEWARDS: TURN 6 INCIDENT INVOLVING CARS 44 (HAM) AND 10 (GAS) UNDER INVESTIGATION - CAUSING A COLLISION,investigation,10|44,2,Turn 6,,causing_collision
9039,2023-abu,Race,2023-11-26 05:34:24-08:00,21.0,FIA STEWARDS: TURN 6 INCIDENT INVOLVING CARS 44 (HAM) AND 10 (GAS) NO FURTHER ACTION - CAUSING A COLLISION,no_further_action,10|44,2,Turn 6,,causing_collision
9052,2023-abu,Race,2023-11-26 06:02:08-08:00,39.0,TURN 4 INCIDENT INVOLVING CARS 14 (ALO) AND 44 (HAM) NOTED - DRIVING ERRATICALLY,noted,14|44,2,Turn 4,,other
9055,2023-abu,Race,2023-11-26 06:08:35-08:00,44.0,INCIDENT INVOLVING CAR 44 (HAM) NOTED - PIT STOP INFRINGEMENT,noted,44,1,,,other
9058,2023-abu,Race,2023-11-26 06:11:35-08:00,46.0,FIA STEWARDS: INCIDENT INVOLVING CAR 44 (HAM) WILL BE INVESTIGATED AFTER THE RACE - PIT STOP INFRINGEMENT,post_session_investigation,44,1,,,other
9059,2023-abu,Race,2023-11-26 06:13:23-08:00,47.0,INCIDENT INVOLVING CAR 10 (GAS) NOTED - PIT STOP INFRINGEMENT,noted,10,1,,,other
9060,2023-abu,Race,2023-11-26 06:13:31-08:00,47.0,FIA STEWARDS: INCIDENT INVOLVING CAR 10 (GAS) WILL BE INVESTIGATED AFTER THE RACE - PIT STOP INFRINGEMENT,post_session_investigation,10,1,,,other
9061,2023-abu,Race,2023-11-26 06:14:22-08:00,48.0,TURN 6 INCIDENT INVOLVING CARS 4 (NOR) AND 11 (PER) NOTED - CAUSING A COLLISION,noted,4|11,2,Turn 6,,causing_collision
9063,2023-abu,Race,2023-11-26 06:15:37-08:00,48.0,FIA STEWARDS: TURN 6 INCIDENT INVOLVING CARS 4 (NOR) AND 11 (PER) UNDER INVESTIGATION - CAUSING A COLLISION,investigation,4|11,2,Turn 6,,causing_collision
9064,2023-abu,Race,2023-11-26 06:18:33-08:00,50.0,"INCIDENT INVOLVING CARS 1 (VER), 2 (SAR), 24 (ZHO) NOTED - PIT STOP INFRINGEMENT",noted,1|2|24,3,,,other
9065,2023-abu,Race,2023-11-26 06:19:14-08:00,51.0,FIA STEWARDS: 5 SECOND TIME PENALTY FOR CAR 11 (PER) - CAUSING A COLLISION,sanction_announced,11,1,,,causing_collision
9066,2023-abu,Race,2023-11-26 06:19:51-08:00,51.0,"FIA STEWARDS: INCIDENT INVOLVING CARS 1 (VER), 2 (SAR), 24 (ZHO) WILL BE INVESTIGATED AFTER THE RACE - PIT STOP INFRINGEMENT",post_session_investigation,1|2|24,3,,,other
9072,2023-abu,Race,2023-11-26 06:40:35-08:00,58.0,INCIDENT INVOLVING CAR 23 (ALB) NOTED - PIT STOP INFRINGEMENT,noted,23,1,,,other
9073,2023-abu,Race,2023-11-26 06:40:42-08:00,58.0,FIA STEWARDS: INCIDENT INVOLVING CAR 23 (ALB) WILL BE INVESTIGATED AFTER THE RACE - PIT STOP INFRINGEMENT,post_session_investigation,23,1,,,other
9096,2023-aus,Race,2023-04-01 22:05:41-07:00,2.0,TURN 1 INCIDENT INVOLVING CARS 16 (LEC) AND 18 (STR) NOTED - CAUSING A COLLISION,noted,16|18,2,Turn 1,,causing_collision
9111,2023-aus,Race,2023-04-01 22:36:23-07:00,10.0,RESTART PROCEDURE UNDER INVESTIGATION,investigation,,0,,,other
9115,2023-aus,Race,2023-04-01 22:40:23-07:00,12.0,TURN 3 INCIDENT INVOLVING CARS 21 (DEV) AND 31 (OCO) NOTED - CAUSING A COLLISION,noted,21|31,2,Turn 3,,causing_collision
9117,2023-aus,Race,2023-04-01 22:46:30-07:00,16.0,RESTART PROCEDURE NO FURTHER ACTION ,no_further_action,,0,,,other
9118,2023-aus,Race,2023-04-01 22:47:52-07:00,17.0,TURN 1 INCIDENT INVOLVING CARS 22 (TSU) AND 81 (PIA) NOTED - CAUSING A COLLISION,noted,22|81,2,Turn 1,,causing_collision
9161,2023-aus,Race,2023-04-02 00:03:31-07:00,58.0,RESTART PROCEDURE NOTED,noted,,0,,,other
9162,2023-aus,Race,2023-04-02 00:03:39-07:00,58.0,FIA STEWARDS: RESTART PROCEDURE UNDER INVESTIGATION,investigation,,0,,,other
9166,2023-aus,Race,2023-04-02 00:25:54-07:00,58.0,TURN 1 INCIDENT INVOLVING CARS 14 (ALO) AND 55 (SAI) NOTED - CAUSING A COLLISION,noted,14|55,2,Turn 1,,causing_collision
9167,2023-aus,Race,2023-04-02 00:26:03-07:00,58.0,FIA STEWARDS: TURN 1 INCIDENT INVOLVING CARS 14 (ALO) AND 55 (SAI) UNDER INVESTIGATION - CAUSING A COLLISION,investigation,14|55,2,Turn 1,,causing_collision
9168,2023-aus,Race,2023-04-02 00:26:27-07:00,58.0,FIA STEWARDS: 5 SECOND TIME PENALTY FOR CAR 55 (SAI) - CAUSING A COLLISION,sanction_announced,55,1,,,causing_collision
9169,2023-aus,Race,2023-04-02 00:27:33-07:00,58.0,TURN 2 INCIDENT INVOLVING CARS 10 (GAS) AND 31 (OCO) NOTED - CAUSING A COLLISION,noted,10|31,2,Turn 2,,causing_collision
9170,2023-aus,Race,2023-04-02 00:27:38-07:00,58.0,FIA STEWARDS: TURN 2 INCIDENT INVOLVING CARS 10 (GAS) AND 31 (OCO) UNDER INVESTIGATION - CAUSING A COLLISION,investigation,10|31,2,Turn 2,,causing_collision
9191,2023-aut,Race,2023-07-02 06:08:25-07:00,4.0,LAP 1 TURN 1 NOTED,noted,,0,Turn 1,,other
9194,2023-aut,Race,2023-07-02 06:13:26-07:00,8.0,TURN 4 INCIDENT INVOLVING CARS 20 (MAG) AND 21 (DEV) NOTED - FORCING ANOTHER DRIVER OFF THE TRACK,noted,20|21,2,Turn 4,,forcing_off_track
9229,2023-aut,Race,2023-07-02 06:22:38-07:00,16.0,INCIDENT INVOLVING CAR 44 (HAM) NOTED - TRACK LIMITS,noted,44,1,,,track_limits
9237,2023-aut,Race,2023-07-02 06:24:14-07:00,17.0,FIA STEWARDS: INCIDENT INVOLVING CAR 44 (HAM) UNDER INVESTIGATION - TRACK LIMITS,investigation,44,1,,,track_limits
9238,2023-aut,Race,2023-07-02 06:24:24-07:00,17.0,FIA STEWARDS: 5 SECOND TIME PENALTY FOR CAR 44 (HAM) - TRACK LIMITS,sanction_announced,44,1,,,track_limits
9243,2023-aut,Race,2023-07-02 06:25:36-07:00,18.0,INCIDENT INVOLVING CAR 22 (TSU) NOTED - TRACK LIMITS,noted,22,1,,,track_limits
9244,2023-aut,Race,2023-07-02 06:25:49-07:00,18.0,FIA STEWARDS: INCIDENT INVOLVING CAR 22 (TSU) UNDER INVESTIGATION - TRACK LIMITS,investigation,22,1,,,track_limits
9246,2023-aut,Race,2023-07-02 06:26:00-07:00,18.0,FIA STEWARDS: 5 SECOND TIME PENALTY FOR CAR 22 (TSU) - TRACK LIMITS,sanction_announced,22,1,,,track_limits
9247,2023-aut,Race,2023-07-02 06:27:31-07:00,20.0,PIT LANE INCIDENT INVOLVING CARS 23 (ALB) AND 10 (GAS) NOTED ,noted,10|23,2,Pit Lane,,other
9248,2023-aut,Race,2023-07-02 06:28:00-07:00,20.0,CORRECTION: PIT LANE INCIDENT INVOLVING CARS 2 (SAR) AND 10 (GAS) NOTED ,noted,2|10,2,Pit Lane,,other
9252,2023-aut,Race,2023-07-02 06:29:21-07:00,21.0,CORRECTION: PIT LANE INCIDENT INVOLVING CARS 2 (SAR) AND 31 (OCO) NOTED ,noted,2|31,2,Pit Lane,,other
9257,2023-aut,Race,2023-07-02 06:32:07-07:00,24.0,FIA STEWARDS: PIT LANE INCIDENT INVOLVING CARS 2 (SAR) AND 31 (OCO) UNDER INVESTIGATION ,investigation,2|31,2,Pit Lane,,other
9259,2023-aut,Race,2023-07-02 06:33:33-07:00,25.0,FIA STEWARDS: 5 SECOND TIME PENALTY FOR CAR 31 (OCO) - UNSAFE RELEASE,sanction_announced,31,1,,,unsafe_release
9265,2023-aut,Race,2023-07-02 06:38:01-07:00,28.0,INCIDENT INVOLVING CAR 55 (SAI) NOTED - TRACK LIMITS,noted,55,1,,,track_limits
9266,2023-aut,Race,2023-07-02 06:38:12-07:00,29.0,FIA STEWARDS: INCIDENT INVOLVING CAR 55 (SAI) UNDER INVESTIGATION - TRACK LIMITS,investigation,55,1,,,track_limits
9267,2023-aut,Race,2023-07-02 06:38:19-07:00,29.0,FIA STEWARDS: 5 SECOND TIME PENALTY FOR CAR 55 (SAI) - TRACK LIMITS,sanction_announced,55,1,,,track_limits
9268,2023-aut,Race,2023-07-02 06:39:31-07:00,30.0,INCIDENT INVOLVING CAR 22 (TSU) NOTED - FAILING TO SERVE PENALTY CORRECTLY,sanction_announced,22,1,,,other
9269,2023-aut,Race,2023-07-02 06:39:44-07:00,30.0,FIA STEWARDS: INCIDENT INVOLVING CAR 22 (TSU) UNDER INVESTIGATION - FAILING TO SERVE PENALTY CORRECTLY,investigation,22,1,,,other
9287,2023-aut,Race,2023-07-02 06:44:33-07:00,34.0,INCIDENT INVOLVING CAR 23 (ALB) NOTED - TRACK LIMITS,noted,23,1,,,track_limits
9288,2023-aut,Race,2023-07-02 06:44:52-07:00,34.0,FIA STEWARDS: INCIDENT INVOLVING CAR 23 (ALB) UNDER INVESTIGATION - TRACK LIMITS,investigation,23,1,,,track_limits
9289,2023-aut,Race,2023-07-02 06:45:08-07:00,34.0,FIA STEWARDS: 5 SECOND TIME PENALTY FOR CAR 23 (ALB) - TRACK LIMITS,sanction_announced,23,1,,,track_limits
9290,2023-aut,Race,2023-07-02 06:45:19-07:00,35.0,FIA STEWARDS: INCIDENT INVOLVING CAR 22 (TSU) NO FURTHER ACTION - FAILING TO SERVE PENALTY CORRECTLY,no_further_action,22,1,,,other
9312,2023-aut,Race,2023-07-02 06:49:51-07:00,39.0,TURN 6 INCIDENT INVOLVING CARS 20 (MAG) AND 21 (DEV) NOTED - FORCING ANOTHER DRIVER OFF THE TRACK,noted,20|21,2,Turn 6,,forcing_off_track
9313,2023-aut,Race,2023-07-02 06:49:57-07:00,39.0,FIA STEWARDS: TURN 6 INCIDENT INVOLVING CARS 20 (MAG) AND 21 (DEV) UNDER INVESTIGATION - FORCING ANOTHER DRIVER OFF THE TRACK,investigation,20|21,2,Turn 6,,forcing_off_track
9314,2023-aut,Race,2023-07-02 06:50:21-07:00,39.0,FIA STEWARDS: 5 SECOND TIME PENALTY FOR CAR 21 (DEV) - FORCING ANOTHER DRIVER OFF THE TRACK,sanction_announced,21,1,,,forcing_off_track
9317,2023-aut,Race,2023-07-02 06:53:21-07:00,42.0,INCIDENT INVOLVING CAR 10 (GAS) NOTED - TRACK LIMITS,noted,10,1,,,track_limits
9318,2023-aut,Race,2023-07-02 06:53:29-07:00,42.0,FIA STEWARDS: INCIDENT INVOLVING CAR 10 (GAS) UNDER INVESTIGATION - TRACK LIMITS,investigation,10,1,,,track_limits
9319,2023-aut,Race,2023-07-02 06:54:00-07:00,42.0,FIA STEWARDS: 5 SECOND TIME PENALTY FOR CAR 10 (GAS) - TRACK LIMITS,sanction_announced,10,1,,,track_limits
9336,2023-aut,Race,2023-07-02 07:06:47-07:00,53.0,INCIDENT INVOLVING CAR 22 (TSU) NOTED - 7 TRACK LIMITS,noted,22,1,,,track_limits
9337,2023-aut,Race,2023-07-02 07:06:51-07:00,53.0,FIA STEWARDS: INCIDENT INVOLVING CAR 22 (TSU) UNDER INVESTIGATION - 7 TRACK LIMITS,investigation,22,1,,,track_limits
9338,2023-aut,Race,2023-07-02 07:07:06-07:00,53.0,FIA STEWARDS: 10 SECOND TIME PENALTY FOR CAR 22 (TSU) - 7 TRACK LIMITS,sanction_announced,22,1,,,track_limits
9363,2023-aut,Race,2023-07-02 07:20:20-07:00,65.0,INCIDENT INVOLVING CAR 2 (SAR) NOTED - TRACK LIMITS,noted,2,1,,,track_limits
9368,2023-aut,Race,2023-07-02 07:20:46-07:00,65.0,FIA STEWARDS: INCIDENT INVOLVING CAR 2 (SAR) UNDER INVESTIGATION - TRACK LIMITS,investigation,2,1,,,track_limits
9369,2023-aut,Race,2023-07-02 07:20:53-07:00,65.0,FIA STEWARDS: 5 SECOND TIME PENALTY FOR CAR 2 (SAR) - TRACK LIMITS,sanction_announced,2,1,,,track_limits
9372,2023-aut,Race,2023-07-02 07:21:38-07:00,66.0,INCIDENT INVOLVING CAR 20 (MAG) NOTED - TRACK LIMITS,noted,20,1,,,track_limits
9376,2023-aut,Race,2023-07-02 07:22:28-07:00,67.0,FIA STEWARDS: INCIDENT INVOLVING CAR 20 (MAG) UNDER INVESTIGATION - TRACK LIMITS,investigation,20,1,,,track_limits
9377,2023-aut,Race,2023-07-02 07:22:34-07:00,67.0,FIA STEWARDS: 5 SECOND TIME PENALTY FOR CAR 20 (MAG) - TRACK LIMITS,sanction_announced,20,1,,,track_limits
9430,2023-aut,Sprint,2023-07-01 07:59:52-07:00,22.0,TURN 4 INCIDENT INVOLVING CARS 44 (HAM) AND 16 (LEC) NOTED - CAUSING A COLLISION,noted,16|44,2,Turn 4,,causing_collision
9457,2023-aze,Race,2023-04-30 04:11:59-07:00,5.0,LAP 1 TURN 2 INCIDENT NOTED - CAUSING A COLLISION,noted,,0,Turn 2,1.0,causing_collision
9472,2023-aze,Race,2023-04-30 04:32:37-07:00,15.0,PIT LANE INCIDENT INVOLVING CAR 11 (PER) NOTED - UNSAFE RELEASE,noted,11,1,Pit Lane,,unsafe_release
9475,2023-aze,Race,2023-04-30 04:35:12-07:00,16.0,PIT ENTRY INCIDENT INVOLVING CAR 63 (RUS) NOTED ,noted,63,1,Pit Lane,,other
9526,2023-aze,Sprint,2023-04-29 06:39:57-07:00,3.0,INCIDENT INVOLVING CAR 22 (TSU) NOTED - RELEASED IN UNSAFE CONDITION,noted,22,1,,,other
9529,2023-aze,Sprint,2023-04-29 06:41:49-07:00,4.0,FIA STEWARDS: INCIDENT INVOLVING CAR 22 (TSU) WILL BE INVESTIGATED AFTER THE RACE - RELEASED IN UNSAFE CONDITION,post_session_investigation,22,1,,,other
9561,2023-bel,Race,2023-07-30 06:08:54-07:00,3.0,LAP 1 TURN 1 NOTED,noted,,0,Turn 1,,other
9567,2023-bel,Race,2023-07-30 06:28:26-07:00,14.0,BETWEEN TURN 4 AND 5 INCIDENT INVOLVING CAR 44 (HAM) NOTED - WEAVING ON STRAIGHT,noted,44,1,Turn 4-5,,other
9650,2023-bel,Sprint,2023-07-29 08:56:23-07:00,3.0,INCIDENT INVOLVING CAR 2 (SAR) NOTED - SPEEDING IN THE PIT LANE,noted,2,1,Pit Lane,,other
9654,2023-bel,Sprint,2023-07-29 08:58:34-07:00,4.0,TURN 2 INCIDENT INVOLVING CARS 14 (ALO) AND 27 (HUL) NOTED - IMPEDING,noted,14|27,2,Turn 2,,impeding
9658,2023-bel,Sprint,2023-07-29 09:01:15-07:00,5.0,FIA STEWARDS: INCIDENT INVOLVING CAR 2 (SAR) UNDER INVESTIGATION - SPEEDING IN THE PIT LANE,investigation,2,1,Pit Lane,,other
9662,2023-bel,Sprint,2023-07-29 09:04:01-07:00,6.0,FIA STEWARDS: 5 SECOND TIME PENALTY FOR CAR 2 (SAR) - SPEEDING IN THE PIT LANE,sanction_announced,2,1,Pit Lane,,other
9663,2023-bel,Sprint,2023-07-29 09:05:48-07:00,7.0,TURN 15 INCIDENT INVOLVING CARS 11 (PER) AND 44 (HAM) NOTED - CAUSING A COLLISION,noted,11|44,2,Turn 15,,causing_collision
9666,2023-bel,Sprint,2023-07-29 09:07:41-07:00,8.0,FIA STEWARDS: TURN 15 INCIDENT INVOLVING CARS 11 (PER) AND 44 (HAM) UNDER INVESTIGATION - CAUSING A COLLISION,investigation,11|44,2,Turn 15,,causing_collision
9667,2023-bel,Sprint,2023-07-29 09:10:45-07:00,9.0,FIA STEWARDS: 5 SECOND TIME PENALTY FOR CAR 44 (HAM) - CAUSING A COLLISION,sanction_announced,44,1,,,causing_collision
9692,2023-bhr,Race,2023-03-05 07:07:37-08:00,3.0,TURN 4 INCIDENT INVOLVING CARS 18 (STR) AND 14 (ALO) NOTED - CAUSING A COLLISION,noted,14|18,2,Turn 4,,causing_collision
9698,2023-bhr,Race,2023-03-05 07:22:32-08:00,12.0, INCIDENT INVOLVING CAR 31 (OCO) NOTED - INACCURATE GRID POSITION,noted,31,1,,,other
9699,2023-bhr,Race,2023-03-05 07:26:56-08:00,15.0,FIA STEWARDS: INCIDENT INVOLVING CAR 31 (OCO) UNDER INVESTIGATION - INACCURATE GRID POSITION,investigation,31,1,,,other
9700,2023-bhr,Race,2023-03-05 07:27:19-08:00,15.0,FIA STEWARDS: 5 SECOND TIME PENALTY FOR CAR 31 (OCO) - INACCURATE GRID POSITION,sanction_announced,31,1,,,other
9702,2023-bhr,Race,2023-03-05 07:35:30-08:00,20.0,INCIDENT INVOLVING CAR 31 (OCO) NOTED - SERVING TIME PENALTY INCORRECTLY ,sanction_announced,31,1,,,other
9704,2023-bhr,Race,2023-03-05 07:42:44-08:00,24.0,FIA STEWARDS: INCIDENT INVOLVING CAR 31 (OCO) UNDER INVESTIGATION - SERVING TIME PENALTY INCORRECTLY ,investigation,31,1,,,other
9705,2023-bhr,Race,2023-03-05 07:43:16-08:00,25.0,FIA STEWARDS: 10 SECOND TIME PENALTY FOR CAR 31 (OCO) - SERVING TIME PENALTY INCORRECTLY ,sanction_announced,31,1,,,other
9707,2023-bhr,Race,2023-03-05 07:48:12-08:00,28.0,INCIDENT INVOLVING CAR 31 (OCO) NOTED - SPEEDING IN THE PIT LANE,noted,31,1,Pit Lane,,other
9708,2023-bhr,Race,2023-03-05 07:48:50-08:00,28.0,FIA STEWARDS: INCIDENT INVOLVING CAR 31 (OCO) UNDER INVESTIGATION - SPEEDING IN THE PIT LANE,investigation,31,1,Pit Lane,,other
9709,2023-bhr,Race,2023-03-05 07:49:07-08:00,28.0,FIA STEWARDS: 5 SECOND TIME PENALTY FOR CAR 31 (OCO) - SPEEDING IN THE PIT LANE,sanction_announced,31,1,Pit Lane,,other
9738,2023-bhr,Race,2023-03-05 08:31:38-08:00,54.0,INCIDENT INVOLVING CAR 27 (HUL) NOTED - MULTIPLE TRACK LIMITS,noted,27,1,,,track_limits
9739,2023-bhr,Race,2023-03-05 08:31:52-08:00,54.0,FIA STEWARDS: INCIDENT INVOLVING CAR 27 (HUL) UNDER INVESTIGATION - MULTIPLE TRACK LIMITS,investigation,27,1,,,track_limits
9740,2023-bhr,Race,2023-03-05 08:32:12-08:00,54.0,FIA STEWARDS: 5 SECOND TIME PENALTY FOR CAR 27 (HUL) - MULTIPLE TRACK LIMITS,sanction_announced,27,1,,,track_limits
9747,2023-bhr,Race,2023-03-05 08:42:16-08:00,57.0,INCIDENT INVOLVING CAR 27 (HUL) NOTED - MULTIPLE TRACK LIMITS,noted,27,1,,,track_limits
9748,2023-bhr,Race,2023-03-05 08:42:37-08:00,57.0,FIA STEWARDS: INCIDENT INVOLVING CAR 27 (HUL) UNDER INVESTIGATION - MULTIPLE TRACK LIMITS,investigation,27,1,,,track_limits
9749,2023-bhr,Race,2023-03-05 08:42:52-08:00,57.0,FIA STEWARDS: 10 SECOND TIME PENALTY FOR CAR 27 (HUL) - MULTIPLE TRACK LIMITS,sanction_announced,27,1,,,track_limits
9773,2023-can,Race,2023-06-18 11:21:14-07:00,13.0,PIT LANE INCIDENT INVOLVING CARS 44 (HAM) AND 14 (ALO) NOTED - UNSAFE RELEASE,noted,14|44,2,Pit Lane,,unsafe_release
9775,2023-can,Race,2023-06-18 11:25:48-07:00,16.0,"PIT EXIT INCIDENT INVOLVING CARS 31 (OCO), 77 (BOT) AND 20 (MAG) NOTED - OVERTAKING UNDER SAFETY CAR",noted,20|31|77,3,Pit Lane,,other
9779,2023-can,Race,2023-06-18 11:28:56-07:00,17.0,PIT LANE INCIDENT INVOLVING CAR 4 (NOR) NOTED - UNSAFE RELEASE,noted,4,1,Pit Lane,,unsafe_release
9780,2023-can,Race,2023-06-18 11:29:08-07:00,17.0,FIA STEWARDS: PIT LANE INCIDENT INVOLVING CARS 44 (HAM) AND 14 (ALO) UNDER INVESTIGATION - UNSAFE RELEASE,investigation,14|44,2,Pit Lane,,unsafe_release
9781,2023-can,Race,2023-06-18 11:29:25-07:00,18.0,FIA STEWARDS: PIT LANE INCIDENT INVOLVING CAR 4 (NOR) UNDER INVESTIGATION - UNSAFE RELEASE,investigation,4,1,Pit Lane,,unsafe_release
9785,2023-can,Race,2023-06-18 11:36:58-07:00,24.0,FIA STEWARDS: PIT LANE INCIDENT INVOLVING CARS 44 (HAM) AND 14 (ALO) NO FURTHER ACTION - UNSAFE RELEASE,no_further_action,14|44,2,Pit Lane,,unsafe_release
9786,2023-can,Race,2023-06-18 11:37:03-07:00,24.0,FIA STEWARDS: PIT LANE INCIDENT INVOLVING CAR 4 (NOR) NO FURTHER ACTION - UNSAFE RELEASE,no_further_action,4,1,Pit Lane,,unsafe_release
9788,2023-can,Race,2023-06-18 11:38:26-07:00,25.0,TURN 10 INCIDENT INVOLVING CAR 4 (NOR) NOTED - DRIVING UNNECESSARILY SLOWLY,noted,4,1,Turn 10,,other
9791,2023-can,Race,2023-06-18 11:49:15-07:00,33.0,FIA STEWARDS: TURN 10 INCIDENT INVOLVING CAR 4 (NOR) UNDER INVESTIGATION - DRIVING UNNECESSARILY SLOWLY,investigation,4,1,Turn 10,,other
9798,2023-can,Race,2023-06-18 11:53:50-07:00,37.0,TURN 2 INCIDENT INVOLVING CARS 21 (DEV) AND 20 (MAG) NOTED - CAUSING A COLLISION,noted,20|21,2,Turn 2,,causing_collision
9799,2023-can,Race,2023-06-18 11:55:18-07:00,38.0,FIA STEWARDS: 5 SECOND TIME PENALTY FOR CAR 4 (NOR) - UNSPORTSMANLIKE BEHAVIOUR ,sanction_announced,4,1,,,other
9801,2023-can,Race,2023-06-18 11:58:28-07:00,40.0,FIA STEWARDS: TURN 2 INCIDENT INVOLVING CARS 21 (DEV) AND 20 (MAG) UNDER INVESTIGATION - CAUSING A COLLISION,investigation,20|21,2,Turn 2,,causing_collision
9802,2023-can,Race,2023-06-18 12:00:10-07:00,42.0,FIA STEWARDS: TURN 2 INCIDENT INVOLVING CARS 21 (DEV) AND 20 (MAG) NO FURTHER ACTION - CAUSING A COLLISION,no_further_action,20|21,2,Turn 2,,causing_collision
9820,2023-can,Race,2023-06-18 12:36:03-07:00,70.0,INCIDENT INVOLVING CAR 31 (OCO) NOTED - LOOSE REAR WING ,noted,31,1,,,other
9832,2023-esp,Race,2023-06-04 06:08:48-07:00,5.0,TURN 1 INCIDENT INVOLVING CAR 63 (RUS) NOTED - LEAVING THE TRACK AND GAINING AN ADVANTAGE,noted,63,1,Turn 1,,gaining_advantage_off_track
9857,2023-esp,Race,2023-06-04 07:21:50-07:00,59.0,TURN 1 INCIDENT INVOLVING CARS 22 (TSU) AND 24 (ZHO) NOTED - FORCING ANOTHER DRIVER OFF THE TRACK,noted,22|24,2,Turn 1,,forcing_off_track
9858,2023-esp,Race,2023-06-04 07:22:27-07:00,60.0,FIA STEWARDS: TURN 1 INCIDENT INVOLVING CARS 22 (TSU) AND 24 (ZHO) UNDER INVESTIGATION - FORCING ANOTHER DRIVER OFF THE TRACK,investigation,22|24,2,Turn 1,,forcing_off_track
9863,2023-esp,Race,2023-06-04 07:24:57-07:00,62.0,FIA STEWARDS: 5 SECOND TIME PENALTY FOR CAR 22 (TSU) - FORCING ANOTHER DRIVER OFF THE TRACK,sanction_announced,22,1,,,forcing_off_track
9902,2023-gbr,Race,2023-07-09 08:09:38-07:00,40.0,TURN 15 INCIDENT INVOLVING CAR 18 (STR) NOTED - LEAVING THE TRACK AND GAINING AN ADVANTAGE,noted,18,1,Turn 15,,gaining_advantage_off_track
9907,2023-gbr,Race,2023-07-09 08:19:12-07:00,46.0,TURN 16 INCIDENT INVOLVING CARS 10 (GAS) AND 18 (STR) NOTED - CAUSING A COLLISION,noted,10|18,2,Turn 16,,causing_collision
9908,2023-gbr,Race,2023-07-09 08:19:35-07:00,47.0,FIA STEWARDS: TURN 16 INCIDENT INVOLVING CARS 10 (GAS) AND 18 (STR) UNDER INVESTIGATION - CAUSING A COLLISION,investigation,10|18,2,Turn 16,,causing_collision
9914,2023-gbr,Race,2023-07-09 08:24:06-07:00,50.0,FIA STEWARDS: 5 SECOND TIME PENALTY FOR CAR 18 (STR) - CAUSING A COLLISION,sanction_announced,18,1,,,causing_collision
9923,2023-hun,Race,2023-07-23 06:04:15-07:00,1.0,LAP 1 TURN 1 INCIDENT NOTED,noted,,0,Turn 1,1.0,other
9925,2023-hun,Race,2023-07-23 06:12:34-07:00,7.0,FIA STEWARDS: LAP 1 TURN 1 INCIDENT UNDER INVESTIGATION,investigation,,0,Turn 1,1.0,other
9926,2023-hun,Race,2023-07-23 06:13:32-07:00,8.0,FIA STEWARDS: 5 SECOND TIME PENALTY FOR CAR 24 (ZHO) - CAUSING A COLLISION,sanction_announced,24,1,,,causing_collision
9947,2023-hun,Race,2023-07-23 07:07:17-07:00,46.0,INCIDENT INVOLVING CAR 16 (LEC) NOTED - SPEEDING IN THE PIT LANE,noted,16,1,Pit Lane,,other
9948,2023-hun,Race,2023-07-23 07:07:46-07:00,46.0,FIA STEWARDS: INCIDENT INVOLVING CAR 16 (LEC) UNDER INVESTIGATION - SPEEDING IN THE PIT LANE,investigation,16,1,Pit Lane,,other
9953,2023-hun,Race,2023-07-23 07:09:56-07:00,48.0,FIA STEWARDS: 5 SECOND TIME PENALTY FOR CAR 16 (LEC) - SPEEDING IN THE PIT LANE,sanction_announced,16,1,Pit Lane,,other
9954,2023-hun,Race,2023-07-23 07:10:20-07:00,48.0,TURN 2 INCIDENT INVOLVING CARS 81 (PIA) AND 11 (PER) NOTED - FORCING ANOTHER DRIVER OFF THE TRACK,noted,11|81,2,Turn 2,,forcing_off_track
10022,2023-ita,Race,2023-09-03 06:53:44-07:00,21.0,TURN 2 INCIDENT INVOLVING CARS 63 (RUS) AND 31 (OCO) NOTED - LEAVING THE TRACK AND GAINING AN ADVANTAGE,noted,31|63,2,Turn 2,,gaining_advantage_off_track
10023,2023-ita,Race,2023-09-03 06:55:41-07:00,23.0,FIA STEWARDS: TURN 2 INCIDENT INVOLVING CARS 63 (RUS) AND 31 (OCO) UNDER INVESTIGATION - LEAVING THE TRACK AND GAINING AN ADVANTAGE,investigation,31|63,2,Turn 2,,gaining_advantage_off_track
10024,2023-ita,Race,2023-09-03 06:57:32-07:00,24.0,FIA STEWARDS: 5 SECOND TIME PENALTY FOR CAR 63 (RUS) - LEAVING THE TRACK AND GAINING AN ADVANTAGE,sanction_announced,63,1,,,gaining_advantage_off_track
10025,2023-ita,Race,2023-09-03 06:59:00-07:00,25.0,TURN 1 INCIDENT INVOLVING CARS 4 (NOR) AND 81 (PIA) NOTED - CAUSING A COLLISION,noted,4|81,2,Turn 1,,causing_collision
10033,2023-ita,Race,2023-09-03 07:22:43-07:00,42.0,TURN 4 INCIDENT INVOLVING CARS 81 (PIA) AND 44 (HAM) NOTED - CAUSING A COLLISION,noted,44|81,2,Turn 4,,causing_collision
10035,2023-ita,Race,2023-09-03 07:24:30-07:00,43.0,FIA STEWARDS: TURN 4 INCIDENT INVOLVING CARS 81 (PIA) AND 44 (HAM) UNDER INVESTIGATION - CAUSING A COLLISION,investigation,44|81,2,Turn 4,,causing_collision
10037,2023-ita,Race,2023-09-03 07:26:29-07:00,44.0,FIA STEWARDS: 5 SECOND TIME PENALTY FOR CAR 44 (HAM) - CAUSING A COLLISION,sanction_announced,44,1,,,causing_collision
10038,2023-ita,Race,2023-09-03 07:27:18-07:00,45.0,TURN 5 INCIDENT INVOLVING CARS 2 (SAR) AND 77 (BOT) NOTED - CAUSING A COLLISION,noted,2|77,2,Turn 5,,causing_collision
10041,2023-ita,Race,2023-09-03 07:28:31-07:00,46.0,FIA STEWARDS: TURN 5 INCIDENT INVOLVING CARS 2 (SAR) AND 77 (BOT) UNDER INVESTIGATION - CAUSING A COLLISION,investigation,2|77,2,Turn 5,,causing_collision
10045,2023-ita,Race,2023-09-03 07:35:26-07:00,50.0,FIA STEWARDS: 5 SECOND TIME PENALTY FOR CAR 2 (SAR) - CAUSING A COLLISION,sanction_announced,2,1,,,causing_collision
10055,2023-jpn,Race,2023-09-23 22:08:44-07:00,2.0,LAP 1 TURN 1 NOTED,noted,,0,Turn 1,,other
10056,2023-jpn,Race,2023-09-23 22:11:45-07:00,4.0,INCIDENT INVOLVING CAR 11 (PER) NOTED - SAFETY CAR INFRINGEMENT,noted,11,1,,,other
10066,2023-jpn,Race,2023-09-23 22:18:34-07:00,7.0,TURN 11 INCIDENT INVOLVING CARS 77 (BOT) AND 2 (SAR) NOTED - CAUSING A COLLISION,noted,2|77,2,Turn 11,,causing_collision
10068,2023-jpn,Race,2023-09-23 22:20:27-07:00,8.0,FIA STEWARDS: INCIDENT INVOLVING CAR 11 (PER) UNDER INVESTIGATION - SAFETY CAR INFRINGEMENT,investigation,11,1,,,other
10069,2023-jpn,Race,2023-09-23 22:20:35-07:00,8.0,FIA STEWARDS: TURN 11 INCIDENT INVOLVING CARS 77 (BOT) AND 2 (SAR) UNDER INVESTIGATION - CAUSING A COLLISION,investigation,2|77,2,Turn 11,,causing_collision
10070,2023-jpn,Race,2023-09-23 22:21:31-07:00,9.0,FIA STEWARDS: 5 SECOND TIME PENALTY FOR CAR 2 (SAR) - CAUSING A COLLISION,sanction_announced,2,1,,,causing_collision
10071,2023-jpn,Race,2023-09-23 22:22:37-07:00,9.0,FIA STEWARDS: 5 SECOND TIME PENALTY FOR CAR 11 (PER) - SAFETY CAR INFRINGEMENT,sanction_announced,11,1,,,other
10080,2023-jpn,Race,2023-09-23 22:28:14-07:00,13.0,TURN 11 INCIDENT INVOLVING CARS 11 (PER) AND 20 (MAG) NOTED - CAUSING A COLLISION,noted,11|20,2,Turn 11,,causing_collision
10092,2023-jpn,Race,2023-09-23 22:31:17-07:00,15.0,FIA STEWARDS: TURN 11 INCIDENT INVOLVING CARS 11 (PER) AND 20 (MAG) UNDER INVESTIGATION - CAUSING A COLLISION,investigation,11|20,2,Turn 11,,causing_collision
10093,2023-jpn,Race,2023-09-23 22:31:41-07:00,15.0,FIA STEWARDS: 5 SECOND TIME PENALTY FOR CAR 11 (PER) - CAUSING A COLLISION,sanction_announced,11,1,,,causing_collision
10095,2023-jpn,Race,2023-09-23 22:36:31-07:00,18.0,TURN 14 INCIDENT INVOLVING CARS 63 (RUS) AND 44 (HAM) NOTED - FORCING ANOTHER DRIVER OFF THE TRACK,noted,44|63,2,Turn 14,,forcing_off_track
10105,2023-jpn,Race,2023-09-23 23:23:51-07:00,47.0,TURN 2 INCIDENT INVOLVING CARS 16 (LEC) AND 63 (RUS) NOTED - LEAVING THE TRACK AND GAINING AN ADVANTAGE,noted,16|63,2,Turn 2,,gaining_advantage_off_track
10123,2023-lvs,Race,2023-11-18 22:04:53-08:00,1.0,LAP 1 TURN 1 NOTED,noted,,0,Turn 1,,other
10128,2023-lvs,Race,2023-11-18 22:09:05-08:00,3.0,FIA STEWARDS: LAP 1 TURN 1 UNDER INVESTIGATION,investigation,,0,Turn 1,,other
10136,2023-lvs,Race,2023-11-18 22:20:32-08:00,8.0,FIA STEWARDS: LAP 1 TURN 1 INCIDENT 5 SECOND TIME PENALTY FOR CAR 1 (VER) - FORCING ANOTHER DRIVER OFF THE TRACK,sanction_announced,1,1,Turn 1,1.0,forcing_off_track
10146,2023-lvs,Race,2023-11-18 22:37:18-08:00,18.0,TURN 14 INCIDENT INVOLVING CARS 81 (PIA) AND 44 (HAM) NOTED - CAUSING A COLLISION,noted,44|81,2,Turn 14,,causing_collision
10157,2023-lvs,Race,2023-11-18 22:52:52-08:00,27.0,TURN 12 INCIDENT INVOLVING CARS 63 (RUS) AND 1 (VER) NOTED - CAUSING A COLLISION,noted,1|63,2,Turn 12,,causing_collision
10158,2023-lvs,Race,2023-11-18 22:54:11-08:00,27.0,FIA STEWARDS: TURN 12 INCIDENT INVOLVING CARS 63 (RUS) AND 1 (VER) UNDER INVESTIGATION - CAUSING A COLLISION,investigation,1|63,2,Turn 12,,causing_collision
10163,2023-lvs,Race,2023-11-18 22:57:22-08:00,28.0,FIA STEWARDS: 5 SECOND TIME PENALTY FOR CAR 63 (RUS) - CAUSING A COLLISION,sanction_announced,63,1,,,causing_collision
10165,2023-lvs,Race,2023-11-18 22:58:44-08:00,29.0,PIT LANE INCIDENT INVOLVING CAR 1 (VER) NOTED - UNSAFE RELEASE,noted,1,1,Pit Lane,,unsafe_release
10206,2023-mco,Race,2023-05-28 06:05:08-07:00,2.0,TURN 5 INCIDENT INVOLVING CARS 27 (HUL) AND 2 (SAR) NOTED - CAUSING A COLLISION,noted,2|27,2,Turn 5,,causing_collision
10208,2023-mco,Race,2023-05-28 06:06:21-07:00,3.0,INCIDENT INVOLVING CAR 63 (RUS) NOTED - INCORRECT STARTING LOCATION,noted,63,1,,,other
10210,2023-mco,Race,2023-05-28 06:08:07-07:00,4.0,FIA STEWARDS: TURN 5 INCIDENT INVOLVING CARS 27 (HUL) AND 2 (SAR) UNDER INVESTIGATION - CAUSING A COLLISION,investigation,2|27,2,Turn 5,,causing_collision
10211,2023-mco,Race,2023-05-28 06:08:42-07:00,5.0,FIA STEWARDS: 5 SECOND TIME PENALTY FOR CAR 27 (HUL) - CAUSING A COLLISION,sanction_announced,27,1,,,causing_collision
10216,2023-mco,Race,2023-05-28 06:19:48-07:00,13.0,TURN 10 INCIDENT INVOLVING CARS 55 (SAI) AND 31 (OCO) NOTED - CAUSING A COLLISION,noted,31|55,2,Turn 10,,causing_collision
10231,2023-mco,Race,2023-05-28 06:45:44-07:00,33.0,TURN 10 INCIDENT INVOLVING CARS 11 (PER) AND 18 (STR) NOTED - LEAVING THE TRACK AND GAINING AN ADVANTAGE,noted,11|18,2,Turn 10,,gaining_advantage_off_track
10246,2023-mco,Race,2023-05-28 06:53:31-07:00,39.0,TURN 19 INCIDENT INVOLVING CARS 20 (MAG) AND 18 (STR) NOTED - CAUSING A COLLISION,noted,18|20,2,Turn 19,,causing_collision
10327,2023-mco,Race,2023-05-28 07:19:26-07:00,58.0,TURN 5 INCIDENT INVOLVING CARS 63 (RUS) AND 11 (PER) NOTED - UNSAFE REJOIN,noted,11|63,2,Turn 5,,unsafe_rejoin
10339,2023-mco,Race,2023-05-28 07:21:35-07:00,59.0, INCIDENT INVOLVING CAR 2 (SAR) NOTED - SPEEDING IN THE PIT LANE,noted,2,1,Pit Lane,,other
10340,2023-mco,Race,2023-05-28 07:21:42-07:00,59.0,FIA STEWARDS: INCIDENT INVOLVING CAR 2 (SAR) UNDER INVESTIGATION - SPEEDING IN THE PIT LANE,investigation,2,1,Pit Lane,,other
10341,2023-mco,Race,2023-05-28 07:21:54-07:00,59.0,FIA STEWARDS: TURN 5 INCIDENT INVOLVING CARS 63 (RUS) AND 11 (PER) UNDER INVESTIGATION - UNSAFE REJOIN,investigation,11|63,2,Turn 5,,unsafe_rejoin
10343,2023-mco,Race,2023-05-28 07:22:08-07:00,59.0,FIA STEWARDS: 5 SECOND TIME PENALTY FOR CAR 2 (SAR) - SPEEDING IN THE PIT LANE,sanction_announced,2,1,Pit Lane,,other
10344,2023-mco,Race,2023-05-28 07:22:20-07:00,59.0,FIA STEWARDS: 5 SECOND TIME PENALTY FOR CAR 63 (RUS) - UNSAFE REJOIN,sanction_announced,63,1,,,unsafe_rejoin
10352,2023-mco,Race,2023-05-28 07:24:17-07:00,60.0,INCIDENT INVOLVING CAR 27 (HUL) NOTED - SERVING PENALTY INCORRECTLY ,sanction_announced,27,1,,,other
10360,2023-mco,Race,2023-05-28 07:28:59-07:00,63.0,FIA STEWARDS: INCIDENT INVOLVING CAR 27 (HUL) UNDER INVESTIGATION - SERVING PENALTY INCORRECTLY ,investigation,27,1,,,other
10361,2023-mco,Race,2023-05-28 07:29:26-07:00,64.0,FIA STEWARDS: 10 SECOND TIME PENALTY FOR CAR 27 (HUL) - SERVING PENALTY INCORRECTLY ,sanction_announced,27,1,,,other
10421,2023-mco,Race,2023-05-28 07:49:33-07:00,77.0,INCIDENT INVOLVING CAR 23 (ALB) NOTED - MULTIPLE TRACK LIMIT INFRINGEMENTS,noted,23,1,,,track_limits
10439,2023-mex,Race,2023-10-29 12:17:03-07:00,1.0,INCIDENT INVOLVING CAR 14 (ALO) NOTED - SPEEDING IN THE PIT LANE,noted,14,1,Pit Lane,,other
10465,2023-mex,Race,2023-10-29 13:03:55-07:00,1.0,LAP 1 TURN 1 NOTED,noted,,0,Turn 1,,other
10471,2023-mex,Race,2023-10-29 13:10:19-07:00,5.0,INCIDENT INVOLVING CAR 16 (LEC) NOTED - DRIVING IN AN UNSAFE CONDITION,noted,16,1,,,other
10479,2023-mex,Race,2023-10-29 13:28:27-07:00,18.0,FIA STEWARDS: INCIDENT INVOLVING CAR 16 (LEC) WILL BE INVESTIGATED AFTER THE RACE - DRIVING IN AN UNSAFE CONDITION,post_session_investigation,16,1,,,other
10497,2023-mex,Race,2023-10-29 14:34:43-07:00,49.0,TURN 2 INCIDENT INVOLVING CARS 22 (TSU) AND 81 (PIA) NOTED - CAUSING A COLLISION,noted,22|81,2,Turn 2,,causing_collision
10504,2023-mex,Race,2023-10-29 14:35:58-07:00,50.0,TURN 1 INCIDENT INVOLVING CARS 22 (TSU) AND 81 (PIA) NOTED - CAUSING A COLLISION,noted,22|81,2,Turn 1,,causing_collision
10506,2023-mex,Race,2023-10-29 14:39:59-07:00,53.0,FIA STEWARDS: TURN 2 INCIDENT INVOLVING CARS 22 (TSU) AND 81 (PIA) UNDER INVESTIGATION - CAUSING A COLLISION,investigation,22|81,2,Turn 2,,causing_collision
10507,2023-mex,Race,2023-10-29 14:40:05-07:00,53.0,FIA STEWARDS: TURN 1 INCIDENT INVOLVING CARS 22 (TSU) AND 81 (PIA) UNDER INVESTIGATION - CAUSING A COLLISION,investigation,22|81,2,Turn 1,,causing_collision
10519,2023-mex,Race,2023-10-29 15:00:56-07:00,68.0,TURN 14 INCIDENT INVOLVING CARS 18 (STR) AND 77 (BOT) NOTED - CAUSING A COLLISION,noted,18|77,2,Turn 14,,causing_collision
10524,2023-mex,Race,2023-10-29 15:01:28-07:00,68.0,FIA STEWARDS: TURN 14 INCIDENT INVOLVING CARS 18 (STR) AND 77 (BOT) WILL BE INVESTIGATED AFTER THE RACE - CAUSING A COLLISION,post_session_investigation,18|77,2,Turn 14,,causing_collision
10526,2023-mex,Race,2023-10-29 15:05:59-07:00,71.0,FIA STEWARDS: TURN 1 INCIDENT INVOLVING CARS 22 (TSU) AND 81 (PIA) NO FURTHER ACTION - CAUSING A COLLISION,no_further_action,22|81,2,Turn 1,,causing_collision
10527,2023-mex,Race,2023-10-29 15:06:06-07:00,71.0,FIA STEWARDS: TURN 2 INCIDENT INVOLVING CARS 22 (TSU) AND 81 (PIA) NO FURTHER ACTION - CAUSING A COLLISION,no_further_action,22|81,2,Turn 2,,causing_collision
10544,2023-mia,Race,2023-05-07 12:37:38-07:00,3.0,LAP 1 TURN 1 INCIDENT INVOLVING CARS 4 (NOR) AND 21 (DEV) NOTED - CAUSING A COLLISION,noted,4|21,2,Turn 1,1.0,causing_collision
10547,2023-mia,Race,2023-05-07 13:05:27-07:00,21.0,INCIDENT INVOLVING CAR 55 (SAI) NOTED - SPEEDING IN THE PIT LANE,noted,55,1,Pit Lane,,other
10548,2023-mia,Race,2023-05-07 13:07:50-07:00,22.0,FIA STEWARDS: INCIDENT INVOLVING CAR 55 (SAI) UNDER INVESTIGATION - SPEEDING IN THE PIT LANE,investigation,55,1,Pit Lane,,other
10549,2023-mia,Race,2023-05-07 13:08:12-07:00,23.0,FIA STEWARDS: 5 SECOND TIME PENALTY FOR CAR 55 (SAI) - SPEEDING IN THE PIT LANE,sanction_announced,55,1,Pit Lane,,other
10550,2023-mia,Race,2023-05-07 13:09:35-07:00,24.0,TURN 11 INCIDENT INVOLVING CARS 18 (STR) AND 63 (RUS) NOTED - LEAVING THE TRACK AND GAINING AN ADVANTAGE,noted,18|63,2,Turn 11,,gaining_advantage_off_track
10577,2023-ned,Race,2023-08-27 06:07:16-07:00,3.0,PIT LANE INCIDENT INVOLVING CARS 20 (MAG) AND 40 (LAW) NOTED - IMPEDING,noted,20|40,2,Pit Lane,,impeding
10579,2023-ned,Race,2023-08-27 06:09:36-07:00,5.0,FIA STEWARDS: PIT LANE INCIDENT INVOLVING CARS 20 (MAG) AND 40 (LAW) UNDER INVESTIGATION - IMPEDING,investigation,20|40,2,Pit Lane,,impeding
10581,2023-ned,Race,2023-08-27 06:11:36-07:00,6.0,FIA STEWARDS: 10 SECOND TIME PENALTY FOR CAR 40 (LAW) - IMPEDING,sanction_announced,40,1,,,impeding
10590,2023-ned,Race,2023-08-27 06:23:14-07:00,14.0,INCIDENT INVOLVING CAR 10 (GAS) UNDER INVESTIGATION - SPEEDING IN THE PIT LANE,investigation,10,1,Pit Lane,,other
10595,2023-ned,Race,2023-08-27 06:27:07-07:00,17.0,FIA STEWARDS: 5 SECOND TIME PENALTY FOR CAR 10 (GAS) - SPEEDING IN THE PIT LANE,sanction_announced,10,1,Pit Lane,,other
10602,2023-ned,Race,2023-08-27 06:40:21-07:00,24.0,TURN 1 INCIDENT INVOLVING CARS 20 (MAG) AND 23 (ALB) NOTED - MOVING UNDER BRAKING ,noted,20|23,2,Turn 1,,moving_under_braking
10604,2023-ned,Race,2023-08-27 06:43:02-07:00,27.0,TURN 1 INCIDENT INVOLVING CARS 22 (TSU) AND 31 (OCO) NOTED - FORCING ANOTHER DRIVER OFF THE TRACK,noted,22|31,2,Turn 1,,forcing_off_track
10606,2023-ned,Race,2023-08-27 07:17:50-07:00,54.0,TURN 1 INCIDENT INVOLVING CARS 22 (TSU) AND 63 (RUS) NOTED - CAUSING A COLLISION,noted,22|63,2,Turn 1,,causing_collision
10607,2023-ned,Race,2023-08-27 07:18:16-07:00,54.0,FIA STEWARDS: TURN 1 INCIDENT INVOLVING CARS 22 (TSU) AND 63 (RUS) UNDER INVESTIGATION - CAUSING A COLLISION,investigation,22|63,2,Turn 1,,causing_collision
10614,2023-ned,Race,2023-08-27 07:29:14-07:00,63.0,FIA STEWARDS: 5 SECOND TIME PENALTY FOR CAR 22 (TSU) - CAUSING A COLLISION,sanction_announced,22,1,,,causing_collision
10630,2023-ned,Race,2023-08-27 08:19:36-07:00,67.0,INCIDENT INVOLVING CAR 11 (PER) NOTED - SPEEDING IN THE PIT LANE,noted,11,1,Pit Lane,,other
10631,2023-ned,Race,2023-08-27 08:19:45-07:00,67.0,FIA STEWARDS: INCIDENT INVOLVING CAR 11 (PER) UNDER INVESTIGATION - SPEEDING IN THE PIT LANE,investigation,11,1,Pit Lane,,other
10632,2023-ned,Race,2023-08-27 08:20:00-07:00,67.0,FIA STEWARDS: 5 SECOND TIME PENALTY FOR CAR 11 (PER) - SPEEDING IN THE PIT LANE,sanction_announced,11,1,Pit Lane,,other
10634,2023-ned,Race,2023-08-27 08:21:40-07:00,68.0,TURN 11 INCIDENT INVOLVING CARS 4 (NOR) AND 63 (RUS) NOTED - CAUSING A COLLISION,noted,4|63,2,Turn 11,,causing_collision
10638,2023-ned,Race,2023-08-27 08:38:47-07:00,72.0,INCIDENT INVOLVING CAR 20 (MAG) NOTED - RESTART INFRINGEMENT ,noted,20,1,,,other
10639,2023-ned,Race,2023-08-27 08:39:11-07:00,72.0,FIA STEWARDS: INCIDENT INVOLVING CAR 20 (MAG) UNDER INVESTIGATION - RESTART INFRINGEMENT ,investigation,20,1,,,other
10647,2023-qat,Race,2023-10-08 10:07:16-07:00,2.0,TURN 1 INCIDENT INVOLVING CAR 44 (HAM) NOTED - CROSSING THE TRACK,noted,44,1,Turn 1,,other
10648,2023-qat,Race,2023-10-08 10:07:49-07:00,3.0,FIA STEWARDS: TURN 1 INCIDENT INVOLVING CAR 44 (HAM) WILL BE INVESTIGATED AFTER THE RACE - CROSSING THE TRACK,post_session_investigation,44,1,Turn 1,,other
10649,2023-qat,Race,2023-10-08 10:08:18-07:00,3.0,INCIDENT INVOLVING CAR 27 (HUL) NOTED - INCORRECT STARTING LOCATION,noted,27,1,,,other
10650,2023-qat,Race,2023-10-08 10:09:04-07:00,3.0,TURN 1 INCIDENT INVOLVING CARS 44 (HAM) AND 63 (RUS) NOTED - CAUSING A COLLISION,noted,44|63,2,Turn 1,,causing_collision
10651,2023-qat,Race,2023-10-08 10:10:07-07:00,3.0,FIA STEWARDS: TURN 1 INCIDENT INVOLVING CARS 44 (HAM) AND 63 (RUS) WILL BE INVESTIGATED AFTER THE RACE - CAUSING A COLLISION,post_session_investigation,44|63,2,Turn 1,,causing_collision
10655,2023-qat,Race,2023-10-08 10:14:36-07:00,6.0,FIA STEWARDS: INCIDENT INVOLVING CAR 27 (HUL) UNDER INVESTIGATION - INCORRECT STARTING LOCATION,investigation,27,1,,,other
10656,2023-qat,Race,2023-10-08 10:15:06-07:00,6.0,FIA STEWARDS: 10 SECOND TIME PENALTY FOR CAR 27 (HUL) - INCORRECT STARTING LOCATION,sanction_announced,27,1,,,other
10691,2023-qat,Race,2023-10-08 10:45:14-07:00,26.0,INCIDENT INVOLVING CAR 11 (PER) NOTED - TRACK LIMITS,noted,11,1,,,track_limits
10692,2023-qat,Race,2023-10-08 10:45:41-07:00,26.0,FIA STEWARDS: INCIDENT INVOLVING CAR 11 (PER) UNDER INVESTIGATION - TRACK LIMITS,investigation,11,1,,,track_limits
10693,2023-qat,Race,2023-10-08 10:46:30-07:00,27.0,FIA STEWARDS: 5 SECOND TIME PENALTY FOR CAR 11 (PER) - TRACK LIMITS,sanction_announced,11,1,,,track_limits
10700,2023-qat,Race,2023-10-08 10:57:12-07:00,34.0,TURN 2 INCIDENT INVOLVING CAR 14 (ALO) NOTED - REJOINING UNSAFELY,noted,14,1,Turn 2,,unsafe_rejoin
10702,2023-qat,Race,2023-10-08 10:59:03-07:00,35.0,FIA STEWARDS: TURN 2 INCIDENT INVOLVING CAR 14 (ALO) UNDER INVESTIGATION - REJOINING UNSAFELY,investigation,14,1,Turn 2,,unsafe_rejoin
10706,2023-qat,Race,2023-10-08 11:02:36-07:00,38.0,INCIDENT INVOLVING CAR 11 (PER) NOTED - TRACK LIMITS,noted,11,1,,,track_limits
10707,2023-qat,Race,2023-10-08 11:02:47-07:00,38.0,FIA STEWARDS: INCIDENT INVOLVING CAR 11 (PER) UNDER INVESTIGATION - TRACK LIMITS,investigation,11,1,,,track_limits
10708,2023-qat,Race,2023-10-08 11:03:27-07:00,38.0,FIA STEWARDS: 5 SECOND TIME PENALTY FOR CAR 11 (PER) - TRACK LIMITS,sanction_announced,11,1,,,track_limits
10721,2023-qat,Race,2023-10-08 11:09:48-07:00,43.0,INCIDENT INVOLVING CAR 18 (STR) NOTED - TRACK LIMITS,noted,18,1,,,track_limits
10723,2023-qat,Race,2023-10-08 11:09:59-07:00,43.0,FIA STEWARDS: INCIDENT INVOLVING CAR 18 (STR) UNDER INVESTIGATION - TRACK LIMITS,investigation,18,1,,,track_limits
10724,2023-qat,Race,2023-10-08 11:10:25-07:00,43.0,FIA STEWARDS: 5 SECOND TIME PENALTY FOR CAR 18 (STR) - TRACK LIMITS,sanction_announced,18,1,,,track_limits
10726,2023-qat,Race,2023-10-08 11:10:40-07:00,43.0,INCIDENT INVOLVING CAR 10 (GAS) NOTED - TRACK LIMITS,noted,10,1,,,track_limits
10727,2023-qat,Race,2023-10-08 11:10:47-07:00,44.0,FIA STEWARDS: INCIDENT INVOLVING CAR 10 (GAS) UNDER INVESTIGATION - TRACK LIMITS,investigation,10,1,,,track_limits
10728,2023-qat,Race,2023-10-08 11:11:10-07:00,44.0,FIA STEWARDS: 5 SECOND TIME PENALTY FOR CAR 10 (GAS) - TRACK LIMITS,sanction_announced,10,1,,,track_limits
10730,2023-qat,Race,2023-10-08 11:13:54-07:00,46.0,INCIDENT INVOLVING CAR 10 (GAS) NOTED - TRACK LIMITS,noted,10,1,,,track_limits
10732,2023-qat,Race,2023-10-08 11:14:10-07:00,46.0,FIA STEWARDS: INCIDENT INVOLVING CAR 10 (GAS) UNDER INVESTIGATION - TRACK LIMITS,investigation,10,1,,,track_limits
10733,2023-qat,Race,2023-10-08 11:14:25-07:00,46.0,FIA STEWARDS: 5 SECOND TIME PENALTY FOR CAR 10 (GAS) - TRACK LIMITS,sanction_announced,10,1,,,track_limits
10736,2023-qat,Race,2023-10-08 11:15:30-07:00,47.0,INCIDENT INVOLVING CAR 23 (ALB) NOTED - TRACK LIMITS,noted,23,1,,,track_limits
10737,2023-qat,Race,2023-10-08 11:15:43-07:00,47.0,FIA STEWARDS: INCIDENT INVOLVING CAR 23 (ALB) UNDER INVESTIGATION - TRACK LIMITS,investigation,23,1,,,track_limits
10738,2023-qat,Race,2023-10-08 11:15:55-07:00,47.0,FIA STEWARDS: 5 SECOND TIME PENALTY FOR CAR 23 (ALB) - TRACK LIMITS,sanction_announced,23,1,,,track_limits
10743,2023-qat,Race,2023-10-08 11:18:34-07:00,49.0,INCIDENT INVOLVING CAR 23 (ALB) NOTED - TRACK LIMITS,noted,23,1,,,track_limits
10744,2023-qat,Race,2023-10-08 11:18:40-07:00,49.0,FIA STEWARDS: INCIDENT INVOLVING CAR 23 (ALB) UNDER INVESTIGATION - TRACK LIMITS,investigation,23,1,,,track_limits
10745,2023-qat,Race,2023-10-08 11:18:49-07:00,49.0,FIA STEWARDS: 5 SECOND TIME PENALTY FOR CAR 23 (ALB) - TRACK LIMITS,sanction_announced,23,1,,,track_limits
10752,2023-qat,Race,2023-10-08 11:24:41-07:00,53.0,TURN 1 INCIDENT INVOLVING CARS 10 (GAS) AND 18 (STR) NOTED - LEAVING THE TRACK AND GAINING AN ADVANTAGE,noted,10|18,2,Turn 1,,gaining_advantage_off_track
10753,2023-qat,Race,2023-10-08 11:25:15-07:00,53.0,FIA STEWARDS: TURN 1 INCIDENT INVOLVING CARS 10 (GAS) AND 18 (STR) UNDER INVESTIGATION - LEAVING THE TRACK AND GAINING AN ADVANTAGE,investigation,10|18,2,Turn 1,,gaining_advantage_off_track
10754,2023-qat,Race,2023-10-08 11:26:06-07:00,54.0,FIA STEWARDS: TURN 1 INCIDENT INVOLVING CARS 10 (GAS) AND 18 (STR) NO FURTHER ACTION - LEAVING THE TRACK AND GAINING AN ADVANTAGE,no_further_action,10|18,2,Turn 1,,gaining_advantage_off_track
10756,2023-qat,Race,2023-10-08 11:26:20-07:00,54.0,INCIDENT INVOLVING CAR 18 (STR) NOTED - TRACK LIMITS,noted,18,1,,,track_limits
10757,2023-qat,Race,2023-10-08 11:26:25-07:00,54.0,FIA STEWARDS: INCIDENT INVOLVING CAR 18 (STR) UNDER INVESTIGATION - TRACK LIMITS,investigation,18,1,,,track_limits
10758,2023-qat,Race,2023-10-08 11:26:31-07:00,54.0,FIA STEWARDS: 5 SECOND TIME PENALTY FOR CAR 18 (STR) - TRACK LIMITS,sanction_announced,18,1,,,track_limits
10765,2023-qat,Race,2023-10-08 11:30:00-07:00,57.0,INCIDENT INVOLVING CAR 10 (GAS) NOTED - TRACK LIMITS,noted,10,1,,,track_limits
10766,2023-qat,Race,2023-10-08 11:30:17-07:00,57.0,FIA STEWARDS: INCIDENT INVOLVING CAR 10 (GAS) UNDER INVESTIGATION - TRACK LIMITS,investigation,10,1,,,track_limits
10767,2023-qat,Race,2023-10-08 11:30:28-07:00,57.0,FIA STEWARDS: 5 SECOND TIME PENALTY FOR CAR 10 (GAS) - TRACK LIMITS,sanction_announced,10,1,,,track_limits
10770,2023-qat,Race,2023-10-08 11:30:57-07:00,57.0,INCIDENT INVOLVING CAR 11 (PER) NOTED - TRACK LIMITS,noted,11,1,,,track_limits
10773,2023-qat,Race,2023-10-08 11:36:17-07:00,57.0,FIA STEWARDS: INCIDENT INVOLVING CAR 11 (PER) UNDER INVESTIGATION - TRACK LIMITS,investigation,11,1,,,track_limits
10774,2023-qat,Race,2023-10-08 11:36:29-07:00,57.0,FIA STEWARDS: 5 SECOND TIME PENALTY FOR CAR 11 (PER) - TRACK LIMITS,sanction_announced,11,1,,,track_limits
10808,2023-qat,Sprint,2023-10-07 10:54:14-07:00,12.0,"TURN 2 INCIDENT INVOLVING CARS 11 (PER), 27 (HUL) AND 31 (OCO) NOTED - CAUSING A COLLISION",noted,11|27|31,3,Turn 2,,causing_collision
10828,2023-qat,Sprint,2023-10-07 11:12:37-07:00,19.0,TRACK LIMIT INFRINGEMENTS ARE STILL UNDER INVESTIGATION,investigation,,0,,,track_limits
10834,2023-qat,Sprint,2023-10-07 11:17:50-07:00,19.0,INCIDENT INVOLVING CAR 18 (STR) NOTED - TRACK LIMITS,noted,18,1,,,track_limits
10835,2023-qat,Sprint,2023-10-07 11:17:54-07:00,19.0,INCIDENT INVOLVING CAR 16 (LEC) NOTED - TRACK LIMITS,noted,16,1,,,track_limits
10858,2023-sao,Race,2023-11-05 09:24:57-08:00,3.0,LAP 1 TURN 1 INCIDENT INVOLVING CARS 23 (ALB) AND 20 (MAG) NOTED - CAUSING A COLLISION,noted,20|23,2,Turn 1,1.0,causing_collision
10905,2023-sau,Race,2023-03-19 10:04:28-07:00,1.0,INCIDENT INVOLVING CAR 14 (ALO) NOTED - INCORRECT STARTING LOCATION,noted,14,1,,,other
10908,2023-sau,Race,2023-03-19 10:05:51-07:00,2.0,FIA STEWARDS: INCIDENT INVOLVING CAR 14 (ALO) UNDER INVESTIGATION - INCORRECT STARTING LOCATION,investigation,14,1,,,other
10909,2023-sau,Race,2023-03-19 10:06:05-07:00,2.0,FIA STEWARDS: 5 SECOND TIME PENALTY FOR CAR 14 (ALO) - INCORRECT STARTING LOCATION,sanction_announced,14,1,,,other
10917,2023-sau,Race,2023-03-19 10:15:21-07:00,8.0,START STRAIGHT INCIDENT INVOLVING CAR 44 (HAM) NOTED - WEAVING ON STRAIGHT,noted,44,1,,,other
10918,2023-sau,Race,2023-03-19 10:15:38-07:00,8.0,FIA STEWARDS: START STRAIGHT INCIDENT INVOLVING CAR 44 (HAM) UNDER INVESTIGATION - WEAVING ON STRAIGHT,investigation,44,1,,,other
10952,2023-sau,Race,2023-03-19 11:38:13-07:00,50.0,PIT LANE INCIDENT INVOLVING CAR 14 (ALO) NOTED - SERVING PENALTY INCORRECTLY ,sanction_announced,14,1,Pit Lane,,other
10953,2023-sau,Race,2023-03-19 11:38:32-07:00,50.0,FIA STEWARDS: PIT LANE INCIDENT INVOLVING CAR 14 (ALO) UNDER INVESTIGATION - SERVING PENALTY INCORRECTLY ,investigation,14,1,Pit Lane,,other
10954,2023-sau,Race,2023-03-19 11:45:07-07:00,50.0,FIA STEWARDS: 10 SECOND TIME PENALTY FOR CAR 14 (ALO) - SERVING PENALTY INCORRECTLY ,sanction_announced,14,1,,,other
10965,2023-sgp,Race,2023-09-17 05:08:46-07:00,3.0,TURN 2 INCIDENT INVOLVING CAR 44 (HAM) NOTED - LEAVING THE TRACK AND GAINING AN ADVANTAGE,noted,44,1,Turn 2,,gaining_advantage_off_track
10974,2023-sgp,Race,2023-09-17 05:39:51-07:00,21.0,INCIDENT INVOLVING CAR 14 (ALO) NOTED - FAILING TO FOLLOW RACE DIRECTORS INSTRUCTIONS – CROSSING THE LINE AT PIT ENTRY,noted,14,1,Pit Lane,,other
10975,2023-sgp,Race,2023-09-17 05:40:52-07:00,22.0,FIA STEWARDS: INCIDENT INVOLVING CAR 14 (ALO) UNDER INVESTIGATION - FAILING TO FOLLOW RACE DIRECTORS INSTRUCTIONS – CROSSING THE LINE AT PIT ENTRY,investigation,14,1,Pit Lane,,other
10978,2023-sgp,Race,2023-09-17 05:43:50-07:00,23.0,FIA STEWARDS: 5 SECOND TIME PENALTY FOR CAR 14 (ALO) - FAILING TO FOLLOW RACE DIRECTORS INSTRUCTIONS – CROSSING THE LINE AT PIT ENTRY,sanction_announced,14,1,Pit Lane,,other
10984,2023-sgp,Race,2023-09-17 06:05:41-07:00,36.0,TURN 7 INCIDENT INVOLVING CARS 10 (GAS) AND 20 (MAG) NOTED - FORCING ANOTHER DRIVER OFF THE TRACK,noted,10|20,2,Turn 7,,forcing_off_track
11004,2023-sgp,Race,2023-09-17 06:29:59-07:00,50.0,PIT EXIT INCIDENT INVOLVING CARS 11 (PER) AND 23 (ALB) NOTED - VSC INFRINGEMENT,noted,11|23,2,Pit Lane,,other
11005,2023-sgp,Race,2023-09-17 06:31:48-07:00,51.0,FIA STEWARDS: PIT EXIT INCIDENT INVOLVING CARS 11 (PER) AND 23 (ALB) WILL BE INVESTIGATED AFTER THE RACE - VSC INFRINGEMENT,post_session_investigation,11|23,2,Pit Lane,,other
11019,2023-sgp,Race,2023-09-17 06:45:13-07:00,59.0,TURN 13 INCIDENT INVOLVING CARS 11 (PER) AND 23 (ALB) NOTED - CAUSING A COLLISION,noted,11|23,2,Turn 13,,causing_collision
11020,2023-sgp,Race,2023-09-17 06:45:38-07:00,60.0,FIA STEWARDS: TURN 13 INCIDENT INVOLVING CARS 11 (PER) AND 23 (ALB) WILL BE INVESTIGATED AFTER THE RACE - CAUSING A COLLISION,post_session_investigation,11|23,2,Turn 13,,causing_collision
11021,2023-sgp,Race,2023-09-17 06:48:42-07:00,61.0,TURN 7 INCIDENT INVOLVING CARS 11 (PER) AND 40 (LAW) NOTED - CAUSING A COLLISION,noted,11|40,2,Turn 7,,causing_collision
11030,2023-usa,Race,2023-10-22 11:18:01-07:00,1.0,INCIDENT INVOLVING CAR 18 (STR) NOTED - NOT ENTERING PIT LANE,noted,18,1,Pit Lane,,other
11038,2023-usa,Race,2023-10-22 11:34:19-07:00,1.0,FIA STEWARDS: INCIDENT INVOLVING CAR 18 (STR) WILL BE INVESTIGATED AFTER THE RACE - NOT ENTERING PIT LANE,post_session_investigation,18,1,Pit Lane,,other
11042,2023-usa,Race,2023-10-22 12:06:46-07:00,2.0,TURN 1 INCIDENT INVOLVING CAR 63 (RUS) NOTED - LEAVING THE TRACK AND GAINING AN ADVANTAGE,noted,63,1,Turn 1,,gaining_advantage_off_track
11053,2023-usa,Race,2023-10-22 12:25:08-07:00,13.0,TURN 12 INCIDENT INVOLVING CARS 1 (VER) AND 16 (LEC) NOTED ,noted,1|16,2,Turn 12,,other
11070,2023-usa,Race,2023-10-22 12:50:20-07:00,28.0,TURN 12 INCIDENT INVOLVING CARS 2 (SAR) AND 18 (STR) NOTED ,noted,2|18,2,Turn 12,,other
11072,2023-usa,Race,2023-10-22 12:52:56-07:00,29.0,FIA STEWARDS: TURN 12 INCIDENT INVOLVING CARS 2 (SAR) AND 18 (STR) UNDER INVESTIGATION ,investigation,2|18,2,Turn 12,,other
11073,2023-usa,Race,2023-10-22 13:00:07-07:00,33.0,FIA STEWARDS: TURN 12 INCIDENT INVOLVING CARS 2 (SAR) AND 18 (STR) NO FURTHER ACTION ,no_further_action,2|18,2,Turn 12,,other
11086,2023-usa,Race,2023-10-22 13:30:40-07:00,51.0,INCIDENT INVOLVING CAR 23 (ALB) NOTED - TRACK LIMITS,noted,23,1,,,track_limits
11087,2023-usa,Race,2023-10-22 13:31:36-07:00,52.0,FIA STEWARDS: INCIDENT INVOLVING CAR 23 (ALB) UNDER INVESTIGATION - TRACK LIMITS,investigation,23,1,,,track_limits
11088,2023-usa,Race,2023-10-22 13:31:47-07:00,52.0,FIA STEWARDS: 5 SECOND TIME PENALTY FOR CAR 23 (ALB) - TRACK LIMITS,sanction_announced,23,1,,,track_limits
11090,2023-usa,Race,2023-10-22 13:33:21-07:00,53.0,INCIDENT INVOLVING CAR 23 (ALB) NOTED - MULTIPLE TRACK LIMIT INFRINGEMENTS,noted,23,1,,,track_limits
11093,2023-usa,Race,2023-10-22 13:34:10-07:00,54.0,FIA STEWARDS: INCIDENT INVOLVING CAR 23 (ALB) WILL BE INVESTIGATED AFTER THE RACE - MULTIPLE TRACK LIMIT INFRINGEMENTS,post_session_investigation,23,1,,,track_limits
11115,2023-usa,Sprint,2023-10-21 15:09:26-07:00,4.0,TURN 15 INCIDENT INVOLVING CARS 63 (RUS) AND 81 (PIA) NOTED - LEAVING THE TRACK AND GAINING AN ADVANTAGE,noted,63|81,2,Turn 15,,gaining_advantage_off_track
11119,2023-usa,Sprint,2023-10-21 15:11:51-07:00,5.0,FIA STEWARDS: TURN 15 INCIDENT INVOLVING CARS 63 (RUS) AND 81 (PIA) UNDER INVESTIGATION - LEAVING THE TRACK AND GAINING AN ADVANTAGE,investigation,63|81,2,Turn 15,,gaining_advantage_off_track
11121,2023-usa,Sprint,2023-10-21 15:13:10-07:00,6.0,FIA STEWARDS: 5 SECOND TIME PENALTY FOR CAR 63 (RUS) - LEAVING THE TRACK AND GAINING AN ADVANTAGE,sanction_announced,63,1,,,gaining_advantage_off_track
11124,2023-usa,Sprint,2023-10-21 15:16:24-07:00,8.0,TURN 1 INCIDENT INVOLVING CARS 23 (ALB) AND 81 (PIA) NOTED - LEAVING THE TRACK AND GAINING AN ADVANTAGE,noted,23|81,2,Turn 1,,gaining_advantage_off_track
11128,2023-usa,Sprint,2023-10-21 15:17:57-07:00,9.0,FIA STEWARDS: TURN 1 INCIDENT INVOLVING CARS 23 (ALB) AND 81 (PIA) UNDER INVESTIGATION - LEAVING THE TRACK AND GAINING AN ADVANTAGE,investigation,23|81,2,Turn 1,,gaining_advantage_off_track
11131,2023-usa,Sprint,2023-10-21 15:21:54-07:00,11.0,FIA STEWARDS: TURN 1 INCIDENT INVOLVING CARS 23 (ALB) AND 81 (PIA) NO FURTHER ACTION - LEAVING THE TRACK AND GAINING AN ADVANTAGE,no_further_action,23|81,2,Turn 1,,gaining_advantage_off_track
11134,2023-usa,Sprint,2023-10-21 15:25:34-07:00,14.0,TURN 1 INCIDENT INVOLVING CARS 20 (MAG) AND 24 (ZHO) NOTED - FORCING ANOTHER DRIVER OFF THE TRACK,noted,20|24,2,Turn 1,,forcing_off_track
11135,2023-usa,Sprint,2023-10-21 15:25:51-07:00,14.0,FIA STEWARDS: TURN 1 INCIDENT INVOLVING CARS 20 (MAG) AND 24 (ZHO) UNDER INVESTIGATION - FORCING ANOTHER DRIVER OFF THE TRACK,investigation,20|24,2,Turn 1,,forcing_off_track
11136,2023-usa,Sprint,2023-10-21 15:32:25-07:00,18.0,TURN 15 INCIDENT INVOLVING CARS 20 (MAG) AND 24 (ZHO) NOTED - LEAVING THE TRACK AND GAINING AN ADVANTAGE,noted,20|24,2,Turn 15,,gaining_advantage_off_track
11139,2023-usa,Sprint,2023-10-21 15:33:46-07:00,19.0,FIA STEWARDS: TURN 1 INCIDENT INVOLVING CARS 20 (MAG) AND 24 (ZHO) NO FURTHER ACTION - FORCING ANOTHER DRIVER OFF THE TRACK,no_further_action,20|24,2,Turn 1,,forcing_off_track
11140,2023-usa,Sprint,2023-10-21 15:34:04-07:00,19.0,FIA STEWARDS: TURN 15 INCIDENT INVOLVING CARS 20 (MAG) AND 24 (ZHO) UNDER INVESTIGATION - LEAVING THE TRACK AND GAINING AN ADVANTAGE,investigation,20|24,2,Turn 15,,gaining_advantage_off_track
11141,2023-usa,Sprint,2023-10-21 15:34:15-07:00,19.0,FIA STEWARDS: 5 SECOND TIME PENALTY FOR CAR 24 (ZHO) - LEAVING THE TRACK AND GAINING AN ADVANTAGE,sanction_announced,24,1,,,gaining_advantage_off_track
11148,2024-abu,Race,2024-12-08 04:25:30-08:00,1.0,INCIDENT INVOLVING CAR 20 (MAG) NOTED - FAILING TO FOLLOW RACE DIRECTORS INSTRUCTIONS – PRACTICE START INFRINGEMENT,noted,20,1,,,other
11150,2024-abu,Race,2024-12-08 04:32:42-08:00,1.0,FIA STEWARDS: INCIDENT INVOLVING CAR 20 (MAG) WILL BE INVESTIGATED AFTER THE RACE - FAILING TO FOLLOW RACE DIRECTORS INSTRUCTIONS – PRACTICE START INFRINGEMENT,post_session_investigation,20,1,,,other
11154,2024-abu,Race,2024-12-08 05:04:16-08:00,1.0,TURN 1 INCIDENT INVOLVING CARS 1 (VER) AND 81 (PIA) NOTED - CAUSING A COLLISION,noted,1|81,2,Turn 1,,causing_collision
11169,2024-abu,Race,2024-12-08 05:08:50-08:00,4.0,TURN 7 INCIDENT INVOLVING CARS 77 (BOT) AND 11 (PER) NOTED - CAUSING A COLLISION,noted,11|77,2,Turn 7,,causing_collision
11170,2024-abu,Race,2024-12-08 05:09:32-08:00,4.0,FIA STEWARDS: TURN 1 INCIDENT INVOLVING CARS 1 (VER) AND 81 (PIA) UNDER INVESTIGATION - CAUSING A COLLISION,investigation,1|81,2,Turn 1,,causing_collision
11171,2024-abu,Race,2024-12-08 05:10:00-08:00,4.0,FIA STEWARDS: TURN 7 INCIDENT INVOLVING CARS 77 (BOT) AND 11 (PER) UNDER INVESTIGATION - CAUSING A COLLISION,investigation,11|77,2,Turn 7,,causing_collision
11172,2024-abu,Race,2024-12-08 05:11:10-08:00,5.0,FIA STEWARDS: 10 SECOND TIME PENALTY FOR CAR 1 (VER) - CAUSING A COLLISION,sanction_announced,1,1,,,causing_collision
11173,2024-abu,Race,2024-12-08 05:11:43-08:00,6.0,TURN 6 INCIDENT INVOLVING CARS 81 (PIA) AND 43 (COL) NOTED - CAUSING A COLLISION,noted,43|81,2,Turn 6,,causing_collision
11174,2024-abu,Race,2024-12-08 05:11:57-08:00,6.0,FIA STEWARDS: 10 SECOND TIME PENALTY FOR CAR 77 (BOT) - CAUSING A COLLISION,sanction_announced,77,1,,,causing_collision
11176,2024-abu,Race,2024-12-08 05:14:40-08:00,8.0,FIA STEWARDS: TURN 6 INCIDENT INVOLVING CARS 81 (PIA) AND 43 (COL) UNDER INVESTIGATION - CAUSING A COLLISION,investigation,43|81,2,Turn 6,,causing_collision
11177,2024-abu,Race,2024-12-08 05:16:42-08:00,9.0,FIA STEWARDS: 10 SECOND TIME PENALTY FOR CAR 81 (PIA) - CAUSING A COLLISION,sanction_announced,81,1,,,causing_collision
11181,2024-abu,Race,2024-12-08 05:18:19-08:00,10.0,INCIDENT INVOLVING CAR 24 (ZHO) NOTED - FALSE START,noted,24,1,,,other
11186,2024-abu,Race,2024-12-08 05:21:09-08:00,12.0,FIA STEWARDS: INCIDENT INVOLVING CAR 24 (ZHO) UNDER INVESTIGATION - FALSE START,investigation,24,1,,,other
11187,2024-abu,Race,2024-12-08 05:21:23-08:00,12.0,INCIDENT INVOLVING CAR 23 (ALB) NOTED - FALSE START,noted,23,1,,,other
11189,2024-abu,Race,2024-12-08 05:26:25-08:00,15.0,FIA STEWARDS: 5 SECOND TIME PENALTY FOR CAR 24 (ZHO) - FALSE START,sanction_announced,24,1,,,other
11199,2024-abu,Race,2024-12-08 05:43:08-08:00,27.0,INCIDENT INVOLVING CAR 30 (LAW) NOTED - RELEASING IN UNSAFE CONDITION,noted,30,1,,,other
11202,2024-abu,Race,2024-12-08 05:46:17-08:00,29.0,FIA STEWARDS: INCIDENT INVOLVING CAR 30 (LAW) UNDER INVESTIGATION - RELEASING IN UNSAFE CONDITION,investigation,30,1,,,other
11203,2024-abu,Race,2024-12-08 05:47:28-08:00,29.0,FIA STEWARDS: 10 SECOND STOP/GO PENALTY FOR CAR 30 (LAW) - RELEASING IN UNSAFE CONDITION,sanction_announced,30,1,,,other
11223,2024-abu,Race,2024-12-08 05:51:14-08:00,32.0,TURN 6 INCIDENT INVOLVING CARS 20 (MAG) AND 77 (BOT) NOTED - CAUSING A COLLISION,noted,20|77,2,Turn 6,,causing_collision
11225,2024-abu,Race,2024-12-08 05:51:41-08:00,32.0,FIA STEWARDS: TURN 6 INCIDENT INVOLVING CARS 20 (MAG) AND 77 (BOT) UNDER INVESTIGATION - CAUSING A COLLISION,investigation,20|77,2,Turn 6,,causing_collision
11237,2024-abu,Race,2024-12-08 06:11:06-08:00,46.0,FIA STEWARDS: TURN 6 INCIDENT INVOLVING CARS 20 (MAG) AND 77 (BOT) WILL BE INVESTIGATED AFTER THE RACE - CAUSING A COLLISION,post_session_investigation,20|77,2,Turn 6,,causing_collision
11269,2024-abu,Race,2024-12-08 06:30:43-08:00,58.0,INCIDENT INVOLVING CAR 18 (STR) NOTED - TRACK LIMITS,noted,18,1,,,track_limits
11270,2024-abu,Race,2024-12-08 06:31:19-08:00,58.0,FIA STEWARDS: INCIDENT INVOLVING CAR 18 (STR) UNDER INVESTIGATION - TRACK LIMITS,investigation,18,1,,,track_limits
11271,2024-abu,Race,2024-12-08 06:31:30-08:00,58.0,FIA STEWARDS: 5 SECOND TIME PENALTY FOR CAR 18 (STR) - TRACK LIMITS,sanction_announced,18,1,,,track_limits
11306,2024-aus,Race,2024-03-23 22:03:56-07:00,44.0,INCIDENT INVOLVING CAR 77 (BOT) NOTED - PIT LANE INFRINGEMENT,noted,77,1,Pit Lane,,other
11308,2024-aus,Race,2024-03-23 22:05:02-07:00,45.0,FIA STEWARDS: INCIDENT INVOLVING CAR 77 (BOT) WILL BE INVESTIGATED AFTER THE RACE - PIT LANE INFRINGEMENT,post_session_investigation,77,1,Pit Lane,,other
11311,2024-aus,Race,2024-03-23 22:05:39-07:00,45.0,INCIDENT INVOLVING CAR 10 (GAS) NOTED - FAILING TO FOLLOW RACE DIRECTORS INSTRUCTIONS – CROSSING THE LINE AT PIT EXIT,noted,10,1,Pit Lane,,other
11315,2024-aus,Race,2024-03-23 22:08:08-07:00,47.0,FIA STEWARDS: INCIDENT INVOLVING CAR 10 (GAS) UNDER INVESTIGATION - FAILING TO FOLLOW RACE DIRECTORS INSTRUCTIONS – CROSSING THE LINE AT PIT EXIT,investigation,10,1,Pit Lane,,other
11316,2024-aus,Race,2024-03-23 22:09:10-07:00,48.0,FIA STEWARDS: 5 SECOND TIME PENALTY FOR CAR 10 (GAS) - FAILING TO FOLLOW RACE DIRECTORS INSTRUCTIONS – CROSSING THE LINE AT PIT EXIT,sanction_announced,10,1,Pit Lane,,other
11349,2024-aus,Race,2024-03-23 22:37:47-07:00,58.0,TURN 6 INCIDENT INVOLVING CARS 14 (ALO) AND 63 (RUS) NOTED,noted,14|63,2,Turn 6,,other
11350,2024-aus,Race,2024-03-23 22:37:54-07:00,58.0,FIA STEWARDS: TURN 6 INCIDENT INVOLVING CARS 14 (ALO) AND 63 (RUS) UNDER INVESTIGATION,investigation,14|63,2,Turn 6,,other
11364,2024-aut,Race,2024-06-30 06:06:31-07:00,3.0,TURN 1 INCIDENT INVOLVING CARS 44 (HAM) AND 55 (SAI) NOTED - LEAVING THE TRACK AND GAINING AN ADVANTAGE,noted,44|55,2,Turn 1,,gaining_advantage_off_track
11365,2024-aut,Race,2024-06-30 06:07:41-07:00,4.0,FIA STEWARDS: TURN 1 INCIDENT INVOLVING CARS 44 (HAM) AND 55 (SAI) UNDER INVESTIGATION - LEAVING THE TRACK AND GAINING AN ADVANTAGE,investigation,44|55,2,Turn 1,,gaining_advantage_off_track
11367,2024-aut,Race,2024-06-30 06:09:52-07:00,6.0,FIA STEWARDS: TURN 1 INCIDENT INVOLVING CARS 44 (HAM) AND 55 (SAI) NO FURTHER ACTION - LEAVING THE TRACK AND GAINING AN ADVANTAGE,no_further_action,44|55,2,Turn 1,,gaining_advantage_off_track
11368,2024-aut,Race,2024-06-30 06:10:57-07:00,7.0,TURN 4 INCIDENT INVOLVING CARS 11 (PER) AND 81 (PIA) NOTED - FORCING ANOTHER DRIVER OFF THE TRACK,noted,11|81,2,Turn 4,,forcing_off_track
11374,2024-aut,Race,2024-06-30 06:27:08-07:00,21.0,TURN 3 INCIDENT INVOLVING CARS 14 (ALO) AND 24 (ZHO) NOTED - CAUSING A COLLISION,noted,14|24,2,Turn 3,,causing_collision
11375,2024-aut,Race,2024-06-30 06:27:44-07:00,21.0,FIA STEWARDS: TURN 3 INCIDENT INVOLVING CARS 14 (ALO) AND 24 (ZHO) UNDER INVESTIGATION - CAUSING A COLLISION,investigation,14|24,2,Turn 3,,causing_collision
11379,2024-aut,Race,2024-06-30 06:29:06-07:00,23.0,INCIDENT INVOLVING CAR 44 (HAM) NOTED - FAILING TO FOLLOW RACE DIRECTORS INSTRUCTIONS – CROSSING THE LINE AT PIT ENTRY,noted,44,1,Pit Lane,,other
11380,2024-aut,Race,2024-06-30 06:29:27-07:00,23.0,FIA STEWARDS: INCIDENT INVOLVING CAR 44 (HAM) UNDER INVESTIGATION - FAILING TO FOLLOW RACE DIRECTORS INSTRUCTIONS – CROSSING THE LINE AT PIT ENTRY,investigation,44,1,Pit Lane,,other
11381,2024-aut,Race,2024-06-30 06:30:06-07:00,23.0,FIA STEWARDS: 10 SECOND TIME PENALTY FOR CAR 14 (ALO) - CAUSING A COLLISION,sanction_announced,14,1,,,causing_collision
11383,2024-aut,Race,2024-06-30 06:31:15-07:00,24.0,FIA STEWARDS: 5 SECOND TIME PENALTY FOR CAR 44 (HAM) - FAILING TO FOLLOW RACE DIRECTORS INSTRUCTIONS – CROSSING THE LINE AT PIT ENTRY,sanction_announced,44,1,Pit Lane,,other
11385,2024-aut,Race,2024-06-30 06:32:25-07:00,25.0,INCIDENT INVOLVING CARS 1 (VER) AND 4 (NOR) NOTED - UNSAFE RELEASE,noted,1|4,2,,,unsafe_release
11387,2024-aut,Race,2024-06-30 06:33:34-07:00,26.0,FIA STEWARDS: INCIDENT INVOLVING CARS 1 (VER) AND 4 (NOR) UNDER INVESTIGATION - UNSAFE RELEASE,investigation,1|4,2,,,unsafe_release
11390,2024-aut,Race,2024-06-30 06:38:58-07:00,31.0,INCIDENT INVOLVING CAR 11 (PER) NOTED - SPEEDING IN THE PIT LANE,noted,11,1,Pit Lane,,other
11391,2024-aut,Race,2024-06-30 06:39:07-07:00,31.0,FIA STEWARDS: INCIDENT INVOLVING CAR 11 (PER) UNDER INVESTIGATION - SPEEDING IN THE PIT LANE,investigation,11,1,Pit Lane,,other
11392,2024-aut,Race,2024-06-30 06:40:32-07:00,32.0,FIA STEWARDS: 5 SECOND TIME PENALTY FOR CAR 11 (PER) - SPEEDING IN THE PIT LANE,sanction_announced,11,1,Pit Lane,,other
11395,2024-aut,Race,2024-06-30 06:43:16-07:00,34.0,FIA STEWARDS: INCIDENT INVOLVING CARS 1 (VER) AND 4 (NOR) NO FURTHER ACTION - UNSAFE RELEASE,no_further_action,1|4,2,,,unsafe_release
11401,2024-aut,Race,2024-06-30 06:50:37-07:00,41.0,TURN 3 INCIDENT INVOLVING CARS 31 (OCO) AND 14 (ALO) NOTED,noted,14|31,2,Turn 3,,other
11407,2024-aut,Race,2024-06-30 06:53:23-07:00,43.0,INCIDENT INVOLVING CAR 23 (ALB) NOTED - FAILING TO FOLLOW RACE DIRECTORS INSTRUCTIONS – CROSSING THE LINE AT PIT ENTRY,noted,23,1,Pit Lane,,other
11410,2024-aut,Race,2024-06-30 06:54:52-07:00,44.0,FIA STEWARDS: INCIDENT INVOLVING CAR 23 (ALB) UNDER INVESTIGATION - FAILING TO FOLLOW RACE DIRECTORS INSTRUCTIONS – CROSSING THE LINE AT PIT ENTRY,investigation,23,1,Pit Lane,,other
11413,2024-aut,Race,2024-06-30 06:56:18-07:00,46.0,FIA STEWARDS: 5 SECOND TIME PENALTY FOR CAR 23 (ALB) - FAILING TO FOLLOW RACE DIRECTORS INSTRUCTIONS – CROSSING THE LINE AT PIT ENTRY,sanction_announced,23,1,Pit Lane,,other
11439,2024-aut,Race,2024-06-30 07:13:37-07:00,60.0,INCIDENT INVOLVING CAR 4 (NOR) NOTED - TRACK LIMITS,noted,4,1,,,track_limits
11442,2024-aut,Race,2024-06-30 07:14:48-07:00,61.0,FIA STEWARDS: INCIDENT INVOLVING CAR 4 (NOR) UNDER INVESTIGATION - TRACK LIMITS,investigation,4,1,,,track_limits
11453,2024-aut,Race,2024-06-30 07:18:23-07:00,64.0,FIA STEWARDS: 5 SECOND TIME PENALTY FOR CAR 4 (NOR) - TRACK LIMITS,sanction_announced,4,1,,,track_limits
11454,2024-aut,Race,2024-06-30 07:18:34-07:00,64.0,TURN 3 INCIDENT INVOLVING CARS 4 (NOR) AND 1 (VER) NOTED - CAUSING A COLLISION,noted,1|4,2,Turn 3,,causing_collision
11459,2024-aut,Race,2024-06-30 07:19:00-07:00,65.0,FIA STEWARDS: TURN 3 INCIDENT INVOLVING CARS 4 (NOR) AND 1 (VER) UNDER INVESTIGATION - CAUSING A COLLISION,investigation,1|4,2,Turn 3,,causing_collision
11475,2024-aut,Race,2024-06-30 07:22:50-07:00,68.0,FIA STEWARDS: 10 SECOND TIME PENALTY FOR CAR 1 (VER) - CAUSING A COLLISION,sanction_announced,1,1,,,causing_collision
11492,2024-aut,Sprint,2024-06-29 03:31:54-07:00,23.0,TURN 3 INCIDENT INVOLVING CARS 27 (HUL) AND 14 (ALO) NOTED - FORCING ANOTHER DRIVER OFF THE TRACK,noted,14|27,2,Turn 3,,forcing_off_track
11578,2024-aze,Race,2024-09-15 05:43:02-07:00,51.0,TURN 2 INCIDENT INVOLVING CARS 11 (PER) AND 55 (SAI) NOTED - CAUSING A COLLISION,noted,11|55,2,Turn 2,,causing_collision
11579,2024-aze,Race,2024-09-15 05:43:09-07:00,51.0,FIA STEWARDS: TURN 2 INCIDENT INVOLVING CARS 11 (PER) AND 55 (SAI) WILL BE INVESTIGATED AFTER THE RACE - CAUSING A COLLISION,post_session_investigation,11|55,2,Turn 2,,causing_collision
11581,2024-aze,Race,2024-09-15 05:46:47-07:00,51.0,INCIDENT INVOLVING CAR 27 (HUL) NOTED - VIRTUAL SAFETY CAR INFRINGEMENT,noted,27,1,,,other
11582,2024-aze,Race,2024-09-15 05:46:58-07:00,51.0,FIA STEWARDS: INCIDENT INVOLVING CAR 27 (HUL) WILL BE INVESTIGATED AFTER THE RACE - VIRTUAL SAFETY CAR INFRINGEMENT,post_session_investigation,27,1,,,other
11586,2024-aze,Race,2024-09-15 05:47:38-07:00,51.0,INCIDENT INVOLVING CAR 1 (VER) NOTED - VIRTUAL SAFETY CAR INFRINGEMENT,noted,1,1,,,other
11588,2024-aze,Race,2024-09-15 05:47:49-07:00,51.0,FIA STEWARDS: INCIDENT INVOLVING CAR 1 (VER) WILL BE INVESTIGATED AFTER THE RACE - VIRTUAL SAFETY CAR INFRINGEMENT,post_session_investigation,1,1,,,other
11598,2024-aze,Race,2024-09-15 05:49:10-07:00,51.0,INCIDENT INVOLVING MCLAREN NOTED - PIT LANE INFRINGEMENT,noted,,0,Pit Lane,,other
11599,2024-aze,Race,2024-09-15 05:49:25-07:00,51.0,FIA STEWARDS: INCIDENT INVOLVING MCLAREN WILL BE INVESTIGATED AFTER THE RACE - PIT LANE INFRINGEMENT,post_session_investigation,,0,Pit Lane,,other
11607,2024-aze,Race,2024-09-15 05:57:51-07:00,51.0,INCIDENT INVOLVING CAR 31 (OCO) NOTED - VIRTUAL SAFETY CAR INFRINGEMENT,noted,31,1,,,other
11608,2024-aze,Race,2024-09-15 05:57:58-07:00,51.0,FIA STEWARDS: INCIDENT INVOLVING CAR 31 (OCO) WILL BE INVESTIGATED AFTER THE RACE - VIRTUAL SAFETY CAR INFRINGEMENT,post_session_investigation,31,1,,,other
11609,2024-aze,Race,2024-09-15 05:59:57-07:00,51.0,INCIDENT INVOLVING CAR 10 (GAS) NOTED - VIRTUAL SAFETY CAR INFRINGEMENT,noted,10,1,,,other
11610,2024-aze,Race,2024-09-15 06:00:03-07:00,51.0,FIA STEWARDS: INCIDENT INVOLVING CAR 10 (GAS) WILL BE INVESTIGATED AFTER THE RACE - VIRTUAL SAFETY CAR INFRINGEMENT,post_session_investigation,10,1,,,other
11617,2024-bel,Race,2024-07-28 06:07:26-07:00,2.0,TURN 5 INCIDENT INVOLVING CAR 23 (ALB) NOTED - LEAVING THE TRACK AND GAINING AN ADVANTAGE,noted,23,1,Turn 5,,gaining_advantage_off_track
11646,2024-bhr,Race,2024-03-02 07:06:43-08:00,2.0,TURN 1 INCIDENT INVOLVING CARS 18 (STR) AND 27 (HUL) NOTED - CAUSING A COLLISION,noted,18|27,2,Turn 1,,causing_collision
11706,2024-can,Race,2024-06-09 11:06:00-07:00,2.0,TURN 2 INCIDENT INVOLVING CARS 10 (GAS) AND 11 (PER) NOTED - CAUSING A COLLISION,noted,10|11,2,Turn 2,,causing_collision
11717,2024-can,Race,2024-06-09 11:16:38-07:00,9.0,INCIDENT INVOLVING CAR 3 (RIC) NOTED - FALSE START,noted,3,1,,,other
11718,2024-can,Race,2024-06-09 11:19:20-07:00,11.0,FIA STEWARDS: INCIDENT INVOLVING CAR 3 (RIC) UNDER INVESTIGATION - FALSE START,investigation,3,1,,,other
11719,2024-can,Race,2024-06-09 11:21:12-07:00,12.0,FIA STEWARDS: 5 SECOND TIME PENALTY FOR CAR 3 (RIC) - FALSE START,sanction_announced,3,1,,,other
11724,2024-can,Race,2024-06-09 11:33:35-07:00,21.0,TURN 13 INCIDENT INVOLVING CARS 22 (TSU) AND 23 (ALB) NOTED,noted,22|23,2,Turn 13,,other
11725,2024-can,Race,2024-06-09 11:36:26-07:00,23.0,TURN 14 INCIDENT INVOLVING CARS 63 (RUS) AND 1 (VER) NOTED - REJOINING UNSAFELY,noted,1|63,2,Turn 14,,unsafe_rejoin
11752,2024-can,Race,2024-06-09 11:57:04-07:00,35.0,"TURN 10 INCIDENT INVOLVING CARS 55 (SAI), 77 (BOT) AND 3 (RIC) NOTED - CAUSING A COLLISION",noted,3|55|77,3,Turn 10,,causing_collision
11769,2024-can,Race,2024-06-09 12:08:50-07:00,43.0,TURN 1 INCIDENT INVOLVING CAR 4 (NOR) NOTED - LEAVING THE TRACK AND GAINING AN ADVANTAGE,noted,4,1,Turn 1,,gaining_advantage_off_track
11772,2024-can,Race,2024-06-09 12:12:36-07:00,45.0,FIA STEWARDS: TURN 1 INCIDENT INVOLVING CAR 4 (NOR) UNDER INVESTIGATION - LEAVING THE TRACK AND GAINING AN ADVANTAGE,investigation,4,1,Turn 1,,gaining_advantage_off_track
11777,2024-can,Race,2024-06-09 12:15:27-07:00,47.0,FIA STEWARDS: TURN 1 INCIDENT INVOLVING CAR 4 (NOR) NO FURTHER ACTION - LEAVING THE TRACK AND GAINING AN ADVANTAGE,no_further_action,4,1,Turn 1,,gaining_advantage_off_track
11796,2024-can,Race,2024-06-09 12:25:38-07:00,55.0,INCIDENT INVOLVING CAR 11 (PER) NOTED - UNSAFE CONDITION,noted,11,1,,,other
11804,2024-can,Race,2024-06-09 12:34:59-07:00,59.0,FIA STEWARDS: INCIDENT INVOLVING CAR 11 (PER) WILL BE INVESTIGATED AFTER THE RACE - UNSAFE CONDITION,post_session_investigation,11,1,,,other
11806,2024-can,Race,2024-06-09 12:36:13-07:00,60.0,TURN 12 INCIDENT INVOLVING CARS 10 (GAS) AND 27 (HUL) NOTED,noted,10|27,2,Turn 12,,other
11810,2024-can,Race,2024-06-09 12:38:47-07:00,62.0,TURN 8 INCIDENT INVOLVING CAR 20 (MAG) NOTED - FAILING TO FOLLOW RACE DIRECTORS INSTRUCTIONS – ESCAPE ROAD INSTRUCTIONS,noted,20,1,Turn 8,,other
11814,2024-can,Race,2024-06-09 12:41:13-07:00,64.0,TURN 13 INCIDENT INVOLVING CARS 63 (RUS) AND 81 (PIA) NOTED - CAUSING A COLLISION,noted,63|81,2,Turn 13,,causing_collision
11816,2024-can,Race,2024-06-09 12:42:16-07:00,65.0,FIA STEWARDS: TURN 13 INCIDENT INVOLVING CARS 63 (RUS) AND 81 (PIA) UNDER INVESTIGATION - CAUSING A COLLISION,investigation,63|81,2,Turn 13,,causing_collision
11827,2024-can,Race,2024-06-09 12:47:25-07:00,69.0,FIA STEWARDS: TURN 13 INCIDENT INVOLVING CARS 63 (RUS) AND 81 (PIA) WILL BE INVESTIGATED AFTER THE RACE - CAUSING A COLLISION,post_session_investigation,63|81,2,Turn 13,,causing_collision
11837,2024-chn,Race,2024-04-21 00:08:10-07:00,3.0,TURN 6 INCIDENT INVOLVING CARS 18 (STR) AND 27 (HUL) NOTED - FORCING ANOTHER DRIVER OFF THE TRACK,noted,18|27,2,Turn 6,,forcing_off_track
11839,2024-chn,Race,2024-04-21 00:11:59-07:00,5.0,TURN 14 INCIDENT INVOLVING CARS 23 (ALB) AND 10 (GAS) NOTED - FORCING ANOTHER DRIVER OFF THE TRACK,noted,10|23,2,Turn 14,,forcing_off_track
11841,2024-chn,Race,2024-04-21 00:16:47-07:00,8.0,FIA STEWARDS: TURN 6 INCIDENT INVOLVING CARS 18 (STR) AND 27 (HUL) UNDER INVESTIGATION - FORCING ANOTHER DRIVER OFF THE TRACK,investigation,18|27,2,Turn 6,,forcing_off_track
11842,2024-chn,Race,2024-04-21 00:16:53-07:00,8.0,FIA STEWARDS: TURN 14 INCIDENT INVOLVING CARS 23 (ALB) AND 10 (GAS) UNDER INVESTIGATION - FORCING ANOTHER DRIVER OFF THE TRACK,investigation,10|23,2,Turn 14,,forcing_off_track
11843,2024-chn,Race,2024-04-21 00:18:57-07:00,10.0,FIA STEWARDS: TURN 6 INCIDENT INVOLVING CARS 18 (STR) AND 27 (HUL) NO FURTHER ACTION - FORCING ANOTHER DRIVER OFF THE TRACK,no_further_action,18|27,2,Turn 6,,forcing_off_track
11844,2024-chn,Race,2024-04-21 00:19:07-07:00,10.0,FIA STEWARDS: TURN 14 INCIDENT INVOLVING CARS 23 (ALB) AND 10 (GAS) NO FURTHER ACTION - FORCING ANOTHER DRIVER OFF THE TRACK,no_further_action,10|23,2,Turn 14,,forcing_off_track
11846,2024-chn,Race,2024-04-21 00:30:06-07:00,16.0,INCIDENT INVOLVING CAR 10 (GAS) NOTED - UNSAFE CONDITION,noted,10,1,,,other
11847,2024-chn,Race,2024-04-21 00:30:19-07:00,16.0,FIA STEWARDS: INCIDENT INVOLVING CAR 10 (GAS) WILL BE INVESTIGATED AFTER THE RACE - UNSAFE CONDITION,post_session_investigation,10,1,,,other
11854,2024-chn,Race,2024-04-21 00:47:18-07:00,25.0,INCIDENT INVOLVING CARS 2 (SAR) AND 27 (HUL) NOTED - SAFETY CAR INFRINGEMENT,noted,2|27,2,,,other
11860,2024-chn,Race,2024-04-21 00:54:07-07:00,28.0,TURN 14 INCIDENT INVOLVING CARS 18 (STR) AND 3 (RIC) NOTED - CAUSING A COLLISION,noted,3|18,2,Turn 14,,causing_collision
11865,2024-chn,Race,2024-04-21 00:58:38-07:00,30.0,TURN 6 INCIDENT INVOLVING CARS 20 (MAG) AND 22 (TSU) NOTED - CAUSING A COLLISION,noted,20|22,2,Turn 6,,causing_collision
11869,2024-chn,Race,2024-04-21 01:03:58-07:00,32.0,FIA STEWARDS: INCIDENT INVOLVING CARS 2 (SAR) AND 27 (HUL) UNDER INVESTIGATION - SAFETY CAR INFRINGEMENT,investigation,2|27,2,,,other
11871,2024-chn,Race,2024-04-21 01:05:07-07:00,33.0,FIA STEWARDS: TURN 14 INCIDENT INVOLVING CARS 18 (STR) AND 3 (RIC) UNDER INVESTIGATION - CAUSING A COLLISION,investigation,3|18,2,Turn 14,,causing_collision
11872,2024-chn,Race,2024-04-21 01:05:40-07:00,33.0,FIA STEWARDS: TURN 6 INCIDENT INVOLVING CARS 20 (MAG) AND 22 (TSU) UNDER INVESTIGATION - CAUSING A COLLISION,investigation,20|22,2,Turn 6,,causing_collision
11873,2024-chn,Race,2024-04-21 01:05:50-07:00,33.0,FIA STEWARDS: 10 SECOND TIME PENALTY FOR CAR 2 (SAR) - SAFETY CAR INFRINGEMENT,sanction_announced,2,1,,,other
11874,2024-chn,Race,2024-04-21 01:06:28-07:00,34.0,FIA STEWARDS: 10 SECOND TIME PENALTY FOR CAR 18 (STR) - CAUSING A COLLISION,sanction_announced,18,1,,,causing_collision
11875,2024-chn,Race,2024-04-21 01:06:53-07:00,34.0,FIA STEWARDS: 10 SECOND TIME PENALTY FOR CAR 20 (MAG) - CAUSING A COLLISION,sanction_announced,20,1,,,causing_collision
11876,2024-chn,Race,2024-04-21 01:19:36-07:00,41.0,INCIDENT INVOLVING CARS 27 (HUL) AND 3 (RIC) NOTED - SAFETY CAR INFRINGEMENT,noted,3|27,2,,,other
11877,2024-chn,Race,2024-04-21 01:19:42-07:00,42.0,FIA STEWARDS: INCIDENT INVOLVING CARS 27 (HUL) AND 3 (RIC) WILL BE INVESTIGATED AFTER THE RACE - SAFETY CAR INFRINGEMENT,post_session_investigation,3|27,2,,,other
11878,2024-chn,Race,2024-04-21 01:35:30-07:00,51.0,TURN 6 INCIDENT INVOLVING CARS 2 (SAR) AND 10 (GAS) NOTED - FORCING ANOTHER DRIVER OFF THE TRACK,noted,2|10,2,Turn 6,,forcing_off_track
11891,2024-chn,Sprint,2024-04-19 20:07:12-07:00,2.0,TURN 9 INCIDENT INVOLVING CARS 27 (HUL) AND 18 (STR) NOTED - FORCING ANOTHER DRIVER OFF THE TRACK,noted,18|27,2,Turn 9,,forcing_off_track
11893,2024-chn,Sprint,2024-04-19 20:09:56-07:00,4.0,TURN 6 INCIDENT INVOLVING CARS 24 (ZHO) AND 77 (BOT) NOTED - LEAVING THE TRACK AND GAINING AN ADVANTAGE,noted,24|77,2,Turn 6,,gaining_advantage_off_track
11898,2024-chn,Sprint,2024-04-19 20:32:44-07:00,17.0,TURN 7 INCIDENT INVOLVING CARS 14 (ALO) AND 55 (SAI) NOTED,noted,14|55,2,Turn 7,,other
11899,2024-chn,Sprint,2024-04-19 20:34:43-07:00,19.0,TURN 14 INCIDENT INVOLVING CARS 55 (SAI) AND 16 (LEC) NOTED,noted,16|55,2,Turn 14,,other
11920,2024-emi,Race,2024-05-19 06:19:56-07:00,13.0,INCIDENT INVOLVING CAR 23 (ALB) NOTED - UNSAFE CONDITION,noted,23,1,,,other
11921,2024-emi,Race,2024-05-19 06:24:45-07:00,16.0,FIA STEWARDS: INCIDENT INVOLVING CAR 23 (ALB) UNDER INVESTIGATION - UNSAFE CONDITION,investigation,23,1,,,other
11926,2024-emi,Race,2024-05-19 06:32:49-07:00,22.0,FIA STEWARDS: 10 SECOND STOP/GO PENALTY FOR CAR 23 (ALB) - UNSAFE CONDITION,sanction_announced,23,1,,,other
11976,2024-emi,Race,2024-05-19 07:19:17-07:00,56.0,TURN 9 INCIDENT INVOLVING CARS 24 (ZHO) AND 31 (OCO) NOTED - FORCING ANOTHER DRIVER OFF THE TRACK,noted,24|31,2,Turn 9,,forcing_off_track
12011,2024-esp,Race,2024-06-23 06:07:06-07:00,3.0,TURN 1 INCIDENT INVOLVING CARS 4 (NOR) AND 1 (VER) NOTED - FORCING ANOTHER DRIVER OFF THE TRACK,noted,1|4,2,Turn 1,,forcing_off_track
12015,2024-esp,Race,2024-06-23 06:09:20-07:00,5.0,TURN 1 INCIDENT INVOLVING CAR 55 (SAI) NOTED - LEAVING THE TRACK AND GAINING AN ADVANTAGE,noted,55,1,Turn 1,,gaining_advantage_off_track
12018,2024-esp,Race,2024-06-23 06:18:04-07:00,11.0,TURN 5 INCIDENT INVOLVING CAR 27 (HUL) NOTED - LEAVING THE TRACK AND GAINING AN ADVANTAGE,noted,27,1,Turn 5,,gaining_advantage_off_track
12020,2024-esp,Race,2024-06-23 06:19:22-07:00,12.0,INCIDENT INVOLVING CAR 20 (MAG) NOTED - FALSE START,noted,20,1,,,other
12023,2024-esp,Race,2024-06-23 06:20:54-07:00,14.0,FIA STEWARDS: INCIDENT INVOLVING CAR 20 (MAG) UNDER INVESTIGATION - FALSE START,investigation,20,1,,,other
12025,2024-esp,Race,2024-06-23 06:22:43-07:00,15.0,FIA STEWARDS: 5 SECOND TIME PENALTY FOR CAR 20 (MAG) - FALSE START,sanction_announced,20,1,,,other
12026,2024-esp,Race,2024-06-23 06:23:09-07:00,15.0,TURN 1 INCIDENT INVOLVING CARS 20 (MAG) AND 22 (TSU) NOTED - FORCING ANOTHER DRIVER OFF THE TRACK,noted,20|22,2,Turn 1,,forcing_off_track
12029,2024-esp,Race,2024-06-23 06:30:04-07:00,20.0,TURN 1 INCIDENT INVOLVING CARS 44 (HAM) AND 55 (SAI) NOTED,noted,44|55,2,Turn 1,,other
12051,2024-esp,Race,2024-06-23 07:04:46-07:00,46.0,INCIDENT INVOLVING CAR 27 (HUL) NOTED - SPEEDING IN THE PIT LANE,noted,27,1,Pit Lane,,other
12053,2024-esp,Race,2024-06-23 07:05:10-07:00,46.0,FIA STEWARDS: INCIDENT INVOLVING CAR 27 (HUL) UNDER INVESTIGATION - SPEEDING IN THE PIT LANE,investigation,27,1,Pit Lane,,other
12056,2024-esp,Race,2024-06-23 07:06:22-07:00,47.0,FIA STEWARDS: 5 SECOND TIME PENALTY FOR CAR 27 (HUL) - SPEEDING IN THE PIT LANE,sanction_announced,27,1,Pit Lane,,other
12065,2024-esp,Race,2024-06-23 07:08:42-07:00,49.0,INCIDENT INVOLVING CAR 22 (TSU) NOTED - SPEEDING IN THE PIT LANE,noted,22,1,Pit Lane,,other
12066,2024-esp,Race,2024-06-23 07:08:47-07:00,49.0,FIA STEWARDS: INCIDENT INVOLVING CAR 22 (TSU) UNDER INVESTIGATION - SPEEDING IN THE PIT LANE,investigation,22,1,Pit Lane,,other
12068,2024-esp,Race,2024-06-23 07:10:01-07:00,50.0,FIA STEWARDS: 5 SECOND TIME PENALTY FOR CAR 22 (TSU) - SPEEDING IN THE PIT LANE,sanction_announced,22,1,Pit Lane,,other
12114,2024-gbr,Race,2024-07-07 07:06:28-07:00,3.0,TURN 3 INCIDENT INVOLVING CAR 27 (HUL) NOTED - LEAVING THE TRACK AND GAINING AN ADVANTAGE,noted,27,1,Turn 3,,gaining_advantage_off_track
12221,2024-hun,Race,2024-07-21 06:05:08-07:00,2.0,TURN 1 INCIDENT INVOLVING CAR 1 (VER) NOTED - LEAVING THE TRACK AND GAINING AN ADVANTAGE,noted,1,1,Turn 1,,gaining_advantage_off_track
12222,2024-hun,Race,2024-07-21 06:06:11-07:00,3.0,FIA STEWARDS: TURN 1 INCIDENT INVOLVING CAR 1 (VER) UNDER INVESTIGATION - LEAVING THE TRACK AND GAINING AN ADVANTAGE,investigation,1,1,Turn 1,,gaining_advantage_off_track
12223,2024-hun,Race,2024-07-21 06:07:48-07:00,4.0,FIA STEWARDS: TURN 1 INCIDENT INVOLVING CAR 1 (VER) NO FURTHER ACTION - LEAVING THE TRACK AND GAINING AN ADVANTAGE,no_further_action,1,1,Turn 1,,gaining_advantage_off_track
12270,2024-hun,Race,2024-07-21 07:31:09-07:00,63.0,TURN 1 INCIDENT INVOLVING CARS 1 (VER) AND 44 (HAM) NOTED - CAUSING A COLLISION,noted,1|44,2,Turn 1,,causing_collision
12280,2024-hun,Race,2024-07-21 07:35:30-07:00,67.0,FIA STEWARDS: TURN 1 INCIDENT INVOLVING CARS 1 (VER) AND 44 (HAM) WILL BE INVESTIGATED AFTER THE RACE - CAUSING A COLLISION,post_session_investigation,1|44,2,Turn 1,,causing_collision
12297,2024-ita,Race,2024-09-01 06:07:52-07:00,3.0,TURN 8 INCIDENT INVOLVING CARS 3 (RIC) AND 27 (HUL) NOTED - CAUSING A COLLISION,noted,3|27,2,Turn 8,,causing_collision
12298,2024-ita,Race,2024-09-01 06:11:21-07:00,6.0,TURN 1 INCIDENT INVOLVING CARS 27 (HUL) AND 22 (TSU) NOTED - CAUSING A COLLISION,noted,22|27,2,Turn 1,,causing_collision
12300,2024-ita,Race,2024-09-01 06:13:02-07:00,7.0,FIA STEWARDS: TURN 8 INCIDENT INVOLVING CARS 3 (RIC) AND 27 (HUL) UNDER INVESTIGATION - CAUSING A COLLISION,investigation,3|27,2,Turn 8,,causing_collision
12301,2024-ita,Race,2024-09-01 06:14:30-07:00,8.0,FIA STEWARDS: TURN 1 INCIDENT INVOLVING CARS 27 (HUL) AND 22 (TSU) UNDER INVESTIGATION - CAUSING A COLLISION,investigation,22|27,2,Turn 1,,causing_collision
12302,2024-ita,Race,2024-09-01 06:15:00-07:00,9.0,FIA STEWARDS: 5 SECOND TIME PENALTY FOR CAR 3 (RIC) - FORCING ANOTHER CAR OFF THE TRACK,sanction_announced,3,1,,,forcing_off_track
12304,2024-ita,Race,2024-09-01 06:15:36-07:00,9.0,FIA STEWARDS: 10 SECOND TIME PENALTY FOR CAR 27 (HUL) - CAUSING A COLLISION,sanction_announced,27,1,,,causing_collision
12307,2024-ita,Race,2024-09-01 06:26:21-07:00,17.0,PIT LANE INCIDENT INVOLVING CAR 3 (RIC) NOTED - FAILING TO SERVE TIME PENALTY CORRECTLY,sanction_announced,3,1,Pit Lane,,other
12308,2024-ita,Race,2024-09-01 06:27:21-07:00,17.0,FIA STEWARDS: PIT LANE INCIDENT INVOLVING CAR 3 (RIC) UNDER INVESTIGATION - FAILING TO SERVE TIME PENALTY CORRECTLY,investigation,3,1,Pit Lane,,other
12309,2024-ita,Race,2024-09-01 06:28:31-07:00,18.0,FIA STEWARDS: 10 SECOND TIME PENALTY FOR CAR 3 (RIC) - FAILING TO SERVE TIME PENALTY CORRECTLY,sanction_announced,3,1,,,other
12310,2024-ita,Race,2024-09-01 06:30:30-07:00,19.0,TURN 4 INCIDENT INVOLVING CARS 20 (MAG) AND 10 (GAS) NOTED - CAUSING A COLLISION,noted,10|20,2,Turn 4,,causing_collision
12314,2024-ita,Race,2024-09-01 06:35:41-07:00,23.0,FIA STEWARDS: TURN 4 INCIDENT INVOLVING CARS 20 (MAG) AND 10 (GAS) UNDER INVESTIGATION - CAUSING A COLLISION,investigation,10|20,2,Turn 4,,causing_collision
12315,2024-ita,Race,2024-09-01 06:38:15-07:00,25.0,FIA STEWARDS: 10 SECOND TIME PENALTY FOR CAR 20 (MAG) - CAUSING A COLLISION,sanction_announced,20,1,,,causing_collision
12362,2024-jpn,Race,2024-04-06 22:15:12-07:00,2.0,TURN 2 INCIDENT INVOLVING CARS 3 (RIC) AND 23 (ALB) NOTED - CAUSING A COLLISION,noted,3|23,2,Turn 2,,causing_collision
12364,2024-jpn,Race,2024-04-06 22:21:44-07:00,2.0,FIA STEWARDS: TURN 2 INCIDENT INVOLVING CARS 3 (RIC) AND 23 (ALB) WILL BE INVESTIGATED AFTER THE RACE - CAUSING A COLLISION,post_session_investigation,3|23,2,Turn 2,,causing_collision
12373,2024-jpn,Race,2024-04-06 23:11:04-07:00,24.0,INCIDENT INVOLVING CAR 18 (STR) NOTED - PIT LANE INFRINGEMENT,noted,18,1,Pit Lane,,other
12376,2024-jpn,Race,2024-04-06 23:25:50-07:00,33.0,FIA STEWARDS: INCIDENT INVOLVING CAR 18 (STR) UNDER INVESTIGATION - PIT LANE INFRINGEMENT,investigation,18,1,Pit Lane,,other
12377,2024-jpn,Race,2024-04-06 23:27:38-07:00,34.0,FIA STEWARDS: INCIDENT INVOLVING CAR 18 (STR) NO FURTHER ACTION - PIT LANE INFRINGEMENT,no_further_action,18,1,Pit Lane,,other
12406,2024-jpn,Race,2024-04-06 23:53:10-07:00,50.0,TURN 17 INCIDENT INVOLVING CARS 81 (PIA) AND 63 (RUS) NOTED - FORCING ANOTHER DRIVER OFF THE TRACK,noted,63|81,2,Turn 17,,forcing_off_track
12414,2024-jpn,Race,2024-04-07 00:00:54-07:00,53.0,FIA STEWARDS: TURN 17 INCIDENT INVOLVING CARS 81 (PIA) AND 63 (RUS) WILL BE INVESTIGATED AFTER THE RACE - FORCING ANOTHER DRIVER OFF THE TRACK,post_session_investigation,63|81,2,Turn 17,,forcing_off_track
12422,2024-lvs,Race,2024-11-23 22:07:21-08:00,3.0,TURN 8 INCIDENT INVOLVING CARS 24 (ZHO) AND 30 (LAW) NOTED - LEAVING THE TRACK AND GAINING AN ADVANTAGE,noted,24|30,2,Turn 8,,gaining_advantage_off_track
12423,2024-lvs,Race,2024-11-23 22:08:31-08:00,3.0,TURN 14 INCIDENT INVOLVING CARS 30 (LAW) AND 20 (MAG) NOTED,noted,20|30,2,Turn 14,,other
12426,2024-lvs,Race,2024-11-23 22:11:03-08:00,5.0,INCIDENT INVOLVING CAR 81 (PIA) NOTED - FALSE START,noted,81,1,,,other
12427,2024-lvs,Race,2024-11-23 22:14:10-08:00,7.0,FIA STEWARDS: INCIDENT INVOLVING CAR 81 (PIA) UNDER INVESTIGATION - FALSE START,investigation,81,1,,,other
12428,2024-lvs,Race,2024-11-23 22:19:12-08:00,10.0,FIA STEWARDS: 5 SECOND TIME PENALTY FOR CAR 81 (PIA) - FALSE START,sanction_announced,81,1,,,other
12435,2024-lvs,Race,2024-11-23 22:52:37-08:00,30.0,TURN 3 INCIDENT INVOLVING CARS 30 (LAW) AND 31 (OCO) NOTED - CAUSING A COLLISION,noted,30|31,2,Turn 3,,causing_collision
12477,2024-mco,Race,2024-05-26 06:14:27-07:00,1.0,LAP 1 TURN 1 INCIDENT NOTED,noted,,0,Turn 1,1.0,other
12478,2024-mco,Race,2024-05-26 06:14:59-07:00,1.0,TURN 8 INCIDENT INVOLVING CARS 10 (GAS) AND 31 (OCO) NOTED - CAUSING A COLLISION,noted,10|31,2,Turn 8,,causing_collision
12482,2024-mco,Race,2024-05-26 06:34:56-07:00,1.0,FIA STEWARDS: TURN 8 INCIDENT INVOLVING CARS 10 (GAS) AND 31 (OCO) UNDER INVESTIGATION - CAUSING A COLLISION,investigation,10|31,2,Turn 8,,causing_collision
12492,2024-mco,Race,2024-05-26 06:51:43-07:00,6.0,LAP 1 INCIDENT INVOLVING CARS 55 (SAI) AND 81 (PIA) NOTED - CAUSING A COLLISION,noted,55|81,2,,1.0,causing_collision
12493,2024-mco,Race,2024-05-26 06:54:15-07:00,8.0,FIA STEWARDS: 10 SECOND TIME PENALTY FOR CAR 31 (OCO) - CAUSING A COLLISION,sanction_announced,31,1,,,causing_collision
12616,2024-mex,Race,2024-10-27 13:07:06-07:00,2.0,INCIDENT INVOLVING CAR 11 (PER) NOTED - FALSE START,noted,11,1,,,other
12617,2024-mex,Race,2024-10-27 13:08:43-07:00,3.0,LAP 1 TURN 1 INCIDENT NOTED,noted,,0,Turn 1,1.0,other
12618,2024-mex,Race,2024-10-27 13:09:06-07:00,3.0,FIA STEWARDS: INCIDENT INVOLVING CAR 11 (PER) UNDER INVESTIGATION - FALSE START,investigation,11,1,,,other
12620,2024-mex,Race,2024-10-27 13:13:44-07:00,5.0,FIA STEWARDS: 5 SECOND TIME PENALTY FOR CAR 11 (PER) - FALSE START,sanction_announced,11,1,,,other
12628,2024-mex,Race,2024-10-27 13:22:23-07:00,11.0,TURN 8 INCIDENT INVOLVING CARS 4 (NOR) AND 1 (VER) NOTED,noted,1|4,2,Turn 8,,other
12629,2024-mex,Race,2024-10-27 13:23:32-07:00,12.0,TURN 4 INCIDENT INVOLVING CAR 1 (VER) NOTED - FORCING ANOTHER DRIVER OFF THE TRACK,noted,1,1,Turn 4,,forcing_off_track
12630,2024-mex,Race,2024-10-27 13:24:01-07:00,12.0,FIA STEWARDS: TURN 8 INCIDENT INVOLVING CARS 4 (NOR) AND 1 (VER) UNDER INVESTIGATION,investigation,1|4,2,Turn 8,,other
12631,2024-mex,Race,2024-10-27 13:24:35-07:00,13.0,FIA STEWARDS: TURN 4 INCIDENT INVOLVING CAR 1 (VER) UNDER INVESTIGATION - FORCING ANOTHER DRIVER OFF THE TRACK,investigation,1,1,Turn 4,,forcing_off_track
12635,2024-mex,Race,2024-10-27 13:25:41-07:00,13.0,FIA STEWARDS: 10 SECOND TIME PENALTY FOR CAR 1 (VER) - FORCING ANOTHER DRIVER OFF THE TRACK,sanction_announced,1,1,,,forcing_off_track
12637,2024-mex,Race,2024-10-27 13:33:49-07:00,19.0,FIA STEWARDS: 10 SECOND TIME PENALTY FOR CAR 1 (VER) - LEAVING THE TRACK AND GAINING AN ADVANTAGE AT T8,sanction_announced,1,1,,,gaining_advantage_off_track
12638,2024-mex,Race,2024-10-27 13:34:03-07:00,20.0,TURN 5 INCIDENT INVOLVING CARS 30 (LAW) AND 11 (PER) NOTED,noted,11|30,2,Turn 5,,other
12639,2024-mex,Race,2024-10-27 13:34:47-07:00,20.0,TURN 4 INCIDENT INVOLVING CARS 18 (STR) AND 11 (PER) NOTED - FORCING ANOTHER DRIVER OFF THE TRACK,noted,11|18,2,Turn 4,,forcing_off_track
12640,2024-mex,Race,2024-10-27 13:35:06-07:00,20.0,FIA STEWARDS: TURN 5 INCIDENT INVOLVING CARS 30 (LAW) AND 11 (PER) UNDER INVESTIGATION,investigation,11|30,2,Turn 5,,other
12642,2024-mex,Race,2024-10-27 13:38:30-07:00,23.0,FIA STEWARDS: TURN 5 INCIDENT INVOLVING CARS 30 (LAW) AND 11 (PER) NO FURTHER ACTION,no_further_action,11|30,2,Turn 5,,other
12644,2024-mex,Race,2024-10-27 13:41:28-07:00,25.0,FIA STEWARDS: TURN 4 INCIDENT INVOLVING CARS 18 (STR) AND 11 (PER) UNDER INVESTIGATION - FORCING ANOTHER DRIVER OFF THE TRACK,investigation,11|18,2,Turn 4,,forcing_off_track
12645,2024-mex,Race,2024-10-27 13:42:38-07:00,26.0,FIA STEWARDS: TURN 4 INCIDENT INVOLVING CARS 18 (STR) AND 11 (PER) NO FURTHER ACTION - FORCING ANOTHER DRIVER OFF THE TRACK,no_further_action,11|18,2,Turn 4,,forcing_off_track
12666,2024-mex,Race,2024-10-27 14:38:26-07:00,67.0,TURN 1 INCIDENT INVOLVING CARS 30 (LAW) AND 43 (COL) NOTED,noted,30|43,2,Turn 1,,other
12675,2024-mex,Race,2024-10-27 14:43:09-07:00,70.0,FIA STEWARDS: TURN 1 INCIDENT INVOLVING CARS 30 (LAW) AND 43 (COL) WILL BE INVESTIGATED AFTER THE RACE,post_session_investigation,30|43,2,Turn 1,,other
12686,2024-mex,Race,2024-10-27 14:54:42.993000-07:00,71.0,FIA STEWARDS: 10 SECOND TIME PENALTY FOR CAR 43 (COL) - CAUSING A COLLISION,sanction_announced,43,1,,,causing_collision
12694,2024-mia,Race,2024-05-05 13:07:59-07:00,3.0,LAP 1 TURN 1 INCIDENT INVOLVING CAR 11 (PER) NOTED,noted,11,1,Turn 1,1.0,other
12698,2024-mia,Race,2024-05-05 13:11:28-07:00,6.0,INCIDENT INVOLVING CAR 11 (PER) NOTED - FALSE START,noted,11,1,,,other
12704,2024-mia,Race,2024-05-05 13:24:38-07:00,14.0,TURN 11 INCIDENT INVOLVING CARS 23 (ALB) AND 18 (STR) NOTED,noted,18|23,2,Turn 11,,other
12728,2024-mia,Race,2024-05-05 13:52:10-07:00,31.0,TURN 3 INCIDENT INVOLVING CARS 20 (MAG) AND 2 (SAR) NOTED - CAUSING A COLLISION,noted,2|20,2,Turn 3,,causing_collision
12729,2024-mia,Race,2024-05-05 13:52:16-07:00,31.0,FIA STEWARDS: TURN 3 INCIDENT INVOLVING CARS 20 (MAG) AND 2 (SAR) UNDER INVESTIGATION - CAUSING A COLLISION,investigation,2|20,2,Turn 3,,causing_collision
12731,2024-mia,Race,2024-05-05 13:53:17-07:00,31.0,FIA STEWARDS: 10 SECOND TIME PENALTY FOR CAR 20 (MAG) - CAUSING A COLLISION,sanction_announced,20,1,,,causing_collision
12735,2024-mia,Race,2024-05-05 13:59:22-07:00,35.0,TURN 11 INCIDENT INVOLVING CARS 81 (PIA) AND 55 (SAI) NOTED - LEAVING THE TRACK AND GAINING AN ADVANTAGE,noted,55|81,2,Turn 11,,gaining_advantage_off_track
12736,2024-mia,Race,2024-05-05 14:00:40-07:00,35.0,UPDATE: TURN 11 INCIDENT INVOLVING CARS 81 (PIA) AND 55 (SAI) NOTED - FORCING ANOTHER DRIVER OFF THE TRACK,noted,55|81,2,Turn 11,,forcing_off_track
12740,2024-mia,Race,2024-05-05 14:07:02-07:00,40.0,INCIDENT INVOLVING CAR 20 (MAG) NOTED - FAILING TO SERVE TIME PENALTY CORRECTLY,sanction_announced,20,1,,,other
12741,2024-mia,Race,2024-05-05 14:07:53-07:00,40.0,TURN 17 INCIDENT INVOLVING CARS 55 (SAI) AND 81 (PIA) NOTED - CAUSING A COLLISION,noted,55|81,2,Turn 17,,causing_collision
12745,2024-mia,Race,2024-05-05 14:11:01-07:00,42.0,FIA STEWARDS: INCIDENT INVOLVING CAR 20 (MAG) UNDER INVESTIGATION - FAILING TO SERVE TIME PENALTY CORRECTLY,investigation,20,1,,,other
12748,2024-mia,Race,2024-05-05 14:15:30-07:00,45.0,INCIDENT INVOLVING CAR 20 (MAG) NOTED - ENTERING PIT LANE UNDER SAFETY CAR CONDITIONS,noted,20,1,Pit Lane,,other
12749,2024-mia,Race,2024-05-05 14:15:36-07:00,45.0,FIA STEWARDS: INCIDENT INVOLVING CAR 20 (MAG) WILL BE INVESTIGATED AFTER THE RACE - ENTERING PIT LANE UNDER SAFETY CAR CONDITIONS,post_session_investigation,20,1,Pit Lane,,other
12753,2024-mia,Race,2024-05-05 14:16:41-07:00,46.0,FIA STEWARDS: TURN 17 INCIDENT INVOLVING CARS 55 (SAI) AND 81 (PIA) UNDER INVESTIGATION - CAUSING A COLLISION,investigation,55|81,2,Turn 17,,causing_collision
12754,2024-mia,Race,2024-05-05 14:21:06-07:00,49.0,FIA STEWARDS: TURN 17 INCIDENT INVOLVING CARS 55 (SAI) AND 81 (PIA) WILL BE INVESTIGATED AFTER THE RACE - CAUSING A COLLISION,post_session_investigation,55|81,2,Turn 17,,causing_collision
12756,2024-mia,Race,2024-05-05 14:27:05-07:00,53.0,TURN 1 INCIDENT INVOLVING CARS 18 (STR) AND 23 (ALB) NOTED - LEAVING THE TRACK AND GAINING AN ADVANTAGE,noted,18|23,2,Turn 1,,gaining_advantage_off_track
12759,2024-mia,Race,2024-05-05 14:30:45-07:00,55.0,FIA STEWARDS: TURN 1 INCIDENT INVOLVING CARS 18 (STR) AND 23 (ALB) UNDER INVESTIGATION - LEAVING THE TRACK AND GAINING AN ADVANTAGE,investigation,18|23,2,Turn 1,,gaining_advantage_off_track
12760,2024-mia,Race,2024-05-05 14:33:48-07:00,57.0,FIA STEWARDS: 10 SECOND TIME PENALTY FOR CAR 18 (STR) - LEAVING THE TRACK AND GAINING AN ADVANTAGE,sanction_announced,18,1,,,gaining_advantage_off_track
12763,2024-mia,Sprint,2024-05-04 08:31:36-07:00,1.0,INCIDENT INVOLVING CARS 31 (OCO) AND 16 (LEC) NOTED - UNSAFE RELEASE,noted,16|31,2,,,unsafe_release
12764,2024-mia,Sprint,2024-05-04 08:33:02-07:00,1.0,FIA STEWARDS: INCIDENT INVOLVING CARS 31 (OCO) AND 16 (LEC) UNDER INVESTIGATION - UNSAFE RELEASE,investigation,16|31,2,,,unsafe_release
12766,2024-mia,Sprint,2024-05-04 08:44:28-07:00,1.0,FIA STEWARDS: 10 SECOND TIME PENALTY FOR CAR 31 (OCO) - UNSAFE RELEASE,sanction_announced,31,1,,,unsafe_release
12785,2024-mia,Sprint,2024-05-04 09:05:38-07:00,1.0,INCIDENT INVOLVING CAR 4 (NOR) NOTED,noted,4,1,,,other
12786,2024-mia,Sprint,2024-05-04 09:06:05-07:00,2.0,FIA STEWARDS: INCIDENT INVOLVING CAR 4 (NOR) UNDER INVESTIGATION,investigation,4,1,,,other
12787,2024-mia,Sprint,2024-05-04 09:08:18-07:00,3.0,FIA STEWARDS: INCIDENT INVOLVING CAR 4 (NOR) NO FURTHER ACTION,no_further_action,4,1,,,other
12792,2024-mia,Sprint,2024-05-04 09:15:23-07:00,6.0,INCIDENT INVOLVING CAR 4 (NOR) NOTED - ENTERING THE TRACK ON FOOT,noted,4,1,,,other
12796,2024-mia,Sprint,2024-05-04 09:19:23-07:00,10.0,TURN 15 INCIDENT INVOLVING CAR 20 (MAG) NOTED - LEAVING THE TRACK AND GAINING AN ADVANTAGE,noted,20,1,Turn 15,,gaining_advantage_off_track
12797,2024-mia,Sprint,2024-05-04 09:22:02-07:00,11.0,FIA STEWARDS: TURN 15 INCIDENT INVOLVING CAR 20 (MAG) UNDER INVESTIGATION - LEAVING THE TRACK AND GAINING AN ADVANTAGE,investigation,20,1,Turn 15,,gaining_advantage_off_track
12798,2024-mia,Sprint,2024-05-04 09:22:58-07:00,11.0,FIA STEWARDS: 10 SECOND TIME PENALTY FOR CAR 20 (MAG) - LEAVING THE TRACK AND GAINING AN ADVANTAGE,sanction_announced,20,1,,,gaining_advantage_off_track
12799,2024-mia,Sprint,2024-05-04 09:23:28-07:00,12.0,INCIDENT INVOLVING CAR 44 (HAM) NOTED - SPEEDING IN THE PIT LANE,noted,44,1,Pit Lane,,other
12801,2024-mia,Sprint,2024-05-04 09:24:10-07:00,12.0,TURN 11 INCIDENT INVOLVING CAR 20 (MAG) NOTED - LEAVING THE TRACK AND GAINING AN ADVANTAGE,noted,20,1,Turn 11,,gaining_advantage_off_track
12802,2024-mia,Sprint,2024-05-04 09:24:18-07:00,12.0,FIA STEWARDS: TURN 11 INCIDENT INVOLVING CAR 20 (MAG) UNDER INVESTIGATION - LEAVING THE TRACK AND GAINING AN ADVANTAGE,investigation,20,1,Turn 11,,gaining_advantage_off_track
12805,2024-mia,Sprint,2024-05-04 09:29:32-07:00,16.0,TURN 11 INCIDENT INVOLVING CARS 20 (MAG) AND 44 (HAM) NOTED - LEAVING THE TRACK AND GAINING AN ADVANTAGE,noted,20|44,2,Turn 11,,gaining_advantage_off_track
12806,2024-mia,Sprint,2024-05-04 09:29:52-07:00,16.0,FIA STEWARDS: 10 SECOND TIME PENALTY FOR CAR 20 (MAG) - LEAVING THE TRACK AND GAINING AN ADVANTAGE,sanction_announced,20,1,,,gaining_advantage_off_track
12807,2024-mia,Sprint,2024-05-04 09:29:56-07:00,16.0,FIA STEWARDS: TURN 11 INCIDENT INVOLVING CARS 20 (MAG) AND 44 (HAM) UNDER INVESTIGATION - LEAVING THE TRACK AND GAINING AN ADVANTAGE,investigation,20|44,2,Turn 11,,gaining_advantage_off_track
12810,2024-mia,Sprint,2024-05-04 09:30:43-07:00,17.0,INCIDENT INVOLVING CAR 20 (MAG) NOTED - TRACK LIMITS,noted,20,1,,,track_limits
12811,2024-mia,Sprint,2024-05-04 09:30:51-07:00,17.0,FIA STEWARDS: INCIDENT INVOLVING CAR 20 (MAG) UNDER INVESTIGATION - TRACK LIMITS,investigation,20,1,,,track_limits
12812,2024-mia,Sprint,2024-05-04 09:34:20-07:00,19.0,FIA STEWARDS: INCIDENT INVOLVING CAR 44 (HAM) UNDER INVESTIGATION - SPEEDING IN THE PIT LANE,investigation,44,1,Pit Lane,,other
12814,2024-mia,Sprint,2024-05-04 09:36:31-07:00,19.0,FIA STEWARDS: 5 SECOND TIME PENALTY FOR CAR 20 (MAG) - TRACK LIMITS,sanction_announced,20,1,,,track_limits
12815,2024-mia,Sprint,2024-05-04 09:37:26-07:00,19.0,FIA STEWARDS: 10 SECOND TIME PENALTY FOR CAR 20 (MAG) - LEAVING THE TRACK AND GAINING AN ADVANTAGE,sanction_announced,20,1,,,gaining_advantage_off_track
12816,2024-mia,Sprint,2024-05-04 09:38:06-07:00,19.0,FIA STEWARDS: DRIVE THROUGH PENALTY FOR CAR 44 (HAM) - SPEEDING IN THE PIT LANE,sanction_announced,44,1,Pit Lane,,other
12834,2024-ned,Race,2024-08-25 06:47:11-07:00,35.0,INCIDENT INVOLVING CAR 10 (GAS) NOTED - UNSAFE RELEASE,noted,10,1,,,unsafe_release
12837,2024-ned,Race,2024-08-25 06:50:21-07:00,37.0,INCIDENT INVOLVING CAR 18 (STR) NOTED - SPEEDING IN THE PIT LANE,noted,18,1,Pit Lane,,other
12839,2024-ned,Race,2024-08-25 06:50:33-07:00,38.0,FIA STEWARDS: INCIDENT INVOLVING CAR 18 (STR) UNDER INVESTIGATION - SPEEDING IN THE PIT LANE,investigation,18,1,Pit Lane,,other
12840,2024-ned,Race,2024-08-25 06:51:35-07:00,38.0,FIA STEWARDS: 5 SECOND TIME PENALTY FOR CAR 18 (STR) - SPEEDING IN THE PIT LANE,sanction_announced,18,1,Pit Lane,,other
12902,2024-qat,Race,2024-12-01 07:25:34-08:00,1.0,PIT ENTRY INCIDENT INVOLVING CAR 11 (PER) NOTED - DRIVING ERRATICALLY,noted,11,1,Pit Lane,,other
12903,2024-qat,Race,2024-12-01 07:26:25-08:00,1.0,UPDATE: PIT ENTRY INCIDENT INVOLVING CAR 81 (PIA) NOTED - DRIVING ERRATICALLY,noted,81,1,Pit Lane,,other
12905,2024-qat,Race,2024-12-01 07:33:06-08:00,1.0,FIA STEWARDS: PIT ENTRY INCIDENT INVOLVING CAR 81 (PIA) WILL BE INVESTIGATED AFTER THE RACE,post_session_investigation,81,1,Pit Lane,,other
12912,2024-qat,Race,2024-12-01 08:09:46-08:00,3.0,"TURN 1 INCIDENT INVOLVING CARS 31 (OCO), 27 (HUL) AND 43 (COL) NOTED - CAUSING A COLLISION",noted,27|31|43,3,Turn 1,,causing_collision
12914,2024-qat,Race,2024-12-01 08:11:34-08:00,4.0,TURN 4 INCIDENT INVOLVING CARS 18 (STR) AND 23 (ALB) NOTED - CAUSING A COLLISION,noted,18|23,2,Turn 4,,causing_collision
12920,2024-qat,Race,2024-12-01 08:14:20-08:00,6.0,FIA STEWARDS: TURN 4 INCIDENT INVOLVING CARS 18 (STR) AND 23 (ALB) UNDER INVESTIGATION - CAUSING A COLLISION,investigation,18|23,2,Turn 4,,causing_collision
12921,2024-qat,Race,2024-12-01 08:15:08-08:00,6.0,TURN 1 INCIDENT INVOLVING CARS 77 (BOT) AND 30 (LAW) NOTED - CAUSING A COLLISION,noted,30|77,2,Turn 1,,causing_collision
12922,2024-qat,Race,2024-12-01 08:17:06-08:00,8.0,FIA STEWARDS: 10 SECOND TIME PENALTY FOR CAR 18 (STR) - CAUSING A COLLISION,sanction_announced,18,1,,,causing_collision
12924,2024-qat,Race,2024-12-01 08:18:30-08:00,9.0,TURN 14 INCIDENT INVOLVING CAR 14 (ALO) NOTED - REJOINING UNSAFELY,noted,14,1,Turn 14,,unsafe_rejoin
12925,2024-qat,Race,2024-12-01 08:19:10-08:00,9.0,INCIDENT INVOLVING CAR 44 (HAM) NOTED - FALSE START,noted,44,1,,,other
12926,2024-qat,Race,2024-12-01 08:20:41-08:00,10.0,FIA STEWARDS: TURN 1 INCIDENT INVOLVING CARS 77 (BOT) AND 30 (LAW) UNDER INVESTIGATION - CAUSING A COLLISION,investigation,30|77,2,Turn 1,,causing_collision
12927,2024-qat,Race,2024-12-01 08:22:01-08:00,11.0,FIA STEWARDS: 10 SECOND TIME PENALTY FOR CAR 30 (LAW) - CAUSING A COLLISION,sanction_announced,30,1,,,causing_collision
12928,2024-qat,Race,2024-12-01 08:24:09-08:00,13.0,TURN 1 INCIDENT INVOLVING CARS 22 (TSU) AND 20 (MAG) NOTED,noted,20|22,2,Turn 1,,other
12931,2024-qat,Race,2024-12-01 08:24:56-08:00,13.0,FIA STEWARDS: INCIDENT INVOLVING CAR 44 (HAM) UNDER INVESTIGATION - FALSE START,investigation,44,1,,,other
12932,2024-qat,Race,2024-12-01 08:26:12-08:00,14.0,FIA STEWARDS: 5 SECOND TIME PENALTY FOR CAR 44 (HAM) - FALSE START,sanction_announced,44,1,,,other
12978,2024-qat,Race,2024-12-01 09:10:16-08:00,41.0,INCIDENT INVOLVING CAR 4 (NOR) NOTED - FAILING TO SLOW UNDER YELLOW FLAGS,noted,4,1,,,other
12979,2024-qat,Race,2024-12-01 09:11:43-08:00,42.0,FIA STEWARDS: INCIDENT INVOLVING CAR 4 (NOR) UNDER INVESTIGATION - FAILING TO SLOW UNDER YELLOW FLAGS,investigation,4,1,,,other
12986,2024-qat,Race,2024-12-01 09:15:49-08:00,44.0,FIA STEWARDS: 10 SECOND STOP/GO PENALTY FOR CAR 4 (NOR) - FAILING TO SLOW UNDER YELLOW FLAGS,sanction_announced,4,1,,,other
12988,2024-qat,Race,2024-12-01 09:16:55-08:00,45.0,TURN 1 INCIDENT INVOLVING CARS 23 (ALB) AND 20 (MAG) NOTED - CAUSING A COLLISION,noted,20|23,2,Turn 1,,causing_collision
12989,2024-qat,Race,2024-12-01 09:17:38-08:00,45.0,INCIDENT INVOLVING CAR 44 (HAM) NOTED - SPEEDING IN THE PIT LANE,noted,44,1,Pit Lane,,other
12990,2024-qat,Race,2024-12-01 09:18:02-08:00,46.0,FIA STEWARDS: INCIDENT INVOLVING CAR 44 (HAM) UNDER INVESTIGATION - SPEEDING IN THE PIT LANE,investigation,44,1,Pit Lane,,other
12991,2024-qat,Race,2024-12-01 09:19:25-08:00,47.0,FIA STEWARDS: DRIVE THROUGH PENALTY FOR CAR 44 (HAM) - SPEEDING IN THE PIT LANE,sanction_announced,44,1,Pit Lane,,other
12992,2024-qat,Race,2024-12-01 09:20:32-08:00,47.0,TURN 1 INCIDENT INVOLVING CARS 23 (ALB) AND 20 (MAG) NOTED - FORCING ANOTHER DRIVER OFF THE TRACK,noted,20|23,2,Turn 1,,forcing_off_track
12993,2024-qat,Race,2024-12-01 09:22:21-08:00,49.0,TURN 14 INCIDENT INVOLVING CAR 11 (PER) NOTED - REJOINING UNSAFELY,noted,11,1,Turn 14,,unsafe_rejoin
12995,2024-qat,Race,2024-12-01 09:23:53-08:00,50.0,FIA STEWARDS: TURN 1 INCIDENT INVOLVING CARS 23 (ALB) AND 20 (MAG) UNDER INVESTIGATION - CAUSING A COLLISION,investigation,20|23,2,Turn 1,,causing_collision
13001,2024-qat,Race,2024-12-01 09:29:39-08:00,54.0,FIA STEWARDS: 10 SECOND TIME PENALTY FOR CAR 23 (ALB) - CAUSING A COLLISION,sanction_announced,23,1,,,causing_collision
13004,2024-qat,Race,2024-12-01 09:32:10-08:00,56.0,INCIDENT INVOLVING CAR 63 (RUS) NOTED - SAFETY CAR INFRINGEMENT,noted,63,1,,,other
13008,2024-qat,Race,2024-12-01 09:36:07-08:00,57.0,FIA STEWARDS: INCIDENT INVOLVING CAR 63 (RUS) UNDER INVESTIGATION - SAFETY CAR INFRINGEMENT,investigation,63,1,,,other
13010,2024-qat,Race,2024-12-01 09:37:04-08:00,57.0,FIA STEWARDS: 5 SECOND TIME PENALTY FOR CAR 63 (RUS) - SAFETY CAR INFRINGEMENT,sanction_announced,63,1,,,other
13011,2024-qat,Race,2024-12-01 09:42:33-08:00,57.0,UPDATE: TURN 14 INCIDENT INVOLVING CAR 11 (PER) NOTED - DANGEROUS DRIVING,noted,11,1,Turn 14,,other
13012,2024-qat,Race,2024-12-01 09:43:31-08:00,57.0,FIA STEWARDS: TURN 14 INCIDENT INVOLVING CAR 11 (PER) WILL BE INVESTIGATED AFTER THE RACE - DANGEROUS DRIVING,post_session_investigation,11,1,Turn 14,,other
13015,2024-qat,Sprint,2024-11-30 05:37:06-08:00,1.0,FIA STEWARDS: INCIDENT INVOLVING CARS 24 (ZHO) NOTED - FAILING TO FOLLOW RACE DIRECTORS INSTRUCTIONS - MAXIMUM DELTA TIME,noted,24,1,,,other
13052,2024-sao,Race,2024-11-03 07:37:26-08:00,1.0,INCIDENT INVOLVING CAR 4 (NOR) NOTED - STARTING PROCEDURE INFRINGEMENT,noted,4,1,,,other
13053,2024-sao,Race,2024-11-03 07:38:41-08:00,1.0,FIA STEWARDS: INCIDENT INVOLVING CAR 4 (NOR) UNDER INVESTIGATION - STARTING PROCEDURE INFRINGEMENT,investigation,4,1,,,other
13059,2024-sao,Race,2024-11-03 07:57:01-08:00,5.0,TURN 10 INCIDENT INVOLVING CARS 50 (BEA) AND 43 (COL) NOTED - CAUSING A COLLISION,noted,43|50,2,Turn 10,,causing_collision
13060,2024-sao,Race,2024-11-03 07:58:08-08:00,6.0,"INCIDENT INVOLVING CARS 63 (RUS), 22 (TSU) AND 30 (LAW) NOTED - STARTING PROCEDURE INFRINGEMENT",noted,22|30|63,3,,,other
13062,2024-sao,Race,2024-11-03 07:58:29-08:00,6.0,FIA STEWARDS: TURN 10 INCIDENT INVOLVING CARS 50 (BEA) AND 43 (COL) UNDER INVESTIGATION - CAUSING A COLLISION,investigation,43|50,2,Turn 10,,causing_collision
13064,2024-sao,Race,2024-11-03 08:01:30-08:00,9.0,FIA STEWARDS: 10 SECOND TIME PENALTY FOR CAR 50 (BEA) - CAUSING A COLLISION,sanction_announced,50,1,,,causing_collision
13068,2024-sao,Race,2024-11-03 08:07:12-08:00,13.0,FIA STEWARDS: INCIDENT INVOLVING CAR 4 (NOR) WILL BE INVESTIGATED AFTER THE RACE - STARTING PROCEDURE INFRINGEMENT,post_session_investigation,4,1,,,other
13069,2024-sao,Race,2024-11-03 08:07:18-08:00,13.0,"FIA STEWARDS: INCIDENT INVOLVING CARS 63 (RUS), 22 (TSU) AND 30 (LAW) WILL BE INVESTIGATED AFTER THE RACE - STARTING PROCEDURE INFRINGEMENT",post_session_investigation,22|30|63,3,,,other
13072,2024-sao,Race,2024-11-03 08:16:17-08:00,19.0,INCIDENT INVOLVING CAR 43 (COL) NOTED - LEAVING THE TRACK AND GAINING AN ADVANTAGE,noted,43,1,,,gaining_advantage_off_track
13080,2024-sao,Race,2024-11-03 08:27:07-08:00,27.0,TURN 1 INCIDENT INVOLVING CARS 81 (PIA) AND 30 (LAW) NOTED - CAUSING A COLLISION,noted,30|81,2,Turn 1,,causing_collision
13090,2024-sao,Race,2024-11-03 08:30:21-08:00,29.0,FIA STEWARDS: TURN 1 INCIDENT INVOLVING CARS 81 (PIA) AND 30 (LAW) UNDER INVESTIGATION - CAUSING A COLLISION,investigation,30|81,2,Turn 1,,causing_collision
13091,2024-sao,Race,2024-11-03 08:31:07-08:00,29.0,FIA STEWARDS: 10 SECOND TIME PENALTY FOR CAR 81 (PIA) - CAUSING A COLLISION,sanction_announced,81,1,,,causing_collision
13095,2024-sao,Race,2024-11-03 08:35:57-08:00,31.0,INCIDENT INVOLVING CAR 27 (HUL) NOTED - CONTINUING ON TRACK AFTER RECEIVING ASSISTANCE,noted,27,1,,,other
13101,2024-sao,Race,2024-11-03 08:41:26-08:00,33.0,TURN 1 INCIDENT INVOLVING CARS 44 (HAM) AND 30 (LAW) NOTED - CAUSING A COLLISION,noted,30|44,2,Turn 1,,causing_collision
13127,2024-sao,Race,2024-11-03 09:15:44-08:00,41.0,INCIDENT INVOLVING CAR 55 (SAI) NOTED,noted,55,1,,,other
13132,2024-sao,Race,2024-11-03 09:20:44-08:00,43.0,FIA STEWARDS: INCIDENT INVOLVING CAR 55 (SAI) WILL BE INVESTIGATED AFTER THE RACE,post_session_investigation,55,1,,,other
13137,2024-sao,Race,2024-11-03 09:25:23-08:00,46.0,TURN 4 INCIDENT INVOLVING CAR 16 (LEC) NOTED - REJOINING UNSAFELY,noted,16,1,Turn 4,,unsafe_rejoin
13143,2024-sao,Race,2024-11-03 09:38:02-08:00,56.0,TURN 2 INCIDENT INVOLVING CARS 11 (PER) AND 30 (LAW) NOTED,noted,11|30,2,Turn 2,,other
13165,2024-sao,Sprint,2024-11-02 07:35:59-07:00,24.0,INCIDENT INVOLVING CAR 1 (VER) NOTED - VIRTUAL SAFETY CAR INFRINGEMENT,noted,1,1,,,other
13174,2024-sau,Race,2024-03-09 08:22:02-08:00,1.0,PIT LANE INCIDENT INVOLVING CARS 22 (TSU) AND 4 (NOR) NOTED - UNSAFE RELEASE,noted,4|22,2,Pit Lane,,unsafe_release
13179,2024-sau,Race,2024-03-09 09:04:53-08:00,1.0,FIA STEWARDS: PIT LANE INCIDENT INVOLVING CARS 22 (TSU) AND 4 (NOR) WILL BE INVESTIGATED AFTER THE RACE - UNSAFE RELEASE,post_session_investigation,4|22,2,Pit Lane,,unsafe_release
13195,2024-sau,Race,2024-03-09 09:23:39-08:00,11.0,PIT LANE INCIDENT INVOLVING CARS 11 (PER) AND 14 (ALO) NOTED - UNSAFE RELEASE,noted,11|14,2,Pit Lane,,unsafe_release
13196,2024-sau,Race,2024-03-09 09:24:06-08:00,11.0,INCIDENT INVOLVING CAR 4 (NOR) NOTED - INCORRECT STARTING LOCATION,noted,4,1,,,other
13197,2024-sau,Race,2024-03-09 09:24:22-08:00,11.0,FIA STEWARDS: PIT LANE INCIDENT INVOLVING CARS 11 (PER) AND 14 (ALO) UNDER INVESTIGATION - UNSAFE RELEASE,investigation,11|14,2,Pit Lane,,unsafe_release
13198,2024-sau,Race,2024-03-09 09:25:30-08:00,12.0,CORRECTION: INCIDENT INVOLVING CAR 4 (NOR) NOTED - JUMP START,noted,4,1,,,other
13199,2024-sau,Race,2024-03-09 09:26:05-08:00,13.0,TURN 4 INCIDENT INVOLVING CARS 20 (MAG) AND 23 (ALB) NOTED - CAUSING A COLLISION,noted,20|23,2,Turn 4,,causing_collision
13202,2024-sau,Race,2024-03-09 09:27:17-08:00,13.0,FIA STEWARDS: TURN 4 INCIDENT INVOLVING CARS 20 (MAG) AND 23 (ALB) UNDER INVESTIGATION - CAUSING A COLLISION,investigation,20|23,2,Turn 4,,causing_collision
13203,2024-sau,Race,2024-03-09 09:28:08-08:00,14.0,FIA STEWARDS: CORRECTION: INCIDENT INVOLVING CAR 4 (NOR) UNDER INVESTIGATION - JUMP START,investigation,4,1,,,other
13204,2024-sau,Race,2024-03-09 09:28:31-08:00,14.0,FIA STEWARDS: CORRECTION: INCIDENT INVOLVING CAR 4 (NOR) NO FURTHER ACTION - JUMP START,no_further_action,4,1,,,other
13205,2024-sau,Race,2024-03-09 09:30:21-08:00,15.0,FIA STEWARDS: 5 SECOND TIME PENALTY FOR CAR 11 (PER) - UNSAFE RELEASE,sanction_announced,11,1,,,unsafe_release
13206,2024-sau,Race,2024-03-09 09:31:11-08:00,16.0,FIA STEWARDS: 10 SECOND TIME PENALTY FOR CAR 20 (MAG) - CAUSING A COLLISION,sanction_announced,20,1,,,causing_collision
13209,2024-sau,Race,2024-03-09 09:36:55-08:00,20.0,TURN 4 INCIDENT INVOLVING CARS 20 (MAG) AND 22 (TSU) NOTED - LEAVING THE TRACK AND GAINING AN ADVANTAGE,noted,20|22,2,Turn 4,,gaining_advantage_off_track
13210,2024-sau,Race,2024-03-09 09:38:53-08:00,21.0,FIA STEWARDS: TURN 4 INCIDENT INVOLVING CARS 20 (MAG) AND 22 (TSU) UNDER INVESTIGATION - LEAVING THE TRACK AND GAINING AN ADVANTAGE,investigation,20|22,2,Turn 4,,gaining_advantage_off_track
13213,2024-sau,Race,2024-03-09 09:40:04-08:00,22.0,FIA STEWARDS: 10 SECOND TIME PENALTY FOR CAR 20 (MAG) - LEAVING THE TRACK AND GAINING AN ADVANTAGE,sanction_announced,20,1,,,gaining_advantage_off_track
13220,2024-sau,Race,2024-03-09 10:09:09-08:00,40.0,INCIDENT INVOLVING CAR 4 (NOR) NOTED - WEAVING ON STRAIGHT,noted,4,1,,,other
13243,2024-sgp,Race,2024-09-22 05:55:43-07:00,32.0,TURN 7 INCIDENT INVOLVING CARS 10 (GAS) AND 27 (HUL) NOTED - FORCING ANOTHER DRIVER OFF THE TRACK,noted,10|27,2,Turn 7,,forcing_off_track
13248,2024-sgp,Race,2024-09-22 06:02:01-07:00,36.0,TURN 16 INCIDENT INVOLVING CAR 43 (COL) NOTED - LEAVING THE TRACK AND GAINING AN ADVANTAGE,noted,43,1,Turn 16,,gaining_advantage_off_track
13313,2024-usa,Race,2024-10-20 12:09:49-07:00,4.0,LAP 1 TURN 1 INCIDENT INVOLVING CARS 23 (ALB) AND 31 (OCO) NOTED - CAUSING A COLLISION,noted,23|31,2,Turn 1,1.0,causing_collision
13326,2024-usa,Race,2024-10-20 12:19:14-07:00,8.0,TURN 15 INCIDENT INVOLVING CARS 18 (STR) AND 23 (ALB) NOTED - LEAVING THE TRACK AND GAINING AN ADVANTAGE,noted,18|23,2,Turn 15,,gaining_advantage_off_track
13335,2024-usa,Race,2024-10-20 12:28:33-07:00,14.0,TURN 12 INCIDENT INVOLVING CARS 63 (RUS) AND 77 (BOT) NOTED - FORCING ANOTHER DRIVER OFF THE TRACK,noted,63|77,2,Turn 12,,forcing_off_track
13336,2024-usa,Race,2024-10-20 12:29:21-07:00,14.0,FIA STEWARDS: TURN 12 INCIDENT INVOLVING CARS 63 (RUS) AND 77 (BOT) UNDER INVESTIGATION - FORCING ANOTHER DRIVER OFF THE TRACK,investigation,63|77,2,Turn 12,,forcing_off_track
13340,2024-usa,Race,2024-10-20 12:30:59-07:00,15.0,FIA STEWARDS: 5 SECOND TIME PENALTY FOR CAR 63 (RUS) - FORCING ANOTHER DRIVER OFF THE TRACK,sanction_announced,63,1,,,forcing_off_track
13349,2024-usa,Race,2024-10-20 12:42:31-07:00,22.0,TURN 12 INCIDENT INVOLVING CARS 23 (ALB) AND 20 (MAG) NOTED - FORCING ANOTHER DRIVER OFF THE TRACK,noted,20|23,2,Turn 12,,forcing_off_track
13353,2024-usa,Race,2024-10-20 12:53:06-07:00,29.0,TURN 15 INCIDENT INVOLVING CARS 10 (GAS) AND 23 (ALB) NOTED - LEAVING THE TRACK AND GAINING AN ADVANTAGE,noted,10|23,2,Turn 15,,gaining_advantage_off_track
13357,2024-usa,Race,2024-10-20 12:55:02-07:00,30.0,FIA STEWARDS: TURN 15 INCIDENT INVOLVING CARS 10 (GAS) AND 23 (ALB) UNDER INVESTIGATION - LEAVING THE TRACK AND GAINING AN ADVANTAGE,investigation,10|23,2,Turn 15,,gaining_advantage_off_track
13359,2024-usa,Race,2024-10-20 12:58:00-07:00,32.0,TURN 12 INCIDENT INVOLVING CARS 22 (TSU) AND 23 (ALB) NOTED - FORCING ANOTHER DRIVER OFF THE TRACK,noted,22|23,2,Turn 12,,forcing_off_track
13361,2024-usa,Race,2024-10-20 13:00:09-07:00,33.0,FIA STEWARDS: 5 SECOND TIME PENALTY FOR CAR 10 (GAS) - LEAVING THE TRACK AND GAINING AN ADVANTAGE,sanction_announced,10,1,,,gaining_advantage_off_track
13362,2024-usa,Race,2024-10-20 13:02:35-07:00,34.0,FIA STEWARDS: TURN 12 INCIDENT INVOLVING CARS 22 (TSU) AND 23 (ALB) UNDER INVESTIGATION - FORCING ANOTHER DRIVER OFF THE TRACK,investigation,22|23,2,Turn 12,,forcing_off_track
13363,2024-usa,Race,2024-10-20 13:04:01-07:00,35.0,FIA STEWARDS: 5 SECOND TIME PENALTY FOR CAR 22 (TSU) - FORCING ANOTHER DRIVER OFF THE TRACK,sanction_announced,22,1,,,forcing_off_track
13395,2024-usa,Race,2024-10-20 13:33:53-07:00,53.0,TURN 12 INCIDENT INVOLVING CARS 4 (NOR) AND 1 (VER) NOTED - LEAVING THE TRACK AND GAINING AN ADVANTAGE,noted,1|4,2,Turn 12,,gaining_advantage_off_track
13396,2024-usa,Race,2024-10-20 13:34:21-07:00,54.0,FIA STEWARDS: TURN 12 INCIDENT INVOLVING CARS 4 (NOR) AND 1 (VER) UNDER INVESTIGATION - LEAVING THE TRACK AND GAINING AN ADVANTAGE,investigation,1|4,2,Turn 12,,gaining_advantage_off_track
13408,2024-usa,Race,2024-10-20 13:38:26-07:00,56.0,FIA STEWARDS: 5 SECOND TIME PENALTY FOR CAR 4 (NOR) - LEAVING THE TRACK AND GAINING AN ADVANTAGE,sanction_announced,4,1,,,gaining_advantage_off_track
13415,2024-usa,Sprint,2024-10-19 10:37:27-07:00,1.0,"FIA STEWARDS: INCIDENT INVOLVING CARS 24 (ZHO), 77 (BOT) AND 14 (ALO) NOTED - FAILING TO FOLLOW RACE DIRECTORS INSTRUCTIONS - MAXIMUM DELTA TIME",noted,14|24|77,3,,,other
13421,2024-usa,Sprint,2024-10-19 11:06:50-07:00,2.0,TURN 11 INCIDENT INVOLVING CAR 20 (MAG) NOTED - LEAVING THE TRACK AND GAINING AN ADVANTAGE,noted,20,1,Turn 11,,gaining_advantage_off_track
13425,2024-usa,Sprint,2024-10-19 11:10:33-07:00,5.0,FIA STEWARDS: TURN 11 INCIDENT INVOLVING CAR 20 (MAG) UNDER INVESTIGATION - LEAVING THE TRACK AND GAINING AN ADVANTAGE,investigation,20,1,Turn 11,,gaining_advantage_off_track
13427,2024-usa,Sprint,2024-10-19 11:12:03-07:00,5.0,FIA STEWARDS: TURN 11 INCIDENT INVOLVING CAR 20 (MAG) NO FURTHER ACTION - LEAVING THE TRACK AND GAINING AN ADVANTAGE,no_further_action,20,1,Turn 11,,gaining_advantage_off_track
13428,2024-usa,Sprint,2024-10-19 11:14:32-07:00,7.0,TURN 12 INCIDENT INVOLVING CARS 81 (PIA) AND 10 (GAS) NOTED - FORCING ANOTHER DRIVER OFF THE TRACK,noted,10|81,2,Turn 12,,forcing_off_track
13432,2024-usa,Sprint,2024-10-19 11:16:57-07:00,8.0,FIA STEWARDS: TURN 12 INCIDENT INVOLVING CARS 81 (PIA) AND 10 (GAS) UNDER INVESTIGATION - FORCING ANOTHER DRIVER OFF THE TRACK,investigation,10|81,2,Turn 12,,forcing_off_track
13434,2024-usa,Sprint,2024-10-19 11:20:39-07:00,11.0,FIA STEWARDS: 5 SECOND TIME PENALTY FOR CAR 81 (PIA) - FORCING ANOTHER DRIVER OFF THE TRACK,sanction_announced,81,1,,,forcing_off_track
13444,2024-usa,Sprint,2024-10-19 11:27:20-07:00,15.0,TURN 12 INCIDENT INVOLVING CARS 22 (TSU) AND 81 (PIA) NOTED - LEAVING THE TRACK AND GAINING AN ADVANTAGE,noted,22|81,2,Turn 12,,gaining_advantage_off_track
13448,2024-usa,Sprint,2024-10-19 11:28:34-07:00,16.0,FIA STEWARDS: TURN 12 INCIDENT INVOLVING CARS 22 (TSU) AND 81 (PIA) UNDER INVESTIGATION - LEAVING THE TRACK AND GAINING AN ADVANTAGE,investigation,22|81,2,Turn 12,,gaining_advantage_off_track
13449,2024-usa,Sprint,2024-10-19 11:29:43-07:00,16.0,FIA STEWARDS: TURN 12 INCIDENT INVOLVING CARS 22 (TSU) AND 81 (PIA) NO FURTHER ACTION - LEAVING THE TRACK AND GAINING AN ADVANTAGE,no_further_action,22|81,2,Turn 12,,gaining_advantage_off_track
13460,2024-usa,Sprint,2024-10-19 11:40:37-07:00,19.0,TURN 15 INCIDENT INVOLVING CAR 4 (NOR) NOTED - DRIVING ERRATICALLY,noted,4,1,Turn 15,,other
13474,2025-abu,Race,2025-12-07 05:05:29-08:00,2.0,INCIDENT INVOLVING CAR 43 (COL) NOTED - STARTING PROCEDURE INFRINGEMENT,noted,43,1,,,other
13475,2025-abu,Race,2025-12-07 05:06:50-08:00,3.0,TURN 7 INCIDENT INVOLVING CARS 44 (HAM) AND 23 (ALB) NOTED - LEAVING THE TRACK AND GAINING AN ADVANTAGE,noted,23|44,2,Turn 7,,gaining_advantage_off_track
13477,2025-abu,Race,2025-12-07 05:10:25-08:00,5.0,TURN 6 INCIDENT INVOLVING CARS 12 (ANT) AND 18 (STR) NOTED - LEAVING THE TRACK AND GAINING AN ADVANTAGE,noted,12|18,2,Turn 6,,gaining_advantage_off_track
13481,2025-abu,Race,2025-12-07 05:12:03-08:00,6.0,TURN 5 INCIDENT INVOLVING CARS 10 (GAS) AND 27 (HUL) NOTED - CAUSING A COLLISION,noted,10|27,2,Turn 5,,causing_collision
13483,2025-abu,Race,2025-12-07 05:13:40-08:00,7.0,TURN 8 INCIDENT INVOLVING CARS 87 (BEA) AND 30 (LAW) NOTED,noted,30|87,2,Turn 8,,other
13488,2025-abu,Race,2025-12-07 05:16:30-08:00,9.0,FIA STEWARDS: TURN 5 INCIDENT INVOLVING CARS 10 (GAS) AND 27 (HUL) UNDER INVESTIGATION - CAUSING A COLLISION,investigation,10|27,2,Turn 5,,causing_collision
13489,2025-abu,Race,2025-12-07 05:17:41-08:00,10.0,FIA STEWARDS: TURN 5 INCIDENT INVOLVING CARS 10 (GAS) AND 27 (HUL) NO FURTHER ACTION - CAUSING A COLLISION,no_further_action,10|27,2,Turn 5,,causing_collision
13490,2025-abu,Race,2025-12-07 05:18:09-08:00,10.0,UPDATE: TURN 8 INCIDENT INVOLVING CARS 30 (LAW) AND 87 (BEA) NOTED - DRIVING ERRATICALLY,noted,30|87,2,Turn 8,,other
13491,2025-abu,Race,2025-12-07 05:18:25-08:00,10.0,FIA STEWARDS: TURN 8 INCIDENT INVOLVING CARS 30 (LAW) AND 87 (BEA) UNDER INVESTIGATION - DRIVING ERRATICALLY,investigation,30|87,2,Turn 8,,other
13496,2025-abu,Race,2025-12-07 05:23:13-08:00,14.0,FIA STEWARDS: 5 SECOND TIME PENALTY FOR CAR 30 (LAW) - DRIVING ERRATICALLY,sanction_announced,30,1,,,other
13499,2025-abu,Race,2025-12-07 05:30:57-08:00,19.0,TURN 9 INCIDENT INVOLVING CARS 16 (LEC) AND 63 (RUS) NOTED - MOVING UNDER BRAKING,noted,16|63,2,Turn 9,,moving_under_braking
13501,2025-abu,Race,2025-12-07 05:32:36-08:00,20.0,TURN 6 INCIDENT INVOLVING CARS 30 (LAW) AND 18 (STR) NOTED,noted,18|30,2,Turn 6,,other
13507,2025-abu,Race,2025-12-07 05:38:29-08:00,24.0,TURN 5 INCIDENT INVOLVING CARS 22 (TSU) AND 4 (NOR) NOTED,noted,4|22,2,Turn 5,,other
13508,2025-abu,Race,2025-12-07 05:40:46-08:00,25.0,UPDATE: TURN 5 INCIDENT INVOLVING CARS 22 (TSU) AND 4 (NOR) NOTED - FORCING ANOTHER DRIVER OFF THE TRACK,noted,4|22,2,Turn 5,,forcing_off_track
13509,2025-abu,Race,2025-12-07 05:41:01-08:00,26.0,TURN 5 INCIDENT INVOLVING CARS 4 (NOR) AND 22 (TSU) NOTED - LEAVING THE TRACK AND GAINING AN ADVANTAGE,noted,4|22,2,Turn 5,,gaining_advantage_off_track
13510,2025-abu,Race,2025-12-07 05:41:21-08:00,26.0,FIA STEWARDS: TURN 5 INCIDENT INVOLVING CARS 22 (TSU) AND 4 (NOR) UNDER INVESTIGATION - FORCING ANOTHER DRIVER OFF THE TRACK,investigation,4|22,2,Turn 5,,forcing_off_track
13511,2025-abu,Race,2025-12-07 05:41:25-08:00,26.0,FIA STEWARDS: TURN 5 INCIDENT INVOLVING CARS 4 (NOR) AND 22 (TSU) UNDER INVESTIGATION - LEAVING THE TRACK AND GAINING AN ADVANTAGE,investigation,4|22,2,Turn 5,,gaining_advantage_off_track
13516,2025-abu,Race,2025-12-07 05:42:34-08:00,27.0,FIA STEWARDS: PENALTY SERVED - 5 SECOND TIME PENALTY FOR CAR 30 (LAW) - DRIVING ERRATICALLY,sanction_announced,30,1,,,other
13519,2025-abu,Race,2025-12-07 05:46:38-08:00,29.0,FIA STEWARDS: 5 SECOND TIME PENALTY FOR CAR 22 (TSU) - MORE THAN ONE CHANGE OF DIRECTION,sanction_announced,22,1,,,multiple_defensive_moves
13520,2025-abu,Race,2025-12-07 05:47:04-08:00,30.0,FIA STEWARDS: TURN 5 INCIDENT INVOLVING CARS 4 (NOR) AND 22 (TSU) NO FURTHER ACTION - LEAVING THE TRACK AND GAINING AN ADVANTAGE,no_further_action,4|22,2,Turn 5,,gaining_advantage_off_track
13534,2025-abu,Race,2025-12-07 05:56:37-08:00,36.0,FIA STEWARDS: PENALTY SERVED - 5 SECOND TIME PENALTY FOR CAR 22 (TSU) - MORE THAN ONE CHANGE OF DIRECTION,sanction_announced,22,1,,,multiple_defensive_moves
13535,2025-abu,Race,2025-12-07 05:56:54-08:00,36.0,INCIDENT INVOLVING CAR 23 (ALB) NOTED - SPEEDING IN THE PIT LANE,noted,23,1,Pit Lane,,other
13536,2025-abu,Race,2025-12-07 05:59:34-08:00,38.0,FIA STEWARDS: INCIDENT INVOLVING CAR 23 (ALB) UNDER INVESTIGATION - SPEEDING IN THE PIT LANE,investigation,23,1,Pit Lane,,other
13537,2025-abu,Race,2025-12-07 06:00:05-08:00,38.0,FIA STEWARDS: 5 SECOND TIME PENALTY FOR CAR 23 (ALB) - SPEEDING IN THE PIT LANE,sanction_announced,23,1,Pit Lane,,other
13543,2025-abu,Race,2025-12-07 06:11:00-08:00,46.0,INCIDENT INVOLVING CAR 10 (GAS) NOTED - TRACK LIMITS,noted,10,1,,,track_limits
13544,2025-abu,Race,2025-12-07 06:11:15-08:00,46.0,FIA STEWARDS: INCIDENT INVOLVING CAR 10 (GAS) UNDER INVESTIGATION - TRACK LIMITS,investigation,10,1,,,track_limits
13545,2025-abu,Race,2025-12-07 06:11:25-08:00,46.0,FIA STEWARDS: 5 SECOND TIME PENALTY FOR CAR 10 (GAS) - TRACK LIMITS,sanction_announced,10,1,,,track_limits
13553,2025-abu,Race,2025-12-07 06:25:43-08:00,56.0,TURN 8 INCIDENT INVOLVING CARS 18 (STR) AND 55 (SAI) NOTED,noted,18|55,2,Turn 8,,other
13564,2025-abu,Race,2025-12-07 06:30:37-08:00,58.0,UPDATE: TURN 8 INCIDENT INVOLVING CARS 18 (STR) AND 55 (SAI) NOTED - MORE THAN ONE CHANGE OF DIRECTION,noted,18|55,2,Turn 8,,multiple_defensive_moves
13565,2025-abu,Race,2025-12-07 06:30:48-08:00,58.0,FIA STEWARDS: TURN 8 INCIDENT INVOLVING CARS 18 (STR) AND 55 (SAI) UNDER INVESTIGATION - MORE THAN ONE CHANGE OF DIRECTION,investigation,18|55,2,Turn 8,,multiple_defensive_moves
13566,2025-abu,Race,2025-12-07 06:32:24-08:00,58.0,FIA STEWARDS: 5 SECOND TIME PENALTY FOR CAR 18 (STR) - MORE THAN ONE CHANGE OF DIRECTION,sanction_announced,18,1,,,multiple_defensive_moves
13567,2025-abu,Race,2025-12-07 06:33:54-08:00,58.0,TURN 8 INCIDENT INVOLVING CARS 87 (BEA) AND 18 (STR) NOTED - MORE THAN ONE CHANGE OF DIRECTION,noted,18|87,2,Turn 8,,multiple_defensive_moves
13569,2025-abu,Race,2025-12-07 06:36:32-08:00,58.0,FIA STEWARDS: TURN 8 INCIDENT INVOLVING CARS 87 (BEA) AND 18 (STR) UNDER INVESTIGATION - MORE THAN ONE CHANGE OF DIRECTION,investigation,18|87,2,Turn 8,,multiple_defensive_moves
13570,2025-abu,Race,2025-12-07 06:38:08-08:00,58.0,FIA STEWARDS: 5 SECOND TIME PENALTY FOR CAR 87 (BEA) - MORE THAN ONE CHANGE OF DIRECTION,sanction_announced,87,1,,,multiple_defensive_moves
13601,2025-aus,Race,2025-03-15 21:36:21-07:00,8.0,INCIDENT INVOLVING CAR 14 (ALO) NOTED - SAFETY CAR INFRINGEMENT,noted,14,1,,,other
13602,2025-aus,Race,2025-03-15 21:37:35-07:00,9.0,INCIDENT INVOLVING CAR 22 (TSU) NOTED - SAFETY CAR INFRINGEMENT,noted,22,1,,,other
13603,2025-aus,Race,2025-03-15 21:37:41-07:00,9.0,FIA STEWARDS: INCIDENT INVOLVING CAR 14 (ALO) UNDER INVESTIGATION - SAFETY CAR INFRINGEMENT,investigation,14,1,,,other
13604,2025-aus,Race,2025-03-15 21:38:41-07:00,10.0,FIA STEWARDS: INCIDENT INVOLVING CAR 22 (TSU) UNDER INVESTIGATION - SAFETY CAR INFRINGEMENT,investigation,22,1,,,other
13611,2025-aus,Race,2025-03-15 21:51:45-07:00,18.0,INCIDENT INVOLVING CAR 23 (ALB) NOTED - SAFETY CAR INFRINGEMENT,noted,23,1,,,other
13612,2025-aus,Race,2025-03-15 21:51:51-07:00,18.0,INCIDENT INVOLVING CAR 44 (HAM) NOTED - SAFETY CAR INFRINGEMENT,noted,44,1,,,other
13617,2025-aus,Race,2025-03-15 21:52:52-07:00,19.0,FIA STEWARDS: INCIDENT INVOLVING CAR 23 (ALB) UNDER INVESTIGATION - SAFETY CAR INFRINGEMENT,investigation,23,1,,,other
13620,2025-aus,Race,2025-03-15 21:53:00-07:00,19.0,FIA STEWARDS: INCIDENT INVOLVING CAR 44 (HAM) UNDER INVESTIGATION - SAFETY CAR INFRINGEMENT,investigation,44,1,,,other
13621,2025-aus,Race,2025-03-15 21:54:00-07:00,20.0,FIA STEWARDS: INCIDENT INVOLVING CAR 14 (ALO) NO FURTHER ACTION - SAFETY CAR INFRINGEMENT,no_further_action,14,1,,,other
13622,2025-aus,Race,2025-03-15 21:54:12-07:00,20.0,FIA STEWARDS: INCIDENT INVOLVING CAR 22 (TSU) NO FURTHER ACTION - SAFETY CAR INFRINGEMENT,no_further_action,22,1,,,other
13623,2025-aus,Race,2025-03-15 21:54:21-07:00,20.0,FIA STEWARDS: INCIDENT INVOLVING CAR 23 (ALB) NO FURTHER ACTION - SAFETY CAR INFRINGEMENT,no_further_action,23,1,,,other
13624,2025-aus,Race,2025-03-15 21:54:31-07:00,20.0,FIA STEWARDS: INCIDENT INVOLVING CAR 44 (HAM) NO FURTHER ACTION - SAFETY CAR INFRINGEMENT,no_further_action,44,1,,,other
13641,2025-aus,Race,2025-03-15 22:30:08-07:00,40.0,INCIDENT INVOLVING CARS 5 (BOR) AND 30 (LAW) NOTED - UNSAFE RELEASE,noted,5|30,2,,,unsafe_release
13643,2025-aus,Race,2025-03-15 22:31:01-07:00,41.0,FIA STEWARDS: INCIDENT INVOLVING CARS 5 (BOR) AND 30 (LAW) UNDER INVESTIGATION - UNSAFE RELEASE,investigation,5|30,2,,,unsafe_release
13646,2025-aus,Race,2025-03-15 22:35:17-07:00,43.0,FIA STEWARDS: 5 SECOND TIME PENALTY FOR CAR 5 (BOR) - UNSAFE RELEASE,sanction_announced,5,1,,,unsafe_release
13671,2025-aus,Race,2025-03-15 22:45:02-07:00,49.0,FIA STEWARDS: PENALTY SERVED - 5 SECOND TIME PENALTY FOR CAR 5 (BOR) - UNSAFE RELEASE,sanction_announced,5,1,,,unsafe_release
13680,2025-aus,Race,2025-03-15 22:58:32-07:00,56.0,INCIDENT INVOLVING CAR 12 (ANT) NOTED - UNSAFE RELEASE,noted,12,1,,,unsafe_release
13681,2025-aus,Race,2025-03-15 22:59:02-07:00,56.0,FIA STEWARDS: INCIDENT INVOLVING CAR 12 (ANT) UNDER INVESTIGATION - UNSAFE RELEASE,investigation,12,1,,,unsafe_release
13682,2025-aus,Race,2025-03-15 22:59:50-07:00,57.0,FIA STEWARDS: 5 SECOND TIME PENALTY FOR CAR 12 (ANT) - UNSAFE RELEASE,sanction_announced,12,1,,,unsafe_release
13694,2025-aut,Race,2025-06-29 05:31:31-07:00,1.0,FIA STEWARDS: INCIDENT INVOLVING CAR 81 (PIA) NOTED - FAILING TO FOLLOW RACE DIRECTORS INSTRUCTIONS - MAXIMUM DELTA TIME,noted,81,1,,,other
13711,2025-aut,Race,2025-06-29 06:22:46-07:00,3.0,TURN 3 INCIDENT INVOLVING CARS 12 (ANT) AND 1 (VER) NOTED - CAUSING A COLLISION,noted,1|12,2,Turn 3,,causing_collision
13713,2025-aut,Race,2025-06-29 06:23:31-07:00,4.0,FIA STEWARDS: TURN 3 INCIDENT INVOLVING CARS 12 (ANT) AND 1 (VER) WILL BE INVESTIGATED AFTER THE RACE - CAUSING A COLLISION,post_session_investigation,1|12,2,Turn 3,,causing_collision
13715,2025-aut,Race,2025-06-29 06:26:47-07:00,6.0,TURN 3 INCIDENT INVOLVING CARS 43 (COL) AND 87 (BEA) NOTED,noted,43|87,2,Turn 3,,other
13717,2025-aut,Race,2025-06-29 06:29:32-07:00,9.0,FIA STEWARDS: TURN 3 INCIDENT INVOLVING CARS 43 (COL) AND 87 (BEA) UNDER INVESTIGATION,investigation,43|87,2,Turn 3,,other
13718,2025-aut,Race,2025-06-29 06:30:32-07:00,10.0,FIA STEWARDS: TURN 3 INCIDENT INVOLVING CARS 43 (COL) AND 87 (BEA) NO FURTHER ACTION,no_further_action,43|87,2,Turn 3,,other
13721,2025-aut,Race,2025-06-29 06:39:08-07:00,17.0,TURN 3 INCIDENT INVOLVING CARS 22 (TSU) AND 18 (STR) NOTED - CAUSING A COLLISION,noted,18|22,2,Turn 3,,causing_collision
13723,2025-aut,Race,2025-06-29 06:42:40-07:00,20.0,FIA STEWARDS: TURN 3 INCIDENT INVOLVING CARS 22 (TSU) AND 18 (STR) UNDER INVESTIGATION - CAUSING A COLLISION,investigation,18|22,2,Turn 3,,causing_collision
13724,2025-aut,Race,2025-06-29 06:43:43-07:00,21.0,FIA STEWARDS: TURN 3 INCIDENT INVOLVING CARS 22 (TSU) AND 18 (STR) NO FURTHER ACTION - CAUSING A COLLISION,no_further_action,18|22,2,Turn 3,,causing_collision
13725,2025-aut,Race,2025-06-29 06:53:42-07:00,29.0,TURN 3 INCIDENT INVOLVING CARS 43 (COL) AND 31 (OCO) NOTED,noted,31|43,2,Turn 3,,other
13734,2025-aut,Race,2025-06-29 06:56:56-07:00,32.0,TURN 4 INCIDENT INVOLVING CARS 22 (TSU) AND 43 (COL) NOTED - CAUSING A COLLISION,noted,22|43,2,Turn 4,,causing_collision
13736,2025-aut,Race,2025-06-29 06:57:44-07:00,33.0,FIA STEWARDS: TURN 4 INCIDENT INVOLVING CARS 22 (TSU) AND 43 (COL) UNDER INVESTIGATION - CAUSING A COLLISION,investigation,22|43,2,Turn 4,,causing_collision
13737,2025-aut,Race,2025-06-29 06:58:27-07:00,33.0,FIA STEWARDS: 10 SECOND TIME PENALTY FOR CAR 22 (TSU) - CAUSING A COLLISION,sanction_announced,22,1,,,causing_collision
13753,2025-aut,Race,2025-06-29 07:23:26-07:00,54.0,TURN 3 INCIDENT INVOLVING CARS 43 (COL) AND 81 (PIA) NOTED - FORCING ANOTHER DRIVER OFF THE TRACK,noted,43|81,2,Turn 3,,forcing_off_track
13754,2025-aut,Race,2025-06-29 07:23:54-07:00,55.0,FIA STEWARDS: TURN 3 INCIDENT INVOLVING CARS 43 (COL) AND 81 (PIA) UNDER INVESTIGATION - FORCING ANOTHER DRIVER OFF THE TRACK,investigation,43|81,2,Turn 3,,forcing_off_track
13757,2025-aut,Race,2025-06-29 07:26:00-07:00,57.0,FIA STEWARDS: 5 SECOND TIME PENALTY FOR CAR 43 (COL) - FORCING ANOTHER DRIVER OFF THE TRACK,sanction_announced,43,1,,,forcing_off_track
13774,2025-aut,Race,2025-06-29 07:35:43-07:00,65.0,FIA STEWARDS: PENALTY SERVED - 10 SECOND TIME PENALTY FOR CAR 22 (TSU) - CAUSING A COLLISION,sanction_announced,22,1,,,causing_collision
13836,2025-aze,Race,2025-09-21 04:11:47-07:00,4.0,INCIDENT INVOLVING CAR 81 (PIA) NOTED - FALSE START - MOVING BEFORE SIGNAL,noted,81,1,,,other
13837,2025-aze,Race,2025-09-21 04:11:57-07:00,4.0,INCIDENT INVOLVING CAR 14 (ALO) NOTED - FALSE START - MOVING BEFORE SIGNAL,noted,14,1,,,other
13840,2025-aze,Race,2025-09-21 04:13:24-07:00,4.0,FIA STEWARDS: INCIDENT INVOLVING CAR 81 (PIA) UNDER INVESTIGATION - FALSE START - MOVING BEFORE SIGNAL,investigation,81,1,,,other
13841,2025-aze,Race,2025-09-21 04:13:28-07:00,4.0,FIA STEWARDS: INCIDENT INVOLVING CAR 14 (ALO) UNDER INVESTIGATION - FALSE START - MOVING BEFORE SIGNAL,investigation,14,1,,,other
13843,2025-aze,Race,2025-09-21 04:14:58-07:00,5.0,FIA STEWARDS: 5 SECOND TIME PENALTY FOR CAR 81 (PIA) - FALSE START - MOVING BEFORE SIGNAL,sanction_announced,81,1,,,other
13844,2025-aze,Race,2025-09-21 04:15:23-07:00,5.0,FIA STEWARDS: 5 SECOND TIME PENALTY FOR CAR 14 (ALO) - FALSE START - MOVING BEFORE SIGNAL,sanction_announced,14,1,,,other
13846,2025-aze,Race,2025-09-21 04:16:46-07:00,6.0,TURN 6 INCIDENT INVOLVING CARS 27 (HUL) AND 31 (OCO) NOTED - CAUSING A COLLISION,noted,27|31,2,Turn 6,,causing_collision
13856,2025-aze,Race,2025-09-21 04:40:06-07:00,19.0,TURN 5 INCIDENT INVOLVING CARS 23 (ALB) AND 43 (COL) NOTED - CAUSING A COLLISION,noted,23|43,2,Turn 5,,causing_collision
13857,2025-aze,Race,2025-09-21 04:40:29-07:00,19.0,FIA STEWARDS: TURN 5 INCIDENT INVOLVING CARS 23 (ALB) AND 43 (COL) UNDER INVESTIGATION - CAUSING A COLLISION,investigation,23|43,2,Turn 5,,causing_collision
13858,2025-aze,Race,2025-09-21 04:41:00-07:00,19.0,FIA STEWARDS: 10 SECOND TIME PENALTY FOR CAR 23 (ALB) - CAUSING A COLLISION,sanction_announced,23,1,,,causing_collision
13859,2025-aze,Race,2025-09-21 04:48:32-07:00,24.0,FIA STEWARDS: PENALTY SERVED - 5 SECOND TIME PENALTY FOR CAR 14 (ALO) - FALSE START - MOVING BEFORE SIGNAL,sanction_announced,14,1,,,other
14076,2025-bhr,Race,2025-04-13 08:07:50-07:00,3.0,INCIDENT INVOLVING CAR 4 (NOR) NOTED - FALSE START - OUT OF POSITION,noted,4,1,,,other
14079,2025-bhr,Race,2025-04-13 08:10:28-07:00,5.0,FIA STEWARDS: INCIDENT INVOLVING CAR 4 (NOR) UNDER INVESTIGATION - FALSE START - OUT OF POSITION,investigation,4,1,,,other
14082,2025-bhr,Race,2025-04-13 08:14:51-07:00,7.0,FIA STEWARDS: 5 SECOND TIME PENALTY FOR CAR 4 (NOR) - FALSE START - OUT OF POSITION,sanction_announced,4,1,,,other
14087,2025-bhr,Race,2025-04-13 08:21:20-07:00,11.0,TURN 4 INCIDENT INVOLVING CARS 55 (SAI) AND 1 (VER) NOTED,noted,1|55,2,Turn 4,,other
14098,2025-bhr,Race,2025-04-13 08:30:36-07:00,17.0,PIT LANE INCIDENT INVOLVING CAR 87 (BEA) NOTED - UNSAFE RELEASE,noted,87,1,Pit Lane,,unsafe_release
14099,2025-bhr,Race,2025-04-13 08:32:51-07:00,18.0,FIA STEWARDS: PENALTY SERVED - 5 SECOND TIME PENALTY FOR CAR 4 (NOR) - FALSE START - OUT OF POSITION,sanction_announced,4,1,,,other
14110,2025-bhr,Race,2025-04-13 09:00:13-07:00,34.0,TURN 1 INCIDENT INVOLVING CARS 22 (TSU) AND 55 (SAI) NOTED - CAUSING A COLLISION,noted,22|55,2,Turn 1,,causing_collision
14116,2025-bhr,Race,2025-04-13 09:07:39-07:00,38.0,TURN 2 INCIDENT INVOLVING CARS 30 (LAW) AND 18 (STR) NOTED - CAUSING A COLLISION,noted,18|30,2,Turn 2,,causing_collision
14120,2025-bhr,Race,2025-04-13 09:10:59-07:00,40.0,FIA STEWARDS: TURN 2 INCIDENT INVOLVING CARS 30 (LAW) AND 18 (STR) UNDER INVESTIGATION - CAUSING A COLLISION,investigation,18|30,2,Turn 2,,causing_collision
14122,2025-bhr,Race,2025-04-13 09:12:46-07:00,41.0,TURN 4 INCIDENT INVOLVING CARS 30 (LAW) AND 18 (STR) NOTED - SAFETY CAR INFRINGEMENT,noted,18|30,2,Turn 4,,other
14123,2025-bhr,Race,2025-04-13 09:13:05-07:00,41.0,FIA STEWARDS: 5 SECOND TIME PENALTY FOR CAR 30 (LAW) - CAUSING A COLLISION,sanction_announced,30,1,,,causing_collision
14125,2025-bhr,Race,2025-04-13 09:14:41-07:00,42.0,TURN 10 INCIDENT INVOLVING CARS 55 (SAI) AND 12 (ANT) NOTED - FORCING ANOTHER DRIVER OFF THE TRACK,noted,12|55,2,Turn 10,,forcing_off_track
14126,2025-bhr,Race,2025-04-13 09:16:26-07:00,43.0,TURN 1 INCIDENT INVOLVING CARS 22 (TSU) AND 55 (SAI) NOTED - CAUSING A COLLISION,noted,22|55,2,Turn 1,,causing_collision
14127,2025-bhr,Race,2025-04-13 09:17:04-07:00,44.0,FIA STEWARDS: TURN 10 INCIDENT INVOLVING CARS 55 (SAI) AND 12 (ANT) UNDER INVESTIGATION - FORCING ANOTHER DRIVER OFF THE TRACK,investigation,12|55,2,Turn 10,,forcing_off_track
14128,2025-bhr,Race,2025-04-13 09:17:16-07:00,44.0,FIA STEWARDS: 10 SECOND TIME PENALTY FOR CAR 55 (SAI) - FORCING ANOTHER DRIVER OFF THE TRACK,sanction_announced,55,1,,,forcing_off_track
14135,2025-bhr,Race,2025-04-13 09:26:41-07:00,50.0,TURN 1 INCIDENT INVOLVING CARS 30 (LAW) AND 27 (HUL) NOTED - CAUSING A COLLISION,noted,27|30,2,Turn 1,,causing_collision
14137,2025-bhr,Race,2025-04-13 09:29:27-07:00,51.0,FIA STEWARDS: TURN 1 INCIDENT INVOLVING CARS 30 (LAW) AND 27 (HUL) UNDER INVESTIGATION - CAUSING A COLLISION,investigation,27|30,2,Turn 1,,causing_collision
14138,2025-bhr,Race,2025-04-13 09:30:12-07:00,52.0,INCIDENT INVOLVING CAR 63 (RUS) NOTED - DRS INFRINGEMENT,noted,63,1,,,other
14139,2025-bhr,Race,2025-04-13 09:31:55-07:00,53.0,FIA STEWARDS: INCIDENT INVOLVING CAR 63 (RUS) WILL BE INVESTIGATED AFTER THE RACE - DRS INFRINGEMENT,post_session_investigation,63,1,,,other
14143,2025-bhr,Race,2025-04-13 09:33:55-07:00,54.0,FIA STEWARDS: 10 SECOND TIME PENALTY FOR CAR 30 (LAW) - CAUSING A COLLISION,sanction_announced,30,1,,,causing_collision
14152,2025-bhr,Race,2025-04-13 09:42:28-07:00,57.0,INCIDENT INVOLVING CAR 7 (DOO) NOTED - TRACK LIMITS,noted,7,1,,,track_limits
14153,2025-bhr,Race,2025-04-13 09:42:48-07:00,57.0,FIA STEWARDS: INCIDENT INVOLVING CAR 7 (DOO) UNDER INVESTIGATION - TRACK LIMITS,investigation,7,1,,,track_limits
14155,2025-bhr,Race,2025-04-13 09:43:07-07:00,57.0,FIA STEWARDS: 5 SECOND TIME PENALTY FOR CAR 7 (DOO) - TRACK LIMITS,sanction_announced,7,1,,,track_limits
14179,2025-can,Race,2025-06-15 12:01:19-07:00,46.0,TURN 13 INCIDENT INVOLVING CARS 18 (STR) AND 10 (GAS) NOTED - FORCING ANOTHER DRIVER OFF THE TRACK,noted,10|18,2,Turn 13,,forcing_off_track
14183,2025-can,Race,2025-06-15 12:02:33-07:00,47.0,FIA STEWARDS: TURN 13 INCIDENT INVOLVING CARS 18 (STR) AND 10 (GAS) UNDER INVESTIGATION - FORCING ANOTHER DRIVER OFF THE TRACK,investigation,10|18,2,Turn 13,,forcing_off_track
14191,2025-can,Race,2025-06-15 12:04:07-07:00,48.0,INCIDENT INVOLVING CAR 30 (LAW) NOTED - IGNORING BLUE FLAGS,noted,30,1,,,blue_flags
14196,2025-can,Race,2025-06-15 12:05:00-07:00,49.0,FIA STEWARDS: 10 SECOND TIME PENALTY FOR CAR 18 (STR) - FORCING ANOTHER DRIVER OFF THE TRACK,sanction_announced,18,1,,,forcing_off_track
14198,2025-can,Race,2025-06-15 12:06:39-07:00,50.0,TURN 13 INCIDENT INVOLVING CARS 87 (BEA) AND 6 (HAD) NOTED,noted,6|87,2,Turn 13,,other
14222,2025-can,Race,2025-06-15 12:16:46-07:00,58.0,TURN 14 INCIDENT INVOLVING CAR 87 (BEA) NOTED - FAILING TO FOLLOW RACE DIRECTORS INSTRUCTIONS – ESCAPE ROAD INSTRUCTIONS,noted,87,1,Turn 14,,other
14229,2025-can,Race,2025-06-15 12:18:01-07:00,59.0,FIA STEWARDS: PENALTY SERVED - 10 SECOND TIME PENALTY FOR CAR 18 (STR) - FORCING ANOTHER DRIVER OFF THE TRACK,sanction_announced,18,1,,,forcing_off_track
14236,2025-can,Race,2025-06-15 12:22:54-07:00,63.0,FIA STEWARDS: TURN 14 INCIDENT INVOLVING CAR 87 (BEA) WILL BE INVESTIGATED AFTER THE RACE - FAILING TO FOLLOW RACE DIRECTORS INSTRUCTIONS – ESCAPE ROAD INSTRUCTIONS,post_session_investigation,87,1,Turn 14,,other
14250,2025-can,Race,2025-06-15 12:39:31-07:00,70.0,TURN 2 INCIDENT INVOLVING CARS 31 (OCO) AND 55 (SAI) NOTED - DRIVING ERRATICALLY,noted,31|55,2,Turn 2,,other
14252,2025-can,Race,2025-06-15 12:44:20-07:00,70.0,FIA STEWARDS: TURN 2 INCIDENT INVOLVING CARS 31 (OCO) AND 55 (SAI) WILL BE INVESTIGATED AFTER THE RACE - DRIVING ERRATICALLY,post_session_investigation,31|55,2,Turn 2,,other
14253,2025-can,Race,2025-06-15 12:48:27-07:00,70.0,"INCIDENT INVOLVING CARS 12 (ANT), 81 (PIA), 31 (OCO), 16 (LEC), 55 (SAI), 10 (GAS) AND 18 (STR) NOTED - SAFETY CAR INFRINGEMENT",noted,10|12|16|18|31|55|81,7,,,other
14254,2025-can,Race,2025-06-15 12:54:57-07:00,70.0,START/FINISH STRAIGHT INCIDENT INVOLVING CARS 4 (NOR) AND 81 (PIA) NOTED - CAUSING A COLLISION,noted,4|81,2,,,causing_collision
14255,2025-can,Race,2025-06-15 12:58:16-07:00,70.0,"FIA STEWARDS: INCIDENT INVOLVING CARS 12 (ANT), 81 (PIA), 31 (OCO), 16 (LEC), 55 (SAI), 10 (GAS) AND 18 (STR) WILL BE INVESTIGATED AFTER THE RACE - SAFETY CAR INFRINGEMENT",post_session_investigation,10|12|16|18|31|55|81,7,,,other
14256,2025-can,Race,2025-06-15 12:58:19-07:00,70.0,FIA STEWARDS: START/FINISH STRAIGHT INCIDENT INVOLVING CARS 4 (NOR) AND 81 (PIA) WILL BE INVESTIGATED AFTER THE RACE - CAUSING A COLLISION,post_session_investigation,4|81,2,,,causing_collision
14258,2025-chn,Race,2025-03-22 23:24:15-07:00,1.0,INCIDENT INVOLVING CAR 5 (BOR) NOTED - FAILING TO FOLLOW RACE DIRECTORS INSTRUCTIONS – PRACTICE START INFRINGEMENT,noted,5,1,,,other
14259,2025-chn,Race,2025-03-22 23:25:50-07:00,1.0,INCIDENT INVOLVING CAR 23 (ALB) NOTED - FAILING TO FOLLOW RACE DIRECTORS INSTRUCTIONS – PRACTICE START INFRINGEMENT,noted,23,1,,,other
14260,2025-chn,Race,2025-03-22 23:28:10-07:00,1.0,INCIDENT INVOLVING CAR 22 (TSU) NOTED - FAILING TO FOLLOW RACE DIRECTORS INSTRUCTIONS – PRACTICE START INFRINGEMENT,noted,22,1,,,other
14268,2025-chn,Race,2025-03-22 23:33:38-07:00,1.0,FIA STEWARDS: INCIDENT INVOLVING CAR 5 (BOR) WILL BE INVESTIGATED AFTER THE RACE - FAILING TO FOLLOW RACE DIRECTORS INSTRUCTIONS – PRACTICE START INFRINGEMENT,post_session_investigation,5,1,,,other
14269,2025-chn,Race,2025-03-22 23:33:46-07:00,1.0,FIA STEWARDS: INCIDENT INVOLVING CAR 23 (ALB) WILL BE INVESTIGATED AFTER THE RACE - FAILING TO FOLLOW RACE DIRECTORS INSTRUCTIONS – PRACTICE START INFRINGEMENT,post_session_investigation,23,1,,,other
14270,2025-chn,Race,2025-03-22 23:33:52-07:00,1.0,FIA STEWARDS: INCIDENT INVOLVING CAR 22 (TSU) WILL BE INVESTIGATED AFTER THE RACE - FAILING TO FOLLOW RACE DIRECTORS INSTRUCTIONS – PRACTICE START INFRINGEMENT,post_session_investigation,22,1,,,other
14274,2025-chn,Race,2025-03-22 23:36:38-07:00,1.0,INCIDENT INVOLVING CAR 27 (HUL) NOTED - FAILING TO FOLLOW RACE DIRECTORS INSTRUCTIONS – PRACTICE START INFRINGEMENT,noted,27,1,,,other
14275,2025-chn,Race,2025-03-22 23:37:40-07:00,1.0,FIA STEWARDS: INCIDENT INVOLVING CAR 27 (HUL) WILL BE INVESTIGATED AFTER THE RACE - FAILING TO FOLLOW RACE DIRECTORS INSTRUCTIONS – PRACTICE START INFRINGEMENT,post_session_investigation,27,1,,,other
14297,2025-chn,Race,2025-03-23 01:19:53-07:00,47.0,TURN 14 INCIDENT INVOLVING CARS 7 (DOO) AND 6 (HAD) NOTED - FORCING ANOTHER DRIVER OFF THE TRACK,noted,6|7,2,Turn 14,,forcing_off_track
14299,2025-chn,Race,2025-03-23 01:21:24-07:00,48.0,FIA STEWARDS: TURN 14 INCIDENT INVOLVING CARS 7 (DOO) AND 6 (HAD) UNDER INVESTIGATION - FORCING ANOTHER DRIVER OFF THE TRACK,investigation,6|7,2,Turn 14,,forcing_off_track
14302,2025-chn,Race,2025-03-23 01:24:22-07:00,50.0,FIA STEWARDS: 10 SECOND TIME PENALTY FOR CAR 7 (DOO) - FORCING ANOTHER DRIVER OFF THE TRACK,sanction_announced,7,1,,,forcing_off_track
14306,2025-chn,Race,2025-03-23 01:26:38-07:00,52.0,TURN 1 INCIDENT INVOLVING CAR 7 (DOO) NOTED - MOVING UNDER BRAKING,noted,7,1,Turn 1,,moving_under_braking
14314,2025-chn,Sprint,2025-03-21 19:32:45-07:00,1.0,INCIDENT INVOLVING CAR 6 (HAD) NOTED - FAILING TO FOLLOW RACE DIRECTORS INSTRUCTIONS – PRACTICE START INFRINGEMENT,noted,6,1,,,other
14316,2025-chn,Sprint,2025-03-21 19:37:50-07:00,1.0,INCIDENT INVOLVING CAR 10 (GAS) NOTED - FAILING TO FOLLOW RACE DIRECTORS INSTRUCTIONS – MAXIMUM DELTA TIME,noted,10,1,,,other
14324,2025-chn,Sprint,2025-03-21 20:11:33-07:00,5.0,TURN 14 INCIDENT INVOLVING CARS 30 (LAW) AND 7 (DOO) NOTED - CAUSING A COLLISION,noted,7|30,2,Turn 14,,causing_collision
14325,2025-chn,Sprint,2025-03-21 20:12:51-07:00,6.0,FIA STEWARDS: TURN 14 INCIDENT INVOLVING CARS 30 (LAW) AND 7 (DOO) UNDER INVESTIGATION - CAUSING A COLLISION,investigation,7|30,2,Turn 14,,causing_collision
14326,2025-chn,Sprint,2025-03-21 20:13:57-07:00,7.0,FIA STEWARDS: TURN 14 INCIDENT INVOLVING CARS 30 (LAW) AND 7 (DOO) NO FURTHER ACTION - CAUSING A COLLISION,no_further_action,7|30,2,Turn 14,,causing_collision
14334,2025-chn,Sprint,2025-03-21 20:37:13-07:00,19.0,TURN 14 INCIDENT INVOLVING CARS 7 (DOO) AND 5 (BOR) NOTED - CAUSING A COLLISION,noted,5|7,2,Turn 14,,causing_collision
14335,2025-chn,Sprint,2025-03-21 20:37:24-07:00,19.0,FIA STEWARDS: TURN 14 INCIDENT INVOLVING CARS 7 (DOO) AND 5 (BOR) UNDER INVESTIGATION - CAUSING A COLLISION,investigation,5|7,2,Turn 14,,causing_collision
14359,2025-emi,Race,2025-05-18 06:50:08-07:00,34.0,TURN 2 INCIDENT INVOLVING CARS 22 (TSU) AND 55 (SAI) NOTED - CAUSING A COLLISION,noted,22|55,2,Turn 2,,causing_collision
14361,2025-emi,Race,2025-05-18 06:57:03-07:00,39.0,TURN 7 INCIDENT INVOLVING CAR 23 (ALB) NOTED -YELLOW FLAG INFRINGEMENT,noted,23,1,Turn 7,,other
14378,2025-emi,Race,2025-05-18 07:23:24-07:00,55.0,INCIDENT INVOLVING CARS 4 (NOR) AND 23 (ALB) NOTED - SAFETY CAR INFRINGEMENT,noted,4|23,2,,,other
14381,2025-emi,Race,2025-05-18 07:31:22-07:00,61.0,TURN 2 INCIDENT INVOLVING CARS 16 (LEC) AND 23 (ALB) NOTED - FORCING ANOTHER DRIVER OFF THE TRACK,noted,16|23,2,Turn 2,,forcing_off_track
14383,2025-emi,Race,2025-05-18 07:33:47-07:00,62.0,FIA STEWARDS: TURN 2 INCIDENT INVOLVING CARS 16 (LEC) AND 23 (ALB) UNDER INVESTIGATION - FORCING ANOTHER DRIVER OFF THE TRACK,investigation,16|23,2,Turn 2,,forcing_off_track
14385,2025-emi,Race,2025-05-18 07:36:51-07:00,63.0,FIA STEWARDS: TURN 2 INCIDENT INVOLVING CARS 16 (LEC) AND 23 (ALB) NO FURTHER ACTION - FORCING ANOTHER DRIVER OFF THE TRACK,no_further_action,16|23,2,Turn 2,,forcing_off_track
14393,2025-esp,Race,2025-06-01 06:10:00-07:00,5.0,LAP 1 TURN 1 INCIDENT INVOLVING CAR 27 (HUL) NOTED - LEAVING THE TRACK AND GAINING AN ADVANTAGE,noted,27,1,Turn 1,1.0,gaining_advantage_off_track
14397,2025-esp,Race,2025-06-01 06:22:00-07:00,14.0,TURN 5 INCIDENT INVOLVING CAR 14 (ALO) NOTED - REJOINING UNSAFELY,noted,14,1,Turn 5,,unsafe_rejoin
14402,2025-esp,Race,2025-06-01 06:37:18-07:00,26.0,TURN 1 INCIDENT INVOLVING CARS 23 (ALB) AND 30 (LAW) NOTED,noted,23|30,2,Turn 1,,other
14403,2025-esp,Race,2025-06-01 06:37:25-07:00,26.0,FIA STEWARDS: TURN 1 INCIDENT INVOLVING CARS 23 (ALB) AND 30 (LAW) UNDER INVESTIGATION,investigation,23|30,2,Turn 1,,other
14405,2025-esp,Race,2025-06-01 06:39:31-07:00,27.0,FIA STEWARDS: 10 SECOND TIME PENALTY FOR CAR 23 (ALB) -LEAVING THE TRACK AND GAINING AN ADVANTAGE ,sanction_announced,23,1,,,gaining_advantage_off_track
14406,2025-esp,Race,2025-06-01 06:40:47-07:00,28.0,TURN 1 INCIDENT INVOLVING CARS 23 (ALB) AND 30 (LAW) NOTED - CAUSING A COLLISION,noted,23|30,2,Turn 1,,causing_collision
14407,2025-esp,Race,2025-06-01 06:41:03-07:00,28.0,FIA STEWARDS: TURN 1 INCIDENT INVOLVING CARS 23 (ALB) AND 30 (LAW) UNDER INVESTIGATION - CAUSING A COLLISION,investigation,23|30,2,Turn 1,,causing_collision
14408,2025-esp,Race,2025-06-01 06:42:34-07:00,29.0,FIA STEWARDS: TURN 1 INCIDENT INVOLVING CARS 23 (ALB) AND 30 (LAW) NO FURTHER ACTION - CAUSING A COLLISION,no_further_action,23|30,2,Turn 1,,causing_collision
14409,2025-esp,Race,2025-06-01 06:43:02-07:00,30.0,FIA STEWARDS: PENALTY SERVED - 10 SECOND TIME PENALTY FOR CAR 23 (ALB),sanction_announced,23,1,,,other
14410,2025-esp,Race,2025-06-01 06:46:30-07:00,32.0,TURN 1 INCIDENT INVOLVING CARS 30 (LAW) AND 87 (BEA) NOTED - CAUSING A COLLISION,noted,30|87,2,Turn 1,,causing_collision
14412,2025-esp,Race,2025-06-01 06:46:45-07:00,33.0,FIA STEWARDS: TURN 1 INCIDENT INVOLVING CARS 30 (LAW) AND 87 (BEA) UNDER INVESTIGATION - CAUSING A COLLISION,investigation,30|87,2,Turn 1,,causing_collision
14416,2025-esp,Race,2025-06-01 06:49:32-07:00,35.0,FIA STEWARDS: TURN 1 INCIDENT INVOLVING CARS 30 (LAW) AND 87 (BEA) NO FURTHER ACTION - CAUSING A COLLISION,no_further_action,30|87,2,Turn 1,,causing_collision
14457,2025-esp,Race,2025-06-01 07:15:10-07:00,54.0,TURN 1 INCIDENT INVOLVING CARS 87 (BEA) AND 30 (LAW) NOTED - LEAVING THE TRACK AND GAINING AN ADVANTAGE,noted,30|87,2,Turn 1,,gaining_advantage_off_track
14459,2025-esp,Race,2025-06-01 07:15:57-07:00,54.0,FIA STEWARDS: TURN 1 INCIDENT INVOLVING CARS 87 (BEA) AND 30 (LAW) UNDER INVESTIGATION - LEAVING THE TRACK AND GAINING AN ADVANTAGE,investigation,30|87,2,Turn 1,,gaining_advantage_off_track
14475,2025-esp,Race,2025-06-01 07:30:10-07:00,62.0,FIA STEWARDS: 10 SECOND TIME PENALTY FOR CAR 87 (BEA) - LEAVING THE TRACK AND GAINING AN ADVANTAGE,sanction_announced,87,1,,,gaining_advantage_off_track
14476,2025-esp,Race,2025-06-01 07:30:48-07:00,62.0,TURN 1 INCIDENT INVOLVING CARS 1 (VER) AND 63 (RUS) NOTED,noted,1|63,2,Turn 1,,other
14477,2025-esp,Race,2025-06-01 07:30:59-07:00,62.0,FIA STEWARDS: TURN 1 INCIDENT INVOLVING CARS 1 (VER) AND 63 (RUS) UNDER INVESTIGATION,investigation,1|63,2,Turn 1,,other
14479,2025-esp,Race,2025-06-01 07:33:59-07:00,65.0,TURN 5 INCIDENT INVOLVING CARS 1 (VER) AND 63 (RUS) NOTED - CAUSING A COLLISION,noted,1|63,2,Turn 5,,causing_collision
14480,2025-esp,Race,2025-06-01 07:35:28-07:00,66.0,FIA STEWARDS: TURN 5 INCIDENT INVOLVING CARS 1 (VER) AND 63 (RUS) UNDER INVESTIGATION - CAUSING A COLLISION,investigation,1|63,2,Turn 5,,causing_collision
14481,2025-esp,Race,2025-06-01 07:35:49-07:00,66.0,FIA STEWARDS: TURN 1 INCIDENT INVOLVING CARS 1 (VER) AND 63 (RUS) NO FURTHER ACTION,no_further_action,1|63,2,Turn 1,,other
14483,2025-esp,Race,2025-06-01 07:37:18-07:00,66.0,FIA STEWARDS: 10 SECOND TIME PENALTY FOR CAR 1 (VER) - CAUSING A COLLISION,sanction_announced,1,1,,,causing_collision
14484,2025-esp,Race,2025-06-01 07:41:03-07:00,66.0,START/FINISH STRAIGHT INCIDENT INVOLVING CARS 1 (VER) AND 16 (LEC) NOTED - CAUSING A COLLISION,noted,1|16,2,,,causing_collision
14485,2025-esp,Race,2025-06-01 07:42:18-07:00,66.0,FIA STEWARDS: START/FINISH STRAIGHT INCIDENT INVOLVING CARS 1 (VER) AND 16 (LEC) WILL BE INVESTIGATED AFTER THE RACE - CAUSING A COLLISION,post_session_investigation,1|16,2,,,causing_collision
14563,2025-gbr,Race,2025-07-06 07:11:04-07:00,4.0,TURN 5 INCIDENT INVOLVING CARS 31 (OCO) AND 30 (LAW) NOTED - CAUSING A COLLISION,noted,30|31,2,Turn 5,,causing_collision
14590,2025-gbr,Race,2025-07-06 07:43:27-07:00,19.0,TURN 9 INCIDENT INVOLVING CARS 6 (HAD) AND 12 (ANT) NOTED - CAUSING A COLLISION,noted,6|12,2,Turn 9,,causing_collision
14593,2025-gbr,Race,2025-07-06 07:45:35-07:00,20.0,FIA STEWARDS: TURN 9 INCIDENT INVOLVING CARS 6 (HAD) AND 12 (ANT) WILL BE INVESTIGATED AFTER THE RACE - CAUSING A COLLISION,post_session_investigation,6|12,2,Turn 9,,causing_collision
14596,2025-gbr,Race,2025-07-06 07:49:47-07:00,22.0,INCIDENT INVOLVING CAR 81 (PIA) NOTED - SAFETY CAR INFRINGEMENT,noted,81,1,,,other
14599,2025-gbr,Race,2025-07-06 07:51:52-07:00,23.0,TURN 6 INCIDENT INVOLVING CARS 22 (TSU) AND 87 (BEA) NOTED - CAUSING A COLLISION,noted,22|87,2,Turn 6,,causing_collision
14600,2025-gbr,Race,2025-07-06 07:51:57-07:00,23.0,FIA STEWARDS: INCIDENT INVOLVING CAR 81 (PIA) UNDER INVESTIGATION - SAFETY CAR INFRINGEMENT,investigation,81,1,,,other
14601,2025-gbr,Race,2025-07-06 07:55:02-07:00,25.0,FIA STEWARDS: 10 SECOND TIME PENALTY FOR CAR 81 (PIA) - SAFETY CAR INFRINGEMENT,sanction_announced,81,1,,,other
14603,2025-gbr,Race,2025-07-06 07:56:10-07:00,25.0,FIA STEWARDS: TURN 6 INCIDENT INVOLVING CARS 22 (TSU) AND 87 (BEA) UNDER INVESTIGATION - CAUSING A COLLISION,investigation,22|87,2,Turn 6,,causing_collision
14604,2025-gbr,Race,2025-07-06 07:59:11-07:00,27.0,FIA STEWARDS: 10 SECOND TIME PENALTY FOR CAR 22 (TSU) - CAUSING A COLLISION,sanction_announced,22,1,,,causing_collision
14611,2025-gbr,Race,2025-07-06 08:21:48-07:00,40.0,TURN 4 INCIDENT INVOLVING CARS 16 (LEC) AND 55 (SAI) NOTED,noted,16|55,2,Turn 4,,other
14619,2025-gbr,Race,2025-07-06 08:27:22-07:00,44.0,FIA STEWARDS: PENALTY SERVED - 10 SECOND TIME PENALTY FOR CAR 22 (TSU) - CAUSING A COLLISION,sanction_announced,22,1,,,causing_collision
14632,2025-gbr,Race,2025-07-06 08:30:14-07:00,45.0,TURN 6 INCIDENT INVOLVING CARS 87 (BEA) AND 31 (OCO) NOTED,noted,31|87,2,Turn 6,,other
14633,2025-gbr,Race,2025-07-06 08:30:58-07:00,46.0,TURN 15 INCIDENT INVOLVING CARS 55 (SAI) AND 16 (LEC) NOTED - CAUSING A COLLISION,noted,16|55,2,Turn 15,,causing_collision
14636,2025-gbr,Race,2025-07-06 08:32:46-07:00,47.0,FIA STEWARDS: TURN 6 INCIDENT INVOLVING CARS 87 (BEA) AND 31 (OCO) WILL BE INVESTIGATED AFTER THE RACE,post_session_investigation,31|87,2,Turn 6,,other
14638,2025-gbr,Race,2025-07-06 08:33:41-07:00,48.0,FIA STEWARDS: PENALTY SERVED - 10 SECOND TIME PENALTY FOR CAR 81 (PIA) - SAFETY CAR INFRINGEMENT,sanction_announced,81,1,,,other
14664,2025-hun,Race,2025-08-03 06:08:27-07:00,4.0,INCIDENT INVOLVING CAR 5 (BOR) NOTED - FALSE START - MOVING BEFORE SIGNAL,noted,5,1,,,other
14666,2025-hun,Race,2025-08-03 06:10:20-07:00,6.0,INCIDENT INVOLVING CAR 27 (HUL) NOTED - FALSE START - MOVING BEFORE SIGNAL,noted,27,1,,,other
14668,2025-hun,Race,2025-08-03 06:13:05-07:00,8.0,FIA STEWARDS: INCIDENT INVOLVING CAR 27 (HUL) UNDER INVESTIGATION - FALSE START - MOVING BEFORE SIGNAL,investigation,27,1,,,other
14669,2025-hun,Race,2025-08-03 06:15:06-07:00,9.0,FIA STEWARDS: 5 SECOND TIME PENALTY FOR CAR 27 (HUL) - FALSE START - MOVING BEFORE SIGNAL,sanction_announced,27,1,,,other
14676,2025-hun,Race,2025-08-03 06:46:13-07:00,32.0,TURN 4 INCIDENT INVOLVING CARS 1 (VER) AND 44 (HAM) NOTED,noted,1|44,2,Turn 4,,other
14679,2025-hun,Race,2025-08-03 06:51:24-07:00,36.0,FIA STEWARDS: TURN 4 INCIDENT INVOLVING CARS 1 (VER) AND 44 (HAM) UNDER INVESTIGATION,investigation,1|44,2,Turn 4,,other
14683,2025-hun,Race,2025-08-03 06:59:18-07:00,41.0,FIA STEWARDS: TURN 4 INCIDENT INVOLVING CARS 1 (VER) AND 44 (HAM) WILL BE INVESTIGATED AFTER THE RACE,post_session_investigation,1|44,2,Turn 4,,other
14686,2025-hun,Race,2025-08-03 07:02:27-07:00,44.0,FIA STEWARDS: PENALTY SERVED - 5 SECOND TIME PENALTY FOR CAR 27 (HUL) - FALSE START - MOVING BEFORE SIGNAL,sanction_announced,27,1,,,other
14699,2025-hun,Race,2025-08-03 07:13:21-07:00,52.0,TURN 1 INCIDENT INVOLVING CARS 27 (HUL) AND 22 (TSU) NOTED,noted,22|27,2,Turn 1,,other
14709,2025-hun,Race,2025-08-03 07:20:37-07:00,57.0,FIA STEWARDS: TURN 1 INCIDENT INVOLVING CARS 27 (HUL) AND 22 (TSU) UNDER INVESTIGATION,investigation,22|27,2,Turn 1,,other
14712,2025-hun,Race,2025-08-03 07:21:43-07:00,58.0,FIA STEWARDS: TURN 1 INCIDENT INVOLVING CARS 27 (HUL) AND 22 (TSU) NO FURTHER ACTION,no_further_action,22|27,2,Turn 1,,other
14722,2025-hun,Race,2025-08-03 07:28:24-07:00,63.0,TURN 1 INCIDENT INVOLVING CARS 16 (LEC) AND 63 (RUS) NOTED,noted,16|63,2,Turn 1,,other
14723,2025-hun,Race,2025-08-03 07:29:35-07:00,64.0,TURN 2 INCIDENT INVOLVING CARS 10 (GAS) AND 55 (SAI) NOTED - CAUSING A COLLISION,noted,10|55,2,Turn 2,,causing_collision
14725,2025-hun,Race,2025-08-03 07:30:14-07:00,64.0,FIA STEWARDS: TURN 1 INCIDENT INVOLVING CARS 16 (LEC) AND 63 (RUS) UNDER INVESTIGATION,investigation,16|63,2,Turn 1,,other
14730,2025-hun,Race,2025-08-03 07:32:16-07:00,66.0,FIA STEWARDS: TURN 2 INCIDENT INVOLVING CARS 10 (GAS) AND 55 (SAI) UNDER INVESTIGATION - CAUSING A COLLISION,investigation,10|55,2,Turn 2,,causing_collision
14732,2025-hun,Race,2025-08-03 07:34:14-07:00,67.0,FIA STEWARDS: 10 SECOND TIME PENALTY FOR CAR 10 (GAS) - CAUSING A COLLISION,sanction_announced,10,1,,,causing_collision
14737,2025-hun,Race,2025-08-03 07:37:01-07:00,69.0,FIA STEWARDS: 5 SECOND TIME PENALTY FOR CAR 16 (LEC) - DRIVING ERRATICALLY,sanction_announced,16,1,,,other
14741,2025-ita,Race,2025-09-07 05:27:55-07:00,1.0,PIT EXIT INCIDENT INVOLVING CAR 14 (ALO) NOTED - FAILING TO FOLLOW RACE DIRECTORS INSTRUCTIONS – PRACTICE START INFRINGEMENT,noted,14,1,Pit Lane,,other
14742,2025-ita,Race,2025-09-07 05:28:15-07:00,1.0,PIT EXIT INCIDENT INVOLVING CAR 18 (STR) NOTED - FAILING TO FOLLOW RACE DIRECTORS INSTRUCTIONS – PRACTICE START INFRINGEMENT,noted,18,1,Pit Lane,,other
14745,2025-ita,Race,2025-09-07 05:31:59-07:00,1.0,FIA STEWARDS: PIT EXIT INCIDENT INVOLVING CAR 14 (ALO) WILL BE INVESTIGATED AFTER THE RACE - FAILING TO FOLLOW RACE DIRECTORS INSTRUCTIONS – PRACTICE START INFRINGEMENT,post_session_investigation,14,1,Pit Lane,,other
14746,2025-ita,Race,2025-09-07 05:32:06-07:00,1.0,FIA STEWARDS: PIT EXIT INCIDENT INVOLVING CAR 18 (STR) WILL BE INVESTIGATED AFTER THE RACE - FAILING TO FOLLOW RACE DIRECTORS INSTRUCTIONS – PRACTICE START INFRINGEMENT,post_session_investigation,18,1,Pit Lane,,other
14761,2025-ita,Race,2025-09-07 06:04:53-07:00,1.0,TURN 1 INCIDENT INVOLVING CARS 1 (VER) AND 4 (NOR) NOTED,noted,1|4,2,Turn 1,,other
14764,2025-ita,Race,2025-09-07 06:08:21-07:00,4.0,TURN 1 INCIDENT INVOLVING CARS 22 (TSU) AND 44 (HAM) NOTED - LEAVING THE TRACK AND GAINING AN ADVANTAGE,noted,22|44,2,Turn 1,,gaining_advantage_off_track
14766,2025-ita,Race,2025-09-07 06:11:41-07:00,6.0,TURN 4 INCIDENT INVOLVING CARS 31 (OCO) AND 18 (STR) NOTED - FORCING ANOTHER DRIVER OFF THE TRACK,noted,18|31,2,Turn 4,,forcing_off_track
14769,2025-ita,Race,2025-09-07 06:13:58-07:00,8.0,FIA STEWARDS: TURN 4 INCIDENT INVOLVING CARS 31 (OCO) AND 18 (STR) UNDER INVESTIGATION - FORCING ANOTHER DRIVER OFF THE TRACK,investigation,18|31,2,Turn 4,,forcing_off_track
14770,2025-ita,Race,2025-09-07 06:15:35-07:00,9.0,FIA STEWARDS: 5 SECOND TIME PENALTY FOR CAR 31 (OCO) - FORCING ANOTHER DRIVER OFF THE TRACK,sanction_announced,31,1,,,forcing_off_track
14775,2025-ita,Race,2025-09-07 06:27:51-07:00,18.0,TURN 4 INCIDENT INVOLVING CAR 55 (SAI) NOTED - FAILING TO FOLLOW RACE DIRECTORS INSTRUCTIONS – ESCAPE ROAD INSTRUCTIONS,noted,55,1,Turn 4,,other
14780,2025-ita,Race,2025-09-07 06:39:15-07:00,26.0,FIA STEWARDS: TURN 4 INCIDENT INVOLVING CAR 55 (SAI) UNDER INVESTIGATION - FAILING TO FOLLOW RACE DIRECTORS INSTRUCTIONS – ESCAPE ROAD INSTRUCTIONS,investigation,55,1,Turn 4,,other
14781,2025-ita,Race,2025-09-07 06:42:13-07:00,28.0,FIA STEWARDS: REPRIMAND (DRIVING) FOR CAR 55 (SAI) - FAILING TO FOLLOW RACE DIRECTORS INSTRUCTIONS – ESCAPE ROAD INSTRUCTIONS,sanction_announced,55,1,,,other
14795,2025-ita,Race,2025-09-07 07:00:33-07:00,42.0,TURN 5 INCIDENT INVOLVING CARS 55 (SAI) AND 87 (BEA) NOTED,noted,55|87,2,Turn 5,,other
14796,2025-ita,Race,2025-09-07 07:01:49-07:00,42.0,FIA STEWARDS: TURN 5 INCIDENT INVOLVING CARS 87 (BEA) AND 55 (SAI) UNDER INVESTIGATION - CAUSING A COLLISION,investigation,55|87,2,Turn 5,,causing_collision
14799,2025-ita,Race,2025-09-07 07:06:00-07:00,46.0,TURN 3 INCIDENT INVOLVING CARS 12 (ANT) AND 23 (ALB) NOTED - FORCING ANOTHER DRIVER OFF THE TRACK,noted,12|23,2,Turn 3,,forcing_off_track
14800,2025-ita,Race,2025-09-07 07:07:12-07:00,46.0,FIA STEWARDS: 10 SECOND TIME PENALTY FOR CAR 87 (BEA) - CAUSING A COLLISION,sanction_announced,87,1,,,causing_collision
14801,2025-ita,Race,2025-09-07 07:07:27-07:00,47.0,FIA STEWARDS: TURN 3 INCIDENT INVOLVING CARS 12 (ANT) AND 23 (ALB) UNDER INVESTIGATION - FORCING ANOTHER DRIVER OFF THE TRACK,investigation,12|23,2,Turn 3,,forcing_off_track
14805,2025-ita,Race,2025-09-07 07:16:12-07:00,53.0,FIA STEWARDS: 5 SECOND TIME PENALTY FOR CAR 12 (ANT) - DRIVING ERRATICALLY,sanction_announced,12,1,,,other
14809,2025-ita,Race,2025-09-07 07:18:26-07:00,53.0,FIA STEWARDS: PENALTY SERVED - 5 SECOND TIME PENALTY FOR CAR 31 (OCO) - FORCING ANOTHER DRIVER OFF THE TRACK,sanction_announced,31,1,,,forcing_off_track
14819,2025-jpn,Race,2025-04-05 22:31:49-07:00,18.0,TURN 17 INCIDENT INVOLVING CARS 55 (SAI) NOTED - LEAVING THE TRACK AND GAINING AN ADVANTAGE,noted,55,1,Turn 17,,gaining_advantage_off_track
14821,2025-jpn,Race,2025-04-05 22:42:02-07:00,25.0,PIT EXIT INCIDENT INVOLVING CARS 1 (VER) AND 4 (NOR) NOTED,noted,1|4,2,Pit Lane,,other
14824,2025-jpn,Race,2025-04-05 22:45:28-07:00,27.0,TURN 17 INCIDENT INVOLVING CAR 55 (SAI) NOTED - LEAVING THE TRACK AND GAINING AN ADVANTAGE,noted,55,1,Turn 17,,gaining_advantage_off_track
14836,2025-lvs,Race,2025-11-22 19:31:42-08:00,1.0,FIA STEWARDS: INCIDENT INVOLVING CAR 4 (NOR) NOTED - FAILING TO FOLLOW RACE DIRECTORS INSTRUCTIONS - MAXIMUM DELTA TIME,noted,4,1,,,other
14839,2025-lvs,Race,2025-11-22 19:33:28-08:00,1.0,FIA STEWARDS: INCIDENT INVOLVING CAR 4 (NOR) WILL BE INVESTIGATED AFTER THE RACE - FAILING TO FOLLOW RACE DIRECTORS INSTRUCTIONS - MAXIMUM DELTA TIME,post_session_investigation,4,1,,,other
14843,2025-lvs,Race,2025-11-22 19:50:44-08:00,1.0,FIA STEWARDS: INCIDENT INVOLVING CAR 4 (NOR) NO FURTHER ACTION - FAILING TO FOLLOW RACE DIRECTORS INSTRUCTIONS - MAXIMUM DELTA TIME,no_further_action,4,1,,,other
14860,2025-lvs,Race,2025-11-22 20:09:21-08:00,3.0,TURN 1 INCIDENT INVOLVING CARS 81 (PIA) AND 30 (LAW) NOTED - CAUSING A COLLISION,noted,30|81,2,Turn 1,,causing_collision
14861,2025-lvs,Race,2025-11-22 20:09:36-08:00,3.0,FIA STEWARDS: TURN 1 INCIDENT INVOLVING CARS 81 (PIA) AND 30 (LAW) UNDER INVESTIGATION - CAUSING A COLLISION,investigation,30|81,2,Turn 1,,causing_collision
14867,2025-lvs,Race,2025-11-22 20:10:27-08:00,4.0,"TURN 1 INCIDENT INVOLVING CARS 5 (BOR), 43 (COL) AND 18 (STR) NOTED - CAUSING A COLLISION",noted,5|18|43,3,Turn 1,,causing_collision
14868,2025-lvs,Race,2025-11-22 20:11:51-08:00,5.0,FIA STEWARDS: TURN 1 INCIDENT INVOLVING CARS 5 (BOR) AND 18 (STR) UNDER INVESTIGATION - CAUSING A COLLISION,investigation,5|18,2,Turn 1,,causing_collision
14869,2025-lvs,Race,2025-11-22 20:15:58-08:00,7.0,FIA STEWARDS: TURN 1 INCIDENT INVOLVING CARS 81 (PIA) AND 30 (LAW) NO FURTHER ACTION - CAUSING A COLLISION,no_further_action,30|81,2,Turn 1,,causing_collision
14870,2025-lvs,Race,2025-11-22 20:18:11-08:00,9.0,FIA STEWARDS: TURN 1 INCIDENT INVOLVING CARS 5 (BOR) AND 18 (STR) WILL BE INVESTIGATED AFTER THE RACE - CAUSING A COLLISION,post_session_investigation,5|18,2,Turn 1,,causing_collision
14871,2025-lvs,Race,2025-11-22 20:19:02-08:00,9.0,INCIDENT INVOLVING CAR 12 (ANT) NOTED - FALSE START - MOVING BEFORE SIGNAL,noted,12,1,,,other
14872,2025-lvs,Race,2025-11-22 20:20:33-08:00,10.0,INCIDENT INVOLVING CAR 23 (ALB) NOTED - STARTING PROCEDURE INFRINGEMENT,noted,23,1,,,other
14873,2025-lvs,Race,2025-11-22 20:22:21-08:00,11.0,FIA STEWARDS: INCIDENT INVOLVING CAR 12 (ANT) UNDER INVESTIGATION - FALSE START - MOVING BEFORE SIGNAL,investigation,12,1,,,other
14875,2025-lvs,Race,2025-11-22 20:28:12-08:00,15.0,FIA STEWARDS: 5 SECOND TIME PENALTY FOR CAR 12 (ANT) - FALSE START - MOVING BEFORE SIGNAL,sanction_announced,12,1,,,other
14876,2025-lvs,Race,2025-11-22 20:29:05-08:00,15.0,TURN 14 INCIDENT INVOLVING CARS 23 (ALB) AND 44 (HAM) NOTED - CAUSING A COLLISION,noted,23|44,2,Turn 14,,causing_collision
14882,2025-lvs,Race,2025-11-22 20:30:49-08:00,16.0,FIA STEWARDS: TURN 14 INCIDENT INVOLVING CARS 23 (ALB) AND 44 (HAM) UNDER INVESTIGATION - CAUSING A COLLISION,investigation,23|44,2,Turn 14,,causing_collision
14885,2025-lvs,Race,2025-11-22 20:34:45-08:00,19.0,FIA STEWARDS: INCIDENT INVOLVING CAR 23 (ALB) UNDER INVESTIGATION - STARTING PROCEDURE INFRINGEMENT,investigation,23,1,,,other
14886,2025-lvs,Race,2025-11-22 20:36:49-08:00,20.0,FIA STEWARDS: 5 SECOND TIME PENALTY FOR CAR 23 (ALB) - CAUSING A COLLISION,sanction_announced,23,1,,,causing_collision
14887,2025-lvs,Race,2025-11-22 20:38:01-08:00,21.0,FIA STEWARDS: REPRIMAND (DRIVING) FOR CAR 23 (ALB) - STARTING PROCEDURE INFRINGEMENT,sanction_announced,23,1,,,other
14890,2025-lvs,Race,2025-11-22 21:04:26-08:00,37.0,FIA STEWARDS: PENALTY SERVED - 5 SECOND TIME PENALTY FOR CAR 23 (ALB) - CAUSING A COLLISION,sanction_announced,23,1,,,causing_collision
14899,2025-mco,Race,2025-05-25 05:37:42-07:00,1.0,INCIDENT INVOLVING CAR 87 (BEA) NOTED - UNSAFE CONDITION,noted,87,1,,,other
14900,2025-mco,Race,2025-05-25 05:39:28-07:00,1.0,FIA STEWARDS: INCIDENT INVOLVING CAR 87 (BEA) WILL BE INVESTIGATED AFTER THE RACE - UNSAFE CONDITION,post_session_investigation,87,1,,,other
14912,2025-mco,Race,2025-05-25 06:10:35-07:00,5.0,TURN 8 INCIDENT INVOLVING CARS 12 (ANT) AND 5 (BOR) NOTED,noted,5|12,2,Turn 8,,other
14922,2025-mco,Race,2025-05-25 06:20:17-07:00,12.0,TURN 10 INCIDENT INVOLVING CARS 22 (TSU) AND 10 (GAS) NOTED - CAUSING A COLLISION,noted,10|22,2,Turn 10,,causing_collision
14923,2025-mco,Race,2025-05-25 06:21:20-07:00,13.0,FIA STEWARDS: TURN 10 INCIDENT INVOLVING CARS 22 (TSU) AND 10 (GAS) WILL BE INVESTIGATED AFTER THE RACE - CAUSING A COLLISION,post_session_investigation,10|22,2,Turn 10,,causing_collision
15009,2025-mco,Race,2025-05-25 07:08:23-07:00,50.0,TURN 10 INCIDENT INVOLVING CAR 63 (RUS) NOTED - LEAVING THE TRACK AND GAINING AN ADVANTAGE,noted,63,1,Turn 10,,gaining_advantage_off_track
15012,2025-mco,Race,2025-05-25 07:09:00-07:00,51.0,FIA STEWARDS: TURN 10 INCIDENT INVOLVING CAR 63 (RUS) UNDER INVESTIGATION - LEAVING THE TRACK AND GAINING AN ADVANTAGE,investigation,63,1,Turn 10,,gaining_advantage_off_track
15019,2025-mco,Race,2025-05-25 07:11:10-07:00,53.0,FIA STEWARDS: DRIVE THROUGH PENALTY FOR CAR 63 (RUS) - LEAVING THE TRACK AND GAINING AN ADVANTAGE,sanction_announced,63,1,,,gaining_advantage_off_track
15087,2025-mco,Race,2025-05-25 07:44:02-07:00,78.0,TURN 10 INCIDENT INVOLVING CARS 27 (HUL) AND 18 (STR) NOTED - FORCING ANOTHER DRIVER OFF THE TRACK,noted,18|27,2,Turn 10,,forcing_off_track
15089,2025-mco,Race,2025-05-25 07:45:40-07:00,78.0,FIA STEWARDS: PENALTY SERVED - DRIVE THROUGH PENALTY FOR CAR 63 (RUS) - LEAVING THE TRACK AND GAINING AN ADVANTAGE,sanction_announced,63,1,,,gaining_advantage_off_track
15097,2025-mex,Race,2025-10-26 13:05:45-07:00,2.0,LAP 1 TURN 1 INCIDENT NOTED,noted,,0,Turn 1,1.0,other
15109,2025-mex,Race,2025-10-26 13:13:20-07:00,8.0,LAP 1 TURN 2 INCIDENT INVOLVING CARS 55 (SAI) AND 14 (ALO) NOTED - LEAVING THE TRACK AND GAINING AN ADVANTAGE,noted,14|55,2,Turn 2,1.0,gaining_advantage_off_track
15110,2025-mex,Race,2025-10-26 13:13:39-07:00,8.0,TURN 4 INCIDENT INVOLVING CAR 44 (HAM) NOTED - FAILING TO FOLLOW RACE DIRECTORS INSTRUCTIONS – ESCAPE ROAD INSTRUCTIONS,noted,44,1,Turn 4,,other
15111,2025-mex,Race,2025-10-26 13:14:21-07:00,9.0,FIA STEWARDS: TURN 4 INCIDENT INVOLVING CAR 44 (HAM) UNDER INVESTIGATION - FAILING TO FOLLOW RACE DIRECTORS INSTRUCTIONS – ESCAPE ROAD INSTRUCTIONS,investigation,44,1,Turn 4,,other
15113,2025-mex,Race,2025-10-26 13:15:38-07:00,9.0,TURN 1 INCIDENT INVOLVING CARS 1 (VER) AND 44 (HAM) NOTED - CAUSING A COLLISION,noted,1|44,2,Turn 1,,causing_collision
15119,2025-mex,Race,2025-10-26 13:23:08-07:00,15.0,TURN 4 INCIDENT INVOLVING CAR 44 (HAM) NOTED - LEAVING THE TRACK AND GAINING AN ADVANTAGE,noted,44,1,Turn 4,,gaining_advantage_off_track
15120,2025-mex,Race,2025-10-26 13:23:17-07:00,15.0,FIA STEWARDS: TURN 4 INCIDENT INVOLVING CAR 44 (HAM) NO FURTHER ACTION - FAILING TO FOLLOW RACE DIRECTORS INSTRUCTIONS – ESCAPE ROAD INSTRUCTIONS,no_further_action,44,1,Turn 4,,other
15121,2025-mex,Race,2025-10-26 13:23:21-07:00,15.0,FIA STEWARDS: TURN 4 INCIDENT INVOLVING CAR 44 (HAM) UNDER INVESTIGATION - LEAVING THE TRACK AND GAINING AN ADVANTAGE,investigation,44,1,Turn 4,,gaining_advantage_off_track
15123,2025-mex,Race,2025-10-26 13:24:03-07:00,16.0,FIA STEWARDS: 10 SECOND TIME PENALTY FOR CAR 44 (HAM) - LEAVING THE TRACK AND GAINING AN ADVANTAGE,sanction_announced,44,1,,,gaining_advantage_off_track
15125,2025-mex,Race,2025-10-26 13:29:31-07:00,20.0,FIA STEWARDS: TURN 1 INCIDENT INVOLVING CARS 1 (VER) AND 44 (HAM) UNDER INVESTIGATION - CAUSING A COLLISION,investigation,1|44,2,Turn 1,,causing_collision
15126,2025-mex,Race,2025-10-26 13:31:42-07:00,21.0,TURN 3 INCIDENT INVOLVING CAR 1 (VER) NOTED - LEAVING THE TRACK AND GAINING AN ADVANTAGE,noted,1,1,Turn 3,,gaining_advantage_off_track
15128,2025-mex,Race,2025-10-26 13:34:53-07:00,23.0,FIA STEWARDS: TURN 1 INCIDENT INVOLVING CARS 1 (VER) AND 44 (HAM) NO FURTHER ACTION - CAUSING A COLLISION,no_further_action,1|44,2,Turn 1,,causing_collision
15129,2025-mex,Race,2025-10-26 13:38:19-07:00,26.0,FIA STEWARDS: PENALTY SERVED - 10 SECOND TIME PENALTY FOR CAR 44 (HAM) - LEAVING THE TRACK AND GAINING AN ADVANTAGE,sanction_announced,44,1,,,gaining_advantage_off_track
15130,2025-mex,Race,2025-10-26 13:38:54-07:00,26.0,INCIDENT INVOLVING CAR 55 (SAI) NOTED - SPEEDING IN THE PIT LANE,noted,55,1,Pit Lane,,other
15131,2025-mex,Race,2025-10-26 13:38:58-07:00,26.0,FIA STEWARDS: INCIDENT INVOLVING CAR 55 (SAI) UNDER INVESTIGATION - SPEEDING IN THE PIT LANE,investigation,55,1,Pit Lane,,other
15132,2025-mex,Race,2025-10-26 13:40:03-07:00,27.0,FIA STEWARDS: 5 SECOND TIME PENALTY FOR CAR 55 (SAI) - SPEEDING IN THE PIT LANE,sanction_announced,55,1,Pit Lane,,other
15136,2025-mex,Race,2025-10-26 14:10:22-07:00,49.0,FIA STEWARDS: PENALTY SERVED - 5 SECOND TIME PENALTY FOR CAR 55 (SAI) - SPEEDING IN THE PIT LANE,sanction_announced,55,1,Pit Lane,,other
15139,2025-mex,Race,2025-10-26 14:12:05-07:00,50.0,TURN 5 INCIDENT INVOLVING CARS 81 (PIA) AND 31 (OCO) NOTED - CAUSING A COLLISION,noted,31|81,2,Turn 5,,causing_collision
15141,2025-mex,Race,2025-10-26 14:14:57-07:00,53.0,INCIDENT INVOLVING CAR 55 (SAI) NOTED - SPEEDING IN THE PIT LANE,noted,55,1,Pit Lane,,other
15142,2025-mex,Race,2025-10-26 14:15:03-07:00,53.0,FIA STEWARDS: INCIDENT INVOLVING CAR 55 (SAI) UNDER INVESTIGATION - SPEEDING IN THE PIT LANE,investigation,55,1,Pit Lane,,other
15144,2025-mex,Race,2025-10-26 14:19:55-07:00,56.0,FIA STEWARDS: DRIVE THROUGH PENALTY FOR CAR 55 (SAI) - SPEEDING IN THE PIT LANE,sanction_announced,55,1,Pit Lane,,other
15145,2025-mex,Race,2025-10-26 14:22:20-07:00,58.0,FIA STEWARDS: PENALTY SERVED - DRIVE THROUGH PENALTY FOR CAR 55 (SAI) - SPEEDING IN THE PIT LANE,sanction_announced,55,1,Pit Lane,,other
15207,2025-mia,Race,2025-05-04 13:10:59-07:00,5.0,TURN 1 INCIDENT INVOLVING CARS 7 (DOO) AND 30 (LAW) NOTED - CAUSING A COLLISION,noted,7|30,2,Turn 1,,causing_collision
15209,2025-mia,Race,2025-05-04 13:12:41-07:00,6.0,TURN 2 INCIDENT INVOLVING CARS 1 (VER) AND 4 (NOR) NOTED,noted,1|4,2,Turn 2,,other
15212,2025-mia,Race,2025-05-04 13:31:12-07:00,18.0,TURN 15 INCIDENT INVOLVING CAR 55 (SAI) NOTED - LEAVING THE TRACK AND GAINING AN ADVANTAGE,noted,55,1,Turn 15,,gaining_advantage_off_track
15215,2025-mia,Race,2025-05-04 13:34:17-07:00,20.0,TURN 11 INCIDENT INVOLVING CARS 4 (NOR) AND 1 (VER) NOTED - LEAVING THE TRACK AND GAINING AN ADVANTAGE,noted,1|4,2,Turn 11,,gaining_advantage_off_track
15222,2025-mia,Race,2025-05-04 13:52:10-07:00,31.0,INCIDENT INVOLVING CAR 22 (TSU) NOTED - SPEEDING IN THE PIT LANE,noted,22,1,Pit Lane,,other
15223,2025-mia,Race,2025-05-04 13:52:24-07:00,31.0,FIA STEWARDS: INCIDENT INVOLVING CAR 22 (TSU) UNDER INVESTIGATION - SPEEDING IN THE PIT LANE,investigation,22,1,Pit Lane,,other
15225,2025-mia,Race,2025-05-04 13:53:15-07:00,32.0,FIA STEWARDS: 5 SECOND TIME PENALTY FOR CAR 22 (TSU) - SPEEDING IN THE PIT LANE,sanction_announced,22,1,Pit Lane,,other
15233,2025-mia,Race,2025-05-04 14:08:31-07:00,42.0,INCIDENT INVOLVING CAR 10 (GAS) NOTED - YELLOW FLAG INFRINGEMENT,noted,10,1,,,other
15234,2025-mia,Race,2025-05-04 14:08:40-07:00,42.0,INCIDENT INVOLVING CAR 55 (SAI) NOTED - YELLOW FLAG INFRINGEMENT,noted,55,1,,,other
15235,2025-mia,Race,2025-05-04 14:14:23-07:00,45.0,FIA STEWARDS: INCIDENT INVOLVING CAR 10 (GAS) WILL BE INVESTIGATED AFTER THE RACE - YELLOW FLAG INFRINGEMENT,post_session_investigation,10,1,,,other
15236,2025-mia,Race,2025-05-04 14:14:27-07:00,45.0,FIA STEWARDS: INCIDENT INVOLVING CAR 55 (SAI) WILL BE INVESTIGATED AFTER THE RACE - YELLOW FLAG INFRINGEMENT,post_session_investigation,55,1,,,other
15244,2025-mia,Race,2025-05-04 14:34:36-07:00,57.0,TURN 17 INCIDENT INVOLVING CARS 44 (HAM) AND 55 (SAI) NOTED - CAUSING A COLLISION,noted,44|55,2,Turn 17,,causing_collision
15245,2025-mia,Race,2025-05-04 14:34:50-07:00,57.0,FIA STEWARDS: TURN 17 INCIDENT INVOLVING CARS 44 (HAM) AND 55 (SAI) WILL BE INVESTIGATED AFTER THE RACE - CAUSING A COLLISION,post_session_investigation,44|55,2,Turn 17,,causing_collision
15265,2025-mia,Sprint,2025-05-03 08:39:11-07:00,1.0,INCIDENT INVOLVING CAR 16 (LEC) NOTED - UNSAFE CONDITION,noted,16,1,,,other
15311,2025-mia,Sprint,2025-05-03 09:38:54-07:00,5.0,LAP 1 TURN 1 INCIDENT INVOLVING CARS 12 (ANT) AND 81 (PIA) NOTED,noted,12|81,2,Turn 1,1.0,other
15313,2025-mia,Sprint,2025-05-03 09:40:27-07:00,6.0,INCIDENT INVOLVING CAR 1 (VER) NOTED - FALSE START - OUT OF POSITION,noted,1,1,,,other
15326,2025-mia,Sprint,2025-05-03 09:54:16-07:00,14.0,PIT LANE INCIDENT INVOLVING CARS 1 (VER) AND 12 (ANT) NOTED - UNSAFE RELEASE,noted,1|12,2,Pit Lane,,unsafe_release
15332,2025-mia,Sprint,2025-05-03 09:55:47-07:00,15.0,FIA STEWARDS: PIT LANE INCIDENT INVOLVING CARS 1 (VER) AND 12 (ANT) UNDER INVESTIGATION - UNSAFE RELEASE,investigation,1|12,2,Pit Lane,,unsafe_release
15333,2025-mia,Sprint,2025-05-03 09:57:09-07:00,15.0,FIA STEWARDS: 10 SECOND TIME PENALTY FOR CAR 1 (VER) - UNSAFE RELEASE,sanction_announced,1,1,,,unsafe_release
15334,2025-mia,Sprint,2025-05-03 09:58:20-07:00,16.0,TURN 12 INCIDENT INVOLVING CARS 30 (LAW) AND 14 (ALO) NOTED - CAUSING A COLLISION,noted,14|30,2,Turn 12,,causing_collision
15338,2025-mia,Sprint,2025-05-03 10:03:34-07:00,18.0,PIT LANE INCIDENT INVOLVING CARS 87 (BEA) AND 27 (HUL) NOTED - UNSAFE RELEASE,noted,27|87,2,Pit Lane,,unsafe_release
15343,2025-mia,Sprint,2025-05-03 10:07:48-07:00,18.0,INCIDENT INVOLVING CAR 23 (ALB) NOTED - STARTING PROCEDURE INFRINGEMENT,noted,23,1,,,other
15344,2025-mia,Sprint,2025-05-03 10:08:10-07:00,18.0,CORRECTION: INCIDENT INVOLVING CAR 23 (ALB) NOTED -SAFETY CAR PROCEDURE INFRINGEMENT,noted,23,1,,,other
15359,2025-ned,Race,2025-08-31 05:30:20-07:00,1.0,PIT ENTRY INCIDENT INVOLVING CAR 44 (HAM) NOTED - YELLOW FLAG INFRINGEMENT,noted,44,1,Pit Lane,,other
15366,2025-ned,Race,2025-08-31 05:34:42-07:00,1.0,"FIA STEWARDS: INCIDENT INVOLVING CARS 27 (HUL), 55 (SAI), 1 (VER) AND 4 (NOR) NOTED - FAILING TO FOLLOW RACE DIRECTORS INSTRUCTIONS - MAXIMUM DELTA TIME",noted,1|4|27|55,4,,,other
15367,2025-ned,Race,2025-08-31 05:35:28-07:00,1.0,FIA STEWARDS: PIT ENTRY INCIDENT INVOLVING CAR 44 (HAM) WILL BE INVESTIGATED AFTER THE RACE - YELLOW FLAG INFRINGEMENT,post_session_investigation,44,1,Pit Lane,,other
15368,2025-ned,Race,2025-08-31 05:35:35-07:00,1.0,"FIA STEWARDS: INCIDENT INVOLVING CARS 27 (HUL), 55 (SAI), 1 (VER) AND 4 (NOR) WILL BE INVESTIGATED AFTER THE RACE - FAILING TO FOLLOW RACE DIRECTORS INSTRUCTIONS - MAXIMUM DELTA TIME",post_session_investigation,1|4|27|55,4,,,other
15375,2025-ned,Race,2025-08-31 06:10:44-07:00,6.0,TURN 11 INCIDENT INVOLVING CARS 18 (STR) AND 5 (BOR) NOTED - CAUSING A COLLISION,noted,5|18,2,Turn 11,,causing_collision
15379,2025-ned,Race,2025-08-31 06:22:26-07:00,16.0,INCIDENT INVOLVING CAR 5 (BOR) NOTED - UNSAFE CONDITION,noted,5,1,,,other
15381,2025-ned,Race,2025-08-31 06:23:40-07:00,17.0,FIA STEWARDS: INCIDENT INVOLVING CAR 5 (BOR) UNDER INVESTIGATION - UNSAFE CONDITION,investigation,5,1,,,other
15400,2025-ned,Race,2025-08-31 06:41:29-07:00,29.0,TURN 1 INCIDENT INVOLVING CARS 55 (SAI) AND 30 (LAW) NOTED,noted,30|55,2,Turn 1,,other
15402,2025-ned,Race,2025-08-31 06:41:47-07:00,29.0,FIA STEWARDS: INCIDENT INVOLVING CAR 5 (BOR) WILL BE INVESTIGATED AFTER THE RACE - UNSAFE CONDITION,post_session_investigation,5,1,,,other
15404,2025-ned,Race,2025-08-31 06:44:12-07:00,31.0,FIA STEWARDS: TURN 1 INCIDENT INVOLVING CARS 55 (SAI) AND 30 (LAW) UNDER INVESTIGATION,investigation,30|55,2,Turn 1,,other
15409,2025-ned,Race,2025-08-31 06:46:45-07:00,33.0,FIA STEWARDS: 10 SECOND TIME PENALTY FOR CAR 55 (SAI) - CAUSING A COLLISION,sanction_announced,55,1,,,causing_collision
15415,2025-ned,Race,2025-08-31 06:49:59-07:00,35.0,TURN 12 INCIDENT INVOLVING CARS 16 (LEC) AND 63 (RUS) NOTED - CAUSING A COLLISION,noted,16|63,2,Turn 12,,causing_collision
15416,2025-ned,Race,2025-08-31 06:50:24-07:00,36.0,FIA STEWARDS: TURN 12 INCIDENT INVOLVING CARS 16 (LEC) AND 63 (RUS) UNDER INVESTIGATION - CAUSING A COLLISION,investigation,16|63,2,Turn 12,,causing_collision
15417,2025-ned,Race,2025-08-31 06:58:46-07:00,42.0,FIA STEWARDS: TURN 12 INCIDENT INVOLVING CARS 16 (LEC) AND 63 (RUS) WILL BE INVESTIGATED AFTER THE RACE - CAUSING A COLLISION,post_session_investigation,16|63,2,Turn 12,,causing_collision
15426,2025-ned,Race,2025-08-31 07:16:11-07:00,55.0,TURN 3 INCIDENT INVOLVING CARS 63 (RUS) AND 16 (LEC) NOTED - CAUSING A COLLISION,noted,16|63,2,Turn 3,,causing_collision
15427,2025-ned,Race,2025-08-31 07:16:37-07:00,55.0,FIA STEWARDS: TURN 3 INCIDENT INVOLVING CARS 63 (RUS) AND 16 (LEC) UNDER INVESTIGATION - CAUSING A COLLISION,investigation,16|63,2,Turn 3,,causing_collision
15428,2025-ned,Race,2025-08-31 07:17:34-07:00,56.0,CORRECTION:: TURN 3 INCIDENT INVOLVING CARS 12 (ANT) AND 16 (LEC) UNDER INVESTIGATION - CAUSING A COLLISION,investigation,12|16,2,Turn 3,,causing_collision
15429,2025-ned,Race,2025-08-31 07:17:56-07:00,56.0,FIA STEWARDS: 10 SECOND TIME PENALTY FOR CAR 12 (ANT) - CAUSING A COLLISION,sanction_announced,12,1,,,causing_collision
15432,2025-ned,Race,2025-08-31 07:18:54-07:00,56.0,INCIDENT INVOLVING CAR 12 (ANT) NOTED - SPEEDING IN THE PIT LANE,noted,12,1,Pit Lane,,other
15435,2025-ned,Race,2025-08-31 07:19:53-07:00,57.0,FIA STEWARDS: PENALTY SERVED - 10 SECOND TIME PENALTY FOR CAR 55 (SAI),sanction_announced,55,1,,,other
15438,2025-ned,Race,2025-08-31 07:22:51-07:00,59.0,FIA STEWARDS: INCIDENT INVOLVING CAR 12 (ANT) UNDER INVESTIGATION - SPEEDING IN THE PIT LANE,investigation,12,1,Pit Lane,,other
15439,2025-ned,Race,2025-08-31 07:25:55-07:00,62.0,FIA STEWARDS: 5 SECOND TIME PENALTY FOR CAR 12 (ANT) - SPEEDING IN THE PIT LANE,sanction_announced,12,1,Pit Lane,,other
15450,2025-ned,Race,2025-08-31 07:40:06-07:00,71.0,TURN 11 INCIDENT INVOLVING CARS 22 (TSU) AND 10 (GAS) NOTED,noted,10|22,2,Turn 11,,other
15469,2025-qat,Race,2025-11-30 08:07:58-08:00,4.0,TURN 14 INCIDENT INVOLVING CAR 10 (GAS) NOTED - REJOINING UNSAFELY,noted,10,1,Turn 14,,unsafe_rejoin
15473,2025-qat,Race,2025-11-30 08:12:12-08:00,7.0,INCIDENT INVOLVING CAR 31 (OCO) NOTED - FALSE START - MOVING BEFORE SIGNAL,noted,31,1,,,other
15478,2025-qat,Race,2025-11-30 08:14:24-08:00,8.0,FIA STEWARDS: INCIDENT INVOLVING CAR 31 (OCO) UNDER INVESTIGATION - FALSE START - MOVING BEFORE SIGNAL,investigation,31,1,,,other
15480,2025-qat,Race,2025-11-30 08:15:12-08:00,8.0,FIA STEWARDS: 5 SECOND TIME PENALTY FOR CAR 31 (OCO) - FALSE START - MOVING BEFORE SIGNAL,sanction_announced,31,1,,,other
15482,2025-qat,Race,2025-11-30 08:18:51-08:00,10.0,TURN 2 INCIDENT INVOLVING CARS 10 (GAS) AND 27 (HUL) NOTED - CAUSING A COLLISION,noted,10|27,2,Turn 2,,causing_collision
15483,2025-qat,Race,2025-11-30 08:19:03-08:00,10.0,FIA STEWARDS: TURN 2 INCIDENT INVOLVING CARS 10 (GAS) AND 27 (HUL) UNDER INVESTIGATION - CAUSING A COLLISION,investigation,10|27,2,Turn 2,,causing_collision
15487,2025-qat,Race,2025-11-30 08:22:38-08:00,12.0,INCIDENT INVOLVING CAR 31 (OCO) NOTED - FAILING TO SERVE TIME PENALTY CORRECTLY,sanction_announced,31,1,,,other
15490,2025-qat,Race,2025-11-30 08:23:54-08:00,13.0,FIA STEWARDS: TURN 2 INCIDENT INVOLVING CARS 10 (GAS) AND 27 (HUL) NO FURTHER ACTION - CAUSING A COLLISION,no_further_action,10|27,2,Turn 2,,causing_collision
15491,2025-qat,Race,2025-11-30 08:24:04-08:00,13.0,FIA STEWARDS: INCIDENT INVOLVING CAR 31 (OCO) REVIEWED NO FURTHER INVESTIGATION - FAILING TO SERVE TIME PENALTY CORRECTLY,sanction_announced,31,1,,,other
15494,2025-qat,Race,2025-11-30 08:29:07-08:00,16.0,INCIDENT INVOLVING CAR 18 (STR) NOTED - YELLOW FLAG INFRINGEMENT,noted,18,1,,,other
15495,2025-qat,Race,2025-11-30 08:29:18-08:00,16.0,INCIDENT INVOLVING CAR 5 (BOR) NOTED - YELLOW FLAG INFRINGEMENT,noted,5,1,,,other
15496,2025-qat,Race,2025-11-30 08:29:27-08:00,16.0,INCIDENT INVOLVING CAR 23 (ALB) NOTED - YELLOW FLAG INFRINGEMENT,noted,23,1,,,other
15504,2025-qat,Race,2025-11-30 08:43:53-08:00,26.0,INCIDENT INVOLVING CAR 18 (STR) NOTED - SPEEDING IN THE PIT LANE,noted,18,1,Pit Lane,,other
15505,2025-qat,Race,2025-11-30 08:43:59-08:00,27.0,FIA STEWARDS: INCIDENT INVOLVING CAR 18 (STR) UNDER INVESTIGATION - SPEEDING IN THE PIT LANE,investigation,18,1,Pit Lane,,other
15506,2025-qat,Race,2025-11-30 08:44:48-08:00,27.0,FIA STEWARDS: 5 SECOND TIME PENALTY FOR CAR 18 (STR) - SPEEDING IN THE PIT LANE,sanction_announced,18,1,Pit Lane,,other
15509,2025-qat,Race,2025-11-30 08:54:53-08:00,34.0,INCIDENT INVOLVING CAR 87 (BEA) NOTED - UNSAFE CONDITION,noted,87,1,,,other
15510,2025-qat,Race,2025-11-30 08:56:32-08:00,35.0,FIA STEWARDS: INCIDENT INVOLVING CAR 87 (BEA) UNDER INVESTIGATION - UNSAFE CONDITION,investigation,87,1,,,other
15511,2025-qat,Race,2025-11-30 08:57:08-08:00,36.0,INCIDENT INVOLVING CAR 22 (TSU) NOTED - UNSAFE RELEASE,noted,22,1,,,unsafe_release
15514,2025-qat,Race,2025-11-30 09:03:08-08:00,40.0,FIA STEWARDS: 10 SECOND STOP/GO PENALTY FOR CAR 87 (BEA) - UNSAFE CONDITION,sanction_announced,87,1,,,other
15517,2025-qat,Race,2025-11-30 09:11:52-08:00,46.0,FIA STEWARDS: PENALTY SERVED - 10 SECOND STOP/GO PENALTY FOR CAR 87 (BEA) - UNSAFE CONDITION,sanction_announced,87,1,,,other
15520,2025-qat,Race,2025-11-30 09:20:41-08:00,52.0,FIA STEWARDS: PENALTY SERVED - 5 SECOND TIME PENALTY FOR CAR 18 (STR) - SPEEDING IN THE PIT LANE,sanction_announced,18,1,Pit Lane,,other
15536,2025-qat,Race,2025-11-30 09:28:32-08:00,57.0,INCIDENT INVOLVING CAR 6 (HAD) NOTED - UNSAFE CONDITION,noted,6,1,,,other
15537,2025-qat,Race,2025-11-30 09:30:07-08:00,57.0,FIA STEWARDS: INCIDENT INVOLVING CAR 6 (HAD) WILL BE INVESTIGATED AFTER THE RACE - UNSAFE CONDITION,post_session_investigation,6,1,,,other
15564,2025-qat,Sprint,2025-11-29 06:20:50-08:00,13.0,TURN 6 INCIDENT INVOLVING CARS 30 (LAW) AND 16 (LEC) NOTED - LEAVING THE TRACK AND GAINING AN ADVANTAGE,noted,16|30,2,Turn 6,,gaining_advantage_off_track
15566,2025-qat,Sprint,2025-11-29 06:20:57-08:00,13.0,INCIDENT INVOLVING CAR 22 (TSU) NOTED - TRACK LIMITS,noted,22,1,,,track_limits
15567,2025-qat,Sprint,2025-11-29 06:21:04-08:00,13.0,FIA STEWARDS: INCIDENT INVOLVING CAR 22 (TSU) UNDER INVESTIGATION - TRACK LIMITS,investigation,22,1,,,track_limits
15571,2025-qat,Sprint,2025-11-29 06:21:25-08:00,13.0,FIA STEWARDS: 5 SECOND TIME PENALTY FOR CAR 22 (TSU) - TRACK LIMITS,sanction_announced,22,1,,,track_limits
15586,2025-qat,Sprint,2025-11-29 06:32:35-08:00,19.0,INCIDENT INVOLVING CAR 12 (ANT) NOTED - TRACK LIMITS,noted,12,1,,,track_limits
15587,2025-qat,Sprint,2025-11-29 06:32:48-08:00,19.0,FIA STEWARDS: INCIDENT INVOLVING CAR 12 (ANT) UNDER INVESTIGATION - TRACK LIMITS,investigation,12,1,,,track_limits
15588,2025-qat,Sprint,2025-11-29 06:33:10-08:00,19.0,FIA STEWARDS: 5 SECOND TIME PENALTY FOR CAR 12 (ANT) - TRACK LIMITS,sanction_announced,12,1,,,track_limits
15632,2025-sao,Race,2025-11-09 09:17:56-08:00,10.0,TURN 8 INCIDENT INVOLVING CARS 22 (TSU) AND 18 (STR) NOTED - CAUSING A COLLISION,noted,18|22,2,Turn 8,,causing_collision
15633,2025-sao,Race,2025-11-09 09:18:44-08:00,10.0,FIA STEWARDS: TURN 8 INCIDENT INVOLVING CARS 22 (TSU) AND 18 (STR) UNDER INVESTIGATION - CAUSING A COLLISION,investigation,18|22,2,Turn 8,,causing_collision
15634,2025-sao,Race,2025-11-09 09:19:50-08:00,11.0,TURN 1 INCIDENT INVOLVING CARS 81 (PIA) AND 12 (ANT) NOTED - CAUSING A COLLISION,noted,12|81,2,Turn 1,,causing_collision
15635,2025-sao,Race,2025-11-09 09:21:01-08:00,12.0,FIA STEWARDS: 10 SECOND TIME PENALTY FOR CAR 22 (TSU) - CAUSING A COLLISION,sanction_announced,22,1,,,causing_collision
15636,2025-sao,Race,2025-11-09 09:23:20-08:00,14.0,LAP 1 TURN 1 INCIDENT INVOLVING CARS 55 (SAI) AND 44 (HAM) NOTED - CAUSING A COLLISION,noted,44|55,2,Turn 1,1.0,causing_collision
15637,2025-sao,Race,2025-11-09 09:25:21-08:00,16.0,TURN 15 INCIDENT INVOLVING CARS 44 (HAM) AND 43 (COL) NOTED - CAUSING A COLLISION,noted,43|44,2,Turn 15,,causing_collision
15638,2025-sao,Race,2025-11-09 09:25:37-08:00,16.0,FIA STEWARDS: TURN 1 INCIDENT INVOLVING CARS 81 (PIA) AND 12 (ANT) UNDER INVESTIGATION - CAUSING A COLLISION,investigation,12|81,2,Turn 1,,causing_collision
15639,2025-sao,Race,2025-11-09 09:26:07-08:00,16.0,FIA STEWARDS: 10 SECOND TIME PENALTY FOR CAR 81 (PIA) - CAUSING A COLLISION,sanction_announced,81,1,,,causing_collision
15642,2025-sao,Race,2025-11-09 09:28:16-08:00,18.0,FIA STEWARDS: TURN 15 INCIDENT INVOLVING CARS 44 (HAM) AND 43 (COL) UNDER INVESTIGATION - CAUSING A COLLISION,investigation,43|44,2,Turn 15,,causing_collision
15644,2025-sao,Race,2025-11-09 09:38:51-08:00,26.0,INCIDENT INVOLVING CAR 22 (TSU) NOTED - FAILING TO SERVE TIME PENALTY CORRECTLY,sanction_announced,22,1,,,other
15645,2025-sao,Race,2025-11-09 09:40:50-08:00,28.0,FIA STEWARDS: INCIDENT INVOLVING CAR 22 (TSU) UNDER INVESTIGATION - FAILING TO SERVE TIME PENALTY CORRECTLY,investigation,22,1,,,other
15646,2025-sao,Race,2025-11-09 09:41:27-08:00,28.0,FIA STEWARDS: 5 SECOND TIME PENALTY FOR CAR 44 (HAM) - CAUSING A COLLISION,sanction_announced,44,1,,,causing_collision
15647,2025-sao,Race,2025-11-09 09:47:45-08:00,33.0,FIA STEWARDS: 10 SECOND TIME PENALTY FOR CAR 22 (TSU) - FAILING TO SERVE TIME PENALTY CORRECTLY,sanction_announced,22,1,,,other
15649,2025-sao,Race,2025-11-09 09:50:38-08:00,36.0,FIA STEWARDS: PENALTY SERVED - 5 SECOND TIME PENALTY FOR CAR 44 (HAM) - CAUSING A COLLISION,sanction_announced,44,1,,,causing_collision
15651,2025-sao,Race,2025-11-09 09:56:23-08:00,40.0,FIA STEWARDS: PENALTY SERVED - 10 SECOND TIME PENALTY FOR CAR 81 (PIA) - CAUSING A COLLISION,sanction_announced,81,1,,,causing_collision
15652,2025-sao,Race,2025-11-09 10:08:36-08:00,50.0,FIA STEWARDS: PENALTY SERVED - 10 SECOND TIME PENALTY FOR CAR 22 (TSU) - FAILING TO SERVE TIME PENALTY CORRECTLY,sanction_announced,22,1,,,other
15654,2025-sao,Race,2025-11-09 10:36:20-08:00,71.0,TURN 1 INCIDENT INVOLVING CARS 6 (HAD) AND 30 (LAW) NOTED,noted,6|30,2,Turn 1,,other
15660,2025-sao,Sprint,2025-11-08 05:38:13-08:00,1.0,"FIA STEWARDS: INCIDENT INVOLVING CARS 27 (HUL), 43 (COL) AND 5 (BOR) NOTED - FAILING TO FOLLOW RACE DIRECTORS INSTRUCTIONS - MAXIMUM DELTA TIME",noted,5|27|43,3,,,other
15670,2025-sao,Sprint,2025-11-08 06:06:50-08:00,3.0,TURN 4 INCIDENT INVOLVING CARS 30 (LAW) AND 87 (BEA) NOTED - CAUSING A COLLISION,noted,30|87,2,Turn 4,,causing_collision
15671,2025-sao,Sprint,2025-11-08 06:08:27-08:00,5.0,FIA STEWARDS: TURN 4 INCIDENT INVOLVING CARS 30 (LAW) AND 87 (BEA) UNDER INVESTIGATION - CAUSING A COLLISION,investigation,30|87,2,Turn 4,,causing_collision
15726,2025-sau,Race,2025-04-20 10:07:30-07:00,2.0,TURN 1 INCIDENT INVOLVING CARS 1 (VER) AND 81 (PIA) NOTED,noted,1|81,2,Turn 1,,other
15727,2025-sau,Race,2025-04-20 10:09:12-07:00,3.0,FIA STEWARDS: TURN 1 INCIDENT INVOLVING CARS 1 (VER) AND 81 (PIA) UNDER INVESTIGATION,investigation,1|81,2,Turn 1,,other
15731,2025-sau,Race,2025-04-20 10:11:26-07:00,3.0,FIA STEWARDS: 5 SECOND TIME PENALTY FOR CAR 1 (VER) - LEAVING THE TRACK AND GAINING AN ADVANTAGE,sanction_announced,1,1,,,gaining_advantage_off_track
15732,2025-sau,Race,2025-04-20 10:12:13-07:00,4.0,TURN 5 INCIDENT INVOLVING CARS 22 (TSU) AND 10 (GAS) NOTED - CAUSING A COLLISION,noted,10|22,2,Turn 5,,causing_collision
15734,2025-sau,Race,2025-04-20 10:16:33-07:00,7.0,FIA STEWARDS: TURN 5 INCIDENT INVOLVING CARS 22 (TSU) AND 10 (GAS) WILL BE INVESTIGATED AFTER THE RACE - CAUSING A COLLISION,post_session_investigation,10|22,2,Turn 5,,causing_collision
15743,2025-sau,Race,2025-04-20 10:42:04-07:00,23.0,FIA STEWARDS: PENALTY SERVED - 5 SECOND TIME PENALTY FOR CAR 1 (VER),sanction_announced,1,1,,,other
15744,2025-sau,Race,2025-04-20 10:47:33-07:00,26.0,TURN 1 INCIDENT INVOLVING CARS 5 (BOR) AND 14 (ALO) NOTED,noted,5|14,2,Turn 1,,other
15749,2025-sau,Race,2025-04-20 10:54:53-07:00,31.0,TURN 1 INCIDENT INVOLVING CARS 30 (LAW) AND 7 (DOO) NOTED,noted,7|30,2,Turn 1,,other
15754,2025-sau,Race,2025-04-20 11:04:41-07:00,37.0,FIA STEWARDS: TURN 1 INCIDENT INVOLVING CARS 30 (LAW) AND 7 (DOO) UNDER INVESTIGATION,investigation,7|30,2,Turn 1,,other
15755,2025-sau,Race,2025-04-20 11:06:19-07:00,38.0,FIA STEWARDS: 10 SECOND TIME PENALTY FOR CAR 30 (LAW) - LEAVING THE TRACK AND GAINING AN ADVANTAGE,sanction_announced,30,1,,,gaining_advantage_off_track
15756,2025-sau,Race,2025-04-20 11:08:14-07:00,40.0,INCIDENT INVOLVING CAR 4 (NOR) NOTED - FAILING TO FOLLOW RACE DIRECTORS INSTRUCTIONS – CROSSING THE LINE AT PIT EXIT,noted,4,1,Pit Lane,,other
15781,2025-sgp,Race,2025-10-05 04:26:48-07:00,1.0,INCIDENT INVOLVING CAR 23 (ALB) NOTED - FAILING TO FOLLOW RACE DIRECTORS INSTRUCTIONS – PRACTICE START INFRINGEMENT,noted,23,1,,,other
15783,2025-sgp,Race,2025-10-05 04:31:57-07:00,1.0,FIA STEWARDS: INCIDENT INVOLVING CAR 23 (ALB) WILL BE INVESTIGATED AFTER THE RACE - FAILING TO FOLLOW RACE DIRECTORS INSTRUCTIONS – PRACTICE START INFRINGEMENT,post_session_investigation,23,1,,,other
15792,2025-sgp,Race,2025-10-05 05:05:31-07:00,2.0,TURN 1 INCIDENT INVOLVING CARS 6 (HAD) AND 87 (BEA) NOTED - CAUSING A COLLISION,noted,6|87,2,Turn 1,,causing_collision
15794,2025-sgp,Race,2025-10-05 05:07:17-07:00,3.0,LAP 1 TURN 3 INCIDENT INVOLVING CARS 4 (NOR) AND 81 (PIA) NOTED - CAUSING A COLLISION,noted,4|81,2,Turn 3,1.0,causing_collision
15810,2025-sgp,Race,2025-10-05 06:15:09-07:00,45.0,TURN 8 INCIDENT INVOLVING CARS 27 (HUL) AND 43 (COL) NOTED,noted,27|43,2,Turn 8,,other
15871,2025-sgp,Race,2025-10-05 06:35:58-07:00,58.0,TURN 7 INCIDENT INVOLVING CAR 18 (STR) NOTED - LEAVING THE TRACK AND GAINING AN ADVANTAGE,noted,18,1,Turn 7,,gaining_advantage_off_track
15888,2025-sgp,Race,2025-10-05 06:44:46-07:00,62.0,INCIDENT INVOLVING CAR 44 (HAM) NOTED - TRACK LIMITS,noted,44,1,,,track_limits
15890,2025-sgp,Race,2025-10-05 06:48:52-07:00,62.0,FIA STEWARDS: INCIDENT INVOLVING CAR 44 (HAM) WILL BE INVESTIGATED AFTER THE RACE - TRACK LIMITS,post_session_investigation,44,1,,,track_limits
15899,2025-usa,Race,2025-10-19 12:06:51-07:00,2.0,TURN 12 INCIDENT INVOLVING CARS 23 (ALB) AND 5 (BOR) NOTED - CAUSING A COLLISION,noted,5|23,2,Turn 12,,causing_collision
15910,2025-usa,Race,2025-10-19 12:13:22-07:00,6.0,INCIDENT INVOLVING CAR 31 (OCO) NOTED - FALSE START - MOVING BEFORE SIGNAL,noted,31,1,,,other
15920,2025-usa,Race,2025-10-19 12:16:24-07:00,8.0,TURN 15 INCIDENT INVOLVING CARS 12 (ANT) AND 55 (SAI) NOTED - CAUSING A COLLISION,noted,12|55,2,Turn 15,,causing_collision
15930,2025-usa,Race,2025-10-19 12:18:56-07:00,9.0,FIA STEWARDS: TURN 15 INCIDENT INVOLVING CARS 12 (ANT) AND 55 (SAI) WILL BE INVESTIGATED AFTER THE RACE - CAUSING A COLLISION,post_session_investigation,12|55,2,Turn 15,,causing_collision
15993,2025-usa,Sprint,2025-10-18 10:13:36-07:00,4.0,LAP 1 TURN 1 INCIDENT NOTED,noted,,0,Turn 1,1.0,other
15999,2025-usa,Sprint,2025-10-18 10:19:48-07:00,8.0,INCIDENT INVOLVING CAR 16 (LEC) NOTED - SAFETY CAR INFRINGEMENT,noted,16,1,,,other
16004,2025-usa,Sprint,2025-10-18 10:22:22-07:00,9.0,TURN 12 INCIDENT INVOLVING CARS 63 (RUS) AND 1 (VER) NOTED - FORCING ANOTHER DRIVER OFF THE TRACK,noted,1|63,2,Turn 12,,forcing_off_track
16020,2025-usa,Sprint,2025-10-18 10:32:10-07:00,15.0,TURN 15 INCIDENT INVOLVING CARS 87 (BEA) AND 12 (ANT) NOTED - LEAVING THE TRACK AND GAINING AN ADVANTAGE,noted,12|87,2,Turn 15,,gaining_advantage_off_track
16028,2025-usa,Sprint,2025-10-18 10:36:11-07:00,17.0,FIA STEWARDS: TURN 15 INCIDENT INVOLVING CARS 87 (BEA) AND 12 (ANT) UNDER INVESTIGATION - LEAVING THE TRACK AND GAINING AN ADVANTAGE,investigation,12|87,2,Turn 15,,gaining_advantage_off_track
16029,2025-usa,Sprint,2025-10-18 10:37:22-07:00,18.0,TURN 1 INCIDENT INVOLVING CARS 31 (OCO) AND 18 (STR) NOTED - CAUSING A COLLISION,noted,18|31,2,Turn 1,,causing_collision
16031,2025-usa,Sprint,2025-10-18 10:38:13-07:00,18.0,FIA STEWARDS: 10 SECOND TIME PENALTY FOR CAR 87 (BEA) - LEAVING THE TRACK AND GAINING AN ADVANTAGE,sanction_announced,87,1,,,gaining_advantage_off_track
