referral_episode_id,event_id,session_type,first_timestamp,last_timestamp,car_numbers,car_count,location,incident_family,incident_lap_explicit,message_lap_min,message_lap_max,process_statuses,terminal_status,message_count,messages_json,episode_review_status,linked_to_primary_adjudication
referral-9b6de88fc350879a,2018-abu,Race,2018-11-25 05:19:05-08:00,2018-11-25 05:20:37-08:00,8|27,2,Turn 9,causing_collision,,3,3,investigation|no_further_action,no_further_action,2,"[""TURN 9 INCIDENT INVOLVING CARS 27 (HUL) AND 8 (GRO) UNDER INVESTIGATION - CAUSING A COLLISION"", ""TURN 9 INCIDENT INVOLVING CARS 27 (HUL) AND 8 (GRO) - NO FURTHER ACTION""]",algorithmic_pending_human_validation,True
referral-fb5175f703ca81b0,2018-abu,Race,2018-11-25 05:23:26-08:00,2018-11-25 05:23:26-08:00,9|55,2,Turn 9,gaining_advantage_off_track,,4,4,noted,noted,1,"[""TURN 9 INCIDENT INVOLVING CARS 55 (SAI) AND 9 (ERI) NOTED - LEAVING THE TRACK AND GAINING AN ADVANTAGE""]",algorithmic_pending_human_validation,False
referral-afc003373dd8dcff,2018-abu,Race,2018-11-25 06:15:31-08:00,2018-11-25 06:17:41-08:00,2|31,2,Turn 17,gaining_advantage_off_track,,33,35,investigation|sanction_announced,sanction_announced,2,"[""TURN 17 INCIDENT INVOLVING CARS 2 (VAN) AND 31 (OCO) UNDER INVESTIGATION - LEAVING THE TRACK AND GAINING AN ADVANTAGE"", ""5 SECOND TIME PENALTY FOR CAR 31 (OCO) - LEAVING THE TRACK AND GAINING AN ADVANTAGE""]",algorithmic_pending_human_validation,True
referral-036a14c008c11cef,2018-abu,Race,2018-11-25 06:51:16-08:00,2018-11-25 06:58:41-08:00,14,1,,gaining_advantage_off_track,,54,55,sanction_announced,sanction_announced,3,"[""5 SECOND TIME PENALTY FOR CAR 14 (ALO) - LEAVING THE TRACK AND GAINING AN ADVANTAGE"", ""5 SECOND TIME PENALTY FOR CAR 14 (ALO) - LEAVING THE TRACK AND GAINING AN ADVANTAGE"", ""5 SECOND TIME PENALTY FOR CAR 14 (ALO) - LEAVING THE TRACK AND GAINING AN ADVANTAGE""]",algorithmic_pending_human_validation,True
referral-76f25098c5c331d3,2018-aus,Race,2018-03-24 23:05:02-07:00,2018-03-24 23:05:02-07:00,20,1,Pit Lane,unsafe_release,,32,32,post_session_investigation,post_session_investigation,1,"[""PIT LANE INCIDENT INVOLVING CAR 20 (MAG) WILL BE INVESTIGATED AFTER THE RACE - CAR RELEASED IN AN UNSAFE CONDITION""]",algorithmic_pending_human_validation,False
referral-4e25c7337f20cc5f,2018-aus,Race,2018-03-24 23:05:12-07:00,2018-03-24 23:05:12-07:00,8,1,Pit Lane,unsafe_release,,33,33,post_session_investigation,post_session_investigation,1,"[""PIT LANE INCIDENT INVOLVING CAR 8 (GRO) WILL BE INVESTIGATED AFTER THE RACE - CAR RELEASED IN AN UNSAFE CONDITION""]",algorithmic_pending_human_validation,False
referral-e5a0ee4b543a5b62,2018-aut,Race,2018-07-01 06:22:44-07:00,2018-07-01 06:41:48-07:00,31|55,2,Turn 1,other,,9,25,noted|investigation|sanction_announced,sanction_announced,3,"[""TURN 1 INCIDENT INVOLVING CARS 31 (OCO) AND 55 (SAI) NOTED"", ""TURN 1 INCIDENT INVOLVING CARS 31 (OCO) AND 55 (SAI) UNDER INVESTIGATION"", ""TURN 1 INCIDENT INVOLVING CARS 31 (OCO) AND 55 (SAI) - REPRIMAND TO CAR 55 (SAI)""]",algorithmic_pending_human_validation,True
referral-8a5e9abdc7a45e7e,2018-aut,Race,2018-07-01 06:23:06-07:00,2018-07-01 06:27:48-07:00,2|10,2,Turn 3,other,,9,13,noted|no_investigation,no_investigation,2,"[""TURN 3 INCIDENT INVOLVING CARS 2 (VAN) AND 10 (GAS) NOTED"", ""TURN 3 INCIDENT INVOLVING CARS 10 (GAS) AND 2 (VAN) - NO INVESTIGATION NECESSARY""]",algorithmic_pending_human_validation,False
referral-6e403822e93409c7,2018-aut,Race,2018-07-01 06:23:51-07:00,2018-07-01 06:37:23-07:00,7|33,2,Turn 3,other,,10,21,noted|investigation|no_further_action,no_further_action,3,"[""TURN 3 INCIDENT INVOLVING CARS 7 (RAI) AND 33 (VER) NOTED"", ""TURN 3 INCIDENT INVOLVING CARS 7 (RAI) AND 33 (VER) UNDER INVESTIGATION"", ""TURN 3 INCIDENT INVOLVING CARS 7 (RAI) AND 33 (VER) - NO FURTHER ACTION""]",algorithmic_pending_human_validation,True
referral-b8a7666dfbc8044b,2018-aut,Race,2018-07-01 07:34:28-07:00,2018-07-01 07:34:28-07:00,18,1,,blue_flags,,71,71,post_session_investigation,post_session_investigation,1,"[""BLUE FLAG INCIDENT INVOLVING CAR 18 (STR) WILL BE INVESTIGATED AFTER THE RACE""]",algorithmic_pending_human_validation,False
referral-76af519e8713ce8a,2018-aze,Race,2018-04-29 05:46:40-07:00,2018-04-29 05:46:40-07:00,,0,Turn 2-3,other,1.0,16,16,noted,noted,1,"[""FIRST LAP INCIDENTS AT TURNS 2 AND 3 ALL NOTED""]",algorithmic_pending_human_validation,False
referral-000a36711d6e5f60,2018-aze,Race,2018-04-29 05:51:13-07:00,2018-04-29 05:51:13-07:00,7|31,2,Turn 2,other,,19,19,post_session_investigation,post_session_investigation,1,"[""TURN 2 INCIDENT INVOLVING CARS 31 (OCO) AND 7 (RAI) WILL BE INVESTIGATED AFTER THE RACE""]",algorithmic_pending_human_validation,True
referral-4b2b8bff619e24c9,2018-aze,Race,2018-04-29 05:52:18-07:00,2018-04-29 05:52:18-07:00,14|27|35,3,Turn 2,other,,19,19,no_investigation,no_investigation,1,"[""TURN 2 INCIDENT INVOLVING CARS 14 (ALO),27 (HUL)  AND 35 (SIR) NOTED - NO INVESTIGATION NECESSARY""]",algorithmic_pending_human_validation,False
referral-035f8d6260760de8,2018-aze,Race,2018-04-29 05:53:17-07:00,2018-04-29 05:53:17-07:00,9|20,2,Turn 2,other,,20,20,investigation,investigation,1,"[""TURN 2 INCIDENT INVOLVING CARS 9 (ERI) AND 20 (MAG) UNDER INVESTIGATION""]",algorithmic_pending_human_validation,True
referral-66b51e0807e0cf84,2018-aze,Race,2018-04-29 05:53:57-07:00,2018-04-29 05:53:57-07:00,9,1,,causing_collision,,20,20,sanction_announced,sanction_announced,1,"[""10 SECOND TIME PENALTY FOR CAR 9 (ERI) - CAUSING A COLLISION""]",algorithmic_pending_human_validation,False
referral-d05fe5a370977535,2018-aze,Race,2018-04-29 05:59:36-07:00,2018-04-29 06:00:34-07:00,11,1,,other,,23,24,investigation|sanction_announced,sanction_announced,2,"["" INCIDENT INVOLVING CAR 11 (PER) UNDER INVESTIGATION - OVERTAKING BEFORE THE SAFETY CAR LINE"", ""5 SECOND TIME PENALTY FOR CAR 11 (PER) - OVERTAKING BEFORE THE SAFETY CAR LINE""]",algorithmic_pending_human_validation,False
referral-f08eb9e57630e8b8,2018-aze,Race,2018-04-29 06:29:08-07:00,2018-04-29 06:29:08-07:00,11|18|20,3,,other,,40,40,post_session_investigation,post_session_investigation,1,"[""INCIDENT INVOLVING CARS 11 (PER), 18 (STR) AND 20 (MAG) WILL BE INVESTIGATED AFTER THE RACE - USE OF DRS WHEN NOT PERMITTED""]",algorithmic_pending_human_validation,False
referral-fa03188bfc3f5b32,2018-aze,Race,2018-04-29 06:54:17-07:00,2018-04-29 06:54:17-07:00,3|33,2,Turn 1,other,,50,50,post_session_investigation,post_session_investigation,1,"[""TURN 1 INCIDENT INVOLVING CARS 3 (RIC) AND 33 (VER) WILL BE INVESTIGATED AFTER THE RACE""]",algorithmic_pending_human_validation,True
referral-284df2fbe634a719,2018-aze,Race,2018-04-29 06:56:49-07:00,2018-04-29 06:56:49-07:00,10|20,2,Turn 20,other,,51,51,post_session_investigation,post_session_investigation,1,"[""TURN 20 INCIDENT INVOLVING CARS 10 (GAS) AND 20 (MAG) WILL BE INVESTIGATED AFTER THE RACE""]",algorithmic_pending_human_validation,True
referral-4e98c24d880d1ea4,2018-bel,Race,2018-08-26 06:16:11-07:00,2018-08-26 06:16:11-07:00,,0,Turn 1,other,,2,2,investigation,investigation,1,"[""1ST CORNER INCIDENT UNDER INVESTIGATION""]",algorithmic_pending_human_validation,False
referral-dc86b2d62ca3bd77,2018-bel,Race,2018-08-26 06:17:28-07:00,2018-08-26 06:17:28-07:00,,0,Turn 1,other,,2,2,post_session_investigation,post_session_investigation,1,"[""TURN 1 INCIDENT WILL BE INVESTIGATED AFTER THE RACE""]",algorithmic_pending_human_validation,False
referral-049155b3de8f7d38,2018-bel,Race,2018-08-26 06:27:32-07:00,2018-08-26 06:29:10-07:00,3|7,2,Turn 1,other,,6,7,noted|no_investigation,no_investigation,2,"[""TURN 1 INCIDENT INVOLVING CARS 3 (RIC) AND 7 (RAI) NOTED"", ""TURN 1 INCIDENT INVOLVING CARS 3 (RIC) AND 7 (RAI) - NO INVESTIGATION NECESSARY""]",algorithmic_pending_human_validation,False
referral-d039353f8ed48fe0,2018-bhr,Race,2018-04-08 08:24:36-07:00,2018-04-08 08:38:19-07:00,11|28,2,Turn 4,causing_collision,,7,12,investigation|sanction_announced|post_session_investigation,sanction_announced,4,"[""TURN 4 INCIDENT INVOLVING CARS 11 (PER) AND 28 (HAR) UNDER INVESTIGATION - CAUSING A COLLISION"", ""10 SECOND TIME PENALTY FOR CAR 28 (HAR) - CAUSING A COLLISION"", ""INCIDENT INVOLVING CARS 11 (PER) AND 28 (HAR) UNDER INVESTIGATION - FAILURE TO MAINTAIN ORDER ON THE FORMATION LAP"", ""INCIDENT INVOLVING CARS 11 (PER) AND 28 (HAR) WILL BE INVESTIGATED AFTER THE RACE""]",algorithmic_pending_human_validation,True
referral-9462fa72a356ac1f,2018-bhr,Race,2018-04-08 08:27:04-07:00,2018-04-08 08:27:04-07:00,33|44,2,Turn 1,other,,8,8,no_further_action,no_further_action,1,"[""TURN 1 INCIDENT INVOLVING CARS 33 (VER) AND 44 (HAM) NOTED - NO FURTHER ACTION""]",algorithmic_pending_human_validation,False
referral-572532d45b619c08,2018-bhr,Race,2018-04-08 08:27:48-07:00,2018-04-08 08:27:48-07:00,20|27,2,,other,,9,9,no_further_action,no_further_action,1,"[""INCIDENT INVOLVING CARS 27 (HUL) AND 20 (MAG) NOTED - NO FURTHER ACTION""]",algorithmic_pending_human_validation,False
referral-9435811874b02825,2018-bhr,Race,2018-04-08 09:16:12-07:00,2018-04-08 09:16:12-07:00,7,1,,unsafe_release,,39,39,post_session_investigation,post_session_investigation,1,"[""INCIDENT INVOLVING CAR 7 (RAI) WILL BE INVESTIGATED AFTER THE RACE - UNSAFE RELEASE""]",algorithmic_pending_human_validation,False
referral-396f655648060e9d,2018-bra,Race,2018-11-11 10:08:50-08:00,2018-11-11 10:22:44-08:00,31|33,2,Turn 1,causing_collision,,45,57,investigation|sanction_announced,sanction_announced,2,"[""TURN 1 INCIDENT INVOLVING CARS 31 (OCO) AND 33 (VER) UNDER INVESTIGATION - CAUSING A COLLISION"", ""10 SECOND STOP/GO PENALTY FOR CAR 31 (OCO) - CAUSING A COLLISION""]",algorithmic_pending_human_validation,True
referral-69d1857e58509c5e,2018-bra,Race,2018-11-11 10:30:15-08:00,2018-11-11 10:37:25-08:00,14,1,,blue_flags,,63,69,investigation|sanction_announced,sanction_announced,2,"[""INCIDENT INVOLVING CAR 14 (ALO) UNDER INVESTIGATION - IGNORING BLUE FLAGS"", ""5 SECOND TIME PENALTY FOR CAR 14 (ALO) - IGNORING BLUE FLAGS""]",algorithmic_pending_human_validation,False
referral-0b3d85d02b63deaa,2018-bra,Race,2018-11-11 10:30:37-08:00,2018-11-11 10:30:37-08:00,2,1,,blue_flags,,63,63,investigation,investigation,1,"[""INCIDENT INVOLVING CAR 2 (VAN) UNDER INVESTIGATION - IGNORING BLUE FLAGS""]",algorithmic_pending_human_validation,False
referral-6aae47e17c294ba7,2018-can,Race,2018-06-10 11:22:01-07:00,2018-06-10 11:23:27-07:00,18|28,2,Turn 6,other,,5,6,investigation|no_further_action,no_further_action,2,"[""TURN 6 INCIDENT INVOLVING CARS 18 (STR) AND 28 (HAR) UNDER INVESTIGATION"", ""TURN 6 INCIDENT INVOLVING CARS 18 (STR) AND 28 (HAR) - NO FURTHER ACTION""]",algorithmic_pending_human_validation,True
referral-db028cc9d0a1469a,2018-can,Race,2018-06-10 11:22:27-07:00,2018-06-10 11:30:53-07:00,11|55,2,Turn 1,other,,6,12,noted|investigation|no_further_action,no_further_action,3,"[""TURN 1 INCIDENT INVOLVING CARS 11 (PER) AND 55 (SAI) NOTED"", ""TURN 1 INCIDENT INVOLVING CARS 11 (PER) AND 55 (SAI) UNDER INVESTIGATION"", ""TURN 1 INCIDENT INVOLVING CARS 11 (PER) AND 55 (SAI) - NO FURTHER ACTION""]",algorithmic_pending_human_validation,True
referral-5251ba36e7cfe3db,2018-can,Race,2018-06-10 12:19:24-07:00,2018-06-10 12:21:28-07:00,8|31,2,Turn 13,other,,51,52,noted|no_investigation,no_investigation,2,"[""TURN 13 INCIDENT INVOLVING CARS 8 (GRO) AND 31 (OCO) NOTED"", ""TURN 13 INCIDENT INVOLVING CARS 8 (GRO) AND 31 (OCO) - NO INVESTIGATION NECESSARY""]",algorithmic_pending_human_validation,False
referral-da0e54c0187d0fbe,2018-chn,Race,2018-04-15 00:06:19-07:00,2018-04-15 00:15:46-07:00,10|28,2,Turn 14,causing_collision,,32,36,investigation|sanction_announced,sanction_announced,2,"[""TURN 14 INCIDENT INVOLVING CARS 10 (GAS) AND 28 (HAR) UNDER INVESTIGATION - CAUSING A COLLISION"", ""10 SECOND TIME PENALTY FOR CAR 10 (GAS) - CAUSING A COLLISION""]",algorithmic_pending_human_validation,True
referral-07b5cb573e331c13,2018-chn,Race,2018-04-15 00:29:39-07:00,2018-04-15 00:32:21-07:00,5|33,2,Turn 14,causing_collision,,44,46,investigation|sanction_announced,sanction_announced,2,"[""TURN 14 INCIDENT INVOLVING CARS 5 (VET) AND 33 (VER) UNDER INVESTIGATION - CAUSING A COLLISION"", ""10 SECOND TIME PENALTY FOR CAR 33 (VER) - CAUSING A COLLISION""]",algorithmic_pending_human_validation,True
referral-d2ce2b733eea398b,2018-chn,Race,2018-04-15 00:48:32-07:00,2018-04-15 00:52:15-07:00,5|14,2,Turn 3,other,,56,56,noted|no_investigation,no_investigation,2,"[""TURN 3 INCIDENT INVOLVING CARS 5 (VET) AND 14 (ALO) NOTED"", ""TURN 3 INCIDENT INVOLVING CARS 5 (VET) AND 14 (ALO) - NO INVESTIGATION NECESSARY""]",algorithmic_pending_human_validation,False
referral-3f0217ade41b31fd,2018-deu,Race,2018-07-22 07:34:32-07:00,2018-07-22 07:39:03-07:00,55,1,,other,,59,62,investigation|sanction_announced,sanction_announced,2,"[""INCIDENT INVOLVING CAR 55 (SAI) UNDER INVESTIGATION - OVERTAKING WHILE THE SAFETY CAR WAS DEPLOYED"", ""10 SECOND TIME PENALTY FOR CAR 55 (SAI) - OVERTAKING WHILE THE SAFETY CAR WAS DEPLOYED""]",algorithmic_pending_human_validation,False
referral-2192b4a0fb9bbe36,2018-esp,Race,2018-05-13 06:24:10-07:00,2018-05-13 06:24:10-07:00,8,1,Turn 3,other,,5,5,post_session_investigation,post_session_investigation,1,"[""TURN 3 INCIDENT INVOLVING CAR 8 (GRO) WILL BE INVESTIGATED AFTER THE RACE""]",algorithmic_pending_human_validation,False
referral-3531ba0a187b5c8c,2018-esp,Race,2018-05-13 06:29:41-07:00,2018-05-13 06:30:46-07:00,2,1,Turn 2,other,,9,10,investigation|sanction_announced,sanction_announced,2,"[""TURN 2 INCIDENT INVOLVING CAR 2 (VAN) UNDER INVESTIGATION - FAILING TO STAY TO THE LEFT OF THE BOLLARD AT TURN 2"", ""5 SECOND TIME PENALTY FOR CAR 2 (VAN) - FAILING TO STAY TO THE LEFT OF THE BOLLARD AT TURN 2 ON LAP 1""]",algorithmic_pending_human_validation,False
referral-3c69a1bc7c5f01a1,2018-fra,Race,2018-06-24 07:18:08-07:00,2018-06-24 07:31:55-07:00,5|77,2,,causing_collision,,2,9,investigation|sanction_announced,sanction_announced,2,"[""INCIDENT INVOLVING CARS 5 (VET) AND 77 (BOT) UNDER INVESTIGATION - CAUSING A COLLISION"", ""5 SECOND TIME PENALTY FOR CAR 5 (VET) - CAUSING A COLLISION""]",algorithmic_pending_human_validation,True
referral-b8d75cb18fc7f059,2018-fra,Race,2018-06-24 07:19:09-07:00,2018-06-24 07:23:14-07:00,10|31,2,,causing_collision,,3,5,investigation|post_session_investigation,post_session_investigation,2,"[""INCIDENT INVOLVING CARS 10 (GAS) AND 31 (OCO) UNDER INVESTIGATION - CAUSING A COLLISION"", ""INCIDENT INVOLVING CARS 10 (GAS) AND 31 (OCO) WILL BE INVESTIGATED AFTER THE RACE""]",algorithmic_pending_human_validation,True
referral-3a96d4ac18554982,2018-fra,Race,2018-06-24 07:36:20-07:00,2018-06-24 07:36:20-07:00,8,1,Turn 4,gaining_advantage_off_track,1.0,12,12,investigation,investigation,1,"[""LAP 1 TURN 4 INCIDENT INVOLVING CAR 8 (GRO) UNDER INVESTIGATION - LEAVING THE TRACK AND GAINING AN ADVANTAGE""]",algorithmic_pending_human_validation,False
referral-572ef7f679a5469a,2018-fra,Race,2018-06-24 07:42:10-07:00,2018-06-24 07:42:10-07:00,35,1,,other,,16,16,investigation,investigation,1,"[""INCIDENT INVOLVING CAR 35 (SIR) UNDER INVESTIGATION - DRIVING UNNECESSARILY SLOWLY BEHIND THE SAFETY CAR""]",algorithmic_pending_human_validation,False
referral-f3f4ce136763d556,2018-fra,Race,2018-06-24 07:59:49-07:00,2018-06-24 07:59:49-07:00,35,1,,other,,27,27,sanction_announced,sanction_announced,1,"[""5 SECOND TIME PENALTY FOR CAR 35 (SIR) - DRIVING UNNECESSARILY SLOWLY BEHIND THE SAFETY CAR""]",algorithmic_pending_human_validation,False
referral-572ef9f566c02a47,2018-fra,Race,2018-06-24 08:00:47-07:00,2018-06-24 08:07:43-07:00,8,1,Turn 4,causing_collision,1.0,27,32,no_further_action|investigation|sanction_announced,sanction_announced,3,"[""LAP 1 TURN 4 INCIDENT INVOLVING CAR 8 (GRO) - NO FURTHER ACTION"", ""LAP 1 TURN 1 INCIDENT INVOLVING CAR 8 (GRO) UNDER INVESTIGATION - CAUSING A COLLISION"", ""5 SECOND TIME PENALTY FOR CAR 8 (GRO) - CAUSING A COLLISION""]",algorithmic_pending_human_validation,True
referral-17c7bd3f3371f7ac,2018-gbr,Race,2018-07-08 06:17:01-07:00,2018-07-08 06:17:01-07:00,,0,Turn 3,other,,3,3,investigation,investigation,1,"[""TURN 3 INCIDENT UNDER INVESTIGATION""]",algorithmic_pending_human_validation,False
referral-e1b8f833e205b138,2018-gbr,Race,2018-07-08 06:22:55-07:00,2018-07-08 06:22:55-07:00,7,1,,causing_collision,,7,7,sanction_announced,sanction_announced,1,"[""10 SECOND TIME PENALTY FOR CAR 7 (RAI) - CAUSING A COLLISION""]",algorithmic_pending_human_validation,True
referral-54d4208235326886,2018-gbr,Race,2018-07-08 06:25:11-07:00,2018-07-08 06:30:47-07:00,8|20,2,Turn 3,causing_collision,1.0,8,12,investigation|no_further_action,no_further_action,2,"[""LAP 1 TURN 3 INCIDENT INVOLVING CARS 8 (GRO) AND 20 (MAG) UNDER INVESTIGATION - CAUSING A COLLISION"", ""LAP 1 TURN 3 INCIDENT INVOLVING CARS 8 (GRO) AND 20 (MAG) - NO FURTHER ACTION""]",algorithmic_pending_human_validation,True
referral-40797d7e456228cd,2018-gbr,Race,2018-07-08 06:49:52-07:00,2018-07-08 06:49:52-07:00,16,1,,unsafe_release,18.0,24,24,post_session_investigation,post_session_investigation,1,"[""LAP 18 INCIDENT INVOLVING CAR 16 (LEC) WILL BE INVESTIGATED AFTER THE RACE - CAR RELEASED IN AN UNSAFE CONDITION""]",algorithmic_pending_human_validation,False
referral-735cdd9a62f7643d,2018-gbr,Race,2018-07-08 07:20:11-07:00,2018-07-08 07:20:11-07:00,8|55,2,Turn 9,other,38.0,40,40,post_session_investigation,post_session_investigation,1,"[""LAP 38 TURN 9 INCIDENT INVOLVING CARS 8 (GRO) AND 55 (SAI) WILL BE INVESTIGATED AFTER THE RACE""]",algorithmic_pending_human_validation,True
referral-bc126f304171b19a,2018-gbr,Race,2018-07-08 07:42:30-07:00,2018-07-08 07:42:30-07:00,10|11,2,Turn 17,other,51.0,52,52,investigation,investigation,1,"[""LAP 51 TURN 17 INCIDENT INVOLVING CARS 10 (GAS) AND 11 (PER) UNDER INVESTIGATION""]",algorithmic_pending_human_validation,True
referral-698725cd245deeb6,2018-hun,Race,2018-07-29 07:46:37-07:00,2018-07-29 07:46:37-07:00,5|77,2,Turn 2,other,,68,68,noted,noted,1,"[""TURN 2 INCIDENT INVOLVING CARS 5 (VET) AND 77 (BOT) NOTED""]",algorithmic_pending_human_validation,False
referral-57858ca3de2f83c6,2018-hun,Race,2018-07-29 07:47:53-07:00,2018-07-29 07:47:53-07:00,3|77,2,Turn 1,other,,69,69,post_session_investigation,post_session_investigation,1,"[""TURN 1 INCIDENT INVOLVING CARS 3 (RIC) AND 77 (BOT) WILL BE INVESTIGATED AFTER THE RACE""]",algorithmic_pending_human_validation,True
referral-7eee0a9c2ce4a186,2018-ita,Race,2018-09-02 06:16:54-07:00,2018-09-02 06:22:40-07:00,5|44,2,Turn 4,other,,2,6,investigation|no_further_action,no_further_action,2,"[""TURN 4 INCIDENT INVOLVING CARS 5 (VET) AND 44 (HAM) UNDER INVESTIGATION"", ""TURN 4 INCIDENT INVOLVING CARS 5 (VET) AND 44 (HAM) - NO FURTHER ACTION""]",algorithmic_pending_human_validation,True
referral-5d5df20eacae8c4b,2018-ita,Race,2018-09-02 07:17:00-07:00,2018-09-02 07:17:00-07:00,33|77,2,Turn 1,other,,44,44,investigation,investigation,1,"[""TURN 1 INCIDENT INVOLVING CARS 33 (VER) AND 77 (BOT) UNDER INVESTIGATION""]",algorithmic_pending_human_validation,True
referral-3b54a9af5d08eb01,2018-ita,Race,2018-09-02 07:18:59-07:00,2018-09-02 07:18:59-07:00,33,1,,causing_collision,,45,45,sanction_announced,sanction_announced,1,"[""5 SECOND TIME PENALTY FOR CAR 33 (VER) - CAUSING A COLLISION""]",algorithmic_pending_human_validation,False
referral-b02782c590a2ac05,2018-jpn,Race,2018-10-06 22:17:39-07:00,2018-10-06 22:17:39-07:00,7|33,2,Turn 17,other,,3,3,investigation,investigation,1,"[""TURN 17 INCIDENT INVOLVING CARS 7 (RAI) AND 33 (VER) UNDER INVESTIGATION""]",algorithmic_pending_human_validation,True
referral-dfd7834061de9145,2018-jpn,Race,2018-10-06 22:19:11-07:00,2018-10-06 22:29:22-07:00,16|20,2,Turn 1,other,,4,8,investigation|no_further_action,no_further_action,2,"[""TURN 1 INCIDENT INVOLVING CARS 16 (LEC) AND 20 (MAG) UNDER INVESTIGATION"", ""INCIDENT INVOLVING CARS 16 (LEC) AND 20 (MAG) - NO FURTHER ACTION""]",algorithmic_pending_human_validation,True
referral-3b157d65bae1f9e2,2018-jpn,Race,2018-10-06 22:21:46-07:00,2018-10-06 22:21:46-07:00,33,1,,track_limits,,5,5,sanction_announced,sanction_announced,1,"[""5 SECOND TIME PENALTY FOR CAR 33 (VER) - LEAVING THE TRACK AND NOT RETURNING SAFELY.""]",algorithmic_pending_human_validation,False
referral-aa9f483ff90d58d7,2018-jpn,Race,2018-10-06 22:25:58-07:00,2018-10-06 22:25:58-07:00,14|18,2,Turn 16,gaining_advantage_off_track,,7,7,investigation,investigation,1,"[""TURN 16 INCIDENT INVOLVING CARS 14 (ALO) AND 18 (STR) UNDER INVESTIGATION - LEAVING THE TRACK AND GAINING AN ADVANTAGE""]",algorithmic_pending_human_validation,True
referral-f22cecd0b41a7712,2018-jpn,Race,2018-10-06 22:30:59-07:00,2018-10-06 22:30:59-07:00,5|33,2,Turn 13,causing_collision,,9,9,investigation,investigation,1,"[""TURN 13 INCIDENT INVOLVING CARS 5 (VET) AND 33 (VER) UNDER INVESTIGATION - CAUSING A COLLISION""]",algorithmic_pending_human_validation,True
referral-8d5f7e2ace41e877,2018-jpn,Race,2018-10-06 22:50:17-07:00,2018-10-06 22:50:17-07:00,14,1,,gaining_advantage_off_track,,22,22,sanction_announced,sanction_announced,1,"[""5 SECOND TIME PENALTY FOR CAR 14 (ALO) - LEAVING THE TRACK AND GAINING AN ADVANTAGE""]",algorithmic_pending_human_validation,True
referral-c799612a04d6a745,2018-jpn,Race,2018-10-06 22:50:34-07:00,2018-10-06 22:50:34-07:00,18,1,,causing_collision,,22,22,sanction_announced,sanction_announced,1,"[""5 SECOND TIME PENALTY FOR CAR 18 (STR) - CAUSING A COLLISION""]",algorithmic_pending_human_validation,False
referral-060c21c946bad16a,2018-jpn,Race,2018-10-06 22:52:55-07:00,2018-10-06 22:52:55-07:00,5|33,2,Turn 13,other,,23,23,no_further_action,no_further_action,1,"[""TURN 13 INCIDENT INVOLVING CARS 5 (VET) AND 33 (VER) - NO FURTHER ACTION""]",algorithmic_pending_human_validation,False
referral-848ee8c26ffae67b,2018-mco,Race,2018-05-27 06:10:10-07:00,2018-05-27 06:32:16-07:00,35,1,,other,,1,16,noted|investigation|sanction_announced|no_further_action,sanction_announced,5,"[""INCIDENT INVOLVING CAR 35 (SIR) NOTED - WHEELS NOT FITTED AT THE 3 MINUTE SIGNAL"", ""INCIDENT INVOLVING CAR 35 (SIR) UNDER INVESTIGATION - WHEELS NOT FITTED AT THE 3 MINUTE SIGNAL"", ""10 SECOND STOP/GO PENALTY FOR CAR 35 (SIR) - WHEELS NOT FITTED AT THE 3 MINUTE SIGNAL"", ""INCIDENT INVOLVING CAR 35 (SIR) UNDER INVESTIGATION - WORKING ON THE CAR WHILE SERVING A 10 SECONDS STOP/GO PENALTY"", ""INCIDENT INVOLVING CAR 35 (SIR) - NO FURTHER ACTION""]",algorithmic_pending_human_validation,False
referral-442f630ee37ce7ac,2018-mco,Race,2018-05-27 06:32:46-07:00,2018-05-27 06:43:02-07:00,28,1,Pit Lane,other,,16,24,investigation|sanction_announced,sanction_announced,2,"[""INCIDENT INVOLVING CAR 28 (HAR) UNDER INVESTIGATION - SPEEDING IN THE PIT LANE"", ""5 SECOND TIME PENALTY FOR CAR 28 (HAR) - SPEEDING IN THE PIT LANE""]",algorithmic_pending_human_validation,False
referral-b17d5267b718b8b8,2018-mex,Race,2018-10-28 13:13:51-07:00,2018-10-28 13:13:51-07:00,28|31,2,Turn 2,other,,44,44,investigation,investigation,1,"[""TURN 2 INCIDENT INVOLVING CARS 31 (OCO) AND 28 (HAR) UNDER INVESTIGATION""]",algorithmic_pending_human_validation,True
referral-cedbe32c9c175a67,2018-mex,Race,2018-10-28 13:18:03-07:00,2018-10-28 13:18:03-07:00,28,1,,causing_collision,,47,47,sanction_announced,sanction_announced,1,"[""5 SECOND TIME PENALTY FOR CAR 28 (HAR) - CAUSING A COLLISION""]",algorithmic_pending_human_validation,False
referral-9a3a21558da63813,2018-mex,Race,2018-10-28 13:29:36-07:00,2018-10-28 13:33:24-07:00,10|31,2,Turn 4,other,,56,58,investigation|no_further_action,no_further_action,2,"[""TURN 4 INCIDENT INVOLVING CARS 10 (GAS) AND 31 (OCO) UNDER INVESTIGATION"", ""TURN 4 INCIDENT INVOLVING CARS 10 (GAS) AND 31 (OCO) - NO FURTHER ACTION""]",algorithmic_pending_human_validation,True
referral-b6e3fdc3e98c29e7,2018-rus,Race,2018-09-30 04:42:39-07:00,2018-09-30 04:50:11-07:00,5|44,2,Turn 2,other,,18,22,investigation|no_further_action,no_further_action,2,"[""TURN 2 INCIDENT INVOLVING CARS 5 (VET) AND 44 (HAM) UNDER INVESTIGATION - MOVING MORE THAN ONCE TO DEFEND THE POSITION"", ""TURN 2 INCIDENT INVOLVING CARS 5 (VET) AND 44 (HAM) - NO FURTHER ACTION""]",algorithmic_pending_human_validation,True
referral-b77c71894b8712d2,2018-sgp,Race,2018-09-16 05:15:52-07:00,2018-09-16 05:22:55-07:00,11|31,2,Turn 3,causing_collision,,1,4,investigation|no_further_action,no_further_action,2,"[""TURN 3 INCIDENT INVOLVING CARS 11 (PER) AND 31 (OCO) UNDER INVESTIGATION - CAUSING A COLLISION"", ""TURN 3 INCIDENT INVOLVING CARS 11 (PER) AND 31 (OCO) - NO FURTHER ACTION""]",algorithmic_pending_human_validation,True
referral-88b4f22aa00ba3db,2018-sgp,Race,2018-09-16 06:20:14-07:00,2018-09-16 06:26:53-07:00,11|35,2,Turn 18,causing_collision,,36,40,investigation|sanction_announced,sanction_announced,2,"[""TURN 18 INCIDENT INVOLVING CARS 11 (PER) AND 35 (SIR) UNDER INVESTIGATION - CAUSING A COLLISION"", ""DRIVE THROUGH PENALTY FOR CAR 11 (PER) - CAUSING A COLLISION""]",algorithmic_pending_human_validation,True
referral-3d0594eb680a4801,2018-sgp,Race,2018-09-16 06:24:58-07:00,2018-09-16 06:31:04-07:00,20|28,2,Turn 7,other,,39,42,investigation|no_further_action,no_further_action,2,"[""TURN 7 INCIDENT INVOLVING CARS 20 (MAG) AND 28 (HAR) UNDER INVESTIGATION"", ""TURN 7 INCIDENT INVOLVING CARS 28 (HAR) AND 20 (MAG) - NO FURTHER ACTION""]",algorithmic_pending_human_validation,True
referral-f22d844928e11511,2018-sgp,Race,2018-09-16 06:25:29-07:00,2018-09-16 06:34:09-07:00,8|35,2,,blue_flags,,39,44,investigation|sanction_announced,sanction_announced,2,"[""INCIDENT INVOLVING CARS 8 (GRO) AND 35 (SIR) UNDER INVESTIGATION - IGNORING BLUE FLAGS"", ""5 SECOND TIME PENALTY FOR CAR 8 (GRO) - IGNORING BLUE FLAGS""]",algorithmic_pending_human_validation,False
referral-3ae79f5a76005cf6,2018-sgp,Race,2018-09-16 06:38:22-07:00,2018-09-16 06:39:36-07:00,28|35,2,Turn 14,forcing_off_track,,46,47,investigation|sanction_announced,sanction_announced,2,"[""TURN 14 INCIDENT INVOLVING CARS 28 (HAR) AND 35 (SIR) UNDER INVESTIGATION - FORCING ANOTHER DRIVER OFF THE TRACK"", ""5 SECOND TIME PENALTY FOR CAR 35 (SIR) - FORCING ANOTHER DRIVER OFF THE TRACK""]",algorithmic_pending_human_validation,True
referral-da6a97ad3f81adc0,2018-usa,Race,2018-10-21 11:17:03-07:00,2018-10-21 11:17:03-07:00,,0,,other,1.0,3,3,investigation,investigation,1,"[""FIRST LAP INCIDENTS UNDER INVESTIGATION""]",algorithmic_pending_human_validation,False
referral-e9894fb0b2d999fc,2018-usa,Race,2018-10-21 11:22:05-07:00,2018-10-21 11:22:05-07:00,18,1,,causing_collision,,6,6,sanction_announced,sanction_announced,1,"[""DRIVE THROUGH PENALTY FOR CAR 18 (STR) - CAUSING A COLLISION""]",algorithmic_pending_human_validation,True
referral-fa1d5771cf575a1c,2018-usa,Race,2018-10-21 11:23:57-07:00,2018-10-21 11:23:57-07:00,8|16,2,,other,,7,7,post_session_investigation,post_session_investigation,1,"[""1ST LAP INCIDENT INVOLVING CARS 8 (GRO) AND 16 (LEC) WILL BE INVESTIGATED AFTER THE RACE""]",algorithmic_pending_human_validation,True
referral-8cf1f928a4e60852,2018-usa,Race,2018-10-21 11:27:11-07:00,2018-10-21 11:27:11-07:00,3|5,2,Turn 13,other,1.0,9,9,no_further_action,no_further_action,1,"[""LAP 1, TURN 13 INCIDENT INVOLVING CARS 3 (RIC) AND 5 (VET) - NO FURTHER ACTION""]",algorithmic_pending_human_validation,True
referral-37f449c0d0c65e07,2018-usa,Race,2018-10-21 11:43:28-07:00,2018-10-21 11:48:26-07:00,55,1,Turn 1,gaining_advantage_off_track,1.0,18,21,investigation|sanction_announced,sanction_announced,2,"[""LAP 1, TURN 1 INCIDENT INVOLVING CAR 55 (SAI) UNDER INVESTIGATION - LEAVING THE TRACK AND GAINING AN ADVANTAGE"", ""5 SECOND TIME PENALTY FOR CAR 55 (SAI) - LEAVING THE TRACK AND GAINING AN ADVANTAGE""]",algorithmic_pending_human_validation,True
referral-afa1011dec6473f7,2019-abu,Race,2019-12-01 05:15:54-08:00,2019-12-01 05:17:25-08:00,10|11|18,3,Turn 1,other,,2,3,noted|no_investigation,no_investigation,2,"[""TURN 1 INCIDENT INVOLVING CARS 10 (GAS), 11 (PER) AND 18 (STR) NOTED"", ""TURN 1 INCIDENT INVOLVING CARS 10 (GAS), 11 (PER) AND 18 (STR) - NO INVESTIGATION NECESSARY""]",algorithmic_pending_human_validation,False
referral-8ea78b8be7309580,2019-abu,Race,2019-12-01 05:39:12-08:00,2019-12-01 05:39:12-08:00,3|55,2,Turn 6,other,,15,15,no_investigation,no_investigation,1,"[""TURN 6 INCIDENT INVOLVING CARS 3 (RIC) AND 55 (SAI) NOTED - NO INVESTIGATION NECESSARY""]",algorithmic_pending_human_validation,False
referral-a5b57ab7ac444c3e,2019-abu,Race,2019-12-01 05:53:47-08:00,2019-12-01 06:00:01-08:00,88|99,2,Turn 11,other,,24,27,noted|investigation|no_further_action,no_further_action,3,"[""TURN 11 INCIDENT INVOLVING CARS 88 (KUB) AND 99 (GIO) NOTED"", ""TURN 11 INCIDENT INVOLVING CARS 88 (KUB) AND 99 (GIO) UNDER INVESTIGATION"", ""TURN 11 INCIDENT INVOLVING CARS 88 (KUB) AND 99 (GIO) - NO FURTHER ACTION""]",algorithmic_pending_human_validation,True
referral-16f1c15de473d915,2019-aut,Race,2019-06-30 06:19:11-07:00,2019-06-30 06:19:11-07:00,99,1,Turn 1,other,1.0,6,6,no_investigation,no_investigation,1,"[""LAP 1, TURN 1 INCIDENT INVOLVING CARS 99 (GIO) NOTED - NO INVESTIGATION NECESSARY""]",algorithmic_pending_human_validation,False
referral-9f311ca4e8bcc858,2019-aut,Race,2019-06-30 06:19:43-07:00,2019-06-30 06:19:43-07:00,4|7,2,Turn 5,other,1.0,6,6,no_investigation,no_investigation,1,"[""LAP 1,TURN 5 INCIDENT INVOLVING CARS 4 (NOR) AND 7 (RAI) NOTED - NO INVESTIGATION NECESSARY""]",algorithmic_pending_human_validation,False
referral-4663ffb1fc8f1e67,2019-aut,Race,2019-06-30 06:21:34-07:00,2019-06-30 06:27:11-07:00,20,1,,other,,8,13,investigation|sanction_announced,sanction_announced,2,"[""INCIDENT INVOLVING CAR 20 (MAG) UNDER INVESTIGATION - OUT OF POSITION AT THE START"", ""DRIVE THROUGH PENALTY FOR CAR 20 (MAG) - OUT OF POSITION AT THE START""]",algorithmic_pending_human_validation,False
referral-4d6ae7323593bcf1,2019-aut,Race,2019-06-30 07:32:46-07:00,2019-06-30 07:35:08-07:00,16|33,2,Turn 3,other,,70,71,noted|investigation,investigation,2,"[""TURN 3 INCIDENT INVOLVING CARS 16 (LEC) AND 33 (VER) NOTED"", ""TURN 3 INCIDENT INVOLVING CARS 16 (LEC) AND 33 (VER) UNDER INVESTIGATION""]",algorithmic_pending_human_validation,True
referral-345fd59b577fb491,2019-aze,Race,2019-04-28 05:23:54-07:00,2019-04-28 05:38:26-07:00,88,1,Pit Lane,other,,6,14,investigation|sanction_announced,sanction_announced,2,"[""INCIDENT INVOLVING CAR 88 (KUB) UNDER INVESTIGATION - START PROCEDURE"", ""DRIVE THROUGH PENALTY FOR CAR 88 (KUB) - CAR BEING DRIVEN TO PIT EXIT EARLY""]",algorithmic_pending_human_validation,False
referral-f8f7baabcde165ad,2019-aze,Race,2019-04-28 06:13:50-07:00,2019-04-28 06:19:06-07:00,3|26,2,Turn 3,other,,34,37,investigation|post_session_investigation,post_session_investigation,2,"[""TURN 3 INCIDENT INVOLVING CARS 3 (RIC) AND 26 (KVY) UNDER INVESTIGATION"", ""TURN 3 INCIDENT INVOLVING CARS 3 (RIC) AND 26 (KVY) WILL BE INVESTIGATED AFTER THE RACE""]",algorithmic_pending_human_validation,True
referral-f7958bbe36683f62,2019-bel,Race,2019-09-01 06:26:35-07:00,2019-09-01 06:26:35-07:00,7|33,2,Turn 1,other,1.0,6,6,no_investigation,no_investigation,1,"[""LAP 1, TURN 1 INCIDENT INVOLVING CARS 7 (RAI) AND 33 (VER) NOTED - NO INVESTIGATION NECESSARY""]",algorithmic_pending_human_validation,False
referral-8aacd58708a826eb,2019-bel,Race,2019-09-01 06:27:08-07:00,2019-09-01 06:27:08-07:00,3|18,2,Turn 1,other,1.0,6,6,no_investigation,no_investigation,1,"[""LAP 1, TURN 1 INCIDENT INVOLVING CARS 3 (RIC) AND 18 (STR) NOTED - NO INVESTIGATION NECESSARY""]",algorithmic_pending_human_validation,False
referral-d58406e5d0aff4f5,2019-bel,Race,2019-09-01 06:28:04-07:00,2019-09-01 06:28:04-07:00,,0,Turn 1,other,,6,6,no_investigation,no_investigation,1,"[""LAP 1, TURN 1 CARS RUNNING WIDE NOTED - NO INVESTIGATION NECESSARY""]",algorithmic_pending_human_validation,False
referral-240034f921e7f3c1,2019-bel,Race,2019-09-01 06:34:15-07:00,2019-09-01 06:35:38-07:00,16,1,Turn 5,other,,10,11,noted|no_investigation,no_investigation,2,"[""TURN 5 INCIDENT INVOLVING CAR 16 (LEC) NOTED"", ""TURN 5 INCIDENT INVOLVING CAR 16 (LEC) - NO INVESTIGATION NECESSARY""]",algorithmic_pending_human_validation,False
referral-b753f966841b644f,2019-bel,Race,2019-09-01 06:52:37-07:00,2019-09-01 06:52:37-07:00,10|20,2,Turn 5,other,,20,20,noted,noted,1,"[""TURN 5 INCIDENT INVOLVING CARS 10 (GAS) AND 20 (MAG) NOTED""]",algorithmic_pending_human_validation,False
referral-209e37143e5f09b2,2019-bel,Race,2019-09-01 07:22:34-07:00,2019-09-01 07:22:34-07:00,5,1,Turn 5,other,,36,36,no_investigation,no_investigation,1,"[""TURN 5 INCIDENT INVOLVING CAR 5 (VET) NOTED - NO INVESTIGATION NECESSARY""]",algorithmic_pending_human_validation,False
referral-7faae6e62bc3742c,2019-bel,Race,2019-09-01 07:25:58-07:00,2019-09-01 07:25:58-07:00,10|99,2,Turn 5,other,,38,38,no_investigation,no_investigation,1,"[""TURN 5 INCIDENT INVOLVING CARS 10 (GAS) AND 99 (GIO) NOTED - NO INVESTIGATION NECESSARY""]",algorithmic_pending_human_validation,False
referral-ec37022318e02cc2,2019-bel,Race,2019-09-01 07:33:25-07:00,2019-09-01 07:33:25-07:00,8|18,2,Turn 5,other,,42,42,no_investigation,no_investigation,1,"[""TURN 5 INCIDENT INVOLVING CARS 8 (GRO) AND 18 (STR) NOTED - NO INVESTIGATION NECESSARY""]",algorithmic_pending_human_validation,False
referral-93489cf7e0127824,2019-bel,Race,2019-09-01 07:41:42-07:00,2019-09-01 07:45:08-07:00,11|23,2,Turn 5,other,,44,44,noted|investigation,investigation,2,"[""TURN 5 INCIDENT ON FINAL LAP INVOLVING CARS 23 (ALB) AND 11 (PER) NOTED"", ""TURN 5 INCIDENT INVOLVING CARS 23 (ALB) AND 11 (PER) UNDER INVESTIGATION""]",algorithmic_pending_human_validation,True
referral-b9b13595fab194d5,2019-bhr,Race,2019-03-31 08:21:31-07:00,2019-03-31 08:28:54-07:00,8|18,2,Turn 2,other,1.0,5,10,noted|no_investigation,no_investigation,2,"[""LAP 1, TURN 2 INCIDENT INVOLVING CARS 8 (GRO) AND 18 (STR) NOTED"", ""TURN 2 INCIDENT INVOLVING CARS 8 (GRO) AND 18 (STR) - NO INVESTIGATION NECESSARY""]",algorithmic_pending_human_validation,False
referral-f3ce5a27bbc5073e,2019-bhr,Race,2019-03-31 08:27:17-07:00,2019-03-31 08:31:00-07:00,33|55,2,Turn 4,other,,9,11,investigation|no_further_action,no_further_action,2,"[""TURN 4 INCIDENT INVOLVING CARS 33 (VER) AND 55 (SAI) UNDER INVESTIGATION"", ""TURN 4 INCIDENT INVOLVING CARS 33 (VER) AND 55 (SAI) - NO FURTHER ACTION""]",algorithmic_pending_human_validation,True
referral-8ab0528497916d62,2019-bhr,Race,2019-03-31 08:37:23-07:00,2019-03-31 08:37:23-07:00,26|99,2,Turn 11,other,,15,15,investigation,investigation,1,"[""TURN 11 INCIDENT INVOLVING CARS 26 (KVY) AND 99 (GIO) UNDER INVESTIGATION""]",algorithmic_pending_human_validation,True
referral-e54068f87da838c0,2019-bhr,Race,2019-03-31 08:41:57-07:00,2019-03-31 08:41:57-07:00,26,1,Pit Lane,other,,18,18,sanction_announced,sanction_announced,1,"[""5 SECOND TIME PENALTY FOR CAR 26 (KVY) - SPEEDING IN THE PIT LANE""]",algorithmic_pending_human_validation,False
referral-8bcc73b0ba947b7d,2019-bhr,Race,2019-03-31 08:45:12-07:00,2019-03-31 08:45:12-07:00,26|99,2,Turn 12,other,,20,20,no_further_action,no_further_action,1,"[""TURN 12 INCIDENT INVOLVING CARS 26 (KVY) AND 99 (GIO) - NO FURTHER ACTION""]",algorithmic_pending_human_validation,False
referral-01f5dbc9ccdedcd8,2019-bhr,Race,2019-03-31 09:52:03-07:00,2019-03-31 09:52:03-07:00,3,1,,other,,57,57,investigation,investigation,1,"[""INCIDENT INVOLVING CAR 3 (RIC) UNDER INVESTIGATION - FAILURE TO RE-ATTACH STEERING WHEEL AFTER LEAVING CAR""]",algorithmic_pending_human_validation,False
referral-8eaeadc8694923f5,2019-bra,Race,2019-11-17 09:23:00-08:00,2019-11-17 09:25:44-08:00,3|20,2,Turn 4,other,,9,11,noted|investigation,investigation,2,"[""TURN 4 INCIDENT INVOLVING CARS 20 (MAG) AND 3 (RIC) NOTED"", ""TURN 4 INCIDENT INVOLVING CARS 3 (RIC) AND 20 (MAG) UNDER INVESTIGATION""]",algorithmic_pending_human_validation,True
referral-bbbcd0f109d12f6e,2019-bra,Race,2019-11-17 09:30:41-08:00,2019-11-17 09:30:41-08:00,3,1,,causing_collision,,15,15,sanction_announced,sanction_announced,1,"[""5 SECOND TIME PENALTY FOR CAR 3 (RIC) - CAUSING A COLLISION""]",algorithmic_pending_human_validation,False
referral-5c503ddeb8e6631b,2019-bra,Race,2019-11-17 09:41:52-08:00,2019-11-17 09:43:57-08:00,33|88,2,Pit Lane,other,,24,25,noted|investigation,investigation,2,"[""PIT LANE INCIDENT INVOLVING CARS 33 (VER) AND 88 (KUB) NOTED"", ""PIT LANE INCIDENT INVOLVING CARS 33 (VER) AND 88 (KUB) UNDER INVESTIGATION""]",algorithmic_pending_human_validation,False
referral-b6e295e666f51ebd,2019-bra,Race,2019-11-17 09:51:16-08:00,2019-11-17 09:51:16-08:00,88,1,,unsafe_release,,31,31,sanction_announced,sanction_announced,1,"[""5 SECOND TIME PENALTY FOR CAR 88 (KUB) - UNSAFE RELEASE""]",algorithmic_pending_human_validation,False
referral-65d0317242043936,2019-bra,Race,2019-11-17 10:31:33-08:00,2019-11-17 10:31:33-08:00,8|55,2,Turn 2,other,,61,61,noted,noted,1,"[""TURN 2 INCIDENT INVOLVING CARS 8 (GRO) AND 55 (SAI) NOTED""]",algorithmic_pending_human_validation,False
referral-60f8fb397a853e04,2019-bra,Race,2019-11-17 10:33:20-08:00,2019-11-17 10:47:34-08:00,20|27,2,,other,,63,71,investigation|sanction_announced,sanction_announced,2,"[""INCIDENT INVOLVING CAR 27 (HUL) UNDER INVESTIGATION - OVERTAKING CAR 20 (MAG) AT THE CONTROL LINE ON THE RE-START"", ""5 SECOND TIME PENALTY FOR CAR 27 (HUL) - OVERTAKING CAR 20 (MAG) AT THE CONTROL LINE ON THE RE-START""]",algorithmic_pending_human_validation,False
referral-8bae9b55f0749bef,2019-bra,Race,2019-11-17 10:45:47-08:00,2019-11-17 10:48:34-08:00,23|44,2,Turn 10,other,,71,71,investigation|post_session_investigation,post_session_investigation,2,"[""TURN 10 INCIDENT INVOLVING CARS 23 (ALB) AND 44 (HAM) UNDER INVESTIGATION"", ""TURN 10 INCIDENT INVOLVING CARS 23 (ALB) AND 44 (HAM) WILL BE INVESTIGATED AFTER THE RACE""]",algorithmic_pending_human_validation,True
referral-ce06795f0b16db3c,2019-bra,Race,2019-11-17 10:55:32-08:00,2019-11-17 10:55:32-08:00,5|16,2,Turn 4,other,,71,71,noted,noted,1,"[""TURN 4 INCIDENT INVOLVING CARS 5 (VET) AND 16 (LEC) NOTED""]",algorithmic_pending_human_validation,True
referral-0a5be79dad43f91c,2019-can,Race,2019-06-09 11:20:13-07:00,2019-06-09 11:20:13-07:00,23|99,2,Turn 1,other,1.0,6,6,no_investigation,no_investigation,1,"[""LAP 1, TURN 1 INCIDENT INVOLVING CARS 23 (ALB) AND 99 (GIO) NOTED - NO INVESTIGATION NECESSARY""]",algorithmic_pending_human_validation,False
referral-c8dd26ef0a5c540e,2019-can,Race,2019-06-09 11:56:48-07:00,2019-06-09 11:56:48-07:00,8|11,2,Turn 1,other,,34,34,no_investigation,no_investigation,1,"[""TURN 1 INCIDENT INVOLVING CARS 8 (GRO) AND 11 (PER) NOTED - NO INVESTIGATION NECESSARY""]",algorithmic_pending_human_validation,False
referral-cccbeaaa006ca815,2019-can,Race,2019-06-09 12:16:29-07:00,2019-06-09 12:16:29-07:00,5|44,2,Turn 4,other,,50,50,investigation,investigation,1,"[""TURN 4 INCIDENT INVOLVING CARS 5 (VET) AND 44 (HAM) UNDER INVESTIGATION""]",algorithmic_pending_human_validation,True
referral-bd4339c1b1a9d2ae,2019-can,Race,2019-06-09 12:25:33-07:00,2019-06-09 12:25:33-07:00,5,1,,forcing_off_track,,57,57,sanction_announced,sanction_announced,1,"[""5 SECOND TIME PENALTY FOR CAR 5 (VET) - UNSAFE RE-ENTRY AND FORCING ANOTHER DRIVER OFF THE TRACK""]",algorithmic_pending_human_validation,False
referral-e2a1e81ca9f578ea,2019-chn,Race,2019-04-13 23:18:29-07:00,2019-04-13 23:23:13-07:00,4|26|55,3,Turn 6,causing_collision,,3,6,noted|investigation|sanction_announced,sanction_announced,3,"[""TURN 6 INCIDENT INVOLVING CARS 4 (NOR), 55 (SAI) AND 26 (KVY) NOTED"", ""TURN 6 INCIDENT INVOLVING CARS 4 (NOR), 26 (KVY) AND 55 (SAI) UNDER INVESTIGATION - CAUSING A COLLISION"", ""DRIVE THROUGH PENALTY FOR CAR 26 (KVY) - CAUSING A COLLISION""]",algorithmic_pending_human_validation,True
referral-cfc1689e807b16f9,2019-chn,Race,2019-04-13 23:50:47-07:00,2019-04-13 23:56:18-07:00,5|33,2,Turn 14,other,,23,26,noted|no_investigation,no_investigation,2,"[""TURN 14 INCIDENT INVOLVING CARS 5 (VET) AND 33 (VER) NOTED"", ""TURN 14 INCIDENT INVOLVING CARS 5 (VET) AND 33 (VER) - NO INVESTIGATION NECESSARY""]",algorithmic_pending_human_validation,False
referral-26bb9a743f82eecc,2019-deu,Race,2019-07-28 06:32:57-07:00,2019-07-28 06:32:57-07:00,8|16,2,Pit Lane,unsafe_release,,8,8,investigation,investigation,1,"[""PIT LANE INCIDENT INVOLVING CARS 16 (LEC) AND 8 (GRO) UNDER INVESTIGATION - UNSAFE RELEASE""]",algorithmic_pending_human_validation,False
referral-602faf4e6ccf838e,2019-deu,Race,2019-07-28 07:09:52-07:00,2019-07-28 07:19:51-07:00,44,1,Pit Lane,other,,30,36,noted|investigation|sanction_announced,sanction_announced,4,"[""INCIDENT INVOLVING CAR 44 (HAM) NOTED - WRONG SIDE OF BOLLARD AT PIT ENTRY"", ""INCIDENT INVOLVING CAR 44 (HAM) UNDER INVESTIGATION - WRONG SIDE OF BOLLARD AT PIT ENTRY"", ""5 SECOND TIME PENALTY FOR CAR 44 (HAM) - WRONG SIDE OF BOLLARD AT PIT ENTRY"", ""INCIDENT INVOLVING CAR 44 (HAM) UNDER INVESTIGATION - DRIVING UNNECESSARILY SLOWLY WHILE SAFETY CAR DEPLOYED""]",algorithmic_pending_human_validation,False
referral-057c8d0c18b58632,2019-deu,Race,2019-07-28 07:59:09-07:00,2019-07-28 08:01:20-07:00,8|20,2,Turn 6,other,,60,62,noted|no_investigation,no_investigation,2,"[""TURN 6 INCIDENT INVOLVING CARS 8 (GRO) AND 20 (MAG) NOTED"", ""TURN 6 INCIDENT INVOLVING CARS 8 (GRO) AND 20 (MAG) - NO INVESTIGATION NECESSARY""]",algorithmic_pending_human_validation,False
referral-23100d35fc5906d1,2019-deu,Race,2019-07-28 08:02:44-07:00,2019-07-28 08:08:39-07:00,10|23,2,Turn 7,other,,63,64,investigation|no_further_action,no_further_action,2,"[""TURN 7 INCIDENT INVOLVING CARS 10 (GAS) AND 23 (ALB) UNDER INVESTIGATION"", ""TURN 7 INCIDENT INVOLVING CARS 10 (GAS) AND 23 (ALB) - NO FURTHER ACTION ""]",algorithmic_pending_human_validation,True
referral-3e6e7f3786f6d584,2019-esp,Race,2019-05-12 07:31:53-07:00,2019-05-12 07:31:53-07:00,4|18,2,Turn 2,other,,54,54,post_session_investigation,post_session_investigation,1,"[""TURN 2 INCIDENT INVOLVING CARS 4 (NOR),18 (STR) WILL BE INVESTIGATED AFTER THE RACE""]",algorithmic_pending_human_validation,True
referral-121ef00b8427c4e5,2019-esp,Race,2019-05-12 07:40:22-07:00,2019-05-12 07:40:22-07:00,8|55,2,Turn 1,other,,60,60,noted,noted,1,"[""TURN 1 INCIDENT INVOLVING CARS 8 (GRO) AND 55 (SAI) NOTED""]",algorithmic_pending_human_validation,False
referral-c8b582e674d51c68,2019-fra,Race,2019-06-23 06:21:54-07:00,2019-06-23 06:27:48-07:00,11,1,Turn 3,gaining_advantage_off_track,1.0,6,9,noted|investigation|sanction_announced,sanction_announced,3,"[""LAP 1, TURN 3 INCIDENT INVOLVING CAR 11 (PER) NOTED - LEAVING THE TRACK AND GAINING AN ADVANTAGE"", ""LAP 1, TURN 3 INCIDENT INVOLVING CAR 11 (PER) UNDER INVESTIGATION - LEAVING THE TRACK AND GAINING AN ADVANTAGE"", ""5 SECOND TIME PENALTY FOR CAR 11 (PER) - LEAVING THE TRACK AND GAINING AN ADVANTAGE""]",algorithmic_pending_human_validation,True
referral-1d8741e463be263d,2019-fra,Race,2019-06-23 07:00:30-07:00,2019-06-23 07:11:44-07:00,3|8,2,Turn 8,other,,30,37,noted|no_investigation,no_investigation,2,"[""TURN 8 INCIDENT INVOLVING CARS 3 (RIC) AND 8 (GRO) NOTED"", ""TURN 8 INCIDENT INVOLVING CARS 3 (RIC) AND 8 (GRO) - NO INVESTIGATION NECESSARY""]",algorithmic_pending_human_validation,False
referral-7ead712633ef80f4,2019-fra,Race,2019-06-23 07:41:15-07:00,2019-06-23 07:41:15-07:00,3,1,Turn 9,gaining_advantage_off_track,,53,53,investigation,investigation,1,"[""TURN 9 INCIDENT INVOLVING CAR 3 (RIC) UNDER INVESTIGATION - LEAVING THE TRACK AND GAINING AN ADVANTAGE""]",algorithmic_pending_human_validation,True
referral-69b5e34d66253319,2019-gbr,Race,2019-07-14 06:16:57-07:00,2019-07-14 06:16:57-07:00,8|20,2,Turn 5,other,,3,3,no_investigation,no_investigation,1,"[""TURN 5 INCIDENT INVOLVING CARS 8 (GRO) AND 20 (MAG) NOTED - NO INVESTIGATION NECESSARY""]",algorithmic_pending_human_validation,False
referral-ea9bba8663c85e8f,2019-gbr,Race,2019-07-14 06:38:49-07:00,2019-07-14 06:40:36-07:00,4|23,2,Pit Lane,other,,17,19,investigation|no_further_action,no_further_action,2,"[""PIT LANE INCIDENT INVOLVING CARS 4 (NOR) AND 23 (ALB) UNDER INVESTIGATION"", ""PIT LANE INCIDENT INVOLVING CARS 4 (NOR) AND 23 (ALB) - NO FURTHER ACTION ""]",algorithmic_pending_human_validation,False
referral-bcecb6dd29baa4dd,2019-gbr,Race,2019-07-14 06:57:09-07:00,2019-07-14 06:57:09-07:00,11|27,2,Turn 6,other,,27,27,no_investigation,no_investigation,1,"[""TURN 6 INCIDENT INVOLVING CARS 11 (PER) AND 27 (HUL) NOTED - NO INVESTIGATION NECESSARY""]",algorithmic_pending_human_validation,False
referral-b688b56fa9892053,2019-gbr,Race,2019-07-14 07:13:28-07:00,2019-07-14 07:19:51-07:00,5|33,2,Turn 16,causing_collision,,38,43,investigation|sanction_announced,sanction_announced,2,"[""TURN 16 INCIDENT INVOLVING CARS 5 (VET) AND 33 (VER) UNDER INVESTIGATION - CAUSING A COLLISION"", ""10 SECOND TIME PENALTY FOR CAR 5 (VET) - CAUSING A COLLISION""]",algorithmic_pending_human_validation,True
referral-92182397d1576ab5,2019-hun,Race,2019-08-04 06:16:48-07:00,2019-08-04 06:16:48-07:00,44|77,2,Turn 3,other,1.0,3,3,no_investigation,no_investigation,1,"[""LAP 1, TURN 3 INCIDENT INVOLVING CARS 44 (HAM) AND 77 (BOT) NOTED - NO INVESTIGATION NECESSARY""]",algorithmic_pending_human_validation,False
referral-c09bd10738e283d5,2019-hun,Race,2019-08-04 06:23:51-07:00,2019-08-04 06:23:51-07:00,16|77,2,Turn 4,other,1.0,9,9,no_investigation,no_investigation,1,"[""LAP 1, TURN 4 INCIDENT INVOLVING CARS 77 (BOT) AND 16 (LEC) NOTED - NO INVESTIGATION NECESSARY""]",algorithmic_pending_human_validation,False
referral-618583a787e30378,2019-hun,Race,2019-08-04 07:42:49-07:00,2019-08-04 07:53:26-07:00,11|23,2,Turn 1,other,,67,70,noted|no_investigation,no_investigation,2,"[""TURN 1 INCIDENT INVOLVING CARS 11 (PER) AND 23 (ALB) NOTED"", ""TURN 1 INCIDENT INVOLVING CARS 11 (PER) AND 23 (ALB) - NO INVESTIGATION NECESSARY""]",algorithmic_pending_human_validation,False
referral-457c02a788961fbe,2019-ita,Race,2019-09-08 06:16:31-07:00,2019-09-08 06:16:31-07:00,7|8|11|33,4,Turn 1,other,,3,3,noted,noted,1,"[""TURN 1 INCIDENT INVOLVING CARS 7 (RAI),11 (PER),33 (VER) AND 8 (GRO) NOTED""]",algorithmic_pending_human_validation,False
referral-1a5faaf070e5b4a4,2019-ita,Race,2019-09-08 06:17:54-07:00,2019-09-08 06:17:54-07:00,23|55,2,Turn 7,other,,4,4,noted,noted,1,"[""TURN 7 INCIDENT INVOLVING CARS 23 (ALB) AND 55 (SAI) NOTED""]",algorithmic_pending_human_validation,False
referral-bdbc9871c6335894,2019-ita,Race,2019-09-08 06:21:08-07:00,2019-09-08 06:21:08-07:00,23|55,2,Turn 6,other,,6,6,no_investigation,no_investigation,1,"[""TURN 6 INCIDENT INVOLVING CARS 23 (ALB) AND 55 (SAI) - NO INVESTIGATION NECESSARY""]",algorithmic_pending_human_validation,False
referral-768f90a84f2bf19b,2019-ita,Race,2019-09-08 06:22:53-07:00,2019-09-08 06:24:10-07:00,5|18,2,Turn 9,causing_collision,,7,8,noted|investigation,investigation,2,"[""TURN 9 INCIDENT INVOLVING CARS 5 (VET) AND 18 (STR) NOTED - CAUSING A COLLISION"", ""TURN 9 INCIDENT INVOLVING CARS 5 (VET) AND 18 (STR) UNDER INVESTIGATION - RETURNING TO THE TRACK IN AN UNSAFE MANNER""]",algorithmic_pending_human_validation,True
referral-04911fbad66e4e0b,2019-ita,Race,2019-09-08 06:26:59-07:00,2019-09-08 06:26:59-07:00,20|23,2,Turn 5,other,,10,10,noted,noted,1,"[""TURN 5 INCIDENT INVOLVING CARS 23 (ALB) AND 20 (MAG) NOTED""]",algorithmic_pending_human_validation,True
referral-79b569d7bd9d4202,2019-ita,Race,2019-09-08 06:29:52-07:00,2019-09-08 06:29:52-07:00,5,1,,other,,12,12,sanction_announced,sanction_announced,1,"[""10 SECOND STOP/GO PENALTY FOR CAR 5 (VET) - RETURNING TO THE TRACK IN AN UNSAFE MANNER""]",algorithmic_pending_human_validation,False
referral-07f7371ed96e6d1c,2019-ita,Race,2019-09-08 06:30:58-07:00,2019-09-08 06:39:57-07:00,7,1,,other,,13,19,investigation|sanction_announced,sanction_announced,2,"[""INCIDENT INVOLVING CAR 7 (RAI) UNDER INVESTIGATION - STARTING THE RACE ON INCORRECT TYRES"", ""10 SECOND STOP/GO PENALTY FOR CAR 7 (RAI) - STARTING THE RACE ON INCORRECT TYRES""]",algorithmic_pending_human_validation,False
referral-5cc4d3d41b466877,2019-ita,Race,2019-09-08 06:33:26-07:00,2019-09-08 06:33:26-07:00,18,1,,unsafe_rejoin,,15,15,sanction_announced,sanction_announced,1,"[""DRIVE THROUGH PENALTY FOR CAR 18 (STR) - REJOINING THE TRACK IN AN UNSAFE MANNER""]",algorithmic_pending_human_validation,True
referral-e5cd2e45c2175268,2019-ita,Race,2019-09-08 06:37:57-07:00,2019-09-08 06:37:57-07:00,23,1,,gaining_advantage_off_track,,18,18,sanction_announced,sanction_announced,1,"[""5 SECOND TIME PENALTY FOR CAR 23 (ALB) - LEAVING THE TRACK AND GAINING A LASTING ADVANTAGE""]",algorithmic_pending_human_validation,False
referral-95392091b21d77d1,2019-ita,Race,2019-09-08 07:05:15-07:00,2019-09-08 07:06:19-07:00,16,1,Turn 2,other,,37,37,noted|no_investigation,no_investigation,2,"[""TURN 2 INCIDENT INVOLVING CAR 16 (LEC) NOTED - MISSING THE APEX"", ""TURN 2 INCIDENT INVOLVING CAR 16 (LEC) NOTED - NO INVESTIGATION NECESSARY""]",algorithmic_pending_human_validation,False
referral-49ee8e9260b62f73,2019-ita,Race,2019-09-08 07:11:05-07:00,2019-09-08 07:11:05-07:00,55,1,,unsafe_release,,41,41,post_session_investigation,post_session_investigation,1,"[""CAR 55 (SAI) BEING RELEASED IN AN UNSAFE CONDITION WILL BE INVESTIGATED AFTER THE RACE""]",algorithmic_pending_human_validation,False
referral-f400bd65ec68bae4,2019-jpn,Race,2019-10-12 22:16:16-07:00,2019-10-12 22:23:55-07:00,16|33,2,Turn 2,causing_collision,1.0,2,7,no_investigation|investigation,no_investigation,2,"[""TURN 2 INCIDENT INVOLVING CARS 16 (LEC) AND 33 (VER) NOTED - NO INVESTIGATION NECESSARY"", ""LAP 1, TURN 2 INCIDENT INVOLVING CARS 16 (LEC) AND 33 (VER) NOW UNDER INVESTIGATION - CAUSING A COLLISION""]",algorithmic_pending_human_validation,True
referral-88b1032ae694787d,2019-jpn,Race,2019-10-12 22:22:17-07:00,2019-10-12 22:22:17-07:00,4|23,2,Turn 16,other,,6,6,noted,noted,1,"[""TURN 16 INCIDENT INVOLVING CARS 4 (NOR) AND 23 (ALB) NOTED""]",algorithmic_pending_human_validation,False
referral-961f56b5cd7e1f84,2019-jpn,Race,2019-10-12 22:27:11-07:00,2019-10-12 22:33:58-07:00,5,1,,other,,9,13,investigation|no_further_action,no_further_action,2,"[""INCIDENT INVOLVING CAR 5 (VET) UNDER INVESTIGATION - FALSE START"", ""INCIDENT INVOLVING AN ALLEGED FALSE START FOR CAR 5 (VET) - NO FURTHER ACTION""]",algorithmic_pending_human_validation,False
referral-95cd7c0953a2a452,2019-jpn,Race,2019-10-12 22:42:49-07:00,2019-10-12 22:42:49-07:00,16|33,2,Turn 2,other,1.0,19,19,post_session_investigation,post_session_investigation,1,"[""LAP 1, TURN 2 INCIDENT INVOLVING CARS 16 (LEC) AND 33 (VER) WILL BE INVESTIGATED AFTER THE RACE""]",algorithmic_pending_human_validation,False
referral-b5162d9676f39f3b,2019-jpn,Race,2019-10-12 22:47:36-07:00,2019-10-12 22:47:36-07:00,4|23,2,Turn 16,other,,22,22,no_further_action,no_further_action,1,"[""TURN 16 INCIDENT INVOLVING CARS 4 (NOR) AND 23 (ALB) - NO FURTHER ACTION ""]",algorithmic_pending_human_validation,False
referral-a5288224a70f7a28,2019-jpn,Race,2019-10-12 23:39:43-07:00,2019-10-12 23:39:43-07:00,10|11,2,Turn 2,causing_collision,,53,53,investigation,investigation,1,"[""TURN 2 INCIDENT INVOLVING CARS 10 (GAS) AND 11 (PER) UNDER INVESTIGATION - CAUSING A COLLISION""]",algorithmic_pending_human_validation,True
referral-4e2abcb5ef563b60,2019-mco,Race,2019-05-26 06:15:00-07:00,2019-05-26 06:15:00-07:00,,0,Turn 1,gaining_advantage_off_track,,2,2,noted,noted,1,"[""TURN 1 INCIDENT NOTED - LEAVING THE TRACK AND GAINING AN ADVANTAGE""]",algorithmic_pending_human_validation,False
referral-f2e37161bfd2e67c,2019-mco,Race,2019-05-26 06:16:41-07:00,2019-05-26 06:16:41-07:00,,0,Turn 1,other,,3,3,no_investigation,no_investigation,1,"[""TURN 1 INCIDENT ON LAP 1 - NO INVESTIGATION NECESSARY""]",algorithmic_pending_human_validation,False
referral-bd4145f8009548d4,2019-mco,Race,2019-05-26 06:35:58-07:00,2019-05-26 06:43:38-07:00,33|77,2,,unsafe_release,,16,22,investigation|sanction_announced,sanction_announced,2,"[""INCIDENT INVOLVING CARS 33 (VER) AND 77 (BOT) UNDER INVESTIGATION - UNSAFE RELEASE"", ""5 SECOND TIME PENALTY FOR CAR 33 (VER) - UNSAFE RELEASE""]",algorithmic_pending_human_validation,False
referral-3c7899a89e98a80f,2019-mco,Race,2019-05-26 06:39:08-07:00,2019-05-26 06:48:10-07:00,88|99,2,Turn 18,causing_collision,,19,26,investigation|sanction_announced,sanction_announced,2,"[""TURN 18 INCIDENT INVOLVING CARS 88 (KUB) AND 99 (GIO) UNDER INVESTIGATION - CAUSING A COLLISION"", ""10 SECOND TIME PENALTY FOR CAR 99 (GIO) - CAUSING A COLLISION""]",algorithmic_pending_human_validation,True
referral-5c15d8e3515220c2,2019-mco,Race,2019-05-26 07:06:40-07:00,2019-05-26 07:16:23-07:00,18,1,Turn 10,gaining_advantage_off_track,,40,48,noted|sanction_announced,sanction_announced,2,"[""TURN 10 INCIDENT INVOLVING CAR 18 (STR) NOTED - LEAVING THE TRACK AND GAINING AN ADVANTAGE"", ""5 SECOND TIME PENALTY FOR CAR 18 (STR) - LEAVING THE TRACK AND GAINING AN ADVANTAGE""]",algorithmic_pending_human_validation,True
referral-c8502783a05c9b4d,2019-mco,Race,2019-05-26 07:25:51-07:00,2019-05-26 07:40:24-07:00,11|20,2,Turn 10,gaining_advantage_off_track,,55,66,noted|post_session_investigation,post_session_investigation,2,"[""TURN 10 INCIDENT INVOLVING CARS 20 (MAG) AND 11 (PER) NOTED - LEAVING THE TRACK AND GAINING AN ADVANTAGE"", ""TURN 10 INCIDENT INVOLVING CARS 11 (PER) AND 20 (MAG) WILL BE INVESTIGATED AFTER THE RACE""]",algorithmic_pending_human_validation,True
referral-9e1247333bc78c67,2019-mco,Race,2019-05-26 07:47:20-07:00,2019-05-26 07:49:50-07:00,8,1,Pit Lane,other,,72,74,noted|sanction_announced,sanction_announced,2,"[""INCIDENT INVOLVING CAR 8 (GRO) NOTED - CROSSING THE LINE AT PIT EXIT ON LEAVING THE PITS"", ""5 SECOND TIME PENALTY FOR CAR 8 (GRO) - CROSSING THE LINE AT PIT EXIT""]",algorithmic_pending_human_validation,False
referral-b74647f09839c78e,2019-mco,Race,2019-05-26 07:55:04-07:00,2019-05-26 07:55:04-07:00,33|44,2,Turn 10,other,,78,78,investigation,investigation,1,"[""TURN 10 INCIDENT INVOLVING CARS 44 (HAM) AND 33 (VER) UNDER INVESTIGATION""]",algorithmic_pending_human_validation,True
referral-6ff3f05f152a6a84,2019-mex,Race,2019-10-27 12:17:37-07:00,2019-10-27 12:23:38-07:00,5|33|44,3,Turn 2,other,,3,8,noted|no_investigation,no_investigation,3,"[""TURN 2 INCIDENT INVOLVING CARS 5 (VET) AND 44 (HAM) NOTED"", ""TURN 2 INCIDENT INVOLVING CARS 33 (VER) AND 44 (HAM) NOTED"", ""TURN 2 INCIDENT INVOLVING CARS 33 (VER) AND 44 (HAM) - NO INVESTIGATION NECESSARY""]",algorithmic_pending_human_validation,False
referral-6ec130a7faae9b50,2019-mex,Race,2019-10-27 12:22:50-07:00,2019-10-27 12:22:50-07:00,5|44,2,Turn 1,other,,7,7,no_investigation,no_investigation,1,"[""TURN 1 INCIDENT INVOLVING CARS 5 (VET) AND 44 (HAM) - NO INVESTIGATION NECESSARY""]",algorithmic_pending_human_validation,False
referral-683b61c46bbee8ec,2019-mex,Race,2019-10-27 12:33:38-07:00,2019-10-27 12:43:43-07:00,4,1,Pit Lane,other,,15,23,noted|investigation|post_session_investigation,post_session_investigation,3,"[""PIT LANE INCIDENT INVOLVING CAR 4 (NOR) NOTED - PIT RELEASE IN UNSAFE CONDITION"", ""PIT LANE INCIDENT INVOLVING CAR 4 (NOR) UNDER INVESTIGATION - PIT RELEASE IN UNSAFE CONDITION"", ""PIT LANE INCIDENT INCIDENT INVOLVING CAR 4 (NOR) WILL BE INVESTIGATED AFTER THE RACE""]",algorithmic_pending_human_validation,False
referral-c38a24cf29375af8,2019-mex,Race,2019-10-27 12:45:06-07:00,2019-10-27 12:45:06-07:00,99,1,Pit Lane,other,,24,24,noted,noted,1,"[""PIT LANE INCIDENT INVOLVING CAR 99 (GIO) NOTED""]",algorithmic_pending_human_validation,False
referral-c3c66912473f50d1,2019-mex,Race,2019-10-27 12:46:29-07:00,2019-10-27 12:49:27-07:00,20|33,2,Turn 4,other,,25,27,noted|no_investigation,no_investigation,2,"[""TURN 4 INCIDENT INVOLVING CARS 33 (VER) AND 20 (MAG) NOTED"", ""TURN 4 INCIDENT INVOLVING CARS 20 (MAG) AND 33 (VER) - NO INVESTIGATION NECESSARY""]",algorithmic_pending_human_validation,False
referral-a8eb53b97643c4a2,2019-mex,Race,2019-10-27 13:37:44-07:00,2019-10-27 13:37:44-07:00,3|11,2,Turn 1,other,,62,62,no_investigation,no_investigation,1,"[""TURN 1 INCIDENT INVOLVING CARS 3 (RIC) AND 11 (PER) NOTED - NO INVESTIGATION NECESSARY""]",algorithmic_pending_human_validation,False
referral-06be9444b527f8ae,2019-mex,Race,2019-10-27 13:51:52-07:00,2019-10-27 13:51:52-07:00,26|27,2,Turn 16,other,,71,71,investigation,investigation,1,"[""TURN 16 INCIDENT INVOLVING CARS 27 (HUL) AND 26 (KVY) UNDER INVESTIGATION""]",algorithmic_pending_human_validation,True
referral-935d3d3d111d1d5c,2019-mex,Race,2019-10-27 13:56:25-07:00,2019-10-27 13:56:25-07:00,26,1,,causing_collision,,71,71,sanction_announced,sanction_announced,1,"[""10 SECOND TIME PENALTY FOR CAR 26 (KVY) - CAUSING A COLLISION""]",algorithmic_pending_human_validation,False
referral-a5afee2a637f2470,2019-rus,Race,2019-09-29 04:20:15-07:00,2019-09-29 04:22:54-07:00,3|8|99,3,Turn 4,other,,3,5,noted|no_investigation,no_investigation,2,"[""TURN 4 INCIDENT INVOLVING CARS 3 (RIC), 99 (GIO) AND 8 (GRO) NOTED"", ""TURN 4 INCIDENT INVOLVING CARS 3 (RIC),99 (GIO)  AND 8 (GRO) - NO INVESTIGATION NECESSARY""]",algorithmic_pending_human_validation,False
referral-0e007ae32a35abd1,2019-rus,Race,2019-09-29 04:23:53-07:00,2019-09-29 04:29:42-07:00,7,1,,other,,5,9,investigation|sanction_announced,sanction_announced,2,"[""INCIDENT INVOLVING CAR 7 (RAI) UNDER INVESTIGATION - FALSE START"", ""DRIVE THROUGH PENALTY FOR CAR 7 (RAI) - FALSE START""]",algorithmic_pending_human_validation,False
referral-71c127df5541638e,2019-rus,Race,2019-09-29 04:29:19-07:00,2019-09-29 04:29:19-07:00,23,1,Turn 2,other,,9,9,noted,noted,1,"[""CAR 23 (ALB) MISSED THE APEX OF TURN 2 NOTED - NO LASTING ADVANTAGE GAINED""]",algorithmic_pending_human_validation,False
referral-af34e2af68bd050e,2019-rus,Race,2019-09-29 04:50:21-07:00,2019-09-29 04:50:21-07:00,27|99,2,Turn 2,other,,21,21,noted,noted,1,"[""TURN 2 INCIDENT INVOLVING CARS 27 (HUL) AND 99 (GIO) NOTED""]",algorithmic_pending_human_validation,False
referral-31cd15b7c9045a4e,2019-rus,Race,2019-09-29 05:17:11-07:00,2019-09-29 05:19:20-07:00,18|27,2,Turn 4,other,,35,36,noted|no_investigation,no_investigation,2,"[""TURN 4 INCIDENT INVOLVING CARS 27 (HUL) AND 18 (STR) NOTED "", ""TURN 4 INCIDENT INVOLVING CARS 27 (HUL) AND 18 (STR) - NO INVESTIGATION NECESSARY""]",algorithmic_pending_human_validation,False
referral-57fb8d6ad1e417c8,2019-rus,Race,2019-09-29 05:17:43-07:00,2019-09-29 05:20:15-07:00,26,1,Turn 2,other,,35,37,noted|no_investigation,no_investigation,2,"[""TURN 2 INCIDENT INVOLVING CAR 26 (KVY) NOTED"", ""TURN 2 INCIDENT INVOLVING CAR 26 (KVY) - NO INVESTIGATION NECESSARY""]",algorithmic_pending_human_validation,False
referral-24a16a9cbfe3b108,2019-rus,Race,2019-09-29 05:33:20-07:00,2019-09-29 05:35:31-07:00,20,1,Turn 2,track_limits,,45,46,noted|sanction_announced,sanction_announced,2,"[""TURN 2 INCIDENT INVOLVING CAR 20 (MAG) NOTED"", ""5 SECOND TIME PENALTY FOR CAR 20 (MAG) - LEAVING THE TRACK AT TURN 2""]",algorithmic_pending_human_validation,False
referral-9bdfaf17943e497d,2019-sgp,Race,2019-09-22 05:15:33-07:00,2019-09-22 05:29:52-07:00,8,1,Turn 1,other,1.0,2,9,noted|no_investigation,no_investigation,2,"[""TURN 1 INCIDENT INVOLVING CAR 8 (GRO) NOTED"", ""LAP 1, TURN 1 INCIDENT INVOLVING CAR 8 (GRO) - NO INVESTIGATION NECESSARY""]",algorithmic_pending_human_validation,False
referral-f9b1803598cb0ff8,2019-sgp,Race,2019-09-22 05:17:19-07:00,2019-09-22 05:26:05-07:00,27|55,2,Turn 5,other,1.0,2,7,noted|no_further_action,no_further_action,2,"[""LAP 1, TURN 5 INCIDENT INVOLVING CARS 27 (HUL) AND 55 (SAI) NOTED"", ""TURN 5 INCIDENT INVOLVING CARS 27 (HUL) AND 55 (SAI) - NO FURTHER ACTION ""]",algorithmic_pending_human_validation,True
referral-a5f53b0a634e484d,2019-sgp,Race,2019-09-22 06:08:31-07:00,2019-09-22 06:09:20-07:00,5|10,2,Turn 7,other,,31,31,noted|no_investigation,no_investigation,2,"[""TURN 7 INCIDENT INVOLVING CARS 5 (VET) AND 10 (GAS) NOTED"", ""TURN 7 INCIDENT INVOLVING CARS 5 (VET) AND 10 (GAS) - NO INVESTIGATION NECESSARY""]",algorithmic_pending_human_validation,False
referral-bb9fda4176baefe5,2019-sgp,Race,2019-09-22 06:15:18-07:00,2019-09-22 06:15:18-07:00,3|99,2,Turn 7,other,,34,34,noted,noted,1,"[""TURN 7 INCIDENT INVOLVING CARS 3 (RIC) AND 99 (GIO) NOTED""]",algorithmic_pending_human_validation,False
referral-5fdbc018f02e34db,2019-sgp,Race,2019-09-22 06:31:32-07:00,2019-09-22 06:35:32-07:00,8|63,2,Turn 8,other,,41,43,noted|investigation|post_session_investigation,post_session_investigation,3,"[""TURN 8 INCIDENT INVOLVING CARS 8 (GRO) AND 63 (RUS) NOTED"", ""TURN 8 INCIDENT INVOLVING CARS 8 (GRO) AND 63 (RUS) UNDER INVESTIGATION"", ""TURN 8 INCIDENT INVOLVING CARS 8 (GRO) AND 63 (RUS) WILL BE INVESTIGATED AFTER THE RACE""]",algorithmic_pending_human_validation,True
referral-0f5e54c647f5bf60,2019-sgp,Race,2019-09-22 06:32:41-07:00,2019-09-22 06:32:41-07:00,3|99,2,Turn 7,other,,42,42,no_investigation,no_investigation,1,"[""TURN 7 INCIDENT INVOLVING CARS 3 (RIC) AND 99 (GIO) - NO INVESTIGATION NECESSARY""]",algorithmic_pending_human_validation,False
referral-5c57406ea91e2a3c,2019-sgp,Race,2019-09-22 06:34:33-07:00,2019-09-22 06:34:33-07:00,99,1,Turn 8,other,,43,43,post_session_investigation,post_session_investigation,1,"[""TURN 8 INCIDENT INVOLVING CAR 99 (GIO) WILL BE INVESTIGATED AFTER THE RACE""]",algorithmic_pending_human_validation,False
referral-ab30fc15c6ead7d4,2019-sgp,Race,2019-09-22 06:55:44-07:00,2019-09-22 06:55:44-07:00,7|26,2,Turn 1,other,,52,52,post_session_investigation,post_session_investigation,1,"[""TURN 1 INCIDENT INVOLVING CARS 7 (RAI) AND 26 (KVY) WILL BE INVESTIGATED AFTER THE RACE""]",algorithmic_pending_human_validation,True
referral-693d171ad0182cef,2019-usa,Race,2019-11-03 11:15:30-08:00,2019-11-03 11:18:42-08:00,23|55,2,Turn 1,other,,2,4,noted|investigation|no_further_action,no_further_action,3,"[""TURN 1 INCIDENT INVOLVING CARS 55 (SAI) AND 23 (ALB) NOTED"", ""TURN 1 INCIDENT INVOLVING CARS 55 (SAI) AND 23 (ALB) UNDER INVESTIGATION"", ""TURN 1 INCIDENT INVOLVING CARS 55 (SAI) AND 23 (ALB) - NO FURTHER ACTION ""]",algorithmic_pending_human_validation,True
referral-a346166d6e20bf24,2019-usa,Race,2019-11-03 12:29:25-08:00,2019-11-03 12:29:48-08:00,7|27,2,Turn 15,gaining_advantage_off_track,,46,46,noted|no_investigation,no_investigation,2,"[""TURN 15 INCIDENT INVOLVING CARS 27 (HUL) AND 7 (RAI) NOTED - LEAVING THE TRACK AND GAINING AN ADVANTAGE"", ""TURN 15 INCIDENT INVOLVING CARS 27 (HUL) AND 7 (RAI) - NO INVESTIGATION NECESSARY""]",algorithmic_pending_human_validation,False
referral-b7b1c1628ee7b46b,2019-usa,Race,2019-11-03 12:48:16-08:00,2019-11-03 12:53:53-08:00,11|26,2,Turn 12,causing_collision,,56,56,noted|sanction_announced,sanction_announced,2,"[""TURN 12 INCIDENT INVOLVING CARS 11 (PER) AND 26 (KVY) NOTED - CAUSING A COLLISION"", ""5 SECOND TIME PENALTY FOR CAR 26 (KVY) - CAUSING A COLLISION""]",algorithmic_pending_human_validation,True
referral-bde315d87c5c4d6c,2019-usa,Race,2019-11-03 12:50:01-08:00,2019-11-03 12:50:01-08:00,11,1,Turn 15,causing_collision,,56,56,investigation,investigation,1,"[""TURN 15 INCIDENT INVOLVING CAR 11 (PER) UNDER INVESTIGATION - CAUSING A COLLISION""]",algorithmic_pending_human_validation,False
referral-ab2d73fb32c23519,2020-70a,Race,2020-08-09 06:42:32-07:00,2020-08-09 06:54:04-07:00,6|8|20,3,Turn 15,other,,20,27,noted|investigation|sanction_announced,sanction_announced,4,"[""TURN 15 INCIDENT INVOLVING CARS 20 (MAG) AND 8 (GRO) NOTED"", ""CORRECTION: TURN 15 INCIDENT INVOLVING CARS 20 (MAG) AND 6 (LAT) NOTED"", ""TURN 15 INCIDENT INVOLVING CARS 20 (MAG) AND 6 (LAT) UNDER INVESTIGATION"", ""5 SECOND TIME PENALTY FOR CAR 20 (MAG) - INCIDENT AT TURN 15""]",algorithmic_pending_human_validation,True
referral-533a77551b8c7efd,2020-abu,Race,2020-12-13 05:43:40-08:00,2020-12-13 05:43:40-08:00,55,1,Pit Lane,other,,16,16,investigation,investigation,1,"[""PIT LANE INCIDENT INVOLVING CAR 55 (SAI) UNDER INVESTIGATION - DRIVING UNNECESSARILY SLOWLY""]",algorithmic_pending_human_validation,False
referral-26e3aef34fb773de,2020-abu,Race,2020-12-13 06:01:29-08:00,2020-12-13 06:01:29-08:00,55,1,Pit Lane,other,,27,27,post_session_investigation,post_session_investigation,1,"[""PIT LANE INCIDENT INVOLVING CAR 55 (SAI) WILL BE INVESTIGATED AFTER THE RACE""]",algorithmic_pending_human_validation,False
referral-f1cbb337589beaa9,2020-aut,Race,2020-07-05 06:14:17-07:00,2020-07-05 06:14:17-07:00,,0,Turn 1,track_limits,,2,2,no_investigation,no_investigation,1,"[""LAP 1, TURN 1 - TRACK LIMITS, NO INVESTIGATION NECESSARY""]",algorithmic_pending_human_validation,False
referral-13e774a5dafe35b2,2020-aut,Race,2020-07-05 06:51:58-07:00,2020-07-05 06:54:53-07:00,4|11,2,Pit Lane,other,,31,34,noted|no_investigation,no_investigation,2,"[""PIT LANE INCIDENT INVOLVING CARS 11 (PER) AND 4 (NOR) NOTED"", ""PIT LANE INCIDENT INVOLVING CARS 11 (PER) AND 4 (NOR) NOTED - NO INVESTIGATION NECESSARY""]",algorithmic_pending_human_validation,False
referral-8c79971bda395860,2020-aut,Race,2020-07-05 06:52:38-07:00,2020-07-05 06:54:03-07:00,5|55,2,Turn 3,other,,32,33,noted|no_investigation,no_investigation,2,"[""TURN 3 INCIDENT INVOLVING CARS 5 (VET) AND 55 (SAI) NOTED"", ""TURN 3 INCIDENT INVOLVING CARS 5 (VET) AND 55 (SAI) - NO INVESTIGATION NECESSARY""]",algorithmic_pending_human_validation,False
referral-4f2acd9877c92ee0,2020-aut,Race,2020-07-05 07:33:00-07:00,2020-07-05 07:37:14-07:00,23|44,2,Turn 4,causing_collision,,62,66,noted|investigation|sanction_announced,sanction_announced,3,"[""TURN 4 INCIDENT INVOLVING CARS 44 (HAM) AND 23 (ALB) NOTED"", ""TURN 4 INCIDENT INVOLVING CARS 23 (ALB) AND 44 (HAM) UNDER INVESTIGATION - CAUSING A COLLISION"", ""5 SECOND TIME PENALTY FOR CAR 44 (HAM) - CAUSING A COLLISION""]",algorithmic_pending_human_validation,True
referral-4424e79d12f505cb,2020-aut,Race,2020-07-05 07:38:53-07:00,2020-07-05 07:38:53-07:00,7,1,,other,,67,67,post_session_investigation,post_session_investigation,1,"[""PIT STOP INCIDENT INVOLVING CAR 7 (RAI) WILL BE INVESTIGATED AFTER THE RACE""]",algorithmic_pending_human_validation,False
referral-54db0c188fcb9c5e,2020-aut,Race,2020-07-05 07:39:44-07:00,2020-07-05 07:39:44-07:00,11,1,Pit Lane,other,,68,68,sanction_announced,sanction_announced,1,"[""5 SECOND TIME PENALTY FOR CAR 11 (PER) - SPEEDING IN THE PIT LANE""]",algorithmic_pending_human_validation,False
referral-7c83aab5d756d019,2020-bhr,Race,2020-11-29 06:34:21-08:00,2020-11-29 06:34:21-08:00,,0,,other,,2,2,sanction_announced,sanction_announced,1,"[""A 10 MINUTE WARNING WILL BE GIVEN PRIOR TO THE RACE RESUMPTION""]",algorithmic_pending_human_validation,False
referral-c369b6c3f1ce4353,2020-bhr,Race,2020-11-29 07:55:55-08:00,2020-11-29 08:00:06-08:00,16|18|26,3,Turn 8,causing_collision,,10,13,investigation|sanction_announced,sanction_announced,3,"[""TURN 8 INCIDENT INVOLVING CARS 26 (KVY) AND 16 (LEC) UNDER INVESTIGATION - CAUSING A COLLISION"", ""CORRECTION: TURN 8 INCIDENT INVOLVING CARS 26 (KVY) AND 18 (STR) UNDER INVESTIGATION - CAUSING A COLLISION"", ""10 SECOND TIME PENALTY FOR CAR 26 (KVY) - CAUSING A COLLISION""]",algorithmic_pending_human_validation,True
referral-d43f9181d63eae4a,2020-eif,Race,2020-10-11 05:23:41-07:00,2020-10-11 05:24:17-07:00,3|16,2,Turn 1,track_limits,,7,8,noted|no_investigation,no_investigation,2,"[""TURN 1 INCIDENT INVOLVING CARS 3 (RIC) AND 16 (LEC) NOTED - LEAVING THE TRACK"", ""TURN 1 INCIDENT INVOLVING CARS 3 (RIC) AND 16 (LEC) - NO INVESTIGATION NECESSARY""]",algorithmic_pending_human_validation,False
referral-9d11f86984796490,2020-eif,Race,2020-10-11 05:34:58-07:00,2020-10-11 05:44:14-07:00,7|63,2,Turn 1,causing_collision,,15,20,investigation|sanction_announced,sanction_announced,2,"[""TURN 1 INCIDENT INVOLVING CARS 7 (RAI) AND 63 (RUS)  UNDER INVESTIGATION - CAUSING A COLLISION"", ""10 SECOND TIME PENALTY FOR CAR 7 (RAI) - CAUSING A COLLISION""]",algorithmic_pending_human_validation,True
referral-2b30f84b57227347,2020-eif,Race,2020-10-11 05:43:51-07:00,2020-10-11 05:48:51-07:00,23|26,2,Turn 14,causing_collision,,20,23,investigation|sanction_announced,sanction_announced,2,"[""TURN 14 INCIDENT INVOLVING CARS 23 (ALB) AND 26 (KVY) UNDER INVESTIGATION - CAUSING A COLLISION"", ""5 SECOND TIME PENALTY FOR CAR 23 (ALB) - CAUSING A COLLISION""]",algorithmic_pending_human_validation,True
referral-51eae8a65f6f76bb,2020-eif,Race,2020-10-11 06:44:08-07:00,2020-10-11 06:44:08-07:00,5|20,2,Turn 1,other,,57,57,no_investigation,no_investigation,1,"[""TURN 1 INCIDENT INVOLVING CARS 5 (VET) AND 20 (MAG) NOTED - NO INVESTIGATION NECESSARY""]",algorithmic_pending_human_validation,False
referral-d4b42208d21c7a44,2020-emi,Race,2020-11-01 04:17:31-08:00,2020-11-01 04:32:29-08:00,5|20,2,Turn 7,causing_collision,1.0,4,15,noted|investigation|no_further_action,no_further_action,3,"[""LAP1, TURN 7 INCIDENT INVOLVING CARS 5 (VET) AND 20 (MAG) NOTED"", ""LAP 1,TURN 7 INCIDENT INVOLVING CARS 5 (VET) AND 20 (MAG) UNDER INVESTIGATION - CAUSING A COLLISION"", ""TURN 7 INCIDENT INVOLVING CARS 5 (VET) AND 20 (MAG) - NO FURTHER ACTION ""]",algorithmic_pending_human_validation,True
referral-29c07a4e57229f14,2020-emi,Race,2020-11-01 05:37:15-08:00,2020-11-01 05:39:25-08:00,6|8,2,Turn 4,other,,60,62,noted|no_investigation,no_investigation,2,"[""TURN 4 INCIDENT INVOLVING CARS 6 (LAT) AND 8 (GRO) NOTED"", ""TURN 4 INCIDENT INVOLVING CARS 6 (LAT) AND 8 (GRO) - NO INVESTIGATION NECESSARY""]",algorithmic_pending_human_validation,False
referral-8a968f6407780cb0,2020-emi,Race,2020-11-01 05:42:35-08:00,2020-11-01 05:42:35-08:00,8,1,,track_limits,,63,63,sanction_announced,sanction_announced,1,"[""5 SECOND TIME PENALTY FOR CAR 8 (GRO) - TRACK LIMITS""]",algorithmic_pending_human_validation,False
referral-cabb6cf84daa63d5,2020-esp,Race,2020-08-16 07:23:37-07:00,2020-08-16 07:27:14-07:00,11,1,,blue_flags,,51,53,investigation|sanction_announced,sanction_announced,2,"[""INCIDENT INVOLVING CAR 11 (PER) UNDER INVESTIGATION - IGNORING BLUE FLAGS"", ""5 SECOND TIME PENALTY FOR CAR 11 (PER) - IGNORING BLUE FLAGS""]",algorithmic_pending_human_validation,False
referral-59a185f895d478ab,2020-esp,Race,2020-08-16 07:27:55-07:00,2020-08-16 07:30:36-07:00,26,1,,blue_flags,,54,56,investigation|sanction_announced,sanction_announced,2,"[""INCIDENT INVOLVING CAR 26 (KVY) UNDER INVESTIGATION - IGNORING BLUE FLAGS"", ""5 SECOND TIME PENALTY FOR CAR 26 (KVY) - IGNORING BLUE FLAGS""]",algorithmic_pending_human_validation,False
referral-dd666b9e2f8de522,2020-esp,Race,2020-08-16 07:39:22-07:00,2020-08-16 07:42:20-07:00,8|20|99,3,Turn 2,other,,62,64,noted|investigation,investigation,3,"[""TURN 2 INCIDENT INVOLVING CARS 20 (MAG) AND 99 (GIO) NOTED"", ""CORRECTION: TURN 2 INCIDENT INVOLVING CARS 8 (GRO) AND 99 (GIO) NOTED"", ""TURN 2 INCIDENT INVOLVING CARS 8 (GRO) AND 99 (GIO) UNDER INVESTIGATION""]",algorithmic_pending_human_validation,True
referral-24694eab8506551b,2020-gbr,Race,2020-08-02 06:26:28-07:00,2020-08-02 06:26:28-07:00,20|23,2,Turn 18,causing_collision,,7,7,investigation,investigation,1,"[""TURN 18 INCIDENT INVOLVING CARS 23 (ALB) AND 20 (MAG) UNDER INVESTIGATION - CAUSING A COLLISION""]",algorithmic_pending_human_validation,True
referral-57e66743aec765aa,2020-gbr,Race,2020-08-02 06:50:34-07:00,2020-08-02 06:50:34-07:00,23,1,,causing_collision,,19,19,sanction_announced,sanction_announced,1,"[""5 SECOND TIME PENALTY FOR CAR 23 (ALB) - CAUSING A COLLISION""]",algorithmic_pending_human_validation,False
referral-d1b0b029cfc2e5f8,2020-gbr,Race,2020-08-02 06:58:19-07:00,2020-08-02 06:58:19-07:00,8|55,2,Turn 15,other,,24,24,noted,noted,1,"[""TURN 15 INCIDENT INVOLVING CARS 8 (GRO) AND 55 (SAI) NOTED""]",algorithmic_pending_human_validation,False
referral-38eb43147417e4c0,2020-gbr,Race,2020-08-02 07:09:16-07:00,2020-08-02 07:15:22-07:00,99,1,,other,,31,35,investigation|sanction_announced,sanction_announced,2,"[""INCIDENT INVOLVING CAR 99 (GIO) UNDER INVESTIGATION - SAFETY CAR INFRINGEMENT"", ""5 SECOND TIME PENALTY FOR CAR 99 (GIO) - SAFETY CAR INFRINGEMENT""]",algorithmic_pending_human_validation,False
referral-4b6f55e5f67fa720,2020-gbr,Race,2020-08-02 07:19:09-07:00,2020-08-02 07:27:54-07:00,3|8,2,Turn 6,moving_under_braking,,38,44,noted|post_session_investigation,post_session_investigation,2,"[""TURN 6 INCIDENT INVOLVING CARS 8 (GRO) AND 3 (RIC) NOTED - MOVING UNDER BRAKING"", ""TURN 6 INCIDENT INVOLVING CARS 8 (GRO) AND 3 (RIC) WILL BE INVESTIGATED AFTER THE RACE - MOVING UNDER BRAKING""]",algorithmic_pending_human_validation,True
referral-8e72987dc7855475,2020-gbr,Race,2020-08-02 07:26:16-07:00,2020-08-02 07:27:03-07:00,5|10,2,Turn 15,gaining_advantage_off_track,,43,43,noted|no_investigation,no_investigation,2,"[""TURN 15 INCIDENT INVOLVING CARS 10 (GAS) AND 5 (VET) NOTED - LEAVING THE TRACK AND GAINING AN ADVANTAGE"", ""TURN 15 INCIDENT INVOLVING CARS 10 (GAS) AND 5 (VET) - NO INVESTIGATION NECESSARY""]",algorithmic_pending_human_validation,False
referral-662fc2d3167a5210,2020-hun,Race,2020-07-19 06:18:36-07:00,2020-07-19 06:23:25-07:00,7,1,,other,,4,7,investigation|sanction_announced,sanction_announced,2,"[""INCIDENT INVOLVING CAR 7 (RAI) UNDER INVESTIGATION - OUT OF POSITION AT THE START"", ""5 SECOND TIME PENALTY FOR CAR 7 (RAI) - OUT OF POSITION ON THE GRID""]",algorithmic_pending_human_validation,False
referral-ad8e5d7630f3df8e,2020-hun,Race,2020-07-19 06:20:53-07:00,2020-07-19 06:27:25-07:00,6|55,2,Pit Lane,unsafe_release,,5,10,noted|investigation|sanction_announced,sanction_announced,3,"[""PIT LANE INCIDENT INVOLVING CARS 6 (LAT) AND 55 (SAI) NOTED"", ""INCIDENT INVOLVING CARS 6 (LAT) AND 55 (SAI) UNDER INVESTIGATION - UNSAFE RELEASE"", ""5 SECOND TIME PENALTY FOR CAR 6 (LAT) - UNSAFE RELEASE""]",algorithmic_pending_human_validation,False
referral-83878e66d84e44ae,2020-ita,Race,2020-09-06 06:15:52-07:00,2020-09-06 06:19:43-07:00,8|10|23,3,Turn 1,other,,2,5,noted|no_investigation|investigation,no_investigation,4,"[""LAP1, TURN 1 INCIDENT INVOLVING CARS 23 (ALB) AND 10 (GAS) NOTED"", ""LAP2, TURN 1 INCIDENT INVOLVING CARS 23 (ALB) AND 8 (GRO) NOTED"", ""TURN 1 INCIDENT INVOLVING CARS 10 (GAS) AND 23 (ALB) - NO INVESTIGATION NECESSARY"", ""TURN 1 INCIDENT INVOLVING CARS 8 (GRO) AND 23 (ALB) UNDER INVESTIGATION""]",algorithmic_pending_human_validation,True
referral-3a23caca7773827f,2020-ita,Race,2020-09-06 06:23:43-07:00,2020-09-06 06:23:43-07:00,23,1,,other,,8,8,sanction_announced,sanction_announced,1,"[""5 SECOND TIME PENALTY FOR CAR 23 (ALB) - FAILING TO LEAVE A CAR WIDTH TO THE EDGE OF THE TRACK""]",algorithmic_pending_human_validation,False
referral-22fc69f8d6b83ccd,2020-ita,Race,2020-09-06 06:44:19-07:00,2020-09-06 06:57:23-07:00,44|99,2,Pit Lane,other,,21,27,investigation|sanction_announced,sanction_announced,4,"[""INCIDENT INVOLVING CARS 44 (HAM) AND 99 (GIO) UNDER INVESTIGATION - ENTERING THE PIT LANE WHEN CLOSED"", ""CORRECTION: INCIDENT INVOLVING CARS 44 (HAM) AND 99 (GIO) UNDER INVESTIGATION - ENTERING THE PIT LANE WHEN CLOSED"", ""10 SECOND STOP/GO PENALTY FOR CAR 99 (GIO) - ENTERING THE PIT LANE WHEN CLOSED"", ""10 SECOND STOP/GO PENALTY FOR CAR 44 (HAM) - ENTERING THE PIT LANE WHEN CLOSED""]",algorithmic_pending_human_validation,False
referral-b7d499787e878100,2020-ita,Race,2020-09-06 06:59:05-07:00,2020-09-06 06:59:05-07:00,4,1,Pit Lane,other,,27,27,investigation,investigation,1,"[""INCIDENT INVOLVING CAR 4 (NOR) UNDER INVESTIGATION - DRIVING UNNECESSARILY SLOWING WHEN ENTERING PIT LANE""]",algorithmic_pending_human_validation,False
referral-63f5663b31d49ae9,2020-ita,Race,2020-09-06 07:05:47-07:00,2020-09-06 07:05:47-07:00,11|33,2,Turn 1,other,,27,27,noted,noted,1,"[""TURN 1 INCIDENT INVOLVING CARS 11 (PER) AND 33 (VER) NOTED""]",algorithmic_pending_human_validation,False
referral-04b714fc5f30bf75,2020-ita,Race,2020-09-06 07:14:46-07:00,2020-09-06 07:14:46-07:00,4,1,,other,,27,27,no_further_action,no_further_action,1,"[""INCIDENT INVOLVING CAR 4 (NOR) - NO FURTHER ACTION ""]",algorithmic_pending_human_validation,False
referral-875eb8d9bcba4b05,2020-ita,Race,2020-09-06 07:23:15-07:00,2020-09-06 07:27:42-07:00,11|33,2,Turn 1,other,,28,30,investigation|no_further_action,no_further_action,2,"[""TURN 1 INCIDENT INVOLVING CARS 11 (PER) AND 33 (VER) UNDER INVESTIGATION"", ""TURN 1 INCIDENT INVOLVING CARS 11 (PER) AND 33 (VER) - NO FURTHER ACTION ""]",algorithmic_pending_human_validation,True
referral-5d2b943481699d50,2020-por,Race,2020-10-25 06:16:29-07:00,2020-10-25 06:21:03-07:00,11|33,2,Turn 4,other,,3,6,noted|no_investigation,no_investigation,2,"[""TURN 4 INCIDENT INVOLVING CARS 11 (PER) AND 33 (VER) NOTED"", ""TURN 4 INCIDENT INVOLVING CARS 11 (PER) AND 33 (VER) - NO INVESTIGATION NECESSARY""]",algorithmic_pending_human_validation,False
referral-a82360ea8c04197a,2020-por,Race,2020-10-25 06:38:41-07:00,2020-10-25 06:45:07-07:00,4|18,2,Turn 1,causing_collision,,19,24,noted|investigation|sanction_announced,sanction_announced,3,"[""TURN 1 INCIDENT INVOLVING CARS 4 (NOR) AND 18 (STR) NOTED"", ""TURN 1 INCIDENT INVOLVING CARS 4 (NOR) AND 18 (STR) UNDER INVESTIGATION - CAUSING A COLLISION"", ""5 SECOND TIME PENALTY FOR CAR 18 (STR) - CAUSING A COLLISION""]",algorithmic_pending_human_validation,True
referral-da69ec5059f769c0,2020-por,Race,2020-10-25 06:54:26-07:00,2020-10-25 06:54:26-07:00,18,1,,track_limits,,30,30,sanction_announced,sanction_announced,1,"[""5 SECOND TIME PENALTY FOR CAR 18 (STR) - TRACK LIMITS""]",algorithmic_pending_human_validation,False
referral-83873bb5f6bdb132,2020-por,Race,2020-10-25 07:09:24-07:00,2020-10-25 07:09:24-07:00,8,1,,track_limits,,41,41,sanction_announced,sanction_announced,1,"[""5 SECOND TIME PENALTY FOR CAR 8 (GRO) - TRACK LIMITS""]",algorithmic_pending_human_validation,False
referral-21087f8d52270901,2020-por,Race,2020-10-25 07:14:25-07:00,2020-10-25 07:20:15-07:00,26,1,,blue_flags,,45,49,investigation|no_further_action,no_further_action,2,"[""INCIDENT INVOLVING CAR 26 (KVY) UNDER INVESTIGATION - IGNORING BLUE FLAGS"", ""INCIDENT INVOLVING CAR 26 (KVY) - NO FURTHER ACTION ""]",algorithmic_pending_human_validation,False
referral-eea5a3c2e25365da,2020-por,Race,2020-10-25 07:27:31-07:00,2020-10-25 07:27:31-07:00,26,1,,track_limits,,55,55,sanction_announced,sanction_announced,1,"[""5 SECOND TIME PENALTY FOR CAR 26 (KVY) - TRACK LIMITS""]",algorithmic_pending_human_validation,False
referral-9717556cd27c9efb,2020-por,Race,2020-10-25 07:40:15-07:00,2020-10-25 07:42:13-07:00,10|11,2,Turn 1,other,,64,66,noted|post_session_investigation,post_session_investigation,2,"[""TURN 1 INCIDENT INVOLVING CARS 11 (PER) AND 10 (GAS) NOTED"", ""TURN 1 INCIDENT INVOLVING CARS 10 (GAS) AND 11 (PER) WILL BE INVESTIGATED AFTER THE RACE""]",algorithmic_pending_human_validation,False
referral-10df8823c36c4cd5,2020-rus,Race,2020-09-27 03:42:00-07:00,2020-09-27 03:42:00-07:00,44,1,,other,,1,1,investigation,investigation,1,"[""INCIDENT INVOLVING CAR 44 (HAM) UNDER INVESTIGATION - PRACTICE START OUTSIDE OF THE DESIGNATED AREA""]",algorithmic_pending_human_validation,False
referral-f77b3d21939ae87d,2020-rus,Race,2020-09-27 04:29:35-07:00,2020-09-27 04:30:13-07:00,44,1,,other,,7,7,sanction_announced,sanction_announced,2,"[""5 SECOND TIME PENALTY FOR CAR 44 (HAM) - PRACTICE START VIOLATION 1"", ""5 SECOND TIME PENALTY FOR CAR 44 (HAM) - PRACTICE START VIOLATION 2""]",algorithmic_pending_human_validation,False
referral-dfd603fce75cddf1,2020-rus,Race,2020-09-27 04:31:28-07:00,2020-09-27 04:32:37-07:00,16|18,2,Turn 4,other,,8,9,noted|no_investigation,no_investigation,2,"[""TURN 4 INCIDENT INVOLVING CARS 16 (LEC) AND 18 (STR) NOTED"", ""TURN 4 INCIDENT INVOLVING CARS 16 (LEC) AND 18 (STR) - NO INVESTIGATION NECESSARY""]",algorithmic_pending_human_validation,False
referral-afdc4a06530c709e,2020-rus,Race,2020-09-27 04:33:47-07:00,2020-09-27 04:35:28-07:00,11,1,Turn 2,other,,9,10,noted|no_investigation,no_investigation,2,"[""TURN 2 INCIDENT INVOLVING CAR 11 (PER) NOTED - FAILING TO FOLLOW THE RACE DIRECTORS INSTRUCTIONS"", ""TURN 2 INCIDENT INVOLVING CAR 11 (PER) - NO INVESTIGATION NECESSARY""]",algorithmic_pending_human_validation,False
referral-7324a9594271f001,2020-rus,Race,2020-09-27 05:02:28-07:00,2020-09-27 05:05:05-07:00,3,1,Turn 2,other,,26,28,investigation|sanction_announced,sanction_announced,2,"[""TURN 2 INCIDENT INVOLVING CAR 3 (RIC) UNDER INVESTIGATION - FAILING TO FOLLOW THE RACE DIRECTORS INSTRUCTIONS"", ""5 SECOND TIME PENALTY FOR CAR 3 (RIC) - FAILING TO FOLLOW THE RACE DIRECTORS INSTRUCTIONS""]",algorithmic_pending_human_validation,False
referral-cc5c0ed06e9d54fd,2020-rus,Race,2020-09-27 05:28:41-07:00,2020-09-27 05:37:15-07:00,5|8,2,Turn 2,other,,42,47,noted|investigation|no_further_action,no_further_action,3,"[""TURN 2 INCIDENT INVOLVING CARS 8 (GRO) AND 5 (VET) NOTED"", ""TURN 2 INCIDENT INVOLVING CAR 8 (GRO) UNDER INVESTIGATION - FAILING TO FOLLOW THE RACE DIRECTORS INSTRUCTIONS"", ""TURN 2 INCIDENT INVOLVING CAR 8 (GRO) - NO FURTHER ACTION ""]",algorithmic_pending_human_validation,False
referral-8b8c0773437dda4b,2020-rus,Race,2020-09-27 05:43:59-07:00,2020-09-27 05:48:09-07:00,23,1,Turn 2,other,,51,53,investigation|sanction_announced,sanction_announced,2,"[""TURN 2 INCIDENT INVOLVING CAR 23 (ALB) UNDER INVESTIGATION - FAILING TO FOLLOW THE RACE DIRECTORS INSTRUCTIONS"", ""5 SECOND TIME PENALTY FOR CAR 23 (ALB) - FAILING TO FOLLOW RACE DIRECTORS INSTRUCTIONS""]",algorithmic_pending_human_validation,False
referral-8bdc3080b6a0d7d2,2020-skh,Race,2020-12-06 09:16:09-08:00,2020-12-06 09:22:28-08:00,11|16|33,3,Turn 4,other,,3,7,noted|post_session_investigation,post_session_investigation,2,"[""TURN 4 INCIDENT INVOLVING CARS 11 (PER),16 (LEC) AND 33 (VER) NOTED"", ""TURN 4 INCIDENT INVOLVING CARS 11 (PER), 16 (LEC) AND 33 (VER) WILL BE INVESTIGATED AFTER THE RACE""]",algorithmic_pending_human_validation,True
referral-4008f9f17c45c034,2020-skh,Race,2020-12-06 09:46:55-08:00,2020-12-06 09:47:33-08:00,10|55,2,Pit Lane,other,,33,33,noted|no_investigation,no_investigation,2,"[""PIT LANE INCIDENT INVOLVING CARS 55 (SAI) AND 10 (GAS) NOTED"", ""PIT LANE INCIDENT INVOLVING CARS 55 (SAI) AND 10 (GAS)  - NO INVESTIGATION NECESSARY""]",algorithmic_pending_human_validation,False
referral-22803c3d772f6978,2020-skh,Race,2020-12-06 10:13:37-08:00,2020-12-06 10:27:45-08:00,5|99,2,Pit Lane,other,,60,70,noted|no_investigation,no_investigation,2,"[""PIT LANE INCIDENT INVOLVING CARS 5 (VET) AND 99 (GIO) NOTED"", ""PIT LAN INCIDENT INVOLVING CARS 5 (VET) AND 99 (GIO) NOTED - NO INVESTIGATION NECESSARY""]",algorithmic_pending_human_validation,False
referral-9d5a49f3c01e7d31,2020-skh,Race,2020-12-06 10:37:59-08:00,2020-12-06 10:37:59-08:00,63,1,,other,,81,81,post_session_investigation,post_session_investigation,1,"[""INCIDENT INVOLVING CAR 63 (RUS) WILL BE INVESTIGATED AFTER THE RACE - INCORRECT TYRES""]",algorithmic_pending_human_validation,False
referral-79d6519402da8e41,2020-sty,Race,2020-07-12 06:17:33-07:00,2020-07-12 06:21:14-07:00,5|16,2,Turn 3,other,1.0,3,6,noted|no_investigation,no_investigation,2,"[""LAP 1, TURN 3 INCIDENT INVOLVING CARS 5 (VET) AND 16 (LEC) NOTED"", ""INCIDENT INVOLVING CARS 5 (VET) AND 16 (LEC) - NO INVESTIGATION NECESSARY""]",algorithmic_pending_human_validation,False
referral-c5c6eba7828e2b52,2020-sty,Race,2020-07-12 07:37:15-07:00,2020-07-12 07:41:29-07:00,3|18,2,Turn 3,other,,71,71,noted|investigation,investigation,2,"[""TURN 3 INCIDENT INVOLVING CARS 18 (STR) AND 3 (RIC) NOTED"", ""TURN 3 INCIDENT INVOLVING CARS 18 (STR) AND 3 (RIC) UNDER INVESTIGATION""]",algorithmic_pending_human_validation,True
referral-c65f1a4ee1fdd96b,2020-tur,Race,2020-11-15 02:15:16-08:00,2020-11-15 02:15:16-08:00,,0,Turn 1,other,,1,1,noted,noted,1,"[""TURN 1 INCIDENT NOTED""]",algorithmic_pending_human_validation,False
referral-72f7104eb29de5fb,2020-tur,Race,2020-11-15 02:52:07-08:00,2020-11-15 03:02:57-08:00,33,1,Pit Lane,other,,21,27,investigation|post_session_investigation,post_session_investigation,2,"[""INCIDENT INVOLVING CAR 33 (VER) UNDER INVESTIGATION - CROSSING THE LINE AT PIT EXIT"", ""CROSSING THE WHITE LINE INCIDENT INVOLVING CAR 33 (VER) WILL BE INVESTIGATED AFTER THE RACE""]",algorithmic_pending_human_validation,False
referral-93fb700a97d1dd1f,2020-tur,Race,2020-11-15 03:19:11-08:00,2020-11-15 03:19:11-08:00,20,1,Pit Lane,other,,37,37,post_session_investigation,post_session_investigation,1,"[""PIT LANE INCIDENT INVOLVING CAR 20 (MAG) WILL BE INVESTIGATED AFTER THE RACE""]",algorithmic_pending_human_validation,False
referral-15f4497bb063c4e8,2020-tur,Race,2020-11-15 03:27:14-08:00,2020-11-15 03:27:14-08:00,6|8,2,Turn 9,other,,41,41,noted,noted,1,"[""TURN 9 INCIDENT INVOLVING CARS 6 (LAT) AND 8 (GRO) NOTED""]",algorithmic_pending_human_validation,False
referral-18d003180a304b9d,2020-tus,Race,2020-09-13 06:16:52-07:00,2020-09-13 06:16:52-07:00,,0,Turn 2,other,,2,2,noted,noted,1,"[""TURN 2 INCIDENT NOTED""]",algorithmic_pending_human_validation,False
referral-3168b0e2e5a515c1,2020-tus,Race,2020-09-13 06:22:20-07:00,2020-09-13 06:34:18-07:00,7|8|10|16|33,5,Turn 2,causing_collision,,5,9,investigation|no_further_action,no_further_action,2,"[""TURN 2 INCIDENT INVOLVING CARS 7 (RAI), 8 (GRO),10 (GAS), 33 (VER) UNDER INVESTIGATION - CAUSING A COLLISION"", ""TURN 2 INCIDENT INVOLVING CARS 7 (RAI), 8 (GRO), 16 (LEC) AND 33 (VER) - NO FURTHER ACTION ""]",algorithmic_pending_human_validation,True
referral-1759a81d1a4bbb5d,2020-tus,Race,2020-09-13 06:23:11-07:00,2020-09-13 06:23:11-07:00,18|55,2,Turn 2,other,,5,5,no_investigation,no_investigation,1,"[""TURN 2 INCIDENT INVOLVING CARS 55 (SAI) AND 18 (STR) - NO INVESTIGATION NECESSARY""]",algorithmic_pending_human_validation,False
referral-cd1768654fe203e6,2020-tus,Race,2020-09-13 06:33:32-07:00,2020-09-13 06:33:32-07:00,6|20|99,3,,causing_collision,,9,9,investigation,investigation,1,"[""PIT STRAIGHT INCIDENT INVOLVING CARS 6 (LAT),20 (MAG) AND 99 (GIO) UNDER INVESTIGATION - CAUSING A COLLISION""]",algorithmic_pending_human_validation,False
referral-3df6655ec3fbf23a,2020-tus,Race,2020-09-13 06:54:29-07:00,2020-09-13 06:54:29-07:00,6|20|99,3,,other,,9,9,post_session_investigation,post_session_investigation,1,"[""PIT STRAIGHT INCIDENT INVOLVING CARS 6 (LAT), 20 (MAG) AND 99 (GIO) WILL BE INVESTIGATED AFTER THE RACE""]",algorithmic_pending_human_validation,False
referral-dd6498d8ba377c02,2020-tus,Race,2020-09-13 08:07:13-07:00,2020-09-13 08:16:08-07:00,7,1,Pit Lane,other,,46,47,investigation|sanction_announced,sanction_announced,2,"[""PIT ENTRY INCIDENT INVOLVING CAR 7 (RAI) UNDER INVESTIGATION"", ""5 SECOND TIME PENALTY FOR CAR 7 (RAI) - CROSSING THE LINE AT PIT ENTRY""]",algorithmic_pending_human_validation,False
referral-32d177a0bd4f7e22,2021-abu,Race,2021-12-12 05:06:19-08:00,2021-12-12 05:06:19-08:00,33|44,2,Turn 7,other,,2,2,no_investigation,no_investigation,1,"[""TURN 7 INCIDENT INVOLVING CARS 33 (VER) AND 44 (HAM) NO INVESTIGATION NECESSARY""]",algorithmic_pending_human_validation,False
referral-6aa7b4c6ded93431,2021-abu,Race,2021-12-12 06:00:41-08:00,2021-12-12 06:01:58-08:00,14|22,2,,other,,39,40,noted|no_investigation,no_investigation,2,"["" INCIDENT INVOLVING CARS 22 (TSU) AND 14 (ALO) NOTED"", "" INCIDENT INVOLVING CARS 22 (TSU) AND 14 (ALO) NO INVESTIGATION NECESSARY""]",algorithmic_pending_human_validation,False
referral-abe77f8e8e1a8898,2021-aut,Race,2021-07-04 06:10:38-07:00,2021-07-04 06:12:25-07:00,99,1,Pit Lane,other,,6,7,investigation|sanction_announced,sanction_announced,2,"[""PIT ENTRY INCIDENT INVOLVING CAR 99 (GIO) UNDER INVESTIGATION - OVERTAKING BEFORE SC LINE"", ""5 SECOND TIME PENALTY FOR CAR 99 (GIO) - OVERTAKING WHILE THE SAFETY CAR IS DEPLOYED ""]",algorithmic_pending_human_validation,False
referral-b6a22ea744297c56,2021-aut,Race,2021-07-04 06:13:30-07:00,2021-07-04 06:14:41-07:00,31,1,Turn 3,other,,8,9,noted|no_investigation,no_investigation,2,"[""TURN 3 INCIDENT INVOLVING CAR 31 (OCO) NOTED"", ""TURN 3 INCIDENT INVOLVING CAR 31 (OCO) NO INVESTIGATION NECESSARY""]",algorithmic_pending_human_validation,False
referral-3fdd612240185816,2021-aut,Race,2021-07-04 06:15:28-07:00,2021-07-04 06:18:48-07:00,4|11,2,Turn 4,other,,10,13,noted|investigation,investigation,2,"[""TURN 4 INCIDENT INVOLVING CARS 4 (NOR) AND 11 (PER) NOTED "", ""TURN 4 INCIDENT INVOLVING CARS 4 (NOR) AND 11 (PER) UNDER INVESTIGATION ""]",algorithmic_pending_human_validation,False
referral-4d3aa3694dc5c375,2021-aut,Race,2021-07-04 06:23:38-07:00,2021-07-04 06:29:32-07:00,22,1,Pit Lane,other,,17,22,investigation|sanction_announced,sanction_announced,2,"[""INCIDENT INVOLVING CAR 22 (TSU) UNDER INVESTIGATION - CROSSING WHITE LINE AT PIT ENTRY"", ""5 SECOND TIME PENALTY FOR CAR 22 (TSU) - CROSSING THE LINE AT PIT ENTRY""]",algorithmic_pending_human_validation,False
referral-975aa303d43077d5,2021-aut,Race,2021-07-04 06:26:58-07:00,2021-07-04 06:26:58-07:00,4,1,,forcing_off_track,,20,20,sanction_announced,sanction_announced,1,"[""5 SECOND TIME PENALTY FOR CAR 4 (NOR) - FORCING ANOTHER DRIVER OFF THE TRACK""]",algorithmic_pending_human_validation,True
referral-0574b825cbe7238b,2021-aut,Race,2021-07-04 06:52:37-07:00,2021-07-04 06:53:23-07:00,11|16,2,Turn 4,forcing_off_track,,42,42,investigation|sanction_announced,sanction_announced,2,"[""TURN 4 INCIDENT INVOLVING CARS 11 (PER) AND 16 (LEC) UNDER INVESTIGATION - FORCING ANOTHER DRIVER OFF THE TRACK"", ""5 SECOND TIME PENALTY FOR CAR 11 (PER) - FORCING ANOTHER DRIVER OFF THE TRACK""]",algorithmic_pending_human_validation,True
referral-4f7d8c57c76563e4,2021-aut,Race,2021-07-04 06:59:17-07:00,2021-07-04 07:04:14-07:00,11|16,2,Turn 6,forcing_off_track,,48,52,noted|investigation|sanction_announced,sanction_announced,3,"[""TURN 6 INCIDENT INVOLVING CARS 11 (PER) AND 16 (LEC) NOTED"", ""TURN 6 INCIDENT INVOLVING CARS 11 (PER) AND 16 (LEC) UNDER INVESTIGATION - FORCING ANOTHER DRIVER OFF THE TRACK"", ""5 SECOND TIME PENALTY FOR CAR 11 (PER) - FORCING ANOTHER DRIVER OFF THE TRACK""]",algorithmic_pending_human_validation,True
referral-db4ec8a6be51e375,2021-aut,Race,2021-07-04 07:06:28-07:00,2021-07-04 07:06:28-07:00,18,1,Pit Lane,other,,54,54,sanction_announced,sanction_announced,1,"[""5 SECOND TIME PENALTY FOR CAR 18 (STR) - SPEEDING IN THE PIT LANE""]",algorithmic_pending_human_validation,False
referral-8f1a65ba7d034bd0,2021-aut,Race,2021-07-04 07:07:55-07:00,2021-07-04 07:09:20-07:00,22,1,Pit Lane,other,,55,56,investigation|sanction_announced,sanction_announced,2,"[""CAR 22 (TSU) UNDER INVESTIGATION - CROSSING THE LINE AT PIT ENTRY"", ""5 SECOND TIME PENALTY FOR CAR 22 (TSU) - CROSSING THE LINE AT PIT ENTRY""]",algorithmic_pending_human_validation,False
referral-07ba0521d047f4a1,2021-aut,Race,2021-07-04 07:28:49-07:00,2021-07-04 07:30:37-07:00,5|7,2,Turn 5,causing_collision,,71,71,investigation|post_session_investigation,post_session_investigation,2,"[""TURN 5 INCIDENT INVOLVING CARS 7 (RAI) AND 5 (VET) UNDER INVESTIGATION - CAUSING A COLLISION"", ""TURN 5 INCIDENT INVOLVING CARS 5 (VET) AND 7 (RAI) WILL BE INVESTIGATED AFTER THE RACE""]",algorithmic_pending_human_validation,True
referral-c0f7e81c56f7b3f3,2021-aze,Race,2021-06-06 06:37:10-07:00,2021-06-06 06:37:10-07:00,6,1,Pit Lane,other,,49,49,investigation,investigation,1,"[""CAR 6 (LAT) UNDER INVESTIGATION - NOT USING PIT LANE""]",algorithmic_pending_human_validation,False
referral-a6ae0e84ac39f128,2021-aze,Race,2021-06-06 07:00:01-07:00,2021-06-06 07:00:01-07:00,,0,,other,,49,49,sanction_announced,sanction_announced,1,"[""10 MINUTE WARNING""]",algorithmic_pending_human_validation,False
referral-020317b5cdc09803,2021-aze,Race,2021-06-06 07:09:02-07:00,2021-06-06 07:09:02-07:00,6,1,Pit Lane,other,,49,49,sanction_announced,sanction_announced,1,"[""10 SECOND STOP/GO PENALTY FOR CAR 6 (LAT) AFTER RACE RESUMPTION- FAILING TO DRIVE THROUGH PIT LANE""]",algorithmic_pending_human_validation,False
referral-f48f058577e95d15,2021-bhr,Race,2021-03-28 08:17:34-07:00,2021-03-28 08:17:34-07:00,9,1,Turn 3,other,,5,5,noted,noted,1,"[""TURN 3 INCIDENT INVOLVING CAR 9 (MAZ) NOTED""]",algorithmic_pending_human_validation,False
referral-8891caa39fdc0272,2021-bhr,Race,2021-03-28 08:18:03-07:00,2021-03-28 08:21:27-07:00,10,1,Turn 4,other,,6,8,noted|no_investigation,no_investigation,2,"[""TURN 4 INCIDENT INVOLVING CAR 10 (GAS) NOTED"", ""TURN 4 INCIDENT INVOLVING CAR 10 (GAS) - NO INVESTIGATION NECESSARY""]",algorithmic_pending_human_validation,False
referral-c333a0c432aa1f64,2021-bhr,Race,2021-03-28 08:24:30-07:00,2021-03-28 08:24:30-07:00,4|16,2,Turn 4,other,,10,10,no_investigation,no_investigation,1,"[""TURN 4 INCIDENT INVOLVING CARS 4 (NOR) AND 16 (LEC) NOTED - NO INVESTIGATION NECESSARY""]",algorithmic_pending_human_validation,False
referral-d4f11c9cc5b2c052,2021-bhr,Race,2021-03-28 09:21:04-07:00,2021-03-28 09:31:14-07:00,5|31,2,Turn 1,causing_collision,,45,51,noted|investigation|sanction_announced,sanction_announced,3,"[""TURN 1 INCIDENT INVOLVING CARS 5 (VET) AND 31 (OCO) NOTED"", ""TURN 1 INCIDENT INVOLVING CARS 5 (VET) AND 31 (OCO) UNDER INVESTIGATION - CAUSING A COLLISION"", ""10 SECOND TIME PENALTY FOR CAR 5 (VET) - CAUSING A COLLISION""]",algorithmic_pending_human_validation,True
referral-d36fbbff660a7bd1,2021-emi,Race,2021-04-18 06:18:59-07:00,2021-04-18 06:22:15-07:00,33|44,2,Turn 2,other,1.0,8,10,noted|no_investigation,no_investigation,2,"[""LAP 1 TURN 2 INCIDENT INVOLVING CARS 33 (VER) AND 44 (HAM) NOTED "", ""LAP 1 - TURN 2 INCIDENT INVOLVING CARS 33 (VER) AND 44 (HAM) - NO INVESTIGATION NECESSARY""]",algorithmic_pending_human_validation,False
referral-2c1f8cabe518b3ae,2021-emi,Race,2021-04-18 06:23:03-07:00,2021-04-18 06:23:03-07:00,6|9,2,Turn 14,other,1.0,10,10,no_investigation,no_investigation,1,"[""LAP 1 - TURN 14 INCIDENT INVOLVING CARS 6 (LAT) AND 9 (MAZ) - NO INVESTIGATION NECESSARY""]",algorithmic_pending_human_validation,False
referral-8d54157b3a3cbad1,2021-emi,Race,2021-04-18 06:24:20-07:00,2021-04-18 06:25:23-07:00,11,1,Turn 9,other,,11,12,investigation|sanction_announced,sanction_announced,2,"[""TURN 9 INCIDENT INVOLVING CAR 11 (PER) UNDER INVESTIGATION - OVERTAKING WHILE THE SAFETY CAR IS DEPLOYED "", ""10 SECOND TIME PENALTY FOR CAR 11 (PER) - OVERTAKING WHILE THE SAFETY CAR IS DEPLOYED ""]",algorithmic_pending_human_validation,False
referral-1d896b0a3814f3e7,2021-emi,Race,2021-04-18 06:39:42-07:00,2021-04-18 06:39:42-07:00,5,1,,other,,22,22,sanction_announced,sanction_announced,1,"[""10 SECOND STOP/GO PENALTY FOR CAR 5 (VET) - WHEELS NOT FITTED AT THE 5 MINUTES SIGNAL""]",algorithmic_pending_human_validation,False
referral-7ad1cab1827db0a6,2021-emi,Race,2021-04-18 07:05:21-07:00,2021-04-18 07:05:21-07:00,63|77,2,Turn 2,other,,34,34,post_session_investigation,post_session_investigation,1,"[""TURN 2 INCIDENT INVOLVING CAR 77 (BOT) AND CAR 63 (RUS) WILL BE INVESTIGATED AFTER THE RACE""]",algorithmic_pending_human_validation,True
referral-8f8709715d77c59e,2021-emi,Race,2021-04-18 07:54:32-07:00,2021-04-18 07:54:32-07:00,7,1,,other,,55,55,post_session_investigation,post_session_investigation,1,"[""INCIDENT INVOLVING CAR 7 (RAI) WILL BE INVESTIGATED AFTER THE RACE - ROLLING START PROCEDURE INFRINGEMENT""]",algorithmic_pending_human_validation,False
referral-1cb96e78928eb749,2021-emi,Race,2021-04-18 07:54:50-07:00,2021-04-18 07:54:50-07:00,22,1,,track_limits,,55,55,sanction_announced,sanction_announced,1,"[""5 SECOND TIME PENALTY FOR CAR 22 (TSU) - TRACK LIMITS""]",algorithmic_pending_human_validation,False
referral-607f96c96ef54b52,2021-esp,Race,2021-05-09 06:08:22-07:00,2021-05-09 06:20:07-07:00,10,1,,other,,4,11,investigation|sanction_announced,sanction_announced,2,"[""INCIDENT INVOLVING CAR 10 (GAS) UNDER INVESTIGATION - OUT OF POSITION AT THE START"", ""5 SECOND TIME PENALTY FOR CAR 10 (GAS) - OUT OF POSITION AT THE START""]",algorithmic_pending_human_validation,False
referral-b037bce259c35fdf,2021-esp,Race,2021-05-09 07:30:16-07:00,2021-05-09 07:30:16-07:00,14|18,2,Turn 1,other,,62,62,investigation,investigation,1,"[""TURN 1 INCIDENT INVOLVING CARS 14 (ALO) AND 18 (STR) UNDER INVESTIGATION""]",algorithmic_pending_human_validation,True
referral-0ec48d6417d38e91,2021-fra,Race,2021-06-20 06:04:50-07:00,2021-06-20 06:04:50-07:00,33,1,Turn 2,other,,1,1,no_investigation,no_investigation,1,"[""TURN 2 INCIDENT INVOLVING CAR 33 (VER) NOTED - NO INVESTIGATION NECESSARY""]",algorithmic_pending_human_validation,False
referral-57f8ebad99a3be2e,2021-fra,Race,2021-06-20 06:52:18-07:00,2021-06-20 06:54:19-07:00,4|10,2,Turn 11,other,,30,31,noted|no_investigation,no_investigation,2,"[""TURN 11 INCIDENT INVOLVING CARS 4 (NOR) AND 10 (GAS) NOTED "", ""TURN 11 INCIDENT INVOLVING CARS 4 (NOR) AND 10 (GAS) - NO INVESTIGATION NECESSARY""]",algorithmic_pending_human_validation,False
referral-b75eb40174935e22,2021-fra,Race,2021-06-20 07:25:38-07:00,2021-06-20 07:32:08-07:00,11|77,2,Turn 11,other,,50,53,noted|investigation|no_further_action,no_further_action,3,"[""TURN 11 INCIDENT INVOLVING CARS 11 (PER) AND 77 (BOT) NOTED"", ""TURN 11 INCIDENT INVOLVING CARS 11 (PER) AND 77 (BOT) UNDER INVESTIGATION"", ""TURN 11 INCIDENT INVOLVING CARS 11 (PER) AND 77 (BOT) - NO FURTHER ACTION""]",algorithmic_pending_human_validation,False
referral-a520c9f861b21016,2021-gbr,Race,2021-07-18 07:14:50-07:00,2021-07-18 07:14:50-07:00,33|44,2,Turn 9,causing_collision,,3,3,investigation,investigation,1,"[""TURN 9 INCIDENT INVOLVING CARS 33 (VER) AND 44 (HAM) UNDER INVESTIGATION - CAUSING A COLLISION""]",algorithmic_pending_human_validation,True
referral-f9790c9af03b24b3,2021-gbr,Race,2021-07-18 07:47:56-07:00,2021-07-18 07:47:56-07:00,44,1,,causing_collision,,5,5,sanction_announced,sanction_announced,1,"[""10 SECOND TIME PENALTY FOR CAR 44 (HAM) - CAUSING A COLLISION""]",algorithmic_pending_human_validation,False
referral-2073a53f009396fd,2021-gbr,Race,2021-07-18 08:55:57-07:00,2021-07-18 08:57:03-07:00,7|11,2,Turn 17,other,,49,49,noted|post_session_investigation,post_session_investigation,2,"[""TURN 17 INCIDENT INVOLVING CARS 7 (RAI) AND 11 (PER) NOTED"", ""TURN 17 INCIDENT INVOLVING CARS 7 (RAI) AND 11 (PER) WILL BE INVESTIGATED AFTER THE RACE""]",algorithmic_pending_human_validation,True
referral-7fb219752526d860,2021-gbr,Sprint,2021-07-17 08:37:58-07:00,2021-07-17 08:37:58-07:00,9|47,2,Turn 3,other,,3,3,no_investigation,no_investigation,1,"[""TURN 3 INCIDENT INVOLVING CARS 9 (MAZ) AND 47 (MSC) NOTED - NO INVESTIGATION NECESSARY""]",algorithmic_pending_human_validation,False
referral-4844ad042f1b4c0d,2021-gbr,Sprint,2021-07-17 08:38:34-07:00,2021-07-17 08:44:41-07:00,55|63,2,Turn 6,causing_collision,,4,8,noted|investigation|post_session_investigation,post_session_investigation,3,"[""TURN 6 INCIDENT INVOLVING CARS 63 (RUS) AND 55 (SAI) NOTED"", ""TURN 6 INCIDENT INVOLVING CARS 63 (RUS) AND 55 (SAI) UNDER INVESTIGATION - CAUSING A COLLISION"", ""TURN 6 INCIDENT INVOLVING CARS 63 (RUS) AND 55 (SAI) - WILL BE INVESTIGATED AFTER THE SESSION""]",algorithmic_pending_human_validation,True
referral-db31242658e81e67,2021-hun,Race,2021-08-01 06:12:57-07:00,2021-08-01 06:12:57-07:00,,0,Turn 1,other,,3,3,investigation,investigation,1,"[""TURN 1 INCIDENTS UNDER INVESTIGATION""]",algorithmic_pending_human_validation,False
referral-3c8af3aea8f4636a,2021-hun,Race,2021-08-01 06:38:57-07:00,2021-08-01 06:38:57-07:00,63,1,Pit Lane,other,,6,6,no_investigation,no_investigation,1,"[""PIT LANE INCIDENT INVOLVING CAR 63 (RUS) NOTED - NO INVESTIGATION NECESSARY""]",algorithmic_pending_human_validation,False
referral-a4ed4e569842139a,2021-hun,Race,2021-08-01 06:40:47-07:00,2021-08-01 06:50:18-07:00,7|9,2,Pit Lane,unsafe_release,,7,14,noted|investigation|sanction_announced,sanction_announced,3,"[""PIT LANE INCIDENT INVOLVING CARS 7 (RAI) AND 9 (MAZ) NOTED - UNSAFE RELEASE"", ""PIT LANE INCIDENT INVOLVING CARS 7 (RAI) AND 9 (MAZ) UNDER INVESTIGATION - UNSAFE RELEASE"", ""10 SECOND TIME PENALTY FOR CAR 7 (RAI) - UNSAFE RELEASE""]",algorithmic_pending_human_validation,False
referral-4908dfff5c4cac96,2021-hun,Race,2021-08-01 06:43:36-07:00,2021-08-01 06:46:36-07:00,22|55,2,Pit Lane,unsafe_release,,9,12,noted|no_investigation,no_investigation,2,"[""PIT LANE INCIDENT INVOLVING CARS 22 (TSU) AND 55 (SAI) NOTED - UNSAFE RELEASE"", ""PIT LANE INCIDENT INVOLVING CARS 22 (TSU) AND 55 (SAI) NO INVESTIGATION NECESSARY - UNSAFE RELEASE""]",algorithmic_pending_human_validation,False
referral-c830923a54bc637c,2021-hun,Race,2021-08-01 06:44:16-07:00,2021-08-01 06:44:16-07:00,99,1,Pit Lane,other,,10,10,sanction_announced,sanction_announced,1,"[""10 SECOND STOP/GO PENALTY FOR CAR 99 (GIO) - SPEEDING IN THE PIT LANE""]",algorithmic_pending_human_validation,False
referral-92adeddde93f6e61,2021-hun,Race,2021-08-01 06:51:12-07:00,2021-08-01 06:51:22-07:00,33|47,2,Turn 1,other,,15,15,noted|no_investigation,no_investigation,2,"[""TURN 1 INCIDENT INVOLVING CARS 33 (VER) AND 47 (MSC) NOTED"", ""TURN 1 INCIDENT INVOLVING CARS 33 (VER) AND 47 (MSC) NO INVESTIGATION NECESSARY""]",algorithmic_pending_human_validation,False
referral-f4078f9f0dbe7b48,2021-ita,Race,2021-09-12 06:08:13-07:00,2021-09-12 06:14:35-07:00,6|14,2,Turn 5,other,,4,8,noted|no_investigation,no_investigation,2,"[""TURN 5 INCIDENT INVOLVING CARS 14 (ALO) 31 AND 6 (LAT) NOTED"", ""TURN 5 INCIDENT INVOLVING CARS 14 (ALO) 31 AND 6 (LAT) NO INVESTIGATION NECESSARY""]",algorithmic_pending_human_validation,False
referral-904ab9a268567059,2021-ita,Race,2021-09-12 06:09:57-07:00,2021-09-12 06:09:57-07:00,33|44,2,Turn 4,other,,5,5,no_investigation,no_investigation,1,"[""TURN 4 INCIDENT INVOLVING CARS 44 (HAM) AND 33 (VER) - NO INVESTIGATION NECESSARY""]",algorithmic_pending_human_validation,True
referral-18418205c7577815,2021-ita,Race,2021-09-12 06:10:38-07:00,2021-09-12 06:10:38-07:00,55|99,2,Turn 5,other,,5,5,investigation,investigation,1,"[""TURN 5 INCIDENT INVOLVING CARS 99 (GIO) AND 55 (SAI) UNDER INVESTIGATION""]",algorithmic_pending_human_validation,True
referral-dfaedea058c64af6,2021-ita,Race,2021-09-12 06:13:30-07:00,2021-09-12 06:13:30-07:00,99,1,,unsafe_rejoin,,7,7,sanction_announced,sanction_announced,1,"[""5 SECOND TIME PENALTY FOR CAR 99 (GIO) - UNSAFE REJOIN""]",algorithmic_pending_human_validation,False
referral-55a712c657b70d16,2021-ita,Race,2021-09-12 06:25:32-07:00,2021-09-12 06:32:00-07:00,5|31,2,Turn 4,causing_collision,,16,20,noted|investigation|sanction_announced,sanction_announced,3,"[""TURN 4 INCIDENT INVOLVING CARS 5 (VET) AND 31 (OCO) NOTED"", ""TURN 4 INCIDENT INVOLVING CARS 5 (VET) AND 31 (OCO) UNDER INVESTIGATION"", ""5 SECOND TIME PENALTY FOR CAR 31 (OCO) - CAUSING A COLLISION AT TURN 4""]",algorithmic_pending_human_validation,True
referral-e1957c1d52b93bed,2021-ita,Race,2021-09-12 06:34:11-07:00,2021-09-12 06:45:03-07:00,33|44,2,Turn 2,other,,22,28,noted|no_investigation|post_session_investigation,no_investigation,3,"[""TURN 2 INCIDENT INVOLVING CAR 33 (VER) - NOTED"", ""TURN 2 INCIDENT INVOLVING CAR 33 (VER) - NO INVESTIGATION NECESSARY"", ""TURN 2 INCIDENT INVOLVING CARS 44 (HAM) AND 33 (VER) - WILL BE INVESTIGATED AFTER THE RACE""]",algorithmic_pending_human_validation,False
referral-f94bdf2910ce0f78,2021-ita,Race,2021-09-12 06:55:27-07:00,2021-09-12 06:55:27-07:00,16,1,Turn 5,other,,33,33,noted,noted,1,"[""TURN 5 INCIDENT INVOLVING CAR 16 (LEC) NOTED""]",algorithmic_pending_human_validation,False
referral-e9405598e687c390,2021-ita,Race,2021-09-12 06:56:13-07:00,2021-09-12 07:04:47-07:00,9|47,2,Turn 4,causing_collision,,33,39,noted|sanction_announced,sanction_announced,2,"[""TURN 4 INCIDENT INVOLVING CARS 47 (MSC) AND 9 (MAZ) NOTED"", ""5 SECOND TIME PENALTY FOR CAR 9 (MAZ) - CAUSING A COLLISION AT TURN 4""]",algorithmic_pending_human_validation,True
referral-0d25fb2fd4c84a35,2021-ita,Race,2021-09-12 06:56:57-07:00,2021-09-12 06:56:57-07:00,5|47,2,Turn 1,other,,34,34,noted,noted,1,"[""TURN 1 INCIDENT INVOLVING CARS 5 (VET) 99 AND 47 (MSC) NOTED""]",algorithmic_pending_human_validation,False
referral-443698a964c2dcbe,2021-ita,Race,2021-09-12 07:01:36-07:00,2021-09-12 07:01:36-07:00,11,1,Turn 5,gaining_advantage_off_track,,37,37,sanction_announced,sanction_announced,1,"[""5 SECOND TIME PENALTY FOR CAR 11 (PER) - LEAVING THE TRACK AND GAINING AN ADVANTAGE AT TURN 5""]",algorithmic_pending_human_validation,True
referral-a4a538b79db09207,2021-ita,Race,2021-09-12 07:13:04-07:00,2021-09-12 07:13:04-07:00,5|47,2,Turn 1,other,,45,45,no_further_action,no_further_action,1,"[""TURN 1 INCIDENT INVOLVING CARS 5 (VET) 99 AND 47 (MSC) - NO FURTHER ACTION""]",algorithmic_pending_human_validation,False
referral-c78da2386cb0e981,2021-ita,Race,2021-09-12 07:21:51-07:00,2021-09-12 07:21:51-07:00,18,1,,other,,51,51,investigation,investigation,1,"[""INCIDENT INVOLVING CAR 18 (STR) UNDER INVESTIGATION - ALLEDGEDLY FAILING TO SLOW UNDER YELLOW FLAGS""]",algorithmic_pending_human_validation,False
referral-06c4ff93f7c7c365,2021-ita,Sprint,2021-09-11 07:36:24-07:00,2021-09-11 07:41:34-07:00,10,1,Turn 1,other,,2,4,noted|no_investigation,no_investigation,2,"[""TURN 1 INCIDENT INVOLVING CAR 10 (GAS) NOTED "", ""TURN 1 INCIDENT INVOLVING CAR 10 (GAS) NO INVESTIGATION NECESSARY ""]",algorithmic_pending_human_validation,False
referral-cdbfc1ba73f698cd,2021-ita,Sprint,2021-09-11 07:39:19-07:00,2021-09-11 07:41:42-07:00,22,1,Turn 5,other,,3,4,noted|no_investigation,no_investigation,2,"[""TURN 5 INCIDENT INVOLVING CAR 22 (TSU) NOTED"", ""TURN 5 INCIDENT INVOLVING CAR 22 (TSU) NO INVESTIGATION NECESSARY""]",algorithmic_pending_human_validation,False
referral-bc97006d12687419,2021-ita,Sprint,2021-09-11 07:49:02-07:00,2021-09-11 07:59:35-07:00,5|11|18,3,Turn 1,other,,10,17,noted|investigation|no_further_action,no_further_action,4,"[""TURN 1 INCIDENT INVOLVING CARS 11 (PER) AND 5 (VET) NOTED"", ""CORRECTION - TURN 1 INCIDENT INVOLVING CARS 11 (PER) AND 18 (STR) NOTED"", ""TURN 1 INCIDENT INVOLVING CARS 11 (PER) AND 18 (STR) UNDER INVESTIGATION"", ""TURN 1 INCIDENT INVOLVING CARS 11 (PER) AND 18 (STR) - NO FURTHER ACTION""]",algorithmic_pending_human_validation,True
referral-eb0657fc38c130cf,2021-mco,Race,2021-05-23 07:21:52-07:00,2021-05-23 07:27:40-07:00,18,1,Pit Lane,other,,63,67,investigation|no_further_action,no_further_action,2,"[""CAR 18 (STR) UNDER INVESTIGATION - FAILING TO KEEP TO THE RIGHT OF THE LINE AT PIT EXIT"", ""CAR 18 (STR) - NO FURTHER ACTION""]",algorithmic_pending_human_validation,False
referral-3af70159de6f6022,2021-mex,Race,2021-11-07 11:06:55-08:00,2021-11-07 11:15:02-08:00,,0,Turn 1-2,other,1.0,2,7,noted|no_investigation,no_investigation,2,"[""LAP 1 TURNS 1-2 INCIDENT NOTED"", ""LAP 1 TURNS 1-2 INCIDENT NO INVESTIGATION NECESSARY""]",algorithmic_pending_human_validation,False
referral-5f7cfe21345a7a9c,2021-mex,Race,2021-11-07 11:14:11-08:00,2021-11-07 11:17:11-08:00,3|18,2,Turn 7,other,,7,9,noted|no_investigation,no_investigation,2,"[""TURN 7 INCIDENT INVOLVING CARS 3 (RIC) AND 18 (STR) NOTED"", ""TURN 7 INCIDENT INVOLVING CARS 3 (RIC) AND 18 (STR) NO INVESTIGATION NECESSARY""]",algorithmic_pending_human_validation,False
referral-65b580d07d2e7422,2021-ned,Race,2021-09-05 06:45:04-07:00,2021-09-05 06:45:04-07:00,63,1,Pit Lane,other,,34,34,sanction_announced,sanction_announced,1,"[""5 SECOND TIME PENALTY FOR CAR 63 (RUS) - SPEEDING IN THE PIT LANE""]",algorithmic_pending_human_validation,False
referral-1f8fc9289cbd3ba8,2021-ned,Race,2021-09-05 07:27:24-07:00,2021-09-05 07:27:24-07:00,4|11,2,Turn 1,other,,68,68,noted,noted,1,"[""TURN 1 INCIDENT INVOLVING CARS 4 (NOR) AND 11 (PER) NOTED ""]",algorithmic_pending_human_validation,False
referral-a38cd86080c8ef85,2021-por,Race,2021-05-02 07:21:52-07:00,2021-05-02 07:21:52-07:00,7|99,2,,other,,11,11,no_investigation,no_investigation,1,"[""MAIN STRAIGHT INCIDENT INVOLVING CARS 7 (RAI) AND 99 (GIO) NOTED - NO INVESTIGATION NECESSARY""]",algorithmic_pending_human_validation,False
referral-4333fc868abaf36f,2021-por,Race,2021-05-02 08:13:21-07:00,2021-05-02 08:17:16-07:00,9|11,2,Turn 3,blue_flags,,49,52,investigation|sanction_announced,sanction_announced,2,"[""TURN 3 INCIDENT INVOLVING CARS 9 (MAZ) AND 11 (PER) UNDER INVESTIGATION -IGNORING BLUE FLAGS"", ""5 SECOND TIME PENALTY FOR CAR 9 (MAZ) - IGNORING BLUE FLAGS""]",algorithmic_pending_human_validation,False
referral-01aef10636fe4ea4,2021-rus,Race,2021-09-26 05:04:23-07:00,2021-09-26 05:04:23-07:00,,0,Turn 2,other,,1,1,noted,noted,1,"[""TURN 2 INCIDENT NOTED""]",algorithmic_pending_human_validation,False
referral-4dca9e255bd29843,2021-rus,Race,2021-09-26 05:07:56-07:00,2021-09-26 05:07:56-07:00,,0,Turn 2,other,,3,3,no_investigation,no_investigation,1,"[""TURN 2 INCIDENT NO INVESTIGATION NECESSARY""]",algorithmic_pending_human_validation,False
referral-1488854606a2e18c,2021-rus,Race,2021-09-26 05:09:55-07:00,2021-09-26 05:13:02-07:00,47,1,Turn 2,other,,4,6,noted|no_investigation,no_investigation,2,"[""TURN 2 INCIDENT INVOLVING CAR 47 (MSC) NOTED "", ""TURN 2 INCIDENT INVOLVING CAR 47 (MSC) NO INVESTIGATION NECESSARY ""]",algorithmic_pending_human_validation,False
referral-16446e42620ca0ab,2021-rus,Race,2021-09-26 05:35:43-07:00,2021-09-26 05:39:15-07:00,63,1,Turn 2,other,,19,21,noted|no_investigation,no_investigation,2,"[""TURN 2 INCIDENT INVOLVING CAR 63 (RUS) NOTED"", ""TURN 2 INCIDENT INVOLVING CAR 63 (RUS) NO INVESTIGATION NECESSARY""]",algorithmic_pending_human_validation,False
referral-fda2f5daee08c946,2021-rus,Race,2021-09-26 06:29:27-07:00,2021-09-26 06:32:50-07:00,10|18,2,Turn 9,other,,51,53,noted|post_session_investigation,post_session_investigation,2,"[""TURN 9 INCIDENT INVOLVING CARS 18 (STR) AND 10 (GAS) NOTED"", ""TURN 9 INCIDENT INVOLVING CARS 18 (STR) AND 10 (GAS) - WILL BE INVESTIGATED AFTER THE RACE""]",algorithmic_pending_human_validation,True
referral-d0d3d0b087cd273b,2021-rus,Race,2021-09-26 06:33:39-07:00,2021-09-26 06:33:39-07:00,4,1,Pit Lane,other,,53,53,post_session_investigation,post_session_investigation,1,"[""PIT ENTRY INCIDENT INVOLVING CAR 4 (NOR) - WILL BE INVESTIGATED AFTER THE RACE""]",algorithmic_pending_human_validation,False
referral-255959e57cc62086,2021-sao,Race,2021-11-14 09:04:28-08:00,2021-11-14 09:04:28-08:00,,0,Turn 1,other,,2,2,noted,noted,1,"[""TURN 1 INCIDENT NOTED ""]",algorithmic_pending_human_validation,False
referral-bd06887c8d43540c,2021-sao,Race,2021-11-14 09:06:00-08:00,2021-11-14 09:06:00-08:00,,0,Turn 1,other,,3,3,no_investigation,no_investigation,1,"[""TURN 1 INCIDENT NO INVESTIGATION NECESSARY ""]",algorithmic_pending_human_validation,False
referral-cdea3e9a077a3888,2021-sao,Race,2021-11-14 09:18:27-08:00,2021-11-14 09:18:27-08:00,18|22,2,Turn 1,other,,10,10,investigation,investigation,1,"[""TURN 1 INCIDENT INVOLVING CARS 22 (TSU) AND 18 (STR) UNDER INVESTIGATION""]",algorithmic_pending_human_validation,True
referral-c33b83efec21d32b,2021-sao,Race,2021-11-14 09:24:58-08:00,2021-11-14 09:24:58-08:00,22,1,,causing_collision,,15,15,sanction_announced,sanction_announced,1,"[""10 SECOND TIME PENALTY FOR CAR 22 (TSU) - CAUSING A COLLISION""]",algorithmic_pending_human_validation,False
referral-bb1b1d63508a59ea,2021-sao,Race,2021-11-14 09:25:44-08:00,2021-11-14 09:26:58-08:00,7|47,2,Turn 2,other,,16,17,noted|no_investigation,no_investigation,2,"[""TURN 2 INCIDENT INVOLVING CARS 7 (RAI) AND 47 (MSC) NOTED"", ""TURN 2 INCIDENT INVOLVING CARS 7 (RAI) AND 47 (MSC) NO INVESTIGATION NECESSARY""]",algorithmic_pending_human_validation,False
referral-82d7df1bfa270e13,2021-sao,Race,2021-11-14 10:07:03-08:00,2021-11-14 10:12:14-08:00,33|44,2,Turn 4,other,,48,53,noted|no_investigation,no_investigation,2,"[""TURN 4 INCIDENT INVOLVING CARS 33 (VER) AND 44 (HAM) NOTED"", ""TURN 4 INCIDENT INVOLVING CARS 33 (VER) AND 44 (HAM) NO INVESTIGATION NECESSARY""]",algorithmic_pending_human_validation,False
referral-d261ca33dbf11317,2021-sao,Sprint,2021-11-13 11:35:54-08:00,2021-11-13 11:37:55-08:00,7|99,2,Turn 1,other,,3,4,noted|no_investigation,no_investigation,2,"[""TURN 1 INCIDENT INVOLVING CARS 7 (RAI) AND 99 (GIO) NOTED"", ""TURN 1 INCIDENT INVOLVING CARS 7 (RAI) AND 99 (GIO) NO INVESTIGATION NECESSARY""]",algorithmic_pending_human_validation,False
referral-bc9af813eff94d3c,2021-sau,Race,2021-12-05 09:36:21-08:00,2021-12-05 09:39:01-08:00,18|63,2,Turn 7,other,,2,4,noted|no_investigation,no_investigation,2,"[""TURN 7 INCIDENT INVOLVING CARS 18 (STR) AND 63 (RUS) NOTED"", ""TURN 7 INCIDENT INVOLVING CARS 18 (STR) AND 63 (RUS) NO INVESTIGATION NECESSARY""]",algorithmic_pending_human_validation,False
referral-e9281cc3937bec66,2021-sau,Race,2021-12-05 09:41:37-08:00,2021-12-05 09:44:56-08:00,22|31,2,,other,,6,8,noted|no_investigation,no_investigation,2,"[""START INCIDENT INVOLVING CARS 31 (OCO) AND 22 (TSU) NOTED"", ""START INCIDENT INVOLVING CARS 31 (OCO) AND 22 (TSU) NO INVESTIGATION NECESSARY""]",algorithmic_pending_human_validation,False
referral-4fe169d469598e06,2021-sau,Race,2021-12-05 10:42:49-08:00,2021-12-05 10:42:49-08:00,,0,Turn 3,other,,16,16,noted,noted,1,"[""TURN 3 INCIDENT NOTED""]",algorithmic_pending_human_validation,False
referral-ba3cf9319e5c7c55,2021-sau,Race,2021-12-05 10:48:41-08:00,2021-12-05 10:48:41-08:00,,0,Turn 3,other,,19,19,post_session_investigation,post_session_investigation,1,"[""TURN 3 INCIDENT WILL BE INVESTIGATED AFTER THE RACE""]",algorithmic_pending_human_validation,False
referral-46569a2fef4fbfcf,2021-sau,Race,2021-12-05 10:59:10-08:00,2021-12-05 11:00:24-08:00,5|22,2,Turn 2,causing_collision,,25,26,noted|investigation|sanction_announced,sanction_announced,3,"[""TURN 2 INCIDENT INVOLVING CARS 5 (VET) AND 22 (TSU) NOTED - CAUSING A COLLISION"", ""TURN 2 INCIDENT INVOLVING CARS 5 (VET) AND 22 (TSU) UNDER INVESTIGATION - CAUSING A COLLISION"", ""5 SECOND TIME PENALTY FOR CAR 22 (TSU) - CAUSING A COLLISION""]",algorithmic_pending_human_validation,True
referral-9ef54e29b2b577dd,2021-sau,Race,2021-12-05 11:12:26-08:00,2021-12-05 11:12:26-08:00,5|7,2,Turn 4,other,,33,33,noted,noted,1,"[""TURN 4 INCIDENT INVOLVING CARS 5 (VET) AND 7 (RAI) NOTED""]",algorithmic_pending_human_validation,False
referral-fb942e821b2d9772,2021-sau,Race,2021-12-05 11:19:00-08:00,2021-12-05 11:19:00-08:00,33|44,2,Turn 1,other,,37,37,noted,noted,1,"[""TURN 1 INCIDENT INVOLVING CARS 33 (VER) AND 44 (HAM) NOTED""]",algorithmic_pending_human_validation,False
referral-13b3580c6c66bbf1,2021-sau,Race,2021-12-05 11:20:39-08:00,2021-12-05 11:20:49-08:00,33|44,2,Turn 25,other,,38,38,noted|investigation,investigation,2,"[""TURN 25 INCIDENT INVOLVING CARS 44 (HAM) AND 33 (VER) NOTED"", ""TURN 25 INCIDENT INVOLVING CARS 44 (HAM) AND 33 (VER) UNDER INVESTIGATION""]",algorithmic_pending_human_validation,True
referral-9a4016f76a3bb05d,2021-sau,Race,2021-12-05 11:27:46-08:00,2021-12-05 11:27:46-08:00,33,1,,gaining_advantage_off_track,,43,43,sanction_announced,sanction_announced,1,"[""5 SECOND TIME PENALTY FOR CAR 33 (VER) - LEAVING THE TRACK AND GAINING AN ADVANTAGE""]",algorithmic_pending_human_validation,True
referral-e6c64c149bedda92,2021-sau,Race,2021-12-05 11:28:21-08:00,2021-12-05 11:28:21-08:00,33|44,2,Turn 27,other,,43,43,post_session_investigation,post_session_investigation,1,"[""TURN 27 INCIDENT INVOLVING CARS 44 (HAM) AND 33 (VER) - WILL BE INVESTIGATED AFTER THE RACE""]",algorithmic_pending_human_validation,False
referral-d407394e5748d4c4,2021-sau,Race,2021-12-05 11:29:52-08:00,2021-12-05 11:29:52-08:00,5|7,2,Turn 4,other,,44,44,no_investigation,no_investigation,1,"[""TURN 4 INCIDENT INVOLVING CARS 5 (VET) AND 7 (RAI) NO INVESTIGATION NECESSARY""]",algorithmic_pending_human_validation,False
referral-e04bfd1e565ab6e9,2021-sty,Race,2021-06-27 06:09:00-07:00,2021-06-27 06:09:00-07:00,,0,Turn 3,other,,6,6,no_investigation,no_investigation,1,"[""TURN 3 INCIDENT LAP 1 NOTED - NO INVESTIGATION NECESSARY""]",algorithmic_pending_human_validation,False
referral-82aa206e83fbaba3,2021-tur,Race,2021-10-10 05:03:59-07:00,2021-10-10 05:03:59-07:00,,0,Turn 1,other,,1,1,noted,noted,1,"[""TURN 1 INCIDENT NOTED""]",algorithmic_pending_human_validation,False
referral-96e6a1e44b22f837,2021-tur,Race,2021-10-10 05:07:14-07:00,2021-10-10 05:11:57-07:00,14|47,2,Turn 4,causing_collision,,3,6,noted|investigation,investigation,3,"[""TURN 4 INCIDENT INVOLVING CAR 47 (MSC) NOTED "", ""TURN 4 INCIDENT INVOLVING CARS 14 (ALO) AND 47 (MSC) NOTED"", ""TURN 4 INCIDENT INVOLVING CARS 14 (ALO) AND 47 (MSC) UNDER INVESTIGATION - CAUSING A COLLISION""]",algorithmic_pending_human_validation,True
referral-a7d53580889c5904,2021-tur,Race,2021-10-10 05:09:33-07:00,2021-10-10 05:17:08-07:00,10|14,2,Turn 1,causing_collision,,4,9,investigation|sanction_announced,sanction_announced,3,"[""TURN 1 INCIDENT INVOLVING CARS 14 (ALO) AND 10 (GAS) UNDER INVESTIGATION - CAUSING A COLLISION"", ""5 SECOND TIME PENALTY FOR CAR 10 (GAS) - CAUSING A COLLISION"", ""5 SECOND TIME PENALTY FOR CAR 14 (ALO) - CAUSING A COLLISION""]",algorithmic_pending_human_validation,True
referral-e4de8c3b7454fdfa,2021-tur,Race,2021-10-10 05:25:09-07:00,2021-10-10 05:26:38-07:00,5|55,2,Turn 12,other,,14,15,noted|no_investigation,no_investigation,2,"[""TURN 12 INCIDENT INVOLVING CARS 55 (SAI) AND 5 (VET) NOTED"", ""TURN 12 INCIDENT INVOLVING CARS 55 (SAI) AND 5 (VET) - NO INVESTIGATION NECESSARY""]",algorithmic_pending_human_validation,False
referral-f426ae7f41786455,2021-usa,Race,2021-10-24 12:04:19-07:00,2021-10-24 12:04:19-07:00,,0,Turn 1,other,,1,1,noted,noted,1,"[""TURN 1 INCIDENT NOTED""]",algorithmic_pending_human_validation,False
referral-54edc33085e33626,2021-usa,Race,2021-10-24 12:07:45-07:00,2021-10-24 12:07:45-07:00,,0,Turn 1,other,,3,3,no_investigation,no_investigation,1,"[""TURN 1 INCIDENT NO INVESTIGATION NECESSARY""]",algorithmic_pending_human_validation,False
referral-232592769f26cd9b,2021-usa,Race,2021-10-24 12:31:10-07:00,2021-10-24 12:34:14-07:00,7|14,2,Turn 1,other,,17,18,noted|no_investigation,no_investigation,2,"[""TURN 1 INCIDENT INVOLVING CARS 14 (ALO) AND 7 (RAI) NOTED"", ""TURN 1 INCIDENT INVOLVING CARS 14 (ALO) AND 7 (RAI) NO INVESTIGATION NECESSARY""]",algorithmic_pending_human_validation,False
referral-1175ad7e844e63bc,2021-usa,Race,2021-10-24 12:39:39-07:00,2021-10-24 12:52:01-07:00,14|99,2,Turn 12,other,,22,29,noted|no_investigation,no_investigation,3,"[""TURN 12 INCIDENT INVOLVING CARS 14 (ALO) AND 99 (GIO) NOTED"", ""TURN 12 INCIDENT INVOLVING CARS 99 (GIO) AND 14 (ALO) NOTED "", ""TURN 12 INCIDENT INVOLVING CARS 99 (GIO) AND 14 (ALO) NO INVESTIGATION NECESSARY ""]",algorithmic_pending_human_validation,False
referral-cfc5dcf1304146ad,2022-abu,Race,2022-11-20 05:04:49-08:00,2022-11-20 05:10:01-08:00,44|55,2,Turn 6,forcing_off_track,,2,5,noted|investigation|no_further_action,no_further_action,4,"[""TURN 6 INCIDENT INVOLVING CARS 44 (HAM) AND 55 (SAI) NOTED - FORCING ANOTHER DRIVER OFF THE TRACK"", ""TURN 6 INCIDENT INVOLVING CAR 44 (HAM) NOTED - LEAVING THE TRACK AND GAINING AN ADVANTAGE"", ""FIA STEWARDS: TURN 6 INCIDENT INVOLVING CAR 44 (HAM) UNDER INVESTIGATION - LEAVING THE TRACK AND GAINING AN ADVANTAGE"", ""FIA STEWARDS: TURN 6 INCIDENT INVOLVING CAR 44 (HAM) NO FURTHER ACTION - LEAVING THE TRACK AND GAINING AN ADVANTAGE""]",algorithmic_pending_human_validation,False
referral-41a5db38d95b17ae,2022-abu,Race,2022-11-20 05:28:52-08:00,2022-11-20 05:34:27-08:00,63,1,Pit Lane,unsafe_release,,17,21,noted|investigation|sanction_announced,sanction_announced,3,"[""PIT LANE INCIDENT INVOLVING CAR 63 (RUS) NOTED - UNSAFE RELEASE"", ""FIA STEWARDS: PIT LANE INCIDENT INVOLVING CAR 63 (RUS) UNDER INVESTIGATION - UNSAFE RELEASE"", ""FIA STEWARDS: 5 SECOND TIME PENALTY FOR CAR 63 (RUS) - UNSAFE RELEASE""]",algorithmic_pending_human_validation,False
referral-92a69d6732b75346,2022-abu,Race,2022-11-20 06:02:22-08:00,2022-11-20 06:05:20-08:00,6|47,2,Turn 5,causing_collision,,39,41,noted|investigation|sanction_announced,sanction_announced,3,"[""TURN 5 INCIDENT INVOLVING CARS 47 (MSC) AND 6 (LAT) NOTED - CAUSING A COLLISION"", ""FIA STEWARDS: TURN 5 INCIDENT INVOLVING CARS 47 (MSC) AND 6 (LAT) UNDER INVESTIGATION - CAUSING A COLLISION"", ""FIA STEWARDS: 5 SECOND TIME PENALTY FOR CAR 47 (MSC) - CAUSING A COLLISION""]",algorithmic_pending_human_validation,True
referral-cdf92fe1373e3175,2022-abu,Race,2022-11-20 06:10:25-08:00,2022-11-20 06:10:25-08:00,18|24,2,Turn 9,forcing_off_track,,45,45,noted,noted,1,"[""TURN 9 INCIDENT INVOLVING CARS 18 (STR) AND 24 (ZHO) NOTED - FORCING ANOTHER DRIVER OFF THE TRACK""]",algorithmic_pending_human_validation,False
referral-4c2d22cf35f67284,2022-aus,Race,2022-04-09 22:49:13-07:00,2022-04-09 22:58:59-07:00,10|22|47,3,,other,,28,35,noted|post_session_investigation,post_session_investigation,2,"[""INCIDENT INVOLVING CARS 47 (MSC) AND 22 (TSU) AND 10 (GAS) NOTED - SAFETY CAR INFRINGEMENT"", ""FIA STEWARDS: INCIDENT INVOLVING CARS 47 (MSC) AND 22 (TSU) AND 10 (GAS) WILL BE INVESTIGATED AFTER THE RACE - SAFETY CAR INFRINGEMENT""]",algorithmic_pending_human_validation,False
referral-7f80bf9473ba2686,2022-aus,Race,2022-04-09 23:03:06-07:00,2022-04-09 23:09:45-07:00,18,1,Turn 1,other,,38,43,noted|sanction_announced,sanction_announced,2,"[""TURN 1 INCIDENT INVOLVING CAR 18 (STR) NOTED - WEAVING ON STRAIGHT"", ""FIA STEWARDS: 5 SECOND TIME PENALTY FOR CAR 18 (STR) - WEAVING ON STRAIGHT""]",algorithmic_pending_human_validation,False
referral-4e25ae7b3e60216b,2022-aus,Race,2022-04-09 23:09:26-07:00,2022-04-09 23:09:26-07:00,18|77,2,Turn 3,forcing_off_track,,43,43,noted,noted,1,"[""TURN 3 INCIDENT INVOLVING CARS 18 (STR) AND 77 (BOT) NOTED - FORCING ANOTHER DRIVER OFF THE TRACK""]",algorithmic_pending_human_validation,True
referral-784e3ec049b343fe,2022-aus,Race,2022-04-09 23:24:57-07:00,2022-04-09 23:28:09-07:00,14|20,2,Turn 4,forcing_off_track,,54,56,noted|post_session_investigation,post_session_investigation,2,"[""TURN 4 INCIDENT INVOLVING CARS 14 (ALO) AND 20 (MAG) NOTED - FORCING ANOTHER DRIVER OFF THE TRACK"", ""FIA STEWARDS: TURN 4 INCIDENT INVOLVING CARS 14 (ALO) AND 20 (MAG) WILL BE INVESTIGATED AFTER THE RACE - FORCING ANOTHER DRIVER OFF THE TRACK""]",algorithmic_pending_human_validation,True
referral-b52372bcb92b1856,2022-aut,Race,2022-07-10 06:03:47-07:00,2022-07-10 06:03:47-07:00,22|23,2,,other,,1,1,noted,noted,1,"[""INCIDENT INVOLVING CARS 22 (TSU) AND 23 (ALB) NOTED - STARTING PROCEDURE INFRINGEMENT""]",algorithmic_pending_human_validation,False
referral-e53b9398877a9d1c,2022-aut,Race,2022-07-10 06:05:41-07:00,2022-07-10 06:14:33-07:00,11|63,2,Turn 4,causing_collision,,3,10,noted|sanction_announced,sanction_announced,2,"[""TURN 4 INCIDENT INVOLVING CARS 63 (RUS) AND 11 (PER) NOTED - CAUSING A COLLISION"", ""FIA STEWARDS: 5 SECOND TIME PENALTY FOR CAR 63 (RUS) - CAUSING A COLLISION""]",algorithmic_pending_human_validation,True
referral-52da7d5b08f0a301,2022-aut,Race,2022-07-10 06:40:58-07:00,2022-07-10 06:41:10-07:00,10,1,,track_limits,,32,32,noted|sanction_announced,sanction_announced,2,"[""INCIDENT INVOLVING CAR 10 (GAS) NOTED - TRACK LIMITS"", ""FIA STEWARDS: 5 SECOND TIME PENALTY FOR CAR 10 (GAS) - TRACK LIMITS""]",algorithmic_pending_human_validation,False
referral-4fb7afe8dbb48f64,2022-aut,Race,2022-07-10 06:43:16-07:00,2022-07-10 06:43:28-07:00,4,1,,track_limits,,34,34,noted|sanction_announced,sanction_announced,2,"[""INCIDENT INVOLVING CAR 4 (NOR) NOTED - TRACK LIMITS"", ""FIA STEWARDS: 5 SECOND TIME PENALTY FOR CAR 4 (NOR) - TRACK LIMITS""]",algorithmic_pending_human_validation,False
referral-0fdcf6bf92af2bf9,2022-aut,Race,2022-07-10 06:45:09-07:00,2022-07-10 06:45:09-07:00,14|22,2,Turn 3,forcing_off_track,,36,36,noted,noted,1,"[""TURN 3 INCIDENT INVOLVING CARS 14 (ALO) AND 22 (TSU) NOTED - FORCING ANOTHER DRIVER OFF THE TRACK""]",algorithmic_pending_human_validation,False
referral-611e9c391383596c,2022-aut,Race,2022-07-10 06:49:06-07:00,2022-07-10 06:49:18-07:00,24,1,,track_limits,,39,39,noted|sanction_announced,sanction_announced,2,"[""INCIDENT INVOLVING CAR 24 (ZHO) NOTED - TRACK LIMITS"", ""FIA STEWARDS: 5 SECOND TIME PENALTY FOR CAR 24 (ZHO) - TRACK LIMITS""]",algorithmic_pending_human_validation,False
referral-9d27e9541cb8b209,2022-aut,Race,2022-07-10 06:51:48-07:00,2022-07-10 06:52:11-07:00,5|10,2,Turn 4,causing_collision,,42,42,noted|investigation|sanction_announced,sanction_announced,3,"[""TURN 4 INCIDENT INVOLVING CARS 5 (VET) AND 10 (GAS) NOTED - CAUSING A COLLISION"", ""FIA STEWARDS: TURN 4 INCIDENT INVOLVING CARS 5 (VET) AND 10 (GAS) UNDER INVESTIGATION - CAUSING A COLLISION"", ""FIA STEWARDS: 5 SECOND TIME PENALTY FOR CAR 10 (GAS) - CAUSING A COLLISION""]",algorithmic_pending_human_validation,True
referral-e8952465d7f153b8,2022-aut,Race,2022-07-10 07:03:59-07:00,2022-07-10 07:06:58-07:00,10,1,,other,,52,54,sanction_announced,sanction_announced,2,"[""INCIDENT INVOLVING CAR 10 (GAS) NOTED - FAILING TO SERVE THE TIME PENALTY"", ""FIA STEWARDS: INCIDENT INVOLVING CAR 10 (GAS) REVIEWED NO FURTHER INVESTIGATION - FAILING TO SERVE THE TIME PENALTY""]",algorithmic_pending_human_validation,False
referral-f3a04fbc40c48e8c,2022-aut,Race,2022-07-10 07:23:27-07:00,2022-07-10 07:23:46-07:00,14,1,Pit Lane,other,,68,68,noted|post_session_investigation,post_session_investigation,2,"[""PIT LANE INCIDENT INVOLVING CAR 14 (ALO) NOTED - RELEASE IN UNSAFE CONDITION"", ""FIA STEWARDS: PIT LANE INCIDENT INVOLVING CAR 14 (ALO) WILL BE INVESTIGATED AFTER THE RACE - RELEASE IN UNSAFE CONDITION""]",algorithmic_pending_human_validation,False
referral-2543e758746cb160,2022-aut,Race,2022-07-10 07:28:38-07:00,2022-07-10 07:29:21-07:00,5,1,,track_limits,,71,71,noted|sanction_announced,sanction_announced,2,"[""INCIDENT INVOLVING CAR 5 (VET) NOTED - TRACK LIMITS"", ""FIA STEWARDS: 5 SECOND TIME PENALTY FOR CAR 5 (VET) - TRACK LIMITS""]",algorithmic_pending_human_validation,False
referral-ffd0a5cebb301c92,2022-aut,Sprint,2022-07-09 07:36:36-07:00,2022-07-09 07:36:36-07:00,10,1,Turn 1,other,,1,1,noted,noted,1,"[""TURN 1 INCIDENT INVOLVING CAR 10 (GAS) NOTED""]",algorithmic_pending_human_validation,False
referral-145a6163424804e2,2022-aut,Sprint,2022-07-09 07:40:56-07:00,2022-07-09 07:44:51-07:00,4|23,2,Turn 3,forcing_off_track,,5,8,noted|sanction_announced,sanction_announced,2,"[""TURN 3 INCIDENT INVOLVING CARS 23 (ALB) AND 4 (NOR) NOTED - FORCING ANOTHER DRIVER OFF THE TRACK"", ""FIA STEWARDS: 5 SECOND TIME PENALTY FOR CAR 23 (ALB) - FORCING ANOTHER DRIVER OFF THE TRACK""]",algorithmic_pending_human_validation,True
referral-6131bbd50e1aeaf3,2022-aut,Sprint,2022-07-09 07:48:32-07:00,2022-07-09 07:48:32-07:00,5|23,2,Turn 6,causing_collision,,11,11,noted,noted,1,"[""TURN 6 INCIDENT INVOLVING CARS 5 (VET) AND 23 (ALB) NOTED - CAUSING A COLLISION""]",algorithmic_pending_human_validation,False
referral-21f7fa118bfb1ad9,2022-aut,Sprint,2022-07-09 08:02:09-07:00,2022-07-09 08:02:20-07:00,3|47,2,,other,,23,23,noted|post_session_investigation,post_session_investigation,2,"[""INCIDENT INVOLVING CARS 47 (MSC) AND 3 (RIC) NOTED - STARTING PROCEDURE INFRINGEMENT"", ""FIA STEWARDS: INCIDENT INVOLVING CARS 47 (MSC) AND 3 (RIC) WILL BE INVESTIGATED AFTER THE RACE - STARTING PROCEDURE INFRINGEMENT""]",algorithmic_pending_human_validation,False
referral-8bb62e8df6ec429c,2022-aze,Race,2022-06-12 04:01:22-07:00,2022-06-12 04:06:59-07:00,6,1,,other,,1,2,noted|investigation|sanction_announced,sanction_announced,3,"[""STARTING GRID INCIDENT INVOLVING CAR 6 (LAT) NOTED "", ""FIA STEWARDS: STARTING GRID INCIDENT INVOLVING CAR 6 (LAT) UNDER INVESTIGATION "", ""FIA STEWARDS: 10 SECOND STOP/GO PENALTY FOR CAR 6 (LAT) - STARTING GRID INFRINGEMENT""]",algorithmic_pending_human_validation,False
referral-c7bcccb7c5b69bc6,2022-aze,Race,2022-06-12 05:24:23-07:00,2022-06-12 05:25:53-07:00,6,1,,blue_flags,,44,45,noted|investigation|sanction_announced,sanction_announced,3,"[""INCIDENT INVOLVING CAR 6 (LAT) NOTED - IGNORING BLUE FLAGS"", ""FIA STEWARDS: INCIDENT INVOLVING CAR 6 (LAT) UNDER INVESTIGATION - IGNORING BLUE FLAGS"", ""FIA STEWARDS: 5 SECOND TIME PENALTY FOR CAR 6 (LAT) - IGNORING BLUE FLAGS""]",algorithmic_pending_human_validation,False
referral-06f7cbef42a85f11,2022-bel,Race,2022-08-28 06:05:48-07:00,2022-08-28 06:18:00-07:00,14|44,2,Turn 5,causing_collision,,2,7,noted|investigation|no_further_action,no_further_action,3,"[""TURN 5 INCIDENT INVOLVING CARS 14 (ALO) AND 44 (HAM) NOTED - CAUSING A COLLISION"", ""FIA STEWARDS: TURN 5 INCIDENT INVOLVING CARS 14 (ALO) AND 44 (HAM) UNDER INVESTIGATION - CAUSING A COLLISION"", ""FIA STEWARDS: TURN 5 INCIDENT INVOLVING CARS 14 (ALO) AND 44 (HAM) NO FURTHER ACTION - CAUSING A COLLISION""]",algorithmic_pending_human_validation,True
referral-847bfa1af168e3e9,2022-bel,Race,2022-08-28 06:08:16-07:00,2022-08-28 06:08:16-07:00,6|31|77,3,Turn 7,causing_collision,,3,3,noted,noted,1,"[""TURN 7 INCIDENT INVOLVING CARS 6 (LAT), 31 (OCO) AND 77 (BOT) NOTED - CAUSING A COLLISION""]",algorithmic_pending_human_validation,False
referral-1eb4bf9700bb4d0a,2022-bel,Race,2022-08-28 07:31:45-07:00,2022-08-28 07:33:21-07:00,16,1,Pit Lane,other,,44,44,noted|investigation|sanction_announced,sanction_announced,3,"[""PIT LANE INCIDENT INVOLVING CAR 16 (LEC) NOTED - SPEEDING IN THE PIT LANE"", ""FIA STEWARDS: PIT LANE INCIDENT INVOLVING CAR 16 (LEC) UNDER INVESTIGATION - SPEEDING IN THE PIT LANE"", ""FIA STEWARDS: 5 SECOND TIME PENALTY FOR CAR 16 (LEC) - SPEEDING IN THE PIT LANE""]",algorithmic_pending_human_validation,False
referral-3f7afa7fa15b623b,2022-bhr,Race,2022-03-20 08:05:33-07:00,2022-03-20 08:12:20-07:00,31|47,2,Turn 6,causing_collision,,2,6,noted|investigation|sanction_announced,sanction_announced,3,"[""TURN 6 INCIDENT INVOLVING CARS 31 (OCO) AND 47 (MSC) NOTED - CAUSING A COLLISION"", ""FIA STEWARDS: TURN 6 INCIDENT INVOLVING CARS 31 (OCO) AND 47 (MSC) UNDER INVESTIGATION - CAUSING A COLLISION"", ""FIA STEWARDS: 5 SECOND TIME PENALTY FOR CAR 31 (OCO) - CAUSING A COLLISION""]",algorithmic_pending_human_validation,True
referral-42da70ada1b217e6,2022-bhr,Race,2022-03-20 08:07:37-07:00,2022-03-20 08:07:37-07:00,4|18,2,Turn 4,forcing_off_track,,3,3,noted,noted,1,"[""TURN 4 INCIDENT INVOLVING CARS 18 (STR) AND 4 (NOR) NOTED - FORCING ANOTHER DRIVER OFF THE TRACK""]",algorithmic_pending_human_validation,True
referral-89d1d360f4b8598a,2022-can,Race,2022-06-19 11:07:09-07:00,2022-06-19 11:07:09-07:00,77,1,Turn 14,other,,3,3,noted,noted,1,"[""TURN 14 INCIDENT INVOLVING CAR 77 (BOT) NOTED - FAILING TO FOLLOW RACE DIRECTORS INSTRUCTIONS""]",algorithmic_pending_human_validation,False
referral-72e469723309f0d0,2022-can,Race,2022-06-19 12:07:26-07:00,2022-06-19 12:07:26-07:00,4,1,Pit Lane,other,,49,49,sanction_announced,sanction_announced,1,"[""FIA STEWARDS: 5 SECOND TIME PENALTY FOR CAR 4 (NOR) - SPEEDING IN THE PIT LANE""]",algorithmic_pending_human_validation,False
referral-5bc0b64111b2855a,2022-can,Race,2022-06-19 12:29:32-07:00,2022-06-19 12:30:49-07:00,5,1,,other,,63,64,noted|post_session_investigation,post_session_investigation,2,"[""INCIDENT INVOLVING CAR 5 (VET) NOTED - SAFETY CAR INFRINGEMENT"", ""FIA STEWARDS: INCIDENT INVOLVING CAR 5 (VET) WILL BE INVESTIGATED AFTER THE RACE - SAFETY CAR INFRINGEMENT""]",algorithmic_pending_human_validation,False
referral-76e7ca0464355508,2022-can,Race,2022-06-19 12:41:32-07:00,2022-06-19 12:46:24-07:00,14,1,Turn 12,other,,70,70,noted|investigation,investigation,2,"[""TURN 12 INCIDENT INVOLVING CAR 14 (ALO) NOTED - WEAVING ON STRAIGHT"", ""FIA STEWARDS: TURN 12 INCIDENT INVOLVING CAR 14 (ALO) UNDER INVESTIGATION - WEAVING ON STRAIGHT""]",algorithmic_pending_human_validation,False
referral-9a26bd5c21a35182,2022-emi,Race,2022-04-24 06:04:46-07:00,2022-04-24 06:04:46-07:00,3|55,2,Turn 2,causing_collision,,1,1,noted,noted,1,"[""TURN 2 INCIDENT INVOLVING CARS 55 (SAI) AND 3 (RIC) NOTED - CAUSING A COLLISION""]",algorithmic_pending_human_validation,False
referral-e9a9d2b54204f22c,2022-emi,Race,2022-04-24 06:35:36-07:00,2022-04-24 06:39:15-07:00,31|44,2,Pit Lane,unsafe_release,,20,22,noted|investigation|sanction_announced,sanction_announced,3,"[""PIT LANE INCIDENT INVOLVING CARS 31 (OCO) AND 44 (HAM) NOTED - UNSAFE RELEASE"", ""FIA STEWARDS: PIT LANE INCIDENT INVOLVING CARS 31 (OCO) AND 44 (HAM) UNDER INVESTIGATION - UNSAFE RELEASE"", ""FIA STEWARDS: 5 SECOND TIME PENALTY FOR CAR 31 (OCO) - UNSAFE RELEASE""]",algorithmic_pending_human_validation,False
referral-d6915cc360fef112,2022-emi,Sprint,2022-04-23 07:35:19-07:00,2022-04-23 07:35:19-07:00,10|24,2,Turn 9,causing_collision,,2,2,noted,noted,1,"[""TURN 9 INCIDENT INVOLVING CARS 24 (ZHO) AND 10 (GAS) NOTED - CAUSING A COLLISION""]",algorithmic_pending_human_validation,False
referral-af7e20cf7552a95a,2022-emi,Sprint,2022-04-23 07:37:21-07:00,2022-04-23 07:37:21-07:00,11|20,2,Turn 5,other,,3,3,noted,noted,1,"[""TURN 5 INCIDENT INVOLVING CARS 20 (MAG) AND 11 (PER) NOTED - WEAVING ON STRAIGHT""]",algorithmic_pending_human_validation,False
referral-2205094270a9b1a0,2022-emi,Sprint,2022-04-23 07:54:21-07:00,2022-04-23 07:54:21-07:00,14|77,2,,other,,14,14,noted,noted,1,"[""INCIDENT INVOLVING CARS 14 (ALO) AND 77 (BOT) NOTED - WEAVING ON STRAIGHT""]",algorithmic_pending_human_validation,False
referral-35c0fd93e3d42817,2022-esp,Race,2022-05-22 06:04:46-07:00,2022-05-22 06:04:46-07:00,20|44,2,Turn 4,causing_collision,,2,2,noted,noted,1,"[""TURN 4 INCIDENT INVOLVING CARS 44 (HAM) AND 20 (MAG) NOTED - CAUSING A COLLISION""]",algorithmic_pending_human_validation,False
referral-95d3aa776803d281,2022-esp,Race,2022-05-22 06:40:00-07:00,2022-05-22 06:40:00-07:00,1|63,2,Turn 3,other,,25,25,noted,noted,1,"[""TURN 3 INCIDENT INVOLVING CARS 1 (VER) AND 63 (RUS) NOTED""]",algorithmic_pending_human_validation,False
referral-48f6a987a8ba4306,2022-esp,Race,2022-05-22 06:43:46-07:00,2022-05-22 06:46:17-07:00,10|18,2,Turn 1,causing_collision,,28,29,noted|sanction_announced,sanction_announced,2,"[""TURN 1 INCIDENT INVOLVING CARS 10 (GAS) AND 18 (STR) NOTED - CAUSING A COLLISION"", ""FIA STEWARDS: 5 SECOND TIME PENALTY FOR CAR 10 (GAS) - CAUSING A COLLISION""]",algorithmic_pending_human_validation,True
referral-2f5ef0b970d39572,2022-esp,Race,2022-05-22 07:41:14-07:00,2022-05-22 07:41:14-07:00,23,1,,track_limits,,66,66,sanction_announced,sanction_announced,1,"[""FIA STEWARDS: 5 SECOND TIME PENALTY FOR CAR 23 (ALB) - TRACK LIMITS""]",algorithmic_pending_human_validation,False
referral-835ba4919b26bf62,2022-fra,Race,2022-07-24 06:06:01-07:00,2022-07-24 06:09:03-07:00,22|31,2,Turn 8,causing_collision,,2,4,noted|investigation|sanction_announced,sanction_announced,3,"[""TURN 8 INCIDENT INVOLVING CARS 22 (TSU) AND 31 (OCO) NOTED - CAUSING A COLLISION"", ""FIA STEWARDS: TURN 8 INCIDENT INVOLVING CARS 22 (TSU) AND 31 (OCO) UNDER INVESTIGATION - CAUSING A COLLISION"", ""FIA STEWARDS: 5 SECOND TIME PENALTY FOR CAR 31 (OCO) - CAUSING A COLLISION""]",algorithmic_pending_human_validation,True
referral-6bb156bd8ad3ce98,2022-fra,Race,2022-07-24 06:43:38-07:00,2022-07-24 06:44:17-07:00,55,1,Pit Lane,unsafe_release,,23,24,noted|investigation|sanction_announced,sanction_announced,3,"[""PIT LANE INCIDENT INVOLVING CAR 55 (SAI) NOTED - UNSAFE RELEASE"", ""FIA STEWARDS: PIT LANE INCIDENT INVOLVING CAR 55 (SAI) UNDER INVESTIGATION - UNSAFE RELEASE"", ""FIA STEWARDS: 5 SECOND TIME PENALTY FOR CAR 55 (SAI) - UNSAFE RELEASE""]",algorithmic_pending_human_validation,False
referral-be7b03c7781d735e,2022-fra,Race,2022-07-24 06:45:05-07:00,2022-07-24 06:48:35-07:00,24|47,2,Turn 11,causing_collision,,24,26,noted|investigation|sanction_announced,sanction_announced,3,"[""TURN 11 INCIDENT INVOLVING CARS 47 (MSC) AND 24 (ZHO) NOTED - CAUSING A COLLISION"", ""FIA STEWARDS: TURN 11 INCIDENT INVOLVING CARS 47 (MSC) AND 24 (ZHO) UNDER INVESTIGATION - CAUSING A COLLISION"", ""FIA STEWARDS: 5 SECOND TIME PENALTY FOR CAR 24 (ZHO) - CAUSING A COLLISION""]",algorithmic_pending_human_validation,True
referral-77de8f515baa8b7e,2022-fra,Race,2022-07-24 07:08:54-07:00,2022-07-24 07:14:37-07:00,6|20|47,3,Turn 2,causing_collision,,39,42,noted|investigation|post_session_investigation,post_session_investigation,4,"[""TURN 2 INCIDENT INVOLVING CARS 6 (LAT) AND 47 (MSC) NOTED - CAUSING A COLLISION"", ""CORRECTION: TURN 2 INCIDENT INVOLVING CARS 6 (LAT) AND 20 (MAG) NOTED - CAUSING A COLLISION"", ""FIA STEWARDS: TURN 2 INCIDENT INVOLVING CARS 6 (LAT) AND 20 (MAG) UNDER INVESTIGATION - CAUSING A COLLISION"", ""FIA STEWARDS: TURN 2 INCIDENT INVOLVING CARS 6 (LAT) AND 20 (MAG) WILL BE INVESTIGATED AFTER THE RACE - CAUSING A COLLISION""]",algorithmic_pending_human_validation,True
referral-d2f7ce0813655209,2022-fra,Race,2022-07-24 07:17:44-07:00,2022-07-24 07:17:44-07:00,11|63,2,Turn 8,causing_collision,,44,44,noted,noted,1,"[""TURN 8 INCIDENT INVOLVING CARS 11 (PER) AND 63 (RUS) NOTED - CAUSING A COLLISION""]",algorithmic_pending_human_validation,False
referral-019609673ccdab00,2022-gbr,Race,2022-07-03 07:08:02-07:00,2022-07-03 07:08:02-07:00,,0,,other,,2,2,noted,noted,1,"[""START OF THE RACE INCIDENT NOTED""]",algorithmic_pending_human_validation,False
referral-389b521dcb95cd84,2022-gbr,Race,2022-07-03 08:00:44-07:00,2022-07-03 08:00:44-07:00,1|16,2,Turn 6,causing_collision,,3,3,noted,noted,1,"[""TURN 6 INCIDENT INVOLVING CARS 1 (VER) AND 16 (LEC) NOTED - CAUSING A COLLISION""]",algorithmic_pending_human_validation,False
referral-f350b45522a9833d,2022-gbr,Race,2022-07-03 08:14:26-07:00,2022-07-03 08:14:26-07:00,10|22,2,Turn 15,forcing_off_track,,12,12,noted,noted,1,"[""TURN 15 INCIDENT INVOLVING CARS 10 (GAS) AND 22 (TSU) NOTED - FORCING ANOTHER DRIVER OFF THE TRACK""]",algorithmic_pending_human_validation,False
referral-36e92eadd8444450,2022-gbr,Race,2022-07-03 08:14:41-07:00,2022-07-03 08:18:52-07:00,10|22,2,Turn 3,causing_collision,,12,15,noted|sanction_announced,sanction_announced,2,"[""TURN 3 INCIDENT INVOLVING CARS 22 (TSU) AND 10 (GAS) NOTED - CAUSING A COLLISION"", ""FIA STEWARDS: 5 SECOND TIME PENALTY FOR CAR 22 (TSU) - CAUSING A COLLISION""]",algorithmic_pending_human_validation,True
referral-f8f9417fc9f29185,2022-gbr,Race,2022-07-03 09:11:26-07:00,2022-07-03 09:11:26-07:00,11|16,2,Turn 16,gaining_advantage_off_track,,46,46,noted,noted,1,"[""TURN 16 INCIDENT INVOLVING CARS 11 (PER) AND 16 (LEC) NOTED - LEAVING THE TRACK AND GAINING AN ADVANTAGE""]",algorithmic_pending_human_validation,False
referral-8aa8ca553d3d9177,2022-gbr,Race,2022-07-03 09:13:52-07:00,2022-07-03 09:13:52-07:00,11|44,2,Turn 3,forcing_off_track,,48,48,noted,noted,1,"[""TURN 3 INCIDENT INVOLVING CARS 11 (PER) AND 44 (HAM) NOTED - FORCING ANOTHER DRIVER OFF THE TRACK""]",algorithmic_pending_human_validation,False
referral-daf90d565d2a646c,2022-gbr,Race,2022-07-03 09:24:50-07:00,2022-07-03 09:24:50-07:00,1|47,2,Turn 6,forcing_off_track,,52,52,noted,noted,1,"[""TURN 6 INCIDENT INVOLVING CARS 47 (MSC) AND 1 (VER) NOTED - FORCING ANOTHER DRIVER OFF THE TRACK""]",algorithmic_pending_human_validation,False
referral-10a699137eb8809f,2022-hun,Race,2022-07-31 06:09:12-07:00,2022-07-31 06:09:12-07:00,5|23,2,Turn 2,causing_collision,,4,4,noted,noted,1,"[""TURN 2 INCIDENT INVOLVING CARS 23 (ALB) AND 5 (VET) NOTED - CAUSING A COLLISION""]",algorithmic_pending_human_validation,False
referral-b56ea8038f408086,2022-hun,Race,2022-07-31 07:11:20-07:00,2022-07-31 07:13:25-07:00,3|18,2,Turn 2,causing_collision,,48,50,noted|investigation|sanction_announced,sanction_announced,3,"[""TURN 2 INCIDENT INVOLVING CARS 18 (STR) AND 3 (RIC) NOTED - CAUSING A COLLISION"", ""FIA STEWARDS: TURN 2 INCIDENT INVOLVING CARS 18 (STR) AND 3 (RIC) UNDER INVESTIGATION - CAUSING A COLLISION"", ""FIA STEWARDS: 5 SECOND TIME PENALTY FOR CAR 3 (RIC) - CAUSING A COLLISION""]",algorithmic_pending_human_validation,True
referral-ef17bab76a218441,2022-hun,Race,2022-07-31 07:48:59-07:00,2022-07-31 07:52:23-07:00,24|47,2,Turn 13,gaining_advantage_off_track,,70,70,noted|post_session_investigation,post_session_investigation,2,"[""TURN 13 INCIDENT INVOLVING CARS 24 (ZHO) AND 47 (MSC) NOTED - LEAVING THE TRACK AND GAINING AN ADVANTAGE"", ""FIA STEWARDS: TURN 13 INCIDENT INVOLVING CARS 24 (ZHO) AND 47 (MSC) WILL BE INVESTIGATED AFTER THE RACE - LEAVING THE TRACK AND GAINING AN ADVANTAGE""]",algorithmic_pending_human_validation,True
referral-ce638ec236da1e4c,2022-ita,Race,2022-09-11 06:18:41-07:00,2022-09-11 06:27:19-07:00,20,1,Turn 1,gaining_advantage_off_track,1.0,11,17,noted|investigation|sanction_announced,sanction_announced,3,"[""LAP 1 TURN 1 INCIDENT INVOLVING CAR 20 (MAG) NOTED - LEAVING THE TRACK AND GAINING AN ADVANTAGE"", ""FIA STEWARDS: LAP 1 TURN 1 INCIDENT INVOLVING CAR 20 (MAG) UNDER INVESTIGATION - LEAVING THE TRACK AND GAINING AN ADVANTAGE"", ""FIA STEWARDS: 5 SECOND TIME PENALTY FOR CAR 20 (MAG) - LEAVING THE TRACK AND GAINING AN ADVANTAGE""]",algorithmic_pending_human_validation,True
referral-fbbe123cbaa06948,2022-ita,Race,2022-09-11 07:27:45-07:00,2022-09-11 07:27:45-07:00,24|45,2,Turn 3,other,,53,53,noted,noted,1,"[""TURN 3 INCIDENT INVOLVING CARS 45 (DEV) AND 24 (ZHO) NOTED - DRIVING ERRATICALLY""]",algorithmic_pending_human_validation,False
referral-ea31946d605ef5e2,2022-jpn,Race,2022-10-08 22:56:53-07:00,2022-10-08 23:03:16-07:00,10,1,Turn 12,other,1.0,3,3,noted|post_session_investigation,post_session_investigation,3,"[""LAP 1, TURN 12 INCIDENT INVOLVING CAR 10 (GAS) NOTED"", ""CORRECTION - LAP 2, TURN 12 INCIDENT INVOLVING CAR 10 (GAS) NOTED"", ""FIA STEWARDS: - LAP 2, TURN 12 INCIDENT INVOLVING CAR 10 (GAS) WILL BE INVESTIGATED AFTER THE RACE""]",algorithmic_pending_human_validation,False
referral-d9b38fbdd5c67c2a,2022-jpn,Race,2022-10-09 00:25:02-07:00,2022-10-09 00:25:02-07:00,5|6,2,Pit Lane,unsafe_release,,6,6,noted,noted,1,"[""PIT LANE INCIDENT INVOLVING CARS 5 (VET) AND 6 (LAT) NOTED - UNSAFE RELEASE""]",algorithmic_pending_human_validation,False
referral-20ba38467bf711ed,2022-jpn,Race,2022-10-09 00:57:44-07:00,2022-10-09 00:57:44-07:00,18|47,2,Turn 11,causing_collision,,24,24,noted,noted,1,"[""TURN 11 INCIDENT INVOLVING CARS 18 (STR) AND 47 (MSC) NOTED - CAUSING A COLLISION""]",algorithmic_pending_human_validation,False
referral-bbf93312f89e7e83,2022-jpn,Race,2022-10-09 01:08:09-07:00,2022-10-09 01:10:35-07:00,11|16,2,Turn 16,gaining_advantage_off_track,,29,29,noted|investigation|sanction_announced,sanction_announced,3,"[""TURN 16 INCIDENT INVOLVING CARS 16 (LEC) AND 11 (PER) NOTED - LEAVING THE TRACK AND GAINING AN ADVANTAGE"", ""FIA STEWARDS: TURN 16 INCIDENT INVOLVING CARS 16 (LEC) AND 11 (PER) UNDER INVESTIGATION - LEAVING THE TRACK AND GAINING AN ADVANTAGE"", ""FIA STEWARDS: 5 SECOND TIME PENALTY FOR CAR 16 (LEC) - LEAVING THE TRACK AND GAINING AN ADVANTAGE""]",algorithmic_pending_human_validation,True
referral-ac3383f5ab1369b9,2022-mco,Race,2022-05-29 07:33:09-07:00,2022-05-29 07:45:38-07:00,23|47,2,Turn 10,gaining_advantage_off_track,,17,25,noted|sanction_announced,sanction_announced,2,"[""TURN 10 INCIDENT INVOLVING CARS 23 (ALB) AND 47 (MSC) NOTED - LEAVING THE TRACK AND GAINING AN ADVANTAGE"", ""FIA STEWARDS: 5 SECOND TIME PENALTY FOR CAR 23 (ALB) - LEAVING THE TRACK AND GAINING AN ADVANTAGE""]",algorithmic_pending_human_validation,True
referral-49355d675874c5de,2022-mco,Race,2022-05-29 07:40:09-07:00,2022-05-29 07:40:09-07:00,31|44,2,Turn 1,causing_collision,,21,21,noted,noted,1,"[""TURN 1 INCIDENT INVOLVING CARS 44 (HAM) AND 31 (OCO) NOTED - CAUSING A COLLISION""]",algorithmic_pending_human_validation,True
referral-d1eeca104a7b2bd3,2022-mco,Race,2022-05-29 07:43:31-07:00,2022-05-29 07:43:31-07:00,11,1,Pit Lane,other,,23,23,noted,noted,1,"[""PIT EXIT INCIDENT INVOLVING CAR 11 (PER) NOTED""]",algorithmic_pending_human_validation,False
referral-12845c06ef7c876e,2022-mco,Race,2022-05-29 08:23:19-07:00,2022-05-29 08:23:19-07:00,31,1,,causing_collision,,35,35,sanction_announced,sanction_announced,1,"[""FIA STEWARDS: 5 SECOND TIME PENALTY FOR CAR 31 (OCO) - CAUSING A COLLISION""]",algorithmic_pending_human_validation,False
referral-6984f28e6f4d5390,2022-mex,Race,2022-10-30 13:21:44-07:00,2022-10-30 13:26:39-07:00,10|18,2,Turn 4,forcing_off_track,,14,17,noted|investigation|sanction_announced,sanction_announced,3,"[""TURN 4 INCIDENT INVOLVING CARS 10 (GAS) AND 18 (STR) NOTED - FORCING ANOTHER DRIVER OFF THE TRACK"", ""FIA STEWARDS: TURN 4 INCIDENT INVOLVING CARS 10 (GAS) AND 18 (STR) UNDER INVESTIGATION - FORCING ANOTHER DRIVER OFF THE TRACK"", ""FIA STEWARDS: 5 SECOND TIME PENALTY FOR CAR 10 (GAS) - FORCING ANOTHER DRIVER OFF THE TRACK""]",algorithmic_pending_human_validation,True
referral-356c0381e1def57c,2022-mex,Race,2022-10-30 14:14:13-07:00,2022-10-30 14:17:44-07:00,3|22,2,Turn 5,causing_collision,,52,54,noted|investigation|sanction_announced,sanction_announced,3,"[""TURN 5 INCIDENT INVOLVING CARS 3 (RIC) AND 22 (TSU) NOTED - CAUSING A COLLISION"", ""FIA STEWARDS: TURN 6 INCIDENT INVOLVING CARS 3 (RIC) AND 22 (TSU) UNDER INVESTIGATION - CAUSING A COLLISION"", ""FIA STEWARDS: 10 SECOND TIME PENALTY FOR CAR 3 (RIC) - CAUSING A COLLISION""]",algorithmic_pending_human_validation,True
referral-876de9dc1b18ea7b,2022-mia,Race,2022-05-08 13:34:41-07:00,2022-05-08 13:40:18-07:00,10|14,2,Turn 1,causing_collision,,40,42,noted|investigation|sanction_announced,sanction_announced,3,"[""TURN 1 INCIDENT INVOLVING CARS 10 (GAS) AND 14 (ALO) NOTED - CAUSING A COLLISION"", ""FIA STEWARDS: TURN 1 INCIDENT INVOLVING CARS 10 (GAS) AND 14 (ALO) UNDER INVESTIGATION - CAUSING A COLLISION"", ""FIA STEWARDS: 5 SECOND TIME PENALTY FOR CAR 14 (ALO) - CAUSING A COLLISION""]",algorithmic_pending_human_validation,True
referral-ab5ecffd4b1f535b,2022-mia,Race,2022-05-08 13:51:59-07:00,2022-05-08 14:19:54-07:00,18|20,2,Turn 2,causing_collision,,47,57,noted|investigation|no_further_action|sanction_announced,sanction_announced,6,"[""TURN 2 INCIDENT INVOLVING CARS 20 (MAG) AND 18 (STR) NOTED - CAUSING A COLLISION"", ""FIA STEWARDS: TURN 2 INCIDENT INVOLVING CARS 20 (MAG) AND 18 (STR) UNDER INVESTIGATION - CAUSING A COLLISION"", ""FIA STEWARDS: TURN 2 INCIDENT INVOLVING CARS 20 (MAG) AND 18 (STR) NO FURTHER ACTION - CAUSING A COLLISION"", ""TURN 11 INCIDENT INVOLVING CARS 20 (MAG) AND 18 (STR) NOTED - CAUSING A COLLISION"", ""FIA STEWARDS: TURN 11 INCIDENT INVOLVING CARS 20 (MAG) AND 18 (STR) UNDER INVESTIGATION - CAUSING A COLLISION"", ""FIA STEWARDS: 5 SECOND TIME PENALTY FOR CAR 20 (MAG) - CAUSING A COLLISION""]",algorithmic_pending_human_validation,True
referral-1634cab5349707ea,2022-mia,Race,2022-05-08 14:03:18-07:00,2022-05-08 14:13:57-07:00,5|20|47,3,Turn 1,causing_collision,,55,57,noted|investigation|no_further_action,no_further_action,4,"[""TURN 1 INCIDENT INVOLVING CARS 20 (MAG) AND 5 (VET) NOTED - CAUSING A COLLISION"", ""FIA STEWARDS: TURN 1 INCIDENT INVOLVING CARS 20 (MAG) AND 5 (VET) UNDER INVESTIGATION - CAUSING A COLLISION"", ""CORRECTION FIA STEWARDS: TURN 1 INCIDENT INVOLVING CARS 47 (MSC) AND 5 (VET) UNDER INVESTIGATION - CAUSING A COLLISION"", ""FIA STEWARDS: TURN 1 INCIDENT INVOLVING CARS 47 (MSC) AND 5 (VET) NO FURTHER ACTION - CAUSING A COLLISION""]",algorithmic_pending_human_validation,True
referral-0a5650501778b6fc,2022-mia,Race,2022-05-08 14:05:09-07:00,2022-05-08 14:06:11-07:00,3|20|47,3,Turn 12,gaining_advantage_off_track,,56,57,noted|investigation,investigation,3,"[""TURN 12 INCIDENT INVOLVING CARS 20 (MAG) AND 3 (RIC) NOTED - LEAVING THE TRACK AND GAINING AN ADVANTAGE"", ""FIA STEWARDS: TURN 12 INCIDENT INVOLVING CARS 20 (MAG) AND 3 (RIC) UNDER INVESTIGATION - LEAVING THE TRACK AND GAINING AN ADVANTAGE"", ""CORRECTION FIA STEWARDS: TURN 12 INCIDENT INVOLVING CARS 47 (MSC) AND 3 (RIC) UNDER INVESTIGATION - LEAVING THE TRACK AND GAINING AN""]",algorithmic_pending_human_validation,True
referral-f85a8a54cda6b386,2022-mia,Race,2022-05-08 14:06:51-07:00,2022-05-08 14:14:58-07:00,14,1,Turn 14,gaining_advantage_off_track,,57,57,noted|investigation,investigation,3,"[""TURN 14 INCIDENT INVOLVING CAR 14 (ALO) NOTED - LEAVING THE TRACK AND GAINING AN ADVANTAGE"", ""TURN 15 INCIDENT INVOLVING CAR 14 (ALO) NOTED - LEAVING THE TRACK AND GAINING AN ADVANTAGE"", ""FIA STEWARDS: TURN 15 INCIDENT INVOLVING CAR 14 (ALO) UNDER INVESTIGATION - LEAVING THE TRACK AND GAINING AN ADVANTAGE""]",algorithmic_pending_human_validation,True
referral-a5c9a7daaf16f38b,2022-mia,Race,2022-05-08 14:07:31-07:00,2022-05-08 14:07:31-07:00,20,1,,other,,57,57,noted,noted,1,"[""INCIDENT INVOLVING CAR 20 (MAG) NOTED - WEAVING ON STRAIGHT""]",algorithmic_pending_human_validation,False
referral-65c836f61557e52a,2022-mia,Race,2022-05-08 14:22:16-07:00,2022-05-08 14:22:16-07:00,3,1,,gaining_advantage_off_track,,57,57,sanction_announced,sanction_announced,1,"[""FIA STEWARDS: 5 SECOND TIME PENALTY FOR CAR 3 (RIC) - LEAVING THE TRACK AND GAINING AN ADVANTAGE""]",algorithmic_pending_human_validation,False
referral-708fa6f3dc589219,2022-ned,Race,2022-09-04 06:22:54-07:00,2022-09-04 06:28:08-07:00,24,1,Pit Lane,other,,16,20,noted|investigation|sanction_announced,sanction_announced,3,"[""PIT LANE INCIDENT INVOLVING CAR 24 (ZHO) NOTED - SPEEDING IN THE PIT LANE"", ""FIA STEWARDS: PIT LANE INCIDENT INVOLVING CAR 24 (ZHO) UNDER INVESTIGATION - SPEEDING IN THE PIT LANE"", ""FIA STEWARDS: 5 SECOND TIME PENALTY FOR CAR 24 (ZHO) - SPEEDING IN THE PIT LANE""]",algorithmic_pending_human_validation,False
referral-8eaae4b67acbecb7,2022-ned,Race,2022-09-04 06:29:59-07:00,2022-09-04 06:30:10-07:00,11|55,2,Pit Lane,other,,21,22,noted|post_session_investigation,post_session_investigation,2,"[""PIT LANE INCIDENT INVOLVING CARS 11 (PER) AND 55 (SAI) NOTED "", ""FIA STEWARDS: PIT LANE INCIDENT INVOLVING CARS 11 (PER) AND 55 (SAI) WILL BE INVESTIGATED AFTER THE RACE ""]",algorithmic_pending_human_validation,False
referral-f06522d460a25504,2022-ned,Race,2022-09-04 06:31:52-07:00,2022-09-04 06:31:52-07:00,5|77,2,Turn 1,causing_collision,,23,23,noted,noted,1,"[""TURN 1 INCIDENT INVOLVING CARS 77 (BOT) AND 5 (VET) NOTED - CAUSING A COLLISION""]",algorithmic_pending_human_validation,False
referral-8499e4ee4e711c52,2022-ned,Race,2022-09-04 06:55:13-07:00,2022-09-04 06:55:18-07:00,5,1,Pit Lane,blue_flags,,41,41,noted|investigation,investigation,2,"[""PIT EXIT INCIDENT INVOLVING CAR 5 (VET) NOTED - IGNORING BLUE FLAGS"", ""FIA STEWARDS: PIT EXIT INCIDENT INVOLVING CAR 5 (VET) UNDER INVESTIGATION - IGNORING BLUE FLAGS""]",algorithmic_pending_human_validation,False
referral-b25c9aa1e51b25bf,2022-ned,Race,2022-09-04 07:02:57-07:00,2022-09-04 07:02:57-07:00,24,1,Pit Lane,other,,47,47,noted,noted,1,"[""PIT LANE INCIDENT INVOLVING CAR 24 (ZHO) NOTED ""]",algorithmic_pending_human_validation,False
referral-e8c4f0eee17f967f,2022-ned,Race,2022-09-04 07:09:28-07:00,2022-09-04 07:09:38-07:00,22,1,Pit Lane,other,,52,52,noted|post_session_investigation,post_session_investigation,2,"[""CORRECTION: PIT LANE INCIDENT INVOLVING CAR 22 (TSU) NOTED "", ""FIA STEWARDS: CORRECTION: PIT LANE INCIDENT INVOLVING CAR 22 (TSU) WILL BE INVESTIGATED AFTER THE RACE ""]",algorithmic_pending_human_validation,False
referral-32f3da4742a77887,2022-ned,Race,2022-09-04 07:10:20-07:00,2022-09-04 07:10:20-07:00,5,1,,blue_flags,,52,52,sanction_announced,sanction_announced,1,"[""FIA STEWARDS: 5 SECOND TIME PENALTY FOR CAR 5 (VET) - IGNORING BLUE FLAGS""]",algorithmic_pending_human_validation,False
referral-f0ab273e049384f5,2022-ned,Race,2022-09-04 07:33:57-07:00,2022-09-04 07:34:21-07:00,55,1,Pit Lane,unsafe_release,,68,68,noted|investigation|sanction_announced,sanction_announced,3,"[""PIT LANE INCIDENT INVOLVING CAR 55 (SAI) NOTED - UNSAFE RELEASE"", ""FIA STEWARDS: PIT LANE INCIDENT INVOLVING CAR 55 (SAI) UNDER INVESTIGATION - UNSAFE RELEASE"", ""FIA STEWARDS: 5 SECOND TIME PENALTY FOR CAR 55 (SAI) - UNSAFE RELEASE""]",algorithmic_pending_human_validation,False
referral-67780866808a5f6f,2022-sao,Race,2022-11-13 10:04:20-08:00,2022-11-13 10:09:45-08:00,3|20,2,Turn 9,causing_collision,,2,4,noted|post_session_investigation,post_session_investigation,2,"[""TURN 9 INCIDENT INVOLVING CARS 20 (MAG) AND 3 (RIC) NOTED - CAUSING A COLLISION"", ""FIA STEWARDS: TURN 9 INCIDENT INVOLVING CARS 20 (MAG) AND 3 (RIC) WILL BE INVESTIGATED AFTER THE RACE - CAUSING A COLLISION""]",algorithmic_pending_human_validation,True
referral-0dd70d10c29e7dad,2022-sao,Race,2022-11-13 10:14:57-08:00,2022-11-13 10:22:08-08:00,1|44,2,Turn 2,causing_collision,,7,13,noted|investigation|sanction_announced,sanction_announced,3,"[""TURN 2 INCIDENT INVOLVING CARS 1 (VER) AND 44 (HAM) NOTED - CAUSING A COLLISION"", ""FIA STEWARDS: TURN 2 INCIDENT INVOLVING CARS 1 (VER) AND 44 (HAM) UNDER INVESTIGATION - CAUSING A COLLISION"", ""FIA STEWARDS: 5 SECOND TIME PENALTY FOR CAR 1 (VER) - CAUSING A COLLISION""]",algorithmic_pending_human_validation,True
referral-aa461e885941c585,2022-sao,Race,2022-11-13 10:16:07-08:00,2022-11-13 10:22:31-08:00,4|16,2,,causing_collision,,8,13,noted|investigation|sanction_announced,sanction_announced,3,"[""INCIDENT INVOLVING CARS 4 (NOR) AND 16 (LEC) NOTED - CAUSING A COLLISION"", ""FIA STEWARDS: INCIDENT INVOLVING CARS 4 (NOR) AND 16 (LEC) UNDER INVESTIGATION - CAUSING A COLLISION"", ""FIA STEWARDS: 5 SECOND TIME PENALTY FOR CAR 4 (NOR) - CAUSING A COLLISION""]",algorithmic_pending_human_validation,True
referral-c421a9198595acba,2022-sao,Race,2022-11-13 10:39:56-08:00,2022-11-13 10:39:56-08:00,47,1,Pit Lane,other,,27,27,noted,noted,1,"[""PIT LANE INCIDENT INVOLVING CAR 47 (MSC) NOTED""]",algorithmic_pending_human_validation,False
referral-30c888ae4374d3c0,2022-sao,Race,2022-11-13 10:43:39-08:00,2022-11-13 10:43:39-08:00,,0,Pit Lane,other,,29,29,post_session_investigation,post_session_investigation,1,"[""FIA STEWARDS: PIT LANE INCIDENT INVOLVING ALFA ROMEO TEAM WILL BE INVESTIGATED AFTER THE RACE""]",algorithmic_pending_human_validation,False
referral-22e16903295d1162,2022-sao,Race,2022-11-13 11:29:40-08:00,2022-11-13 11:29:40-08:00,18|47,2,Turn 4,gaining_advantage_off_track,,62,62,noted,noted,1,"[""TURN 4 INCIDENT INVOLVING CARS 18 (STR) AND 47 (MSC) NOTED - LEAVING THE TRACK AND GAINING AN ADVANTAGE""]",algorithmic_pending_human_validation,False
referral-9e1e56358831f411,2022-sao,Race,2022-11-13 11:41:53-08:00,2022-11-13 11:41:53-08:00,22|55,2,,other,,71,71,noted,noted,1,"[""INCIDENT INVOLVING CARS 55 (SAI) AND 22 (TSU) NOTED - SAFETY CAR INFRINGEMENT""]",algorithmic_pending_human_validation,False
referral-5067a2100b5dc0a2,2022-sao,Race,2022-11-13 11:43:43-08:00,2022-11-13 11:43:43-08:00,10,1,Pit Lane,other,,71,71,sanction_announced,sanction_announced,1,"[""FIA STEWARDS: 5 SECOND TIME PENALTY FOR CAR 10 (GAS) - SPEEDING IN THE PIT LANE""]",algorithmic_pending_human_validation,False
referral-bd42c526a11595b4,2022-sao,Sprint,2022-11-12 11:39:12-08:00,2022-11-12 11:39:12-08:00,3|24|44,3,,other,,5,5,noted,noted,1,"[""INCIDENT INVOLVING CARS 3 (RIC), 24 (ZHO) AND 44 (HAM) NOTED - STARTING PROCEDURE INFRINGEMENT""]",algorithmic_pending_human_validation,False
referral-9f073c91d807f8b5,2022-sao,Sprint,2022-11-12 11:45:09-08:00,2022-11-12 11:51:53-08:00,5|18,2,,forcing_off_track,,10,16,noted|investigation,investigation,2,"[""INCIDENT INVOLVING CARS 5 (VET) AND 18 (STR) NOTED - FORCING ANOTHER DRIVER OFF THE TRACK"", ""FIA STEWARDS: INCIDENT INVOLVING CARS 5 (VET) AND 18 (STR) UNDER INVESTIGATION - DANGEROUS MANOEUVRE""]",algorithmic_pending_human_validation,True
referral-3112a1079a1cbdb1,2022-sao,Sprint,2022-11-12 11:53:05-08:00,2022-11-12 11:53:05-08:00,18,1,,other,,16,16,sanction_announced,sanction_announced,1,"[""FIA STEWARDS: 10 SECOND TIME PENALTY FOR CAR 18 (STR) - DANGEROUS MANOEUVRE""]",algorithmic_pending_human_validation,False
referral-1ac16516e7acdc09,2022-sao,Sprint,2022-11-12 11:59:04-08:00,2022-11-12 11:59:04-08:00,14|31,2,,causing_collision,,21,21,noted,noted,1,"[""LAP 1 INCIDENTS INVOLVING CARS 14 (ALO) AND 31 (OCO) NOTED - CAUSING A COLLISION""]",algorithmic_pending_human_validation,True
referral-d0393b67a7c7f755,2022-sao,Sprint,2022-11-12 12:01:09-08:00,2022-11-12 12:01:09-08:00,18|47,2,,other,,23,23,noted,noted,1,"[""INCIDENT INVOLVING CARS 18 (STR) AND 47 (MSC) NOTED - DRIVING ERRATICALLY""]",algorithmic_pending_human_validation,False
referral-eb87c8cf65a946b8,2022-sao,Sprint,2022-11-12 12:15:34-08:00,2022-11-12 12:15:34-08:00,14|31,2,,causing_collision,1.0,24,24,investigation,investigation,1,"[""FIA STEWARDS: LAP 1, MAIN STRAIGHT INCIDENT INVOLVING CARS 14 (ALO) AND 31 (OCO) UNDER INVESTIGATION - CAUSING A COLLISION""]",algorithmic_pending_human_validation,False
referral-98bbe328e342601b,2022-sau,Race,2022-03-27 10:07:27-07:00,2022-03-27 10:07:27-07:00,4|20,2,Turn 4,other,,3,3,noted,noted,1,"[""TURN 4 INCIDENT INVOLVING CARS 4 (NOR) AND 20 (MAG) NOTED""]",algorithmic_pending_human_validation,False
referral-a22378f9fdd60b0a,2022-sau,Race,2022-03-27 10:14:37-07:00,2022-03-27 10:20:22-07:00,23|24,2,Turn 2,other,,8,11,noted|investigation,investigation,2,"[""TURN 2 INCIDENT INVOLVING CARS 24 (ZHO) AND 23 (ALB) NOTED "", ""FIA STEWARDS: TURN 2 INCIDENT INVOLVING CARS 24 (ZHO) AND 23 (ALB) UNDER INVESTIGATION ""]",algorithmic_pending_human_validation,False
referral-364a3cf6484f3056,2022-sau,Race,2022-03-27 10:15:27-07:00,2022-03-27 10:15:27-07:00,14|31,2,Turn 1,other,,8,8,noted,noted,1,"[""TURN 1 INCIDENT INVOLVING CARS 14 (ALO) AND 31 (OCO) NOTED ""]",algorithmic_pending_human_validation,False
referral-1e663d3feb7385c9,2022-sau,Race,2022-03-27 10:23:16-07:00,2022-03-27 10:49:41-07:00,24,1,,gaining_advantage_off_track,,13,27,sanction_announced|noted|investigation,sanction_announced,4,"[""FIA STEWARDS: 5 SECOND TIME PENALTY FOR CAR 24 (ZHO) - LEAVING THE TRACK AND GAINING AN ADVANTAGE"", ""INCIDENT INVOLVING CAR 24 (ZHO) NOTED"", ""FIA STEWARDS: INCIDENT INVOLVING CAR 24 (ZHO) UNDER INVESTIGATION - PENALTY NOT SERVED"", ""FIA STEWARDS: DRIVE THROUGH PENALTY FOR CAR 24 (ZHO) - PENALTY NOT SERVED""]",algorithmic_pending_human_validation,True
referral-2d5b0babad25e8bc,2022-sau,Race,2022-03-27 10:34:43-07:00,2022-03-27 10:34:43-07:00,11|55,2,,other,,19,19,noted,noted,1,"[""INCIDENT INVOLVING CARS 55 (SAI) AND 11 (PER) NOTED - SAFETY CAR INFRINGEMENT""]",algorithmic_pending_human_validation,False
referral-3ca551749339034b,2022-sau,Race,2022-03-27 11:25:02-07:00,2022-03-27 11:25:53-07:00,18|23,2,Turn 1,causing_collision,,49,49,noted|post_session_investigation,post_session_investigation,2,"[""TURN 1 INCIDENT INVOLVING CARS 18 (STR) AND 23 (ALB) NOTED - CAUSING A COLLISION"", ""FIA STEWARDS: TURN 1 INCIDENT INVOLVING CARS 18 (STR) AND 23 (ALB) WILL BE INVESTIGATED AFTER THE RACE - CAUSING A COLLISION""]",algorithmic_pending_human_validation,True
referral-dd8f5a93b8c80363,2022-sau,Race,2022-03-27 11:30:35-07:00,2022-03-27 11:31:31-07:00,20,1,,other,,50,50,noted|investigation,investigation,2,"[""INCIDENT INVOLVING CAR 20 (MAG) NOTED - FAILING TO SLOW UNDER YELLOW FLAGS"", ""FIA STEWARDS: INCIDENT INVOLVING CAR 20 (MAG) UNDER INVESTIGATION - FAILING TO SLOW UNDER YELLOW FLAGS""]",algorithmic_pending_human_validation,False
referral-049a42842d9384dd,2022-sau,Race,2022-03-27 11:31:51-07:00,2022-03-27 11:31:51-07:00,55,1,,other,,50,50,noted,noted,1,"[""INCIDENT INVOLVING CAR 55 (SAI) NOTED - FAILING TO SLOW UNDER YELLOW FLAGS""]",algorithmic_pending_human_validation,False
referral-616992bdb471ad0d,2022-sau,Race,2022-03-27 11:32:20-07:00,2022-03-27 11:32:20-07:00,11,1,,other,,50,50,noted,noted,1,"[""INCIDENT INVOLVING CAR 11 (PER) NOTED - FAILING TO SLOW UNDER YELLOW FLAGS""]",algorithmic_pending_human_validation,False
referral-0214384bb0893524,2022-sau,Race,2022-03-27 11:34:07-07:00,2022-03-27 11:34:07-07:00,,0,,other,,50,50,investigation,investigation,1,"[""LAPS 49 AND 50 - DOUBLE YELLOW UNDER INVESTIGATION""]",algorithmic_pending_human_validation,False
referral-ad9221cd361a7d80,2022-sgp,Race,2022-10-02 06:12:39-07:00,2022-10-02 06:12:39-07:00,44|55,2,Turn 1,forcing_off_track,,2,2,noted,noted,1,"[""TURN 1 INCIDENT INVOLVING CARS 44 (HAM) AND 55 (SAI) NOTED - FORCING ANOTHER DRIVER OFF THE TRACK""]",algorithmic_pending_human_validation,False
referral-322bb3271af54ea3,2022-sgp,Race,2022-10-02 06:14:00-07:00,2022-10-02 06:14:00-07:00,1,1,Turn 1,gaining_advantage_off_track,,3,3,noted,noted,1,"[""TURN 1 INCIDENT INVOLVING CAR 1 (VER) NOTED - LEAVING THE TRACK AND GAINING AN ADVANTAGE""]",algorithmic_pending_human_validation,False
referral-ad8b21666896b543,2022-sgp,Race,2022-10-02 06:32:29-07:00,2022-10-02 06:39:10-07:00,1|20,2,Turn 7,causing_collision,1.0,11,14,noted|investigation|no_further_action,no_further_action,3,"[""LAP 1, TURN 7 INCIDENT INVOLVING CARS 1 (VER) AND 20 (MAG) NOTED - CAUSING A COLLISION"", ""FIA STEWARDS: LAP 1, TURN 7 INCIDENT INVOLVING CARS 1 (VER) AND 20 (MAG) UNDER INVESTIGATION - CAUSING A COLLISION"", ""FIA STEWARDS: LAP 1, TURN 7 INCIDENT INVOLVING CARS 1 (VER) AND 20 (MAG) NO FURTHER ACTION - CAUSING A COLLISION""]",algorithmic_pending_human_validation,True
referral-c7f06201ab374d1f,2022-sgp,Race,2022-10-02 06:32:57-07:00,2022-10-02 06:33:02-07:00,6|24,2,Turn 5,causing_collision,,11,11,noted|investigation,investigation,2,"[""TURN 5 INCIDENT INVOLVING CARS 6 (LAT) AND 24 (ZHO) NOTED - CAUSING A COLLISION"", ""FIA STEWARDS: TURN 5 INCIDENT INVOLVING CARS 6 (LAT) AND 24 (ZHO) UNDER INVESTIGATION - CAUSING A COLLISION""]",algorithmic_pending_human_validation,True
referral-3dcb588a97e3af46,2022-sgp,Race,2022-10-02 07:35:38-07:00,2022-10-02 07:35:38-07:00,11,1,,other,,40,40,noted,noted,1,"[""INCIDENT INVOLVING CAR 11 (PER) NOTED - SAFETY CAR INFRINGEMENT""]",algorithmic_pending_human_validation,False
referral-66dcf876677aec77,2022-sgp,Race,2022-10-02 07:38:15-07:00,2022-10-02 07:38:15-07:00,47|63,2,Turn 1,causing_collision,,41,41,noted,noted,1,"[""TURN 1 INCIDENT INVOLVING CARS 63 (RUS) AND 47 (MSC) NOTED - CAUSING A COLLISION""]",algorithmic_pending_human_validation,False
referral-58e7a683508533ad,2022-sgp,Race,2022-10-02 07:55:10-07:00,2022-10-02 07:55:10-07:00,11,1,,other,,51,51,post_session_investigation,post_session_investigation,1,"[""FIA STEWARDS: INCIDENT INVOLVING CAR 11 (PER) WILL BE INVESTIGATED AFTER THE RACE - SAFETY CAR INFRINGEMENT""]",algorithmic_pending_human_validation,False
referral-e1f645df500c1c11,2022-usa,Race,2022-10-23 12:04:26-07:00,2022-10-23 12:07:17-07:00,55|63,2,Turn 1,causing_collision,,1,3,noted|investigation|sanction_announced,sanction_announced,3,"[""TURN 1 INCIDENT INVOLVING CAR 55 (SAI) NOTED - CAUSING A COLLISION"", ""FIA STEWARDS: TURN 1 INCIDENT INVOLVING CARS 55 (SAI) AND 63 (RUS) UNDER INVESTIGATION - CAUSING A COLLISION"", ""FIA STEWARDS: 5 SECOND TIME PENALTY FOR CAR 63 (RUS) - CAUSING A COLLISION""]",algorithmic_pending_human_validation,True
referral-3161aa342ae36cf4,2022-usa,Race,2022-10-23 12:10:24-07:00,2022-10-23 12:10:24-07:00,10|23,2,Turn 12,other,,4,4,noted,noted,1,"[""TURN 12 INCIDENT INVOLVING CARS 10 (GAS) AND 23 (ALB) NOTED""]",algorithmic_pending_human_validation,False
referral-6428103bf03a07cd,2022-usa,Race,2022-10-23 12:32:32-07:00,2022-10-23 12:32:32-07:00,18|47,2,Turn 1,forcing_off_track,,17,17,noted,noted,1,"[""TURN 1 INCIDENT INVOLVING CARS 18 (STR) AND 47 (MSC) NOTED - FORCING ANOTHER DRIVER OFF THE TRACK""]",algorithmic_pending_human_validation,False
referral-52ca5ebc758ae25e,2022-usa,Race,2022-10-23 12:49:00-07:00,2022-10-23 12:49:10-07:00,14|18,2,Turn 11,causing_collision,,24,24,noted|post_session_investigation,post_session_investigation,2,"[""TURN 11 INCIDENT INVOLVING CARS 14 (ALO) AND 18 (STR) NOTED - CAUSING A COLLISION"", ""FIA STEWARDS: TURN 11 INCIDENT INVOLVING CARS 14 (ALO) AND 18 (STR) WILL BE INVESTIGATED AFTER THE RACE - CAUSING A COLLISION""]",algorithmic_pending_human_validation,True
referral-e7c4be0b3ef206a0,2022-usa,Race,2022-10-23 12:55:11-07:00,2022-10-23 13:18:53-07:00,10,1,Pit Lane,other,,27,40,noted|investigation|sanction_announced,sanction_announced,6,"[""INCIDENT INVOLVING CAR 10 (GAS) NOTED - MORE THAN 10 CAR LENGTHS BEHIND SAFETY CAR"", ""FIA STEWARDS: INCIDENT INVOLVING CAR 10 (GAS) UNDER INVESTIGATION - MORE THAN 10 CAR LENGTHS BEHIND SAFETY CAR"", ""FIA STEWARDS: 5 SECOND TIME PENALTY FOR CAR 10 (GAS) - SAFETY CAR INFRINGEMENT"", ""PIT LANE INCIDENT INVOLVING CAR 10 (GAS) NOTED - PENALTY NOT SERVED CORRECTLY"", ""FIA STEWARDS: PIT LANE INCIDENT INVOLVING CAR 10 (GAS) UNDER INVESTIGATION - PENALTY NOT SERVED CORRECTLY"", ""FIA STEWARDS: 10 SECOND TIME PENALTY FOR CAR 10 (GAS) - NOT SERVING THE PENALTY CORRECTLY""]",algorithmic_pending_human_validation,False
referral-07383f3baf101be0,2022-usa,Race,2022-10-23 13:00:49-07:00,2022-10-23 13:00:49-07:00,20,1,Turn 11,other,,30,30,noted,noted,1,"[""INCIDENT AFTER TURN 11 INVOLVING CAR 20 (MAG) NOTED - IGNORING YELLOW FLAGS""]",algorithmic_pending_human_validation,False
referral-c809e324a033e4fc,2022-usa,Race,2022-10-23 13:16:32-07:00,2022-10-23 13:22:37-07:00,6|47,2,Turn 12,causing_collision,,39,43,noted|investigation,investigation,2,"[""TURN 12 INCIDENT INVOLVING CARS 6 (LAT) AND 47 (MSC) NOTED - CAUSING A COLLISION"", ""FIA STEWARDS: TURN 12 INCIDENT INVOLVING CARS 6 (LAT) AND 47 (MSC) UNDER INVESTIGATION - CAUSING A COLLISION""]",algorithmic_pending_human_validation,True
referral-847791eecfef27d2,2022-usa,Race,2022-10-23 13:20:18-07:00,2022-10-23 13:20:40-07:00,20,1,Turn 11,other,,41,41,investigation|no_further_action,no_further_action,2,"[""FIA STEWARDS: INCIDENT AFTER TURN 11 INVOLVING CAR 20 (MAG) UNDER INVESTIGATION - IGNORING YELLOW FLAGS"", ""FIA STEWARDS: INCIDENT AFTER TURN 11 INVOLVING CAR 20 (MAG) NO FURTHER ACTION - IGNORING YELLOW FLAGS""]",algorithmic_pending_human_validation,False
referral-1335393dfaae9b2e,2022-usa,Race,2022-10-23 13:23:48-07:00,2022-10-23 13:23:48-07:00,6,1,,forcing_off_track,,43,43,sanction_announced,sanction_announced,1,"[""FIA STEWARDS: 5 SECOND TIME PENALTY FOR CAR 6 (LAT) - FORCING ANOTHER DRIVER OFF THE TRACK""]",algorithmic_pending_human_validation,False
referral-98a1456ef6332edc,2022-usa,Race,2022-10-23 13:40:24-07:00,2022-10-23 13:55:34-07:00,5|22|23|24,4,Turn 12,gaining_advantage_off_track,,53,56,noted|investigation,investigation,3,"[""TURN 12 INCIDENT INVOLVING CARS 5 (VET),23 (ALB),22 (TSU) AND 24 (ZHO) NOTED "", ""TURN 12 INCIDENT INVOLVING CARS 22 (TSU) AND 23 (ALB) NOTED - LEAVING THE TRACK AND GAINING AN ADVANTAGE"", ""FIA STEWARDS: TURN 12 INCIDENT INVOLVING CARS 22 (TSU) AND 23 (ALB) UNDER INVESTIGATION - LEAVING THE TRACK AND GAINING AN ADVANTAGE""]",algorithmic_pending_human_validation,True
referral-5292d21480da4fc1,2022-usa,Race,2022-10-23 13:44:17-07:00,2022-10-23 13:46:05-07:00,47,1,,track_limits,,56,56,investigation|sanction_announced,sanction_announced,2,"[""FIA STEWARDS: INCIDENT INVOLVING CAR 47 (MSC) UNDER INVESTIGATION - TRACK LIMITS"", ""FIA STEWARDS: 5 SECOND TIME PENALTY FOR CAR 47 (MSC) - TRACK LIMITS""]",algorithmic_pending_human_validation,False
referral-02268dc8c2e8fcb7,2023-abu,Race,2023-11-26 05:14:08-08:00,2023-11-26 05:14:08-08:00,23|24,2,Turn 7,forcing_off_track,,8,8,noted,noted,1,"[""TURN 7 INCIDENT INVOLVING CARS 24 (ZHO) AND 23 (ALB) NOTED - FORCING ANOTHER DRIVER OFF THE TRACK""]",algorithmic_pending_human_validation,False
referral-3475aafdb0cf87fe,2023-abu,Race,2023-11-26 05:14:56-08:00,2023-11-26 05:14:56-08:00,2|20,2,Turn 7,forcing_off_track,,8,8,noted,noted,1,"[""TURN 7 INCIDENT INVOLVING CARS 2 (SAR) AND 20 (MAG) NOTED - FORCING ANOTHER DRIVER OFF THE TRACK""]",algorithmic_pending_human_validation,False
referral-e92e90fa3199292b,2023-abu,Race,2023-11-26 05:27:04-08:00,2023-11-26 05:34:24-08:00,10|44,2,Turn 6,causing_collision,,16,21,noted|investigation|no_further_action,no_further_action,3,"[""TURN 6 INCIDENT INVOLVING CARS 44 (HAM) AND 10 (GAS) NOTED - CAUSING A COLLISION"", ""FIA STEWARDS: TURN 6 INCIDENT INVOLVING CARS 44 (HAM) AND 10 (GAS) UNDER INVESTIGATION - CAUSING A COLLISION"", ""FIA STEWARDS: TURN 6 INCIDENT INVOLVING CARS 44 (HAM) AND 10 (GAS) NO FURTHER ACTION - CAUSING A COLLISION""]",algorithmic_pending_human_validation,True
referral-326272d102219a67,2023-abu,Race,2023-11-26 06:02:08-08:00,2023-11-26 06:02:08-08:00,14|44,2,Turn 4,other,,39,39,noted,noted,1,"[""TURN 4 INCIDENT INVOLVING CARS 14 (ALO) AND 44 (HAM) NOTED - DRIVING ERRATICALLY""]",algorithmic_pending_human_validation,False
referral-275233364d8f5eae,2023-abu,Race,2023-11-26 06:08:35-08:00,2023-11-26 06:11:35-08:00,44,1,,other,,44,46,noted|post_session_investigation,post_session_investigation,2,"[""INCIDENT INVOLVING CAR 44 (HAM) NOTED - PIT STOP INFRINGEMENT"", ""FIA STEWARDS: INCIDENT INVOLVING CAR 44 (HAM) WILL BE INVESTIGATED AFTER THE RACE - PIT STOP INFRINGEMENT""]",algorithmic_pending_human_validation,False
referral-eec26daae6cb9e10,2023-abu,Race,2023-11-26 06:13:23-08:00,2023-11-26 06:13:31-08:00,10,1,,other,,47,47,noted|post_session_investigation,post_session_investigation,2,"[""INCIDENT INVOLVING CAR 10 (GAS) NOTED - PIT STOP INFRINGEMENT"", ""FIA STEWARDS: INCIDENT INVOLVING CAR 10 (GAS) WILL BE INVESTIGATED AFTER THE RACE - PIT STOP INFRINGEMENT""]",algorithmic_pending_human_validation,False
referral-243a8bf348f69712,2023-abu,Race,2023-11-26 06:14:22-08:00,2023-11-26 06:19:14-08:00,4|11,2,Turn 6,causing_collision,,48,51,noted|investigation|sanction_announced,sanction_announced,3,"[""TURN 6 INCIDENT INVOLVING CARS 4 (NOR) AND 11 (PER) NOTED - CAUSING A COLLISION"", ""FIA STEWARDS: TURN 6 INCIDENT INVOLVING CARS 4 (NOR) AND 11 (PER) UNDER INVESTIGATION - CAUSING A COLLISION"", ""FIA STEWARDS: 5 SECOND TIME PENALTY FOR CAR 11 (PER) - CAUSING A COLLISION""]",algorithmic_pending_human_validation,True
referral-809b4fe7962044fe,2023-abu,Race,2023-11-26 06:18:33-08:00,2023-11-26 06:19:51-08:00,1|2|24,3,,other,,50,51,noted|post_session_investigation,post_session_investigation,2,"[""INCIDENT INVOLVING CARS 1 (VER), 2 (SAR), 24 (ZHO) NOTED - PIT STOP INFRINGEMENT"", ""FIA STEWARDS: INCIDENT INVOLVING CARS 1 (VER), 2 (SAR), 24 (ZHO) WILL BE INVESTIGATED AFTER THE RACE - PIT STOP INFRINGEMENT""]",algorithmic_pending_human_validation,False
referral-e867d412c94020d5,2023-abu,Race,2023-11-26 06:40:35-08:00,2023-11-26 06:40:42-08:00,23,1,,other,,58,58,noted|post_session_investigation,post_session_investigation,2,"[""INCIDENT INVOLVING CAR 23 (ALB) NOTED - PIT STOP INFRINGEMENT"", ""FIA STEWARDS: INCIDENT INVOLVING CAR 23 (ALB) WILL BE INVESTIGATED AFTER THE RACE - PIT STOP INFRINGEMENT""]",algorithmic_pending_human_validation,False
referral-a6acd22991aa4f74,2023-aus,Race,2023-04-01 22:05:41-07:00,2023-04-01 22:05:41-07:00,16|18,2,Turn 1,causing_collision,,2,2,noted,noted,1,"[""TURN 1 INCIDENT INVOLVING CARS 16 (LEC) AND 18 (STR) NOTED - CAUSING A COLLISION""]",algorithmic_pending_human_validation,False
referral-0fa6317bc1bc9a1e,2023-aus,Race,2023-04-01 22:36:23-07:00,2023-04-01 22:36:23-07:00,,0,,other,,10,10,investigation,investigation,1,"[""RESTART PROCEDURE UNDER INVESTIGATION""]",algorithmic_pending_human_validation,False
referral-8072a64452437dd9,2023-aus,Race,2023-04-01 22:40:23-07:00,2023-04-01 22:40:23-07:00,21|31,2,Turn 3,causing_collision,,12,12,noted,noted,1,"[""TURN 3 INCIDENT INVOLVING CARS 21 (DEV) AND 31 (OCO) NOTED - CAUSING A COLLISION""]",algorithmic_pending_human_validation,False
referral-764f7e210dd31aad,2023-aus,Race,2023-04-01 22:46:30-07:00,2023-04-01 22:46:30-07:00,,0,,other,,16,16,no_further_action,no_further_action,1,"[""RESTART PROCEDURE NO FURTHER ACTION ""]",algorithmic_pending_human_validation,False
referral-7ddb34d14d5d9005,2023-aus,Race,2023-04-01 22:47:52-07:00,2023-04-01 22:47:52-07:00,22|81,2,Turn 1,causing_collision,,17,17,noted,noted,1,"[""TURN 1 INCIDENT INVOLVING CARS 22 (TSU) AND 81 (PIA) NOTED - CAUSING A COLLISION""]",algorithmic_pending_human_validation,False
referral-6cc261239a628cfa,2023-aus,Race,2023-04-02 00:03:31-07:00,2023-04-02 00:03:31-07:00,,0,,other,,58,58,noted,noted,1,"[""RESTART PROCEDURE NOTED""]",algorithmic_pending_human_validation,False
referral-5ce9decb39105e5a,2023-aus,Race,2023-04-02 00:03:39-07:00,2023-04-02 00:03:39-07:00,,0,,other,,58,58,investigation,investigation,1,"[""FIA STEWARDS: RESTART PROCEDURE UNDER INVESTIGATION""]",algorithmic_pending_human_validation,False
referral-819d022d7636c1c8,2023-aus,Race,2023-04-02 00:25:54-07:00,2023-04-02 00:26:27-07:00,14|55,2,Turn 1,causing_collision,,58,58,noted|investigation|sanction_announced,sanction_announced,3,"[""TURN 1 INCIDENT INVOLVING CARS 14 (ALO) AND 55 (SAI) NOTED - CAUSING A COLLISION"", ""FIA STEWARDS: TURN 1 INCIDENT INVOLVING CARS 14 (ALO) AND 55 (SAI) UNDER INVESTIGATION - CAUSING A COLLISION"", ""FIA STEWARDS: 5 SECOND TIME PENALTY FOR CAR 55 (SAI) - CAUSING A COLLISION""]",algorithmic_pending_human_validation,True
referral-a2c81b2c894dcee9,2023-aus,Race,2023-04-02 00:27:33-07:00,2023-04-02 00:27:38-07:00,10|31,2,Turn 2,causing_collision,,58,58,noted|investigation,investigation,2,"[""TURN 2 INCIDENT INVOLVING CARS 10 (GAS) AND 31 (OCO) NOTED - CAUSING A COLLISION"", ""FIA STEWARDS: TURN 2 INCIDENT INVOLVING CARS 10 (GAS) AND 31 (OCO) UNDER INVESTIGATION - CAUSING A COLLISION""]",algorithmic_pending_human_validation,True
referral-db270dd9cdf58abe,2023-aut,Race,2023-07-02 06:08:25-07:00,2023-07-02 06:08:25-07:00,,0,Turn 1,other,,4,4,noted,noted,1,"[""LAP 1 TURN 1 NOTED""]",algorithmic_pending_human_validation,False
referral-c71c480dbb82dd34,2023-aut,Race,2023-07-02 06:13:26-07:00,2023-07-02 06:13:26-07:00,20|21,2,Turn 4,forcing_off_track,,8,8,noted,noted,1,"[""TURN 4 INCIDENT INVOLVING CARS 20 (MAG) AND 21 (DEV) NOTED - FORCING ANOTHER DRIVER OFF THE TRACK""]",algorithmic_pending_human_validation,False
referral-c68672d1bece6c59,2023-aut,Race,2023-07-02 06:22:38-07:00,2023-07-02 06:24:24-07:00,44,1,,track_limits,,16,17,noted|investigation|sanction_announced,sanction_announced,3,"[""INCIDENT INVOLVING CAR 44 (HAM) NOTED - TRACK LIMITS"", ""FIA STEWARDS: INCIDENT INVOLVING CAR 44 (HAM) UNDER INVESTIGATION - TRACK LIMITS"", ""FIA STEWARDS: 5 SECOND TIME PENALTY FOR CAR 44 (HAM) - TRACK LIMITS""]",algorithmic_pending_human_validation,False
referral-1a3602cafb912bbc,2023-aut,Race,2023-07-02 06:25:36-07:00,2023-07-02 06:45:19-07:00,22,1,,track_limits,,18,35,noted|investigation|sanction_announced|no_further_action,sanction_announced,6,"[""INCIDENT INVOLVING CAR 22 (TSU) NOTED - TRACK LIMITS"", ""FIA STEWARDS: INCIDENT INVOLVING CAR 22 (TSU) UNDER INVESTIGATION - TRACK LIMITS"", ""FIA STEWARDS: 5 SECOND TIME PENALTY FOR CAR 22 (TSU) - TRACK LIMITS"", ""INCIDENT INVOLVING CAR 22 (TSU) NOTED - FAILING TO SERVE PENALTY CORRECTLY"", ""FIA STEWARDS: INCIDENT INVOLVING CAR 22 (TSU) UNDER INVESTIGATION - FAILING TO SERVE PENALTY CORRECTLY"", ""FIA STEWARDS: INCIDENT INVOLVING CAR 22 (TSU) NO FURTHER ACTION - FAILING TO SERVE PENALTY CORRECTLY""]",algorithmic_pending_human_validation,False
referral-09f3a0bf44732d67,2023-aut,Race,2023-07-02 06:27:31-07:00,2023-07-02 06:32:07-07:00,2|10|23|31,4,Pit Lane,other,,20,24,noted|investigation,investigation,4,"[""PIT LANE INCIDENT INVOLVING CARS 23 (ALB) AND 10 (GAS) NOTED "", ""CORRECTION: PIT LANE INCIDENT INVOLVING CARS 2 (SAR) AND 10 (GAS) NOTED "", ""CORRECTION: PIT LANE INCIDENT INVOLVING CARS 2 (SAR) AND 31 (OCO) NOTED "", ""FIA STEWARDS: PIT LANE INCIDENT INVOLVING CARS 2 (SAR) AND 31 (OCO) UNDER INVESTIGATION ""]",algorithmic_pending_human_validation,False
referral-7c931bdedc0d49d0,2023-aut,Race,2023-07-02 06:33:33-07:00,2023-07-02 06:33:33-07:00,31,1,,unsafe_release,,25,25,sanction_announced,sanction_announced,1,"[""FIA STEWARDS: 5 SECOND TIME PENALTY FOR CAR 31 (OCO) - UNSAFE RELEASE""]",algorithmic_pending_human_validation,False
referral-1571cb5ac5a38ac6,2023-aut,Race,2023-07-02 06:38:01-07:00,2023-07-02 06:38:19-07:00,55,1,,track_limits,,28,29,noted|investigation|sanction_announced,sanction_announced,3,"[""INCIDENT INVOLVING CAR 55 (SAI) NOTED - TRACK LIMITS"", ""FIA STEWARDS: INCIDENT INVOLVING CAR 55 (SAI) UNDER INVESTIGATION - TRACK LIMITS"", ""FIA STEWARDS: 5 SECOND TIME PENALTY FOR CAR 55 (SAI) - TRACK LIMITS""]",algorithmic_pending_human_validation,False
referral-2cdf7c535375409c,2023-aut,Race,2023-07-02 06:44:33-07:00,2023-07-02 06:45:08-07:00,23,1,,track_limits,,34,34,noted|investigation|sanction_announced,sanction_announced,3,"[""INCIDENT INVOLVING CAR 23 (ALB) NOTED - TRACK LIMITS"", ""FIA STEWARDS: INCIDENT INVOLVING CAR 23 (ALB) UNDER INVESTIGATION - TRACK LIMITS"", ""FIA STEWARDS: 5 SECOND TIME PENALTY FOR CAR 23 (ALB) - TRACK LIMITS""]",algorithmic_pending_human_validation,False
referral-88def38af372b6c3,2023-aut,Race,2023-07-02 06:49:51-07:00,2023-07-02 06:50:21-07:00,20|21,2,Turn 6,forcing_off_track,,39,39,noted|investigation|sanction_announced,sanction_announced,3,"[""TURN 6 INCIDENT INVOLVING CARS 20 (MAG) AND 21 (DEV) NOTED - FORCING ANOTHER DRIVER OFF THE TRACK"", ""FIA STEWARDS: TURN 6 INCIDENT INVOLVING CARS 20 (MAG) AND 21 (DEV) UNDER INVESTIGATION - FORCING ANOTHER DRIVER OFF THE TRACK"", ""FIA STEWARDS: 5 SECOND TIME PENALTY FOR CAR 21 (DEV) - FORCING ANOTHER DRIVER OFF THE TRACK""]",algorithmic_pending_human_validation,True
referral-fbf377e6215a12b1,2023-aut,Race,2023-07-02 06:53:21-07:00,2023-07-02 06:54:00-07:00,10,1,,track_limits,,42,42,noted|investigation|sanction_announced,sanction_announced,3,"[""INCIDENT INVOLVING CAR 10 (GAS) NOTED - TRACK LIMITS"", ""FIA STEWARDS: INCIDENT INVOLVING CAR 10 (GAS) UNDER INVESTIGATION - TRACK LIMITS"", ""FIA STEWARDS: 5 SECOND TIME PENALTY FOR CAR 10 (GAS) - TRACK LIMITS""]",algorithmic_pending_human_validation,False
referral-e5bb8e8ff8aa0e66,2023-aut,Race,2023-07-02 07:06:47-07:00,2023-07-02 07:07:06-07:00,22,1,,track_limits,,53,53,noted|investigation|sanction_announced,sanction_announced,3,"[""INCIDENT INVOLVING CAR 22 (TSU) NOTED - 7 TRACK LIMITS"", ""FIA STEWARDS: INCIDENT INVOLVING CAR 22 (TSU) UNDER INVESTIGATION - 7 TRACK LIMITS"", ""FIA STEWARDS: 10 SECOND TIME PENALTY FOR CAR 22 (TSU) - 7 TRACK LIMITS""]",algorithmic_pending_human_validation,False
referral-e8633faa9d71422d,2023-aut,Race,2023-07-02 07:20:20-07:00,2023-07-02 07:20:53-07:00,2,1,,track_limits,,65,65,noted|investigation|sanction_announced,sanction_announced,3,"[""INCIDENT INVOLVING CAR 2 (SAR) NOTED - TRACK LIMITS"", ""FIA STEWARDS: INCIDENT INVOLVING CAR 2 (SAR) UNDER INVESTIGATION - TRACK LIMITS"", ""FIA STEWARDS: 5 SECOND TIME PENALTY FOR CAR 2 (SAR) - TRACK LIMITS""]",algorithmic_pending_human_validation,False
referral-522cf08fdc083816,2023-aut,Race,2023-07-02 07:21:38-07:00,2023-07-02 07:22:34-07:00,20,1,,track_limits,,66,67,noted|investigation|sanction_announced,sanction_announced,3,"[""INCIDENT INVOLVING CAR 20 (MAG) NOTED - TRACK LIMITS"", ""FIA STEWARDS: INCIDENT INVOLVING CAR 20 (MAG) UNDER INVESTIGATION - TRACK LIMITS"", ""FIA STEWARDS: 5 SECOND TIME PENALTY FOR CAR 20 (MAG) - TRACK LIMITS""]",algorithmic_pending_human_validation,False
referral-0c88417b67bf799d,2023-aut,Sprint,2023-07-01 07:59:52-07:00,2023-07-01 07:59:52-07:00,16|44,2,Turn 4,causing_collision,,22,22,noted,noted,1,"[""TURN 4 INCIDENT INVOLVING CARS 44 (HAM) AND 16 (LEC) NOTED - CAUSING A COLLISION""]",algorithmic_pending_human_validation,False
referral-73c9e0e1691051f4,2023-aze,Race,2023-04-30 04:11:59-07:00,2023-04-30 04:11:59-07:00,,0,Turn 2,causing_collision,1.0,5,5,noted,noted,1,"[""LAP 1 TURN 2 INCIDENT NOTED - CAUSING A COLLISION""]",algorithmic_pending_human_validation,False
referral-001e59e015adb262,2023-aze,Race,2023-04-30 04:32:37-07:00,2023-04-30 04:32:37-07:00,11,1,Pit Lane,unsafe_release,,15,15,noted,noted,1,"[""PIT LANE INCIDENT INVOLVING CAR 11 (PER) NOTED - UNSAFE RELEASE""]",algorithmic_pending_human_validation,False
referral-af8e573c35a7f30e,2023-aze,Race,2023-04-30 04:35:12-07:00,2023-04-30 04:35:12-07:00,63,1,Pit Lane,other,,16,16,noted,noted,1,"[""PIT ENTRY INCIDENT INVOLVING CAR 63 (RUS) NOTED ""]",algorithmic_pending_human_validation,False
referral-3d15e1abe13b4ac6,2023-aze,Sprint,2023-04-29 06:39:57-07:00,2023-04-29 06:41:49-07:00,22,1,,other,,3,4,noted|post_session_investigation,post_session_investigation,2,"[""INCIDENT INVOLVING CAR 22 (TSU) NOTED - RELEASED IN UNSAFE CONDITION"", ""FIA STEWARDS: INCIDENT INVOLVING CAR 22 (TSU) WILL BE INVESTIGATED AFTER THE RACE - RELEASED IN UNSAFE CONDITION""]",algorithmic_pending_human_validation,False
referral-e720caafccae699b,2023-bel,Race,2023-07-30 06:08:54-07:00,2023-07-30 06:08:54-07:00,,0,Turn 1,other,,3,3,noted,noted,1,"[""LAP 1 TURN 1 NOTED""]",algorithmic_pending_human_validation,False
referral-ea6a72ca854ca398,2023-bel,Race,2023-07-30 06:28:26-07:00,2023-07-30 06:28:26-07:00,44,1,Turn 4-5,other,,14,14,noted,noted,1,"[""BETWEEN TURN 4 AND 5 INCIDENT INVOLVING CAR 44 (HAM) NOTED - WEAVING ON STRAIGHT""]",algorithmic_pending_human_validation,False
referral-1e6a6c41f8983f4c,2023-bel,Sprint,2023-07-29 08:56:23-07:00,2023-07-29 09:04:01-07:00,2,1,Pit Lane,other,,3,6,noted|investigation|sanction_announced,sanction_announced,3,"[""INCIDENT INVOLVING CAR 2 (SAR) NOTED - SPEEDING IN THE PIT LANE"", ""FIA STEWARDS: INCIDENT INVOLVING CAR 2 (SAR) UNDER INVESTIGATION - SPEEDING IN THE PIT LANE"", ""FIA STEWARDS: 5 SECOND TIME PENALTY FOR CAR 2 (SAR) - SPEEDING IN THE PIT LANE""]",algorithmic_pending_human_validation,False
referral-f85bc907d5de6206,2023-bel,Sprint,2023-07-29 08:58:34-07:00,2023-07-29 08:58:34-07:00,14|27,2,Turn 2,impeding,,4,4,noted,noted,1,"[""TURN 2 INCIDENT INVOLVING CARS 14 (ALO) AND 27 (HUL) NOTED - IMPEDING""]",algorithmic_pending_human_validation,False
referral-c8d807c438aeb7eb,2023-bel,Sprint,2023-07-29 09:05:48-07:00,2023-07-29 09:10:45-07:00,11|44,2,Turn 15,causing_collision,,7,9,noted|investigation|sanction_announced,sanction_announced,3,"[""TURN 15 INCIDENT INVOLVING CARS 11 (PER) AND 44 (HAM) NOTED - CAUSING A COLLISION"", ""FIA STEWARDS: TURN 15 INCIDENT INVOLVING CARS 11 (PER) AND 44 (HAM) UNDER INVESTIGATION - CAUSING A COLLISION"", ""FIA STEWARDS: 5 SECOND TIME PENALTY FOR CAR 44 (HAM) - CAUSING A COLLISION""]",algorithmic_pending_human_validation,True
referral-92a1a573b8fb2716,2023-bhr,Race,2023-03-05 07:07:37-08:00,2023-03-05 07:07:37-08:00,14|18,2,Turn 4,causing_collision,,3,3,noted,noted,1,"[""TURN 4 INCIDENT INVOLVING CARS 18 (STR) AND 14 (ALO) NOTED - CAUSING A COLLISION""]",algorithmic_pending_human_validation,False
referral-624d9212ca07060a,2023-bhr,Race,2023-03-05 07:22:32-08:00,2023-03-05 07:49:07-08:00,31,1,Pit Lane,other,,12,28,noted|investigation|sanction_announced,sanction_announced,9,"["" INCIDENT INVOLVING CAR 31 (OCO) NOTED - INACCURATE GRID POSITION"", ""FIA STEWARDS: INCIDENT INVOLVING CAR 31 (OCO) UNDER INVESTIGATION - INACCURATE GRID POSITION"", ""FIA STEWARDS: 5 SECOND TIME PENALTY FOR CAR 31 (OCO) - INACCURATE GRID POSITION"", ""INCIDENT INVOLVING CAR 31 (OCO) NOTED - SERVING TIME PENALTY INCORRECTLY "", ""FIA STEWARDS: INCIDENT INVOLVING CAR 31 (OCO) UNDER INVESTIGATION - SERVING TIME PENALTY INCORRECTLY "", ""FIA STEWARDS: 10 SECOND TIME PENALTY FOR CAR 31 (OCO) - SERVING TIME PENALTY INCORRECTLY "", ""INCIDENT INVOLVING CAR 31 (OCO) NOTED - SPEEDING IN THE PIT LANE"", ""FIA STEWARDS: INCIDENT INVOLVING CAR 31 (OCO) UNDER INVESTIGATION - SPEEDING IN THE PIT LANE"", ""FIA STEWARDS: 5 SECOND TIME PENALTY FOR CAR 31 (OCO) - SPEEDING IN THE PIT LANE""]",algorithmic_pending_human_validation,False
referral-89aec0a71038206c,2023-bhr,Race,2023-03-05 08:31:38-08:00,2023-03-05 08:42:52-08:00,27,1,,track_limits,,54,57,noted|investigation|sanction_announced,sanction_announced,6,"[""INCIDENT INVOLVING CAR 27 (HUL) NOTED - MULTIPLE TRACK LIMITS"", ""FIA STEWARDS: INCIDENT INVOLVING CAR 27 (HUL) UNDER INVESTIGATION - MULTIPLE TRACK LIMITS"", ""FIA STEWARDS: 5 SECOND TIME PENALTY FOR CAR 27 (HUL) - MULTIPLE TRACK LIMITS"", ""INCIDENT INVOLVING CAR 27 (HUL) NOTED - MULTIPLE TRACK LIMITS"", ""FIA STEWARDS: INCIDENT INVOLVING CAR 27 (HUL) UNDER INVESTIGATION - MULTIPLE TRACK LIMITS"", ""FIA STEWARDS: 10 SECOND TIME PENALTY FOR CAR 27 (HUL) - MULTIPLE TRACK LIMITS""]",algorithmic_pending_human_validation,False
referral-238dfa5c335ae1ad,2023-can,Race,2023-06-18 11:21:14-07:00,2023-06-18 11:36:58-07:00,14|44,2,Pit Lane,unsafe_release,,13,24,noted|investigation|no_further_action,no_further_action,3,"[""PIT LANE INCIDENT INVOLVING CARS 44 (HAM) AND 14 (ALO) NOTED - UNSAFE RELEASE"", ""FIA STEWARDS: PIT LANE INCIDENT INVOLVING CARS 44 (HAM) AND 14 (ALO) UNDER INVESTIGATION - UNSAFE RELEASE"", ""FIA STEWARDS: PIT LANE INCIDENT INVOLVING CARS 44 (HAM) AND 14 (ALO) NO FURTHER ACTION - UNSAFE RELEASE""]",algorithmic_pending_human_validation,False
referral-e9b89bb15992f142,2023-can,Race,2023-06-18 11:25:48-07:00,2023-06-18 11:25:48-07:00,20|31|77,3,Pit Lane,other,,16,16,noted,noted,1,"[""PIT EXIT INCIDENT INVOLVING CARS 31 (OCO), 77 (BOT) AND 20 (MAG) NOTED - OVERTAKING UNDER SAFETY CAR""]",algorithmic_pending_human_validation,False
referral-4dccb0b1b399c991,2023-can,Race,2023-06-18 11:28:56-07:00,2023-06-18 11:37:03-07:00,4,1,Pit Lane,unsafe_release,,17,24,noted|investigation|no_further_action,no_further_action,3,"[""PIT LANE INCIDENT INVOLVING CAR 4 (NOR) NOTED - UNSAFE RELEASE"", ""FIA STEWARDS: PIT LANE INCIDENT INVOLVING CAR 4 (NOR) UNDER INVESTIGATION - UNSAFE RELEASE"", ""FIA STEWARDS: PIT LANE INCIDENT INVOLVING CAR 4 (NOR) NO FURTHER ACTION - UNSAFE RELEASE""]",algorithmic_pending_human_validation,False
referral-553b48f2cce81f60,2023-can,Race,2023-06-18 11:38:26-07:00,2023-06-18 11:55:18-07:00,4,1,Turn 10,other,,25,38,noted|investigation|sanction_announced,sanction_announced,3,"[""TURN 10 INCIDENT INVOLVING CAR 4 (NOR) NOTED - DRIVING UNNECESSARILY SLOWLY"", ""FIA STEWARDS: TURN 10 INCIDENT INVOLVING CAR 4 (NOR) UNDER INVESTIGATION - DRIVING UNNECESSARILY SLOWLY"", ""FIA STEWARDS: 5 SECOND TIME PENALTY FOR CAR 4 (NOR) - UNSPORTSMANLIKE BEHAVIOUR ""]",algorithmic_pending_human_validation,False
referral-24332aa9bf8ad2fa,2023-can,Race,2023-06-18 11:53:50-07:00,2023-06-18 12:00:10-07:00,20|21,2,Turn 2,causing_collision,,37,42,noted|investigation|no_further_action,no_further_action,3,"[""TURN 2 INCIDENT INVOLVING CARS 21 (DEV) AND 20 (MAG) NOTED - CAUSING A COLLISION"", ""FIA STEWARDS: TURN 2 INCIDENT INVOLVING CARS 21 (DEV) AND 20 (MAG) UNDER INVESTIGATION - CAUSING A COLLISION"", ""FIA STEWARDS: TURN 2 INCIDENT INVOLVING CARS 21 (DEV) AND 20 (MAG) NO FURTHER ACTION - CAUSING A COLLISION""]",algorithmic_pending_human_validation,True
referral-a2d2985a6485551a,2023-can,Race,2023-06-18 12:36:03-07:00,2023-06-18 12:36:03-07:00,31,1,,other,,70,70,noted,noted,1,"[""INCIDENT INVOLVING CAR 31 (OCO) NOTED - LOOSE REAR WING ""]",algorithmic_pending_human_validation,False
referral-a5f5ba53ed55b130,2023-esp,Race,2023-06-04 06:08:48-07:00,2023-06-04 06:08:48-07:00,63,1,Turn 1,gaining_advantage_off_track,,5,5,noted,noted,1,"[""TURN 1 INCIDENT INVOLVING CAR 63 (RUS) NOTED - LEAVING THE TRACK AND GAINING AN ADVANTAGE""]",algorithmic_pending_human_validation,False
referral-02a609cb4be23cea,2023-esp,Race,2023-06-04 07:21:50-07:00,2023-06-04 07:24:57-07:00,22|24,2,Turn 1,forcing_off_track,,59,62,noted|investigation|sanction_announced,sanction_announced,3,"[""TURN 1 INCIDENT INVOLVING CARS 22 (TSU) AND 24 (ZHO) NOTED - FORCING ANOTHER DRIVER OFF THE TRACK"", ""FIA STEWARDS: TURN 1 INCIDENT INVOLVING CARS 22 (TSU) AND 24 (ZHO) UNDER INVESTIGATION - FORCING ANOTHER DRIVER OFF THE TRACK"", ""FIA STEWARDS: 5 SECOND TIME PENALTY FOR CAR 22 (TSU) - FORCING ANOTHER DRIVER OFF THE TRACK""]",algorithmic_pending_human_validation,True
referral-034f21d37f5b1136,2023-gbr,Race,2023-07-09 08:09:38-07:00,2023-07-09 08:09:38-07:00,18,1,Turn 15,gaining_advantage_off_track,,40,40,noted,noted,1,"[""TURN 15 INCIDENT INVOLVING CAR 18 (STR) NOTED - LEAVING THE TRACK AND GAINING AN ADVANTAGE""]",algorithmic_pending_human_validation,False
referral-242ae7ad2fc0cf31,2023-gbr,Race,2023-07-09 08:19:12-07:00,2023-07-09 08:24:06-07:00,10|18,2,Turn 16,causing_collision,,46,50,noted|investigation|sanction_announced,sanction_announced,3,"[""TURN 16 INCIDENT INVOLVING CARS 10 (GAS) AND 18 (STR) NOTED - CAUSING A COLLISION"", ""FIA STEWARDS: TURN 16 INCIDENT INVOLVING CARS 10 (GAS) AND 18 (STR) UNDER INVESTIGATION - CAUSING A COLLISION"", ""FIA STEWARDS: 5 SECOND TIME PENALTY FOR CAR 18 (STR) - CAUSING A COLLISION""]",algorithmic_pending_human_validation,True
referral-123125def5050175,2023-hun,Race,2023-07-23 06:04:15-07:00,2023-07-23 06:12:34-07:00,,0,Turn 1,other,1.0,1,7,noted|investigation,investigation,2,"[""LAP 1 TURN 1 INCIDENT NOTED"", ""FIA STEWARDS: LAP 1 TURN 1 INCIDENT UNDER INVESTIGATION""]",algorithmic_pending_human_validation,False
referral-b0b88f305b6da331,2023-hun,Race,2023-07-23 06:13:32-07:00,2023-07-23 06:13:32-07:00,24,1,,causing_collision,,8,8,sanction_announced,sanction_announced,1,"[""FIA STEWARDS: 5 SECOND TIME PENALTY FOR CAR 24 (ZHO) - CAUSING A COLLISION""]",algorithmic_pending_human_validation,True
referral-1dc383655206cce1,2023-hun,Race,2023-07-23 07:07:17-07:00,2023-07-23 07:09:56-07:00,16,1,Pit Lane,other,,46,48,noted|investigation|sanction_announced,sanction_announced,3,"[""INCIDENT INVOLVING CAR 16 (LEC) NOTED - SPEEDING IN THE PIT LANE"", ""FIA STEWARDS: INCIDENT INVOLVING CAR 16 (LEC) UNDER INVESTIGATION - SPEEDING IN THE PIT LANE"", ""FIA STEWARDS: 5 SECOND TIME PENALTY FOR CAR 16 (LEC) - SPEEDING IN THE PIT LANE""]",algorithmic_pending_human_validation,False
referral-75f0bf044e63ea52,2023-hun,Race,2023-07-23 07:10:20-07:00,2023-07-23 07:10:20-07:00,11|81,2,Turn 2,forcing_off_track,,48,48,noted,noted,1,"[""TURN 2 INCIDENT INVOLVING CARS 81 (PIA) AND 11 (PER) NOTED - FORCING ANOTHER DRIVER OFF THE TRACK""]",algorithmic_pending_human_validation,False
referral-bdb7860eeb20430c,2023-ita,Race,2023-09-03 06:53:44-07:00,2023-09-03 06:57:32-07:00,31|63,2,Turn 2,gaining_advantage_off_track,,21,24,noted|investigation|sanction_announced,sanction_announced,3,"[""TURN 2 INCIDENT INVOLVING CARS 63 (RUS) AND 31 (OCO) NOTED - LEAVING THE TRACK AND GAINING AN ADVANTAGE"", ""FIA STEWARDS: TURN 2 INCIDENT INVOLVING CARS 63 (RUS) AND 31 (OCO) UNDER INVESTIGATION - LEAVING THE TRACK AND GAINING AN ADVANTAGE"", ""FIA STEWARDS: 5 SECOND TIME PENALTY FOR CAR 63 (RUS) - LEAVING THE TRACK AND GAINING AN ADVANTAGE""]",algorithmic_pending_human_validation,True
referral-c2773f0eb8eefcdf,2023-ita,Race,2023-09-03 06:59:00-07:00,2023-09-03 06:59:00-07:00,4|81,2,Turn 1,causing_collision,,25,25,noted,noted,1,"[""TURN 1 INCIDENT INVOLVING CARS 4 (NOR) AND 81 (PIA) NOTED - CAUSING A COLLISION""]",algorithmic_pending_human_validation,False
referral-34475639550d3206,2023-ita,Race,2023-09-03 07:22:43-07:00,2023-09-03 07:26:29-07:00,44|81,2,Turn 4,causing_collision,,42,44,noted|investigation|sanction_announced,sanction_announced,3,"[""TURN 4 INCIDENT INVOLVING CARS 81 (PIA) AND 44 (HAM) NOTED - CAUSING A COLLISION"", ""FIA STEWARDS: TURN 4 INCIDENT INVOLVING CARS 81 (PIA) AND 44 (HAM) UNDER INVESTIGATION - CAUSING A COLLISION"", ""FIA STEWARDS: 5 SECOND TIME PENALTY FOR CAR 44 (HAM) - CAUSING A COLLISION""]",algorithmic_pending_human_validation,True
referral-73d82b00531d95b2,2023-ita,Race,2023-09-03 07:27:18-07:00,2023-09-03 07:35:26-07:00,2|77,2,Turn 5,causing_collision,,45,50,noted|investigation|sanction_announced,sanction_announced,3,"[""TURN 5 INCIDENT INVOLVING CARS 2 (SAR) AND 77 (BOT) NOTED - CAUSING A COLLISION"", ""FIA STEWARDS: TURN 5 INCIDENT INVOLVING CARS 2 (SAR) AND 77 (BOT) UNDER INVESTIGATION - CAUSING A COLLISION"", ""FIA STEWARDS: 5 SECOND TIME PENALTY FOR CAR 2 (SAR) - CAUSING A COLLISION""]",algorithmic_pending_human_validation,True
referral-218f54abb0fdda3e,2023-jpn,Race,2023-09-23 22:08:44-07:00,2023-09-23 22:08:44-07:00,,0,Turn 1,other,,2,2,noted,noted,1,"[""LAP 1 TURN 1 NOTED""]",algorithmic_pending_human_validation,False
referral-a0a1f4c5be8b4247,2023-jpn,Race,2023-09-23 22:11:45-07:00,2023-09-23 22:22:37-07:00,11,1,,other,,4,9,noted|investigation|sanction_announced,sanction_announced,3,"[""INCIDENT INVOLVING CAR 11 (PER) NOTED - SAFETY CAR INFRINGEMENT"", ""FIA STEWARDS: INCIDENT INVOLVING CAR 11 (PER) UNDER INVESTIGATION - SAFETY CAR INFRINGEMENT"", ""FIA STEWARDS: 5 SECOND TIME PENALTY FOR CAR 11 (PER) - SAFETY CAR INFRINGEMENT""]",algorithmic_pending_human_validation,False
referral-2d9c0cda09c84248,2023-jpn,Race,2023-09-23 22:18:34-07:00,2023-09-23 22:21:31-07:00,2|77,2,Turn 11,causing_collision,,7,9,noted|investigation|sanction_announced,sanction_announced,3,"[""TURN 11 INCIDENT INVOLVING CARS 77 (BOT) AND 2 (SAR) NOTED - CAUSING A COLLISION"", ""FIA STEWARDS: TURN 11 INCIDENT INVOLVING CARS 77 (BOT) AND 2 (SAR) UNDER INVESTIGATION - CAUSING A COLLISION"", ""FIA STEWARDS: 5 SECOND TIME PENALTY FOR CAR 2 (SAR) - CAUSING A COLLISION""]",algorithmic_pending_human_validation,True
referral-570dacabeafaef1c,2023-jpn,Race,2023-09-23 22:28:14-07:00,2023-09-23 22:31:41-07:00,11|20,2,Turn 11,causing_collision,,13,15,noted|investigation|sanction_announced,sanction_announced,3,"[""TURN 11 INCIDENT INVOLVING CARS 11 (PER) AND 20 (MAG) NOTED - CAUSING A COLLISION"", ""FIA STEWARDS: TURN 11 INCIDENT INVOLVING CARS 11 (PER) AND 20 (MAG) UNDER INVESTIGATION - CAUSING A COLLISION"", ""FIA STEWARDS: 5 SECOND TIME PENALTY FOR CAR 11 (PER) - CAUSING A COLLISION""]",algorithmic_pending_human_validation,True
referral-023864f75a358270,2023-jpn,Race,2023-09-23 22:36:31-07:00,2023-09-23 22:36:31-07:00,44|63,2,Turn 14,forcing_off_track,,18,18,noted,noted,1,"[""TURN 14 INCIDENT INVOLVING CARS 63 (RUS) AND 44 (HAM) NOTED - FORCING ANOTHER DRIVER OFF THE TRACK""]",algorithmic_pending_human_validation,False
referral-06563c838b9a339a,2023-jpn,Race,2023-09-23 23:23:51-07:00,2023-09-23 23:23:51-07:00,16|63,2,Turn 2,gaining_advantage_off_track,,47,47,noted,noted,1,"[""TURN 2 INCIDENT INVOLVING CARS 16 (LEC) AND 63 (RUS) NOTED - LEAVING THE TRACK AND GAINING AN ADVANTAGE""]",algorithmic_pending_human_validation,False
referral-ef14fed58ee4fc30,2023-lvs,Race,2023-11-18 22:04:53-08:00,2023-11-18 22:04:53-08:00,,0,Turn 1,other,,1,1,noted,noted,1,"[""LAP 1 TURN 1 NOTED""]",algorithmic_pending_human_validation,False
referral-c51f48400ef21db7,2023-lvs,Race,2023-11-18 22:09:05-08:00,2023-11-18 22:09:05-08:00,,0,Turn 1,other,,3,3,investigation,investigation,1,"[""FIA STEWARDS: LAP 1 TURN 1 UNDER INVESTIGATION""]",algorithmic_pending_human_validation,False
referral-f1a1dee5e19ac4c3,2023-lvs,Race,2023-11-18 22:20:32-08:00,2023-11-18 22:20:32-08:00,1,1,Turn 1,forcing_off_track,1.0,8,8,sanction_announced,sanction_announced,1,"[""FIA STEWARDS: LAP 1 TURN 1 INCIDENT 5 SECOND TIME PENALTY FOR CAR 1 (VER) - FORCING ANOTHER DRIVER OFF THE TRACK""]",algorithmic_pending_human_validation,True
referral-1652298fb4a00010,2023-lvs,Race,2023-11-18 22:37:18-08:00,2023-11-18 22:37:18-08:00,44|81,2,Turn 14,causing_collision,,18,18,noted,noted,1,"[""TURN 14 INCIDENT INVOLVING CARS 81 (PIA) AND 44 (HAM) NOTED - CAUSING A COLLISION""]",algorithmic_pending_human_validation,False
referral-6ec078881720fbf5,2023-lvs,Race,2023-11-18 22:52:52-08:00,2023-11-18 22:57:22-08:00,1|63,2,Turn 12,causing_collision,,27,28,noted|investigation|sanction_announced,sanction_announced,3,"[""TURN 12 INCIDENT INVOLVING CARS 63 (RUS) AND 1 (VER) NOTED - CAUSING A COLLISION"", ""FIA STEWARDS: TURN 12 INCIDENT INVOLVING CARS 63 (RUS) AND 1 (VER) UNDER INVESTIGATION - CAUSING A COLLISION"", ""FIA STEWARDS: 5 SECOND TIME PENALTY FOR CAR 63 (RUS) - CAUSING A COLLISION""]",algorithmic_pending_human_validation,True
referral-07d8ee52c156301a,2023-lvs,Race,2023-11-18 22:58:44-08:00,2023-11-18 22:58:44-08:00,1,1,Pit Lane,unsafe_release,,29,29,noted,noted,1,"[""PIT LANE INCIDENT INVOLVING CAR 1 (VER) NOTED - UNSAFE RELEASE""]",algorithmic_pending_human_validation,False
referral-4e46caea8d8ce0ce,2023-mco,Race,2023-05-28 06:05:08-07:00,2023-05-28 06:08:42-07:00,2|27,2,Turn 5,causing_collision,,2,5,noted|investigation|sanction_announced,sanction_announced,3,"[""TURN 5 INCIDENT INVOLVING CARS 27 (HUL) AND 2 (SAR) NOTED - CAUSING A COLLISION"", ""FIA STEWARDS: TURN 5 INCIDENT INVOLVING CARS 27 (HUL) AND 2 (SAR) UNDER INVESTIGATION - CAUSING A COLLISION"", ""FIA STEWARDS: 5 SECOND TIME PENALTY FOR CAR 27 (HUL) - CAUSING A COLLISION""]",algorithmic_pending_human_validation,True
referral-7c9b006a3aeb024b,2023-mco,Race,2023-05-28 06:06:21-07:00,2023-05-28 06:06:21-07:00,63,1,,other,,3,3,noted,noted,1,"[""INCIDENT INVOLVING CAR 63 (RUS) NOTED - INCORRECT STARTING LOCATION""]",algorithmic_pending_human_validation,False
referral-cc6bddf0312f4968,2023-mco,Race,2023-05-28 06:19:48-07:00,2023-05-28 06:19:48-07:00,31|55,2,Turn 10,causing_collision,,13,13,noted,noted,1,"[""TURN 10 INCIDENT INVOLVING CARS 55 (SAI) AND 31 (OCO) NOTED - CAUSING A COLLISION""]",algorithmic_pending_human_validation,False
referral-82a9b39a420c8d0c,2023-mco,Race,2023-05-28 06:45:44-07:00,2023-05-28 06:45:44-07:00,11|18,2,Turn 10,gaining_advantage_off_track,,33,33,noted,noted,1,"[""TURN 10 INCIDENT INVOLVING CARS 11 (PER) AND 18 (STR) NOTED - LEAVING THE TRACK AND GAINING AN ADVANTAGE""]",algorithmic_pending_human_validation,False
referral-7e0152f90415b472,2023-mco,Race,2023-05-28 06:53:31-07:00,2023-05-28 06:53:31-07:00,18|20,2,Turn 19,causing_collision,,39,39,noted,noted,1,"[""TURN 19 INCIDENT INVOLVING CARS 20 (MAG) AND 18 (STR) NOTED - CAUSING A COLLISION""]",algorithmic_pending_human_validation,False
referral-2669d9532a4afad7,2023-mco,Race,2023-05-28 07:19:26-07:00,2023-05-28 07:22:20-07:00,11|63,2,Turn 5,unsafe_rejoin,,58,59,noted|investigation|sanction_announced,sanction_announced,3,"[""TURN 5 INCIDENT INVOLVING CARS 63 (RUS) AND 11 (PER) NOTED - UNSAFE REJOIN"", ""FIA STEWARDS: TURN 5 INCIDENT INVOLVING CARS 63 (RUS) AND 11 (PER) UNDER INVESTIGATION - UNSAFE REJOIN"", ""FIA STEWARDS: 5 SECOND TIME PENALTY FOR CAR 63 (RUS) - UNSAFE REJOIN""]",algorithmic_pending_human_validation,True
referral-2b99053c3fb293ae,2023-mco,Race,2023-05-28 07:21:35-07:00,2023-05-28 07:22:08-07:00,2,1,Pit Lane,other,,59,59,noted|investigation|sanction_announced,sanction_announced,3,"["" INCIDENT INVOLVING CAR 2 (SAR) NOTED - SPEEDING IN THE PIT LANE"", ""FIA STEWARDS: INCIDENT INVOLVING CAR 2 (SAR) UNDER INVESTIGATION - SPEEDING IN THE PIT LANE"", ""FIA STEWARDS: 5 SECOND TIME PENALTY FOR CAR 2 (SAR) - SPEEDING IN THE PIT LANE""]",algorithmic_pending_human_validation,False
referral-d57f487c3404bcda,2023-mco,Race,2023-05-28 07:24:17-07:00,2023-05-28 07:29:26-07:00,27,1,,other,,60,64,sanction_announced|investigation,sanction_announced,3,"[""INCIDENT INVOLVING CAR 27 (HUL) NOTED - SERVING PENALTY INCORRECTLY "", ""FIA STEWARDS: INCIDENT INVOLVING CAR 27 (HUL) UNDER INVESTIGATION - SERVING PENALTY INCORRECTLY "", ""FIA STEWARDS: 10 SECOND TIME PENALTY FOR CAR 27 (HUL) - SERVING PENALTY INCORRECTLY ""]",algorithmic_pending_human_validation,False
referral-d5cd8a7813ed89d2,2023-mco,Race,2023-05-28 07:49:33-07:00,2023-05-28 07:49:33-07:00,23,1,,track_limits,,77,77,noted,noted,1,"[""INCIDENT INVOLVING CAR 23 (ALB) NOTED - MULTIPLE TRACK LIMIT INFRINGEMENTS""]",algorithmic_pending_human_validation,False
referral-ab242bed59cfcc20,2023-mex,Race,2023-10-29 12:17:03-07:00,2023-10-29 12:17:03-07:00,14,1,Pit Lane,other,,1,1,noted,noted,1,"[""INCIDENT INVOLVING CAR 14 (ALO) NOTED - SPEEDING IN THE PIT LANE""]",algorithmic_pending_human_validation,False
referral-03f460043b9685f4,2023-mex,Race,2023-10-29 13:03:55-07:00,2023-10-29 13:03:55-07:00,,0,Turn 1,other,,1,1,noted,noted,1,"[""LAP 1 TURN 1 NOTED""]",algorithmic_pending_human_validation,False
referral-ebe8faf4689ccd90,2023-mex,Race,2023-10-29 13:10:19-07:00,2023-10-29 13:10:19-07:00,16,1,,other,,5,5,noted,noted,1,"[""INCIDENT INVOLVING CAR 16 (LEC) NOTED - DRIVING IN AN UNSAFE CONDITION""]",algorithmic_pending_human_validation,False
referral-f6f669787037e3aa,2023-mex,Race,2023-10-29 13:28:27-07:00,2023-10-29 13:28:27-07:00,16,1,,other,,18,18,post_session_investigation,post_session_investigation,1,"[""FIA STEWARDS: INCIDENT INVOLVING CAR 16 (LEC) WILL BE INVESTIGATED AFTER THE RACE - DRIVING IN AN UNSAFE CONDITION""]",algorithmic_pending_human_validation,False
referral-20c935a379e2b063,2023-mex,Race,2023-10-29 14:34:43-07:00,2023-10-29 14:40:05-07:00,22|81,2,Turn 2,causing_collision,,49,53,noted|investigation,investigation,4,"[""TURN 2 INCIDENT INVOLVING CARS 22 (TSU) AND 81 (PIA) NOTED - CAUSING A COLLISION"", ""TURN 1 INCIDENT INVOLVING CARS 22 (TSU) AND 81 (PIA) NOTED - CAUSING A COLLISION"", ""FIA STEWARDS: TURN 2 INCIDENT INVOLVING CARS 22 (TSU) AND 81 (PIA) UNDER INVESTIGATION - CAUSING A COLLISION"", ""FIA STEWARDS: TURN 1 INCIDENT INVOLVING CARS 22 (TSU) AND 81 (PIA) UNDER INVESTIGATION - CAUSING A COLLISION""]",algorithmic_pending_human_validation,False
referral-2aba8b3f9466325c,2023-mex,Race,2023-10-29 15:00:56-07:00,2023-10-29 15:01:28-07:00,18|77,2,Turn 14,causing_collision,,68,68,noted|post_session_investigation,post_session_investigation,2,"[""TURN 14 INCIDENT INVOLVING CARS 18 (STR) AND 77 (BOT) NOTED - CAUSING A COLLISION"", ""FIA STEWARDS: TURN 14 INCIDENT INVOLVING CARS 18 (STR) AND 77 (BOT) WILL BE INVESTIGATED AFTER THE RACE - CAUSING A COLLISION""]",algorithmic_pending_human_validation,True
referral-92d0632d352eb40b,2023-mex,Race,2023-10-29 15:05:59-07:00,2023-10-29 15:06:06-07:00,22|81,2,Turn 1,causing_collision,,71,71,no_further_action,no_further_action,2,"[""FIA STEWARDS: TURN 1 INCIDENT INVOLVING CARS 22 (TSU) AND 81 (PIA) NO FURTHER ACTION - CAUSING A COLLISION"", ""FIA STEWARDS: TURN 2 INCIDENT INVOLVING CARS 22 (TSU) AND 81 (PIA) NO FURTHER ACTION - CAUSING A COLLISION""]",algorithmic_pending_human_validation,True
referral-83d865263048bc10,2023-mia,Race,2023-05-07 12:37:38-07:00,2023-05-07 12:37:38-07:00,4|21,2,Turn 1,causing_collision,1.0,3,3,noted,noted,1,"[""LAP 1 TURN 1 INCIDENT INVOLVING CARS 4 (NOR) AND 21 (DEV) NOTED - CAUSING A COLLISION""]",algorithmic_pending_human_validation,False
referral-a493b3bfcc84d74a,2023-mia,Race,2023-05-07 13:05:27-07:00,2023-05-07 13:08:12-07:00,55,1,Pit Lane,other,,21,23,noted|investigation|sanction_announced,sanction_announced,3,"[""INCIDENT INVOLVING CAR 55 (SAI) NOTED - SPEEDING IN THE PIT LANE"", ""FIA STEWARDS: INCIDENT INVOLVING CAR 55 (SAI) UNDER INVESTIGATION - SPEEDING IN THE PIT LANE"", ""FIA STEWARDS: 5 SECOND TIME PENALTY FOR CAR 55 (SAI) - SPEEDING IN THE PIT LANE""]",algorithmic_pending_human_validation,False
referral-5451a33729d89145,2023-mia,Race,2023-05-07 13:09:35-07:00,2023-05-07 13:09:35-07:00,18|63,2,Turn 11,gaining_advantage_off_track,,24,24,noted,noted,1,"[""TURN 11 INCIDENT INVOLVING CARS 18 (STR) AND 63 (RUS) NOTED - LEAVING THE TRACK AND GAINING AN ADVANTAGE""]",algorithmic_pending_human_validation,False
referral-93e3945db544c64e,2023-ned,Race,2023-08-27 06:07:16-07:00,2023-08-27 06:11:36-07:00,20|40,2,Pit Lane,impeding,,3,6,noted|investigation|sanction_announced,sanction_announced,3,"[""PIT LANE INCIDENT INVOLVING CARS 20 (MAG) AND 40 (LAW) NOTED - IMPEDING"", ""FIA STEWARDS: PIT LANE INCIDENT INVOLVING CARS 20 (MAG) AND 40 (LAW) UNDER INVESTIGATION - IMPEDING"", ""FIA STEWARDS: 10 SECOND TIME PENALTY FOR CAR 40 (LAW) - IMPEDING""]",algorithmic_pending_human_validation,False
referral-aeec8dc864d39a10,2023-ned,Race,2023-08-27 06:23:14-07:00,2023-08-27 06:27:07-07:00,10,1,Pit Lane,other,,14,17,investigation|sanction_announced,sanction_announced,2,"[""INCIDENT INVOLVING CAR 10 (GAS) UNDER INVESTIGATION - SPEEDING IN THE PIT LANE"", ""FIA STEWARDS: 5 SECOND TIME PENALTY FOR CAR 10 (GAS) - SPEEDING IN THE PIT LANE""]",algorithmic_pending_human_validation,False
referral-bbcd14b87c75033d,2023-ned,Race,2023-08-27 06:40:21-07:00,2023-08-27 06:40:21-07:00,20|23,2,Turn 1,moving_under_braking,,24,24,noted,noted,1,"[""TURN 1 INCIDENT INVOLVING CARS 20 (MAG) AND 23 (ALB) NOTED - MOVING UNDER BRAKING ""]",algorithmic_pending_human_validation,False
referral-42964ac554eb9a84,2023-ned,Race,2023-08-27 06:43:02-07:00,2023-08-27 06:43:02-07:00,22|31,2,Turn 1,forcing_off_track,,27,27,noted,noted,1,"[""TURN 1 INCIDENT INVOLVING CARS 22 (TSU) AND 31 (OCO) NOTED - FORCING ANOTHER DRIVER OFF THE TRACK""]",algorithmic_pending_human_validation,False
referral-e53215989816aca5,2023-ned,Race,2023-08-27 07:17:50-07:00,2023-08-27 07:29:14-07:00,22|63,2,Turn 1,causing_collision,,54,63,noted|investigation|sanction_announced,sanction_announced,3,"[""TURN 1 INCIDENT INVOLVING CARS 22 (TSU) AND 63 (RUS) NOTED - CAUSING A COLLISION"", ""FIA STEWARDS: TURN 1 INCIDENT INVOLVING CARS 22 (TSU) AND 63 (RUS) UNDER INVESTIGATION - CAUSING A COLLISION"", ""FIA STEWARDS: 5 SECOND TIME PENALTY FOR CAR 22 (TSU) - CAUSING A COLLISION""]",algorithmic_pending_human_validation,True
referral-e6af6c6f6e3cc27c,2023-ned,Race,2023-08-27 08:19:36-07:00,2023-08-27 08:20:00-07:00,11,1,Pit Lane,other,,67,67,noted|investigation|sanction_announced,sanction_announced,3,"[""INCIDENT INVOLVING CAR 11 (PER) NOTED - SPEEDING IN THE PIT LANE"", ""FIA STEWARDS: INCIDENT INVOLVING CAR 11 (PER) UNDER INVESTIGATION - SPEEDING IN THE PIT LANE"", ""FIA STEWARDS: 5 SECOND TIME PENALTY FOR CAR 11 (PER) - SPEEDING IN THE PIT LANE""]",algorithmic_pending_human_validation,False
referral-ded915a590c29e9a,2023-ned,Race,2023-08-27 08:21:40-07:00,2023-08-27 08:21:40-07:00,4|63,2,Turn 11,causing_collision,,68,68,noted,noted,1,"[""TURN 11 INCIDENT INVOLVING CARS 4 (NOR) AND 63 (RUS) NOTED - CAUSING A COLLISION""]",algorithmic_pending_human_validation,False
referral-f6a208be9ca9c360,2023-ned,Race,2023-08-27 08:38:47-07:00,2023-08-27 08:39:11-07:00,20,1,,other,,72,72,noted|investigation,investigation,2,"[""INCIDENT INVOLVING CAR 20 (MAG) NOTED - RESTART INFRINGEMENT "", ""FIA STEWARDS: INCIDENT INVOLVING CAR 20 (MAG) UNDER INVESTIGATION - RESTART INFRINGEMENT ""]",algorithmic_pending_human_validation,False
referral-03dadc373d8e923f,2023-qat,Race,2023-10-08 10:07:16-07:00,2023-10-08 10:10:07-07:00,44|63,2,Turn 1,causing_collision,,2,3,noted|post_session_investigation,post_session_investigation,4,"[""TURN 1 INCIDENT INVOLVING CAR 44 (HAM) NOTED - CROSSING THE TRACK"", ""FIA STEWARDS: TURN 1 INCIDENT INVOLVING CAR 44 (HAM) WILL BE INVESTIGATED AFTER THE RACE - CROSSING THE TRACK"", ""TURN 1 INCIDENT INVOLVING CARS 44 (HAM) AND 63 (RUS) NOTED - CAUSING A COLLISION"", ""FIA STEWARDS: TURN 1 INCIDENT INVOLVING CARS 44 (HAM) AND 63 (RUS) WILL BE INVESTIGATED AFTER THE RACE - CAUSING A COLLISION""]",algorithmic_pending_human_validation,True
referral-63a001357b632070,2023-qat,Race,2023-10-08 10:08:18-07:00,2023-10-08 10:15:06-07:00,27,1,,other,,3,6,noted|investigation|sanction_announced,sanction_announced,3,"[""INCIDENT INVOLVING CAR 27 (HUL) NOTED - INCORRECT STARTING LOCATION"", ""FIA STEWARDS: INCIDENT INVOLVING CAR 27 (HUL) UNDER INVESTIGATION - INCORRECT STARTING LOCATION"", ""FIA STEWARDS: 10 SECOND TIME PENALTY FOR CAR 27 (HUL) - INCORRECT STARTING LOCATION""]",algorithmic_pending_human_validation,False
referral-47890e4a8d95c981,2023-qat,Race,2023-10-08 10:45:14-07:00,2023-10-08 10:46:30-07:00,11,1,,track_limits,,26,27,noted|investigation|sanction_announced,sanction_announced,3,"[""INCIDENT INVOLVING CAR 11 (PER) NOTED - TRACK LIMITS"", ""FIA STEWARDS: INCIDENT INVOLVING CAR 11 (PER) UNDER INVESTIGATION - TRACK LIMITS"", ""FIA STEWARDS: 5 SECOND TIME PENALTY FOR CAR 11 (PER) - TRACK LIMITS""]",algorithmic_pending_human_validation,False
referral-eae8e2cfc58a340d,2023-qat,Race,2023-10-08 10:57:12-07:00,2023-10-08 10:59:03-07:00,14,1,Turn 2,unsafe_rejoin,,34,35,noted|investigation,investigation,2,"[""TURN 2 INCIDENT INVOLVING CAR 14 (ALO) NOTED - REJOINING UNSAFELY"", ""FIA STEWARDS: TURN 2 INCIDENT INVOLVING CAR 14 (ALO) UNDER INVESTIGATION - REJOINING UNSAFELY""]",algorithmic_pending_human_validation,True
referral-a2d12ec9b3bddbff,2023-qat,Race,2023-10-08 11:02:36-07:00,2023-10-08 11:03:27-07:00,11,1,,track_limits,,38,38,noted|investigation|sanction_announced,sanction_announced,3,"[""INCIDENT INVOLVING CAR 11 (PER) NOTED - TRACK LIMITS"", ""FIA STEWARDS: INCIDENT INVOLVING CAR 11 (PER) UNDER INVESTIGATION - TRACK LIMITS"", ""FIA STEWARDS: 5 SECOND TIME PENALTY FOR CAR 11 (PER) - TRACK LIMITS""]",algorithmic_pending_human_validation,False
referral-441bb089cec3ca2b,2023-qat,Race,2023-10-08 11:09:48-07:00,2023-10-08 11:10:25-07:00,18,1,,track_limits,,43,43,noted|investigation|sanction_announced,sanction_announced,3,"[""INCIDENT INVOLVING CAR 18 (STR) NOTED - TRACK LIMITS"", ""FIA STEWARDS: INCIDENT INVOLVING CAR 18 (STR) UNDER INVESTIGATION - TRACK LIMITS"", ""FIA STEWARDS: 5 SECOND TIME PENALTY FOR CAR 18 (STR) - TRACK LIMITS""]",algorithmic_pending_human_validation,False
referral-792289cb767f8ce4,2023-qat,Race,2023-10-08 11:10:40-07:00,2023-10-08 11:14:25-07:00,10,1,,track_limits,,43,46,noted|investigation|sanction_announced,sanction_announced,6,"[""INCIDENT INVOLVING CAR 10 (GAS) NOTED - TRACK LIMITS"", ""FIA STEWARDS: INCIDENT INVOLVING CAR 10 (GAS) UNDER INVESTIGATION - TRACK LIMITS"", ""FIA STEWARDS: 5 SECOND TIME PENALTY FOR CAR 10 (GAS) - TRACK LIMITS"", ""INCIDENT INVOLVING CAR 10 (GAS) NOTED - TRACK LIMITS"", ""FIA STEWARDS: INCIDENT INVOLVING CAR 10 (GAS) UNDER INVESTIGATION - TRACK LIMITS"", ""FIA STEWARDS: 5 SECOND TIME PENALTY FOR CAR 10 (GAS) - TRACK LIMITS""]",algorithmic_pending_human_validation,False
referral-e93e6c5c4f9a8449,2023-qat,Race,2023-10-08 11:15:30-07:00,2023-10-08 11:18:49-07:00,23,1,,track_limits,,47,49,noted|investigation|sanction_announced,sanction_announced,6,"[""INCIDENT INVOLVING CAR 23 (ALB) NOTED - TRACK LIMITS"", ""FIA STEWARDS: INCIDENT INVOLVING CAR 23 (ALB) UNDER INVESTIGATION - TRACK LIMITS"", ""FIA STEWARDS: 5 SECOND TIME PENALTY FOR CAR 23 (ALB) - TRACK LIMITS"", ""INCIDENT INVOLVING CAR 23 (ALB) NOTED - TRACK LIMITS"", ""FIA STEWARDS: INCIDENT INVOLVING CAR 23 (ALB) UNDER INVESTIGATION - TRACK LIMITS"", ""FIA STEWARDS: 5 SECOND TIME PENALTY FOR CAR 23 (ALB) - TRACK LIMITS""]",algorithmic_pending_human_validation,False
referral-d5cada4d92b7ec38,2023-qat,Race,2023-10-08 11:24:41-07:00,2023-10-08 11:26:06-07:00,10|18,2,Turn 1,gaining_advantage_off_track,,53,54,noted|investigation|no_further_action,no_further_action,3,"[""TURN 1 INCIDENT INVOLVING CARS 10 (GAS) AND 18 (STR) NOTED - LEAVING THE TRACK AND GAINING AN ADVANTAGE"", ""FIA STEWARDS: TURN 1 INCIDENT INVOLVING CARS 10 (GAS) AND 18 (STR) UNDER INVESTIGATION - LEAVING THE TRACK AND GAINING AN ADVANTAGE"", ""FIA STEWARDS: TURN 1 INCIDENT INVOLVING CARS 10 (GAS) AND 18 (STR) NO FURTHER ACTION - LEAVING THE TRACK AND GAINING AN ADVANTAGE""]",algorithmic_pending_human_validation,False
referral-39d64d581828e742,2023-qat,Race,2023-10-08 11:26:20-07:00,2023-10-08 11:26:31-07:00,18,1,,track_limits,,54,54,noted|investigation|sanction_announced,sanction_announced,3,"[""INCIDENT INVOLVING CAR 18 (STR) NOTED - TRACK LIMITS"", ""FIA STEWARDS: INCIDENT INVOLVING CAR 18 (STR) UNDER INVESTIGATION - TRACK LIMITS"", ""FIA STEWARDS: 5 SECOND TIME PENALTY FOR CAR 18 (STR) - TRACK LIMITS""]",algorithmic_pending_human_validation,False
referral-180e74d24db0fe7d,2023-qat,Race,2023-10-08 11:30:00-07:00,2023-10-08 11:30:28-07:00,10,1,,track_limits,,57,57,noted|investigation|sanction_announced,sanction_announced,3,"[""INCIDENT INVOLVING CAR 10 (GAS) NOTED - TRACK LIMITS"", ""FIA STEWARDS: INCIDENT INVOLVING CAR 10 (GAS) UNDER INVESTIGATION - TRACK LIMITS"", ""FIA STEWARDS: 5 SECOND TIME PENALTY FOR CAR 10 (GAS) - TRACK LIMITS""]",algorithmic_pending_human_validation,False
referral-e4ef4a3b4bc9873c,2023-qat,Race,2023-10-08 11:30:57-07:00,2023-10-08 11:36:29-07:00,11,1,,track_limits,,57,57,noted|investigation|sanction_announced,sanction_announced,3,"[""INCIDENT INVOLVING CAR 11 (PER) NOTED - TRACK LIMITS"", ""FIA STEWARDS: INCIDENT INVOLVING CAR 11 (PER) UNDER INVESTIGATION - TRACK LIMITS"", ""FIA STEWARDS: 5 SECOND TIME PENALTY FOR CAR 11 (PER) - TRACK LIMITS""]",algorithmic_pending_human_validation,False
referral-50ed2c378523739f,2023-qat,Sprint,2023-10-07 10:54:14-07:00,2023-10-07 10:54:14-07:00,11|27|31,3,Turn 2,causing_collision,,12,12,noted,noted,1,"[""TURN 2 INCIDENT INVOLVING CARS 11 (PER), 27 (HUL) AND 31 (OCO) NOTED - CAUSING A COLLISION""]",algorithmic_pending_human_validation,True
referral-4bdc2a25b2186f46,2023-qat,Sprint,2023-10-07 11:12:37-07:00,2023-10-07 11:12:37-07:00,,0,,track_limits,,19,19,investigation,investigation,1,"[""TRACK LIMIT INFRINGEMENTS ARE STILL UNDER INVESTIGATION""]",algorithmic_pending_human_validation,False
referral-8b48ff99e3c17db0,2023-qat,Sprint,2023-10-07 11:17:50-07:00,2023-10-07 11:17:50-07:00,18,1,,track_limits,,19,19,noted,noted,1,"[""INCIDENT INVOLVING CAR 18 (STR) NOTED - TRACK LIMITS""]",algorithmic_pending_human_validation,False
referral-a9e531554c77fe45,2023-qat,Sprint,2023-10-07 11:17:54-07:00,2023-10-07 11:17:54-07:00,16,1,,track_limits,,19,19,noted,noted,1,"[""INCIDENT INVOLVING CAR 16 (LEC) NOTED - TRACK LIMITS""]",algorithmic_pending_human_validation,False
referral-4d3d181d84159cb7,2023-sao,Race,2023-11-05 09:24:57-08:00,2023-11-05 09:24:57-08:00,20|23,2,Turn 1,causing_collision,1.0,3,3,noted,noted,1,"[""LAP 1 TURN 1 INCIDENT INVOLVING CARS 23 (ALB) AND 20 (MAG) NOTED - CAUSING A COLLISION""]",algorithmic_pending_human_validation,False
referral-0864f81e2b50cfdb,2023-sau,Race,2023-03-19 10:04:28-07:00,2023-03-19 10:06:05-07:00,14,1,,other,,1,2,noted|investigation|sanction_announced,sanction_announced,3,"[""INCIDENT INVOLVING CAR 14 (ALO) NOTED - INCORRECT STARTING LOCATION"", ""FIA STEWARDS: INCIDENT INVOLVING CAR 14 (ALO) UNDER INVESTIGATION - INCORRECT STARTING LOCATION"", ""FIA STEWARDS: 5 SECOND TIME PENALTY FOR CAR 14 (ALO) - INCORRECT STARTING LOCATION""]",algorithmic_pending_human_validation,False
referral-27d5e43640e21fe2,2023-sau,Race,2023-03-19 10:15:21-07:00,2023-03-19 10:15:38-07:00,44,1,,other,,8,8,noted|investigation,investigation,2,"[""START STRAIGHT INCIDENT INVOLVING CAR 44 (HAM) NOTED - WEAVING ON STRAIGHT"", ""FIA STEWARDS: START STRAIGHT INCIDENT INVOLVING CAR 44 (HAM) UNDER INVESTIGATION - WEAVING ON STRAIGHT""]",algorithmic_pending_human_validation,False
referral-fa2550249310951b,2023-sau,Race,2023-03-19 11:38:13-07:00,2023-03-19 11:45:07-07:00,14,1,Pit Lane,other,,50,50,sanction_announced|investigation,sanction_announced,3,"[""PIT LANE INCIDENT INVOLVING CAR 14 (ALO) NOTED - SERVING PENALTY INCORRECTLY "", ""FIA STEWARDS: PIT LANE INCIDENT INVOLVING CAR 14 (ALO) UNDER INVESTIGATION - SERVING PENALTY INCORRECTLY "", ""FIA STEWARDS: 10 SECOND TIME PENALTY FOR CAR 14 (ALO) - SERVING PENALTY INCORRECTLY ""]",algorithmic_pending_human_validation,False
referral-1075fb12db423121,2023-sgp,Race,2023-09-17 05:08:46-07:00,2023-09-17 05:08:46-07:00,44,1,Turn 2,gaining_advantage_off_track,,3,3,noted,noted,1,"[""TURN 2 INCIDENT INVOLVING CAR 44 (HAM) NOTED - LEAVING THE TRACK AND GAINING AN ADVANTAGE""]",algorithmic_pending_human_validation,False
referral-d24562e1a9e4390e,2023-sgp,Race,2023-09-17 05:39:51-07:00,2023-09-17 05:43:50-07:00,14,1,Pit Lane,other,,21,23,noted|investigation|sanction_announced,sanction_announced,3,"[""INCIDENT INVOLVING CAR 14 (ALO) NOTED - FAILING TO FOLLOW RACE DIRECTORS INSTRUCTIONS – CROSSING THE LINE AT PIT ENTRY"", ""FIA STEWARDS: INCIDENT INVOLVING CAR 14 (ALO) UNDER INVESTIGATION - FAILING TO FOLLOW RACE DIRECTORS INSTRUCTIONS – CROSSING THE LINE AT PIT ENTRY"", ""FIA STEWARDS: 5 SECOND TIME PENALTY FOR CAR 14 (ALO) - FAILING TO FOLLOW RACE DIRECTORS INSTRUCTIONS – CROSSING THE LINE AT PIT ENTRY""]",algorithmic_pending_human_validation,False
referral-13e0cacce3ffc1b5,2023-sgp,Race,2023-09-17 06:05:41-07:00,2023-09-17 06:05:41-07:00,10|20,2,Turn 7,forcing_off_track,,36,36,noted,noted,1,"[""TURN 7 INCIDENT INVOLVING CARS 10 (GAS) AND 20 (MAG) NOTED - FORCING ANOTHER DRIVER OFF THE TRACK""]",algorithmic_pending_human_validation,False
referral-be7acc0c4505d888,2023-sgp,Race,2023-09-17 06:29:59-07:00,2023-09-17 06:31:48-07:00,11|23,2,Pit Lane,other,,50,51,noted|post_session_investigation,post_session_investigation,2,"[""PIT EXIT INCIDENT INVOLVING CARS 11 (PER) AND 23 (ALB) NOTED - VSC INFRINGEMENT"", ""FIA STEWARDS: PIT EXIT INCIDENT INVOLVING CARS 11 (PER) AND 23 (ALB) WILL BE INVESTIGATED AFTER THE RACE - VSC INFRINGEMENT""]",algorithmic_pending_human_validation,False
referral-fa5877ac295331e9,2023-sgp,Race,2023-09-17 06:45:13-07:00,2023-09-17 06:45:38-07:00,11|23,2,Turn 13,causing_collision,,59,60,noted|post_session_investigation,post_session_investigation,2,"[""TURN 13 INCIDENT INVOLVING CARS 11 (PER) AND 23 (ALB) NOTED - CAUSING A COLLISION"", ""FIA STEWARDS: TURN 13 INCIDENT INVOLVING CARS 11 (PER) AND 23 (ALB) WILL BE INVESTIGATED AFTER THE RACE - CAUSING A COLLISION""]",algorithmic_pending_human_validation,True
referral-67c611eaaa213bcf,2023-sgp,Race,2023-09-17 06:48:42-07:00,2023-09-17 06:48:42-07:00,11|40,2,Turn 7,causing_collision,,61,61,noted,noted,1,"[""TURN 7 INCIDENT INVOLVING CARS 11 (PER) AND 40 (LAW) NOTED - CAUSING A COLLISION""]",algorithmic_pending_human_validation,False
referral-d65258319313233d,2023-usa,Race,2023-10-22 11:18:01-07:00,2023-10-22 11:18:01-07:00,18,1,Pit Lane,other,,1,1,noted,noted,1,"[""INCIDENT INVOLVING CAR 18 (STR) NOTED - NOT ENTERING PIT LANE""]",algorithmic_pending_human_validation,False
referral-f11ab5e1361bd95d,2023-usa,Race,2023-10-22 11:34:19-07:00,2023-10-22 11:34:19-07:00,18,1,Pit Lane,other,,1,1,post_session_investigation,post_session_investigation,1,"[""FIA STEWARDS: INCIDENT INVOLVING CAR 18 (STR) WILL BE INVESTIGATED AFTER THE RACE - NOT ENTERING PIT LANE""]",algorithmic_pending_human_validation,False
referral-db4b71e1e9621fb0,2023-usa,Race,2023-10-22 12:06:46-07:00,2023-10-22 12:06:46-07:00,63,1,Turn 1,gaining_advantage_off_track,,2,2,noted,noted,1,"[""TURN 1 INCIDENT INVOLVING CAR 63 (RUS) NOTED - LEAVING THE TRACK AND GAINING AN ADVANTAGE""]",algorithmic_pending_human_validation,False
referral-bb0cb2317c508b2b,2023-usa,Race,2023-10-22 12:25:08-07:00,2023-10-22 12:25:08-07:00,1|16,2,Turn 12,other,,13,13,noted,noted,1,"[""TURN 12 INCIDENT INVOLVING CARS 1 (VER) AND 16 (LEC) NOTED ""]",algorithmic_pending_human_validation,False
referral-a6aaa7fa2cdf6990,2023-usa,Race,2023-10-22 12:50:20-07:00,2023-10-22 13:00:07-07:00,2|18,2,Turn 12,other,,28,33,noted|investigation|no_further_action,no_further_action,3,"[""TURN 12 INCIDENT INVOLVING CARS 2 (SAR) AND 18 (STR) NOTED "", ""FIA STEWARDS: TURN 12 INCIDENT INVOLVING CARS 2 (SAR) AND 18 (STR) UNDER INVESTIGATION "", ""FIA STEWARDS: TURN 12 INCIDENT INVOLVING CARS 2 (SAR) AND 18 (STR) NO FURTHER ACTION ""]",algorithmic_pending_human_validation,True
referral-82d27651acf455c6,2023-usa,Race,2023-10-22 13:30:40-07:00,2023-10-22 13:34:10-07:00,23,1,,track_limits,,51,54,noted|investigation|sanction_announced|post_session_investigation,sanction_announced,5,"[""INCIDENT INVOLVING CAR 23 (ALB) NOTED - TRACK LIMITS"", ""FIA STEWARDS: INCIDENT INVOLVING CAR 23 (ALB) UNDER INVESTIGATION - TRACK LIMITS"", ""FIA STEWARDS: 5 SECOND TIME PENALTY FOR CAR 23 (ALB) - TRACK LIMITS"", ""INCIDENT INVOLVING CAR 23 (ALB) NOTED - MULTIPLE TRACK LIMIT INFRINGEMENTS"", ""FIA STEWARDS: INCIDENT INVOLVING CAR 23 (ALB) WILL BE INVESTIGATED AFTER THE RACE - MULTIPLE TRACK LIMIT INFRINGEMENTS""]",algorithmic_pending_human_validation,False
referral-41aa9fc9c52b1081,2023-usa,Sprint,2023-10-21 15:09:26-07:00,2023-10-21 15:13:10-07:00,63|81,2,Turn 15,gaining_advantage_off_track,,4,6,noted|investigation|sanction_announced,sanction_announced,3,"[""TURN 15 INCIDENT INVOLVING CARS 63 (RUS) AND 81 (PIA) NOTED - LEAVING THE TRACK AND GAINING AN ADVANTAGE"", ""FIA STEWARDS: TURN 15 INCIDENT INVOLVING CARS 63 (RUS) AND 81 (PIA) UNDER INVESTIGATION - LEAVING THE TRACK AND GAINING AN ADVANTAGE"", ""FIA STEWARDS: 5 SECOND TIME PENALTY FOR CAR 63 (RUS) - LEAVING THE TRACK AND GAINING AN ADVANTAGE""]",algorithmic_pending_human_validation,True
referral-bb402d05433ecd0e,2023-usa,Sprint,2023-10-21 15:16:24-07:00,2023-10-21 15:21:54-07:00,23|81,2,Turn 1,gaining_advantage_off_track,,8,11,noted|investigation|no_further_action,no_further_action,3,"[""TURN 1 INCIDENT INVOLVING CARS 23 (ALB) AND 81 (PIA) NOTED - LEAVING THE TRACK AND GAINING AN ADVANTAGE"", ""FIA STEWARDS: TURN 1 INCIDENT INVOLVING CARS 23 (ALB) AND 81 (PIA) UNDER INVESTIGATION - LEAVING THE TRACK AND GAINING AN ADVANTAGE"", ""FIA STEWARDS: TURN 1 INCIDENT INVOLVING CARS 23 (ALB) AND 81 (PIA) NO FURTHER ACTION - LEAVING THE TRACK AND GAINING AN ADVANTAGE""]",algorithmic_pending_human_validation,True
referral-514c03437a7f4166,2023-usa,Sprint,2023-10-21 15:25:34-07:00,2023-10-21 15:33:46-07:00,20|24,2,Turn 1,forcing_off_track,,14,19,noted|investigation|no_further_action,no_further_action,3,"[""TURN 1 INCIDENT INVOLVING CARS 20 (MAG) AND 24 (ZHO) NOTED - FORCING ANOTHER DRIVER OFF THE TRACK"", ""FIA STEWARDS: TURN 1 INCIDENT INVOLVING CARS 20 (MAG) AND 24 (ZHO) UNDER INVESTIGATION - FORCING ANOTHER DRIVER OFF THE TRACK"", ""FIA STEWARDS: TURN 1 INCIDENT INVOLVING CARS 20 (MAG) AND 24 (ZHO) NO FURTHER ACTION - FORCING ANOTHER DRIVER OFF THE TRACK""]",algorithmic_pending_human_validation,True
referral-8bf6626169dcd459,2023-usa,Sprint,2023-10-21 15:32:25-07:00,2023-10-21 15:34:15-07:00,20|24,2,Turn 15,gaining_advantage_off_track,,18,19,noted|investigation|sanction_announced,sanction_announced,3,"[""TURN 15 INCIDENT INVOLVING CARS 20 (MAG) AND 24 (ZHO) NOTED - LEAVING THE TRACK AND GAINING AN ADVANTAGE"", ""FIA STEWARDS: TURN 15 INCIDENT INVOLVING CARS 20 (MAG) AND 24 (ZHO) UNDER INVESTIGATION - LEAVING THE TRACK AND GAINING AN ADVANTAGE"", ""FIA STEWARDS: 5 SECOND TIME PENALTY FOR CAR 24 (ZHO) - LEAVING THE TRACK AND GAINING AN ADVANTAGE""]",algorithmic_pending_human_validation,True
referral-c3f957eaa876ced8,2024-abu,Race,2024-12-08 04:25:30-08:00,2024-12-08 04:32:42-08:00,20,1,,other,,1,1,noted|post_session_investigation,post_session_investigation,2,"[""INCIDENT INVOLVING CAR 20 (MAG) NOTED - FAILING TO FOLLOW RACE DIRECTORS INSTRUCTIONS – PRACTICE START INFRINGEMENT"", ""FIA STEWARDS: INCIDENT INVOLVING CAR 20 (MAG) WILL BE INVESTIGATED AFTER THE RACE - FAILING TO FOLLOW RACE DIRECTORS INSTRUCTIONS – PRACTICE START INFRINGEMENT""]",algorithmic_pending_human_validation,False
referral-77f98b44ca9910e1,2024-abu,Race,2024-12-08 05:04:16-08:00,2024-12-08 05:11:10-08:00,1|81,2,Turn 1,causing_collision,,1,5,noted|investigation|sanction_announced,sanction_announced,3,"[""TURN 1 INCIDENT INVOLVING CARS 1 (VER) AND 81 (PIA) NOTED - CAUSING A COLLISION"", ""FIA STEWARDS: TURN 1 INCIDENT INVOLVING CARS 1 (VER) AND 81 (PIA) UNDER INVESTIGATION - CAUSING A COLLISION"", ""FIA STEWARDS: 10 SECOND TIME PENALTY FOR CAR 1 (VER) - CAUSING A COLLISION""]",algorithmic_pending_human_validation,True
referral-09e39de88467ad49,2024-abu,Race,2024-12-08 05:08:50-08:00,2024-12-08 05:11:57-08:00,11|77,2,Turn 7,causing_collision,,4,6,noted|investigation|sanction_announced,sanction_announced,3,"[""TURN 7 INCIDENT INVOLVING CARS 77 (BOT) AND 11 (PER) NOTED - CAUSING A COLLISION"", ""FIA STEWARDS: TURN 7 INCIDENT INVOLVING CARS 77 (BOT) AND 11 (PER) UNDER INVESTIGATION - CAUSING A COLLISION"", ""FIA STEWARDS: 10 SECOND TIME PENALTY FOR CAR 77 (BOT) - CAUSING A COLLISION""]",algorithmic_pending_human_validation,True
referral-426530d3c0394fff,2024-abu,Race,2024-12-08 05:11:43-08:00,2024-12-08 05:16:42-08:00,43|81,2,Turn 6,causing_collision,,6,9,noted|investigation|sanction_announced,sanction_announced,3,"[""TURN 6 INCIDENT INVOLVING CARS 81 (PIA) AND 43 (COL) NOTED - CAUSING A COLLISION"", ""FIA STEWARDS: TURN 6 INCIDENT INVOLVING CARS 81 (PIA) AND 43 (COL) UNDER INVESTIGATION - CAUSING A COLLISION"", ""FIA STEWARDS: 10 SECOND TIME PENALTY FOR CAR 81 (PIA) - CAUSING A COLLISION""]",algorithmic_pending_human_validation,True
referral-64e501bec1b0aeb9,2024-abu,Race,2024-12-08 05:18:19-08:00,2024-12-08 05:26:25-08:00,24,1,,other,,10,15,noted|investigation|sanction_announced,sanction_announced,3,"[""INCIDENT INVOLVING CAR 24 (ZHO) NOTED - FALSE START"", ""FIA STEWARDS: INCIDENT INVOLVING CAR 24 (ZHO) UNDER INVESTIGATION - FALSE START"", ""FIA STEWARDS: 5 SECOND TIME PENALTY FOR CAR 24 (ZHO) - FALSE START""]",algorithmic_pending_human_validation,False
referral-ff64d10d3709859c,2024-abu,Race,2024-12-08 05:21:23-08:00,2024-12-08 05:21:23-08:00,23,1,,other,,12,12,noted,noted,1,"[""INCIDENT INVOLVING CAR 23 (ALB) NOTED - FALSE START""]",algorithmic_pending_human_validation,False
referral-1516a1c64be232d6,2024-abu,Race,2024-12-08 05:43:08-08:00,2024-12-08 05:47:28-08:00,30,1,,other,,27,29,noted|investigation|sanction_announced,sanction_announced,3,"[""INCIDENT INVOLVING CAR 30 (LAW) NOTED - RELEASING IN UNSAFE CONDITION"", ""FIA STEWARDS: INCIDENT INVOLVING CAR 30 (LAW) UNDER INVESTIGATION - RELEASING IN UNSAFE CONDITION"", ""FIA STEWARDS: 10 SECOND STOP/GO PENALTY FOR CAR 30 (LAW) - RELEASING IN UNSAFE CONDITION""]",algorithmic_pending_human_validation,False
referral-ab309720b3991aaa,2024-abu,Race,2024-12-08 05:51:14-08:00,2024-12-08 05:51:41-08:00,20|77,2,Turn 6,causing_collision,,32,32,noted|investigation,investigation,2,"[""TURN 6 INCIDENT INVOLVING CARS 20 (MAG) AND 77 (BOT) NOTED - CAUSING A COLLISION"", ""FIA STEWARDS: TURN 6 INCIDENT INVOLVING CARS 20 (MAG) AND 77 (BOT) UNDER INVESTIGATION - CAUSING A COLLISION""]",algorithmic_pending_human_validation,True
referral-c76096bef9f89d36,2024-abu,Race,2024-12-08 06:11:06-08:00,2024-12-08 06:11:06-08:00,20|77,2,Turn 6,causing_collision,,46,46,post_session_investigation,post_session_investigation,1,"[""FIA STEWARDS: TURN 6 INCIDENT INVOLVING CARS 20 (MAG) AND 77 (BOT) WILL BE INVESTIGATED AFTER THE RACE - CAUSING A COLLISION""]",algorithmic_pending_human_validation,False
referral-b0a3bd027199a935,2024-abu,Race,2024-12-08 06:30:43-08:00,2024-12-08 06:31:30-08:00,18,1,,track_limits,,58,58,noted|investigation|sanction_announced,sanction_announced,3,"[""INCIDENT INVOLVING CAR 18 (STR) NOTED - TRACK LIMITS"", ""FIA STEWARDS: INCIDENT INVOLVING CAR 18 (STR) UNDER INVESTIGATION - TRACK LIMITS"", ""FIA STEWARDS: 5 SECOND TIME PENALTY FOR CAR 18 (STR) - TRACK LIMITS""]",algorithmic_pending_human_validation,False
referral-397c758ddc7f17b4,2024-aus,Race,2024-03-23 22:03:56-07:00,2024-03-23 22:05:02-07:00,77,1,Pit Lane,other,,44,45,noted|post_session_investigation,post_session_investigation,2,"[""INCIDENT INVOLVING CAR 77 (BOT) NOTED - PIT LANE INFRINGEMENT"", ""FIA STEWARDS: INCIDENT INVOLVING CAR 77 (BOT) WILL BE INVESTIGATED AFTER THE RACE - PIT LANE INFRINGEMENT""]",algorithmic_pending_human_validation,False
referral-303d408dbafbb99a,2024-aus,Race,2024-03-23 22:05:39-07:00,2024-03-23 22:09:10-07:00,10,1,Pit Lane,other,,45,48,noted|investigation|sanction_announced,sanction_announced,3,"[""INCIDENT INVOLVING CAR 10 (GAS) NOTED - FAILING TO FOLLOW RACE DIRECTORS INSTRUCTIONS – CROSSING THE LINE AT PIT EXIT"", ""FIA STEWARDS: INCIDENT INVOLVING CAR 10 (GAS) UNDER INVESTIGATION - FAILING TO FOLLOW RACE DIRECTORS INSTRUCTIONS – CROSSING THE LINE AT PIT EXIT"", ""FIA STEWARDS: 5 SECOND TIME PENALTY FOR CAR 10 (GAS) - FAILING TO FOLLOW RACE DIRECTORS INSTRUCTIONS – CROSSING THE LINE AT PIT EXIT""]",algorithmic_pending_human_validation,False
referral-8e19478a8fa21474,2024-aus,Race,2024-03-23 22:37:47-07:00,2024-03-23 22:37:54-07:00,14|63,2,Turn 6,other,,58,58,noted|investigation,investigation,2,"[""TURN 6 INCIDENT INVOLVING CARS 14 (ALO) AND 63 (RUS) NOTED"", ""FIA STEWARDS: TURN 6 INCIDENT INVOLVING CARS 14 (ALO) AND 63 (RUS) UNDER INVESTIGATION""]",algorithmic_pending_human_validation,False
referral-8ed77152ed04b6fe,2024-aut,Race,2024-06-30 06:06:31-07:00,2024-06-30 06:09:52-07:00,44|55,2,Turn 1,gaining_advantage_off_track,,3,6,noted|investigation|no_further_action,no_further_action,3,"[""TURN 1 INCIDENT INVOLVING CARS 44 (HAM) AND 55 (SAI) NOTED - LEAVING THE TRACK AND GAINING AN ADVANTAGE"", ""FIA STEWARDS: TURN 1 INCIDENT INVOLVING CARS 44 (HAM) AND 55 (SAI) UNDER INVESTIGATION - LEAVING THE TRACK AND GAINING AN ADVANTAGE"", ""FIA STEWARDS: TURN 1 INCIDENT INVOLVING CARS 44 (HAM) AND 55 (SAI) NO FURTHER ACTION - LEAVING THE TRACK AND GAINING AN ADVANTAGE""]",algorithmic_pending_human_validation,True
referral-45e3c4b3e620e11c,2024-aut,Race,2024-06-30 06:10:57-07:00,2024-06-30 06:10:57-07:00,11|81,2,Turn 4,forcing_off_track,,7,7,noted,noted,1,"[""TURN 4 INCIDENT INVOLVING CARS 11 (PER) AND 81 (PIA) NOTED - FORCING ANOTHER DRIVER OFF THE TRACK""]",algorithmic_pending_human_validation,False
referral-ec71cc44d3a01f25,2024-aut,Race,2024-06-30 06:27:08-07:00,2024-06-30 06:30:06-07:00,14|24,2,Turn 3,causing_collision,,21,23,noted|investigation|sanction_announced,sanction_announced,3,"[""TURN 3 INCIDENT INVOLVING CARS 14 (ALO) AND 24 (ZHO) NOTED - CAUSING A COLLISION"", ""FIA STEWARDS: TURN 3 INCIDENT INVOLVING CARS 14 (ALO) AND 24 (ZHO) UNDER INVESTIGATION - CAUSING A COLLISION"", ""FIA STEWARDS: 10 SECOND TIME PENALTY FOR CAR 14 (ALO) - CAUSING A COLLISION""]",algorithmic_pending_human_validation,True
referral-68af0db0a219d978,2024-aut,Race,2024-06-30 06:29:06-07:00,2024-06-30 06:31:15-07:00,44,1,Pit Lane,other,,23,24,noted|investigation|sanction_announced,sanction_announced,3,"[""INCIDENT INVOLVING CAR 44 (HAM) NOTED - FAILING TO FOLLOW RACE DIRECTORS INSTRUCTIONS – CROSSING THE LINE AT PIT ENTRY"", ""FIA STEWARDS: INCIDENT INVOLVING CAR 44 (HAM) UNDER INVESTIGATION - FAILING TO FOLLOW RACE DIRECTORS INSTRUCTIONS – CROSSING THE LINE AT PIT ENTRY"", ""FIA STEWARDS: 5 SECOND TIME PENALTY FOR CAR 44 (HAM) - FAILING TO FOLLOW RACE DIRECTORS INSTRUCTIONS – CROSSING THE LINE AT PIT ENTRY""]",algorithmic_pending_human_validation,False
referral-4b8deb732c0ea11e,2024-aut,Race,2024-06-30 06:32:25-07:00,2024-06-30 06:43:16-07:00,1|4,2,,unsafe_release,,25,34,noted|investigation|no_further_action,no_further_action,3,"[""INCIDENT INVOLVING CARS 1 (VER) AND 4 (NOR) NOTED - UNSAFE RELEASE"", ""FIA STEWARDS: INCIDENT INVOLVING CARS 1 (VER) AND 4 (NOR) UNDER INVESTIGATION - UNSAFE RELEASE"", ""FIA STEWARDS: INCIDENT INVOLVING CARS 1 (VER) AND 4 (NOR) NO FURTHER ACTION - UNSAFE RELEASE""]",algorithmic_pending_human_validation,False
referral-76d3d117c74eca0b,2024-aut,Race,2024-06-30 06:38:58-07:00,2024-06-30 06:40:32-07:00,11,1,Pit Lane,other,,31,32,noted|investigation|sanction_announced,sanction_announced,3,"[""INCIDENT INVOLVING CAR 11 (PER) NOTED - SPEEDING IN THE PIT LANE"", ""FIA STEWARDS: INCIDENT INVOLVING CAR 11 (PER) UNDER INVESTIGATION - SPEEDING IN THE PIT LANE"", ""FIA STEWARDS: 5 SECOND TIME PENALTY FOR CAR 11 (PER) - SPEEDING IN THE PIT LANE""]",algorithmic_pending_human_validation,False
referral-afc360ecc98bce2c,2024-aut,Race,2024-06-30 06:50:37-07:00,2024-06-30 06:50:37-07:00,14|31,2,Turn 3,other,,41,41,noted,noted,1,"[""TURN 3 INCIDENT INVOLVING CARS 31 (OCO) AND 14 (ALO) NOTED""]",algorithmic_pending_human_validation,False
referral-ba402b3b3f012bf8,2024-aut,Race,2024-06-30 06:53:23-07:00,2024-06-30 06:56:18-07:00,23,1,Pit Lane,other,,43,46,noted|investigation|sanction_announced,sanction_announced,3,"[""INCIDENT INVOLVING CAR 23 (ALB) NOTED - FAILING TO FOLLOW RACE DIRECTORS INSTRUCTIONS – CROSSING THE LINE AT PIT ENTRY"", ""FIA STEWARDS: INCIDENT INVOLVING CAR 23 (ALB) UNDER INVESTIGATION - FAILING TO FOLLOW RACE DIRECTORS INSTRUCTIONS – CROSSING THE LINE AT PIT ENTRY"", ""FIA STEWARDS: 5 SECOND TIME PENALTY FOR CAR 23 (ALB) - FAILING TO FOLLOW RACE DIRECTORS INSTRUCTIONS – CROSSING THE LINE AT PIT ENTRY""]",algorithmic_pending_human_validation,False
referral-b6c71798ded9abd8,2024-aut,Race,2024-06-30 07:13:37-07:00,2024-06-30 07:18:23-07:00,4,1,,track_limits,,60,64,noted|investigation|sanction_announced,sanction_announced,3,"[""INCIDENT INVOLVING CAR 4 (NOR) NOTED - TRACK LIMITS"", ""FIA STEWARDS: INCIDENT INVOLVING CAR 4 (NOR) UNDER INVESTIGATION - TRACK LIMITS"", ""FIA STEWARDS: 5 SECOND TIME PENALTY FOR CAR 4 (NOR) - TRACK LIMITS""]",algorithmic_pending_human_validation,False
referral-2b2077507b58e645,2024-aut,Race,2024-06-30 07:18:34-07:00,2024-06-30 07:22:50-07:00,1|4,2,Turn 3,causing_collision,,64,68,noted|investigation|sanction_announced,sanction_announced,3,"[""TURN 3 INCIDENT INVOLVING CARS 4 (NOR) AND 1 (VER) NOTED - CAUSING A COLLISION"", ""FIA STEWARDS: TURN 3 INCIDENT INVOLVING CARS 4 (NOR) AND 1 (VER) UNDER INVESTIGATION - CAUSING A COLLISION"", ""FIA STEWARDS: 10 SECOND TIME PENALTY FOR CAR 1 (VER) - CAUSING A COLLISION""]",algorithmic_pending_human_validation,True
referral-ea709ede9b41ff81,2024-aut,Sprint,2024-06-29 03:31:54-07:00,2024-06-29 03:31:54-07:00,14|27,2,Turn 3,forcing_off_track,,23,23,noted,noted,1,"[""TURN 3 INCIDENT INVOLVING CARS 27 (HUL) AND 14 (ALO) NOTED - FORCING ANOTHER DRIVER OFF THE TRACK""]",algorithmic_pending_human_validation,True
referral-8606750ab5c2e36e,2024-aze,Race,2024-09-15 05:43:02-07:00,2024-09-15 05:43:09-07:00,11|55,2,Turn 2,causing_collision,,51,51,noted|post_session_investigation,post_session_investigation,2,"[""TURN 2 INCIDENT INVOLVING CARS 11 (PER) AND 55 (SAI) NOTED - CAUSING A COLLISION"", ""FIA STEWARDS: TURN 2 INCIDENT INVOLVING CARS 11 (PER) AND 55 (SAI) WILL BE INVESTIGATED AFTER THE RACE - CAUSING A COLLISION""]",algorithmic_pending_human_validation,True
referral-19d816eb7ae347f9,2024-aze,Race,2024-09-15 05:46:47-07:00,2024-09-15 05:46:58-07:00,27,1,,other,,51,51,noted|post_session_investigation,post_session_investigation,2,"[""INCIDENT INVOLVING CAR 27 (HUL) NOTED - VIRTUAL SAFETY CAR INFRINGEMENT"", ""FIA STEWARDS: INCIDENT INVOLVING CAR 27 (HUL) WILL BE INVESTIGATED AFTER THE RACE - VIRTUAL SAFETY CAR INFRINGEMENT""]",algorithmic_pending_human_validation,False
referral-142f49094e65909c,2024-aze,Race,2024-09-15 05:47:38-07:00,2024-09-15 05:47:49-07:00,1,1,,other,,51,51,noted|post_session_investigation,post_session_investigation,2,"[""INCIDENT INVOLVING CAR 1 (VER) NOTED - VIRTUAL SAFETY CAR INFRINGEMENT"", ""FIA STEWARDS: INCIDENT INVOLVING CAR 1 (VER) WILL BE INVESTIGATED AFTER THE RACE - VIRTUAL SAFETY CAR INFRINGEMENT""]",algorithmic_pending_human_validation,False
referral-1fb9541146c2e8e1,2024-aze,Race,2024-09-15 05:49:10-07:00,2024-09-15 05:49:10-07:00,,0,Pit Lane,other,,51,51,noted,noted,1,"[""INCIDENT INVOLVING MCLAREN NOTED - PIT LANE INFRINGEMENT""]",algorithmic_pending_human_validation,False
referral-508fbc6b52e290e8,2024-aze,Race,2024-09-15 05:49:25-07:00,2024-09-15 05:49:25-07:00,,0,Pit Lane,other,,51,51,post_session_investigation,post_session_investigation,1,"[""FIA STEWARDS: INCIDENT INVOLVING MCLAREN WILL BE INVESTIGATED AFTER THE RACE - PIT LANE INFRINGEMENT""]",algorithmic_pending_human_validation,False
referral-002a36b475baf1a0,2024-aze,Race,2024-09-15 05:57:51-07:00,2024-09-15 05:57:58-07:00,31,1,,other,,51,51,noted|post_session_investigation,post_session_investigation,2,"[""INCIDENT INVOLVING CAR 31 (OCO) NOTED - VIRTUAL SAFETY CAR INFRINGEMENT"", ""FIA STEWARDS: INCIDENT INVOLVING CAR 31 (OCO) WILL BE INVESTIGATED AFTER THE RACE - VIRTUAL SAFETY CAR INFRINGEMENT""]",algorithmic_pending_human_validation,False
referral-e23be9230c6bea6a,2024-aze,Race,2024-09-15 05:59:57-07:00,2024-09-15 06:00:03-07:00,10,1,,other,,51,51,noted|post_session_investigation,post_session_investigation,2,"[""INCIDENT INVOLVING CAR 10 (GAS) NOTED - VIRTUAL SAFETY CAR INFRINGEMENT"", ""FIA STEWARDS: INCIDENT INVOLVING CAR 10 (GAS) WILL BE INVESTIGATED AFTER THE RACE - VIRTUAL SAFETY CAR INFRINGEMENT""]",algorithmic_pending_human_validation,False
referral-48639a19013732fd,2024-bel,Race,2024-07-28 06:07:26-07:00,2024-07-28 06:07:26-07:00,23,1,Turn 5,gaining_advantage_off_track,,2,2,noted,noted,1,"[""TURN 5 INCIDENT INVOLVING CAR 23 (ALB) NOTED - LEAVING THE TRACK AND GAINING AN ADVANTAGE""]",algorithmic_pending_human_validation,False
referral-aae6f2e66b67fecf,2024-bhr,Race,2024-03-02 07:06:43-08:00,2024-03-02 07:06:43-08:00,18|27,2,Turn 1,causing_collision,,2,2,noted,noted,1,"[""TURN 1 INCIDENT INVOLVING CARS 18 (STR) AND 27 (HUL) NOTED - CAUSING A COLLISION""]",algorithmic_pending_human_validation,False
referral-b4e9414f4291e8f3,2024-can,Race,2024-06-09 11:06:00-07:00,2024-06-09 11:06:00-07:00,10|11,2,Turn 2,causing_collision,,2,2,noted,noted,1,"[""TURN 2 INCIDENT INVOLVING CARS 10 (GAS) AND 11 (PER) NOTED - CAUSING A COLLISION""]",algorithmic_pending_human_validation,False
referral-bc0d0e66c4ead9fd,2024-can,Race,2024-06-09 11:16:38-07:00,2024-06-09 11:21:12-07:00,3,1,,other,,9,12,noted|investigation|sanction_announced,sanction_announced,3,"[""INCIDENT INVOLVING CAR 3 (RIC) NOTED - FALSE START"", ""FIA STEWARDS: INCIDENT INVOLVING CAR 3 (RIC) UNDER INVESTIGATION - FALSE START"", ""FIA STEWARDS: 5 SECOND TIME PENALTY FOR CAR 3 (RIC) - FALSE START""]",algorithmic_pending_human_validation,False
referral-f6cb3281ff810803,2024-can,Race,2024-06-09 11:33:35-07:00,2024-06-09 11:33:35-07:00,22|23,2,Turn 13,other,,21,21,noted,noted,1,"[""TURN 13 INCIDENT INVOLVING CARS 22 (TSU) AND 23 (ALB) NOTED""]",algorithmic_pending_human_validation,False
referral-1273a63ba7168ea9,2024-can,Race,2024-06-09 11:36:26-07:00,2024-06-09 11:36:26-07:00,1|63,2,Turn 14,unsafe_rejoin,,23,23,noted,noted,1,"[""TURN 14 INCIDENT INVOLVING CARS 63 (RUS) AND 1 (VER) NOTED - REJOINING UNSAFELY""]",algorithmic_pending_human_validation,False
referral-47cb2724a8d7f90d,2024-can,Race,2024-06-09 11:57:04-07:00,2024-06-09 11:57:04-07:00,3|55|77,3,Turn 10,causing_collision,,35,35,noted,noted,1,"[""TURN 10 INCIDENT INVOLVING CARS 55 (SAI), 77 (BOT) AND 3 (RIC) NOTED - CAUSING A COLLISION""]",algorithmic_pending_human_validation,False
referral-7864f15230e8d4e4,2024-can,Race,2024-06-09 12:08:50-07:00,2024-06-09 12:15:27-07:00,4,1,Turn 1,gaining_advantage_off_track,,43,47,noted|investigation|no_further_action,no_further_action,3,"[""TURN 1 INCIDENT INVOLVING CAR 4 (NOR) NOTED - LEAVING THE TRACK AND GAINING AN ADVANTAGE"", ""FIA STEWARDS: TURN 1 INCIDENT INVOLVING CAR 4 (NOR) UNDER INVESTIGATION - LEAVING THE TRACK AND GAINING AN ADVANTAGE"", ""FIA STEWARDS: TURN 1 INCIDENT INVOLVING CAR 4 (NOR) NO FURTHER ACTION - LEAVING THE TRACK AND GAINING AN ADVANTAGE""]",algorithmic_pending_human_validation,True
referral-2f39843da931fa4b,2024-can,Race,2024-06-09 12:25:38-07:00,2024-06-09 12:34:59-07:00,11,1,,other,,55,59,noted|post_session_investigation,post_session_investigation,2,"[""INCIDENT INVOLVING CAR 11 (PER) NOTED - UNSAFE CONDITION"", ""FIA STEWARDS: INCIDENT INVOLVING CAR 11 (PER) WILL BE INVESTIGATED AFTER THE RACE - UNSAFE CONDITION""]",algorithmic_pending_human_validation,False
referral-da4bb01379c2b141,2024-can,Race,2024-06-09 12:36:13-07:00,2024-06-09 12:36:13-07:00,10|27,2,Turn 12,other,,60,60,noted,noted,1,"[""TURN 12 INCIDENT INVOLVING CARS 10 (GAS) AND 27 (HUL) NOTED""]",algorithmic_pending_human_validation,False
referral-e278573f6461fcf2,2024-can,Race,2024-06-09 12:38:47-07:00,2024-06-09 12:38:47-07:00,20,1,Turn 8,other,,62,62,noted,noted,1,"[""TURN 8 INCIDENT INVOLVING CAR 20 (MAG) NOTED - FAILING TO FOLLOW RACE DIRECTORS INSTRUCTIONS – ESCAPE ROAD INSTRUCTIONS""]",algorithmic_pending_human_validation,False
referral-c3855a333cd39450,2024-can,Race,2024-06-09 12:41:13-07:00,2024-06-09 12:47:25-07:00,63|81,2,Turn 13,causing_collision,,64,69,noted|investigation|post_session_investigation,post_session_investigation,3,"[""TURN 13 INCIDENT INVOLVING CARS 63 (RUS) AND 81 (PIA) NOTED - CAUSING A COLLISION"", ""FIA STEWARDS: TURN 13 INCIDENT INVOLVING CARS 63 (RUS) AND 81 (PIA) UNDER INVESTIGATION - CAUSING A COLLISION"", ""FIA STEWARDS: TURN 13 INCIDENT INVOLVING CARS 63 (RUS) AND 81 (PIA) WILL BE INVESTIGATED AFTER THE RACE - CAUSING A COLLISION""]",algorithmic_pending_human_validation,True
referral-84f9ec5b298f75e9,2024-chn,Race,2024-04-21 00:08:10-07:00,2024-04-21 00:18:57-07:00,18|27,2,Turn 6,forcing_off_track,,3,10,noted|investigation|no_further_action,no_further_action,3,"[""TURN 6 INCIDENT INVOLVING CARS 18 (STR) AND 27 (HUL) NOTED - FORCING ANOTHER DRIVER OFF THE TRACK"", ""FIA STEWARDS: TURN 6 INCIDENT INVOLVING CARS 18 (STR) AND 27 (HUL) UNDER INVESTIGATION - FORCING ANOTHER DRIVER OFF THE TRACK"", ""FIA STEWARDS: TURN 6 INCIDENT INVOLVING CARS 18 (STR) AND 27 (HUL) NO FURTHER ACTION - FORCING ANOTHER DRIVER OFF THE TRACK""]",algorithmic_pending_human_validation,True
referral-9fb8a3415b809e45,2024-chn,Race,2024-04-21 00:11:59-07:00,2024-04-21 00:19:07-07:00,10|23,2,Turn 14,forcing_off_track,,5,10,noted|investigation|no_further_action,no_further_action,3,"[""TURN 14 INCIDENT INVOLVING CARS 23 (ALB) AND 10 (GAS) NOTED - FORCING ANOTHER DRIVER OFF THE TRACK"", ""FIA STEWARDS: TURN 14 INCIDENT INVOLVING CARS 23 (ALB) AND 10 (GAS) UNDER INVESTIGATION - FORCING ANOTHER DRIVER OFF THE TRACK"", ""FIA STEWARDS: TURN 14 INCIDENT INVOLVING CARS 23 (ALB) AND 10 (GAS) NO FURTHER ACTION - FORCING ANOTHER DRIVER OFF THE TRACK""]",algorithmic_pending_human_validation,True
referral-4554cbae9783291f,2024-chn,Race,2024-04-21 00:30:06-07:00,2024-04-21 00:30:19-07:00,10,1,,other,,16,16,noted|post_session_investigation,post_session_investigation,2,"[""INCIDENT INVOLVING CAR 10 (GAS) NOTED - UNSAFE CONDITION"", ""FIA STEWARDS: INCIDENT INVOLVING CAR 10 (GAS) WILL BE INVESTIGATED AFTER THE RACE - UNSAFE CONDITION""]",algorithmic_pending_human_validation,False
referral-b2a3d5ca96c0e4bd,2024-chn,Race,2024-04-21 00:47:18-07:00,2024-04-21 00:47:18-07:00,2|27,2,,other,,25,25,noted,noted,1,"[""INCIDENT INVOLVING CARS 2 (SAR) AND 27 (HUL) NOTED - SAFETY CAR INFRINGEMENT""]",algorithmic_pending_human_validation,False
referral-9c8afbecf39abe74,2024-chn,Race,2024-04-21 00:54:07-07:00,2024-04-21 01:06:28-07:00,3|18,2,Turn 14,causing_collision,,28,34,noted|investigation|sanction_announced,sanction_announced,3,"[""TURN 14 INCIDENT INVOLVING CARS 18 (STR) AND 3 (RIC) NOTED - CAUSING A COLLISION"", ""FIA STEWARDS: TURN 14 INCIDENT INVOLVING CARS 18 (STR) AND 3 (RIC) UNDER INVESTIGATION - CAUSING A COLLISION"", ""FIA STEWARDS: 10 SECOND TIME PENALTY FOR CAR 18 (STR) - CAUSING A COLLISION""]",algorithmic_pending_human_validation,True
referral-bc57992bc49b2fc1,2024-chn,Race,2024-04-21 00:58:38-07:00,2024-04-21 01:06:53-07:00,20|22,2,Turn 6,causing_collision,,30,34,noted|investigation|sanction_announced,sanction_announced,3,"[""TURN 6 INCIDENT INVOLVING CARS 20 (MAG) AND 22 (TSU) NOTED - CAUSING A COLLISION"", ""FIA STEWARDS: TURN 6 INCIDENT INVOLVING CARS 20 (MAG) AND 22 (TSU) UNDER INVESTIGATION - CAUSING A COLLISION"", ""FIA STEWARDS: 10 SECOND TIME PENALTY FOR CAR 20 (MAG) - CAUSING A COLLISION""]",algorithmic_pending_human_validation,True
referral-e666b5005f6537c2,2024-chn,Race,2024-04-21 01:03:58-07:00,2024-04-21 01:03:58-07:00,2|27,2,,other,,32,32,investigation,investigation,1,"[""FIA STEWARDS: INCIDENT INVOLVING CARS 2 (SAR) AND 27 (HUL) UNDER INVESTIGATION - SAFETY CAR INFRINGEMENT""]",algorithmic_pending_human_validation,False
referral-6a7d89d53c3d1085,2024-chn,Race,2024-04-21 01:05:50-07:00,2024-04-21 01:05:50-07:00,2,1,,other,,33,33,sanction_announced,sanction_announced,1,"[""FIA STEWARDS: 10 SECOND TIME PENALTY FOR CAR 2 (SAR) - SAFETY CAR INFRINGEMENT""]",algorithmic_pending_human_validation,False
referral-a8914d06b76f6329,2024-chn,Race,2024-04-21 01:19:36-07:00,2024-04-21 01:19:42-07:00,3|27,2,,other,,41,42,noted|post_session_investigation,post_session_investigation,2,"[""INCIDENT INVOLVING CARS 27 (HUL) AND 3 (RIC) NOTED - SAFETY CAR INFRINGEMENT"", ""FIA STEWARDS: INCIDENT INVOLVING CARS 27 (HUL) AND 3 (RIC) WILL BE INVESTIGATED AFTER THE RACE - SAFETY CAR INFRINGEMENT""]",algorithmic_pending_human_validation,False
referral-07bed04429f69402,2024-chn,Race,2024-04-21 01:35:30-07:00,2024-04-21 01:35:30-07:00,2|10,2,Turn 6,forcing_off_track,,51,51,noted,noted,1,"[""TURN 6 INCIDENT INVOLVING CARS 2 (SAR) AND 10 (GAS) NOTED - FORCING ANOTHER DRIVER OFF THE TRACK""]",algorithmic_pending_human_validation,False
referral-8a1b161dfc72a8f2,2024-chn,Sprint,2024-04-19 20:07:12-07:00,2024-04-19 20:07:12-07:00,18|27,2,Turn 9,forcing_off_track,,2,2,noted,noted,1,"[""TURN 9 INCIDENT INVOLVING CARS 27 (HUL) AND 18 (STR) NOTED - FORCING ANOTHER DRIVER OFF THE TRACK""]",algorithmic_pending_human_validation,False
referral-7e306604f9f05fda,2024-chn,Sprint,2024-04-19 20:09:56-07:00,2024-04-19 20:09:56-07:00,24|77,2,Turn 6,gaining_advantage_off_track,,4,4,noted,noted,1,"[""TURN 6 INCIDENT INVOLVING CARS 24 (ZHO) AND 77 (BOT) NOTED - LEAVING THE TRACK AND GAINING AN ADVANTAGE""]",algorithmic_pending_human_validation,False
referral-c4d62265d08c758d,2024-chn,Sprint,2024-04-19 20:32:44-07:00,2024-04-19 20:32:44-07:00,14|55,2,Turn 7,other,,17,17,noted,noted,1,"[""TURN 7 INCIDENT INVOLVING CARS 14 (ALO) AND 55 (SAI) NOTED""]",algorithmic_pending_human_validation,True
referral-e631c14a962dfa64,2024-chn,Sprint,2024-04-19 20:34:43-07:00,2024-04-19 20:34:43-07:00,16|55,2,Turn 14,other,,19,19,noted,noted,1,"[""TURN 14 INCIDENT INVOLVING CARS 55 (SAI) AND 16 (LEC) NOTED""]",algorithmic_pending_human_validation,False
referral-dfc86a1e5dcf7e08,2024-emi,Race,2024-05-19 06:19:56-07:00,2024-05-19 06:32:49-07:00,23,1,,other,,13,22,noted|investigation|sanction_announced,sanction_announced,3,"[""INCIDENT INVOLVING CAR 23 (ALB) NOTED - UNSAFE CONDITION"", ""FIA STEWARDS: INCIDENT INVOLVING CAR 23 (ALB) UNDER INVESTIGATION - UNSAFE CONDITION"", ""FIA STEWARDS: 10 SECOND STOP/GO PENALTY FOR CAR 23 (ALB) - UNSAFE CONDITION""]",algorithmic_pending_human_validation,False
referral-943351b8c8c785af,2024-emi,Race,2024-05-19 07:19:17-07:00,2024-05-19 07:19:17-07:00,24|31,2,Turn 9,forcing_off_track,,56,56,noted,noted,1,"[""TURN 9 INCIDENT INVOLVING CARS 24 (ZHO) AND 31 (OCO) NOTED - FORCING ANOTHER DRIVER OFF THE TRACK""]",algorithmic_pending_human_validation,False
referral-4a77387cf15ba6fe,2024-esp,Race,2024-06-23 06:07:06-07:00,2024-06-23 06:07:06-07:00,1|4,2,Turn 1,forcing_off_track,,3,3,noted,noted,1,"[""TURN 1 INCIDENT INVOLVING CARS 4 (NOR) AND 1 (VER) NOTED - FORCING ANOTHER DRIVER OFF THE TRACK""]",algorithmic_pending_human_validation,False
referral-f11d62913f65fc02,2024-esp,Race,2024-06-23 06:09:20-07:00,2024-06-23 06:09:20-07:00,55,1,Turn 1,gaining_advantage_off_track,,5,5,noted,noted,1,"[""TURN 1 INCIDENT INVOLVING CAR 55 (SAI) NOTED - LEAVING THE TRACK AND GAINING AN ADVANTAGE""]",algorithmic_pending_human_validation,False
referral-8b5a53e5a6a03353,2024-esp,Race,2024-06-23 06:18:04-07:00,2024-06-23 06:18:04-07:00,27,1,Turn 5,gaining_advantage_off_track,,11,11,noted,noted,1,"[""TURN 5 INCIDENT INVOLVING CAR 27 (HUL) NOTED - LEAVING THE TRACK AND GAINING AN ADVANTAGE""]",algorithmic_pending_human_validation,False
referral-f93bf113de1227f8,2024-esp,Race,2024-06-23 06:19:22-07:00,2024-06-23 06:22:43-07:00,20,1,,other,,12,15,noted|investigation|sanction_announced,sanction_announced,3,"[""INCIDENT INVOLVING CAR 20 (MAG) NOTED - FALSE START"", ""FIA STEWARDS: INCIDENT INVOLVING CAR 20 (MAG) UNDER INVESTIGATION - FALSE START"", ""FIA STEWARDS: 5 SECOND TIME PENALTY FOR CAR 20 (MAG) - FALSE START""]",algorithmic_pending_human_validation,False
referral-96626fe15130a298,2024-esp,Race,2024-06-23 06:23:09-07:00,2024-06-23 06:23:09-07:00,20|22,2,Turn 1,forcing_off_track,,15,15,noted,noted,1,"[""TURN 1 INCIDENT INVOLVING CARS 20 (MAG) AND 22 (TSU) NOTED - FORCING ANOTHER DRIVER OFF THE TRACK""]",algorithmic_pending_human_validation,False
referral-ccf524abe2edc436,2024-esp,Race,2024-06-23 06:30:04-07:00,2024-06-23 06:30:04-07:00,44|55,2,Turn 1,other,,20,20,noted,noted,1,"[""TURN 1 INCIDENT INVOLVING CARS 44 (HAM) AND 55 (SAI) NOTED""]",algorithmic_pending_human_validation,False
referral-c00520233bcfea91,2024-esp,Race,2024-06-23 07:04:46-07:00,2024-06-23 07:06:22-07:00,27,1,Pit Lane,other,,46,47,noted|investigation|sanction_announced,sanction_announced,3,"[""INCIDENT INVOLVING CAR 27 (HUL) NOTED - SPEEDING IN THE PIT LANE"", ""FIA STEWARDS: INCIDENT INVOLVING CAR 27 (HUL) UNDER INVESTIGATION - SPEEDING IN THE PIT LANE"", ""FIA STEWARDS: 5 SECOND TIME PENALTY FOR CAR 27 (HUL) - SPEEDING IN THE PIT LANE""]",algorithmic_pending_human_validation,False
referral-b636f6627c260e33,2024-esp,Race,2024-06-23 07:08:42-07:00,2024-06-23 07:10:01-07:00,22,1,Pit Lane,other,,49,50,noted|investigation|sanction_announced,sanction_announced,3,"[""INCIDENT INVOLVING CAR 22 (TSU) NOTED - SPEEDING IN THE PIT LANE"", ""FIA STEWARDS: INCIDENT INVOLVING CAR 22 (TSU) UNDER INVESTIGATION - SPEEDING IN THE PIT LANE"", ""FIA STEWARDS: 5 SECOND TIME PENALTY FOR CAR 22 (TSU) - SPEEDING IN THE PIT LANE""]",algorithmic_pending_human_validation,False
referral-145d77d048d4f288,2024-gbr,Race,2024-07-07 07:06:28-07:00,2024-07-07 07:06:28-07:00,27,1,Turn 3,gaining_advantage_off_track,,3,3,noted,noted,1,"[""TURN 3 INCIDENT INVOLVING CAR 27 (HUL) NOTED - LEAVING THE TRACK AND GAINING AN ADVANTAGE""]",algorithmic_pending_human_validation,False
referral-9b218b7f34a6ae09,2024-hun,Race,2024-07-21 06:05:08-07:00,2024-07-21 06:07:48-07:00,1,1,Turn 1,gaining_advantage_off_track,,2,4,noted|investigation|no_further_action,no_further_action,3,"[""TURN 1 INCIDENT INVOLVING CAR 1 (VER) NOTED - LEAVING THE TRACK AND GAINING AN ADVANTAGE"", ""FIA STEWARDS: TURN 1 INCIDENT INVOLVING CAR 1 (VER) UNDER INVESTIGATION - LEAVING THE TRACK AND GAINING AN ADVANTAGE"", ""FIA STEWARDS: TURN 1 INCIDENT INVOLVING CAR 1 (VER) NO FURTHER ACTION - LEAVING THE TRACK AND GAINING AN ADVANTAGE""]",algorithmic_pending_human_validation,True
referral-274dc2c54c49c08f,2024-hun,Race,2024-07-21 07:31:09-07:00,2024-07-21 07:35:30-07:00,1|44,2,Turn 1,causing_collision,,63,67,noted|post_session_investigation,post_session_investigation,2,"[""TURN 1 INCIDENT INVOLVING CARS 1 (VER) AND 44 (HAM) NOTED - CAUSING A COLLISION"", ""FIA STEWARDS: TURN 1 INCIDENT INVOLVING CARS 1 (VER) AND 44 (HAM) WILL BE INVESTIGATED AFTER THE RACE - CAUSING A COLLISION""]",algorithmic_pending_human_validation,True
referral-c1a00ac8e5ee7c9c,2024-ita,Race,2024-09-01 06:07:52-07:00,2024-09-01 06:13:02-07:00,3|27,2,Turn 8,causing_collision,,3,7,noted|investigation,investigation,2,"[""TURN 8 INCIDENT INVOLVING CARS 3 (RIC) AND 27 (HUL) NOTED - CAUSING A COLLISION"", ""FIA STEWARDS: TURN 8 INCIDENT INVOLVING CARS 3 (RIC) AND 27 (HUL) UNDER INVESTIGATION - CAUSING A COLLISION""]",algorithmic_pending_human_validation,True
referral-18b28ee33d7d4967,2024-ita,Race,2024-09-01 06:11:21-07:00,2024-09-01 06:15:36-07:00,22|27,2,Turn 1,causing_collision,,6,9,noted|investigation|sanction_announced,sanction_announced,3,"[""TURN 1 INCIDENT INVOLVING CARS 27 (HUL) AND 22 (TSU) NOTED - CAUSING A COLLISION"", ""FIA STEWARDS: TURN 1 INCIDENT INVOLVING CARS 27 (HUL) AND 22 (TSU) UNDER INVESTIGATION - CAUSING A COLLISION"", ""FIA STEWARDS: 10 SECOND TIME PENALTY FOR CAR 27 (HUL) - CAUSING A COLLISION""]",algorithmic_pending_human_validation,True
referral-1c4dbebdecd5768e,2024-ita,Race,2024-09-01 06:15:00-07:00,2024-09-01 06:28:31-07:00,3,1,Pit Lane,forcing_off_track,,9,18,sanction_announced|investigation,sanction_announced,4,"[""FIA STEWARDS: 5 SECOND TIME PENALTY FOR CAR 3 (RIC) - FORCING ANOTHER CAR OFF THE TRACK"", ""PIT LANE INCIDENT INVOLVING CAR 3 (RIC) NOTED - FAILING TO SERVE TIME PENALTY CORRECTLY"", ""FIA STEWARDS: PIT LANE INCIDENT INVOLVING CAR 3 (RIC) UNDER INVESTIGATION - FAILING TO SERVE TIME PENALTY CORRECTLY"", ""FIA STEWARDS: 10 SECOND TIME PENALTY FOR CAR 3 (RIC) - FAILING TO SERVE TIME PENALTY CORRECTLY""]",algorithmic_pending_human_validation,False
referral-4a82c37c938fc223,2024-ita,Race,2024-09-01 06:30:30-07:00,2024-09-01 06:38:15-07:00,10|20,2,Turn 4,causing_collision,,19,25,noted|investigation|sanction_announced,sanction_announced,3,"[""TURN 4 INCIDENT INVOLVING CARS 20 (MAG) AND 10 (GAS) NOTED - CAUSING A COLLISION"", ""FIA STEWARDS: TURN 4 INCIDENT INVOLVING CARS 20 (MAG) AND 10 (GAS) UNDER INVESTIGATION - CAUSING A COLLISION"", ""FIA STEWARDS: 10 SECOND TIME PENALTY FOR CAR 20 (MAG) - CAUSING A COLLISION""]",algorithmic_pending_human_validation,True
referral-c7bba055f7371459,2024-jpn,Race,2024-04-06 22:15:12-07:00,2024-04-06 22:21:44-07:00,3|23,2,Turn 2,causing_collision,,2,2,noted|post_session_investigation,post_session_investigation,2,"[""TURN 2 INCIDENT INVOLVING CARS 3 (RIC) AND 23 (ALB) NOTED - CAUSING A COLLISION"", ""FIA STEWARDS: TURN 2 INCIDENT INVOLVING CARS 3 (RIC) AND 23 (ALB) WILL BE INVESTIGATED AFTER THE RACE - CAUSING A COLLISION""]",algorithmic_pending_human_validation,True
referral-cf782cdddae96481,2024-jpn,Race,2024-04-06 23:11:04-07:00,2024-04-06 23:27:38-07:00,18,1,Pit Lane,other,,24,34,noted|investigation|no_further_action,no_further_action,3,"[""INCIDENT INVOLVING CAR 18 (STR) NOTED - PIT LANE INFRINGEMENT"", ""FIA STEWARDS: INCIDENT INVOLVING CAR 18 (STR) UNDER INVESTIGATION - PIT LANE INFRINGEMENT"", ""FIA STEWARDS: INCIDENT INVOLVING CAR 18 (STR) NO FURTHER ACTION - PIT LANE INFRINGEMENT""]",algorithmic_pending_human_validation,False
referral-188bcc9384c01b2c,2024-jpn,Race,2024-04-06 23:53:10-07:00,2024-04-07 00:00:54-07:00,63|81,2,Turn 17,forcing_off_track,,50,53,noted|post_session_investigation,post_session_investigation,2,"[""TURN 17 INCIDENT INVOLVING CARS 81 (PIA) AND 63 (RUS) NOTED - FORCING ANOTHER DRIVER OFF THE TRACK"", ""FIA STEWARDS: TURN 17 INCIDENT INVOLVING CARS 81 (PIA) AND 63 (RUS) WILL BE INVESTIGATED AFTER THE RACE - FORCING ANOTHER DRIVER OFF THE TRACK""]",algorithmic_pending_human_validation,True
referral-2ae1b75b942c1e7b,2024-lvs,Race,2024-11-23 22:07:21-08:00,2024-11-23 22:07:21-08:00,24|30,2,Turn 8,gaining_advantage_off_track,,3,3,noted,noted,1,"[""TURN 8 INCIDENT INVOLVING CARS 24 (ZHO) AND 30 (LAW) NOTED - LEAVING THE TRACK AND GAINING AN ADVANTAGE""]",algorithmic_pending_human_validation,False
referral-fc6fc09b688da1a3,2024-lvs,Race,2024-11-23 22:08:31-08:00,2024-11-23 22:08:31-08:00,20|30,2,Turn 14,other,,3,3,noted,noted,1,"[""TURN 14 INCIDENT INVOLVING CARS 30 (LAW) AND 20 (MAG) NOTED""]",algorithmic_pending_human_validation,False
referral-259c25b0497ad833,2024-lvs,Race,2024-11-23 22:11:03-08:00,2024-11-23 22:19:12-08:00,81,1,,other,,5,10,noted|investigation|sanction_announced,sanction_announced,3,"[""INCIDENT INVOLVING CAR 81 (PIA) NOTED - FALSE START"", ""FIA STEWARDS: INCIDENT INVOLVING CAR 81 (PIA) UNDER INVESTIGATION - FALSE START"", ""FIA STEWARDS: 5 SECOND TIME PENALTY FOR CAR 81 (PIA) - FALSE START""]",algorithmic_pending_human_validation,False
referral-ab41a608706faa03,2024-lvs,Race,2024-11-23 22:52:37-08:00,2024-11-23 22:52:37-08:00,30|31,2,Turn 3,causing_collision,,30,30,noted,noted,1,"[""TURN 3 INCIDENT INVOLVING CARS 30 (LAW) AND 31 (OCO) NOTED - CAUSING A COLLISION""]",algorithmic_pending_human_validation,False
referral-399ca20b83e2295b,2024-mco,Race,2024-05-26 06:14:27-07:00,2024-05-26 06:14:27-07:00,,0,Turn 1,other,1.0,1,1,noted,noted,1,"[""LAP 1 TURN 1 INCIDENT NOTED""]",algorithmic_pending_human_validation,False
referral-ae95438d4761d706,2024-mco,Race,2024-05-26 06:14:59-07:00,2024-05-26 06:14:59-07:00,10|31,2,Turn 8,causing_collision,,1,1,noted,noted,1,"[""TURN 8 INCIDENT INVOLVING CARS 10 (GAS) AND 31 (OCO) NOTED - CAUSING A COLLISION""]",algorithmic_pending_human_validation,False
referral-611f4fb749525b00,2024-mco,Race,2024-05-26 06:34:56-07:00,2024-05-26 06:34:56-07:00,10|31,2,Turn 8,causing_collision,,1,1,investigation,investigation,1,"[""FIA STEWARDS: TURN 8 INCIDENT INVOLVING CARS 10 (GAS) AND 31 (OCO) UNDER INVESTIGATION - CAUSING A COLLISION""]",algorithmic_pending_human_validation,True
referral-dd514c279973759c,2024-mco,Race,2024-05-26 06:51:43-07:00,2024-05-26 06:51:43-07:00,55|81,2,,causing_collision,1.0,6,6,noted,noted,1,"[""LAP 1 INCIDENT INVOLVING CARS 55 (SAI) AND 81 (PIA) NOTED - CAUSING A COLLISION""]",algorithmic_pending_human_validation,False
referral-61a82e2e126027b8,2024-mco,Race,2024-05-26 06:54:15-07:00,2024-05-26 06:54:15-07:00,31,1,,causing_collision,,8,8,sanction_announced,sanction_announced,1,"[""FIA STEWARDS: 10 SECOND TIME PENALTY FOR CAR 31 (OCO) - CAUSING A COLLISION""]",algorithmic_pending_human_validation,False
referral-49fe74cec417de51,2024-mex,Race,2024-10-27 13:07:06-07:00,2024-10-27 13:13:44-07:00,11,1,,other,,2,5,noted|investigation|sanction_announced,sanction_announced,3,"[""INCIDENT INVOLVING CAR 11 (PER) NOTED - FALSE START"", ""FIA STEWARDS: INCIDENT INVOLVING CAR 11 (PER) UNDER INVESTIGATION - FALSE START"", ""FIA STEWARDS: 5 SECOND TIME PENALTY FOR CAR 11 (PER) - FALSE START""]",algorithmic_pending_human_validation,False
referral-26462e638597c9a0,2024-mex,Race,2024-10-27 13:08:43-07:00,2024-10-27 13:08:43-07:00,,0,Turn 1,other,1.0,3,3,noted,noted,1,"[""LAP 1 TURN 1 INCIDENT NOTED""]",algorithmic_pending_human_validation,False
referral-511d22c8ead9f51f,2024-mex,Race,2024-10-27 13:22:23-07:00,2024-10-27 13:24:01-07:00,1|4,2,Turn 8,other,,11,12,noted|investigation,investigation,2,"[""TURN 8 INCIDENT INVOLVING CARS 4 (NOR) AND 1 (VER) NOTED"", ""FIA STEWARDS: TURN 8 INCIDENT INVOLVING CARS 4 (NOR) AND 1 (VER) UNDER INVESTIGATION""]",algorithmic_pending_human_validation,False
referral-0173faab91b6e639,2024-mex,Race,2024-10-27 13:23:32-07:00,2024-10-27 13:25:41-07:00,1,1,Turn 4,forcing_off_track,,12,13,noted|investigation|sanction_announced,sanction_announced,3,"[""TURN 4 INCIDENT INVOLVING CAR 1 (VER) NOTED - FORCING ANOTHER DRIVER OFF THE TRACK"", ""FIA STEWARDS: TURN 4 INCIDENT INVOLVING CAR 1 (VER) UNDER INVESTIGATION - FORCING ANOTHER DRIVER OFF THE TRACK"", ""FIA STEWARDS: 10 SECOND TIME PENALTY FOR CAR 1 (VER) - FORCING ANOTHER DRIVER OFF THE TRACK""]",algorithmic_pending_human_validation,True
referral-84688bd7e61164a1,2024-mex,Race,2024-10-27 13:33:49-07:00,2024-10-27 13:33:49-07:00,1,1,,gaining_advantage_off_track,,19,19,sanction_announced,sanction_announced,1,"[""FIA STEWARDS: 10 SECOND TIME PENALTY FOR CAR 1 (VER) - LEAVING THE TRACK AND GAINING AN ADVANTAGE AT T8""]",algorithmic_pending_human_validation,True
referral-757a273c8e47a76c,2024-mex,Race,2024-10-27 13:34:03-07:00,2024-10-27 13:38:30-07:00,11|30,2,Turn 5,other,,20,23,noted|investigation|no_further_action,no_further_action,3,"[""TURN 5 INCIDENT INVOLVING CARS 30 (LAW) AND 11 (PER) NOTED"", ""FIA STEWARDS: TURN 5 INCIDENT INVOLVING CARS 30 (LAW) AND 11 (PER) UNDER INVESTIGATION"", ""FIA STEWARDS: TURN 5 INCIDENT INVOLVING CARS 30 (LAW) AND 11 (PER) NO FURTHER ACTION""]",algorithmic_pending_human_validation,True
referral-7a5b0d7437e8db95,2024-mex,Race,2024-10-27 13:34:47-07:00,2024-10-27 13:42:38-07:00,11|18,2,Turn 4,forcing_off_track,,20,26,noted|investigation|no_further_action,no_further_action,3,"[""TURN 4 INCIDENT INVOLVING CARS 18 (STR) AND 11 (PER) NOTED - FORCING ANOTHER DRIVER OFF THE TRACK"", ""FIA STEWARDS: TURN 4 INCIDENT INVOLVING CARS 18 (STR) AND 11 (PER) UNDER INVESTIGATION - FORCING ANOTHER DRIVER OFF THE TRACK"", ""FIA STEWARDS: TURN 4 INCIDENT INVOLVING CARS 18 (STR) AND 11 (PER) NO FURTHER ACTION - FORCING ANOTHER DRIVER OFF THE TRACK""]",algorithmic_pending_human_validation,True
referral-9a20eeff8973f661,2024-mex,Race,2024-10-27 14:38:26-07:00,2024-10-27 14:43:09-07:00,30|43,2,Turn 1,other,,67,70,noted|post_session_investigation,post_session_investigation,2,"[""TURN 1 INCIDENT INVOLVING CARS 30 (LAW) AND 43 (COL) NOTED"", ""FIA STEWARDS: TURN 1 INCIDENT INVOLVING CARS 30 (LAW) AND 43 (COL) WILL BE INVESTIGATED AFTER THE RACE""]",algorithmic_pending_human_validation,False
referral-353f20b08f4eabf0,2024-mex,Race,2024-10-27 14:54:42.993000-07:00,2024-10-27 14:54:42.993000-07:00,43,1,,causing_collision,,71,71,sanction_announced,sanction_announced,1,"[""FIA STEWARDS: 10 SECOND TIME PENALTY FOR CAR 43 (COL) - CAUSING A COLLISION""]",algorithmic_pending_human_validation,True
referral-f966ee22285fb0fc,2024-mia,Race,2024-05-05 13:07:59-07:00,2024-05-05 13:11:28-07:00,11,1,Turn 1,other,1.0,3,6,noted,noted,2,"[""LAP 1 TURN 1 INCIDENT INVOLVING CAR 11 (PER) NOTED"", ""INCIDENT INVOLVING CAR 11 (PER) NOTED - FALSE START""]",algorithmic_pending_human_validation,False
referral-3c597365517326ed,2024-mia,Race,2024-05-05 13:24:38-07:00,2024-05-05 13:24:38-07:00,18|23,2,Turn 11,other,,14,14,noted,noted,1,"[""TURN 11 INCIDENT INVOLVING CARS 23 (ALB) AND 18 (STR) NOTED""]",algorithmic_pending_human_validation,False
referral-b8e78a86fa8cc024,2024-mia,Race,2024-05-05 13:52:10-07:00,2024-05-05 13:53:17-07:00,2|20,2,Turn 3,causing_collision,,31,31,noted|investigation|sanction_announced,sanction_announced,3,"[""TURN 3 INCIDENT INVOLVING CARS 20 (MAG) AND 2 (SAR) NOTED - CAUSING A COLLISION"", ""FIA STEWARDS: TURN 3 INCIDENT INVOLVING CARS 20 (MAG) AND 2 (SAR) UNDER INVESTIGATION - CAUSING A COLLISION"", ""FIA STEWARDS: 10 SECOND TIME PENALTY FOR CAR 20 (MAG) - CAUSING A COLLISION""]",algorithmic_pending_human_validation,True
referral-eea2cdd790d8f9f9,2024-mia,Race,2024-05-05 13:59:22-07:00,2024-05-05 14:00:40-07:00,55|81,2,Turn 11,gaining_advantage_off_track,,35,35,noted,noted,2,"[""TURN 11 INCIDENT INVOLVING CARS 81 (PIA) AND 55 (SAI) NOTED - LEAVING THE TRACK AND GAINING AN ADVANTAGE"", ""UPDATE: TURN 11 INCIDENT INVOLVING CARS 81 (PIA) AND 55 (SAI) NOTED - FORCING ANOTHER DRIVER OFF THE TRACK""]",algorithmic_pending_human_validation,False
referral-2ef280bbb05ee229,2024-mia,Race,2024-05-05 14:07:02-07:00,2024-05-05 14:15:36-07:00,20,1,Pit Lane,other,,40,45,sanction_announced|investigation|noted|post_session_investigation,sanction_announced,4,"[""INCIDENT INVOLVING CAR 20 (MAG) NOTED - FAILING TO SERVE TIME PENALTY CORRECTLY"", ""FIA STEWARDS: INCIDENT INVOLVING CAR 20 (MAG) UNDER INVESTIGATION - FAILING TO SERVE TIME PENALTY CORRECTLY"", ""INCIDENT INVOLVING CAR 20 (MAG) NOTED - ENTERING PIT LANE UNDER SAFETY CAR CONDITIONS"", ""FIA STEWARDS: INCIDENT INVOLVING CAR 20 (MAG) WILL BE INVESTIGATED AFTER THE RACE - ENTERING PIT LANE UNDER SAFETY CAR CONDITIONS""]",algorithmic_pending_human_validation,False
referral-510c6f779098c322,2024-mia,Race,2024-05-05 14:07:53-07:00,2024-05-05 14:21:06-07:00,55|81,2,Turn 17,causing_collision,,40,49,noted|investigation|post_session_investigation,post_session_investigation,3,"[""TURN 17 INCIDENT INVOLVING CARS 55 (SAI) AND 81 (PIA) NOTED - CAUSING A COLLISION"", ""FIA STEWARDS: TURN 17 INCIDENT INVOLVING CARS 55 (SAI) AND 81 (PIA) UNDER INVESTIGATION - CAUSING A COLLISION"", ""FIA STEWARDS: TURN 17 INCIDENT INVOLVING CARS 55 (SAI) AND 81 (PIA) WILL BE INVESTIGATED AFTER THE RACE - CAUSING A COLLISION""]",algorithmic_pending_human_validation,True
referral-eb8e7ff6becf2603,2024-mia,Race,2024-05-05 14:27:05-07:00,2024-05-05 14:33:48-07:00,18|23,2,Turn 1,gaining_advantage_off_track,,53,57,noted|investigation|sanction_announced,sanction_announced,3,"[""TURN 1 INCIDENT INVOLVING CARS 18 (STR) AND 23 (ALB) NOTED - LEAVING THE TRACK AND GAINING AN ADVANTAGE"", ""FIA STEWARDS: TURN 1 INCIDENT INVOLVING CARS 18 (STR) AND 23 (ALB) UNDER INVESTIGATION - LEAVING THE TRACK AND GAINING AN ADVANTAGE"", ""FIA STEWARDS: 10 SECOND TIME PENALTY FOR CAR 18 (STR) - LEAVING THE TRACK AND GAINING AN ADVANTAGE""]",algorithmic_pending_human_validation,True
referral-dabd19a74e7b498d,2024-mia,Sprint,2024-05-04 08:31:36-07:00,2024-05-04 08:44:28-07:00,16|31,2,,unsafe_release,,1,1,noted|investigation|sanction_announced,sanction_announced,3,"[""INCIDENT INVOLVING CARS 31 (OCO) AND 16 (LEC) NOTED - UNSAFE RELEASE"", ""FIA STEWARDS: INCIDENT INVOLVING CARS 31 (OCO) AND 16 (LEC) UNDER INVESTIGATION - UNSAFE RELEASE"", ""FIA STEWARDS: 10 SECOND TIME PENALTY FOR CAR 31 (OCO) - UNSAFE RELEASE""]",algorithmic_pending_human_validation,False
referral-376f837c8633f297,2024-mia,Sprint,2024-05-04 09:05:38-07:00,2024-05-04 09:15:23-07:00,4,1,,other,,1,6,noted|investigation|no_further_action,no_further_action,4,"[""INCIDENT INVOLVING CAR 4 (NOR) NOTED"", ""FIA STEWARDS: INCIDENT INVOLVING CAR 4 (NOR) UNDER INVESTIGATION"", ""FIA STEWARDS: INCIDENT INVOLVING CAR 4 (NOR) NO FURTHER ACTION"", ""INCIDENT INVOLVING CAR 4 (NOR) NOTED - ENTERING THE TRACK ON FOOT""]",algorithmic_pending_human_validation,False
referral-ca89fa0538a470ab,2024-mia,Sprint,2024-05-04 09:19:23-07:00,2024-05-04 09:37:26-07:00,20,1,Turn 15,gaining_advantage_off_track,,10,19,noted|investigation|sanction_announced,sanction_announced,7,"[""TURN 15 INCIDENT INVOLVING CAR 20 (MAG) NOTED - LEAVING THE TRACK AND GAINING AN ADVANTAGE"", ""FIA STEWARDS: TURN 15 INCIDENT INVOLVING CAR 20 (MAG) UNDER INVESTIGATION - LEAVING THE TRACK AND GAINING AN ADVANTAGE"", ""FIA STEWARDS: 10 SECOND TIME PENALTY FOR CAR 20 (MAG) - LEAVING THE TRACK AND GAINING AN ADVANTAGE"", ""TURN 11 INCIDENT INVOLVING CAR 20 (MAG) NOTED - LEAVING THE TRACK AND GAINING AN ADVANTAGE"", ""FIA STEWARDS: TURN 11 INCIDENT INVOLVING CAR 20 (MAG) UNDER INVESTIGATION - LEAVING THE TRACK AND GAINING AN ADVANTAGE"", ""FIA STEWARDS: 10 SECOND TIME PENALTY FOR CAR 20 (MAG) - LEAVING THE TRACK AND GAINING AN ADVANTAGE"", ""FIA STEWARDS: 10 SECOND TIME PENALTY FOR CAR 20 (MAG) - LEAVING THE TRACK AND GAINING AN ADVANTAGE""]",algorithmic_pending_human_validation,True
referral-4fc5663d3b535320,2024-mia,Sprint,2024-05-04 09:23:28-07:00,2024-05-04 09:38:06-07:00,44,1,Pit Lane,other,,12,19,noted|investigation|sanction_announced,sanction_announced,3,"[""INCIDENT INVOLVING CAR 44 (HAM) NOTED - SPEEDING IN THE PIT LANE"", ""FIA STEWARDS: INCIDENT INVOLVING CAR 44 (HAM) UNDER INVESTIGATION - SPEEDING IN THE PIT LANE"", ""FIA STEWARDS: DRIVE THROUGH PENALTY FOR CAR 44 (HAM) - SPEEDING IN THE PIT LANE""]",algorithmic_pending_human_validation,False
referral-57f564ee87dad867,2024-mia,Sprint,2024-05-04 09:29:32-07:00,2024-05-04 09:29:56-07:00,20|44,2,Turn 11,gaining_advantage_off_track,,16,16,noted|investigation,investigation,2,"[""TURN 11 INCIDENT INVOLVING CARS 20 (MAG) AND 44 (HAM) NOTED - LEAVING THE TRACK AND GAINING AN ADVANTAGE"", ""FIA STEWARDS: TURN 11 INCIDENT INVOLVING CARS 20 (MAG) AND 44 (HAM) UNDER INVESTIGATION - LEAVING THE TRACK AND GAINING AN ADVANTAGE""]",algorithmic_pending_human_validation,True
referral-28d96eaca2c62d5f,2024-mia,Sprint,2024-05-04 09:30:43-07:00,2024-05-04 09:36:31-07:00,20,1,,track_limits,,17,19,noted|investigation|sanction_announced,sanction_announced,3,"[""INCIDENT INVOLVING CAR 20 (MAG) NOTED - TRACK LIMITS"", ""FIA STEWARDS: INCIDENT INVOLVING CAR 20 (MAG) UNDER INVESTIGATION - TRACK LIMITS"", ""FIA STEWARDS: 5 SECOND TIME PENALTY FOR CAR 20 (MAG) - TRACK LIMITS""]",algorithmic_pending_human_validation,False
referral-5a5dfb9857acb333,2024-ned,Race,2024-08-25 06:47:11-07:00,2024-08-25 06:47:11-07:00,10,1,,unsafe_release,,35,35,noted,noted,1,"[""INCIDENT INVOLVING CAR 10 (GAS) NOTED - UNSAFE RELEASE""]",algorithmic_pending_human_validation,False
referral-7db451f28a718e2e,2024-ned,Race,2024-08-25 06:50:21-07:00,2024-08-25 06:51:35-07:00,18,1,Pit Lane,other,,37,38,noted|investigation|sanction_announced,sanction_announced,3,"[""INCIDENT INVOLVING CAR 18 (STR) NOTED - SPEEDING IN THE PIT LANE"", ""FIA STEWARDS: INCIDENT INVOLVING CAR 18 (STR) UNDER INVESTIGATION - SPEEDING IN THE PIT LANE"", ""FIA STEWARDS: 5 SECOND TIME PENALTY FOR CAR 18 (STR) - SPEEDING IN THE PIT LANE""]",algorithmic_pending_human_validation,False
referral-914b8aa6a4a0d1cf,2024-qat,Race,2024-12-01 07:25:34-08:00,2024-12-01 07:25:34-08:00,11,1,Pit Lane,other,,1,1,noted,noted,1,"[""PIT ENTRY INCIDENT INVOLVING CAR 11 (PER) NOTED - DRIVING ERRATICALLY""]",algorithmic_pending_human_validation,False
referral-ff122f29332492a2,2024-qat,Race,2024-12-01 07:26:25-08:00,2024-12-01 07:33:06-08:00,81,1,Pit Lane,other,,1,1,noted|post_session_investigation,post_session_investigation,2,"[""UPDATE: PIT ENTRY INCIDENT INVOLVING CAR 81 (PIA) NOTED - DRIVING ERRATICALLY"", ""FIA STEWARDS: PIT ENTRY INCIDENT INVOLVING CAR 81 (PIA) WILL BE INVESTIGATED AFTER THE RACE""]",algorithmic_pending_human_validation,False
referral-57633ecfb320790b,2024-qat,Race,2024-12-01 08:09:46-08:00,2024-12-01 08:09:46-08:00,27|31|43,3,Turn 1,causing_collision,,3,3,noted,noted,1,"[""TURN 1 INCIDENT INVOLVING CARS 31 (OCO), 27 (HUL) AND 43 (COL) NOTED - CAUSING A COLLISION""]",algorithmic_pending_human_validation,False
referral-b2dfeca185ec8f72,2024-qat,Race,2024-12-01 08:11:34-08:00,2024-12-01 08:17:06-08:00,18|23,2,Turn 4,causing_collision,,4,8,noted|investigation|sanction_announced,sanction_announced,3,"[""TURN 4 INCIDENT INVOLVING CARS 18 (STR) AND 23 (ALB) NOTED - CAUSING A COLLISION"", ""FIA STEWARDS: TURN 4 INCIDENT INVOLVING CARS 18 (STR) AND 23 (ALB) UNDER INVESTIGATION - CAUSING A COLLISION"", ""FIA STEWARDS: 10 SECOND TIME PENALTY FOR CAR 18 (STR) - CAUSING A COLLISION""]",algorithmic_pending_human_validation,True
referral-af283570cc6acd71,2024-qat,Race,2024-12-01 08:15:08-08:00,2024-12-01 08:22:01-08:00,30|77,2,Turn 1,causing_collision,,6,11,noted|investigation|sanction_announced,sanction_announced,3,"[""TURN 1 INCIDENT INVOLVING CARS 77 (BOT) AND 30 (LAW) NOTED - CAUSING A COLLISION"", ""FIA STEWARDS: TURN 1 INCIDENT INVOLVING CARS 77 (BOT) AND 30 (LAW) UNDER INVESTIGATION - CAUSING A COLLISION"", ""FIA STEWARDS: 10 SECOND TIME PENALTY FOR CAR 30 (LAW) - CAUSING A COLLISION""]",algorithmic_pending_human_validation,True
referral-c97bdaab6e0cbd74,2024-qat,Race,2024-12-01 08:18:30-08:00,2024-12-01 08:18:30-08:00,14,1,Turn 14,unsafe_rejoin,,9,9,noted,noted,1,"[""TURN 14 INCIDENT INVOLVING CAR 14 (ALO) NOTED - REJOINING UNSAFELY""]",algorithmic_pending_human_validation,False
referral-d481dbb8e044b7aa,2024-qat,Race,2024-12-01 08:19:10-08:00,2024-12-01 08:26:12-08:00,44,1,,other,,9,14,noted|investigation|sanction_announced,sanction_announced,3,"[""INCIDENT INVOLVING CAR 44 (HAM) NOTED - FALSE START"", ""FIA STEWARDS: INCIDENT INVOLVING CAR 44 (HAM) UNDER INVESTIGATION - FALSE START"", ""FIA STEWARDS: 5 SECOND TIME PENALTY FOR CAR 44 (HAM) - FALSE START""]",algorithmic_pending_human_validation,False
referral-507f9e8ffc71ff92,2024-qat,Race,2024-12-01 08:24:09-08:00,2024-12-01 08:24:09-08:00,20|22,2,Turn 1,other,,13,13,noted,noted,1,"[""TURN 1 INCIDENT INVOLVING CARS 22 (TSU) AND 20 (MAG) NOTED""]",algorithmic_pending_human_validation,False
referral-1ad219132e78cf86,2024-qat,Race,2024-12-01 09:10:16-08:00,2024-12-01 09:15:49-08:00,4,1,,other,,41,44,noted|investigation|sanction_announced,sanction_announced,3,"[""INCIDENT INVOLVING CAR 4 (NOR) NOTED - FAILING TO SLOW UNDER YELLOW FLAGS"", ""FIA STEWARDS: INCIDENT INVOLVING CAR 4 (NOR) UNDER INVESTIGATION - FAILING TO SLOW UNDER YELLOW FLAGS"", ""FIA STEWARDS: 10 SECOND STOP/GO PENALTY FOR CAR 4 (NOR) - FAILING TO SLOW UNDER YELLOW FLAGS""]",algorithmic_pending_human_validation,False
referral-dd7533f75f09690c,2024-qat,Race,2024-12-01 09:16:55-08:00,2024-12-01 09:29:39-08:00,20|23,2,Turn 1,causing_collision,,45,54,noted|investigation|sanction_announced,sanction_announced,4,"[""TURN 1 INCIDENT INVOLVING CARS 23 (ALB) AND 20 (MAG) NOTED - CAUSING A COLLISION"", ""TURN 1 INCIDENT INVOLVING CARS 23 (ALB) AND 20 (MAG) NOTED - FORCING ANOTHER DRIVER OFF THE TRACK"", ""FIA STEWARDS: TURN 1 INCIDENT INVOLVING CARS 23 (ALB) AND 20 (MAG) UNDER INVESTIGATION - CAUSING A COLLISION"", ""FIA STEWARDS: 10 SECOND TIME PENALTY FOR CAR 23 (ALB) - CAUSING A COLLISION""]",algorithmic_pending_human_validation,True
referral-c744f08f953df56d,2024-qat,Race,2024-12-01 09:17:38-08:00,2024-12-01 09:19:25-08:00,44,1,Pit Lane,other,,45,47,noted|investigation|sanction_announced,sanction_announced,3,"[""INCIDENT INVOLVING CAR 44 (HAM) NOTED - SPEEDING IN THE PIT LANE"", ""FIA STEWARDS: INCIDENT INVOLVING CAR 44 (HAM) UNDER INVESTIGATION - SPEEDING IN THE PIT LANE"", ""FIA STEWARDS: DRIVE THROUGH PENALTY FOR CAR 44 (HAM) - SPEEDING IN THE PIT LANE""]",algorithmic_pending_human_validation,False
referral-b1c464352e5783ff,2024-qat,Race,2024-12-01 09:22:21-08:00,2024-12-01 09:22:21-08:00,11,1,Turn 14,unsafe_rejoin,,49,49,noted,noted,1,"[""TURN 14 INCIDENT INVOLVING CAR 11 (PER) NOTED - REJOINING UNSAFELY""]",algorithmic_pending_human_validation,False
referral-586d9d84fe9ad074,2024-qat,Race,2024-12-01 09:32:10-08:00,2024-12-01 09:37:04-08:00,63,1,,other,,56,57,noted|investigation|sanction_announced,sanction_announced,3,"[""INCIDENT INVOLVING CAR 63 (RUS) NOTED - SAFETY CAR INFRINGEMENT"", ""FIA STEWARDS: INCIDENT INVOLVING CAR 63 (RUS) UNDER INVESTIGATION - SAFETY CAR INFRINGEMENT"", ""FIA STEWARDS: 5 SECOND TIME PENALTY FOR CAR 63 (RUS) - SAFETY CAR INFRINGEMENT""]",algorithmic_pending_human_validation,False
referral-eb13d247eba2788c,2024-qat,Race,2024-12-01 09:42:33-08:00,2024-12-01 09:43:31-08:00,11,1,Turn 14,other,,57,57,noted|post_session_investigation,post_session_investigation,2,"[""UPDATE: TURN 14 INCIDENT INVOLVING CAR 11 (PER) NOTED - DANGEROUS DRIVING"", ""FIA STEWARDS: TURN 14 INCIDENT INVOLVING CAR 11 (PER) WILL BE INVESTIGATED AFTER THE RACE - DANGEROUS DRIVING""]",algorithmic_pending_human_validation,False
referral-7051b7c01dbbd99f,2024-qat,Sprint,2024-11-30 05:37:06-08:00,2024-11-30 05:37:06-08:00,24,1,,other,,1,1,noted,noted,1,"[""FIA STEWARDS: INCIDENT INVOLVING CARS 24 (ZHO) NOTED - FAILING TO FOLLOW RACE DIRECTORS INSTRUCTIONS - MAXIMUM DELTA TIME""]",algorithmic_pending_human_validation,False
referral-dd26cfb0eeba3bd8,2024-sao,Race,2024-11-03 07:37:26-08:00,2024-11-03 07:38:41-08:00,4,1,,other,,1,1,noted|investigation,investigation,2,"[""INCIDENT INVOLVING CAR 4 (NOR) NOTED - STARTING PROCEDURE INFRINGEMENT"", ""FIA STEWARDS: INCIDENT INVOLVING CAR 4 (NOR) UNDER INVESTIGATION - STARTING PROCEDURE INFRINGEMENT""]",algorithmic_pending_human_validation,False
referral-4533a764cb46f7af,2024-sao,Race,2024-11-03 07:57:01-08:00,2024-11-03 08:01:30-08:00,43|50,2,Turn 10,causing_collision,,5,9,noted|investigation|sanction_announced,sanction_announced,3,"[""TURN 10 INCIDENT INVOLVING CARS 50 (BEA) AND 43 (COL) NOTED - CAUSING A COLLISION"", ""FIA STEWARDS: TURN 10 INCIDENT INVOLVING CARS 50 (BEA) AND 43 (COL) UNDER INVESTIGATION - CAUSING A COLLISION"", ""FIA STEWARDS: 10 SECOND TIME PENALTY FOR CAR 50 (BEA) - CAUSING A COLLISION""]",algorithmic_pending_human_validation,True
referral-d0f8961ea86a6cbb,2024-sao,Race,2024-11-03 07:58:08-08:00,2024-11-03 08:07:18-08:00,22|30|63,3,,other,,6,13,noted|post_session_investigation,post_session_investigation,2,"[""INCIDENT INVOLVING CARS 63 (RUS), 22 (TSU) AND 30 (LAW) NOTED - STARTING PROCEDURE INFRINGEMENT"", ""FIA STEWARDS: INCIDENT INVOLVING CARS 63 (RUS), 22 (TSU) AND 30 (LAW) WILL BE INVESTIGATED AFTER THE RACE - STARTING PROCEDURE INFRINGEMENT""]",algorithmic_pending_human_validation,False
referral-a09cc22fbd60bb16,2024-sao,Race,2024-11-03 08:07:12-08:00,2024-11-03 08:07:12-08:00,4,1,,other,,13,13,post_session_investigation,post_session_investigation,1,"[""FIA STEWARDS: INCIDENT INVOLVING CAR 4 (NOR) WILL BE INVESTIGATED AFTER THE RACE - STARTING PROCEDURE INFRINGEMENT""]",algorithmic_pending_human_validation,False
referral-ba5e23528a13b369,2024-sao,Race,2024-11-03 08:16:17-08:00,2024-11-03 08:16:17-08:00,43,1,,gaining_advantage_off_track,,19,19,noted,noted,1,"[""INCIDENT INVOLVING CAR 43 (COL) NOTED - LEAVING THE TRACK AND GAINING AN ADVANTAGE""]",algorithmic_pending_human_validation,False
referral-56f9042ef5b6a732,2024-sao,Race,2024-11-03 08:27:07-08:00,2024-11-03 08:41:26-08:00,30|44|81,3,Turn 1,causing_collision,,27,33,noted|investigation|sanction_announced,sanction_announced,4,"[""TURN 1 INCIDENT INVOLVING CARS 81 (PIA) AND 30 (LAW) NOTED - CAUSING A COLLISION"", ""FIA STEWARDS: TURN 1 INCIDENT INVOLVING CARS 81 (PIA) AND 30 (LAW) UNDER INVESTIGATION - CAUSING A COLLISION"", ""FIA STEWARDS: 10 SECOND TIME PENALTY FOR CAR 81 (PIA) - CAUSING A COLLISION"", ""TURN 1 INCIDENT INVOLVING CARS 44 (HAM) AND 30 (LAW) NOTED - CAUSING A COLLISION""]",algorithmic_pending_human_validation,True
referral-dfa84e109869a0dc,2024-sao,Race,2024-11-03 08:35:57-08:00,2024-11-03 08:35:57-08:00,27,1,,other,,31,31,noted,noted,1,"[""INCIDENT INVOLVING CAR 27 (HUL) NOTED - CONTINUING ON TRACK AFTER RECEIVING ASSISTANCE""]",algorithmic_pending_human_validation,False
referral-7d53cdb03cba43b1,2024-sao,Race,2024-11-03 09:15:44-08:00,2024-11-03 09:20:44-08:00,55,1,,other,,41,43,noted|post_session_investigation,post_session_investigation,2,"[""INCIDENT INVOLVING CAR 55 (SAI) NOTED"", ""FIA STEWARDS: INCIDENT INVOLVING CAR 55 (SAI) WILL BE INVESTIGATED AFTER THE RACE""]",algorithmic_pending_human_validation,False
referral-f8a23f2e187d81e6,2024-sao,Race,2024-11-03 09:25:23-08:00,2024-11-03 09:25:23-08:00,16,1,Turn 4,unsafe_rejoin,,46,46,noted,noted,1,"[""TURN 4 INCIDENT INVOLVING CAR 16 (LEC) NOTED - REJOINING UNSAFELY""]",algorithmic_pending_human_validation,False
referral-7717753979f84db6,2024-sao,Race,2024-11-03 09:38:02-08:00,2024-11-03 09:38:02-08:00,11|30,2,Turn 2,other,,56,56,noted,noted,1,"[""TURN 2 INCIDENT INVOLVING CARS 11 (PER) AND 30 (LAW) NOTED""]",algorithmic_pending_human_validation,False
referral-07423a8c8da067e6,2024-sao,Sprint,2024-11-02 07:35:59-07:00,2024-11-02 07:35:59-07:00,1,1,,other,,24,24,noted,noted,1,"[""INCIDENT INVOLVING CAR 1 (VER) NOTED - VIRTUAL SAFETY CAR INFRINGEMENT""]",algorithmic_pending_human_validation,False
referral-65ab144492321d6e,2024-sau,Race,2024-03-09 08:22:02-08:00,2024-03-09 08:22:02-08:00,4|22,2,Pit Lane,unsafe_release,,1,1,noted,noted,1,"[""PIT LANE INCIDENT INVOLVING CARS 22 (TSU) AND 4 (NOR) NOTED - UNSAFE RELEASE""]",algorithmic_pending_human_validation,False
referral-426e2555e8cce916,2024-sau,Race,2024-03-09 09:04:53-08:00,2024-03-09 09:04:53-08:00,4|22,2,Pit Lane,unsafe_release,,1,1,post_session_investigation,post_session_investigation,1,"[""FIA STEWARDS: PIT LANE INCIDENT INVOLVING CARS 22 (TSU) AND 4 (NOR) WILL BE INVESTIGATED AFTER THE RACE - UNSAFE RELEASE""]",algorithmic_pending_human_validation,False
referral-fae31fd2b520c893,2024-sau,Race,2024-03-09 09:23:39-08:00,2024-03-09 09:30:21-08:00,11|14,2,Pit Lane,unsafe_release,,11,15,noted|investigation|sanction_announced,sanction_announced,3,"[""PIT LANE INCIDENT INVOLVING CARS 11 (PER) AND 14 (ALO) NOTED - UNSAFE RELEASE"", ""FIA STEWARDS: PIT LANE INCIDENT INVOLVING CARS 11 (PER) AND 14 (ALO) UNDER INVESTIGATION - UNSAFE RELEASE"", ""FIA STEWARDS: 5 SECOND TIME PENALTY FOR CAR 11 (PER) - UNSAFE RELEASE""]",algorithmic_pending_human_validation,False
referral-b5d67ba9835c56c1,2024-sau,Race,2024-03-09 09:24:06-08:00,2024-03-09 09:28:31-08:00,4,1,,other,,11,14,noted|investigation|no_further_action,no_further_action,4,"[""INCIDENT INVOLVING CAR 4 (NOR) NOTED - INCORRECT STARTING LOCATION"", ""CORRECTION: INCIDENT INVOLVING CAR 4 (NOR) NOTED - JUMP START"", ""FIA STEWARDS: CORRECTION: INCIDENT INVOLVING CAR 4 (NOR) UNDER INVESTIGATION - JUMP START"", ""FIA STEWARDS: CORRECTION: INCIDENT INVOLVING CAR 4 (NOR) NO FURTHER ACTION - JUMP START""]",algorithmic_pending_human_validation,False
referral-29a925ed0477f06f,2024-sau,Race,2024-03-09 09:26:05-08:00,2024-03-09 09:31:11-08:00,20|23,2,Turn 4,causing_collision,,13,16,noted|investigation|sanction_announced,sanction_announced,3,"[""TURN 4 INCIDENT INVOLVING CARS 20 (MAG) AND 23 (ALB) NOTED - CAUSING A COLLISION"", ""FIA STEWARDS: TURN 4 INCIDENT INVOLVING CARS 20 (MAG) AND 23 (ALB) UNDER INVESTIGATION - CAUSING A COLLISION"", ""FIA STEWARDS: 10 SECOND TIME PENALTY FOR CAR 20 (MAG) - CAUSING A COLLISION""]",algorithmic_pending_human_validation,True
referral-0197c2079740e49e,2024-sau,Race,2024-03-09 09:36:55-08:00,2024-03-09 09:40:04-08:00,20|22,2,Turn 4,gaining_advantage_off_track,,20,22,noted|investigation|sanction_announced,sanction_announced,3,"[""TURN 4 INCIDENT INVOLVING CARS 20 (MAG) AND 22 (TSU) NOTED - LEAVING THE TRACK AND GAINING AN ADVANTAGE"", ""FIA STEWARDS: TURN 4 INCIDENT INVOLVING CARS 20 (MAG) AND 22 (TSU) UNDER INVESTIGATION - LEAVING THE TRACK AND GAINING AN ADVANTAGE"", ""FIA STEWARDS: 10 SECOND TIME PENALTY FOR CAR 20 (MAG) - LEAVING THE TRACK AND GAINING AN ADVANTAGE""]",algorithmic_pending_human_validation,True
referral-26b509e45869d3b5,2024-sau,Race,2024-03-09 10:09:09-08:00,2024-03-09 10:09:09-08:00,4,1,,other,,40,40,noted,noted,1,"[""INCIDENT INVOLVING CAR 4 (NOR) NOTED - WEAVING ON STRAIGHT""]",algorithmic_pending_human_validation,False
referral-0e1f1bdd0c613df7,2024-sgp,Race,2024-09-22 05:55:43-07:00,2024-09-22 05:55:43-07:00,10|27,2,Turn 7,forcing_off_track,,32,32,noted,noted,1,"[""TURN 7 INCIDENT INVOLVING CARS 10 (GAS) AND 27 (HUL) NOTED - FORCING ANOTHER DRIVER OFF THE TRACK""]",algorithmic_pending_human_validation,False
referral-6aadc9123ef91f97,2024-sgp,Race,2024-09-22 06:02:01-07:00,2024-09-22 06:02:01-07:00,43,1,Turn 16,gaining_advantage_off_track,,36,36,noted,noted,1,"[""TURN 16 INCIDENT INVOLVING CAR 43 (COL) NOTED - LEAVING THE TRACK AND GAINING AN ADVANTAGE""]",algorithmic_pending_human_validation,False
referral-990b85e47b4a7225,2024-usa,Race,2024-10-20 12:09:49-07:00,2024-10-20 12:09:49-07:00,23|31,2,Turn 1,causing_collision,1.0,4,4,noted,noted,1,"[""LAP 1 TURN 1 INCIDENT INVOLVING CARS 23 (ALB) AND 31 (OCO) NOTED - CAUSING A COLLISION""]",algorithmic_pending_human_validation,False
referral-77ef0d5eb8729817,2024-usa,Race,2024-10-20 12:19:14-07:00,2024-10-20 12:19:14-07:00,18|23,2,Turn 15,gaining_advantage_off_track,,8,8,noted,noted,1,"[""TURN 15 INCIDENT INVOLVING CARS 18 (STR) AND 23 (ALB) NOTED - LEAVING THE TRACK AND GAINING AN ADVANTAGE""]",algorithmic_pending_human_validation,False
referral-ede2de6e3c65a58e,2024-usa,Race,2024-10-20 12:28:33-07:00,2024-10-20 12:30:59-07:00,63|77,2,Turn 12,forcing_off_track,,14,15,noted|investigation|sanction_announced,sanction_announced,3,"[""TURN 12 INCIDENT INVOLVING CARS 63 (RUS) AND 77 (BOT) NOTED - FORCING ANOTHER DRIVER OFF THE TRACK"", ""FIA STEWARDS: TURN 12 INCIDENT INVOLVING CARS 63 (RUS) AND 77 (BOT) UNDER INVESTIGATION - FORCING ANOTHER DRIVER OFF THE TRACK"", ""FIA STEWARDS: 5 SECOND TIME PENALTY FOR CAR 63 (RUS) - FORCING ANOTHER DRIVER OFF THE TRACK""]",algorithmic_pending_human_validation,True
referral-ca7e582511420b63,2024-usa,Race,2024-10-20 12:42:31-07:00,2024-10-20 12:42:31-07:00,20|23,2,Turn 12,forcing_off_track,,22,22,noted,noted,1,"[""TURN 12 INCIDENT INVOLVING CARS 23 (ALB) AND 20 (MAG) NOTED - FORCING ANOTHER DRIVER OFF THE TRACK""]",algorithmic_pending_human_validation,False
referral-05029cdb2842ae7d,2024-usa,Race,2024-10-20 12:53:06-07:00,2024-10-20 13:00:09-07:00,10|23,2,Turn 15,gaining_advantage_off_track,,29,33,noted|investigation|sanction_announced,sanction_announced,3,"[""TURN 15 INCIDENT INVOLVING CARS 10 (GAS) AND 23 (ALB) NOTED - LEAVING THE TRACK AND GAINING AN ADVANTAGE"", ""FIA STEWARDS: TURN 15 INCIDENT INVOLVING CARS 10 (GAS) AND 23 (ALB) UNDER INVESTIGATION - LEAVING THE TRACK AND GAINING AN ADVANTAGE"", ""FIA STEWARDS: 5 SECOND TIME PENALTY FOR CAR 10 (GAS) - LEAVING THE TRACK AND GAINING AN ADVANTAGE""]",algorithmic_pending_human_validation,True
referral-2772618399cf2939,2024-usa,Race,2024-10-20 12:58:00-07:00,2024-10-20 13:04:01-07:00,22|23,2,Turn 12,forcing_off_track,,32,35,noted|investigation|sanction_announced,sanction_announced,3,"[""TURN 12 INCIDENT INVOLVING CARS 22 (TSU) AND 23 (ALB) NOTED - FORCING ANOTHER DRIVER OFF THE TRACK"", ""FIA STEWARDS: TURN 12 INCIDENT INVOLVING CARS 22 (TSU) AND 23 (ALB) UNDER INVESTIGATION - FORCING ANOTHER DRIVER OFF THE TRACK"", ""FIA STEWARDS: 5 SECOND TIME PENALTY FOR CAR 22 (TSU) - FORCING ANOTHER DRIVER OFF THE TRACK""]",algorithmic_pending_human_validation,True
referral-5dddf3d59517fdd4,2024-usa,Race,2024-10-20 13:33:53-07:00,2024-10-20 13:38:26-07:00,1|4,2,Turn 12,gaining_advantage_off_track,,53,56,noted|investigation|sanction_announced,sanction_announced,3,"[""TURN 12 INCIDENT INVOLVING CARS 4 (NOR) AND 1 (VER) NOTED - LEAVING THE TRACK AND GAINING AN ADVANTAGE"", ""FIA STEWARDS: TURN 12 INCIDENT INVOLVING CARS 4 (NOR) AND 1 (VER) UNDER INVESTIGATION - LEAVING THE TRACK AND GAINING AN ADVANTAGE"", ""FIA STEWARDS: 5 SECOND TIME PENALTY FOR CAR 4 (NOR) - LEAVING THE TRACK AND GAINING AN ADVANTAGE""]",algorithmic_pending_human_validation,True
referral-01e55de65ea7e91f,2024-usa,Sprint,2024-10-19 10:37:27-07:00,2024-10-19 10:37:27-07:00,14|24|77,3,,other,,1,1,noted,noted,1,"[""FIA STEWARDS: INCIDENT INVOLVING CARS 24 (ZHO), 77 (BOT) AND 14 (ALO) NOTED - FAILING TO FOLLOW RACE DIRECTORS INSTRUCTIONS - MAXIMUM DELTA TIME""]",algorithmic_pending_human_validation,False
referral-afa9f92716d1e589,2024-usa,Sprint,2024-10-19 11:06:50-07:00,2024-10-19 11:12:03-07:00,20,1,Turn 11,gaining_advantage_off_track,,2,5,noted|investigation|no_further_action,no_further_action,3,"[""TURN 11 INCIDENT INVOLVING CAR 20 (MAG) NOTED - LEAVING THE TRACK AND GAINING AN ADVANTAGE"", ""FIA STEWARDS: TURN 11 INCIDENT INVOLVING CAR 20 (MAG) UNDER INVESTIGATION - LEAVING THE TRACK AND GAINING AN ADVANTAGE"", ""FIA STEWARDS: TURN 11 INCIDENT INVOLVING CAR 20 (MAG) NO FURTHER ACTION - LEAVING THE TRACK AND GAINING AN ADVANTAGE""]",algorithmic_pending_human_validation,True
referral-6a3c5175c9dfcfb2,2024-usa,Sprint,2024-10-19 11:14:32-07:00,2024-10-19 11:20:39-07:00,10|81,2,Turn 12,forcing_off_track,,7,11,noted|investigation|sanction_announced,sanction_announced,3,"[""TURN 12 INCIDENT INVOLVING CARS 81 (PIA) AND 10 (GAS) NOTED - FORCING ANOTHER DRIVER OFF THE TRACK"", ""FIA STEWARDS: TURN 12 INCIDENT INVOLVING CARS 81 (PIA) AND 10 (GAS) UNDER INVESTIGATION - FORCING ANOTHER DRIVER OFF THE TRACK"", ""FIA STEWARDS: 5 SECOND TIME PENALTY FOR CAR 81 (PIA) - FORCING ANOTHER DRIVER OFF THE TRACK""]",algorithmic_pending_human_validation,True
referral-aed537de38666d4c,2024-usa,Sprint,2024-10-19 11:27:20-07:00,2024-10-19 11:29:43-07:00,22|81,2,Turn 12,gaining_advantage_off_track,,15,16,noted|investigation|no_further_action,no_further_action,3,"[""TURN 12 INCIDENT INVOLVING CARS 22 (TSU) AND 81 (PIA) NOTED - LEAVING THE TRACK AND GAINING AN ADVANTAGE"", ""FIA STEWARDS: TURN 12 INCIDENT INVOLVING CARS 22 (TSU) AND 81 (PIA) UNDER INVESTIGATION - LEAVING THE TRACK AND GAINING AN ADVANTAGE"", ""FIA STEWARDS: TURN 12 INCIDENT INVOLVING CARS 22 (TSU) AND 81 (PIA) NO FURTHER ACTION - LEAVING THE TRACK AND GAINING AN ADVANTAGE""]",algorithmic_pending_human_validation,True
referral-fd35f84b7afcb4f3,2024-usa,Sprint,2024-10-19 11:40:37-07:00,2024-10-19 11:40:37-07:00,4,1,Turn 15,other,,19,19,noted,noted,1,"[""TURN 15 INCIDENT INVOLVING CAR 4 (NOR) NOTED - DRIVING ERRATICALLY""]",algorithmic_pending_human_validation,False
referral-12ab5aa5b4f9818c,2025-abu,Race,2025-12-07 05:05:29-08:00,2025-12-07 05:05:29-08:00,43,1,,other,,2,2,noted,noted,1,"[""INCIDENT INVOLVING CAR 43 (COL) NOTED - STARTING PROCEDURE INFRINGEMENT""]",algorithmic_pending_human_validation,False
referral-d081a7144424c5b5,2025-abu,Race,2025-12-07 05:06:50-08:00,2025-12-07 05:06:50-08:00,23|44,2,Turn 7,gaining_advantage_off_track,,3,3,noted,noted,1,"[""TURN 7 INCIDENT INVOLVING CARS 44 (HAM) AND 23 (ALB) NOTED - LEAVING THE TRACK AND GAINING AN ADVANTAGE""]",algorithmic_pending_human_validation,False
referral-c17514c82974f093,2025-abu,Race,2025-12-07 05:10:25-08:00,2025-12-07 05:10:25-08:00,12|18,2,Turn 6,gaining_advantage_off_track,,5,5,noted,noted,1,"[""TURN 6 INCIDENT INVOLVING CARS 12 (ANT) AND 18 (STR) NOTED - LEAVING THE TRACK AND GAINING AN ADVANTAGE""]",algorithmic_pending_human_validation,False
referral-a54b06fbd1bfe5dc,2025-abu,Race,2025-12-07 05:12:03-08:00,2025-12-07 05:17:41-08:00,10|27,2,Turn 5,causing_collision,,6,10,noted|investigation|no_further_action,no_further_action,3,"[""TURN 5 INCIDENT INVOLVING CARS 10 (GAS) AND 27 (HUL) NOTED - CAUSING A COLLISION"", ""FIA STEWARDS: TURN 5 INCIDENT INVOLVING CARS 10 (GAS) AND 27 (HUL) UNDER INVESTIGATION - CAUSING A COLLISION"", ""FIA STEWARDS: TURN 5 INCIDENT INVOLVING CARS 10 (GAS) AND 27 (HUL) NO FURTHER ACTION - CAUSING A COLLISION""]",algorithmic_pending_human_validation,True
referral-ce577c5a89c5ffdd,2025-abu,Race,2025-12-07 05:13:40-08:00,2025-12-07 05:18:25-08:00,30|87,2,Turn 8,other,,7,10,noted|investigation,investigation,3,"[""TURN 8 INCIDENT INVOLVING CARS 87 (BEA) AND 30 (LAW) NOTED"", ""UPDATE: TURN 8 INCIDENT INVOLVING CARS 30 (LAW) AND 87 (BEA) NOTED - DRIVING ERRATICALLY"", ""FIA STEWARDS: TURN 8 INCIDENT INVOLVING CARS 30 (LAW) AND 87 (BEA) UNDER INVESTIGATION - DRIVING ERRATICALLY""]",algorithmic_pending_human_validation,False
referral-07ecb0ff45f027da,2025-abu,Race,2025-12-07 05:23:13-08:00,2025-12-07 05:23:13-08:00,30,1,,other,,14,14,sanction_announced,sanction_announced,1,"[""FIA STEWARDS: 5 SECOND TIME PENALTY FOR CAR 30 (LAW) - DRIVING ERRATICALLY""]",algorithmic_pending_human_validation,False
referral-a7fc430b222b3720,2025-abu,Race,2025-12-07 05:30:57-08:00,2025-12-07 05:30:57-08:00,16|63,2,Turn 9,moving_under_braking,,19,19,noted,noted,1,"[""TURN 9 INCIDENT INVOLVING CARS 16 (LEC) AND 63 (RUS) NOTED - MOVING UNDER BRAKING""]",algorithmic_pending_human_validation,False
referral-79bc776fa1df48e4,2025-abu,Race,2025-12-07 05:32:36-08:00,2025-12-07 05:32:36-08:00,18|30,2,Turn 6,other,,20,20,noted,noted,1,"[""TURN 6 INCIDENT INVOLVING CARS 30 (LAW) AND 18 (STR) NOTED""]",algorithmic_pending_human_validation,False
referral-cb1899c706c559e8,2025-abu,Race,2025-12-07 05:38:29-08:00,2025-12-07 05:47:04-08:00,4|22,2,Turn 5,forcing_off_track,,24,30,noted|investigation|no_further_action,no_further_action,6,"[""TURN 5 INCIDENT INVOLVING CARS 22 (TSU) AND 4 (NOR) NOTED"", ""UPDATE: TURN 5 INCIDENT INVOLVING CARS 22 (TSU) AND 4 (NOR) NOTED - FORCING ANOTHER DRIVER OFF THE TRACK"", ""TURN 5 INCIDENT INVOLVING CARS 4 (NOR) AND 22 (TSU) NOTED - LEAVING THE TRACK AND GAINING AN ADVANTAGE"", ""FIA STEWARDS: TURN 5 INCIDENT INVOLVING CARS 22 (TSU) AND 4 (NOR) UNDER INVESTIGATION - FORCING ANOTHER DRIVER OFF THE TRACK"", ""FIA STEWARDS: TURN 5 INCIDENT INVOLVING CARS 4 (NOR) AND 22 (TSU) UNDER INVESTIGATION - LEAVING THE TRACK AND GAINING AN ADVANTAGE"", ""FIA STEWARDS: TURN 5 INCIDENT INVOLVING CARS 4 (NOR) AND 22 (TSU) NO FURTHER ACTION - LEAVING THE TRACK AND GAINING AN ADVANTAGE""]",algorithmic_pending_human_validation,True
referral-c930a1891e259fcf,2025-abu,Race,2025-12-07 05:42:34-08:00,2025-12-07 05:42:34-08:00,30,1,,other,,27,27,sanction_announced,sanction_announced,1,"[""FIA STEWARDS: PENALTY SERVED - 5 SECOND TIME PENALTY FOR CAR 30 (LAW) - DRIVING ERRATICALLY""]",algorithmic_pending_human_validation,False
referral-252f827b1c76a06d,2025-abu,Race,2025-12-07 05:46:38-08:00,2025-12-07 05:56:37-08:00,22,1,,multiple_defensive_moves,,29,36,sanction_announced,sanction_announced,2,"[""FIA STEWARDS: 5 SECOND TIME PENALTY FOR CAR 22 (TSU) - MORE THAN ONE CHANGE OF DIRECTION"", ""FIA STEWARDS: PENALTY SERVED - 5 SECOND TIME PENALTY FOR CAR 22 (TSU) - MORE THAN ONE CHANGE OF DIRECTION""]",algorithmic_pending_human_validation,True
referral-4dfc3f22b6b26120,2025-abu,Race,2025-12-07 05:56:54-08:00,2025-12-07 06:00:05-08:00,23,1,Pit Lane,other,,36,38,noted|investigation|sanction_announced,sanction_announced,3,"[""INCIDENT INVOLVING CAR 23 (ALB) NOTED - SPEEDING IN THE PIT LANE"", ""FIA STEWARDS: INCIDENT INVOLVING CAR 23 (ALB) UNDER INVESTIGATION - SPEEDING IN THE PIT LANE"", ""FIA STEWARDS: 5 SECOND TIME PENALTY FOR CAR 23 (ALB) - SPEEDING IN THE PIT LANE""]",algorithmic_pending_human_validation,False
referral-c1f749bdbe7cc20a,2025-abu,Race,2025-12-07 06:11:00-08:00,2025-12-07 06:11:25-08:00,10,1,,track_limits,,46,46,noted|investigation|sanction_announced,sanction_announced,3,"[""INCIDENT INVOLVING CAR 10 (GAS) NOTED - TRACK LIMITS"", ""FIA STEWARDS: INCIDENT INVOLVING CAR 10 (GAS) UNDER INVESTIGATION - TRACK LIMITS"", ""FIA STEWARDS: 5 SECOND TIME PENALTY FOR CAR 10 (GAS) - TRACK LIMITS""]",algorithmic_pending_human_validation,False
referral-fad6a092c255e93e,2025-abu,Race,2025-12-07 06:25:43-08:00,2025-12-07 06:38:08-08:00,18|55|87,3,Turn 8,multiple_defensive_moves,,56,58,noted|investigation|sanction_announced,sanction_announced,7,"[""TURN 8 INCIDENT INVOLVING CARS 18 (STR) AND 55 (SAI) NOTED"", ""UPDATE: TURN 8 INCIDENT INVOLVING CARS 18 (STR) AND 55 (SAI) NOTED - MORE THAN ONE CHANGE OF DIRECTION"", ""FIA STEWARDS: TURN 8 INCIDENT INVOLVING CARS 18 (STR) AND 55 (SAI) UNDER INVESTIGATION - MORE THAN ONE CHANGE OF DIRECTION"", ""FIA STEWARDS: 5 SECOND TIME PENALTY FOR CAR 18 (STR) - MORE THAN ONE CHANGE OF DIRECTION"", ""TURN 8 INCIDENT INVOLVING CARS 87 (BEA) AND 18 (STR) NOTED - MORE THAN ONE CHANGE OF DIRECTION"", ""FIA STEWARDS: TURN 8 INCIDENT INVOLVING CARS 87 (BEA) AND 18 (STR) UNDER INVESTIGATION - MORE THAN ONE CHANGE OF DIRECTION"", ""FIA STEWARDS: 5 SECOND TIME PENALTY FOR CAR 87 (BEA) - MORE THAN ONE CHANGE OF DIRECTION""]",algorithmic_pending_human_validation,True
referral-427f6c6bb36dc49b,2025-aus,Race,2025-03-15 21:36:21-07:00,2025-03-15 21:37:41-07:00,14,1,,other,,8,9,noted|investigation,investigation,2,"[""INCIDENT INVOLVING CAR 14 (ALO) NOTED - SAFETY CAR INFRINGEMENT"", ""FIA STEWARDS: INCIDENT INVOLVING CAR 14 (ALO) UNDER INVESTIGATION - SAFETY CAR INFRINGEMENT""]",algorithmic_pending_human_validation,False
referral-4295b7588212fa51,2025-aus,Race,2025-03-15 21:37:35-07:00,2025-03-15 21:38:41-07:00,22,1,,other,,9,10,noted|investigation,investigation,2,"[""INCIDENT INVOLVING CAR 22 (TSU) NOTED - SAFETY CAR INFRINGEMENT"", ""FIA STEWARDS: INCIDENT INVOLVING CAR 22 (TSU) UNDER INVESTIGATION - SAFETY CAR INFRINGEMENT""]",algorithmic_pending_human_validation,False
referral-3df50704eff87260,2025-aus,Race,2025-03-15 21:51:45-07:00,2025-03-15 21:54:21-07:00,23,1,,other,,18,20,noted|investigation|no_further_action,no_further_action,3,"[""INCIDENT INVOLVING CAR 23 (ALB) NOTED - SAFETY CAR INFRINGEMENT"", ""FIA STEWARDS: INCIDENT INVOLVING CAR 23 (ALB) UNDER INVESTIGATION - SAFETY CAR INFRINGEMENT"", ""FIA STEWARDS: INCIDENT INVOLVING CAR 23 (ALB) NO FURTHER ACTION - SAFETY CAR INFRINGEMENT""]",algorithmic_pending_human_validation,False
referral-32b2345965ac86e3,2025-aus,Race,2025-03-15 21:51:51-07:00,2025-03-15 21:54:31-07:00,44,1,,other,,18,20,noted|investigation|no_further_action,no_further_action,3,"[""INCIDENT INVOLVING CAR 44 (HAM) NOTED - SAFETY CAR INFRINGEMENT"", ""FIA STEWARDS: INCIDENT INVOLVING CAR 44 (HAM) UNDER INVESTIGATION - SAFETY CAR INFRINGEMENT"", ""FIA STEWARDS: INCIDENT INVOLVING CAR 44 (HAM) NO FURTHER ACTION - SAFETY CAR INFRINGEMENT""]",algorithmic_pending_human_validation,False
referral-e514c24fb0016fd1,2025-aus,Race,2025-03-15 21:54:00-07:00,2025-03-15 21:54:00-07:00,14,1,,other,,20,20,no_further_action,no_further_action,1,"[""FIA STEWARDS: INCIDENT INVOLVING CAR 14 (ALO) NO FURTHER ACTION - SAFETY CAR INFRINGEMENT""]",algorithmic_pending_human_validation,False
referral-7c4d2aad8190790d,2025-aus,Race,2025-03-15 21:54:12-07:00,2025-03-15 21:54:12-07:00,22,1,,other,,20,20,no_further_action,no_further_action,1,"[""FIA STEWARDS: INCIDENT INVOLVING CAR 22 (TSU) NO FURTHER ACTION - SAFETY CAR INFRINGEMENT""]",algorithmic_pending_human_validation,False
referral-fdfdad66171b0922,2025-aus,Race,2025-03-15 22:30:08-07:00,2025-03-15 22:45:02-07:00,5|30,2,,unsafe_release,,40,49,noted|investigation|sanction_announced,sanction_announced,4,"[""INCIDENT INVOLVING CARS 5 (BOR) AND 30 (LAW) NOTED - UNSAFE RELEASE"", ""FIA STEWARDS: INCIDENT INVOLVING CARS 5 (BOR) AND 30 (LAW) UNDER INVESTIGATION - UNSAFE RELEASE"", ""FIA STEWARDS: 5 SECOND TIME PENALTY FOR CAR 5 (BOR) - UNSAFE RELEASE"", ""FIA STEWARDS: PENALTY SERVED - 5 SECOND TIME PENALTY FOR CAR 5 (BOR) - UNSAFE RELEASE""]",algorithmic_pending_human_validation,False
referral-975039a3f4e3212f,2025-aus,Race,2025-03-15 22:58:32-07:00,2025-03-15 22:59:50-07:00,12,1,,unsafe_release,,56,57,noted|investigation|sanction_announced,sanction_announced,3,"[""INCIDENT INVOLVING CAR 12 (ANT) NOTED - UNSAFE RELEASE"", ""FIA STEWARDS: INCIDENT INVOLVING CAR 12 (ANT) UNDER INVESTIGATION - UNSAFE RELEASE"", ""FIA STEWARDS: 5 SECOND TIME PENALTY FOR CAR 12 (ANT) - UNSAFE RELEASE""]",algorithmic_pending_human_validation,False
referral-f10a05801aaa4a36,2025-aut,Race,2025-06-29 05:31:31-07:00,2025-06-29 05:31:31-07:00,81,1,,other,,1,1,noted,noted,1,"[""FIA STEWARDS: INCIDENT INVOLVING CAR 81 (PIA) NOTED - FAILING TO FOLLOW RACE DIRECTORS INSTRUCTIONS - MAXIMUM DELTA TIME""]",algorithmic_pending_human_validation,False
referral-5dcd77f0eab66ae4,2025-aut,Race,2025-06-29 06:22:46-07:00,2025-06-29 06:23:31-07:00,1|12,2,Turn 3,causing_collision,,3,4,noted|post_session_investigation,post_session_investigation,2,"[""TURN 3 INCIDENT INVOLVING CARS 12 (ANT) AND 1 (VER) NOTED - CAUSING A COLLISION"", ""FIA STEWARDS: TURN 3 INCIDENT INVOLVING CARS 12 (ANT) AND 1 (VER) WILL BE INVESTIGATED AFTER THE RACE - CAUSING A COLLISION""]",algorithmic_pending_human_validation,True
referral-a1614dad1d58f891,2025-aut,Race,2025-06-29 06:26:47-07:00,2025-06-29 06:30:32-07:00,43|87,2,Turn 3,other,,6,10,noted|investigation|no_further_action,no_further_action,3,"[""TURN 3 INCIDENT INVOLVING CARS 43 (COL) AND 87 (BEA) NOTED"", ""FIA STEWARDS: TURN 3 INCIDENT INVOLVING CARS 43 (COL) AND 87 (BEA) UNDER INVESTIGATION"", ""FIA STEWARDS: TURN 3 INCIDENT INVOLVING CARS 43 (COL) AND 87 (BEA) NO FURTHER ACTION""]",algorithmic_pending_human_validation,True
referral-d9524c3d0ce7c389,2025-aut,Race,2025-06-29 06:39:08-07:00,2025-06-29 06:43:43-07:00,18|22,2,Turn 3,causing_collision,,17,21,noted|investigation|no_further_action,no_further_action,3,"[""TURN 3 INCIDENT INVOLVING CARS 22 (TSU) AND 18 (STR) NOTED - CAUSING A COLLISION"", ""FIA STEWARDS: TURN 3 INCIDENT INVOLVING CARS 22 (TSU) AND 18 (STR) UNDER INVESTIGATION - CAUSING A COLLISION"", ""FIA STEWARDS: TURN 3 INCIDENT INVOLVING CARS 22 (TSU) AND 18 (STR) NO FURTHER ACTION - CAUSING A COLLISION""]",algorithmic_pending_human_validation,True
referral-9e8f0e54face8a6f,2025-aut,Race,2025-06-29 06:53:42-07:00,2025-06-29 06:53:42-07:00,31|43,2,Turn 3,other,,29,29,noted,noted,1,"[""TURN 3 INCIDENT INVOLVING CARS 43 (COL) AND 31 (OCO) NOTED""]",algorithmic_pending_human_validation,False
referral-f8ec31dc5b84851c,2025-aut,Race,2025-06-29 06:56:56-07:00,2025-06-29 06:58:27-07:00,22|43,2,Turn 4,causing_collision,,32,33,noted|investigation|sanction_announced,sanction_announced,3,"[""TURN 4 INCIDENT INVOLVING CARS 22 (TSU) AND 43 (COL) NOTED - CAUSING A COLLISION"", ""FIA STEWARDS: TURN 4 INCIDENT INVOLVING CARS 22 (TSU) AND 43 (COL) UNDER INVESTIGATION - CAUSING A COLLISION"", ""FIA STEWARDS: 10 SECOND TIME PENALTY FOR CAR 22 (TSU) - CAUSING A COLLISION""]",algorithmic_pending_human_validation,True
referral-dd5749e17e3644b1,2025-aut,Race,2025-06-29 07:23:26-07:00,2025-06-29 07:26:00-07:00,43|81,2,Turn 3,forcing_off_track,,54,57,noted|investigation|sanction_announced,sanction_announced,3,"[""TURN 3 INCIDENT INVOLVING CARS 43 (COL) AND 81 (PIA) NOTED - FORCING ANOTHER DRIVER OFF THE TRACK"", ""FIA STEWARDS: TURN 3 INCIDENT INVOLVING CARS 43 (COL) AND 81 (PIA) UNDER INVESTIGATION - FORCING ANOTHER DRIVER OFF THE TRACK"", ""FIA STEWARDS: 5 SECOND TIME PENALTY FOR CAR 43 (COL) - FORCING ANOTHER DRIVER OFF THE TRACK""]",algorithmic_pending_human_validation,True
referral-47255ff4b23d80b1,2025-aut,Race,2025-06-29 07:35:43-07:00,2025-06-29 07:35:43-07:00,22,1,,causing_collision,,65,65,sanction_announced,sanction_announced,1,"[""FIA STEWARDS: PENALTY SERVED - 10 SECOND TIME PENALTY FOR CAR 22 (TSU) - CAUSING A COLLISION""]",algorithmic_pending_human_validation,False
referral-e46146230fad4c03,2025-aze,Race,2025-09-21 04:11:47-07:00,2025-09-21 04:14:58-07:00,81,1,,other,,4,5,noted|investigation|sanction_announced,sanction_announced,3,"[""INCIDENT INVOLVING CAR 81 (PIA) NOTED - FALSE START - MOVING BEFORE SIGNAL"", ""FIA STEWARDS: INCIDENT INVOLVING CAR 81 (PIA) UNDER INVESTIGATION - FALSE START - MOVING BEFORE SIGNAL"", ""FIA STEWARDS: 5 SECOND TIME PENALTY FOR CAR 81 (PIA) - FALSE START - MOVING BEFORE SIGNAL""]",algorithmic_pending_human_validation,False
referral-16c306c19129c7eb,2025-aze,Race,2025-09-21 04:11:57-07:00,2025-09-21 04:15:23-07:00,14,1,,other,,4,5,noted|investigation|sanction_announced,sanction_announced,3,"[""INCIDENT INVOLVING CAR 14 (ALO) NOTED - FALSE START - MOVING BEFORE SIGNAL"", ""FIA STEWARDS: INCIDENT INVOLVING CAR 14 (ALO) UNDER INVESTIGATION - FALSE START - MOVING BEFORE SIGNAL"", ""FIA STEWARDS: 5 SECOND TIME PENALTY FOR CAR 14 (ALO) - FALSE START - MOVING BEFORE SIGNAL""]",algorithmic_pending_human_validation,False
referral-49f0f4f5b17066f7,2025-aze,Race,2025-09-21 04:16:46-07:00,2025-09-21 04:16:46-07:00,27|31,2,Turn 6,causing_collision,,6,6,noted,noted,1,"[""TURN 6 INCIDENT INVOLVING CARS 27 (HUL) AND 31 (OCO) NOTED - CAUSING A COLLISION""]",algorithmic_pending_human_validation,False
referral-8fb16f079cf7e00b,2025-aze,Race,2025-09-21 04:40:06-07:00,2025-09-21 04:41:00-07:00,23|43,2,Turn 5,causing_collision,,19,19,noted|investigation|sanction_announced,sanction_announced,3,"[""TURN 5 INCIDENT INVOLVING CARS 23 (ALB) AND 43 (COL) NOTED - CAUSING A COLLISION"", ""FIA STEWARDS: TURN 5 INCIDENT INVOLVING CARS 23 (ALB) AND 43 (COL) UNDER INVESTIGATION - CAUSING A COLLISION"", ""FIA STEWARDS: 10 SECOND TIME PENALTY FOR CAR 23 (ALB) - CAUSING A COLLISION""]",algorithmic_pending_human_validation,True
referral-189c74031a18a8ba,2025-aze,Race,2025-09-21 04:48:32-07:00,2025-09-21 04:48:32-07:00,14,1,,other,,24,24,sanction_announced,sanction_announced,1,"[""FIA STEWARDS: PENALTY SERVED - 5 SECOND TIME PENALTY FOR CAR 14 (ALO) - FALSE START - MOVING BEFORE SIGNAL""]",algorithmic_pending_human_validation,False
referral-45d4be364d6d3c3a,2025-bhr,Race,2025-04-13 08:07:50-07:00,2025-04-13 08:14:51-07:00,4,1,,other,,3,7,noted|investigation|sanction_announced,sanction_announced,3,"[""INCIDENT INVOLVING CAR 4 (NOR) NOTED - FALSE START - OUT OF POSITION"", ""FIA STEWARDS: INCIDENT INVOLVING CAR 4 (NOR) UNDER INVESTIGATION - FALSE START - OUT OF POSITION"", ""FIA STEWARDS: 5 SECOND TIME PENALTY FOR CAR 4 (NOR) - FALSE START - OUT OF POSITION""]",algorithmic_pending_human_validation,False
referral-b66317d4773f1194,2025-bhr,Race,2025-04-13 08:21:20-07:00,2025-04-13 08:21:20-07:00,1|55,2,Turn 4,other,,11,11,noted,noted,1,"[""TURN 4 INCIDENT INVOLVING CARS 55 (SAI) AND 1 (VER) NOTED""]",algorithmic_pending_human_validation,False
referral-c22b822b253210f9,2025-bhr,Race,2025-04-13 08:30:36-07:00,2025-04-13 08:30:36-07:00,87,1,Pit Lane,unsafe_release,,17,17,noted,noted,1,"[""PIT LANE INCIDENT INVOLVING CAR 87 (BEA) NOTED - UNSAFE RELEASE""]",algorithmic_pending_human_validation,False
referral-ab3a45a41e7e1652,2025-bhr,Race,2025-04-13 08:32:51-07:00,2025-04-13 08:32:51-07:00,4,1,,other,,18,18,sanction_announced,sanction_announced,1,"[""FIA STEWARDS: PENALTY SERVED - 5 SECOND TIME PENALTY FOR CAR 4 (NOR) - FALSE START - OUT OF POSITION""]",algorithmic_pending_human_validation,False
referral-6eca947cfc99b3a6,2025-bhr,Race,2025-04-13 09:00:13-07:00,2025-04-13 09:00:13-07:00,22|55,2,Turn 1,causing_collision,,34,34,noted,noted,1,"[""TURN 1 INCIDENT INVOLVING CARS 22 (TSU) AND 55 (SAI) NOTED - CAUSING A COLLISION""]",algorithmic_pending_human_validation,False
referral-d74c2a82eb30d908,2025-bhr,Race,2025-04-13 09:07:39-07:00,2025-04-13 09:13:05-07:00,18|30,2,Turn 2,causing_collision,,38,41,noted|investigation|sanction_announced,sanction_announced,3,"[""TURN 2 INCIDENT INVOLVING CARS 30 (LAW) AND 18 (STR) NOTED - CAUSING A COLLISION"", ""FIA STEWARDS: TURN 2 INCIDENT INVOLVING CARS 30 (LAW) AND 18 (STR) UNDER INVESTIGATION - CAUSING A COLLISION"", ""FIA STEWARDS: 5 SECOND TIME PENALTY FOR CAR 30 (LAW) - CAUSING A COLLISION""]",algorithmic_pending_human_validation,True
referral-3498e3044316ef74,2025-bhr,Race,2025-04-13 09:12:46-07:00,2025-04-13 09:12:46-07:00,18|30,2,Turn 4,other,,41,41,noted,noted,1,"[""TURN 4 INCIDENT INVOLVING CARS 30 (LAW) AND 18 (STR) NOTED - SAFETY CAR INFRINGEMENT""]",algorithmic_pending_human_validation,False
referral-8e68cf4763be7ba9,2025-bhr,Race,2025-04-13 09:14:41-07:00,2025-04-13 09:17:16-07:00,12|55,2,Turn 10,forcing_off_track,,42,44,noted|investigation|sanction_announced,sanction_announced,3,"[""TURN 10 INCIDENT INVOLVING CARS 55 (SAI) AND 12 (ANT) NOTED - FORCING ANOTHER DRIVER OFF THE TRACK"", ""FIA STEWARDS: TURN 10 INCIDENT INVOLVING CARS 55 (SAI) AND 12 (ANT) UNDER INVESTIGATION - FORCING ANOTHER DRIVER OFF THE TRACK"", ""FIA STEWARDS: 10 SECOND TIME PENALTY FOR CAR 55 (SAI) - FORCING ANOTHER DRIVER OFF THE TRACK""]",algorithmic_pending_human_validation,True
referral-3b3f4877e8e40153,2025-bhr,Race,2025-04-13 09:16:26-07:00,2025-04-13 09:16:26-07:00,22|55,2,Turn 1,causing_collision,,43,43,noted,noted,1,"[""TURN 1 INCIDENT INVOLVING CARS 22 (TSU) AND 55 (SAI) NOTED - CAUSING A COLLISION""]",algorithmic_pending_human_validation,False
referral-05b94ced9330672f,2025-bhr,Race,2025-04-13 09:26:41-07:00,2025-04-13 09:33:55-07:00,27|30,2,Turn 1,causing_collision,,50,54,noted|investigation|sanction_announced,sanction_announced,3,"[""TURN 1 INCIDENT INVOLVING CARS 30 (LAW) AND 27 (HUL) NOTED - CAUSING A COLLISION"", ""FIA STEWARDS: TURN 1 INCIDENT INVOLVING CARS 30 (LAW) AND 27 (HUL) UNDER INVESTIGATION - CAUSING A COLLISION"", ""FIA STEWARDS: 10 SECOND TIME PENALTY FOR CAR 30 (LAW) - CAUSING A COLLISION""]",algorithmic_pending_human_validation,True
referral-29556c3ffb331459,2025-bhr,Race,2025-04-13 09:30:12-07:00,2025-04-13 09:31:55-07:00,63,1,,other,,52,53,noted|post_session_investigation,post_session_investigation,2,"[""INCIDENT INVOLVING CAR 63 (RUS) NOTED - DRS INFRINGEMENT"", ""FIA STEWARDS: INCIDENT INVOLVING CAR 63 (RUS) WILL BE INVESTIGATED AFTER THE RACE - DRS INFRINGEMENT""]",algorithmic_pending_human_validation,False
referral-2f27c46d7bc44faa,2025-bhr,Race,2025-04-13 09:42:28-07:00,2025-04-13 09:43:07-07:00,7,1,,track_limits,,57,57,noted|investigation|sanction_announced,sanction_announced,3,"[""INCIDENT INVOLVING CAR 7 (DOO) NOTED - TRACK LIMITS"", ""FIA STEWARDS: INCIDENT INVOLVING CAR 7 (DOO) UNDER INVESTIGATION - TRACK LIMITS"", ""FIA STEWARDS: 5 SECOND TIME PENALTY FOR CAR 7 (DOO) - TRACK LIMITS""]",algorithmic_pending_human_validation,False
referral-779512858c76e9f5,2025-can,Race,2025-06-15 12:01:19-07:00,2025-06-15 12:18:01-07:00,10|18,2,Turn 13,forcing_off_track,,46,59,noted|investigation|sanction_announced,sanction_announced,4,"[""TURN 13 INCIDENT INVOLVING CARS 18 (STR) AND 10 (GAS) NOTED - FORCING ANOTHER DRIVER OFF THE TRACK"", ""FIA STEWARDS: TURN 13 INCIDENT INVOLVING CARS 18 (STR) AND 10 (GAS) UNDER INVESTIGATION - FORCING ANOTHER DRIVER OFF THE TRACK"", ""FIA STEWARDS: 10 SECOND TIME PENALTY FOR CAR 18 (STR) - FORCING ANOTHER DRIVER OFF THE TRACK"", ""FIA STEWARDS: PENALTY SERVED - 10 SECOND TIME PENALTY FOR CAR 18 (STR) - FORCING ANOTHER DRIVER OFF THE TRACK""]",algorithmic_pending_human_validation,True
referral-9256c35969d07ea8,2025-can,Race,2025-06-15 12:04:07-07:00,2025-06-15 12:04:07-07:00,30,1,,blue_flags,,48,48,noted,noted,1,"[""INCIDENT INVOLVING CAR 30 (LAW) NOTED - IGNORING BLUE FLAGS""]",algorithmic_pending_human_validation,False
referral-904308d6e9b6f42c,2025-can,Race,2025-06-15 12:06:39-07:00,2025-06-15 12:06:39-07:00,6|87,2,Turn 13,other,,50,50,noted,noted,1,"[""TURN 13 INCIDENT INVOLVING CARS 87 (BEA) AND 6 (HAD) NOTED""]",algorithmic_pending_human_validation,False
referral-aaf404abc0d865d6,2025-can,Race,2025-06-15 12:16:46-07:00,2025-06-15 12:22:54-07:00,87,1,Turn 14,other,,58,63,noted|post_session_investigation,post_session_investigation,2,"[""TURN 14 INCIDENT INVOLVING CAR 87 (BEA) NOTED - FAILING TO FOLLOW RACE DIRECTORS INSTRUCTIONS – ESCAPE ROAD INSTRUCTIONS"", ""FIA STEWARDS: TURN 14 INCIDENT INVOLVING CAR 87 (BEA) WILL BE INVESTIGATED AFTER THE RACE - FAILING TO FOLLOW RACE DIRECTORS INSTRUCTIONS – ESCAPE ROAD INSTRUCTIONS""]",algorithmic_pending_human_validation,False
referral-3719e9b5b844d6aa,2025-can,Race,2025-06-15 12:39:31-07:00,2025-06-15 12:44:20-07:00,31|55,2,Turn 2,other,,70,70,noted|post_session_investigation,post_session_investigation,2,"[""TURN 2 INCIDENT INVOLVING CARS 31 (OCO) AND 55 (SAI) NOTED - DRIVING ERRATICALLY"", ""FIA STEWARDS: TURN 2 INCIDENT INVOLVING CARS 31 (OCO) AND 55 (SAI) WILL BE INVESTIGATED AFTER THE RACE - DRIVING ERRATICALLY""]",algorithmic_pending_human_validation,False
referral-6e9da703d66fe73a,2025-can,Race,2025-06-15 12:48:27-07:00,2025-06-15 12:58:16-07:00,10|12|16|18|31|55|81,7,,other,,70,70,noted|post_session_investigation,post_session_investigation,2,"[""INCIDENT INVOLVING CARS 12 (ANT), 81 (PIA), 31 (OCO), 16 (LEC), 55 (SAI), 10 (GAS) AND 18 (STR) NOTED - SAFETY CAR INFRINGEMENT"", ""FIA STEWARDS: INCIDENT INVOLVING CARS 12 (ANT), 81 (PIA), 31 (OCO), 16 (LEC), 55 (SAI), 10 (GAS) AND 18 (STR) WILL BE INVESTIGATED AFTER THE RACE - SAFETY CAR INFRINGEMENT""]",algorithmic_pending_human_validation,False
referral-f49e8069307abb3e,2025-can,Race,2025-06-15 12:54:57-07:00,2025-06-15 12:58:19-07:00,4|81,2,,causing_collision,,70,70,noted|post_session_investigation,post_session_investigation,2,"[""START/FINISH STRAIGHT INCIDENT INVOLVING CARS 4 (NOR) AND 81 (PIA) NOTED - CAUSING A COLLISION"", ""FIA STEWARDS: START/FINISH STRAIGHT INCIDENT INVOLVING CARS 4 (NOR) AND 81 (PIA) WILL BE INVESTIGATED AFTER THE RACE - CAUSING A COLLISION""]",algorithmic_pending_human_validation,True
referral-916e17a76ac2390a,2025-chn,Race,2025-03-22 23:24:15-07:00,2025-03-22 23:33:38-07:00,5,1,,other,,1,1,noted|post_session_investigation,post_session_investigation,2,"[""INCIDENT INVOLVING CAR 5 (BOR) NOTED - FAILING TO FOLLOW RACE DIRECTORS INSTRUCTIONS – PRACTICE START INFRINGEMENT"", ""FIA STEWARDS: INCIDENT INVOLVING CAR 5 (BOR) WILL BE INVESTIGATED AFTER THE RACE - FAILING TO FOLLOW RACE DIRECTORS INSTRUCTIONS – PRACTICE START INFRINGEMENT""]",algorithmic_pending_human_validation,False
referral-00195abdaf4ee34e,2025-chn,Race,2025-03-22 23:25:50-07:00,2025-03-22 23:33:46-07:00,23,1,,other,,1,1,noted|post_session_investigation,post_session_investigation,2,"[""INCIDENT INVOLVING CAR 23 (ALB) NOTED - FAILING TO FOLLOW RACE DIRECTORS INSTRUCTIONS – PRACTICE START INFRINGEMENT"", ""FIA STEWARDS: INCIDENT INVOLVING CAR 23 (ALB) WILL BE INVESTIGATED AFTER THE RACE - FAILING TO FOLLOW RACE DIRECTORS INSTRUCTIONS – PRACTICE START INFRINGEMENT""]",algorithmic_pending_human_validation,False
referral-7fc6414db19cdadd,2025-chn,Race,2025-03-22 23:28:10-07:00,2025-03-22 23:33:52-07:00,22,1,,other,,1,1,noted|post_session_investigation,post_session_investigation,2,"[""INCIDENT INVOLVING CAR 22 (TSU) NOTED - FAILING TO FOLLOW RACE DIRECTORS INSTRUCTIONS – PRACTICE START INFRINGEMENT"", ""FIA STEWARDS: INCIDENT INVOLVING CAR 22 (TSU) WILL BE INVESTIGATED AFTER THE RACE - FAILING TO FOLLOW RACE DIRECTORS INSTRUCTIONS – PRACTICE START INFRINGEMENT""]",algorithmic_pending_human_validation,False
referral-5ed57efe42441ead,2025-chn,Race,2025-03-22 23:36:38-07:00,2025-03-22 23:37:40-07:00,27,1,,other,,1,1,noted|post_session_investigation,post_session_investigation,2,"[""INCIDENT INVOLVING CAR 27 (HUL) NOTED - FAILING TO FOLLOW RACE DIRECTORS INSTRUCTIONS – PRACTICE START INFRINGEMENT"", ""FIA STEWARDS: INCIDENT INVOLVING CAR 27 (HUL) WILL BE INVESTIGATED AFTER THE RACE - FAILING TO FOLLOW RACE DIRECTORS INSTRUCTIONS – PRACTICE START INFRINGEMENT""]",algorithmic_pending_human_validation,False
referral-2d814c11b4a97887,2025-chn,Race,2025-03-23 01:19:53-07:00,2025-03-23 01:24:22-07:00,6|7,2,Turn 14,forcing_off_track,,47,50,noted|investigation|sanction_announced,sanction_announced,3,"[""TURN 14 INCIDENT INVOLVING CARS 7 (DOO) AND 6 (HAD) NOTED - FORCING ANOTHER DRIVER OFF THE TRACK"", ""FIA STEWARDS: TURN 14 INCIDENT INVOLVING CARS 7 (DOO) AND 6 (HAD) UNDER INVESTIGATION - FORCING ANOTHER DRIVER OFF THE TRACK"", ""FIA STEWARDS: 10 SECOND TIME PENALTY FOR CAR 7 (DOO) - FORCING ANOTHER DRIVER OFF THE TRACK""]",algorithmic_pending_human_validation,True
referral-458bb24e0e6e9d4d,2025-chn,Race,2025-03-23 01:26:38-07:00,2025-03-23 01:26:38-07:00,7,1,Turn 1,moving_under_braking,,52,52,noted,noted,1,"[""TURN 1 INCIDENT INVOLVING CAR 7 (DOO) NOTED - MOVING UNDER BRAKING""]",algorithmic_pending_human_validation,False
referral-d72fa7122679b3ed,2025-chn,Sprint,2025-03-21 19:32:45-07:00,2025-03-21 19:32:45-07:00,6,1,,other,,1,1,noted,noted,1,"[""INCIDENT INVOLVING CAR 6 (HAD) NOTED - FAILING TO FOLLOW RACE DIRECTORS INSTRUCTIONS – PRACTICE START INFRINGEMENT""]",algorithmic_pending_human_validation,False
referral-1c5f6c5eb71624f8,2025-chn,Sprint,2025-03-21 19:37:50-07:00,2025-03-21 19:37:50-07:00,10,1,,other,,1,1,noted,noted,1,"[""INCIDENT INVOLVING CAR 10 (GAS) NOTED - FAILING TO FOLLOW RACE DIRECTORS INSTRUCTIONS – MAXIMUM DELTA TIME""]",algorithmic_pending_human_validation,False
referral-fbd1c3da9e21b9ae,2025-chn,Sprint,2025-03-21 20:11:33-07:00,2025-03-21 20:13:57-07:00,7|30,2,Turn 14,causing_collision,,5,7,noted|investigation|no_further_action,no_further_action,3,"[""TURN 14 INCIDENT INVOLVING CARS 30 (LAW) AND 7 (DOO) NOTED - CAUSING A COLLISION"", ""FIA STEWARDS: TURN 14 INCIDENT INVOLVING CARS 30 (LAW) AND 7 (DOO) UNDER INVESTIGATION - CAUSING A COLLISION"", ""FIA STEWARDS: TURN 14 INCIDENT INVOLVING CARS 30 (LAW) AND 7 (DOO) NO FURTHER ACTION - CAUSING A COLLISION""]",algorithmic_pending_human_validation,True
referral-80b7ad494889ee19,2025-chn,Sprint,2025-03-21 20:37:13-07:00,2025-03-21 20:37:24-07:00,5|7,2,Turn 14,causing_collision,,19,19,noted|investigation,investigation,2,"[""TURN 14 INCIDENT INVOLVING CARS 7 (DOO) AND 5 (BOR) NOTED - CAUSING A COLLISION"", ""FIA STEWARDS: TURN 14 INCIDENT INVOLVING CARS 7 (DOO) AND 5 (BOR) UNDER INVESTIGATION - CAUSING A COLLISION""]",algorithmic_pending_human_validation,True
referral-32d0e63910004620,2025-emi,Race,2025-05-18 06:50:08-07:00,2025-05-18 06:50:08-07:00,22|55,2,Turn 2,causing_collision,,34,34,noted,noted,1,"[""TURN 2 INCIDENT INVOLVING CARS 22 (TSU) AND 55 (SAI) NOTED - CAUSING A COLLISION""]",algorithmic_pending_human_validation,False
referral-57a8d759ada5ae70,2025-emi,Race,2025-05-18 06:57:03-07:00,2025-05-18 06:57:03-07:00,23,1,Turn 7,other,,39,39,noted,noted,1,"[""TURN 7 INCIDENT INVOLVING CAR 23 (ALB) NOTED -YELLOW FLAG INFRINGEMENT""]",algorithmic_pending_human_validation,False
referral-2239c220b99d00a5,2025-emi,Race,2025-05-18 07:23:24-07:00,2025-05-18 07:23:24-07:00,4|23,2,,other,,55,55,noted,noted,1,"[""INCIDENT INVOLVING CARS 4 (NOR) AND 23 (ALB) NOTED - SAFETY CAR INFRINGEMENT""]",algorithmic_pending_human_validation,False
referral-59be634901566cbd,2025-emi,Race,2025-05-18 07:31:22-07:00,2025-05-18 07:36:51-07:00,16|23,2,Turn 2,forcing_off_track,,61,63,noted|investigation|no_further_action,no_further_action,3,"[""TURN 2 INCIDENT INVOLVING CARS 16 (LEC) AND 23 (ALB) NOTED - FORCING ANOTHER DRIVER OFF THE TRACK"", ""FIA STEWARDS: TURN 2 INCIDENT INVOLVING CARS 16 (LEC) AND 23 (ALB) UNDER INVESTIGATION - FORCING ANOTHER DRIVER OFF THE TRACK"", ""FIA STEWARDS: TURN 2 INCIDENT INVOLVING CARS 16 (LEC) AND 23 (ALB) NO FURTHER ACTION - FORCING ANOTHER DRIVER OFF THE TRACK""]",algorithmic_pending_human_validation,True
referral-f8dffdee97a3cef1,2025-esp,Race,2025-06-01 06:10:00-07:00,2025-06-01 06:10:00-07:00,27,1,Turn 1,gaining_advantage_off_track,1.0,5,5,noted,noted,1,"[""LAP 1 TURN 1 INCIDENT INVOLVING CAR 27 (HUL) NOTED - LEAVING THE TRACK AND GAINING AN ADVANTAGE""]",algorithmic_pending_human_validation,False
referral-dcfc63a4793a5a66,2025-esp,Race,2025-06-01 06:22:00-07:00,2025-06-01 06:22:00-07:00,14,1,Turn 5,unsafe_rejoin,,14,14,noted,noted,1,"[""TURN 5 INCIDENT INVOLVING CAR 14 (ALO) NOTED - REJOINING UNSAFELY""]",algorithmic_pending_human_validation,False
referral-f5b0ef6d99d368fc,2025-esp,Race,2025-06-01 06:37:18-07:00,2025-06-01 06:49:32-07:00,23|30|87,3,Turn 1,causing_collision,,26,35,noted|investigation|no_further_action,no_further_action,8,"[""TURN 1 INCIDENT INVOLVING CARS 23 (ALB) AND 30 (LAW) NOTED"", ""FIA STEWARDS: TURN 1 INCIDENT INVOLVING CARS 23 (ALB) AND 30 (LAW) UNDER INVESTIGATION"", ""TURN 1 INCIDENT INVOLVING CARS 23 (ALB) AND 30 (LAW) NOTED - CAUSING A COLLISION"", ""FIA STEWARDS: TURN 1 INCIDENT INVOLVING CARS 23 (ALB) AND 30 (LAW) UNDER INVESTIGATION - CAUSING A COLLISION"", ""FIA STEWARDS: TURN 1 INCIDENT INVOLVING CARS 23 (ALB) AND 30 (LAW) NO FURTHER ACTION - CAUSING A COLLISION"", ""TURN 1 INCIDENT INVOLVING CARS 30 (LAW) AND 87 (BEA) NOTED - CAUSING A COLLISION"", ""FIA STEWARDS: TURN 1 INCIDENT INVOLVING CARS 30 (LAW) AND 87 (BEA) UNDER INVESTIGATION - CAUSING A COLLISION"", ""FIA STEWARDS: TURN 1 INCIDENT INVOLVING CARS 30 (LAW) AND 87 (BEA) NO FURTHER ACTION - CAUSING A COLLISION""]",algorithmic_pending_human_validation,True
referral-64b444dd2643a03d,2025-esp,Race,2025-06-01 06:39:31-07:00,2025-06-01 06:43:02-07:00,23,1,,gaining_advantage_off_track,,27,30,sanction_announced,sanction_announced,2,"[""FIA STEWARDS: 10 SECOND TIME PENALTY FOR CAR 23 (ALB) -LEAVING THE TRACK AND GAINING AN ADVANTAGE "", ""FIA STEWARDS: PENALTY SERVED - 10 SECOND TIME PENALTY FOR CAR 23 (ALB)""]",algorithmic_pending_human_validation,False
referral-1af30777a3b12eca,2025-esp,Race,2025-06-01 07:15:10-07:00,2025-06-01 07:30:10-07:00,30|87,2,Turn 1,gaining_advantage_off_track,,54,62,noted|investigation|sanction_announced,sanction_announced,3,"[""TURN 1 INCIDENT INVOLVING CARS 87 (BEA) AND 30 (LAW) NOTED - LEAVING THE TRACK AND GAINING AN ADVANTAGE"", ""FIA STEWARDS: TURN 1 INCIDENT INVOLVING CARS 87 (BEA) AND 30 (LAW) UNDER INVESTIGATION - LEAVING THE TRACK AND GAINING AN ADVANTAGE"", ""FIA STEWARDS: 10 SECOND TIME PENALTY FOR CAR 87 (BEA) - LEAVING THE TRACK AND GAINING AN ADVANTAGE""]",algorithmic_pending_human_validation,True
referral-c63585919491070c,2025-esp,Race,2025-06-01 07:30:48-07:00,2025-06-01 07:35:49-07:00,1|63,2,Turn 1,other,,62,66,noted|investigation|no_further_action,no_further_action,3,"[""TURN 1 INCIDENT INVOLVING CARS 1 (VER) AND 63 (RUS) NOTED"", ""FIA STEWARDS: TURN 1 INCIDENT INVOLVING CARS 1 (VER) AND 63 (RUS) UNDER INVESTIGATION"", ""FIA STEWARDS: TURN 1 INCIDENT INVOLVING CARS 1 (VER) AND 63 (RUS) NO FURTHER ACTION""]",algorithmic_pending_human_validation,True
referral-6eacb77df8d2ea39,2025-esp,Race,2025-06-01 07:33:59-07:00,2025-06-01 07:42:18-07:00,1|16|63,3,Turn 5,causing_collision,,65,66,noted|investigation|sanction_announced|post_session_investigation,sanction_announced,5,"[""TURN 5 INCIDENT INVOLVING CARS 1 (VER) AND 63 (RUS) NOTED - CAUSING A COLLISION"", ""FIA STEWARDS: TURN 5 INCIDENT INVOLVING CARS 1 (VER) AND 63 (RUS) UNDER INVESTIGATION - CAUSING A COLLISION"", ""FIA STEWARDS: 10 SECOND TIME PENALTY FOR CAR 1 (VER) - CAUSING A COLLISION"", ""START/FINISH STRAIGHT INCIDENT INVOLVING CARS 1 (VER) AND 16 (LEC) NOTED - CAUSING A COLLISION"", ""FIA STEWARDS: START/FINISH STRAIGHT INCIDENT INVOLVING CARS 1 (VER) AND 16 (LEC) WILL BE INVESTIGATED AFTER THE RACE - CAUSING A COLLISION""]",algorithmic_pending_human_validation,True
referral-590fa7c21272a4ea,2025-gbr,Race,2025-07-06 07:11:04-07:00,2025-07-06 07:11:04-07:00,30|31,2,Turn 5,causing_collision,,4,4,noted,noted,1,"[""TURN 5 INCIDENT INVOLVING CARS 31 (OCO) AND 30 (LAW) NOTED - CAUSING A COLLISION""]",algorithmic_pending_human_validation,False
referral-97885793288084e1,2025-gbr,Race,2025-07-06 07:43:27-07:00,2025-07-06 07:45:35-07:00,6|12,2,Turn 9,causing_collision,,19,20,noted|post_session_investigation,post_session_investigation,2,"[""TURN 9 INCIDENT INVOLVING CARS 6 (HAD) AND 12 (ANT) NOTED - CAUSING A COLLISION"", ""FIA STEWARDS: TURN 9 INCIDENT INVOLVING CARS 6 (HAD) AND 12 (ANT) WILL BE INVESTIGATED AFTER THE RACE - CAUSING A COLLISION""]",algorithmic_pending_human_validation,True
referral-dc5ef7ad57071830,2025-gbr,Race,2025-07-06 07:49:47-07:00,2025-07-06 07:55:02-07:00,81,1,,other,,22,25,noted|investigation|sanction_announced,sanction_announced,3,"[""INCIDENT INVOLVING CAR 81 (PIA) NOTED - SAFETY CAR INFRINGEMENT"", ""FIA STEWARDS: INCIDENT INVOLVING CAR 81 (PIA) UNDER INVESTIGATION - SAFETY CAR INFRINGEMENT"", ""FIA STEWARDS: 10 SECOND TIME PENALTY FOR CAR 81 (PIA) - SAFETY CAR INFRINGEMENT""]",algorithmic_pending_human_validation,False
referral-0781a9d0f3e2cf8d,2025-gbr,Race,2025-07-06 07:51:52-07:00,2025-07-06 07:59:11-07:00,22|87,2,Turn 6,causing_collision,,23,27,noted|investigation|sanction_announced,sanction_announced,3,"[""TURN 6 INCIDENT INVOLVING CARS 22 (TSU) AND 87 (BEA) NOTED - CAUSING A COLLISION"", ""FIA STEWARDS: TURN 6 INCIDENT INVOLVING CARS 22 (TSU) AND 87 (BEA) UNDER INVESTIGATION - CAUSING A COLLISION"", ""FIA STEWARDS: 10 SECOND TIME PENALTY FOR CAR 22 (TSU) - CAUSING A COLLISION""]",algorithmic_pending_human_validation,True
referral-8ac36db0e564fd7c,2025-gbr,Race,2025-07-06 08:21:48-07:00,2025-07-06 08:21:48-07:00,16|55,2,Turn 4,other,,40,40,noted,noted,1,"[""TURN 4 INCIDENT INVOLVING CARS 16 (LEC) AND 55 (SAI) NOTED""]",algorithmic_pending_human_validation,False
referral-1be52a96b52ab328,2025-gbr,Race,2025-07-06 08:27:22-07:00,2025-07-06 08:27:22-07:00,22,1,,causing_collision,,44,44,sanction_announced,sanction_announced,1,"[""FIA STEWARDS: PENALTY SERVED - 10 SECOND TIME PENALTY FOR CAR 22 (TSU) - CAUSING A COLLISION""]",algorithmic_pending_human_validation,False
referral-39687112b09e6548,2025-gbr,Race,2025-07-06 08:30:14-07:00,2025-07-06 08:32:46-07:00,31|87,2,Turn 6,other,,45,47,noted|post_session_investigation,post_session_investigation,2,"[""TURN 6 INCIDENT INVOLVING CARS 87 (BEA) AND 31 (OCO) NOTED"", ""FIA STEWARDS: TURN 6 INCIDENT INVOLVING CARS 87 (BEA) AND 31 (OCO) WILL BE INVESTIGATED AFTER THE RACE""]",algorithmic_pending_human_validation,True
referral-754ba5446d1a86b1,2025-gbr,Race,2025-07-06 08:30:58-07:00,2025-07-06 08:30:58-07:00,16|55,2,Turn 15,causing_collision,,46,46,noted,noted,1,"[""TURN 15 INCIDENT INVOLVING CARS 55 (SAI) AND 16 (LEC) NOTED - CAUSING A COLLISION""]",algorithmic_pending_human_validation,False
referral-a1ca37ff4d198fe8,2025-gbr,Race,2025-07-06 08:33:41-07:00,2025-07-06 08:33:41-07:00,81,1,,other,,48,48,sanction_announced,sanction_announced,1,"[""FIA STEWARDS: PENALTY SERVED - 10 SECOND TIME PENALTY FOR CAR 81 (PIA) - SAFETY CAR INFRINGEMENT""]",algorithmic_pending_human_validation,False
referral-9747fd96088c3df4,2025-hun,Race,2025-08-03 06:08:27-07:00,2025-08-03 06:08:27-07:00,5,1,,other,,4,4,noted,noted,1,"[""INCIDENT INVOLVING CAR 5 (BOR) NOTED - FALSE START - MOVING BEFORE SIGNAL""]",algorithmic_pending_human_validation,False
referral-44052e179ab9b3c5,2025-hun,Race,2025-08-03 06:10:20-07:00,2025-08-03 06:15:06-07:00,27,1,,other,,6,9,noted|investigation|sanction_announced,sanction_announced,3,"[""INCIDENT INVOLVING CAR 27 (HUL) NOTED - FALSE START - MOVING BEFORE SIGNAL"", ""FIA STEWARDS: INCIDENT INVOLVING CAR 27 (HUL) UNDER INVESTIGATION - FALSE START - MOVING BEFORE SIGNAL"", ""FIA STEWARDS: 5 SECOND TIME PENALTY FOR CAR 27 (HUL) - FALSE START - MOVING BEFORE SIGNAL""]",algorithmic_pending_human_validation,False
referral-f2a9c9ecb6d21184,2025-hun,Race,2025-08-03 06:46:13-07:00,2025-08-03 06:59:18-07:00,1|44,2,Turn 4,other,,32,41,noted|investigation|post_session_investigation,post_session_investigation,3,"[""TURN 4 INCIDENT INVOLVING CARS 1 (VER) AND 44 (HAM) NOTED"", ""FIA STEWARDS: TURN 4 INCIDENT INVOLVING CARS 1 (VER) AND 44 (HAM) UNDER INVESTIGATION"", ""FIA STEWARDS: TURN 4 INCIDENT INVOLVING CARS 1 (VER) AND 44 (HAM) WILL BE INVESTIGATED AFTER THE RACE""]",algorithmic_pending_human_validation,True
referral-f8a40b67e108febb,2025-hun,Race,2025-08-03 07:02:27-07:00,2025-08-03 07:02:27-07:00,27,1,,other,,44,44,sanction_announced,sanction_announced,1,"[""FIA STEWARDS: PENALTY SERVED - 5 SECOND TIME PENALTY FOR CAR 27 (HUL) - FALSE START - MOVING BEFORE SIGNAL""]",algorithmic_pending_human_validation,False
referral-f52ec5a3fb397e7e,2025-hun,Race,2025-08-03 07:13:21-07:00,2025-08-03 07:21:43-07:00,22|27,2,Turn 1,other,,52,58,noted|investigation|no_further_action,no_further_action,3,"[""TURN 1 INCIDENT INVOLVING CARS 27 (HUL) AND 22 (TSU) NOTED"", ""FIA STEWARDS: TURN 1 INCIDENT INVOLVING CARS 27 (HUL) AND 22 (TSU) UNDER INVESTIGATION"", ""FIA STEWARDS: TURN 1 INCIDENT INVOLVING CARS 27 (HUL) AND 22 (TSU) NO FURTHER ACTION""]",algorithmic_pending_human_validation,True
referral-ef5fc9cfda0171e6,2025-hun,Race,2025-08-03 07:28:24-07:00,2025-08-03 07:30:14-07:00,16|63,2,Turn 1,other,,63,64,noted|investigation,investigation,2,"[""TURN 1 INCIDENT INVOLVING CARS 16 (LEC) AND 63 (RUS) NOTED"", ""FIA STEWARDS: TURN 1 INCIDENT INVOLVING CARS 16 (LEC) AND 63 (RUS) UNDER INVESTIGATION""]",algorithmic_pending_human_validation,False
referral-da5b6ae5cfb3c8a1,2025-hun,Race,2025-08-03 07:29:35-07:00,2025-08-03 07:34:14-07:00,10|55,2,Turn 2,causing_collision,,64,67,noted|investigation|sanction_announced,sanction_announced,3,"[""TURN 2 INCIDENT INVOLVING CARS 10 (GAS) AND 55 (SAI) NOTED - CAUSING A COLLISION"", ""FIA STEWARDS: TURN 2 INCIDENT INVOLVING CARS 10 (GAS) AND 55 (SAI) UNDER INVESTIGATION - CAUSING A COLLISION"", ""FIA STEWARDS: 10 SECOND TIME PENALTY FOR CAR 10 (GAS) - CAUSING A COLLISION""]",algorithmic_pending_human_validation,True
referral-8e4c1951e40be197,2025-hun,Race,2025-08-03 07:37:01-07:00,2025-08-03 07:37:01-07:00,16,1,,other,,69,69,sanction_announced,sanction_announced,1,"[""FIA STEWARDS: 5 SECOND TIME PENALTY FOR CAR 16 (LEC) - DRIVING ERRATICALLY""]",algorithmic_pending_human_validation,False
referral-c732247a78e69982,2025-ita,Race,2025-09-07 05:27:55-07:00,2025-09-07 05:31:59-07:00,14,1,Pit Lane,other,,1,1,noted|post_session_investigation,post_session_investigation,2,"[""PIT EXIT INCIDENT INVOLVING CAR 14 (ALO) NOTED - FAILING TO FOLLOW RACE DIRECTORS INSTRUCTIONS – PRACTICE START INFRINGEMENT"", ""FIA STEWARDS: PIT EXIT INCIDENT INVOLVING CAR 14 (ALO) WILL BE INVESTIGATED AFTER THE RACE - FAILING TO FOLLOW RACE DIRECTORS INSTRUCTIONS – PRACTICE START INFRINGEMENT""]",algorithmic_pending_human_validation,False
referral-0963e5c4a60bfcf2,2025-ita,Race,2025-09-07 05:28:15-07:00,2025-09-07 05:32:06-07:00,18,1,Pit Lane,other,,1,1,noted|post_session_investigation,post_session_investigation,2,"[""PIT EXIT INCIDENT INVOLVING CAR 18 (STR) NOTED - FAILING TO FOLLOW RACE DIRECTORS INSTRUCTIONS – PRACTICE START INFRINGEMENT"", ""FIA STEWARDS: PIT EXIT INCIDENT INVOLVING CAR 18 (STR) WILL BE INVESTIGATED AFTER THE RACE - FAILING TO FOLLOW RACE DIRECTORS INSTRUCTIONS – PRACTICE START INFRINGEMENT""]",algorithmic_pending_human_validation,False
referral-f19f93b009a8eec0,2025-ita,Race,2025-09-07 06:04:53-07:00,2025-09-07 06:04:53-07:00,1|4,2,Turn 1,other,,1,1,noted,noted,1,"[""TURN 1 INCIDENT INVOLVING CARS 1 (VER) AND 4 (NOR) NOTED""]",algorithmic_pending_human_validation,False
referral-2dc444012c6b8bd5,2025-ita,Race,2025-09-07 06:08:21-07:00,2025-09-07 06:08:21-07:00,22|44,2,Turn 1,gaining_advantage_off_track,,4,4,noted,noted,1,"[""TURN 1 INCIDENT INVOLVING CARS 22 (TSU) AND 44 (HAM) NOTED - LEAVING THE TRACK AND GAINING AN ADVANTAGE""]",algorithmic_pending_human_validation,False
referral-6090878c4e83c071,2025-ita,Race,2025-09-07 06:11:41-07:00,2025-09-07 06:15:35-07:00,18|31,2,Turn 4,forcing_off_track,,6,9,noted|investigation|sanction_announced,sanction_announced,3,"[""TURN 4 INCIDENT INVOLVING CARS 31 (OCO) AND 18 (STR) NOTED - FORCING ANOTHER DRIVER OFF THE TRACK"", ""FIA STEWARDS: TURN 4 INCIDENT INVOLVING CARS 31 (OCO) AND 18 (STR) UNDER INVESTIGATION - FORCING ANOTHER DRIVER OFF THE TRACK"", ""FIA STEWARDS: 5 SECOND TIME PENALTY FOR CAR 31 (OCO) - FORCING ANOTHER DRIVER OFF THE TRACK""]",algorithmic_pending_human_validation,True
referral-d250033c341f1168,2025-ita,Race,2025-09-07 06:27:51-07:00,2025-09-07 06:42:13-07:00,55,1,Turn 4,other,,18,28,noted|investigation|sanction_announced,sanction_announced,3,"[""TURN 4 INCIDENT INVOLVING CAR 55 (SAI) NOTED - FAILING TO FOLLOW RACE DIRECTORS INSTRUCTIONS – ESCAPE ROAD INSTRUCTIONS"", ""FIA STEWARDS: TURN 4 INCIDENT INVOLVING CAR 55 (SAI) UNDER INVESTIGATION - FAILING TO FOLLOW RACE DIRECTORS INSTRUCTIONS – ESCAPE ROAD INSTRUCTIONS"", ""FIA STEWARDS: REPRIMAND (DRIVING) FOR CAR 55 (SAI) - FAILING TO FOLLOW RACE DIRECTORS INSTRUCTIONS – ESCAPE ROAD INSTRUCTIONS""]",algorithmic_pending_human_validation,False
referral-05462a009b963b4e,2025-ita,Race,2025-09-07 07:00:33-07:00,2025-09-07 07:07:12-07:00,55|87,2,Turn 5,causing_collision,,42,46,noted|investigation|sanction_announced,sanction_announced,3,"[""TURN 5 INCIDENT INVOLVING CARS 55 (SAI) AND 87 (BEA) NOTED"", ""FIA STEWARDS: TURN 5 INCIDENT INVOLVING CARS 87 (BEA) AND 55 (SAI) UNDER INVESTIGATION - CAUSING A COLLISION"", ""FIA STEWARDS: 10 SECOND TIME PENALTY FOR CAR 87 (BEA) - CAUSING A COLLISION""]",algorithmic_pending_human_validation,True
referral-cc3ae9ff1bb97d67,2025-ita,Race,2025-09-07 07:06:00-07:00,2025-09-07 07:07:27-07:00,12|23,2,Turn 3,forcing_off_track,,46,47,noted|investigation,investigation,2,"[""TURN 3 INCIDENT INVOLVING CARS 12 (ANT) AND 23 (ALB) NOTED - FORCING ANOTHER DRIVER OFF THE TRACK"", ""FIA STEWARDS: TURN 3 INCIDENT INVOLVING CARS 12 (ANT) AND 23 (ALB) UNDER INVESTIGATION - FORCING ANOTHER DRIVER OFF THE TRACK""]",algorithmic_pending_human_validation,False
referral-0d3d01cd01d8288a,2025-ita,Race,2025-09-07 07:16:12-07:00,2025-09-07 07:16:12-07:00,12,1,,other,,53,53,sanction_announced,sanction_announced,1,"[""FIA STEWARDS: 5 SECOND TIME PENALTY FOR CAR 12 (ANT) - DRIVING ERRATICALLY""]",algorithmic_pending_human_validation,False
referral-3047c97d60fa66c8,2025-ita,Race,2025-09-07 07:18:26-07:00,2025-09-07 07:18:26-07:00,31,1,,forcing_off_track,,53,53,sanction_announced,sanction_announced,1,"[""FIA STEWARDS: PENALTY SERVED - 5 SECOND TIME PENALTY FOR CAR 31 (OCO) - FORCING ANOTHER DRIVER OFF THE TRACK""]",algorithmic_pending_human_validation,False
referral-574cb2d80d1e9bbb,2025-jpn,Race,2025-04-05 22:31:49-07:00,2025-04-05 22:45:28-07:00,55,1,Turn 17,gaining_advantage_off_track,,18,27,noted,noted,2,"[""TURN 17 INCIDENT INVOLVING CARS 55 (SAI) NOTED - LEAVING THE TRACK AND GAINING AN ADVANTAGE"", ""TURN 17 INCIDENT INVOLVING CAR 55 (SAI) NOTED - LEAVING THE TRACK AND GAINING AN ADVANTAGE""]",algorithmic_pending_human_validation,False
referral-c4a6164e8379b051,2025-jpn,Race,2025-04-05 22:42:02-07:00,2025-04-05 22:42:02-07:00,1|4,2,Pit Lane,other,,25,25,noted,noted,1,"[""PIT EXIT INCIDENT INVOLVING CARS 1 (VER) AND 4 (NOR) NOTED""]",algorithmic_pending_human_validation,False
referral-b7b807610bfb099d,2025-lvs,Race,2025-11-22 19:31:42-08:00,2025-11-22 19:33:28-08:00,4,1,,other,,1,1,noted|post_session_investigation,post_session_investigation,2,"[""FIA STEWARDS: INCIDENT INVOLVING CAR 4 (NOR) NOTED - FAILING TO FOLLOW RACE DIRECTORS INSTRUCTIONS - MAXIMUM DELTA TIME"", ""FIA STEWARDS: INCIDENT INVOLVING CAR 4 (NOR) WILL BE INVESTIGATED AFTER THE RACE - FAILING TO FOLLOW RACE DIRECTORS INSTRUCTIONS - MAXIMUM DELTA TIME""]",algorithmic_pending_human_validation,False
referral-1144fd4b061ee2e0,2025-lvs,Race,2025-11-22 19:50:44-08:00,2025-11-22 19:50:44-08:00,4,1,,other,,1,1,no_further_action,no_further_action,1,"[""FIA STEWARDS: INCIDENT INVOLVING CAR 4 (NOR) NO FURTHER ACTION - FAILING TO FOLLOW RACE DIRECTORS INSTRUCTIONS - MAXIMUM DELTA TIME""]",algorithmic_pending_human_validation,False
referral-299f74f832c44e98,2025-lvs,Race,2025-11-22 20:09:21-08:00,2025-11-22 20:15:58-08:00,30|81,2,Turn 1,causing_collision,,3,7,noted|investigation|no_further_action,no_further_action,3,"[""TURN 1 INCIDENT INVOLVING CARS 81 (PIA) AND 30 (LAW) NOTED - CAUSING A COLLISION"", ""FIA STEWARDS: TURN 1 INCIDENT INVOLVING CARS 81 (PIA) AND 30 (LAW) UNDER INVESTIGATION - CAUSING A COLLISION"", ""FIA STEWARDS: TURN 1 INCIDENT INVOLVING CARS 81 (PIA) AND 30 (LAW) NO FURTHER ACTION - CAUSING A COLLISION""]",algorithmic_pending_human_validation,True
referral-2ba396eba5a59d95,2025-lvs,Race,2025-11-22 20:10:27-08:00,2025-11-22 20:18:11-08:00,5|18|43,3,Turn 1,causing_collision,,4,9,noted|investigation|post_session_investigation,post_session_investigation,3,"[""TURN 1 INCIDENT INVOLVING CARS 5 (BOR), 43 (COL) AND 18 (STR) NOTED - CAUSING A COLLISION"", ""FIA STEWARDS: TURN 1 INCIDENT INVOLVING CARS 5 (BOR) AND 18 (STR) UNDER INVESTIGATION - CAUSING A COLLISION"", ""FIA STEWARDS: TURN 1 INCIDENT INVOLVING CARS 5 (BOR) AND 18 (STR) WILL BE INVESTIGATED AFTER THE RACE - CAUSING A COLLISION""]",algorithmic_pending_human_validation,True
referral-bb28b986fbb6b2c5,2025-lvs,Race,2025-11-22 20:19:02-08:00,2025-11-22 20:28:12-08:00,12,1,,other,,9,15,noted|investigation|sanction_announced,sanction_announced,3,"[""INCIDENT INVOLVING CAR 12 (ANT) NOTED - FALSE START - MOVING BEFORE SIGNAL"", ""FIA STEWARDS: INCIDENT INVOLVING CAR 12 (ANT) UNDER INVESTIGATION - FALSE START - MOVING BEFORE SIGNAL"", ""FIA STEWARDS: 5 SECOND TIME PENALTY FOR CAR 12 (ANT) - FALSE START - MOVING BEFORE SIGNAL""]",algorithmic_pending_human_validation,False
referral-583a915863889cda,2025-lvs,Race,2025-11-22 20:20:33-08:00,2025-11-22 20:38:01-08:00,23,1,,other,,10,21,noted|investigation|sanction_announced,sanction_announced,3,"[""INCIDENT INVOLVING CAR 23 (ALB) NOTED - STARTING PROCEDURE INFRINGEMENT"", ""FIA STEWARDS: INCIDENT INVOLVING CAR 23 (ALB) UNDER INVESTIGATION - STARTING PROCEDURE INFRINGEMENT"", ""FIA STEWARDS: REPRIMAND (DRIVING) FOR CAR 23 (ALB) - STARTING PROCEDURE INFRINGEMENT""]",algorithmic_pending_human_validation,False
referral-b715f3583bfd8d4d,2025-lvs,Race,2025-11-22 20:29:05-08:00,2025-11-22 20:36:49-08:00,23|44,2,Turn 14,causing_collision,,15,20,noted|investigation|sanction_announced,sanction_announced,3,"[""TURN 14 INCIDENT INVOLVING CARS 23 (ALB) AND 44 (HAM) NOTED - CAUSING A COLLISION"", ""FIA STEWARDS: TURN 14 INCIDENT INVOLVING CARS 23 (ALB) AND 44 (HAM) UNDER INVESTIGATION - CAUSING A COLLISION"", ""FIA STEWARDS: 5 SECOND TIME PENALTY FOR CAR 23 (ALB) - CAUSING A COLLISION""]",algorithmic_pending_human_validation,True
referral-b336cb2d0575e2e1,2025-lvs,Race,2025-11-22 21:04:26-08:00,2025-11-22 21:04:26-08:00,23,1,,causing_collision,,37,37,sanction_announced,sanction_announced,1,"[""FIA STEWARDS: PENALTY SERVED - 5 SECOND TIME PENALTY FOR CAR 23 (ALB) - CAUSING A COLLISION""]",algorithmic_pending_human_validation,False
referral-e418ce3ec96e5fc0,2025-mco,Race,2025-05-25 05:37:42-07:00,2025-05-25 05:39:28-07:00,87,1,,other,,1,1,noted|post_session_investigation,post_session_investigation,2,"[""INCIDENT INVOLVING CAR 87 (BEA) NOTED - UNSAFE CONDITION"", ""FIA STEWARDS: INCIDENT INVOLVING CAR 87 (BEA) WILL BE INVESTIGATED AFTER THE RACE - UNSAFE CONDITION""]",algorithmic_pending_human_validation,False
referral-761bec8bb7613159,2025-mco,Race,2025-05-25 06:10:35-07:00,2025-05-25 06:10:35-07:00,5|12,2,Turn 8,other,,5,5,noted,noted,1,"[""TURN 8 INCIDENT INVOLVING CARS 12 (ANT) AND 5 (BOR) NOTED""]",algorithmic_pending_human_validation,False
referral-95d155f18c866d43,2025-mco,Race,2025-05-25 06:20:17-07:00,2025-05-25 06:21:20-07:00,10|22,2,Turn 10,causing_collision,,12,13,noted|post_session_investigation,post_session_investigation,2,"[""TURN 10 INCIDENT INVOLVING CARS 22 (TSU) AND 10 (GAS) NOTED - CAUSING A COLLISION"", ""FIA STEWARDS: TURN 10 INCIDENT INVOLVING CARS 22 (TSU) AND 10 (GAS) WILL BE INVESTIGATED AFTER THE RACE - CAUSING A COLLISION""]",algorithmic_pending_human_validation,True
referral-cf577333c2638f1e,2025-mco,Race,2025-05-25 07:08:23-07:00,2025-05-25 07:11:10-07:00,63,1,Turn 10,gaining_advantage_off_track,,50,53,noted|investigation|sanction_announced,sanction_announced,3,"[""TURN 10 INCIDENT INVOLVING CAR 63 (RUS) NOTED - LEAVING THE TRACK AND GAINING AN ADVANTAGE"", ""FIA STEWARDS: TURN 10 INCIDENT INVOLVING CAR 63 (RUS) UNDER INVESTIGATION - LEAVING THE TRACK AND GAINING AN ADVANTAGE"", ""FIA STEWARDS: DRIVE THROUGH PENALTY FOR CAR 63 (RUS) - LEAVING THE TRACK AND GAINING AN ADVANTAGE""]",algorithmic_pending_human_validation,True
referral-3d00bb63c733942b,2025-mco,Race,2025-05-25 07:44:02-07:00,2025-05-25 07:44:02-07:00,18|27,2,Turn 10,forcing_off_track,,78,78,noted,noted,1,"[""TURN 10 INCIDENT INVOLVING CARS 27 (HUL) AND 18 (STR) NOTED - FORCING ANOTHER DRIVER OFF THE TRACK""]",algorithmic_pending_human_validation,False
referral-0ec7bcb259ef4014,2025-mco,Race,2025-05-25 07:45:40-07:00,2025-05-25 07:45:40-07:00,63,1,,gaining_advantage_off_track,,78,78,sanction_announced,sanction_announced,1,"[""FIA STEWARDS: PENALTY SERVED - DRIVE THROUGH PENALTY FOR CAR 63 (RUS) - LEAVING THE TRACK AND GAINING AN ADVANTAGE""]",algorithmic_pending_human_validation,False
referral-5b79e4dd6931a8d8,2025-mex,Race,2025-10-26 13:05:45-07:00,2025-10-26 13:05:45-07:00,,0,Turn 1,other,1.0,2,2,noted,noted,1,"[""LAP 1 TURN 1 INCIDENT NOTED""]",algorithmic_pending_human_validation,False
referral-c66bfeb147920fb3,2025-mex,Race,2025-10-26 13:13:20-07:00,2025-10-26 13:13:20-07:00,14|55,2,Turn 2,gaining_advantage_off_track,1.0,8,8,noted,noted,1,"[""LAP 1 TURN 2 INCIDENT INVOLVING CARS 55 (SAI) AND 14 (ALO) NOTED - LEAVING THE TRACK AND GAINING AN ADVANTAGE""]",algorithmic_pending_human_validation,False
referral-ecef7d7fa7222bf1,2025-mex,Race,2025-10-26 13:13:39-07:00,2025-10-26 13:38:19-07:00,44,1,Turn 4,gaining_advantage_off_track,,8,26,noted|investigation|no_further_action|sanction_announced,sanction_announced,7,"[""TURN 4 INCIDENT INVOLVING CAR 44 (HAM) NOTED - FAILING TO FOLLOW RACE DIRECTORS INSTRUCTIONS – ESCAPE ROAD INSTRUCTIONS"", ""FIA STEWARDS: TURN 4 INCIDENT INVOLVING CAR 44 (HAM) UNDER INVESTIGATION - FAILING TO FOLLOW RACE DIRECTORS INSTRUCTIONS – ESCAPE ROAD INSTRUCTIONS"", ""TURN 4 INCIDENT INVOLVING CAR 44 (HAM) NOTED - LEAVING THE TRACK AND GAINING AN ADVANTAGE"", ""FIA STEWARDS: TURN 4 INCIDENT INVOLVING CAR 44 (HAM) NO FURTHER ACTION - FAILING TO FOLLOW RACE DIRECTORS INSTRUCTIONS – ESCAPE ROAD INSTRUCTIONS"", ""FIA STEWARDS: TURN 4 INCIDENT INVOLVING CAR 44 (HAM) UNDER INVESTIGATION - LEAVING THE TRACK AND GAINING AN ADVANTAGE"", ""FIA STEWARDS: 10 SECOND TIME PENALTY FOR CAR 44 (HAM) - LEAVING THE TRACK AND GAINING AN ADVANTAGE"", ""FIA STEWARDS: PENALTY SERVED - 10 SECOND TIME PENALTY FOR CAR 44 (HAM) - LEAVING THE TRACK AND GAINING AN ADVANTAGE""]",algorithmic_pending_human_validation,False
referral-d12c5370eadce05a,2025-mex,Race,2025-10-26 13:15:38-07:00,2025-10-26 13:34:53-07:00,1|44,2,Turn 1,causing_collision,,9,23,noted|investigation|no_further_action,no_further_action,3,"[""TURN 1 INCIDENT INVOLVING CARS 1 (VER) AND 44 (HAM) NOTED - CAUSING A COLLISION"", ""FIA STEWARDS: TURN 1 INCIDENT INVOLVING CARS 1 (VER) AND 44 (HAM) UNDER INVESTIGATION - CAUSING A COLLISION"", ""FIA STEWARDS: TURN 1 INCIDENT INVOLVING CARS 1 (VER) AND 44 (HAM) NO FURTHER ACTION - CAUSING A COLLISION""]",algorithmic_pending_human_validation,True
referral-e4b061ab05103ef9,2025-mex,Race,2025-10-26 13:31:42-07:00,2025-10-26 13:31:42-07:00,1,1,Turn 3,gaining_advantage_off_track,,21,21,noted,noted,1,"[""TURN 3 INCIDENT INVOLVING CAR 1 (VER) NOTED - LEAVING THE TRACK AND GAINING AN ADVANTAGE""]",algorithmic_pending_human_validation,False
referral-f059dc7232512ba0,2025-mex,Race,2025-10-26 13:38:54-07:00,2025-10-26 13:40:03-07:00,55,1,Pit Lane,other,,26,27,noted|investigation|sanction_announced,sanction_announced,3,"[""INCIDENT INVOLVING CAR 55 (SAI) NOTED - SPEEDING IN THE PIT LANE"", ""FIA STEWARDS: INCIDENT INVOLVING CAR 55 (SAI) UNDER INVESTIGATION - SPEEDING IN THE PIT LANE"", ""FIA STEWARDS: 5 SECOND TIME PENALTY FOR CAR 55 (SAI) - SPEEDING IN THE PIT LANE""]",algorithmic_pending_human_validation,False
referral-8b93b4ec6da9b01c,2025-mex,Race,2025-10-26 14:10:22-07:00,2025-10-26 14:22:20-07:00,55,1,Pit Lane,other,,49,58,sanction_announced|noted|investigation,sanction_announced,5,"[""FIA STEWARDS: PENALTY SERVED - 5 SECOND TIME PENALTY FOR CAR 55 (SAI) - SPEEDING IN THE PIT LANE"", ""INCIDENT INVOLVING CAR 55 (SAI) NOTED - SPEEDING IN THE PIT LANE"", ""FIA STEWARDS: INCIDENT INVOLVING CAR 55 (SAI) UNDER INVESTIGATION - SPEEDING IN THE PIT LANE"", ""FIA STEWARDS: DRIVE THROUGH PENALTY FOR CAR 55 (SAI) - SPEEDING IN THE PIT LANE"", ""FIA STEWARDS: PENALTY SERVED - DRIVE THROUGH PENALTY FOR CAR 55 (SAI) - SPEEDING IN THE PIT LANE""]",algorithmic_pending_human_validation,False
referral-6aef312b142bc78d,2025-mex,Race,2025-10-26 14:12:05-07:00,2025-10-26 14:12:05-07:00,31|81,2,Turn 5,causing_collision,,50,50,noted,noted,1,"[""TURN 5 INCIDENT INVOLVING CARS 81 (PIA) AND 31 (OCO) NOTED - CAUSING A COLLISION""]",algorithmic_pending_human_validation,False
referral-70d72ca23d6d18fa,2025-mia,Race,2025-05-04 13:10:59-07:00,2025-05-04 13:10:59-07:00,7|30,2,Turn 1,causing_collision,,5,5,noted,noted,1,"[""TURN 1 INCIDENT INVOLVING CARS 7 (DOO) AND 30 (LAW) NOTED - CAUSING A COLLISION""]",algorithmic_pending_human_validation,False
referral-4cc51ce24403f342,2025-mia,Race,2025-05-04 13:12:41-07:00,2025-05-04 13:12:41-07:00,1|4,2,Turn 2,other,,6,6,noted,noted,1,"[""TURN 2 INCIDENT INVOLVING CARS 1 (VER) AND 4 (NOR) NOTED""]",algorithmic_pending_human_validation,False
referral-e3d7f4a02c36f895,2025-mia,Race,2025-05-04 13:31:12-07:00,2025-05-04 13:31:12-07:00,55,1,Turn 15,gaining_advantage_off_track,,18,18,noted,noted,1,"[""TURN 15 INCIDENT INVOLVING CAR 55 (SAI) NOTED - LEAVING THE TRACK AND GAINING AN ADVANTAGE""]",algorithmic_pending_human_validation,False
referral-0883ca738afe1721,2025-mia,Race,2025-05-04 13:34:17-07:00,2025-05-04 13:34:17-07:00,1|4,2,Turn 11,gaining_advantage_off_track,,20,20,noted,noted,1,"[""TURN 11 INCIDENT INVOLVING CARS 4 (NOR) AND 1 (VER) NOTED - LEAVING THE TRACK AND GAINING AN ADVANTAGE""]",algorithmic_pending_human_validation,False
referral-68510f899b6628ec,2025-mia,Race,2025-05-04 13:52:10-07:00,2025-05-04 13:53:15-07:00,22,1,Pit Lane,other,,31,32,noted|investigation|sanction_announced,sanction_announced,3,"[""INCIDENT INVOLVING CAR 22 (TSU) NOTED - SPEEDING IN THE PIT LANE"", ""FIA STEWARDS: INCIDENT INVOLVING CAR 22 (TSU) UNDER INVESTIGATION - SPEEDING IN THE PIT LANE"", ""FIA STEWARDS: 5 SECOND TIME PENALTY FOR CAR 22 (TSU) - SPEEDING IN THE PIT LANE""]",algorithmic_pending_human_validation,False
referral-13c001f751baff5c,2025-mia,Race,2025-05-04 14:08:31-07:00,2025-05-04 14:14:23-07:00,10,1,,other,,42,45,noted|post_session_investigation,post_session_investigation,2,"[""INCIDENT INVOLVING CAR 10 (GAS) NOTED - YELLOW FLAG INFRINGEMENT"", ""FIA STEWARDS: INCIDENT INVOLVING CAR 10 (GAS) WILL BE INVESTIGATED AFTER THE RACE - YELLOW FLAG INFRINGEMENT""]",algorithmic_pending_human_validation,False
referral-f5230a50f03b4365,2025-mia,Race,2025-05-04 14:08:40-07:00,2025-05-04 14:14:27-07:00,55,1,,other,,42,45,noted|post_session_investigation,post_session_investigation,2,"[""INCIDENT INVOLVING CAR 55 (SAI) NOTED - YELLOW FLAG INFRINGEMENT"", ""FIA STEWARDS: INCIDENT INVOLVING CAR 55 (SAI) WILL BE INVESTIGATED AFTER THE RACE - YELLOW FLAG INFRINGEMENT""]",algorithmic_pending_human_validation,False
referral-6fc136acc0b9e3a0,2025-mia,Race,2025-05-04 14:34:36-07:00,2025-05-04 14:34:50-07:00,44|55,2,Turn 17,causing_collision,,57,57,noted|post_session_investigation,post_session_investigation,2,"[""TURN 17 INCIDENT INVOLVING CARS 44 (HAM) AND 55 (SAI) NOTED - CAUSING A COLLISION"", ""FIA STEWARDS: TURN 17 INCIDENT INVOLVING CARS 44 (HAM) AND 55 (SAI) WILL BE INVESTIGATED AFTER THE RACE - CAUSING A COLLISION""]",algorithmic_pending_human_validation,True
referral-7502c69f6bff223a,2025-mia,Sprint,2025-05-03 08:39:11-07:00,2025-05-03 08:39:11-07:00,16,1,,other,,1,1,noted,noted,1,"[""INCIDENT INVOLVING CAR 16 (LEC) NOTED - UNSAFE CONDITION""]",algorithmic_pending_human_validation,False
referral-271af48dbf0cc241,2025-mia,Sprint,2025-05-03 09:38:54-07:00,2025-05-03 09:38:54-07:00,12|81,2,Turn 1,other,1.0,5,5,noted,noted,1,"[""LAP 1 TURN 1 INCIDENT INVOLVING CARS 12 (ANT) AND 81 (PIA) NOTED""]",algorithmic_pending_human_validation,False
referral-35fc267d720aeea6,2025-mia,Sprint,2025-05-03 09:40:27-07:00,2025-05-03 09:40:27-07:00,1,1,,other,,6,6,noted,noted,1,"[""INCIDENT INVOLVING CAR 1 (VER) NOTED - FALSE START - OUT OF POSITION""]",algorithmic_pending_human_validation,False
referral-0b530c58d78fcba9,2025-mia,Sprint,2025-05-03 09:54:16-07:00,2025-05-03 09:57:09-07:00,1|12,2,Pit Lane,unsafe_release,,14,15,noted|investigation|sanction_announced,sanction_announced,3,"[""PIT LANE INCIDENT INVOLVING CARS 1 (VER) AND 12 (ANT) NOTED - UNSAFE RELEASE"", ""FIA STEWARDS: PIT LANE INCIDENT INVOLVING CARS 1 (VER) AND 12 (ANT) UNDER INVESTIGATION - UNSAFE RELEASE"", ""FIA STEWARDS: 10 SECOND TIME PENALTY FOR CAR 1 (VER) - UNSAFE RELEASE""]",algorithmic_pending_human_validation,False
referral-b7a7e983f39b483b,2025-mia,Sprint,2025-05-03 09:58:20-07:00,2025-05-03 09:58:20-07:00,14|30,2,Turn 12,causing_collision,,16,16,noted,noted,1,"[""TURN 12 INCIDENT INVOLVING CARS 30 (LAW) AND 14 (ALO) NOTED - CAUSING A COLLISION""]",algorithmic_pending_human_validation,True
referral-049b92d2bc30a2c4,2025-mia,Sprint,2025-05-03 10:03:34-07:00,2025-05-03 10:03:34-07:00,27|87,2,Pit Lane,unsafe_release,,18,18,noted,noted,1,"[""PIT LANE INCIDENT INVOLVING CARS 87 (BEA) AND 27 (HUL) NOTED - UNSAFE RELEASE""]",algorithmic_pending_human_validation,False
referral-ef0d05c4d9324f5c,2025-mia,Sprint,2025-05-03 10:07:48-07:00,2025-05-03 10:08:10-07:00,23,1,,other,,18,18,noted,noted,2,"[""INCIDENT INVOLVING CAR 23 (ALB) NOTED - STARTING PROCEDURE INFRINGEMENT"", ""CORRECTION: INCIDENT INVOLVING CAR 23 (ALB) NOTED -SAFETY CAR PROCEDURE INFRINGEMENT""]",algorithmic_pending_human_validation,False
referral-a48a5d7123caa5c5,2025-ned,Race,2025-08-31 05:30:20-07:00,2025-08-31 05:35:28-07:00,44,1,Pit Lane,other,,1,1,noted|post_session_investigation,post_session_investigation,2,"[""PIT ENTRY INCIDENT INVOLVING CAR 44 (HAM) NOTED - YELLOW FLAG INFRINGEMENT"", ""FIA STEWARDS: PIT ENTRY INCIDENT INVOLVING CAR 44 (HAM) WILL BE INVESTIGATED AFTER THE RACE - YELLOW FLAG INFRINGEMENT""]",algorithmic_pending_human_validation,False
referral-5f21a6d7907137f3,2025-ned,Race,2025-08-31 05:34:42-07:00,2025-08-31 05:35:35-07:00,1|4|27|55,4,,other,,1,1,noted|post_session_investigation,post_session_investigation,2,"[""FIA STEWARDS: INCIDENT INVOLVING CARS 27 (HUL), 55 (SAI), 1 (VER) AND 4 (NOR) NOTED - FAILING TO FOLLOW RACE DIRECTORS INSTRUCTIONS - MAXIMUM DELTA TIME"", ""FIA STEWARDS: INCIDENT INVOLVING CARS 27 (HUL), 55 (SAI), 1 (VER) AND 4 (NOR) WILL BE INVESTIGATED AFTER THE RACE - FAILING TO FOLLOW RACE DIRECTORS INSTRUCTIONS - MAXIMUM DELTA TIME""]",algorithmic_pending_human_validation,False
referral-d3502c7ad6260fa2,2025-ned,Race,2025-08-31 06:10:44-07:00,2025-08-31 06:10:44-07:00,5|18,2,Turn 11,causing_collision,,6,6,noted,noted,1,"[""TURN 11 INCIDENT INVOLVING CARS 18 (STR) AND 5 (BOR) NOTED - CAUSING A COLLISION""]",algorithmic_pending_human_validation,False
referral-2c6654fcf85a9080,2025-ned,Race,2025-08-31 06:22:26-07:00,2025-08-31 06:23:40-07:00,5,1,,other,,16,17,noted|investigation,investigation,2,"[""INCIDENT INVOLVING CAR 5 (BOR) NOTED - UNSAFE CONDITION"", ""FIA STEWARDS: INCIDENT INVOLVING CAR 5 (BOR) UNDER INVESTIGATION - UNSAFE CONDITION""]",algorithmic_pending_human_validation,False
referral-6da8a30656674802,2025-ned,Race,2025-08-31 06:41:29-07:00,2025-08-31 06:44:12-07:00,30|55,2,Turn 1,other,,29,31,noted|investigation,investigation,2,"[""TURN 1 INCIDENT INVOLVING CARS 55 (SAI) AND 30 (LAW) NOTED"", ""FIA STEWARDS: TURN 1 INCIDENT INVOLVING CARS 55 (SAI) AND 30 (LAW) UNDER INVESTIGATION""]",algorithmic_pending_human_validation,True
referral-f10658e5ea10d5f4,2025-ned,Race,2025-08-31 06:41:47-07:00,2025-08-31 06:41:47-07:00,5,1,,other,,29,29,post_session_investigation,post_session_investigation,1,"[""FIA STEWARDS: INCIDENT INVOLVING CAR 5 (BOR) WILL BE INVESTIGATED AFTER THE RACE - UNSAFE CONDITION""]",algorithmic_pending_human_validation,False
referral-56e39a93766921b3,2025-ned,Race,2025-08-31 06:46:45-07:00,2025-08-31 06:46:45-07:00,55,1,,causing_collision,,33,33,sanction_announced,sanction_announced,1,"[""FIA STEWARDS: 10 SECOND TIME PENALTY FOR CAR 55 (SAI) - CAUSING A COLLISION""]",algorithmic_pending_human_validation,False
referral-5b0d6819a27844e3,2025-ned,Race,2025-08-31 06:49:59-07:00,2025-08-31 06:58:46-07:00,16|63,2,Turn 12,causing_collision,,35,42,noted|investigation|post_session_investigation,post_session_investigation,3,"[""TURN 12 INCIDENT INVOLVING CARS 16 (LEC) AND 63 (RUS) NOTED - CAUSING A COLLISION"", ""FIA STEWARDS: TURN 12 INCIDENT INVOLVING CARS 16 (LEC) AND 63 (RUS) UNDER INVESTIGATION - CAUSING A COLLISION"", ""FIA STEWARDS: TURN 12 INCIDENT INVOLVING CARS 16 (LEC) AND 63 (RUS) WILL BE INVESTIGATED AFTER THE RACE - CAUSING A COLLISION""]",algorithmic_pending_human_validation,True
referral-562b20d8442a7b89,2025-ned,Race,2025-08-31 07:16:11-07:00,2025-08-31 07:17:56-07:00,12|16|63,3,Turn 3,causing_collision,,55,56,noted|investigation|sanction_announced,sanction_announced,4,"[""TURN 3 INCIDENT INVOLVING CARS 63 (RUS) AND 16 (LEC) NOTED - CAUSING A COLLISION"", ""FIA STEWARDS: TURN 3 INCIDENT INVOLVING CARS 63 (RUS) AND 16 (LEC) UNDER INVESTIGATION - CAUSING A COLLISION"", ""CORRECTION:: TURN 3 INCIDENT INVOLVING CARS 12 (ANT) AND 16 (LEC) UNDER INVESTIGATION - CAUSING A COLLISION"", ""FIA STEWARDS: 10 SECOND TIME PENALTY FOR CAR 12 (ANT) - CAUSING A COLLISION""]",algorithmic_pending_human_validation,True
referral-84ce2e9bfe2f0238,2025-ned,Race,2025-08-31 07:18:54-07:00,2025-08-31 07:25:55-07:00,12,1,Pit Lane,other,,56,62,noted|investigation|sanction_announced,sanction_announced,3,"[""INCIDENT INVOLVING CAR 12 (ANT) NOTED - SPEEDING IN THE PIT LANE"", ""FIA STEWARDS: INCIDENT INVOLVING CAR 12 (ANT) UNDER INVESTIGATION - SPEEDING IN THE PIT LANE"", ""FIA STEWARDS: 5 SECOND TIME PENALTY FOR CAR 12 (ANT) - SPEEDING IN THE PIT LANE""]",algorithmic_pending_human_validation,False
referral-a1db048afac945b0,2025-ned,Race,2025-08-31 07:19:53-07:00,2025-08-31 07:19:53-07:00,55,1,,other,,57,57,sanction_announced,sanction_announced,1,"[""FIA STEWARDS: PENALTY SERVED - 10 SECOND TIME PENALTY FOR CAR 55 (SAI)""]",algorithmic_pending_human_validation,False
referral-514450b1857b3ee4,2025-ned,Race,2025-08-31 07:40:06-07:00,2025-08-31 07:40:06-07:00,10|22,2,Turn 11,other,,71,71,noted,noted,1,"[""TURN 11 INCIDENT INVOLVING CARS 22 (TSU) AND 10 (GAS) NOTED""]",algorithmic_pending_human_validation,False
referral-675613684fcc79c1,2025-qat,Race,2025-11-30 08:07:58-08:00,2025-11-30 08:07:58-08:00,10,1,Turn 14,unsafe_rejoin,,4,4,noted,noted,1,"[""TURN 14 INCIDENT INVOLVING CAR 10 (GAS) NOTED - REJOINING UNSAFELY""]",algorithmic_pending_human_validation,False
referral-6b0a3962e4c389b5,2025-qat,Race,2025-11-30 08:12:12-08:00,2025-11-30 08:24:04-08:00,31,1,,other,,7,13,noted|investigation|sanction_announced,sanction_announced,5,"[""INCIDENT INVOLVING CAR 31 (OCO) NOTED - FALSE START - MOVING BEFORE SIGNAL"", ""FIA STEWARDS: INCIDENT INVOLVING CAR 31 (OCO) UNDER INVESTIGATION - FALSE START - MOVING BEFORE SIGNAL"", ""FIA STEWARDS: 5 SECOND TIME PENALTY FOR CAR 31 (OCO) - FALSE START - MOVING BEFORE SIGNAL"", ""INCIDENT INVOLVING CAR 31 (OCO) NOTED - FAILING TO SERVE TIME PENALTY CORRECTLY"", ""FIA STEWARDS: INCIDENT INVOLVING CAR 31 (OCO) REVIEWED NO FURTHER INVESTIGATION - FAILING TO SERVE TIME PENALTY CORRECTLY""]",algorithmic_pending_human_validation,False
referral-aa5b2e3498a65c01,2025-qat,Race,2025-11-30 08:18:51-08:00,2025-11-30 08:23:54-08:00,10|27,2,Turn 2,causing_collision,,10,13,noted|investigation|no_further_action,no_further_action,3,"[""TURN 2 INCIDENT INVOLVING CARS 10 (GAS) AND 27 (HUL) NOTED - CAUSING A COLLISION"", ""FIA STEWARDS: TURN 2 INCIDENT INVOLVING CARS 10 (GAS) AND 27 (HUL) UNDER INVESTIGATION - CAUSING A COLLISION"", ""FIA STEWARDS: TURN 2 INCIDENT INVOLVING CARS 10 (GAS) AND 27 (HUL) NO FURTHER ACTION - CAUSING A COLLISION""]",algorithmic_pending_human_validation,True
referral-6f482e2f38e85242,2025-qat,Race,2025-11-30 08:29:07-08:00,2025-11-30 08:44:48-08:00,18,1,Pit Lane,other,,16,27,noted|investigation|sanction_announced,sanction_announced,4,"[""INCIDENT INVOLVING CAR 18 (STR) NOTED - YELLOW FLAG INFRINGEMENT"", ""INCIDENT INVOLVING CAR 18 (STR) NOTED - SPEEDING IN THE PIT LANE"", ""FIA STEWARDS: INCIDENT INVOLVING CAR 18 (STR) UNDER INVESTIGATION - SPEEDING IN THE PIT LANE"", ""FIA STEWARDS: 5 SECOND TIME PENALTY FOR CAR 18 (STR) - SPEEDING IN THE PIT LANE""]",algorithmic_pending_human_validation,False
referral-b5f7bfd06e9bc674,2025-qat,Race,2025-11-30 08:29:18-08:00,2025-11-30 08:29:18-08:00,5,1,,other,,16,16,noted,noted,1,"[""INCIDENT INVOLVING CAR 5 (BOR) NOTED - YELLOW FLAG INFRINGEMENT""]",algorithmic_pending_human_validation,False
referral-67bd6b4ab1ae347f,2025-qat,Race,2025-11-30 08:29:27-08:00,2025-11-30 08:29:27-08:00,23,1,,other,,16,16,noted,noted,1,"[""INCIDENT INVOLVING CAR 23 (ALB) NOTED - YELLOW FLAG INFRINGEMENT""]",algorithmic_pending_human_validation,False
referral-fe224d1fffd94318,2025-qat,Race,2025-11-30 08:54:53-08:00,2025-11-30 09:11:52-08:00,87,1,,other,,34,46,noted|investigation|sanction_announced,sanction_announced,4,"[""INCIDENT INVOLVING CAR 87 (BEA) NOTED - UNSAFE CONDITION"", ""FIA STEWARDS: INCIDENT INVOLVING CAR 87 (BEA) UNDER INVESTIGATION - UNSAFE CONDITION"", ""FIA STEWARDS: 10 SECOND STOP/GO PENALTY FOR CAR 87 (BEA) - UNSAFE CONDITION"", ""FIA STEWARDS: PENALTY SERVED - 10 SECOND STOP/GO PENALTY FOR CAR 87 (BEA) - UNSAFE CONDITION""]",algorithmic_pending_human_validation,False
referral-0954d579500b3c71,2025-qat,Race,2025-11-30 08:57:08-08:00,2025-11-30 08:57:08-08:00,22,1,,unsafe_release,,36,36,noted,noted,1,"[""INCIDENT INVOLVING CAR 22 (TSU) NOTED - UNSAFE RELEASE""]",algorithmic_pending_human_validation,False
referral-a4d1570088ed2583,2025-qat,Race,2025-11-30 09:20:41-08:00,2025-11-30 09:20:41-08:00,18,1,Pit Lane,other,,52,52,sanction_announced,sanction_announced,1,"[""FIA STEWARDS: PENALTY SERVED - 5 SECOND TIME PENALTY FOR CAR 18 (STR) - SPEEDING IN THE PIT LANE""]",algorithmic_pending_human_validation,False
referral-07b9aa72de7f5709,2025-qat,Race,2025-11-30 09:28:32-08:00,2025-11-30 09:30:07-08:00,6,1,,other,,57,57,noted|post_session_investigation,post_session_investigation,2,"[""INCIDENT INVOLVING CAR 6 (HAD) NOTED - UNSAFE CONDITION"", ""FIA STEWARDS: INCIDENT INVOLVING CAR 6 (HAD) WILL BE INVESTIGATED AFTER THE RACE - UNSAFE CONDITION""]",algorithmic_pending_human_validation,False
referral-6b99686bfe00a2b4,2025-qat,Sprint,2025-11-29 06:20:50-08:00,2025-11-29 06:20:50-08:00,16|30,2,Turn 6,gaining_advantage_off_track,,13,13,noted,noted,1,"[""TURN 6 INCIDENT INVOLVING CARS 30 (LAW) AND 16 (LEC) NOTED - LEAVING THE TRACK AND GAINING AN ADVANTAGE""]",algorithmic_pending_human_validation,False
referral-afa77d397b7ef38b,2025-qat,Sprint,2025-11-29 06:20:57-08:00,2025-11-29 06:21:25-08:00,22,1,,track_limits,,13,13,noted|investigation|sanction_announced,sanction_announced,3,"[""INCIDENT INVOLVING CAR 22 (TSU) NOTED - TRACK LIMITS"", ""FIA STEWARDS: INCIDENT INVOLVING CAR 22 (TSU) UNDER INVESTIGATION - TRACK LIMITS"", ""FIA STEWARDS: 5 SECOND TIME PENALTY FOR CAR 22 (TSU) - TRACK LIMITS""]",algorithmic_pending_human_validation,False
referral-934c75e96e13efa7,2025-qat,Sprint,2025-11-29 06:32:35-08:00,2025-11-29 06:33:10-08:00,12,1,,track_limits,,19,19,noted|investigation|sanction_announced,sanction_announced,3,"[""INCIDENT INVOLVING CAR 12 (ANT) NOTED - TRACK LIMITS"", ""FIA STEWARDS: INCIDENT INVOLVING CAR 12 (ANT) UNDER INVESTIGATION - TRACK LIMITS"", ""FIA STEWARDS: 5 SECOND TIME PENALTY FOR CAR 12 (ANT) - TRACK LIMITS""]",algorithmic_pending_human_validation,False
referral-9cd85ab0e35ccaec,2025-sao,Race,2025-11-09 09:17:56-08:00,2025-11-09 09:21:01-08:00,18|22,2,Turn 8,causing_collision,,10,12,noted|investigation|sanction_announced,sanction_announced,3,"[""TURN 8 INCIDENT INVOLVING CARS 22 (TSU) AND 18 (STR) NOTED - CAUSING A COLLISION"", ""FIA STEWARDS: TURN 8 INCIDENT INVOLVING CARS 22 (TSU) AND 18 (STR) UNDER INVESTIGATION - CAUSING A COLLISION"", ""FIA STEWARDS: 10 SECOND TIME PENALTY FOR CAR 22 (TSU) - CAUSING A COLLISION""]",algorithmic_pending_human_validation,True
referral-b8d436316d13e265,2025-sao,Race,2025-11-09 09:19:50-08:00,2025-11-09 09:26:07-08:00,12|81,2,Turn 1,causing_collision,,11,16,noted|investigation|sanction_announced,sanction_announced,3,"[""TURN 1 INCIDENT INVOLVING CARS 81 (PIA) AND 12 (ANT) NOTED - CAUSING A COLLISION"", ""FIA STEWARDS: TURN 1 INCIDENT INVOLVING CARS 81 (PIA) AND 12 (ANT) UNDER INVESTIGATION - CAUSING A COLLISION"", ""FIA STEWARDS: 10 SECOND TIME PENALTY FOR CAR 81 (PIA) - CAUSING A COLLISION""]",algorithmic_pending_human_validation,True
referral-899d66fff329042e,2025-sao,Race,2025-11-09 09:23:20-08:00,2025-11-09 09:23:20-08:00,44|55,2,Turn 1,causing_collision,1.0,14,14,noted,noted,1,"[""LAP 1 TURN 1 INCIDENT INVOLVING CARS 55 (SAI) AND 44 (HAM) NOTED - CAUSING A COLLISION""]",algorithmic_pending_human_validation,False
referral-6ad7e4165a21d44e,2025-sao,Race,2025-11-09 09:25:21-08:00,2025-11-09 09:50:38-08:00,43|44,2,Turn 15,causing_collision,,16,36,noted|investigation|sanction_announced,sanction_announced,4,"[""TURN 15 INCIDENT INVOLVING CARS 44 (HAM) AND 43 (COL) NOTED - CAUSING A COLLISION"", ""FIA STEWARDS: TURN 15 INCIDENT INVOLVING CARS 44 (HAM) AND 43 (COL) UNDER INVESTIGATION - CAUSING A COLLISION"", ""FIA STEWARDS: 5 SECOND TIME PENALTY FOR CAR 44 (HAM) - CAUSING A COLLISION"", ""FIA STEWARDS: PENALTY SERVED - 5 SECOND TIME PENALTY FOR CAR 44 (HAM) - CAUSING A COLLISION""]",algorithmic_pending_human_validation,True
referral-964e69f62566b14b,2025-sao,Race,2025-11-09 09:38:51-08:00,2025-11-09 09:47:45-08:00,22,1,,other,,26,33,sanction_announced|investigation,sanction_announced,3,"[""INCIDENT INVOLVING CAR 22 (TSU) NOTED - FAILING TO SERVE TIME PENALTY CORRECTLY"", ""FIA STEWARDS: INCIDENT INVOLVING CAR 22 (TSU) UNDER INVESTIGATION - FAILING TO SERVE TIME PENALTY CORRECTLY"", ""FIA STEWARDS: 10 SECOND TIME PENALTY FOR CAR 22 (TSU) - FAILING TO SERVE TIME PENALTY CORRECTLY""]",algorithmic_pending_human_validation,False
referral-9a8434332858094d,2025-sao,Race,2025-11-09 09:56:23-08:00,2025-11-09 09:56:23-08:00,81,1,,causing_collision,,40,40,sanction_announced,sanction_announced,1,"[""FIA STEWARDS: PENALTY SERVED - 10 SECOND TIME PENALTY FOR CAR 81 (PIA) - CAUSING A COLLISION""]",algorithmic_pending_human_validation,False
referral-000976a133acfd73,2025-sao,Race,2025-11-09 10:08:36-08:00,2025-11-09 10:08:36-08:00,22,1,,other,,50,50,sanction_announced,sanction_announced,1,"[""FIA STEWARDS: PENALTY SERVED - 10 SECOND TIME PENALTY FOR CAR 22 (TSU) - FAILING TO SERVE TIME PENALTY CORRECTLY""]",algorithmic_pending_human_validation,False
referral-2fc74d81d3fc6e28,2025-sao,Race,2025-11-09 10:36:20-08:00,2025-11-09 10:36:20-08:00,6|30,2,Turn 1,other,,71,71,noted,noted,1,"[""TURN 1 INCIDENT INVOLVING CARS 6 (HAD) AND 30 (LAW) NOTED""]",algorithmic_pending_human_validation,False
referral-3708260cc03a7f2a,2025-sao,Sprint,2025-11-08 05:38:13-08:00,2025-11-08 05:38:13-08:00,5|27|43,3,,other,,1,1,noted,noted,1,"[""FIA STEWARDS: INCIDENT INVOLVING CARS 27 (HUL), 43 (COL) AND 5 (BOR) NOTED - FAILING TO FOLLOW RACE DIRECTORS INSTRUCTIONS - MAXIMUM DELTA TIME""]",algorithmic_pending_human_validation,False
referral-e087a5378e0f0c80,2025-sao,Sprint,2025-11-08 06:06:50-08:00,2025-11-08 06:08:27-08:00,30|87,2,Turn 4,causing_collision,,3,5,noted|investigation,investigation,2,"[""TURN 4 INCIDENT INVOLVING CARS 30 (LAW) AND 87 (BEA) NOTED - CAUSING A COLLISION"", ""FIA STEWARDS: TURN 4 INCIDENT INVOLVING CARS 30 (LAW) AND 87 (BEA) UNDER INVESTIGATION - CAUSING A COLLISION""]",algorithmic_pending_human_validation,True
referral-128709662d198c39,2025-sau,Race,2025-04-20 10:07:30-07:00,2025-04-20 10:09:12-07:00,1|81,2,Turn 1,other,,2,3,noted|investigation,investigation,2,"[""TURN 1 INCIDENT INVOLVING CARS 1 (VER) AND 81 (PIA) NOTED"", ""FIA STEWARDS: TURN 1 INCIDENT INVOLVING CARS 1 (VER) AND 81 (PIA) UNDER INVESTIGATION""]",algorithmic_pending_human_validation,True
referral-d228e0a9806994b3,2025-sau,Race,2025-04-20 10:11:26-07:00,2025-04-20 10:11:26-07:00,1,1,,gaining_advantage_off_track,,3,3,sanction_announced,sanction_announced,1,"[""FIA STEWARDS: 5 SECOND TIME PENALTY FOR CAR 1 (VER) - LEAVING THE TRACK AND GAINING AN ADVANTAGE""]",algorithmic_pending_human_validation,False
referral-3dcd04109c7befd9,2025-sau,Race,2025-04-20 10:12:13-07:00,2025-04-20 10:16:33-07:00,10|22,2,Turn 5,causing_collision,,4,7,noted|post_session_investigation,post_session_investigation,2,"[""TURN 5 INCIDENT INVOLVING CARS 22 (TSU) AND 10 (GAS) NOTED - CAUSING A COLLISION"", ""FIA STEWARDS: TURN 5 INCIDENT INVOLVING CARS 22 (TSU) AND 10 (GAS) WILL BE INVESTIGATED AFTER THE RACE - CAUSING A COLLISION""]",algorithmic_pending_human_validation,True
referral-05b9e479409a5580,2025-sau,Race,2025-04-20 10:42:04-07:00,2025-04-20 10:42:04-07:00,1,1,,other,,23,23,sanction_announced,sanction_announced,1,"[""FIA STEWARDS: PENALTY SERVED - 5 SECOND TIME PENALTY FOR CAR 1 (VER)""]",algorithmic_pending_human_validation,False
referral-f859e38c22c5141f,2025-sau,Race,2025-04-20 10:47:33-07:00,2025-04-20 10:47:33-07:00,5|14,2,Turn 1,other,,26,26,noted,noted,1,"[""TURN 1 INCIDENT INVOLVING CARS 5 (BOR) AND 14 (ALO) NOTED""]",algorithmic_pending_human_validation,False
referral-1d785c89224a4865,2025-sau,Race,2025-04-20 10:54:53-07:00,2025-04-20 11:04:41-07:00,7|30,2,Turn 1,other,,31,37,noted|investigation,investigation,2,"[""TURN 1 INCIDENT INVOLVING CARS 30 (LAW) AND 7 (DOO) NOTED"", ""FIA STEWARDS: TURN 1 INCIDENT INVOLVING CARS 30 (LAW) AND 7 (DOO) UNDER INVESTIGATION""]",algorithmic_pending_human_validation,True
referral-c36d7f29405e0e97,2025-sau,Race,2025-04-20 11:06:19-07:00,2025-04-20 11:06:19-07:00,30,1,,gaining_advantage_off_track,,38,38,sanction_announced,sanction_announced,1,"[""FIA STEWARDS: 10 SECOND TIME PENALTY FOR CAR 30 (LAW) - LEAVING THE TRACK AND GAINING AN ADVANTAGE""]",algorithmic_pending_human_validation,False
referral-65713d378443918d,2025-sau,Race,2025-04-20 11:08:14-07:00,2025-04-20 11:08:14-07:00,4,1,Pit Lane,other,,40,40,noted,noted,1,"[""INCIDENT INVOLVING CAR 4 (NOR) NOTED - FAILING TO FOLLOW RACE DIRECTORS INSTRUCTIONS – CROSSING THE LINE AT PIT EXIT""]",algorithmic_pending_human_validation,False
referral-e1b785d059ae7f87,2025-sgp,Race,2025-10-05 04:26:48-07:00,2025-10-05 04:31:57-07:00,23,1,,other,,1,1,noted|post_session_investigation,post_session_investigation,2,"[""INCIDENT INVOLVING CAR 23 (ALB) NOTED - FAILING TO FOLLOW RACE DIRECTORS INSTRUCTIONS – PRACTICE START INFRINGEMENT"", ""FIA STEWARDS: INCIDENT INVOLVING CAR 23 (ALB) WILL BE INVESTIGATED AFTER THE RACE - FAILING TO FOLLOW RACE DIRECTORS INSTRUCTIONS – PRACTICE START INFRINGEMENT""]",algorithmic_pending_human_validation,False
referral-f08fc6aeeac9441f,2025-sgp,Race,2025-10-05 05:05:31-07:00,2025-10-05 05:05:31-07:00,6|87,2,Turn 1,causing_collision,,2,2,noted,noted,1,"[""TURN 1 INCIDENT INVOLVING CARS 6 (HAD) AND 87 (BEA) NOTED - CAUSING A COLLISION""]",algorithmic_pending_human_validation,False
referral-faf81adbfb539d50,2025-sgp,Race,2025-10-05 05:07:17-07:00,2025-10-05 05:07:17-07:00,4|81,2,Turn 3,causing_collision,1.0,3,3,noted,noted,1,"[""LAP 1 TURN 3 INCIDENT INVOLVING CARS 4 (NOR) AND 81 (PIA) NOTED - CAUSING A COLLISION""]",algorithmic_pending_human_validation,False
referral-ba2dcd2ee77139c2,2025-sgp,Race,2025-10-05 06:15:09-07:00,2025-10-05 06:15:09-07:00,27|43,2,Turn 8,other,,45,45,noted,noted,1,"[""TURN 8 INCIDENT INVOLVING CARS 27 (HUL) AND 43 (COL) NOTED""]",algorithmic_pending_human_validation,False
referral-bbba5a6d73782440,2025-sgp,Race,2025-10-05 06:35:58-07:00,2025-10-05 06:35:58-07:00,18,1,Turn 7,gaining_advantage_off_track,,58,58,noted,noted,1,"[""TURN 7 INCIDENT INVOLVING CAR 18 (STR) NOTED - LEAVING THE TRACK AND GAINING AN ADVANTAGE""]",algorithmic_pending_human_validation,False
referral-8e328720765a6afb,2025-sgp,Race,2025-10-05 06:44:46-07:00,2025-10-05 06:48:52-07:00,44,1,,track_limits,,62,62,noted|post_session_investigation,post_session_investigation,2,"[""INCIDENT INVOLVING CAR 44 (HAM) NOTED - TRACK LIMITS"", ""FIA STEWARDS: INCIDENT INVOLVING CAR 44 (HAM) WILL BE INVESTIGATED AFTER THE RACE - TRACK LIMITS""]",algorithmic_pending_human_validation,False
referral-975315adadcafb72,2025-usa,Race,2025-10-19 12:06:51-07:00,2025-10-19 12:06:51-07:00,5|23,2,Turn 12,causing_collision,,2,2,noted,noted,1,"[""TURN 12 INCIDENT INVOLVING CARS 23 (ALB) AND 5 (BOR) NOTED - CAUSING A COLLISION""]",algorithmic_pending_human_validation,False
referral-aec6176f559774fc,2025-usa,Race,2025-10-19 12:13:22-07:00,2025-10-19 12:13:22-07:00,31,1,,other,,6,6,noted,noted,1,"[""INCIDENT INVOLVING CAR 31 (OCO) NOTED - FALSE START - MOVING BEFORE SIGNAL""]",algorithmic_pending_human_validation,False
referral-9ee5a096989b8230,2025-usa,Race,2025-10-19 12:16:24-07:00,2025-10-19 12:18:56-07:00,12|55,2,Turn 15,causing_collision,,8,9,noted|post_session_investigation,post_session_investigation,2,"[""TURN 15 INCIDENT INVOLVING CARS 12 (ANT) AND 55 (SAI) NOTED - CAUSING A COLLISION"", ""FIA STEWARDS: TURN 15 INCIDENT INVOLVING CARS 12 (ANT) AND 55 (SAI) WILL BE INVESTIGATED AFTER THE RACE - CAUSING A COLLISION""]",algorithmic_pending_human_validation,True
referral-88e186d809313776,2025-usa,Sprint,2025-10-18 10:13:36-07:00,2025-10-18 10:13:36-07:00,,0,Turn 1,other,1.0,4,4,noted,noted,1,"[""LAP 1 TURN 1 INCIDENT NOTED""]",algorithmic_pending_human_validation,False
referral-b618b0f82f8fa711,2025-usa,Sprint,2025-10-18 10:19:48-07:00,2025-10-18 10:19:48-07:00,16,1,,other,,8,8,noted,noted,1,"[""INCIDENT INVOLVING CAR 16 (LEC) NOTED - SAFETY CAR INFRINGEMENT""]",algorithmic_pending_human_validation,False
referral-82d82d40d9047627,2025-usa,Sprint,2025-10-18 10:22:22-07:00,2025-10-18 10:22:22-07:00,1|63,2,Turn 12,forcing_off_track,,9,9,noted,noted,1,"[""TURN 12 INCIDENT INVOLVING CARS 63 (RUS) AND 1 (VER) NOTED - FORCING ANOTHER DRIVER OFF THE TRACK""]",algorithmic_pending_human_validation,False
referral-00e9a7cad301ce54,2025-usa,Sprint,2025-10-18 10:32:10-07:00,2025-10-18 10:38:13-07:00,12|87,2,Turn 15,gaining_advantage_off_track,,15,18,noted|investigation|sanction_announced,sanction_announced,3,"[""TURN 15 INCIDENT INVOLVING CARS 87 (BEA) AND 12 (ANT) NOTED - LEAVING THE TRACK AND GAINING AN ADVANTAGE"", ""FIA STEWARDS: TURN 15 INCIDENT INVOLVING CARS 87 (BEA) AND 12 (ANT) UNDER INVESTIGATION - LEAVING THE TRACK AND GAINING AN ADVANTAGE"", ""FIA STEWARDS: 10 SECOND TIME PENALTY FOR CAR 87 (BEA) - LEAVING THE TRACK AND GAINING AN ADVANTAGE""]",algorithmic_pending_human_validation,True
referral-1e360c2dff8943be,2025-usa,Sprint,2025-10-18 10:37:22-07:00,2025-10-18 10:37:22-07:00,18|31,2,Turn 1,causing_collision,,18,18,noted,noted,1,"[""TURN 1 INCIDENT INVOLVING CARS 31 (OCO) AND 18 (STR) NOTED - CAUSING A COLLISION""]",algorithmic_pending_human_validation,True
