adjudication_instance_id,adjudication_id_final,incident_id_final,document_id,event_id,season,session_type_final,incident_family_final,accused_driver_number_final,affected_driver_numbers_final,fault_language_final,outcome_family_final,penalty_seconds_final,penalty_points_final,grid_places_final,guideline_regime,review_status,incident_lap_candidate,incident_lap_basis,first_lap_candidate,wet_track_candidate,safety_car_restart_candidate,attacker_line_candidate,overlap_candidate,corner_phase_candidate,control_error_candidate,context_review_status,sanction_outcome,fault_established_model_review,conduct_release_status
adjudication-seed-fia-2018-abu-18bc30990ea3-01,adj-b68335d3407c00bc,incident-src-b68335d3407c00bc,fia-2018-abu-18bc30990ea3,2018-abu,2018,Race,gaining_advantage_off_track,14,,not_applicable,time_penalty,5,1,,pre_driving_guidelines,model_reviewed_corrected,,unresolved,False,False,False,unknown,unknown,unknown,False,machine_extracted_pending_human_review,True,False,descriptive_model_review_pending_human
adjudication-seed-fia-2018-abu-754824eaae10-01,adj-58eaa3eee308cb80,incident-src-58eaa3eee308cb80,fia-2018-abu-754824eaae10,2018-abu,2018,Race,gaining_advantage_off_track,14,,not_applicable,time_penalty,5,1,,pre_driving_guidelines,model_reviewed_corrected,54,fia_incident_clock_single_lap_interval,False,False,False,unknown,unknown,unknown,False,machine_extracted_pending_human_review,True,False,descriptive_model_review_pending_human
adjudication-seed-fia-2018-abu-b67f80da207e-01,adj-2082537af6db5e25,incident-src-2082537af6db5e25,fia-2018-abu-b67f80da207e,2018-abu,2018,Race,causing_collision,27,8,no_conclusion,no_further_action,,,,pre_driving_guidelines,model_reviewed_agree,1,fia_incident_clock_single_lap_interval,True,False,False,unknown,unknown,unknown,False,machine_extracted_pending_human_review,False,False,descriptive_model_review_pending_human
adjudication-seed-fia-2018-abu-ba74bbf1e4a2-01,adj-e83d46d8daf5ec73,incident-src-e83d46d8daf5ec73,fia-2018-abu-ba74bbf1e4a2,2018-abu,2018,Race,gaining_advantage_off_track,14,,not_applicable,time_penalty,5,1,,pre_driving_guidelines,model_reviewed_corrected,51,fia_incident_clock_single_lap_interval,False,False,False,unknown,unknown,unknown,False,machine_extracted_pending_human_review,True,False,descriptive_model_review_pending_human
adjudication-seed-fia-2018-abu-e3bd8959c0f4-01,adj-9a44d3fc12f61d17,incident-src-9a44d3fc12f61d17,fia-2018-abu-e3bd8959c0f4,2018-abu,2018,Race,gaining_advantage_off_track,31,2,not_applicable,time_penalty,5,1,,pre_driving_guidelines,model_reviewed_corrected,,unresolved,False,False,False,unknown,unknown,unknown,False,machine_extracted_pending_human_review,True,False,descriptive_model_review_pending_human
adjudication-seed-fia-2018-aut-6376daf466a5-01,adj-b25c86494efcda3c,incident-src-b25c86494efcda3c,fia-2018-aut-6376daf466a5,2018-aut,2018,Race,gaining_advantage_off_track,7,33,not_applicable,no_further_action,,,,pre_driving_guidelines,model_reviewed_corrected,,unresolved,False,False,False,unknown,unknown,unknown,False,machine_extracted_pending_human_review,False,False,descriptive_model_review_pending_human
adjudication-seed-fia-2018-aut-9c50973f6716-01,adj-42055c7ca321d011,incident-src-42055c7ca321d011,fia-2018-aut-9c50973f6716,2018-aut,2018,Race,forcing_off_track,55,31,no_conclusion,reprimand,,,,pre_driving_guidelines,model_reviewed_agree,1,fia_incident_clock_single_lap_interval,True,False,False,unknown,unknown,unknown,False,machine_extracted_pending_human_review,False,False,descriptive_model_review_pending_human
adjudication-seed-fia-2018-aze-1bbf84530187-01,adj-e467c6122d516580,incident-src-e467c6122d516580,fia-2018-aze-1bbf84530187,2018-aze,2018,Race,causing_collision,33,3,shared_fault,reprimand,,,,pre_driving_guidelines,model_reviewed_agree,40,fia_incident_clock_single_lap_interval,False,False,False,unknown,unknown,unknown,False,machine_extracted_pending_human_review,False,True,descriptive_model_review_pending_human
adjudication-seed-fia-2018-aze-23f8b0b5b715-01,adj-cbb36a04e5932d9a,incident-src-cbb36a04e5932d9a,fia-2018-aze-23f8b0b5b715,2018-aze,2018,Race,causing_collision,9,20,wholly_to_blame,time_penalty,10,2,,pre_driving_guidelines,model_reviewed_agree,1,fia_incident_clock_single_lap_interval,True,False,False,unknown,unknown,unknown,False,machine_extracted_pending_human_review,True,True,descriptive_model_review_pending_human
adjudication-seed-fia-2018-aze-3e59a6773794-01,adj-2244116a8d1885ec,incident-src-2244116a8d1885ec,fia-2018-aze-3e59a6773794,2018-aze,2018,Race,causing_collision,31,7,racing_incident,no_further_action,,,,pre_driving_guidelines,model_reviewed_corrected,1,fia_incident_clock_single_lap_interval,True,False,False,inside,unknown,unknown,False,machine_extracted_pending_human_review,False,False,descriptive_model_review_pending_human
adjudication-seed-fia-2018-aze-4fbe7e105140-01,adj-915feddd8ae6b043,incident-src-915feddd8ae6b043,fia-2018-aze-4fbe7e105140,2018-aze,2018,Race,causing_collision,35,11,wholly_to_blame,grid_penalty,,2,3,pre_driving_guidelines,model_reviewed_corrected,1,fia_incident_clock_single_lap_interval,True,False,False,unknown,unknown,unknown,False,machine_extracted_pending_human_review,True,True,descriptive_model_review_pending_human
adjudication-seed-fia-2018-aze-94399ce60452-01,adj-fb216d7f0fbf8ff1,incident-src-fb216d7f0fbf8ff1,fia-2018-aze-94399ce60452,2018-aze,2018,Race,causing_collision,3,33,shared_fault,reprimand,,,,pre_driving_guidelines,model_reviewed_agree,40,fia_incident_clock_single_lap_interval,False,False,False,unknown,unknown,unknown,False,machine_extracted_pending_human_review,False,True,descriptive_model_review_pending_human
adjudication-seed-fia-2018-aze-b6df36c282b7-01,adj-b5b3a795e56fb51d,incident-src-b5b3a795e56fb51d,fia-2018-aze-b6df36c282b7,2018-aze,2018,Race,causing_collision,20,10,wholly_to_blame,time_penalty,10,2,,pre_driving_guidelines,model_reviewed_agree,,unresolved,False,False,False,unknown,unknown,unknown,False,machine_extracted_pending_human_review,True,True,descriptive_model_review_pending_human
adjudication-seed-fia-2018-bel-5f9336c3c23e-01,adj-dad7e6d1095a4d05,incident-src-dad7e6d1095a4d05,fia-2018-bel-5f9336c3c23e,2018-bel,2018,Race,causing_collision,77,35,wholly_to_blame,time_penalty,5,2,,pre_driving_guidelines,model_reviewed_corrected,1,fia_incident_clock_single_lap_interval,True,False,False,unknown,unknown,unknown,False,machine_extracted_pending_human_review,True,True,descriptive_model_review_pending_human
adjudication-seed-fia-2018-bel-6346000a9777-01,adj-f2430a8dcab51295,incident-src-f2430a8dcab51295,fia-2018-bel-6346000a9777,2018-bel,2018,Race,causing_collision,27,14,wholly_to_blame,grid_penalty,,3,10,pre_driving_guidelines,model_reviewed_corrected,1,fia_incident_clock_single_lap_interval,True,False,False,unknown,unknown,unknown,False,machine_extracted_pending_human_review,True,True,descriptive_model_review_pending_human
adjudication-seed-fia-2018-bhr-37959695abd9-01,adj-f085f5d8e175f3e4,incident-src-f085f5d8e175f3e4,fia-2018-bhr-37959695abd9,2018-bhr,2018,Race,causing_collision,28,11,wholly_to_blame,time_penalty,10,2,,pre_driving_guidelines,model_reviewed_agree,1,fia_incident_clock_single_lap_interval,True,False,False,unknown,unknown,unknown,False,machine_extracted_pending_human_review,True,True,descriptive_model_review_pending_human
adjudication-seed-fia-2018-bra-1cf7293f9bee-01,adj-39523131c9d9684d,incident-src-39523131c9d9684d,fia-2018-bra-1cf7293f9bee,2018-bra,2018,Race,causing_collision,31,33,no_conclusion,stop_go,,3,,pre_driving_guidelines,model_reviewed_corrected,,unresolved,False,False,False,unknown,unknown,unknown,False,machine_extracted_pending_human_review,True,False,descriptive_model_review_pending_human
adjudication-seed-fia-2018-can-6ea0e0275da8-01,adj-1bf13c58d15a0c62,incident-src-1bf13c58d15a0c62,fia-2018-can-6ea0e0275da8,2018-can,2018,Race,causing_collision,18,28,no_conclusion,no_further_action,,,,pre_driving_guidelines,model_reviewed_agree,1,fia_incident_clock_single_lap_interval,True,False,False,unknown,unknown,unknown,False,machine_extracted_pending_human_review,False,False,descriptive_model_review_pending_human
adjudication-seed-fia-2018-can-fa41432364aa-01,adj-f0841610b6a2725d,incident-src-f0841610b6a2725d,fia-2018-can-fa41432364aa,2018-can,2018,Race,causing_collision,55,11,no_conclusion,no_further_action,,,,pre_driving_guidelines,model_reviewed_agree,,unresolved,False,False,False,unknown,alongside,unknown,False,machine_extracted_pending_human_review,False,False,descriptive_model_review_pending_human
adjudication-seed-fia-2018-chn-ad3c0076d583-01,adj-171323b01c7fd2e4,incident-src-171323b01c7fd2e4,fia-2018-chn-ad3c0076d583,2018-chn,2018,Race,causing_collision,10,28,predominantly_to_blame,time_penalty,10,2,,pre_driving_guidelines,model_reviewed_agree,29,fia_incident_clock_single_lap_interval,False,False,False,unknown,unknown,unknown,False,machine_extracted_pending_human_review,True,True,descriptive_model_review_pending_human
adjudication-seed-fia-2018-chn-e98fbe4695b8-01,adj-04b290c26ab9e55d,incident-src-04b290c26ab9e55d,fia-2018-chn-e98fbe4695b8,2018-chn,2018,Race,causing_collision,33,5,predominantly_to_blame,time_penalty,10,2,,pre_driving_guidelines,model_reviewed_agree,,unresolved,False,False,False,unknown,unknown,unknown,False,machine_extracted_pending_human_review,True,True,descriptive_model_review_pending_human
adjudication-seed-fia-2018-esp-231d287cafcd-01,adj-9fe86942c422bf75,incident-src-9fe86942c422bf75,fia-2018-esp-231d287cafcd,2018-esp,2018,Race,causing_collision,8,27|10|20,no_conclusion,grid_penalty,,2,3,pre_driving_guidelines,model_reviewed_corrected,1,fia_incident_clock_single_lap_interval,True,False,False,unknown,unknown,unknown,False,machine_extracted_pending_human_review,True,False,descriptive_model_review_pending_human
adjudication-seed-fia-2018-fra-505561fd0edc-01,adj-7f9ab5cd4940bce4,incident-src-7f9ab5cd4940bce4,fia-2018-fra-505561fd0edc,2018-fra,2018,Race,causing_collision,31,10,shared_fault,reprimand,,,,pre_driving_guidelines,model_reviewed_agree,1,fia_incident_clock_single_lap_interval,True,False,False,unknown,unknown,apex,False,machine_extracted_pending_human_review,False,True,descriptive_model_review_pending_human
adjudication-seed-fia-2018-fra-80f5d9447315-01,adj-edac40e1e7230ec7,incident-src-edac40e1e7230ec7,fia-2018-fra-80f5d9447315,2018-fra,2018,Race,causing_collision,8,31,no_conclusion,time_penalty,5,2,,pre_driving_guidelines,model_reviewed_corrected,1,race_control_explicit_lap_candidate_link,True,False,False,unknown,unknown,unknown,False,machine_extracted_pending_human_review,True,False,descriptive_model_review_pending_human
adjudication-seed-fia-2018-fra-db6e1870bc40-01,adj-ff2eb72501ff888f,incident-src-ff2eb72501ff888f,fia-2018-fra-db6e1870bc40,2018-fra,2018,Race,causing_collision,10,31,shared_fault,reprimand,,,,pre_driving_guidelines,model_reviewed_agree,1,fia_incident_clock_single_lap_interval,True,False,False,unknown,unknown,apex,False,machine_extracted_pending_human_review,False,True,descriptive_model_review_pending_human
adjudication-seed-fia-2018-fra-e65d0d06dbb7-01,adj-2528c2aa99cc8fa3,incident-src-2528c2aa99cc8fa3,fia-2018-fra-e65d0d06dbb7,2018-fra,2018,Race,causing_collision,5,77,no_conclusion,time_penalty,5,2,,pre_driving_guidelines,model_reviewed_corrected,1,fia_incident_clock_single_lap_interval,True,False,False,inside,unknown,unknown,False,machine_extracted_pending_human_review,True,False,descriptive_model_review_pending_human
adjudication-seed-fia-2018-gbr-33466a876bdd-01,adj-f0f6dfe8d6cd5cc8,incident-src-f0f6dfe8d6cd5cc8,fia-2018-gbr-33466a876bdd,2018-gbr,2018,Race,causing_collision,10,11,predominantly_to_blame,time_penalty,5,2,,pre_driving_guidelines,model_reviewed_corrected,51,race_control_explicit_lap_candidate_link,False,False,False,unknown,unknown,apex,False,machine_extracted_pending_human_review,True,True,descriptive_model_review_pending_human
adjudication-seed-fia-2018-gbr-70534cc8d2b4-01,adj-e2c907d5f1895cff,incident-src-e2c907d5f1895cff,fia-2018-gbr-70534cc8d2b4,2018-gbr,2018,Race,causing_collision,8,55,racing_incident,no_further_action,,,,pre_driving_guidelines,model_reviewed_agree,38,race_control_explicit_lap_candidate_link,False,False,False,outside,unknown,apex,False,machine_extracted_pending_human_review,False,False,descriptive_model_review_pending_human
adjudication-seed-fia-2018-gbr-c4ec3bfd58d1-01,adj-71bfdbf175be2808,incident-group-5f15a97b01053cd7,fia-2018-gbr-c4ec3bfd58d1,2018-gbr,2018,Race,causing_collision,20,8,no_conclusion,no_further_action,,,,pre_driving_guidelines,model_reviewed_agree,1,race_control_explicit_lap_high_confidence_link,True,False,False,unknown,unknown,unknown,False,machine_extracted_pending_human_review,False,False,descriptive_model_review_pending_human
adjudication-seed-fia-2018-gbr-dbd297e3a1ec-01,adj-5085c3b16294abcf,incident-group-5f15a97b01053cd7,fia-2018-gbr-dbd297e3a1ec,2018-gbr,2018,Race,causing_collision,8,20,no_conclusion,no_further_action,,,,pre_driving_guidelines,model_reviewed_agree,1,race_control_explicit_lap_high_confidence_link,True,False,False,unknown,unknown,unknown,False,machine_extracted_pending_human_review,False,False,descriptive_model_review_pending_human
adjudication-seed-fia-2018-gbr-f20a2f7cd356-01,adj-5384303bfd85706c,incident-src-5384303bfd85706c,fia-2018-gbr-f20a2f7cd356,2018-gbr,2018,Race,causing_collision,7,44,no_conclusion,time_penalty,10,2,,pre_driving_guidelines,model_reviewed_corrected,1,fia_incident_clock_single_lap_interval,True,False,False,inside,unknown,unknown,False,machine_extracted_pending_human_review,True,False,descriptive_model_review_pending_human
adjudication-seed-fia-2018-hun-4bfaca494290-01,adj-dd118f0c5b27dc3e,incident-src-dd118f0c5b27dc3e,fia-2018-hun-4bfaca494290,2018-hun,2018,Race,causing_collision,77,3,no_conclusion,time_penalty,10,2,,pre_driving_guidelines,model_reviewed_corrected,,unresolved,False,False,False,outside,unknown,unknown,False,machine_extracted_pending_human_review,True,False,descriptive_model_review_pending_human
adjudication-seed-fia-2018-ita-46eec3615f40-01,adj-baf8a03a8e84a2b5,incident-group-dc038f07ea0cd46a,fia-2018-ita-46eec3615f40,2018-ita,2018,Race,causing_collision,44,5,no_conclusion,no_further_action,,,,pre_driving_guidelines,model_reviewed_agree,1,fia_incident_clock_single_lap_interval,True,False,False,unknown,unknown,unknown,False,machine_extracted_pending_human_review,False,False,descriptive_model_review_pending_human
adjudication-seed-fia-2018-ita-4bcc40bb113b-01,adj-87372849846bf17f,incident-src-87372849846bf17f,fia-2018-ita-4bcc40bb113b,2018-ita,2018,Race,causing_collision,33,77,no_conclusion,time_penalty,5,2,,pre_driving_guidelines,model_reviewed_corrected,,unresolved,False,False,False,unknown,unknown,unknown,False,machine_extracted_pending_human_review,True,False,descriptive_model_review_pending_human
adjudication-seed-fia-2018-ita-a3456e32915c-01,adj-3d3f08ac55cefb43,incident-group-dc038f07ea0cd46a,fia-2018-ita-a3456e32915c,2018-ita,2018,Race,causing_collision,5,44,no_conclusion,no_further_action,,,,pre_driving_guidelines,model_reviewed_agree,1,fia_incident_clock_single_lap_interval,True,False,False,unknown,unknown,unknown,False,machine_extracted_pending_human_review,False,False,descriptive_model_review_pending_human
adjudication-seed-fia-2018-jpn-81677672dab7-01,adj-ee4d64c6c65cfaa2,incident-src-ee4d64c6c65cfaa2,fia-2018-jpn-81677672dab7,2018-jpn,2018,Race,causing_collision,5,33,no_conclusion,no_further_action,,,,pre_driving_guidelines,model_reviewed_agree,8,fia_incident_clock_single_lap_interval,False,False,False,unknown,unknown,unknown,False,machine_extracted_pending_human_review,False,False,descriptive_model_review_pending_human
adjudication-seed-fia-2018-jpn-a4bf4fc25a1f-01,adj-98570c1c2d9d82a6,incident-src-98570c1c2d9d82a6,fia-2018-jpn-a4bf4fc25a1f,2018-jpn,2018,Race,forcing_off_track,18,14,no_conclusion,time_penalty,5,2,,pre_driving_guidelines,model_reviewed_corrected,,unresolved,False,False,False,unknown,unknown,unknown,False,machine_extracted_pending_human_review,True,False,descriptive_model_review_pending_human
adjudication-seed-fia-2018-jpn-af0be8505555-01,adj-590d4355a3039791,incident-src-590d4355a3039791,fia-2018-jpn-af0be8505555,2018-jpn,2018,Race,gaining_advantage_off_track,14,,not_applicable,time_penalty,5,1,,pre_driving_guidelines,model_reviewed_corrected,,unresolved,False,False,False,unknown,unknown,unknown,False,machine_extracted_pending_human_review,True,False,descriptive_model_review_pending_human
adjudication-seed-fia-2018-jpn-b456aafdefec-01,adj-00d141181cb75914,incident-src-00d141181cb75914,fia-2018-jpn-b456aafdefec,2018-jpn,2018,Race,causing_collision,16,20,no_conclusion,no_further_action,,,,pre_driving_guidelines,model_reviewed_agree,,unresolved,False,False,False,unknown,unknown,unknown,False,machine_extracted_pending_human_review,False,False,descriptive_model_review_pending_human
adjudication-seed-fia-2018-jpn-d5d56e0426c6-01,adj-d87dc3e3ddc100a9,incident-src-d87dc3e3ddc100a9,fia-2018-jpn-d5d56e0426c6,2018-jpn,2018,Race,unsafe_rejoin,33,7,no_conclusion,time_penalty,5,1,,pre_driving_guidelines,model_reviewed_corrected,,unresolved,False,False,False,unknown,unknown,unknown,False,machine_extracted_pending_human_review,True,False,descriptive_model_review_pending_human
adjudication-seed-fia-2018-mco-a3c31b11ff12-01,adj-1e31200d5298f217,incident-src-1e31200d5298f217,fia-2018-mco-a3c31b11ff12,2018-mco,2018,Race,causing_collision,16,28,no_conclusion,no_further_action,,,,pre_driving_guidelines,model_reviewed_agree,71,fia_incident_clock_single_lap_interval,False,False,False,unknown,unknown,unknown,False,machine_extracted_pending_human_review,False,False,descriptive_model_review_pending_human
adjudication-seed-fia-2018-mex-3075233c69d9-01,adj-f55b2703a638bc6a,incident-src-f55b2703a638bc6a,fia-2018-mex-3075233c69d9,2018-mex,2018,Race,forcing_off_track,31,10,no_conclusion,no_further_action,,,,pre_driving_guidelines,model_reviewed_corrected,,unresolved,False,False,False,unknown,unknown,unknown,False,machine_extracted_pending_human_review,False,False,descriptive_model_review_pending_human
adjudication-seed-fia-2018-mex-9fdf8480489c-01,adj-ed88cdc8e4ae5c06,incident-src-ed88cdc8e4ae5c06,fia-2018-mex-9fdf8480489c,2018-mex,2018,Race,causing_collision,28,31,wholly_to_blame,time_penalty,5,2,,pre_driving_guidelines,model_reviewed_agree,,unresolved,False,False,False,unknown,unknown,apex,False,machine_extracted_pending_human_review,True,True,descriptive_model_review_pending_human
adjudication-seed-fia-2018-rus-cf28ebf731bb-01,adj-76bf6d21078e4ab1,incident-src-76bf6d21078e4ab1,fia-2018-rus-cf28ebf731bb,2018-rus,2018,Race,multiple_defensive_moves,5,,not_applicable,no_further_action,,,,pre_driving_guidelines,model_reviewed_corrected,16,fia_incident_clock_single_lap_interval,False,False,False,unknown,unknown,unknown,False,machine_extracted_pending_human_review,False,False,descriptive_model_review_pending_human
adjudication-seed-fia-2018-sgp-21e75b934044-01,adj-793e772ff47ab03e,incident-src-793e772ff47ab03e,fia-2018-sgp-21e75b934044,2018-sgp,2018,Race,causing_collision,20,28,no_conclusion,no_further_action,,,,pre_driving_guidelines,model_reviewed_corrected,,unresolved,False,False,False,unknown,unknown,unknown,False,machine_extracted_pending_human_review,False,False,descriptive_model_review_pending_human
adjudication-seed-fia-2018-sgp-329a49e8cbe6-01,adj-e07caee25859dbf7,incident-src-e07caee25859dbf7,fia-2018-sgp-329a49e8cbe6,2018-sgp,2018,Race,forcing_off_track,35,28,no_conclusion,time_penalty,5,2,,pre_driving_guidelines,model_reviewed_corrected,43,fia_incident_clock_single_lap_interval,False,False,False,unknown,unknown,unknown,False,machine_extracted_pending_human_review,True,False,descriptive_model_review_pending_human
adjudication-seed-fia-2018-sgp-bcfc0b21409a-01,adj-153d9abced4119b1,incident-src-153d9abced4119b1,fia-2018-sgp-bcfc0b21409a,2018-sgp,2018,Race,causing_collision,11,31,no_conclusion,no_further_action,,,,pre_driving_guidelines,model_reviewed_agree,1,model_reviewed_source_or_timing,True,False,False,unknown,alongside,unknown,False,machine_extracted_pending_human_review,False,False,descriptive_model_review_pending_human
adjudication-seed-fia-2018-sgp-d22646811c1a-01,adj-3ca06449fb896289,incident-src-3ca06449fb896289,fia-2018-sgp-d22646811c1a,2018-sgp,2018,Race,causing_collision,11,35,no_conclusion,drive_through,,3,,pre_driving_guidelines,model_reviewed_corrected,,unresolved,False,False,False,unknown,unknown,unknown,False,machine_extracted_pending_human_review,True,False,descriptive_model_review_pending_human
adjudication-seed-fia-2018-usa-2f4f21fa003f-01,adj-f66c13b6dc6edb50,incident-src-f66c13b6dc6edb50,fia-2018-usa-2f4f21fa003f,2018-usa,2018,Race,causing_collision,8,16,no_conclusion,grid_penalty,,1,3,pre_driving_guidelines,model_reviewed_corrected,1,fia_incident_clock_single_lap_interval,True,False,False,unknown,unknown,unknown,False,machine_extracted_pending_human_review,True,False,descriptive_model_review_pending_human
adjudication-seed-fia-2018-usa-49d225f5fb07-01,adj-8c049b3df629e78e,incident-src-8c049b3df629e78e,fia-2018-usa-49d225f5fb07,2018-usa,2018,Race,gaining_advantage_off_track,55,8,not_applicable,time_penalty,5,1,,pre_driving_guidelines,model_reviewed_corrected,1,race_control_explicit_lap_candidate_link,True,False,False,unknown,unknown,unknown,False,machine_extracted_pending_human_review,True,False,descriptive_model_review_pending_human
adjudication-seed-fia-2018-usa-856ae8b1622a-01,adj-e7b2995ef053dcc6,incident-src-e7b2995ef053dcc6,fia-2018-usa-856ae8b1622a,2018-usa,2018,Race,causing_collision,18,14,wholly_to_blame,drive_through,,2,,pre_driving_guidelines,model_reviewed_agree,1,fia_incident_clock_single_lap_interval,True,False,False,unknown,unknown,unknown,False,machine_extracted_pending_human_review,True,True,descriptive_model_review_pending_human
adjudication-seed-fia-2018-usa-b97b2be7b15e-01,adj-225ff90f36c849d0,incident-src-225ff90f36c849d0,fia-2018-usa-b97b2be7b15e,2018-usa,2018,Race,causing_collision,3,5,no_conclusion,no_further_action,,,,pre_driving_guidelines,model_reviewed_agree,1,race_control_explicit_lap_candidate_link,True,False,False,unknown,unknown,unknown,False,machine_extracted_pending_human_review,False,False,descriptive_model_review_pending_human
adjudication-seed-fia-2018-usa-dc3270dd6cb6-01,adj-99ac5bce501847b9,incident-src-99ac5bce501847b9,fia-2018-usa-dc3270dd6cb6,2018-usa,2018,Race,causing_collision,5,3,no_conclusion,no_further_action,,,,pre_driving_guidelines,model_reviewed_agree,1,race_control_explicit_lap_candidate_link,True,False,False,unknown,unknown,unknown,False,machine_extracted_pending_human_review,False,False,descriptive_model_review_pending_human
adjudication-seed-fia-2019-abu-e94aca06904a-01,adj-995c2c2bf5c5a2da,incident-group-8adf0ddcdc980b9a,fia-2019-abu-e94aca06904a,2019-abu,2019,Race,causing_collision,88,99,no_conclusion,no_further_action,,,,pre_driving_guidelines,model_reviewed_agree,,unresolved,False,False,False,unknown,unknown,unknown,False,machine_extracted_pending_human_review,False,False,descriptive_model_review_pending_human
adjudication-seed-fia-2019-abu-eed6b57f5b3f-01,adj-bff9e3e79b9d2b32,incident-group-8adf0ddcdc980b9a,fia-2019-abu-eed6b57f5b3f,2019-abu,2019,Race,causing_collision,99,88,no_conclusion,no_further_action,,,,pre_driving_guidelines,model_reviewed_agree,,unresolved,False,False,False,unknown,unknown,unknown,False,machine_extracted_pending_human_review,False,False,descriptive_model_review_pending_human
adjudication-seed-fia-2019-aut-529bae08f480-01,adj-524c6675088fdc18,incident-src-524c6675088fdc18,fia-2019-aut-529bae08f480,2019-aut,2019,Race,causing_collision,33,16,racing_incident,no_further_action,,,,pre_driving_guidelines,model_reviewed_agree,69,model_reviewed_source_or_timing,False,False,False,inside,alongside,apex,False,machine_extracted_pending_human_review,False,False,descriptive_model_review_pending_human
adjudication-seed-fia-2019-aut-f8011f674d7f-01,adj-a7a3ac083e4cb040,incident-src-a7a3ac083e4cb040,fia-2019-aut-f8011f674d7f,2019-aut,2019,Race,causing_collision,16,33,racing_incident,no_further_action,,,,pre_driving_guidelines,model_reviewed_agree,69,model_reviewed_source_or_timing,False,False,False,inside,alongside,apex,False,machine_extracted_pending_human_review,False,False,descriptive_model_review_pending_human
adjudication-seed-fia-2019-aze-9a6772a3acaf-01,adj-58045adf2d642c7b,incident-src-58045adf2d642c7b,fia-2019-aze-9a6772a3acaf,2019-aze,2019,Race,causing_collision,3,26,no_conclusion,grid_penalty,,2,3,pre_driving_guidelines,model_reviewed_corrected,31,fia_incident_clock_single_lap_interval,False,False,False,unknown,unknown,unknown,False,machine_extracted_pending_human_review,True,False,descriptive_model_review_pending_human
adjudication-seed-fia-2019-bel-0c5b8806e8e5-01,adj-12ea78eb0fa53af2,incident-src-12ea78eb0fa53af2,fia-2019-bel-0c5b8806e8e5,2019-bel,2019,Race,forcing_off_track,11,23,no_conclusion,no_further_action,,,,pre_driving_guidelines,model_reviewed_corrected,44,fia_incident_clock_single_lap_interval,False,False,False,unknown,unknown,unknown,False,machine_extracted_pending_human_review,False,False,descriptive_model_review_pending_human
adjudication-seed-fia-2019-bhr-132a9d8aa9de-01,adj-8f6c033b94586d1e,incident-src-8f6c033b94586d1e,fia-2019-bhr-132a9d8aa9de,2019-bhr,2019,Race,causing_collision,33,55,no_conclusion,no_further_action,,,,pre_driving_guidelines,model_reviewed_agree,,unresolved,False,False,False,unknown,unknown,unknown,False,machine_extracted_pending_human_review,False,False,descriptive_model_review_pending_human
adjudication-seed-fia-2019-bhr-1365948cf7e0-01,adj-8ac64d49533b4e49,incident-src-8ac64d49533b4e49,fia-2019-bhr-1365948cf7e0,2019-bhr,2019,Race,causing_collision,99,26,no_conclusion,no_further_action,,,,pre_driving_guidelines,model_reviewed_agree,12,fia_incident_clock_single_lap_interval,False,False,False,unknown,unknown,unknown,False,machine_extracted_pending_human_review,False,False,descriptive_model_review_pending_human
adjudication-seed-fia-2019-bhr-2a5a65873384-01,adj-5375e3c95251badb,incident-src-5375e3c95251badb,fia-2019-bhr-2a5a65873384,2019-bhr,2019,Race,causing_collision,55,33,no_conclusion,no_further_action,,,,pre_driving_guidelines,model_reviewed_agree,,unresolved,False,False,False,unknown,unknown,unknown,False,machine_extracted_pending_human_review,False,False,descriptive_model_review_pending_human
adjudication-seed-fia-2019-bhr-afcfec60fa35-01,adj-a2465e3be559632e,incident-src-a2465e3be559632e,fia-2019-bhr-afcfec60fa35,2019-bhr,2019,Race,causing_collision,26,99,no_conclusion,no_further_action,,,,pre_driving_guidelines,model_reviewed_agree,12,fia_incident_clock_single_lap_interval,False,False,False,unknown,unknown,unknown,False,machine_extracted_pending_human_review,False,False,descriptive_model_review_pending_human
adjudication-seed-fia-2019-bra-0197a870d5b2-01,adj-bb68ecdf3fcd7591,incident-group-0717c3bfd5f08779,fia-2019-bra-0197a870d5b2,2019-bra,2019,Race,causing_collision,16,5,no_conclusion,no_further_action,,,,pre_driving_guidelines,model_reviewed_agree,,unresolved,False,False,False,unknown,unknown,unknown,False,machine_extracted_pending_human_review,False,False,descriptive_model_review_pending_human
adjudication-seed-fia-2019-bra-38ee05c4fb59-01,adj-14f4d4ae4c61c0d1,incident-group-0717c3bfd5f08779,fia-2019-bra-38ee05c4fb59,2019-bra,2019,Race,causing_collision,5,16,no_conclusion,no_further_action,,,,pre_driving_guidelines,model_reviewed_agree,,unresolved,False,False,False,unknown,unknown,unknown,False,machine_extracted_pending_human_review,False,False,descriptive_model_review_pending_human
adjudication-seed-fia-2019-bra-810d6e70c069-01,adj-7a979b9c5e405e83,incident-src-7a979b9c5e405e83,fia-2019-bra-810d6e70c069,2019-bra,2019,Race,causing_collision,44,23,no_conclusion,time_penalty,5,2,,pre_driving_guidelines,model_reviewed_corrected,70,fia_incident_clock_single_lap_interval,False,False,False,inside,unknown,unknown,False,machine_extracted_pending_human_review,True,False,descriptive_model_review_pending_human
adjudication-seed-fia-2019-bra-b956905dbc4f-01,adj-75ad7140f56a82b0,incident-src-75ad7140f56a82b0,fia-2019-bra-b956905dbc4f,2019-bra,2019,Race,causing_collision,3,20,predominantly_to_blame,time_penalty,5,2,,pre_driving_guidelines,model_reviewed_agree,8,fia_incident_clock_single_lap_interval,False,False,False,unknown,unknown,apex,False,machine_extracted_pending_human_review,True,True,descriptive_model_review_pending_human
adjudication-seed-fia-2019-can-dceb9101c747-01,adj-5a2a22f5fc1a849d,incident-src-5a2a22f5fc1a849d,fia-2019-can-dceb9101c747,2019-can,2019,Race,unsafe_rejoin,5,44,no_conclusion,time_penalty,5,2,,pre_driving_guidelines,model_reviewed_corrected,,unresolved,False,False,False,unknown,unknown,unknown,False,machine_extracted_pending_human_review,True,False,descriptive_model_review_pending_human
adjudication-seed-fia-2019-chn-50a2b4dfbc09-01,adj-fb33cf1dee9a141c,incident-src-fb33cf1dee9a141c,fia-2019-chn-50a2b4dfbc09,2019-chn,2019,Race,causing_collision,26,,wholly_to_blame,drive_through,,2,,pre_driving_guidelines,model_reviewed_agree,1,fia_incident_clock_single_lap_interval,True,False,False,unknown,unknown,unknown,True,machine_extracted_pending_human_review,True,True,descriptive_model_review_pending_human
adjudication-seed-fia-2019-deu-439337838994-01,adj-f35eb28ba1d26794,incident-src-f35eb28ba1d26794,fia-2019-deu-439337838994,2019-deu,2019,Race,causing_collision,10,23,no_conclusion,no_further_action,,,,pre_driving_guidelines,model_reviewed_agree,62,fia_incident_clock_single_lap_interval,False,False,False,unknown,unknown,unknown,False,machine_extracted_pending_human_review,False,False,descriptive_model_review_pending_human
adjudication-seed-fia-2019-esp-1de5310a284d-01,adj-93a2deb70e9576d9,incident-src-93a2deb70e9576d9,fia-2019-esp-1de5310a284d,2019-esp,2019,Race,causing_collision,18,4,no_conclusion,no_further_action,,,,pre_driving_guidelines,model_reviewed_corrected,,unresolved,False,False,False,outside,alongside,unknown,False,machine_extracted_pending_human_review,False,False,descriptive_model_review_pending_human
adjudication-seed-fia-2019-esp-c8e31ce09c58-01,adj-08067a85a17122aa,incident-src-08067a85a17122aa,fia-2019-esp-c8e31ce09c58,2019-esp,2019,Race,causing_collision,4,18,no_conclusion,no_further_action,,,,pre_driving_guidelines,model_reviewed_corrected,,unresolved,False,False,False,outside,alongside,unknown,False,machine_extracted_pending_human_review,False,False,descriptive_model_review_pending_human
adjudication-seed-fia-2019-fra-457ded17de98-01,adj-ea059e019eeba972,incident-src-ea059e019eeba972,fia-2019-fra-457ded17de98,2019-fra,2019,Race,forcing_off_track,3,4,no_conclusion,time_penalty,5,2,,pre_driving_guidelines,model_reviewed_agree,52,fia_incident_clock_single_lap_interval,False,False,False,outside,unknown,unknown,False,machine_extracted_pending_human_review,True,False,descriptive_model_review_pending_human
adjudication-seed-fia-2019-fra-a0c241fafdd8-01,adj-d573e773779fee7e,incident-src-d573e773779fee7e,fia-2019-fra-a0c241fafdd8,2019-fra,2019,Race,gaining_advantage_off_track,11,,not_applicable,time_penalty,5,1,,pre_driving_guidelines,model_reviewed_corrected,1,race_control_explicit_lap_high_confidence_link,True,False,False,unknown,unknown,unknown,False,machine_extracted_pending_human_review,True,False,descriptive_model_review_pending_human
adjudication-seed-fia-2019-fra-a2fbe5bfb237-01,adj-9cc41bec5ee322a6,incident-src-9cc41bec5ee322a6,fia-2019-fra-a2fbe5bfb237,2019-fra,2019,Race,gaining_advantage_off_track,3,7,not_applicable,time_penalty,5,1,,pre_driving_guidelines,model_reviewed_corrected,52,fia_incident_clock_single_lap_interval,False,False,False,unknown,alongside,unknown,False,machine_extracted_pending_human_review,True,False,descriptive_model_review_pending_human
adjudication-seed-fia-2019-gbr-9cce23a29f05-01,adj-4ae27a945be232f3,incident-src-4ae27a945be232f3,fia-2019-gbr-9cce23a29f05,2019-gbr,2019,Race,causing_collision,5,33,wholly_to_blame,time_penalty,10,2,,pre_driving_guidelines,model_reviewed_agree,,unresolved,False,False,False,unknown,unknown,unknown,True,machine_extracted_pending_human_review,True,True,descriptive_model_review_pending_human
adjudication-seed-fia-2019-ita-5d8bd476d009-01,adj-0a2995f1d6aad572,incident-src-0a2995f1d6aad572,fia-2019-ita-5d8bd476d009,2019-ita,2019,Race,causing_collision,5,18,no_conclusion,stop_go,,3,,pre_driving_guidelines,model_reviewed_agree,6,fia_incident_clock_single_lap_interval,False,False,False,unknown,unknown,unknown,False,machine_extracted_pending_human_review,True,False,descriptive_model_review_pending_human
adjudication-seed-fia-2019-ita-e4746c5c634f-01,adj-c74375d6086c31ed,incident-src-c74375d6086c31ed,fia-2019-ita-e4746c5c634f,2019-ita,2019,Race,gaining_advantage_off_track,23,20,not_applicable,time_penalty,5,1,,pre_driving_guidelines,model_reviewed_corrected,8,fia_incident_clock_single_lap_interval,False,False,False,unknown,unknown,unknown,False,machine_extracted_pending_human_review,True,False,descriptive_model_review_pending_human
adjudication-seed-fia-2019-ita-ef49a857f7de-01,adj-fce27d672a231903,incident-src-fce27d672a231903,fia-2019-ita-ef49a857f7de,2019-ita,2019,Race,unsafe_rejoin,18,5|10,no_conclusion,drive_through,,2,,pre_driving_guidelines,model_reviewed_corrected,6,fia_incident_clock_single_lap_interval,False,False,False,unknown,unknown,unknown,False,machine_extracted_pending_human_review,True,False,descriptive_model_review_pending_human
adjudication-seed-fia-2019-jpn-4a022963168d-01,adj-44686757f581c309,incident-group-dee3045f08ed8de7,fia-2019-jpn-4a022963168d,2019-jpn,2019,Race,causing_collision,16,33,predominantly_to_blame,time_penalty,5,2,,pre_driving_guidelines,model_reviewed_agree,1,model_reviewed_source_or_timing,True,False,False,inside,alongside,apex,False,machine_extracted_pending_human_review,True,True,descriptive_model_review_pending_human
adjudication-seed-fia-2019-jpn-8f4df880b95b-01,adj-667d6bb8743116ef,incident-group-9d7ca07e87909a4b,fia-2019-jpn-8f4df880b95b,2019-jpn,2019,Race,causing_collision,10,11,shared_fault,no_further_action,,,,pre_driving_guidelines,model_reviewed_agree,,unresolved,False,False,False,ambiguous_both_lines_mentioned,alongside,apex,False,machine_extracted_pending_human_review,False,True,descriptive_model_review_pending_human
adjudication-seed-fia-2019-jpn-9be40f8bba4d-01,adj-634036e33dc05333,incident-group-dee3045f08ed8de7,fia-2019-jpn-9be40f8bba4d,2019-jpn,2019,Race,causing_collision,33,16,no_conclusion,no_further_action,,,,pre_driving_guidelines,model_reviewed_corrected,1,model_reviewed_source_or_timing,True,False,False,inside,alongside,apex,False,machine_extracted_pending_human_review,False,False,descriptive_model_review_pending_human
adjudication-seed-fia-2019-jpn-ddc6b3eef5b1-01,adj-acc76c36ad0d55b6,incident-group-9d7ca07e87909a4b,fia-2019-jpn-ddc6b3eef5b1,2019-jpn,2019,Race,causing_collision,11,10,shared_fault,no_further_action,,,,pre_driving_guidelines,model_reviewed_agree,,unresolved,False,False,False,ambiguous_both_lines_mentioned,alongside,apex,False,machine_extracted_pending_human_review,False,True,descriptive_model_review_pending_human
adjudication-seed-fia-2019-mco-6d869f39c68e-01,adj-a0cb65d072c5b6a8,incident-src-a0cb65d072c5b6a8,fia-2019-mco-6d869f39c68e,2019-mco,2019,Race,gaining_advantage_off_track,20,11,not_applicable,time_penalty,5,1,,pre_driving_guidelines,model_reviewed_corrected,,unresolved,False,False,False,unknown,alongside,apex,False,machine_extracted_pending_human_review,True,False,descriptive_model_review_pending_human
adjudication-seed-fia-2019-mco-8441c7d5dbef-01,adj-d5ff9f7e1e5e3e46,incident-src-d5ff9f7e1e5e3e46,fia-2019-mco-8441c7d5dbef,2019-mco,2019,Race,causing_collision,99,88,wholly_to_blame,time_penalty,10,2,,pre_driving_guidelines,model_reviewed_agree,15,fia_incident_clock_single_lap_interval,False,False,False,unknown,unknown,unknown,False,machine_extracted_pending_human_review,True,True,descriptive_model_review_pending_human
adjudication-seed-fia-2019-mco-93dff725c78b-01,adj-76f534567702afe9,incident-src-76f534567702afe9,fia-2019-mco-93dff725c78b,2019-mco,2019,Race,causing_collision,33,44,no_conclusion,no_further_action,,,,pre_driving_guidelines,model_reviewed_agree,,unresolved,False,False,False,inside,unknown,unknown,False,machine_extracted_pending_human_review,False,False,descriptive_model_review_pending_human
adjudication-seed-fia-2019-mco-b0bed801d3e3-01,adj-1647a94a71c5efa4,incident-src-1647a94a71c5efa4,fia-2019-mco-b0bed801d3e3,2019-mco,2019,Race,gaining_advantage_off_track,18,,not_applicable,time_penalty,5,1,,pre_driving_guidelines,model_reviewed_corrected,,unresolved,False,False,False,unknown,unknown,unknown,False,machine_extracted_pending_human_review,True,False,descriptive_model_review_pending_human
adjudication-seed-fia-2019-mco-bf9eeec70400-01,adj-675739cef230a725,incident-src-675739cef230a725,fia-2019-mco-bf9eeec70400,2019-mco,2019,Race,causing_collision,44,33,no_conclusion,no_further_action,,,,pre_driving_guidelines,model_reviewed_agree,,unresolved,False,False,False,inside,unknown,unknown,False,machine_extracted_pending_human_review,False,False,descriptive_model_review_pending_human
adjudication-seed-fia-2019-mex-9a84e5496c6b-01,adj-f96f03bc3f42ded4,incident-src-f96f03bc3f42ded4,fia-2019-mex-9a84e5496c6b,2019-mex,2019,Race,causing_collision,26,27,no_conclusion,time_penalty,10,2,,pre_driving_guidelines,model_reviewed_agree,70,fia_incident_clock_single_lap_interval,False,False,False,unknown,unknown,unknown,False,machine_extracted_pending_human_review,True,False,descriptive_model_review_pending_human
adjudication-seed-fia-2019-sgp-4f116694a24c-01,adj-dc7143e62d2b209e,incident-group-17fe6df1bdd9aad8,fia-2019-sgp-4f116694a24c,2019-sgp,2019,Race,causing_collision,7,26,racing_incident,no_further_action,,,,pre_driving_guidelines,model_reviewed_agree,,unresolved,False,False,False,unknown,unknown,unknown,False,machine_extracted_pending_human_review,False,False,descriptive_model_review_pending_human
adjudication-seed-fia-2019-sgp-6c9e26d4cab3-01,adj-cde123f133b0c826,incident-group-3e6d04cc117846eb,fia-2019-sgp-6c9e26d4cab3,2019-sgp,2019,Race,causing_collision,63,8,shared_fault,no_further_action,,,,pre_driving_guidelines,model_reviewed_agree,35,fia_incident_clock_single_lap_interval,False,False,False,ambiguous_both_lines_mentioned,alongside,apex,False,machine_extracted_pending_human_review,False,True,descriptive_model_review_pending_human
adjudication-seed-fia-2019-sgp-6db2310a0bec-01,adj-46676d59c4b4733c,incident-group-3e6d04cc117846eb,fia-2019-sgp-6db2310a0bec,2019-sgp,2019,Race,causing_collision,8,63,shared_fault,no_further_action,,,,pre_driving_guidelines,model_reviewed_agree,35,fia_incident_clock_single_lap_interval,False,False,False,ambiguous_both_lines_mentioned,alongside,apex,False,machine_extracted_pending_human_review,False,True,descriptive_model_review_pending_human
adjudication-seed-fia-2019-sgp-ab76599fc615-01,adj-90a21a4d4da139bd,incident-group-17fe6df1bdd9aad8,fia-2019-sgp-ab76599fc615,2019-sgp,2019,Race,causing_collision,26,7,racing_incident,no_further_action,,,,pre_driving_guidelines,model_reviewed_agree,,unresolved,False,False,False,unknown,unknown,unknown,False,machine_extracted_pending_human_review,False,False,descriptive_model_review_pending_human
adjudication-seed-fia-2019-sgp-d456f4419d4f-01,adj-2863482e9bf6ad20,incident-group-baa04254fb857cd2,fia-2019-sgp-d456f4419d4f,2019-sgp,2019,Race,causing_collision,27,55,racing_incident,no_further_action,,,,pre_driving_guidelines,model_reviewed_agree,1,model_reviewed_source_or_timing,True,False,False,inside,unknown,apex,False,machine_extracted_pending_human_review,False,False,descriptive_model_review_pending_human
adjudication-seed-fia-2019-sgp-e6c461804492-01,adj-a7bd7c94072cc013,incident-group-baa04254fb857cd2,fia-2019-sgp-e6c461804492,2019-sgp,2019,Race,causing_collision,55,27,racing_incident,no_further_action,,,,pre_driving_guidelines,model_reviewed_agree,1,model_reviewed_source_or_timing,True,False,False,inside,unknown,apex,False,machine_extracted_pending_human_review,False,False,descriptive_model_review_pending_human
adjudication-seed-fia-2019-usa-d3bdd32ef24c-01,adj-da2c95f3aa831f34,incident-src-da2c95f3aa831f34,fia-2019-usa-d3bdd32ef24c,2019-usa,2019,Race,causing_collision,26,11,no_conclusion,time_penalty,5,1,,pre_driving_guidelines,model_reviewed_corrected,55,fia_incident_clock_single_lap_interval,False,False,False,unknown,unknown,apex,False,machine_extracted_pending_human_review,True,False,descriptive_model_review_pending_human
adjudication-seed-fia-2019-usa-e8891601d008-01,adj-8fa5a7f8737d47e9,incident-src-8fa5a7f8737d47e9,fia-2019-usa-e8891601d008,2019-usa,2019,Race,causing_collision,23,55,no_conclusion,no_further_action,,,,pre_driving_guidelines,model_reviewed_agree,1,model_reviewed_source_or_timing,True,False,False,unknown,unknown,unknown,False,machine_extracted_pending_human_review,False,False,descriptive_model_review_pending_human
adjudication-seed-fia-2020-70a-2f908d545c9e-01,adj-70745e64b862fd6a,incident-src-70745e64b862fd6a,fia-2020-70a-2f908d545c9e,2020-70a,2020,Race,unsafe_rejoin,20,6,no_conclusion,time_penalty,5,2,,pre_driving_guidelines,model_reviewed_corrected,,unresolved,False,False,False,inside,unknown,unknown,False,machine_extracted_pending_human_review,True,False,descriptive_model_review_pending_human
adjudication-seed-fia-2020-aut-61b974e38056-01,adj-f6450ff6c230f5e0,incident-src-f6450ff6c230f5e0,fia-2020-aut-61b974e38056,2020-aut,2020,Race,causing_collision,44,23,predominantly_to_blame,time_penalty,5,2,,pre_driving_guidelines,model_reviewed_agree,,unresolved,False,False,False,unknown,alongside,apex,False,machine_extracted_pending_human_review,True,True,descriptive_model_review_pending_human
adjudication-seed-fia-2020-bhr-5b520e69cfdd-01,adj-f43e6ce41cf9c965,incident-src-f43e6ce41cf9c965,fia-2020-bhr-5b520e69cfdd,2020-bhr,2020,Race,causing_collision,26,18,wholly_to_blame,time_penalty,10,2,,pre_driving_guidelines,model_reviewed_corrected,3,fia_incident_clock_single_lap_interval,False,False,False,unknown,unknown,unknown,False,machine_extracted_pending_human_review,True,True,descriptive_model_review_pending_human
adjudication-seed-fia-2020-eif-3377de36ccd9-01,adj-cd5bc15f552b8092,incident-src-cd5bc15f552b8092,fia-2020-eif-3377de36ccd9,2020-eif,2020,Race,causing_collision,7,63,no_conclusion,time_penalty,10,2,,pre_driving_guidelines,model_reviewed_corrected,,unresolved,False,False,False,inside,unknown,unknown,False,machine_extracted_pending_human_review,True,False,descriptive_model_review_pending_human
adjudication-seed-fia-2020-eif-588d347b498e-01,adj-334b6200470cb5bc,incident-src-334b6200470cb5bc,fia-2020-eif-588d347b498e,2020-eif,2020,Race,causing_collision,23,26,no_conclusion,time_penalty,5,2,,pre_driving_guidelines,model_reviewed_corrected,18,fia_incident_clock_single_lap_interval,False,False,False,unknown,unknown,apex,True,machine_extracted_pending_human_review,True,False,descriptive_model_review_pending_human
adjudication-seed-fia-2020-emi-399ca2a328b0-01,adj-1b1da487e3a306a9,incident-src-1b1da487e3a306a9,fia-2020-emi-399ca2a328b0,2020-emi,2020,Race,causing_collision,5,20,no_conclusion,no_further_action,,,,pre_driving_guidelines,model_reviewed_corrected,1,race_control_explicit_lap_high_confidence_link,True,False,False,unknown,unknown,unknown,False,machine_extracted_pending_human_review,False,False,descriptive_model_review_pending_human
adjudication-seed-fia-2020-esp-bc594cf0008c-01,adj-c1cfa4c6f7b7d14c,incident-src-c1cfa4c6f7b7d14c,fia-2020-esp-bc594cf0008c,2020-esp,2020,Race,forcing_off_track,99,8,no_conclusion,no_further_action,,,,pre_driving_guidelines,model_reviewed_agree,60,fia_incident_clock_single_lap_interval,False,False,False,inside,unknown,unknown,False,machine_extracted_pending_human_review,False,False,descriptive_model_review_pending_human
adjudication-seed-fia-2020-gbr-09d0b07d741a-01,adj-e605aead612094fc,incident-src-e605aead612094fc,fia-2020-gbr-09d0b07d741a,2020-gbr,2020,Race,moving_under_braking,8,3,not_applicable,warning,,,,pre_driving_guidelines,model_reviewed_corrected,,unresolved,False,False,False,unknown,unknown,unknown,False,machine_extracted_pending_human_review,False,False,descriptive_model_review_pending_human
adjudication-seed-fia-2020-gbr-319c8c2d52b9-01,adj-fcd4a7df5c2a7599,incident-src-fcd4a7df5c2a7599,fia-2020-gbr-319c8c2d52b9,2020-gbr,2020,Race,causing_collision,23,20,predominantly_to_blame,time_penalty,5,2,,pre_driving_guidelines,model_reviewed_agree,,unresolved,False,False,False,inside,unknown,unknown,False,machine_extracted_pending_human_review,True,True,descriptive_model_review_pending_human
adjudication-seed-fia-2020-ita-3d5494c6edc8-01,adj-c473006e0e821fa8,incident-src-c473006e0e821fa8,fia-2020-ita-3d5494c6edc8,2020-ita,2020,Race,causing_collision,23,8,no_conclusion,time_penalty,5,2,,pre_driving_guidelines,model_reviewed_corrected,,unresolved,False,False,False,unknown,unknown,unknown,False,machine_extracted_pending_human_review,True,False,descriptive_model_review_pending_human
adjudication-seed-fia-2020-ita-5e5acd0fdb41-01,adj-0b5349f408329019,incident-src-0b5349f408329019,fia-2020-ita-5e5acd0fdb41,2020-ita,2020,Race,forcing_off_track,33,11,no_conclusion,no_further_action,,,,pre_driving_guidelines,model_reviewed_agree,24,fia_incident_clock_single_lap_interval,False,False,False,unknown,unknown,unknown,False,machine_extracted_pending_human_review,False,False,descriptive_model_review_pending_human
adjudication-seed-fia-2020-por-69db98466a96-01,adj-51812139587add7e,incident-src-51812139587add7e,fia-2020-por-69db98466a96,2020-por,2020,Race,causing_collision,18,4,predominantly_to_blame,time_penalty,5,2,,pre_driving_guidelines,model_reviewed_agree,,unresolved,False,False,False,inside,alongside,apex,False,machine_extracted_pending_human_review,True,True,descriptive_model_review_pending_human
adjudication-seed-fia-2020-skh-9e2651e5d5ba-01,adj-f1add43ec601d687,incident-src-f1add43ec601d687,fia-2020-skh-9e2651e5d5ba,2020-skh,2020,Race,causing_collision,16,11|33,no_conclusion,grid_penalty,,2,3,pre_driving_guidelines,model_reviewed_corrected,1,fia_incident_clock_single_lap_interval,True,False,False,unknown,unknown,unknown,False,machine_extracted_pending_human_review,True,False,descriptive_model_review_pending_human
adjudication-seed-fia-2020-sty-965461bfbe13-01,adj-e29cbda3e8d0967d,incident-src-e29cbda3e8d0967d,fia-2020-sty-965461bfbe13,2020-sty,2020,Race,forcing_off_track,18,3,no_conclusion,no_further_action,,,,pre_driving_guidelines,model_reviewed_corrected,,unresolved,False,False,False,inside,unknown,apex,False,machine_extracted_pending_human_review,False,False,descriptive_model_review_pending_human
adjudication-seed-fia-2020-tus-3299714baba8-01,adj-ca80459eed6f3310,incident-src-ca80459eed6f3310,fia-2020-tus-3299714baba8,2020-tus,2020,Race,causing_collision,8,10|7|33,no_conclusion,no_further_action,,,,pre_driving_guidelines,model_reviewed_corrected,1,fia_incident_clock_single_lap_interval,True,False,False,unknown,alongside,unknown,False,machine_extracted_pending_human_review,False,False,descriptive_model_review_pending_human
adjudication-seed-fia-2020-tus-65bfe923f953-01,adj-fe001d9ef4550a20,incident-src-fe001d9ef4550a20,fia-2020-tus-65bfe923f953,2020-tus,2020,Race,causing_collision,33,10|8|7,no_conclusion,no_further_action,,,,pre_driving_guidelines,model_reviewed_corrected,1,fia_incident_clock_single_lap_interval,True,False,False,unknown,alongside,unknown,False,machine_extracted_pending_human_review,False,False,descriptive_model_review_pending_human
adjudication-seed-fia-2020-tus-8b2908d46c54-01,adj-3bbbd293cbbdc303,incident-src-3bbbd293cbbdc303,fia-2020-tus-8b2908d46c54,2020-tus,2020,Race,causing_collision,10,8|7|33,no_conclusion,no_further_action,,,,pre_driving_guidelines,model_reviewed_corrected,1,fia_incident_clock_single_lap_interval,True,False,False,unknown,alongside,unknown,False,machine_extracted_pending_human_review,False,False,descriptive_model_review_pending_human
adjudication-seed-fia-2020-tus-8f4aa7153d82-01,adj-d8273ef853fc3e35,incident-src-d8273ef853fc3e35,fia-2020-tus-8f4aa7153d82,2020-tus,2020,Race,causing_collision,7,10|8|33,no_conclusion,no_further_action,,,,pre_driving_guidelines,model_reviewed_corrected,1,fia_incident_clock_single_lap_interval,True,False,False,unknown,alongside,unknown,False,machine_extracted_pending_human_review,False,False,descriptive_model_review_pending_human
adjudication-seed-fia-2021-aut-01e04f2a38ce-01,adj-abdb85bbc64ee3ce,incident-src-abdb85bbc64ee3ce,fia-2021-aut-01e04f2a38ce,2021-aut,2021,Race,forcing_off_track,11,16,no_conclusion,time_penalty,5,2,,pre_driving_guidelines,model_reviewed_corrected,46,fia_incident_clock_single_lap_interval,False,False,False,unknown,alongside,exit,False,machine_extracted_pending_human_review,True,False,descriptive_model_review_pending_human
adjudication-seed-fia-2021-aut-5bb9fcd0e3b6-01,adj-777fb475fb7ad14e,incident-src-777fb475fb7ad14e,fia-2021-aut-5bb9fcd0e3b6,2021-aut,2021,Race,causing_collision,7,5,no_conclusion,drive_through,,2,,pre_driving_guidelines,model_reviewed_corrected,70,fia_incident_clock_single_lap_interval,False,False,False,unknown,unknown,unknown,False,machine_extracted_pending_human_review,True,False,descriptive_model_review_pending_human
adjudication-seed-fia-2021-aut-5c20f18ec25e-01,adj-49f9f1c21c411724,incident-src-49f9f1c21c411724,fia-2021-aut-5c20f18ec25e,2021-aut,2021,Race,forcing_off_track,11,16,no_conclusion,time_penalty,5,2,,pre_driving_guidelines,model_reviewed_corrected,40,fia_incident_clock_single_lap_interval,False,False,False,unknown,alongside,exit,False,machine_extracted_pending_human_review,True,False,descriptive_model_review_pending_human
adjudication-seed-fia-2021-aut-634bfff34401-01,adj-54aa1906bbba2dd4,incident-src-54aa1906bbba2dd4,fia-2021-aut-634bfff34401,2021-aut,2021,Race,moving_under_braking,63,7,not_applicable,no_further_action,,,,pre_driving_guidelines,model_reviewed_corrected,,unresolved,False,False,False,unknown,unknown,unknown,False,machine_extracted_pending_human_review,False,False,descriptive_model_review_pending_human
adjudication-seed-fia-2021-aut-f412d61f822f-01,adj-1e536209371259a3,incident-src-1e536209371259a3,fia-2021-aut-f412d61f822f,2021-aut,2021,Race,forcing_off_track,4,11,no_conclusion,time_penalty,5,2,,pre_driving_guidelines,model_reviewed_corrected,,unresolved,False,False,False,unknown,alongside,exit,False,machine_extracted_pending_human_review,True,False,descriptive_model_review_pending_human
adjudication-seed-fia-2021-bhr-4c375a5d45e3-01,adj-fee2caa67a10b6f2,incident-src-fee2caa67a10b6f2,fia-2021-bhr-4c375a5d45e3,2021-bhr,2021,Race,causing_collision,5,31,wholly_to_blame,time_penalty,10,2,,pre_driving_guidelines,model_reviewed_agree,,unresolved,False,False,False,unknown,unknown,unknown,False,machine_extracted_pending_human_review,True,True,descriptive_model_review_pending_human
adjudication-seed-fia-2021-emi-791fd6e0a7e9-01,adj-3651fb62c9bcfb6e,incident-src-3651fb62c9bcfb6e,fia-2021-emi-791fd6e0a7e9,2021-emi,2021,Race,gaining_advantage_off_track,18,10,not_applicable,time_penalty,5,1,,pre_driving_guidelines,model_reviewed_corrected,,unresolved,False,True,False,unknown,unknown,unknown,False,machine_extracted_pending_human_review,True,False,descriptive_model_review_pending_human
adjudication-seed-fia-2021-emi-ac5240ba7d02-01,adj-7ff377c3d8f5c74c,incident-src-7ff377c3d8f5c74c,fia-2021-emi-ac5240ba7d02,2021-emi,2021,Race,causing_collision,63,77,racing_incident,no_further_action,,,,pre_driving_guidelines,model_reviewed_agree,,unresolved,False,True,False,unknown,unknown,unknown,False,machine_extracted_pending_human_review,False,False,descriptive_model_review_pending_human
adjudication-seed-fia-2021-esp-fee027bbec83-01,adj-6e832bed12ff975e,incident-src-6e832bed12ff975e,fia-2021-esp-fee027bbec83,2021-esp,2021,Race,forcing_off_track,14,18,racing_incident,no_further_action,,,,pre_driving_guidelines,model_reviewed_agree,,unresolved,False,False,False,outside,unknown,apex,False,machine_extracted_pending_human_review,False,False,descriptive_model_review_pending_human
adjudication-seed-fia-2021-gbr-2ca2a34d14e0-01,adj-03b38afbf69e24d1,incident-src-03b38afbf69e24d1,fia-2021-gbr-2ca2a34d14e0,2021-gbr,2021,Sprint,causing_collision,63,55,no_conclusion,grid_penalty,,1,3,pre_driving_guidelines,model_reviewed_corrected,,unresolved,False,False,False,ambiguous_both_lines_mentioned,unknown,unknown,False,machine_extracted_pending_human_review,True,False,descriptive_model_review_pending_human
adjudication-seed-fia-2021-gbr-2edd347d5de5-01,adj-a02457481a461185,incident-src-a02457481a461185,fia-2021-gbr-2edd347d5de5,2021-gbr,2021,Race,causing_collision,44,33,predominantly_to_blame,time_penalty,10,2,,pre_driving_guidelines,model_reviewed_agree,1,fia_incident_clock_single_lap_interval,True,False,False,inside,unknown,apex,False,machine_extracted_pending_human_review,True,True,descriptive_model_review_pending_human
adjudication-seed-fia-2021-gbr-74d32cf58767-01,adj-ef78b859db624c3b,incident-src-ef78b859db624c3b,fia-2021-gbr-74d32cf58767,2021-gbr,2021,Race,forcing_off_track,11,7,no_conclusion,no_further_action,,,,pre_driving_guidelines,model_reviewed_corrected,,unresolved,False,False,False,inside,alongside,unknown,False,machine_extracted_pending_human_review,False,False,descriptive_model_review_pending_human
adjudication-seed-fia-2021-gbr-8b960af59804-01,adj-30cd37fefdf5a1b2,incident-src-30cd37fefdf5a1b2,fia-2021-gbr-8b960af59804,2021-gbr,2021,Sprint,unsafe_rejoin,55,63|10,no_conclusion,no_further_action,,,,pre_driving_guidelines,model_reviewed_corrected,,unresolved,False,False,False,unknown,unknown,unknown,False,machine_extracted_pending_human_review,False,False,descriptive_model_review_pending_human
adjudication-seed-fia-2021-hun-06f5959922b8-01,adj-9cf492ef26deae16,incident-src-9cf492ef26deae16,fia-2021-hun-06f5959922b8,2021-hun,2021,Race,causing_collision,77,4,wholly_to_blame,grid_penalty,,2,5,pre_driving_guidelines,model_reviewed_agree,1,fia_incident_clock_single_lap_interval,True,False,False,unknown,unknown,unknown,False,machine_extracted_pending_human_review,True,True,descriptive_model_review_pending_human
adjudication-seed-fia-2021-hun-62b291657006-01,adj-3bb833a815e06668,incident-src-3bb833a815e06668,fia-2021-hun-62b291657006,2021-hun,2021,Race,causing_collision,18,16,wholly_to_blame,grid_penalty,,2,5,pre_driving_guidelines,model_reviewed_agree,1,fia_incident_clock_single_lap_interval,True,False,False,unknown,unknown,unknown,False,machine_extracted_pending_human_review,True,True,descriptive_model_review_pending_human
adjudication-seed-fia-2021-ita-4c12fa91b10c-01,adj-e4fd8aefb1774911,incident-src-e4fd8aefb1774911,fia-2021-ita-4c12fa91b10c,2021-ita,2021,Race,causing_collision,31,5,no_conclusion,time_penalty,5,1,,pre_driving_guidelines,model_reviewed_corrected,,unresolved,False,False,False,unknown,alongside,unknown,False,machine_extracted_pending_human_review,True,False,descriptive_model_review_pending_human
adjudication-seed-fia-2021-ita-7d9dacc5104e-01,adj-f60d03c08c0d59ec,incident-src-f60d03c08c0d59ec,fia-2021-ita-7d9dacc5104e,2021-ita,2021,Race,gaining_advantage_off_track,11,16,not_applicable,time_penalty,5,1,,pre_driving_guidelines,model_reviewed_corrected,,unresolved,False,False,False,unknown,unknown,unknown,False,machine_extracted_pending_human_review,True,False,descriptive_model_review_pending_human
adjudication-seed-fia-2021-ita-7df29923e8ce-01,adj-fca50105e4c6d3fe,incident-src-fca50105e4c6d3fe,fia-2021-ita-7df29923e8ce,2021-ita,2021,Race,unsafe_rejoin,99,55,no_conclusion,time_penalty,5,1,,pre_driving_guidelines,model_reviewed_corrected,1,fia_incident_clock_single_lap_interval,True,False,False,unknown,unknown,apex,False,machine_extracted_pending_human_review,True,False,descriptive_model_review_pending_human
adjudication-seed-fia-2021-ita-92b2944f6398-01,adj-23f9ed84ba3379b7,incident-src-23f9ed84ba3379b7,fia-2021-ita-92b2944f6398,2021-ita,2021,Race,causing_collision,9,47,predominantly_to_blame,time_penalty,5,1,,pre_driving_guidelines,model_reviewed_agree,,unresolved,False,False,False,unknown,unknown,unknown,False,machine_extracted_pending_human_review,True,True,descriptive_model_review_pending_human
adjudication-seed-fia-2021-ita-c67ef61c2b22-01,adj-19a168f046f62aee,incident-src-19a168f046f62aee,fia-2021-ita-c67ef61c2b22,2021-ita,2021,Sprint,gaining_advantage_off_track,11,18,not_applicable,no_further_action,,,,pre_driving_guidelines,model_reviewed_corrected,,unresolved,False,False,False,unknown,unknown,unknown,False,machine_extracted_pending_human_review,False,False,descriptive_model_review_pending_human
adjudication-seed-fia-2021-ita-d726c5d4355d-01,adj-1b5a174b1f09dff2,incident-src-1b5a174b1f09dff2,fia-2021-ita-d726c5d4355d,2021-ita,2021,Race,causing_collision,33,44,predominantly_to_blame,grid_penalty,,2,3,pre_driving_guidelines,model_reviewed_corrected,,unresolved,False,False,False,unknown,alongside,apex,False,machine_extracted_pending_human_review,True,True,descriptive_model_review_pending_human
adjudication-seed-fia-2021-rus-cc74bb905576-01,adj-a2fb74b22534188a,incident-src-a2fb74b22534188a,fia-2021-rus-cc74bb905576,2021-rus,2021,Race,causing_collision,18,10,wholly_to_blame,time_penalty,10,2,,pre_driving_guidelines,model_reviewed_agree,48,fia_incident_clock_single_lap_interval,False,False,False,unknown,unknown,unknown,False,machine_extracted_pending_human_review,True,True,descriptive_model_review_pending_human
adjudication-seed-fia-2021-sao-2a5ecda10fa1-01,adj-3036462c60f0a464,incident-src-3036462c60f0a464,fia-2021-sao-2a5ecda10fa1,2021-sao,2021,Race,causing_collision,22,18,no_conclusion,time_penalty,10,2,,pre_driving_guidelines,model_reviewed_corrected,,unresolved,False,False,False,inside,unknown,unknown,False,machine_extracted_pending_human_review,True,False,descriptive_model_review_pending_human
adjudication-seed-fia-2021-sau-0959688f5106-01,adj-02b95aa6fb08b86f,incident-src-02b95aa6fb08b86f,fia-2021-sau-0959688f5106,2021-sau,2021,Race,causing_collision,33,44,predominantly_to_blame,time_penalty,10,2,,pre_driving_guidelines,model_reviewed_agree,37,fia_incident_clock_single_lap_interval,False,False,False,unknown,unknown,unknown,False,machine_extracted_pending_human_review,True,True,descriptive_model_review_pending_human
adjudication-seed-fia-2021-sau-d305cebeff15-01,adj-f21c53526f851c56,incident-src-f21c53526f851c56,fia-2021-sau-d305cebeff15,2021-sau,2021,Race,causing_collision,11,16,no_conclusion,no_further_action,,,,pre_driving_guidelines,model_reviewed_agree,15,fia_incident_clock_single_lap_interval,False,False,False,unknown,unknown,unknown,False,machine_extracted_pending_human_review,False,False,descriptive_model_review_pending_human
adjudication-seed-fia-2021-sau-df60d44ca35e-01,adj-d7f3f0f646ff62ac,incident-src-d7f3f0f646ff62ac,fia-2021-sau-df60d44ca35e,2021-sau,2021,Race,causing_collision,22,5,no_conclusion,time_penalty,5,2,,pre_driving_guidelines,model_reviewed_corrected,,unresolved,False,False,False,unknown,unknown,unknown,False,machine_extracted_pending_human_review,True,False,descriptive_model_review_pending_human
adjudication-seed-fia-2021-sau-e76c180b19e5-01,adj-d4ae4911fc1c3cf8,incident-src-d4ae4911fc1c3cf8,fia-2021-sau-e76c180b19e5,2021-sau,2021,Race,gaining_advantage_off_track,33,,not_applicable,time_penalty,5,1,,pre_driving_guidelines,model_reviewed_corrected,,unresolved,False,False,False,unknown,unknown,unknown,False,machine_extracted_pending_human_review,True,False,descriptive_model_review_pending_human
adjudication-seed-fia-2021-tur-8316f5ba45fb-01,adj-2c5dc6cc5a2cbef7,incident-src-2c5dc6cc5a2cbef7,fia-2021-tur-8316f5ba45fb,2021-tur,2021,Race,causing_collision,14,47,predominantly_to_blame,time_penalty,5,2,,pre_driving_guidelines,model_reviewed_agree,2,model_reviewed_source_or_timing,False,False,False,unknown,unknown,unknown,False,machine_extracted_pending_human_review,True,True,descriptive_model_review_pending_human
adjudication-seed-fia-2021-tur-93d16b7d94df-01,adj-b778b990971d2a47,incident-src-b778b990971d2a47,fia-2021-tur-93d16b7d94df,2021-tur,2021,Race,causing_collision,10,14,wholly_to_blame,time_penalty,5,2,,pre_driving_guidelines,model_reviewed_agree,1,model_reviewed_source_or_timing,True,False,False,ambiguous_both_lines_mentioned,unknown,unknown,False,machine_extracted_pending_human_review,True,True,descriptive_model_review_pending_human
adjudication-seed-fia-2022-abu-6afd5d82f378-01,adj-5c847c13b64952f6,incident-src-5c847c13b64952f6,fia-2022-abu-6afd5d82f378,2022-abu,2022,Race,causing_collision,47,6,wholly_to_blame,time_penalty,5,2,,internal_driving_guidelines,model_reviewed_agree,38,fia_incident_clock_single_lap_interval,False,False,False,unknown,unknown,unknown,False,machine_extracted_pending_human_review,True,True,descriptive_model_review_pending_human
adjudication-seed-fia-2022-aus-49ed71794697-01,adj-e9708326fa11c315,incident-src-e9708326fa11c315,fia-2022-aus-49ed71794697,2022-aus,2022,Race,multiple_defensive_moves,18,77,not_applicable,time_penalty,5,1,,internal_driving_guidelines,model_reviewed_corrected,,unresolved,False,False,False,unknown,unknown,unknown,False,machine_extracted_pending_human_review,True,False,descriptive_model_review_pending_human
adjudication-seed-fia-2022-aus-60118fcf81d1-01,adj-752796dd8601031a,incident-src-752796dd8601031a,fia-2022-aus-60118fcf81d1,2022-aus,2022,Race,forcing_off_track,20,14,no_conclusion,no_further_action,,,,internal_driving_guidelines,model_reviewed_corrected,,unresolved,False,False,False,unknown,alongside,unknown,False,machine_extracted_pending_human_review,False,False,descriptive_model_review_pending_human
adjudication-seed-fia-2022-aut-0b612be0b626-01,adj-ea983bef6c710033,incident-src-ea983bef6c710033,fia-2022-aut-0b612be0b626,2022-aut,2022,Race,causing_collision,10,5,wholly_to_blame,time_penalty,5,2,,internal_driving_guidelines,model_reviewed_agree,,unresolved,False,False,False,outside,alongside,apex,False,machine_extracted_pending_human_review,True,True,descriptive_model_review_pending_human
adjudication-seed-fia-2022-aut-116bb7866055-01,adj-4336ab73c4471912,incident-src-4336ab73c4471912,fia-2022-aut-116bb7866055,2022-aut,2022,Race,causing_collision,63,11,wholly_to_blame,time_penalty,5,2,,internal_driving_guidelines,model_reviewed_agree,1,fia_incident_clock_single_lap_interval,True,False,False,outside,alongside,apex,False,machine_extracted_pending_human_review,True,True,descriptive_model_review_pending_human
adjudication-seed-fia-2022-aut-ab1a77f87104-01,adj-543da3861599debe,incident-src-543da3861599debe,fia-2022-aut-ab1a77f87104,2022-aut,2022,Sprint,forcing_off_track,23,4,no_conclusion,time_penalty,5,2,,internal_driving_guidelines,model_reviewed_corrected,,unresolved,False,False,False,outside,alongside,unknown,False,machine_extracted_pending_human_review,True,False,descriptive_model_review_pending_human
adjudication-seed-fia-2022-bel-dac27d1c3f36-01,adj-6f98ef40918eece1,incident-src-6f98ef40918eece1,fia-2022-bel-dac27d1c3f36,2022-bel,2022,Race,causing_collision,44,14,no_conclusion,no_further_action,,,,internal_driving_guidelines,model_reviewed_corrected,1,fia_incident_clock_single_lap_interval,True,False,False,inside,unknown,apex,False,machine_extracted_pending_human_review,False,False,descriptive_model_review_pending_human
adjudication-seed-fia-2022-bhr-139703df6539-01,adj-f0d0f579c2d29f95,incident-src-f0d0f579c2d29f95,fia-2022-bhr-139703df6539,2022-bhr,2022,Race,causing_collision,31,47,no_conclusion,time_penalty,5,2,,internal_driving_guidelines,model_reviewed_corrected,1,model_reviewed_source_or_timing,True,False,False,unknown,unknown,unknown,False,machine_extracted_pending_human_review,True,False,descriptive_model_review_pending_human
adjudication-seed-fia-2022-bhr-3f720bfded90-01,adj-005169f6535a0e91,incident-src-005169f6535a0e91,fia-2022-bhr-3f720bfded90,2022-bhr,2022,Race,forcing_off_track,18,4,no_conclusion,no_further_action,,,,internal_driving_guidelines,model_reviewed_corrected,,unresolved,False,False,False,unknown,alongside,apex,False,machine_extracted_pending_human_review,False,False,descriptive_model_review_pending_human
adjudication-seed-fia-2022-can-cf2e6248bf5e-01,adj-ce81011ac9b394b9,incident-src-ce81011ac9b394b9,fia-2022-can-cf2e6248bf5e,2022-can,2022,Race,multiple_defensive_moves,14,77,not_applicable,time_penalty,5,1,,internal_driving_guidelines,model_reviewed_corrected,70,fia_incident_clock_single_lap_interval,False,False,False,unknown,alongside,unknown,False,machine_extracted_pending_human_review,True,False,descriptive_model_review_pending_human
adjudication-seed-fia-2022-esp-9eba7bd2599a-01,adj-b1443a946b9a7bc7,incident-src-b1443a946b9a7bc7,fia-2022-esp-9eba7bd2599a,2022-esp,2022,Race,causing_collision,10,18,no_conclusion,time_penalty,5,2,,internal_driving_guidelines,model_reviewed_corrected,27,fia_incident_clock_single_lap_interval,False,False,False,outside,alongside,apex,False,machine_extracted_pending_human_review,True,False,descriptive_model_review_pending_human
adjudication-seed-fia-2022-fra-21ed142c13a0-01,adj-7d3d410e6a4ba360,incident-src-7d3d410e6a4ba360,fia-2022-fra-21ed142c13a0,2022-fra,2022,Race,causing_collision,24,47,predominantly_to_blame,time_penalty,5,2,,internal_driving_guidelines,model_reviewed_agree,,unresolved,False,False,False,outside,unknown,apex,True,machine_extracted_pending_human_review,True,True,descriptive_model_review_pending_human
adjudication-seed-fia-2022-fra-5b00af9baee5-01,adj-895a772a98e8bd31,incident-src-895a772a98e8bd31,fia-2022-fra-5b00af9baee5,2022-fra,2022,Race,causing_collision,31,22,predominantly_to_blame,time_penalty,5,2,,internal_driving_guidelines,model_reviewed_agree,,unresolved,False,False,False,unknown,unknown,unknown,True,machine_extracted_pending_human_review,True,True,descriptive_model_review_pending_human
adjudication-seed-fia-2022-fra-832a818ac903-01,adj-91bd2176be4c7ceb,incident-group-57d76c19243d2b20,fia-2022-fra-832a818ac903,2022-fra,2022,Race,causing_collision,6,20,shared_fault,no_further_action,,,,internal_driving_guidelines,model_reviewed_agree,,unresolved,False,False,False,ambiguous_both_lines_mentioned,unknown,apex,False,machine_extracted_pending_human_review,False,True,descriptive_model_review_pending_human
adjudication-seed-fia-2022-fra-f29d68ccd9b0-01,adj-285944dc1f5d725d,incident-group-57d76c19243d2b20,fia-2022-fra-f29d68ccd9b0,2022-fra,2022,Race,causing_collision,20,6,shared_fault,no_further_action,,,,internal_driving_guidelines,model_reviewed_agree,,unresolved,False,False,False,ambiguous_both_lines_mentioned,unknown,apex,False,machine_extracted_pending_human_review,False,True,descriptive_model_review_pending_human
adjudication-seed-fia-2022-gbr-81e6a9badf51-01,adj-2f0e84f6cc910eed,incident-src-2f0e84f6cc910eed,fia-2022-gbr-81e6a9badf51,2022-gbr,2022,Race,causing_collision,22,10,predominantly_to_blame,time_penalty,5,2,,internal_driving_guidelines,model_reviewed_corrected,11,fia_incident_clock_single_lap_interval,False,False,False,unknown,unknown,unknown,True,machine_extracted_pending_human_review,True,True,descriptive_model_review_pending_human
adjudication-seed-fia-2022-hun-12e2b5910b5d-01,adj-c2798a8076b05840,incident-src-c2798a8076b05840,fia-2022-hun-12e2b5910b5d,2022-hun,2022,Race,gaining_advantage_off_track,24,47,not_applicable,no_further_action,,,,internal_driving_guidelines,model_reviewed_corrected,69,fia_incident_clock_single_lap_interval,False,False,False,ambiguous_both_lines_mentioned,alongside,apex,False,machine_extracted_pending_human_review,False,False,descriptive_model_review_pending_human
adjudication-seed-fia-2022-hun-3dec8ba58233-01,adj-4a51b4c5ae3b893d,incident-src-4a51b4c5ae3b893d,fia-2022-hun-3dec8ba58233,2022-hun,2022,Race,causing_collision,3,18,wholly_to_blame,time_penalty,5,2,,internal_driving_guidelines,model_reviewed_agree,47,fia_incident_clock_single_lap_interval,False,False,False,outside,unknown,unknown,False,machine_extracted_pending_human_review,True,True,descriptive_model_review_pending_human
adjudication-seed-fia-2022-ita-cd52e475af6e-01,adj-fddccc34ecc40f6c,incident-src-fddccc34ecc40f6c,fia-2022-ita-cd52e475af6e,2022-ita,2022,Race,gaining_advantage_off_track,20,6,not_applicable,time_penalty,5,1,,internal_driving_guidelines,model_reviewed_corrected,1,race_control_explicit_lap_candidate_link,True,False,False,unknown,unknown,unknown,False,machine_extracted_pending_human_review,True,False,descriptive_model_review_pending_human
adjudication-seed-fia-2022-jpn-786e23bdcd54-01,adj-b8d4324786805037,incident-src-b8d4324786805037,fia-2022-jpn-786e23bdcd54,2022-jpn,2022,Race,gaining_advantage_off_track,16,,not_applicable,time_penalty,5,1,,internal_driving_guidelines,model_reviewed_corrected,28,fia_incident_clock_single_lap_interval,False,False,False,unknown,unknown,unknown,False,machine_extracted_pending_human_review,True,False,descriptive_model_review_pending_human
adjudication-seed-fia-2022-mco-97b07e9513b1-01,adj-c7417e575dc4ccd4,incident-src-c7417e575dc4ccd4,fia-2022-mco-97b07e9513b1,2022-mco,2022,Race,causing_collision,31,44,no_conclusion,time_penalty,5,1,,internal_driving_guidelines,model_reviewed_corrected,,unresolved,False,False,False,unknown,alongside,unknown,False,machine_extracted_pending_human_review,True,False,descriptive_model_review_pending_human
adjudication-seed-fia-2022-mco-a85320aa2719-01,adj-a3cd03fc1f19e87d,incident-src-a3cd03fc1f19e87d,fia-2022-mco-a85320aa2719,2022-mco,2022,Race,gaining_advantage_off_track,23,47|24,not_applicable,time_penalty,5,1,,internal_driving_guidelines,model_reviewed_corrected,22,fia_incident_clock_single_lap_interval,False,False,False,unknown,unknown,unknown,False,machine_extracted_pending_human_review,True,False,descriptive_model_review_pending_human
adjudication-seed-fia-2022-mex-0c20b3af2f45-01,adj-e25cec29abffafb1,incident-src-e25cec29abffafb1,fia-2022-mex-0c20b3af2f45,2022-mex,2022,Race,gaining_advantage_off_track,10,18,not_applicable,time_penalty,5,1,,internal_driving_guidelines,model_reviewed_corrected,,unresolved,False,False,False,unknown,unknown,unknown,False,machine_extracted_pending_human_review,True,False,descriptive_model_review_pending_human
adjudication-seed-fia-2022-mex-9975b4f5dd0e-01,adj-2642da4344825f6e,incident-src-2642da4344825f6e,fia-2022-mex-9975b4f5dd0e,2022-mex,2022,Race,causing_collision,3,22,no_conclusion,time_penalty,10,2,,internal_driving_guidelines,model_reviewed_corrected,50,fia_incident_clock_single_lap_interval,False,False,False,unknown,unknown,unknown,False,machine_extracted_pending_human_review,True,False,descriptive_model_review_pending_human
adjudication-seed-fia-2022-mia-200cbc833915-01,adj-28c62e2652e40363,incident-src-28c62e2652e40363,fia-2022-mia-200cbc833915,2022-mia,2022,Race,causing_collision,20,18,no_conclusion,no_further_action,,,,internal_driving_guidelines,model_reviewed_agree,47,fia_incident_clock_single_lap_interval,False,False,False,unknown,unknown,unknown,False,machine_extracted_pending_human_review,False,False,descriptive_model_review_pending_human
adjudication-seed-fia-2022-mia-2f9a772ddfb1-01,adj-d7bbf8b8f5834a44,incident-src-d7bbf8b8f5834a44,fia-2022-mia-2f9a772ddfb1,2022-mia,2022,Race,causing_collision,18,20,no_conclusion,no_further_action,,,,internal_driving_guidelines,model_reviewed_agree,47,fia_incident_clock_single_lap_interval,False,False,False,unknown,unknown,unknown,False,machine_extracted_pending_human_review,False,False,descriptive_model_review_pending_human
adjudication-seed-fia-2022-mia-36df1eeb5c9c-01,adj-ec1cbeb429741336,incident-src-ec1cbeb429741336,fia-2022-mia-36df1eeb5c9c,2022-mia,2022,Race,causing_collision,20,18,wholly_to_blame,time_penalty,5,2,,internal_driving_guidelines,model_reviewed_agree,,unresolved,False,False,False,unknown,unknown,unknown,False,machine_extracted_pending_human_review,True,True,descriptive_model_review_pending_human
adjudication-seed-fia-2022-mia-3a5e6c955052-01,adj-c2b66e044c2c2a46,incident-src-c2b66e044c2c2a46,fia-2022-mia-3a5e6c955052,2022-mia,2022,Race,gaining_advantage_off_track,3,20,not_applicable,time_penalty,5,1,,internal_driving_guidelines,model_reviewed_corrected,,unresolved,False,False,False,unknown,alongside,unknown,False,machine_extracted_pending_human_review,True,False,descriptive_model_review_pending_human
adjudication-seed-fia-2022-mia-3ef5fd2c5510-01,adj-a738d13a55b1a41c,incident-src-a738d13a55b1a41c,fia-2022-mia-3ef5fd2c5510,2022-mia,2022,Race,gaining_advantage_off_track,14,,not_applicable,time_penalty,5,1,,internal_driving_guidelines,model_reviewed_corrected,,unresolved,False,False,False,unknown,unknown,unknown,False,machine_extracted_pending_human_review,True,False,descriptive_model_review_pending_human
adjudication-seed-fia-2022-mia-4865bb704728-01,adj-03184f34ac76878c,incident-src-03184f34ac76878c,fia-2022-mia-4865bb704728,2022-mia,2022,Race,causing_collision,14,10,no_conclusion,time_penalty,5,2,,internal_driving_guidelines,model_reviewed_corrected,,unresolved,False,False,False,unknown,unknown,unknown,False,machine_extracted_pending_human_review,True,False,descriptive_model_review_pending_human
adjudication-seed-fia-2022-mia-604f9861a2a2-01,adj-73fce9170579e36d,incident-src-73fce9170579e36d,fia-2022-mia-604f9861a2a2,2022-mia,2022,Race,causing_collision,47,5,shared_fault,no_further_action,,,,internal_driving_guidelines,model_reviewed_agree,48,fia_incident_clock_single_lap_interval,False,False,False,unknown,unknown,unknown,False,machine_extracted_pending_human_review,False,True,descriptive_model_review_pending_human
adjudication-seed-fia-2022-mia-bbafb6bcc091-01,adj-edbdab17f12114c7,incident-src-edbdab17f12114c7,fia-2022-mia-bbafb6bcc091,2022-mia,2022,Race,gaining_advantage_off_track,14,31|23,not_applicable,no_further_action,,,,internal_driving_guidelines,model_reviewed_corrected,,unresolved,False,False,False,unknown,unknown,unknown,False,machine_extracted_pending_human_review,False,False,descriptive_model_review_pending_human
adjudication-seed-fia-2022-mia-f80da2ca1128-01,adj-accee74fb15b4fa6,incident-src-accee74fb15b4fa6,fia-2022-mia-f80da2ca1128,2022-mia,2022,Race,causing_collision,5,47,shared_fault,no_further_action,,,,internal_driving_guidelines,model_reviewed_agree,48,fia_incident_clock_single_lap_interval,False,False,False,unknown,unknown,unknown,False,machine_extracted_pending_human_review,False,True,descriptive_model_review_pending_human
adjudication-seed-fia-2022-sao-002711fb5ae0-01,adj-a3a7fbd881640e16,incident-src-a3a7fbd881640e16,fia-2022-sao-002711fb5ae0,2022-sao,2022,Sprint,forcing_off_track,18,5,no_conclusion,time_penalty,10,3,,internal_driving_guidelines,model_reviewed_agree,,unresolved,False,False,False,unknown,unknown,unknown,False,machine_extracted_pending_human_review,True,False,descriptive_model_review_pending_human
adjudication-seed-fia-2022-sao-1389f4a1ad53-01,adj-e01a3f0d7bc0ac4d,incident-src-e01a3f0d7bc0ac4d,fia-2022-sao-1389f4a1ad53,2022-sao,2022,Sprint,causing_collision,14,31,wholly_to_blame,time_penalty,5,2,,internal_driving_guidelines,model_reviewed_agree,,unresolved,False,False,False,unknown,unknown,unknown,False,machine_extracted_pending_human_review,True,True,descriptive_model_review_pending_human
adjudication-seed-fia-2022-sao-695fd61e1d50-01,adj-96f32b26fd720b87,incident-src-96f32b26fd720b87,fia-2022-sao-695fd61e1d50,2022-sao,2022,Race,causing_collision,4,16,wholly_to_blame,time_penalty,5,2,,internal_driving_guidelines,model_reviewed_agree,,unresolved,False,False,False,inside,unknown,apex,False,machine_extracted_pending_human_review,True,True,descriptive_model_review_pending_human
adjudication-seed-fia-2022-sao-912114518455-01,adj-40c4f3d12c15506c,incident-src-40c4f3d12c15506c,fia-2022-sao-912114518455,2022-sao,2022,Race,causing_collision,1,44,predominantly_to_blame,time_penalty,5,2,,internal_driving_guidelines,model_reviewed_agree,,unresolved,False,False,False,outside,unknown,apex,False,machine_extracted_pending_human_review,True,True,descriptive_model_review_pending_human
adjudication-seed-fia-2022-sao-b61d2a302ed0-01,adj-3700ca1e1401e213,incident-src-3700ca1e1401e213,fia-2022-sao-b61d2a302ed0,2022-sao,2022,Race,causing_collision,3,20,wholly_to_blame,grid_penalty,,2,3,internal_driving_guidelines,model_reviewed_agree,1,fia_incident_clock_single_lap_interval,True,False,False,unknown,unknown,unknown,False,machine_extracted_pending_human_review,True,True,descriptive_model_review_pending_human
adjudication-seed-fia-2022-sau-626edbbd5a3a-01,adj-3baf9aacecb5c6e5,incident-src-3baf9aacecb5c6e5,fia-2022-sau-626edbbd5a3a,2022-sau,2022,Race,causing_collision,23,18,predominantly_to_blame,grid_penalty,,2,3,internal_driving_guidelines,model_reviewed_corrected,48,model_reviewed_source_or_timing,False,False,False,inside,unknown,apex,False,machine_extracted_pending_human_review,True,True,descriptive_model_review_pending_human
adjudication-seed-fia-2022-sau-fa0b9513331c-01,adj-9cb2c84260f7e56e,incident-src-9cb2c84260f7e56e,fia-2022-sau-fa0b9513331c,2022-sau,2022,Race,gaining_advantage_off_track,24,23,not_applicable,time_penalty,5,1,,internal_driving_guidelines,model_reviewed_corrected,,unresolved,False,False,False,unknown,unknown,unknown,False,machine_extracted_pending_human_review,True,False,descriptive_model_review_pending_human
adjudication-seed-fia-2022-sgp-43a8ea523d85-01,adj-f74ed9090eea7d2d,incident-src-f74ed9090eea7d2d,fia-2022-sgp-43a8ea523d85,2022-sgp,2022,Race,causing_collision,1,20,racing_incident,no_further_action,,,,internal_driving_guidelines,model_reviewed_agree,1,model_reviewed_source_or_timing,True,False,False,unknown,unknown,unknown,False,machine_extracted_pending_human_review,False,False,descriptive_model_review_pending_human
adjudication-seed-fia-2022-sgp-f8928d0688eb-01,adj-ef4a6332c1a930b5,incident-src-ef4a6332c1a930b5,fia-2022-sgp-f8928d0688eb,2022-sgp,2022,Race,causing_collision,6,24,predominantly_to_blame,grid_penalty,,2,5,internal_driving_guidelines,model_reviewed_corrected,7,fia_incident_clock_single_lap_interval,False,False,False,unknown,unknown,unknown,False,machine_extracted_pending_human_review,True,True,descriptive_model_review_pending_human
adjudication-seed-fia-2022-usa-06bd3fce2943-01,adj-e828b49af09e3c17,incident-src-e828b49af09e3c17,fia-2022-usa-06bd3fce2943,2022-usa,2022,Race,gaining_advantage_off_track,23,,not_applicable,time_penalty,5,1,,internal_driving_guidelines,model_reviewed_corrected,,unresolved,False,False,False,unknown,unknown,unknown,False,machine_extracted_pending_human_review,True,False,descriptive_model_review_pending_human
adjudication-seed-fia-2022-usa-3fa875d5a85e-01,adj-8056dff0ab98fd58,incident-src-8056dff0ab98fd58,fia-2022-usa-3fa875d5a85e,2022-usa,2022,Race,causing_collision,6,47,no_conclusion,time_penalty,5,2,,internal_driving_guidelines,model_reviewed_corrected,38,fia_incident_clock_single_lap_interval,False,False,False,unknown,unknown,unknown,False,machine_extracted_pending_human_review,True,False,descriptive_model_review_pending_human
adjudication-seed-fia-2022-usa-77995d83458f-01,adj-9c5057e738e04730,incident-src-9c5057e738e04730,fia-2022-usa-77995d83458f,2022-usa,2022,Race,causing_collision,63,55,no_conclusion,time_penalty,5,2,,internal_driving_guidelines,model_reviewed_corrected,1,fia_incident_clock_single_lap_interval,True,False,False,unknown,unknown,unknown,False,machine_extracted_pending_human_review,True,False,descriptive_model_review_pending_human
adjudication-seed-fia-2022-usa-be8d3f7fc123-01,adj-cbab2a2368386dd0,incident-src-cbab2a2368386dd0,fia-2022-usa-be8d3f7fc123,2022-usa,2022,Race,causing_collision,18,14,predominantly_to_blame,grid_penalty,,2,3,internal_driving_guidelines,model_reviewed_agree,22,fia_incident_clock_single_lap_interval,False,False,False,unknown,unknown,unknown,False,machine_extracted_pending_human_review,True,True,descriptive_model_review_pending_human
adjudication-seed-fia-2023-abu-61d6bbfe959e-01,adj-2dbfd4a2eafd6834,incident-src-2dbfd4a2eafd6834,fia-2023-abu-61d6bbfe959e,2023-abu,2023,Race,causing_collision,44,10,no_conclusion,no_further_action,,,,internal_driving_guidelines,model_reviewed_agree,15,fia_incident_clock_single_lap_interval,False,False,False,unknown,unknown,unknown,False,machine_extracted_pending_human_review,False,False,descriptive_model_review_pending_human
adjudication-seed-fia-2023-abu-bceb18192f57-01,adj-476ced553759f1d7,incident-src-476ced553759f1d7,fia-2023-abu-bceb18192f57,2023-abu,2023,Race,causing_collision,11,4,no_conclusion,time_penalty,5,2,,internal_driving_guidelines,model_reviewed_corrected,,unresolved,False,False,False,unknown,alongside,apex,True,machine_extracted_pending_human_review,True,False,descriptive_model_review_pending_human
adjudication-seed-fia-2023-aus-0144b2323236-01,adj-3ccb9c1bd9cedb01,incident-group-fba25307a3d5ad50,fia-2023-aus-0144b2323236,2023-aus,2023,Race,causing_collision,31,10,racing_incident,no_further_action,,,,internal_driving_guidelines,model_reviewed_agree,,unresolved,True,False,False,unknown,unknown,unknown,False,machine_extracted_pending_human_review,False,False,descriptive_model_review_pending_human
adjudication-seed-fia-2023-aus-039df3ca41c2-01,adj-844c3eb0fcd476be,incident-src-844c3eb0fcd476be,fia-2023-aus-039df3ca41c2,2023-aus,2023,Race,causing_collision,55,14,wholly_to_blame,time_penalty,5,2,,internal_driving_guidelines,model_reviewed_agree,,unresolved,True,False,False,unknown,unknown,unknown,False,machine_extracted_pending_human_review,True,True,descriptive_model_review_pending_human
adjudication-seed-fia-2023-aus-500bb4f284ba-01,adj-90197ab5c6f59cb7,incident-group-fba25307a3d5ad50,fia-2023-aus-500bb4f284ba,2023-aus,2023,Race,causing_collision,10,31,racing_incident,no_further_action,,,,internal_driving_guidelines,model_reviewed_agree,,unresolved,True,False,False,unknown,unknown,unknown,False,machine_extracted_pending_human_review,False,False,descriptive_model_review_pending_human
adjudication-seed-fia-2023-aut-b9a48d1d47b0-01,adj-322e1b8d35cf5618,incident-src-322e1b8d35cf5618,fia-2023-aut-b9a48d1d47b0,2023-aut,2023,Race,forcing_off_track,21,20,no_conclusion,time_penalty,5,2,,internal_driving_guidelines,model_reviewed_corrected,34,fia_incident_clock_single_lap_interval,False,False,False,outside,unknown,apex,False,machine_extracted_pending_human_review,True,False,descriptive_model_review_pending_human
adjudication-seed-fia-2023-bel-114852357eb8-01,adj-776c2086c0a9c6de,incident-src-776c2086c0a9c6de,fia-2023-bel-114852357eb8,2023-bel,2023,Sprint,causing_collision,44,11,predominantly_to_blame,time_penalty,5,2,,internal_driving_guidelines,model_reviewed_agree,,unresolved,False,True,False,inside,unknown,unknown,False,machine_extracted_pending_human_review,True,True,descriptive_model_review_pending_human
adjudication-seed-fia-2023-can-572578a57a9b-01,adj-bc46b8ef7db29a9f,incident-src-bc46b8ef7db29a9f,fia-2023-can-572578a57a9b,2023-can,2023,Race,causing_collision,20,21,no_conclusion,no_further_action,,,,internal_driving_guidelines,model_reviewed_agree,,unresolved,False,False,False,inside,unknown,unknown,False,machine_extracted_pending_human_review,False,False,descriptive_model_review_pending_human
adjudication-seed-fia-2023-can-79ff129eac93-01,adj-59a7fa0595802b73,incident-src-59a7fa0595802b73,fia-2023-can-79ff129eac93,2023-can,2023,Race,causing_collision,21,20,no_conclusion,no_further_action,,,,internal_driving_guidelines,model_reviewed_agree,,unresolved,False,False,False,inside,unknown,unknown,False,machine_extracted_pending_human_review,False,False,descriptive_model_review_pending_human
adjudication-seed-fia-2023-esp-d60c194c8ff7-01,adj-b762034ba93ba8b3,incident-src-b762034ba93ba8b3,fia-2023-esp-d60c194c8ff7,2023-esp,2023,Race,forcing_off_track,22,24,no_conclusion,time_penalty,5,1,,internal_driving_guidelines,model_reviewed_corrected,56,fia_incident_clock_single_lap_interval,False,False,False,unknown,unknown,apex,False,machine_extracted_pending_human_review,True,False,descriptive_model_review_pending_human
adjudication-seed-fia-2023-gbr-c357ab019929-01,adj-f17f068e5fcade97,incident-src-f17f068e5fcade97,fia-2023-gbr-c357ab019929,2023-gbr,2023,Race,causing_collision,18,10,no_conclusion,time_penalty,5,2,,internal_driving_guidelines,model_reviewed_corrected,,unresolved,False,False,False,unknown,unknown,apex,False,machine_extracted_pending_human_review,True,False,descriptive_model_review_pending_human
adjudication-seed-fia-2023-hun-0707a92a8ea9-01,adj-c8f5cfeb2f7e6b47,incident-src-c8f5cfeb2f7e6b47,fia-2023-hun-0707a92a8ea9,2023-hun,2023,Race,causing_collision,24,3,no_conclusion,time_penalty,5,2,,internal_driving_guidelines,model_reviewed_corrected,1,fia_incident_clock_single_lap_interval,True,False,False,unknown,unknown,unknown,False,machine_extracted_pending_human_review,True,False,descriptive_model_review_pending_human
adjudication-seed-fia-2023-ita-06048f646efe-01,adj-c44453d1de46285e,incident-src-c44453d1de46285e,fia-2023-ita-06048f646efe,2023-ita,2023,Race,causing_collision,2,77,no_conclusion,time_penalty,5,2,,internal_driving_guidelines,model_reviewed_corrected,,unresolved,False,False,False,inside,unknown,unknown,False,machine_extracted_pending_human_review,True,False,descriptive_model_review_pending_human
adjudication-seed-fia-2023-ita-695ef0d50644-01,adj-54e879286ae14a87,incident-src-54e879286ae14a87,fia-2023-ita-695ef0d50644,2023-ita,2023,Race,gaining_advantage_off_track,63,31,not_applicable,time_penalty,5,,,internal_driving_guidelines,model_reviewed_corrected,,unresolved,False,False,False,inside,unknown,apex,False,machine_extracted_pending_human_review,True,False,descriptive_model_review_pending_human
adjudication-seed-fia-2023-ita-c07ce16b4e46-01,adj-aa926d6db0e47df5,incident-src-aa926d6db0e47df5,fia-2023-ita-c07ce16b4e46,2023-ita,2023,Race,causing_collision,44,81,no_conclusion,time_penalty,5,2,,internal_driving_guidelines,model_reviewed_corrected,41,fia_incident_clock_single_lap_interval,False,False,False,unknown,unknown,unknown,False,machine_extracted_pending_human_review,True,False,descriptive_model_review_pending_human
adjudication-seed-fia-2023-ita-de884677f296-01,adj-abd5652e3930b04c,incident-src-abd5652e3930b04c,fia-2023-ita-de884677f296,2023-ita,2023,Race,gaining_advantage_off_track,81,40,not_applicable,time_penalty,5,,,internal_driving_guidelines,model_reviewed_corrected,49,fia_incident_clock_single_lap_interval,False,False,False,unknown,unknown,apex,False,machine_extracted_pending_human_review,True,False,descriptive_model_review_pending_human
adjudication-seed-fia-2023-jpn-45592291a09c-01,adj-478d73ac843b6a2b,incident-src-478d73ac843b6a2b,fia-2023-jpn-45592291a09c,2023-jpn,2023,Race,causing_collision,11,20,predominantly_to_blame,time_penalty,5,2,,internal_driving_guidelines,model_reviewed_agree,12,fia_incident_clock_single_lap_interval,False,False,False,inside,alongside,unknown,False,machine_extracted_pending_human_review,True,True,descriptive_model_review_pending_human
adjudication-seed-fia-2023-jpn-ce0c4d6ce752-01,adj-ac7b841c1ea1648e,incident-src-ac7b841c1ea1648e,fia-2023-jpn-ce0c4d6ce752,2023-jpn,2023,Race,causing_collision,2,77,predominantly_to_blame,time_penalty,5,2,,internal_driving_guidelines,model_reviewed_agree,5,fia_incident_clock_single_lap_interval,False,False,False,outside,alongside,unknown,False,machine_extracted_pending_human_review,True,True,descriptive_model_review_pending_human
adjudication-seed-fia-2023-lvs-477cbe1a4d5c-01,adj-d7ab78271e2eba13,incident-src-d7ab78271e2eba13,fia-2023-lvs-477cbe1a4d5c,2023-lvs,2023,Race,forcing_off_track,1,16,no_conclusion,time_penalty,5,2,,internal_driving_guidelines,model_reviewed_corrected,1,race_control_explicit_lap_candidate_link,True,False,False,unknown,unknown,apex,False,machine_extracted_pending_human_review,True,False,descriptive_model_review_pending_human
adjudication-seed-fia-2023-lvs-a4a270ae6fd0-01,adj-13ca9edd8c45db6f,incident-src-13ca9edd8c45db6f,fia-2023-lvs-a4a270ae6fd0,2023-lvs,2023,Race,causing_collision,63,1,no_conclusion,time_penalty,5,2,,internal_driving_guidelines,model_reviewed_corrected,25,fia_incident_clock_single_lap_interval,False,False,False,unknown,alongside,apex,False,machine_extracted_pending_human_review,True,False,descriptive_model_review_pending_human
adjudication-seed-fia-2023-mco-4b0df1c86e92-01,adj-dddf2d8d47ab0fc0,incident-src-dddf2d8d47ab0fc0,fia-2023-mco-4b0df1c86e92,2023-mco,2023,Race,causing_collision,27,,no_conclusion,time_penalty,5,2,,internal_driving_guidelines,model_reviewed_corrected,1,fia_incident_clock_single_lap_interval,True,False,False,inside,unknown,unknown,False,machine_extracted_pending_human_review,True,False,descriptive_model_review_pending_human
adjudication-seed-fia-2023-mco-714f0af99f3c-01,adj-fbe0c3835d72fcf2,incident-src-fbe0c3835d72fcf2,fia-2023-mco-714f0af99f3c,2023-mco,2023,Race,unsafe_rejoin,63,11,no_conclusion,time_penalty,5,2,,internal_driving_guidelines,model_reviewed_corrected,55,fia_incident_clock_single_lap_interval,False,False,False,unknown,unknown,unknown,False,machine_extracted_pending_human_review,True,False,descriptive_model_review_pending_human
adjudication-seed-fia-2023-mex-1b2fb3ec7748-01,adj-dc4289d79e963b95,incident-src-dc4289d79e963b95,fia-2023-mex-1b2fb3ec7748,2023-mex,2023,Race,causing_collision,81,22,no_conclusion,no_further_action,,,,internal_driving_guidelines,model_reviewed_agree,,unresolved,False,False,False,unknown,unknown,apex,False,machine_extracted_pending_human_review,False,False,descriptive_model_review_pending_human
adjudication-seed-fia-2023-mex-35cdf2b38073-01,adj-34174de921925489,incident-src-34174de921925489,fia-2023-mex-35cdf2b38073,2023-mex,2023,Race,causing_collision,22,81,no_conclusion,no_further_action,,,,internal_driving_guidelines,model_reviewed_agree,,unresolved,False,False,False,unknown,unknown,apex,False,machine_extracted_pending_human_review,False,False,descriptive_model_review_pending_human
adjudication-seed-fia-2023-mex-6b86d52dd897-01,adj-2d49e6748d813e58,incident-src-2d49e6748d813e58,fia-2023-mex-6b86d52dd897,2023-mex,2023,Race,causing_collision,22,81,no_conclusion,no_further_action,,,,internal_driving_guidelines,model_reviewed_agree,,unresolved,False,False,False,unknown,alongside,apex|exit,False,machine_extracted_pending_human_review,False,False,descriptive_model_review_pending_human
adjudication-seed-fia-2023-mex-8f576b6655ce-01,adj-2e96bcd611e65b6d,incident-src-2e96bcd611e65b6d,fia-2023-mex-8f576b6655ce,2023-mex,2023,Race,causing_collision,77,18,predominantly_to_blame,time_penalty,5,2,,internal_driving_guidelines,model_reviewed_agree,66,fia_incident_clock_single_lap_interval,False,False,False,unknown,unknown,exit,False,machine_extracted_pending_human_review,True,True,descriptive_model_review_pending_human
adjudication-seed-fia-2023-mex-9aa5ef85abc1-01,adj-ad1abaf93ca48981,incident-src-ad1abaf93ca48981,fia-2023-mex-9aa5ef85abc1,2023-mex,2023,Race,causing_collision,81,22,no_conclusion,no_further_action,,,,internal_driving_guidelines,model_reviewed_agree,,unresolved,False,False,False,unknown,alongside,apex|exit,False,machine_extracted_pending_human_review,False,False,descriptive_model_review_pending_human
adjudication-seed-fia-2023-ned-26a60af9f412-01,adj-43692d4605090feb,incident-src-43692d4605090feb,fia-2023-ned-26a60af9f412,2023-ned,2023,Race,causing_collision,22,63,predominantly_to_blame,time_penalty,5,2,,internal_driving_guidelines,model_reviewed_agree,,unresolved,False,False,False,ambiguous_both_lines_mentioned,unknown,unknown,False,machine_extracted_pending_human_review,True,True,descriptive_model_review_pending_human
adjudication-seed-fia-2023-qat-002060120e1b-01,adj-2bb6a3e3238bf797,incident-group-3d3328a390c3ac33,fia-2023-qat-002060120e1b,2023-qat,2023,Sprint,causing_collision,11,27|31,no_conclusion,no_further_action,,,,internal_driving_guidelines,model_reviewed_corrected,,unresolved,False,False,False,outside,alongside,unknown,False,machine_extracted_pending_human_review,False,False,descriptive_model_review_pending_human
adjudication-seed-fia-2023-qat-04250e16f5a2-01,adj-f5b1f1c51a022137,incident-src-f5b1f1c51a022137,fia-2023-qat-04250e16f5a2,2023-qat,2023,Race,causing_collision,44,63,no_conclusion,no_further_action,,,,internal_driving_guidelines,model_reviewed_agree,1,model_reviewed_source_or_timing,True,False,False,unknown,unknown,unknown,False,machine_extracted_pending_human_review,False,False,descriptive_model_review_pending_human
adjudication-seed-fia-2023-qat-8a64aec7daf5-01,adj-3963f9cb2db8ec33,incident-group-3d3328a390c3ac33,fia-2023-qat-8a64aec7daf5,2023-qat,2023,Sprint,causing_collision,31,11|27,no_conclusion,no_further_action,,,,internal_driving_guidelines,model_reviewed_corrected,,unresolved,False,False,False,outside,alongside,unknown,False,machine_extracted_pending_human_review,False,False,descriptive_model_review_pending_human
adjudication-seed-fia-2023-qat-925cce82b462-01,adj-b485215d0d2901c7,incident-src-b485215d0d2901c7,fia-2023-qat-925cce82b462,2023-qat,2023,Race,unsafe_rejoin,14,16,no_conclusion,reprimand,,,,internal_driving_guidelines,model_reviewed_corrected,,unresolved,False,False,False,unknown,unknown,unknown,False,machine_extracted_pending_human_review,False,False,descriptive_model_review_pending_human
adjudication-seed-fia-2023-qat-9b045d16fdac-01,adj-be81901bac03674e,incident-group-3d3328a390c3ac33,fia-2023-qat-9b045d16fdac,2023-qat,2023,Sprint,causing_collision,27,11|31,no_conclusion,no_further_action,,,,internal_driving_guidelines,model_reviewed_corrected,,unresolved,False,False,False,outside,alongside,unknown,False,machine_extracted_pending_human_review,False,False,descriptive_model_review_pending_human
adjudication-seed-fia-2023-sgp-f4e066ac44c1-01,adj-1eae245c11ac871f,incident-src-1eae245c11ac871f,fia-2023-sgp-f4e066ac44c1,2023-sgp,2023,Race,causing_collision,11,23|40,predominantly_to_blame,time_penalty,5,1,,internal_driving_guidelines,model_reviewed_agree,,unresolved,False,False,False,unknown,unknown,unknown,False,machine_extracted_pending_human_review,True,True,descriptive_model_review_pending_human
adjudication-seed-fia-2023-usa-0349556641dc-01,adj-935cbd4cd614af87,incident-src-935cbd4cd614af87,fia-2023-usa-0349556641dc,2023-usa,2023,Sprint,gaining_advantage_off_track,23,81,not_applicable,no_further_action,,,,internal_driving_guidelines,model_reviewed_corrected,,unresolved,False,False,False,unknown,alongside,unknown,False,machine_extracted_pending_human_review,False,False,descriptive_model_review_pending_human
adjudication-seed-fia-2023-usa-233ee024e884-01,adj-69521e50d0d556b6,incident-src-69521e50d0d556b6,fia-2023-usa-233ee024e884,2023-usa,2023,Sprint,gaining_advantage_off_track,63,81,not_applicable,time_penalty,5,,,internal_driving_guidelines,model_reviewed_corrected,,unresolved,False,False,False,outside,unknown,unknown,False,machine_extracted_pending_human_review,True,False,descriptive_model_review_pending_human
adjudication-seed-fia-2023-usa-4b0f79bc4886-01,adj-0b22a250d896b161,incident-src-0b22a250d896b161,fia-2023-usa-4b0f79bc4886,2023-usa,2023,Race,gaining_advantage_off_track,18,2,not_applicable,no_further_action,,,,internal_driving_guidelines,model_reviewed_corrected,26,fia_incident_clock_single_lap_interval,False,False,False,ambiguous_both_lines_mentioned,alongside,apex,False,machine_extracted_pending_human_review,False,False,descriptive_model_review_pending_human
adjudication-seed-fia-2023-usa-cf78524f4683-01,adj-b34bfbde37e56841,incident-src-b34bfbde37e56841,fia-2023-usa-cf78524f4683,2023-usa,2023,Sprint,forcing_off_track,24,20,no_conclusion,no_further_action,,,,internal_driving_guidelines,model_reviewed_corrected,,unresolved,False,False,False,unknown,alongside,unknown,False,machine_extracted_pending_human_review,False,False,descriptive_model_review_pending_human
adjudication-seed-fia-2023-usa-f78ade45f844-01,adj-b05ba7caf0f910d9,incident-src-b05ba7caf0f910d9,fia-2023-usa-f78ade45f844,2023-usa,2023,Sprint,gaining_advantage_off_track,24,20,not_applicable,time_penalty,5,,,internal_driving_guidelines,model_reviewed_corrected,13,fia_incident_clock_single_lap_interval,False,False,False,inside,unknown,unknown,False,machine_extracted_pending_human_review,True,False,descriptive_model_review_pending_human
adjudication-seed-fia-2024-abu-1738c094dc27-01,adj-2e20778ef64918d5,incident-src-2e20778ef64918d5,fia-2024-abu-1738c094dc27,2024-abu,2024,Race,causing_collision,77,20,no_conclusion,grid_penalty,,3,5,internal_driving_guidelines,model_reviewed_corrected,30,fia_incident_clock_single_lap_interval,False,False,False,inside,unknown,unknown,False,machine_extracted_pending_human_review,True,False,descriptive_model_review_pending_human
adjudication-seed-fia-2024-abu-4ec5bc83f9fa-01,adj-8ca9eb32832537c5,incident-src-8ca9eb32832537c5,fia-2024-abu-4ec5bc83f9fa,2024-abu,2024,Race,causing_collision,1,81,wholly_to_blame,time_penalty,10,2,,internal_driving_guidelines,model_reviewed_agree,1,fia_incident_clock_single_lap_interval,True,False,False,inside,alongside,apex,False,machine_extracted_pending_human_review,True,True,descriptive_model_review_pending_human
adjudication-seed-fia-2024-abu-62aed0693198-01,adj-5b76f9299c3d25a5,incident-src-5b76f9299c3d25a5,fia-2024-abu-62aed0693198,2024-abu,2024,Race,causing_collision,77,11,wholly_to_blame,time_penalty,10,2,,internal_driving_guidelines,model_reviewed_agree,1,model_reviewed_source_or_timing,True,False,False,inside,unknown,unknown,False,machine_extracted_pending_human_review,True,True,descriptive_model_review_pending_human
adjudication-seed-fia-2024-abu-b8e37d9fdbe9-01,adj-b6f8f8dea3be57fe,incident-src-b6f8f8dea3be57fe,fia-2024-abu-b8e37d9fdbe9,2024-abu,2024,Race,causing_collision,81,43,wholly_to_blame,time_penalty,10,2,,internal_driving_guidelines,model_reviewed_agree,,unresolved,False,False,False,unknown,unknown,unknown,False,machine_extracted_pending_human_review,True,True,descriptive_model_review_pending_human
adjudication-seed-fia-2024-aut-0da607b84c40-01,adj-5005242a503c9174,incident-src-5005242a503c9174,fia-2024-aut-0da607b84c40,2024-aut,2024,Race,causing_collision,1,4,predominantly_to_blame,time_penalty,10,2,,internal_driving_guidelines,model_reviewed_agree,,unresolved,False,False,False,unknown,alongside,unknown,False,machine_extracted_pending_human_review,True,True,descriptive_model_review_pending_human
adjudication-seed-fia-2024-aut-1386e9236666-01,adj-f388f903abd92138,incident-src-f388f903abd92138,fia-2024-aut-1386e9236666,2024-aut,2024,Sprint,forcing_off_track,27,14,no_conclusion,time_penalty,10,2,,internal_driving_guidelines,model_reviewed_corrected,21,fia_incident_clock_single_lap_interval,False,False,False,unknown,unknown,apex,True,machine_extracted_pending_human_review,True,False,descriptive_model_review_pending_human
adjudication-seed-fia-2024-aut-4b3df85c59ad-01,adj-330069d582c20001,incident-src-330069d582c20001,fia-2024-aut-4b3df85c59ad,2024-aut,2024,Race,gaining_advantage_off_track,44,55,not_applicable,no_further_action,,,,internal_driving_guidelines,model_reviewed_corrected,1,fia_incident_clock_single_lap_interval,True,False,False,unknown,alongside,unknown,False,machine_extracted_pending_human_review,False,False,descriptive_model_review_pending_human
adjudication-seed-fia-2024-aut-4d4962053c25-01,adj-b361bfe26bd9fde2,incident-src-b361bfe26bd9fde2,fia-2024-aut-4d4962053c25,2024-aut,2024,Race,causing_collision,14,24,wholly_to_blame,time_penalty,10,2,,internal_driving_guidelines,model_reviewed_agree,,unresolved,False,False,False,inside,unknown,apex,False,machine_extracted_pending_human_review,True,True,descriptive_model_review_pending_human
adjudication-seed-fia-2024-aze-51d6849b52fb-01,adj-4d9543b8ee4e354b,incident-src-4d9543b8ee4e354b,fia-2024-aze-51d6849b52fb,2024-aze,2024,Race,causing_collision,11,55,racing_incident,no_further_action,,,,internal_driving_guidelines,model_reviewed_agree,50,model_reviewed_source_or_timing,False,False,False,unknown,unknown,apex,False,machine_extracted_pending_human_review,False,False,descriptive_model_review_pending_human
adjudication-seed-fia-2024-aze-ebeab05b8b9a-01,adj-94905942bca0fa49,incident-src-94905942bca0fa49,fia-2024-aze-ebeab05b8b9a,2024-aze,2024,Race,causing_collision,55,11,racing_incident,no_further_action,,,,internal_driving_guidelines,model_reviewed_agree,50,model_reviewed_source_or_timing,False,False,False,unknown,unknown,apex,False,machine_extracted_pending_human_review,False,False,descriptive_model_review_pending_human
adjudication-seed-fia-2024-can-119e41abd9ba-01,adj-e0e2c5e41cf687bb,incident-src-e0e2c5e41cf687bb,fia-2024-can-119e41abd9ba,2024-can,2024,Race,gaining_advantage_off_track,4,63|81|1,not_applicable,no_further_action,,,,internal_driving_guidelines,model_reviewed_corrected,,unresolved,False,False,False,unknown,unknown,unknown,False,machine_extracted_pending_human_review,False,False,descriptive_model_review_pending_human
adjudication-seed-fia-2024-can-2d45bb0945a9-01,adj-08975f5bf7e53df4,incident-group-1f0e1655ef842f90,fia-2024-can-2d45bb0945a9,2024-can,2024,Race,causing_collision,81,63,no_conclusion,no_further_action,,,,internal_driving_guidelines,model_reviewed_agree,,unresolved,False,False,False,outside,alongside,apex,False,machine_extracted_pending_human_review,False,False,descriptive_model_review_pending_human
adjudication-seed-fia-2024-can-546aad3f9319-01,adj-d710238ee5f893bf,incident-group-1f0e1655ef842f90,fia-2024-can-546aad3f9319,2024-can,2024,Race,causing_collision,63,81,no_conclusion,no_further_action,,,,internal_driving_guidelines,model_reviewed_agree,,unresolved,False,False,False,outside,alongside,apex,False,machine_extracted_pending_human_review,False,False,descriptive_model_review_pending_human
adjudication-seed-fia-2024-chn-4196fcc2964f-01,adj-d73632383a18fd68,incident-src-d73632383a18fd68,fia-2024-chn-4196fcc2964f,2024-chn,2024,Race,forcing_off_track,18,27,no_conclusion,no_further_action,,,,internal_driving_guidelines,model_reviewed_corrected,,unresolved,False,False,False,unknown,alongside,apex,False,machine_extracted_pending_human_review,False,False,descriptive_model_review_pending_human
adjudication-seed-fia-2024-chn-6d2ca4d46d70-01,adj-e6937a3f0184649f,incident-src-e6937a3f0184649f,fia-2024-chn-6d2ca4d46d70,2024-chn,2024,Race,causing_collision,20,22,predominantly_to_blame,time_penalty,10,2,,internal_driving_guidelines,model_reviewed_agree,27,fia_incident_clock_single_lap_interval,False,False,False,unknown,unknown,unknown,False,machine_extracted_pending_human_review,True,True,descriptive_model_review_pending_human
adjudication-seed-fia-2024-chn-b693963070bc-01,adj-f8191026c986c048,incident-src-f8191026c986c048,fia-2024-chn-b693963070bc,2024-chn,2024,Race,forcing_off_track,23,10,no_conclusion,no_further_action,,,,internal_driving_guidelines,model_reviewed_corrected,,unresolved,False,False,False,unknown,alongside,apex,False,machine_extracted_pending_human_review,False,False,descriptive_model_review_pending_human
adjudication-seed-fia-2024-chn-d3b9af164caf-01,adj-1b908ee0c8888db7,incident-src-1b908ee0c8888db7,fia-2024-chn-d3b9af164caf,2024-chn,2024,Sprint,causing_collision,14,55,no_conclusion,time_penalty,10,3,,internal_driving_guidelines,model_reviewed_corrected,16,fia_incident_clock_single_lap_interval,False,False,False,unknown,unknown,unknown,False,machine_extracted_pending_human_review,True,False,descriptive_model_review_pending_human
adjudication-seed-fia-2024-chn-e03c15c85429-01,adj-a3a2dc88b46fb907,incident-src-a3a2dc88b46fb907,fia-2024-chn-e03c15c85429,2024-chn,2024,Race,causing_collision,18,3,predominantly_to_blame,time_penalty,10,2,,internal_driving_guidelines,model_reviewed_agree,,unresolved,False,False,False,unknown,unknown,unknown,False,machine_extracted_pending_human_review,True,True,descriptive_model_review_pending_human
adjudication-seed-fia-2024-hun-3048d0b101d3-01,adj-776eb15ec333fda5,incident-src-776eb15ec333fda5,fia-2024-hun-3048d0b101d3,2024-hun,2024,Race,gaining_advantage_off_track,1,4|81,not_applicable,no_further_action,,,,internal_driving_guidelines,model_reviewed_corrected,1,fia_incident_clock_single_lap_interval,True,False,False,unknown,alongside,unknown,False,machine_extracted_pending_human_review,False,False,descriptive_model_review_pending_human
adjudication-seed-fia-2024-hun-46b193d4af90-01,adj-c05dc23d16515f58,incident-src-c05dc23d16515f58,fia-2024-hun-46b193d4af90,2024-hun,2024,Race,causing_collision,1,44,racing_incident,no_further_action,,,,internal_driving_guidelines,model_reviewed_corrected,,unresolved,False,False,False,unknown,unknown,unknown,False,machine_extracted_pending_human_review,False,False,descriptive_model_review_pending_human
adjudication-seed-fia-2024-ita-5562671d826a-01,adj-98bfaa1af9372654,incident-src-98bfaa1af9372654,fia-2024-ita-5562671d826a,2024-ita,2024,Race,causing_collision,27,22,no_conclusion,time_penalty,10,2,,internal_driving_guidelines,model_reviewed_corrected,,unresolved,False,False,False,unknown,unknown,unknown,False,machine_extracted_pending_human_review,True,False,descriptive_model_review_pending_human
adjudication-seed-fia-2024-ita-5774aa14322d-01,adj-f93d1bf0be920795,incident-src-f93d1bf0be920795,fia-2024-ita-5774aa14322d,2024-ita,2024,Race,forcing_off_track,3,27,no_conclusion,time_penalty,5,1,,internal_driving_guidelines,model_reviewed_corrected,1,fia_incident_clock_single_lap_interval,True,False,False,unknown,unknown,unknown,False,machine_extracted_pending_human_review,True,False,descriptive_model_review_pending_human
adjudication-seed-fia-2024-ita-9747ddf1dc7b-01,adj-def027f293e93425,incident-src-def027f293e93425,fia-2024-ita-9747ddf1dc7b,2024-ita,2024,Race,causing_collision,20,10,wholly_to_blame,time_penalty,10,2,,internal_driving_guidelines,model_reviewed_agree,,unresolved,False,False,False,inside,unknown,unknown,False,machine_extracted_pending_human_review,True,True,descriptive_model_review_pending_human
adjudication-seed-fia-2024-jpn-7c7c61a7ed8e-01,adj-cac143763ee20168,incident-src-cac143763ee20168,fia-2024-jpn-7c7c61a7ed8e,2024-jpn,2024,Race,forcing_off_track,63,81,no_conclusion,no_further_action,,,,internal_driving_guidelines,model_reviewed_corrected,,unresolved,False,False,False,unknown,front_axle_ahead,exit,False,machine_extracted_pending_human_review,False,False,descriptive_model_review_pending_human
adjudication-seed-fia-2024-jpn-9cf103b985c9-01,adj-7a872dc58411ce68,incident-src-7a872dc58411ce68,fia-2024-jpn-9cf103b985c9,2024-jpn,2024,Race,causing_collision,3,23|18,no_conclusion,no_further_action,,,,internal_driving_guidelines,model_reviewed_corrected,1,fia_incident_clock_single_lap_interval,True,False,False,outside,unknown,apex,False,machine_extracted_pending_human_review,False,False,descriptive_model_review_pending_human
adjudication-seed-fia-2024-mco-8f89aba81bd5-01,adj-6ea8c11583ab4051,incident-src-6ea8c11583ab4051,fia-2024-mco-8f89aba81bd5,2024-mco,2024,Race,causing_collision,31,10,no_conclusion,grid_penalty,10,2,5,internal_driving_guidelines,model_reviewed_corrected,1,fia_incident_clock_single_lap_interval,True,False,False,unknown,unknown,unknown,False,machine_extracted_pending_human_review,True,False,descriptive_model_review_pending_human
adjudication-seed-fia-2024-mex-11839f036c68-01,adj-90ff433e4a6ee78a,incident-src-90ff433e4a6ee78a,fia-2024-mex-11839f036c68,2024-mex,2024,Race,forcing_off_track,11,18,no_conclusion,no_further_action,,,,internal_driving_guidelines,model_reviewed_corrected,,unresolved,False,False,False,outside,alongside,unknown,False,machine_extracted_pending_human_review,False,False,descriptive_model_review_pending_human
adjudication-seed-fia-2024-mex-9398d22e8e7e-01,adj-10a8c59210b937e3,incident-src-10a8c59210b937e3,fia-2024-mex-9398d22e8e7e,2024-mex,2024,Race,forcing_off_track,1,4,no_conclusion,time_penalty,10,2,,internal_driving_guidelines,model_reviewed_corrected,,unresolved,False,False,False,outside,unknown,apex,False,machine_extracted_pending_human_review,True,False,descriptive_model_review_pending_human
adjudication-seed-fia-2024-mex-a4340456d96a-01,adj-692b411e9f958d1d,incident-src-692b411e9f958d1d,fia-2024-mex-a4340456d96a,2024-mex,2024,Race,forcing_off_track,11,30,racing_incident,no_further_action,,,,internal_driving_guidelines,model_reviewed_agree,18,fia_incident_clock_single_lap_interval,False,False,False,inside,unknown,apex,False,machine_extracted_pending_human_review,False,False,descriptive_model_review_pending_human
adjudication-seed-fia-2024-mex-c52d53ba8a48-01,adj-c66b11904508fc88,incident-src-c66b11904508fc88,fia-2024-mex-c52d53ba8a48,2024-mex,2024,Race,causing_collision,43,30,predominantly_to_blame,time_penalty,10,2,,internal_driving_guidelines,model_reviewed_agree,65,fia_incident_clock_single_lap_interval,False,False,False,outside,alongside,apex,False,machine_extracted_pending_human_review,True,True,descriptive_model_review_pending_human
adjudication-seed-fia-2024-mex-f2d0b4da1ba3-01,adj-e29345f3745be8dd,incident-src-e29345f3745be8dd,fia-2024-mex-f2d0b4da1ba3,2024-mex,2024,Race,gaining_advantage_off_track,1,4,not_applicable,time_penalty,10,,,internal_driving_guidelines,model_reviewed_corrected,,unresolved,False,False,False,inside,unknown,apex,False,machine_extracted_pending_human_review,True,False,descriptive_model_review_pending_human
adjudication-seed-fia-2024-mia-429b87bfdb1b-01,adj-4c476899a4894e96,incident-src-4c476899a4894e96,fia-2024-mia-429b87bfdb1b,2024-mia,2024,Race,gaining_advantage_off_track,18,23,not_applicable,time_penalty,10,,,internal_driving_guidelines,model_reviewed_corrected,,unresolved,False,False,False,unknown,unknown,unknown,False,machine_extracted_pending_human_review,True,False,descriptive_model_review_pending_human
adjudication-seed-fia-2024-mia-54507686b24f-01,adj-662202a5b879f049,incident-src-662202a5b879f049,fia-2024-mia-54507686b24f,2024-mia,2024,Sprint,gaining_advantage_off_track,20,,not_applicable,time_penalty,10,,,internal_driving_guidelines,model_reviewed_corrected,,unresolved,False,False,False,unknown,unknown,unknown,False,machine_extracted_pending_human_review,True,False,descriptive_model_review_pending_human
adjudication-seed-fia-2024-mia-86547ded7d12-01,adj-66a7d8add9666258,incident-group-86e2a514b5312efc,fia-2024-mia-86547ded7d12,2024-mia,2024,Sprint,causing_collision,18,14|4|44,no_conclusion,no_further_action,,,,internal_driving_guidelines,model_reviewed_agree,1,model_reviewed_source_or_timing,True,False,False,unknown,unknown,unknown,False,machine_extracted_pending_human_review,False,False,descriptive_model_review_pending_human
adjudication-seed-fia-2024-mia-a149f4a3c2c5-01,adj-909aa84ac351505f,incident-src-909aa84ac351505f,fia-2024-mia-a149f4a3c2c5,2024-mia,2024,Sprint,gaining_advantage_off_track,20,44,not_applicable,time_penalty,10,3,,internal_driving_guidelines,model_reviewed_corrected,,unresolved,False,False,False,unknown,unknown,unknown,False,machine_extracted_pending_human_review,True,False,descriptive_model_review_pending_human
adjudication-seed-fia-2024-mia-b115633c9ba0-01,adj-c88d0a0133c58194,incident-group-86e2a514b5312efc,fia-2024-mia-b115633c9ba0,2024-mia,2024,Sprint,causing_collision,14,18|4|44,no_conclusion,no_further_action,,,,internal_driving_guidelines,model_reviewed_agree,1,model_reviewed_source_or_timing,True,False,False,unknown,unknown,unknown,False,machine_extracted_pending_human_review,False,False,descriptive_model_review_pending_human
adjudication-seed-fia-2024-mia-badde45f9141-01,adj-0a015cee0b31ad67,incident-group-86e2a514b5312efc,fia-2024-mia-badde45f9141,2024-mia,2024,Sprint,causing_collision,44,14|4|18,no_conclusion,no_further_action,,,,internal_driving_guidelines,model_reviewed_agree,1,model_reviewed_source_or_timing,True,False,False,unknown,unknown,unknown,False,machine_extracted_pending_human_review,False,False,descriptive_model_review_pending_human
adjudication-seed-fia-2024-mia-bb1a3715e072-01,adj-1e58e40badf7452a,incident-src-1e58e40badf7452a,fia-2024-mia-bb1a3715e072,2024-mia,2024,Race,causing_collision,20,2,no_conclusion,time_penalty,10,2,,internal_driving_guidelines,model_reviewed_corrected,,unresolved,False,False,False,ambiguous_both_lines_mentioned,alongside,apex,False,machine_extracted_pending_human_review,True,False,descriptive_model_review_pending_human
adjudication-seed-fia-2024-mia-d65987c13425-01,adj-0e32abe64682f839,incident-src-0e32abe64682f839,fia-2024-mia-d65987c13425,2024-mia,2024,Race,causing_collision,55,81,no_conclusion,time_penalty,5,1,,internal_driving_guidelines,model_reviewed_corrected,,unresolved,False,False,False,unknown,unknown,apex,True,machine_extracted_pending_human_review,True,False,descriptive_model_review_pending_human
adjudication-seed-fia-2024-mia-feb431961f72-01,adj-2c2dff8fa5835c89,incident-src-2c2dff8fa5835c89,fia-2024-mia-feb431961f72,2024-mia,2024,Sprint,gaining_advantage_off_track,20,44,not_applicable,time_penalty,10,,,internal_driving_guidelines,model_reviewed_corrected,,unresolved,False,False,False,unknown,unknown,unknown,False,machine_extracted_pending_human_review,True,False,descriptive_model_review_pending_human
adjudication-seed-fia-2024-qat-3c549ce8f3dd-01,adj-8cd0b8f0391a2018,incident-src-8cd0b8f0391a2018,fia-2024-qat-3c549ce8f3dd,2024-qat,2024,Race,causing_collision,18,23,no_conclusion,time_penalty,10,2,,internal_driving_guidelines,model_reviewed_corrected,1,model_reviewed_source_or_timing,True,False,False,unknown,unknown,unknown,False,machine_extracted_pending_human_review,True,False,descriptive_model_review_pending_human
adjudication-seed-fia-2024-qat-ac0687a82537-01,adj-d55cdfc134f24f71,incident-src-d55cdfc134f24f71,fia-2024-qat-ac0687a82537,2024-qat,2024,Race,causing_collision,23,20,no_conclusion,time_penalty,10,2,,internal_driving_guidelines,model_reviewed_corrected,43,fia_incident_clock_single_lap_interval,False,False,False,unknown,unknown,apex,False,machine_extracted_pending_human_review,True,False,descriptive_model_review_pending_human
adjudication-seed-fia-2024-qat-ea0ded916e32-01,adj-244bac6c349c96be,incident-src-244bac6c349c96be,fia-2024-qat-ea0ded916e32,2024-qat,2024,Race,causing_collision,30,77,no_conclusion,time_penalty,10,2,,internal_driving_guidelines,model_reviewed_agree,5,model_reviewed_source_or_timing,False,False,False,unknown,unknown,unknown,False,machine_extracted_pending_human_review,True,False,descriptive_model_review_pending_human
adjudication-seed-fia-2024-sao-77a08cd10ed4-01,adj-c415a16a0b4f8470,incident-src-c415a16a0b4f8470,fia-2024-sao-77a08cd10ed4,2024-sao,2024,Race,causing_collision,81,30,wholly_to_blame,time_penalty,10,2,,internal_driving_guidelines,model_reviewed_agree,,unresolved,False,False,False,inside,unknown,unknown,False,machine_extracted_pending_human_review,True,True,descriptive_model_review_pending_human
adjudication-seed-fia-2024-sao-b822c02eabd2-01,adj-dc9490802ee7ddff,incident-src-dc9490802ee7ddff,fia-2024-sao-b822c02eabd2,2024-sao,2024,Race,causing_collision,50,43,no_conclusion,time_penalty,10,2,,internal_driving_guidelines,model_reviewed_corrected,4,fia_incident_clock_single_lap_interval,False,False,False,unknown,unknown,unknown,False,machine_extracted_pending_human_review,True,False,descriptive_model_review_pending_human
adjudication-seed-fia-2024-sau-27fea0cbbfa4-01,adj-6d8e823e259176bd,incident-src-6d8e823e259176bd,fia-2024-sau-27fea0cbbfa4,2024-sau,2024,Race,gaining_advantage_off_track,20,22,not_applicable,time_penalty,10,,,internal_driving_guidelines,model_reviewed_corrected,,unresolved,False,False,False,unknown,unknown,unknown,False,machine_extracted_pending_human_review,True,False,descriptive_model_review_pending_human
adjudication-seed-fia-2024-sau-675654dfe88e-01,adj-4b18175e3ab1d349,incident-src-4b18175e3ab1d349,fia-2024-sau-675654dfe88e,2024-sau,2024,Race,causing_collision,20,23,predominantly_to_blame,time_penalty,10,3,,internal_driving_guidelines,model_reviewed_corrected,,unresolved,False,False,False,unknown,unknown,unknown,False,machine_extracted_pending_human_review,True,True,descriptive_model_review_pending_human
adjudication-seed-fia-2024-usa-1d5ba0527e94-01,adj-780b464e1e0142e6,incident-src-780b464e1e0142e6,fia-2024-usa-1d5ba0527e94,2024-usa,2024,Race,gaining_advantage_off_track,10,23,not_applicable,time_penalty,5,,,internal_driving_guidelines,model_reviewed_corrected,27,fia_incident_clock_single_lap_interval,False,False,False,outside,unknown,apex,False,machine_extracted_pending_human_review,True,False,descriptive_model_review_pending_human
adjudication-seed-fia-2024-usa-2de48d9656fa-01,adj-b0fa781c22c3b3f8,incident-src-b0fa781c22c3b3f8,fia-2024-usa-2de48d9656fa,2024-usa,2024,Race,gaining_advantage_off_track,4,1,not_applicable,time_penalty,5,,,internal_driving_guidelines,model_reviewed_corrected,,unresolved,False,False,False,outside,unknown,apex,False,machine_extracted_pending_human_review,True,False,descriptive_model_review_pending_human
adjudication-seed-fia-2024-usa-4828e63a6c32-01,adj-649fecee52ee4f6f,incident-src-649fecee52ee4f6f,fia-2024-usa-4828e63a6c32,2024-usa,2024,Sprint,forcing_off_track,81,10,no_conclusion,time_penalty,5,,,internal_driving_guidelines,model_reviewed_corrected,,unresolved,False,False,False,inside,unknown,unknown,False,machine_extracted_pending_human_review,True,False,descriptive_model_review_pending_human
adjudication-seed-fia-2024-usa-7a56202d170c-01,adj-607fddba182aaa3f,incident-src-607fddba182aaa3f,fia-2024-usa-7a56202d170c,2024-usa,2024,Race,forcing_off_track,22,23,no_conclusion,time_penalty,5,,,internal_driving_guidelines,model_reviewed_corrected,27,fia_incident_clock_single_lap_interval,False,False,False,inside,unknown,unknown,False,machine_extracted_pending_human_review,True,False,descriptive_model_review_pending_human
adjudication-seed-fia-2024-usa-7e333c44293a-01,adj-278d019dd7501a79,incident-src-278d019dd7501a79,fia-2024-usa-7e333c44293a,2024-usa,2024,Race,forcing_off_track,63,77,no_conclusion,time_penalty,5,,,internal_driving_guidelines,model_reviewed_corrected,13,fia_incident_clock_single_lap_interval,False,False,False,inside,unknown,unknown,False,machine_extracted_pending_human_review,True,False,descriptive_model_review_pending_human
adjudication-seed-fia-2024-usa-9eecf3efc1f8-01,adj-84b5a008e264b8d6,incident-src-84b5a008e264b8d6,fia-2024-usa-9eecf3efc1f8,2024-usa,2024,Sprint,gaining_advantage_off_track,20,22,not_applicable,no_further_action,,,,internal_driving_guidelines,model_reviewed_corrected,1,model_reviewed_source_or_timing,True,False,False,unknown,unknown,apex,False,machine_extracted_pending_human_review,False,False,descriptive_model_review_pending_human
adjudication-seed-fia-2024-usa-f7d16a7e6e6e-01,adj-c40383a758a57293,incident-src-c40383a758a57293,fia-2024-usa-f7d16a7e6e6e,2024-usa,2024,Sprint,gaining_advantage_off_track,22,81,not_applicable,no_further_action,,,,internal_driving_guidelines,model_reviewed_corrected,13,fia_incident_clock_single_lap_interval,False,False,False,unknown,unknown,unknown,False,machine_extracted_pending_human_review,False,False,descriptive_model_review_pending_human
adjudication-seed-fia-2025-abu-5a289d5d001e-01,adj-c87d6a167a0b882c,incident-src-c87d6a167a0b882c,fia-2025-abu-5a289d5d001e,2025-abu,2025,Race,multiple_defensive_moves,87,18,not_applicable,time_penalty,5,1,,public_driving_and_penalty_guidelines,model_reviewed_corrected,58,fia_incident_clock_single_lap_interval,False,False,False,unknown,unknown,unknown,False,machine_extracted_pending_human_review,True,False,descriptive_model_review_pending_human
adjudication-seed-fia-2025-abu-90b14b4ed0c9-01,adj-862c5abf64138d26,incident-src-862c5abf64138d26,fia-2025-abu-90b14b4ed0c9,2025-abu,2025,Race,gaining_advantage_off_track,4,22,not_applicable,no_further_action,,,,public_driving_and_penalty_guidelines,model_reviewed_corrected,23,fia_incident_clock_single_lap_interval,False,False,False,unknown,unknown,unknown,False,machine_extracted_pending_human_review,False,False,descriptive_model_review_pending_human
adjudication-seed-fia-2025-abu-9913dc5c7021-01,adj-e4777c2ca2dcd628,incident-src-e4777c2ca2dcd628,fia-2025-abu-9913dc5c7021,2025-abu,2025,Race,causing_collision,27,10,no_conclusion,no_further_action,,,,public_driving_and_penalty_guidelines,model_reviewed_agree,1,fia_incident_clock_single_lap_interval,True,False,False,unknown,unknown,unknown,False,machine_extracted_pending_human_review,False,False,descriptive_model_review_pending_human
adjudication-seed-fia-2025-abu-9c20002be5b0-01,adj-e6d0642f2d104bf2,incident-src-e6d0642f2d104bf2,fia-2025-abu-9c20002be5b0,2025-abu,2025,Race,causing_collision,10,27,no_conclusion,no_further_action,,,,public_driving_and_penalty_guidelines,model_reviewed_agree,1,fia_incident_clock_single_lap_interval,True,False,False,unknown,unknown,unknown,False,machine_extracted_pending_human_review,False,False,descriptive_model_review_pending_human
adjudication-seed-fia-2025-abu-af797fd2ecc9-01,adj-cdd3611fe7080482,incident-src-cdd3611fe7080482,fia-2025-abu-af797fd2ecc9,2025-abu,2025,Race,multiple_defensive_moves,18,55,not_applicable,time_penalty,5,1,,public_driving_and_penalty_guidelines,model_reviewed_corrected,,unresolved,False,False,False,unknown,unknown,unknown,False,machine_extracted_pending_human_review,True,False,descriptive_model_review_pending_human
adjudication-seed-fia-2025-abu-bfa018c9c8e1-01,adj-d9617718c7032a69,incident-src-d9617718c7032a69,fia-2025-abu-bfa018c9c8e1,2025-abu,2025,Race,multiple_defensive_moves,22,4,not_applicable,time_penalty,5,1,,public_driving_and_penalty_guidelines,model_reviewed_corrected,23,fia_incident_clock_single_lap_interval,False,False,False,unknown,unknown,unknown,False,machine_extracted_pending_human_review,True,False,descriptive_model_review_pending_human
adjudication-seed-fia-2025-aut-1b2cf15490ab-01,adj-dc3cbf1b2175e95d,incident-src-dc3cbf1b2175e95d,fia-2025-aut-1b2cf15490ab,2025-aut,2025,Race,causing_collision,12,1|30,wholly_to_blame,grid_penalty,,2,3,public_driving_and_penalty_guidelines,model_reviewed_agree,1,model_reviewed_source_or_timing,True,False,False,inside,unknown,unknown,False,machine_extracted_pending_human_review,True,True,descriptive_model_review_pending_human
adjudication-seed-fia-2025-aut-3666395a2885-01,adj-2197497836f6c46a,incident-src-2197497836f6c46a,fia-2025-aut-3666395a2885,2025-aut,2025,Race,forcing_off_track,22,18,no_conclusion,no_further_action,,,,public_driving_and_penalty_guidelines,model_reviewed_corrected,,unresolved,False,False,False,inside,front_axle_ahead,apex,False,machine_extracted_pending_human_review,False,False,descriptive_model_review_pending_human
adjudication-seed-fia-2025-aut-41aebded7db6-01,adj-1651c96225ee4d5c,incident-src-1651c96225ee4d5c,fia-2025-aut-41aebded7db6,2025-aut,2025,Race,causing_collision,22,43,wholly_to_blame,time_penalty,10,2,,public_driving_and_penalty_guidelines,model_reviewed_agree,30,fia_incident_clock_single_lap_interval,False,False,False,inside,front_axle_ahead,apex,False,machine_extracted_pending_human_review,True,True,descriptive_model_review_pending_human
adjudication-seed-fia-2025-aut-5f0b9bc97e16-01,adj-f304cec4c251df69,incident-src-f304cec4c251df69,fia-2025-aut-5f0b9bc97e16,2025-aut,2025,Race,forcing_off_track,43,87,no_conclusion,no_further_action,,,,public_driving_and_penalty_guidelines,model_reviewed_corrected,,unresolved,False,False,False,outside,front_axle_ahead,apex,False,machine_extracted_pending_human_review,False,False,descriptive_model_review_pending_human
adjudication-seed-fia-2025-aut-a1f29843f018-01,adj-10a1869690dc7622,incident-src-10a1869690dc7622,fia-2025-aut-a1f29843f018,2025-aut,2025,Race,forcing_off_track,43,81|22,no_conclusion,time_penalty,5,1,,public_driving_and_penalty_guidelines,model_reviewed_corrected,,unresolved,False,False,False,inside,unknown,unknown,False,machine_extracted_pending_human_review,True,False,descriptive_model_review_pending_human
adjudication-seed-fia-2025-aze-0d1070d6a1c6-01,adj-94d8c357c79994c4,incident-src-94d8c357c79994c4,fia-2025-aze-0d1070d6a1c6,2025-aze,2025,Race,causing_collision,23,43,wholly_to_blame,time_penalty,10,2,,public_driving_and_penalty_guidelines,model_reviewed_agree,17,fia_incident_clock_single_lap_interval,False,False,False,inside,unknown,unknown,False,machine_extracted_pending_human_review,True,True,descriptive_model_review_pending_human
adjudication-seed-fia-2025-bhr-03bfd7816342-01,adj-ccae0d70c41eed34,incident-src-ccae0d70c41eed34,fia-2025-bhr-03bfd7816342,2025-bhr,2025,Race,causing_collision,30,27,no_conclusion,time_penalty,10,2,,public_driving_and_penalty_guidelines,model_reviewed_corrected,,unresolved,False,False,False,inside,unknown,apex,True,machine_extracted_pending_human_review,True,False,descriptive_model_review_pending_human
adjudication-seed-fia-2025-bhr-732dd8183412-01,adj-f343c8d3c1915d9d,incident-src-f343c8d3c1915d9d,fia-2025-bhr-732dd8183412,2025-bhr,2025,Race,causing_collision,30,18,no_conclusion,time_penalty,5,1,,public_driving_and_penalty_guidelines,model_reviewed_corrected,32,fia_incident_clock_single_lap_interval,False,False,False,unknown,unknown,apex,False,machine_extracted_pending_human_review,True,False,descriptive_model_review_pending_human
adjudication-seed-fia-2025-bhr-fadfd5ceb9c2-01,adj-55f2f483dc86216e,incident-src-55f2f483dc86216e,fia-2025-bhr-fadfd5ceb9c2,2025-bhr,2025,Race,forcing_off_track,55,12,no_conclusion,time_penalty,10,2,,public_driving_and_penalty_guidelines,model_reviewed_corrected,,unresolved,False,False,False,unknown,unknown,apex,False,machine_extracted_pending_human_review,True,False,descriptive_model_review_pending_human
adjudication-seed-fia-2025-can-acdc79e65cc6-01,adj-bfdfb2effacad54c,incident-src-bfdfb2effacad54c,fia-2025-can-acdc79e65cc6,2025-can,2025,Race,causing_collision,4,81,wholly_to_blame,time_penalty,5,,,public_driving_and_penalty_guidelines,model_reviewed_agree,,unresolved,False,False,False,unknown,unknown,unknown,False,machine_extracted_pending_human_review,True,True,descriptive_model_review_pending_human
adjudication-seed-fia-2025-can-cb1693dfcc0a-01,adj-aafbbe06da3e5c01,incident-src-aafbbe06da3e5c01,fia-2025-can-cb1693dfcc0a,2025-can,2025,Race,forcing_off_track,18,10,no_conclusion,time_penalty,10,2,,public_driving_and_penalty_guidelines,model_reviewed_corrected,,unresolved,False,False,False,unknown,unknown,unknown,False,machine_extracted_pending_human_review,True,False,descriptive_model_review_pending_human
adjudication-seed-fia-2025-chn-5f2ef54b24c3-01,adj-f73048c90c90fbee,incident-src-f73048c90c90fbee,fia-2025-chn-5f2ef54b24c3,2025-chn,2025,Sprint,causing_collision,7,5,predominantly_to_blame,time_penalty,10,2,,public_driving_and_penalty_guidelines,model_reviewed_agree,19,fia_incident_clock_single_lap_interval,False,False,False,inside,unknown,apex,False,machine_extracted_pending_human_review,True,True,descriptive_model_review_pending_human
adjudication-seed-fia-2025-chn-795784acfef6-01,adj-8788c51da20ae484,incident-src-8788c51da20ae484,fia-2025-chn-795784acfef6,2025-chn,2025,Race,forcing_off_track,7,6,no_conclusion,time_penalty,10,2,,public_driving_and_penalty_guidelines,model_reviewed_corrected,45,fia_incident_clock_single_lap_interval,False,False,False,inside,unknown,unknown,True,machine_extracted_pending_human_review,True,False,descriptive_model_review_pending_human
adjudication-seed-fia-2025-chn-c6a27ca62eb2-01,adj-00f21170a32794f2,incident-src-00f21170a32794f2,fia-2025-chn-c6a27ca62eb2,2025-chn,2025,Sprint,causing_collision,30,7,no_conclusion,no_further_action,,,,public_driving_and_penalty_guidelines,model_reviewed_agree,,unresolved,False,False,False,unknown,unknown,apex,False,machine_extracted_pending_human_review,False,False,descriptive_model_review_pending_human
adjudication-seed-fia-2025-emi-97ce0e850a70-01,adj-97c5411ec4864978,incident-src-97c5411ec4864978,fia-2025-emi-97ce0e850a70,2025-emi,2025,Race,forcing_off_track,16,23,no_conclusion,no_further_action,,,,public_driving_and_penalty_guidelines,model_reviewed_corrected,,unresolved,False,False,False,unknown,unknown,unknown,False,machine_extracted_pending_human_review,False,False,descriptive_model_review_pending_human
adjudication-seed-fia-2025-esp-099b030b67a2-01,adj-412e6ca5aca26ea3,incident-src-412e6ca5aca26ea3,fia-2025-esp-099b030b67a2,2025-esp,2025,Race,causing_collision,1,16,no_conclusion,no_further_action,,,,public_driving_and_penalty_guidelines,model_reviewed_agree,,unresolved,False,False,False,unknown,unknown,unknown,False,machine_extracted_pending_human_review,False,False,descriptive_model_review_pending_human
adjudication-seed-fia-2025-esp-0fd436b99af1-01,adj-6df990a2ab7ddf2d,incident-src-6df990a2ab7ddf2d,fia-2025-esp-0fd436b99af1,2025-esp,2025,Race,causing_collision,16,1,no_conclusion,no_further_action,,,,public_driving_and_penalty_guidelines,model_reviewed_agree,,unresolved,False,False,False,unknown,unknown,unknown,False,machine_extracted_pending_human_review,False,False,descriptive_model_review_pending_human
adjudication-seed-fia-2025-esp-15cd2122312e-01,adj-413c9757dacacb88,incident-src-413c9757dacacb88,fia-2025-esp-15cd2122312e,2025-esp,2025,Race,gaining_advantage_off_track,87,30,not_applicable,time_penalty,10,,,public_driving_and_penalty_guidelines,model_reviewed_corrected,,unresolved,False,False,False,inside,front_axle_ahead,apex,False,machine_extracted_pending_human_review,True,False,descriptive_model_review_pending_human
adjudication-seed-fia-2025-esp-34abd90169ab-01,adj-fd11a3e24a70c2a4,incident-src-fd11a3e24a70c2a4,fia-2025-esp-34abd90169ab,2025-esp,2025,Race,causing_collision,30,23,no_conclusion,no_further_action,,,,public_driving_and_penalty_guidelines,model_reviewed_corrected,,unresolved,False,False,False,outside,unknown,apex,False,machine_extracted_pending_human_review,False,False,descriptive_model_review_pending_human
adjudication-seed-fia-2025-esp-45b994ae68b4-01,adj-153a4612c0b20d81,incident-src-153a4612c0b20d81,fia-2025-esp-45b994ae68b4,2025-esp,2025,Race,gaining_advantage_off_track,1,63,not_applicable,no_further_action,,,,public_driving_and_penalty_guidelines,model_reviewed_corrected,,unresolved,False,False,False,inside,front_axle_ahead,apex,True,machine_extracted_pending_human_review,False,False,descriptive_model_review_pending_human
adjudication-seed-fia-2025-esp-4693ce9dbdc4-01,adj-479d79e5865e135e,incident-src-479d79e5865e135e,fia-2025-esp-4693ce9dbdc4,2025-esp,2025,Race,gaining_advantage_off_track,23,30,not_applicable,time_penalty,10,,,public_driving_and_penalty_guidelines,model_reviewed_corrected,,unresolved,False,False,False,inside,unknown,apex,False,machine_extracted_pending_human_review,True,False,descriptive_model_review_pending_human
adjudication-seed-fia-2025-esp-8cd31c466963-01,adj-567832bf228e7eb4,incident-src-567832bf228e7eb4,fia-2025-esp-8cd31c466963,2025-esp,2025,Race,causing_collision,1,63,no_conclusion,time_penalty,10,3,,public_driving_and_penalty_guidelines,model_reviewed_corrected,,unresolved,False,False,False,unknown,unknown,unknown,False,machine_extracted_pending_human_review,True,False,descriptive_model_review_pending_human
adjudication-seed-fia-2025-esp-f89ab19eeac5-01,adj-6a1ad4e004abe2f1,incident-src-6a1ad4e004abe2f1,fia-2025-esp-f89ab19eeac5,2025-esp,2025,Race,causing_collision,30,87,racing_incident,no_further_action,,,,public_driving_and_penalty_guidelines,model_reviewed_agree,31,fia_incident_clock_single_lap_interval,False,False,False,inside,unknown,apex,False,machine_extracted_pending_human_review,False,False,descriptive_model_review_pending_human
adjudication-seed-fia-2025-gbr-07f4a9af8016-01,adj-e0f8f07ee7a2831d,incident-src-e0f8f07ee7a2831d,fia-2025-gbr-07f4a9af8016,2025-gbr,2025,Race,causing_collision,6,12,no_conclusion,no_further_action,,,,public_driving_and_penalty_guidelines,model_reviewed_agree,18,fia_incident_clock_single_lap_interval,False,True,False,unknown,unknown,unknown,False,machine_extracted_pending_human_review,False,False,descriptive_model_review_pending_human
adjudication-seed-fia-2025-gbr-66f857d6d3d7-01,adj-56c508de2d41940c,incident-src-56c508de2d41940c,fia-2025-gbr-66f857d6d3d7,2025-gbr,2025,Race,causing_collision,22,87,no_conclusion,time_penalty,10,1,,public_driving_and_penalty_guidelines,model_reviewed_corrected,22,fia_incident_clock_single_lap_interval,False,False,False,outside,front_axle_ahead,apex,False,machine_extracted_pending_human_review,True,False,descriptive_model_review_pending_human
adjudication-seed-fia-2025-gbr-b43775ce7468-01,adj-42e27716f0b6e748,incident-src-42e27716f0b6e748,fia-2025-gbr-b43775ce7468,2025-gbr,2025,Race,causing_collision,31,87,racing_incident,no_further_action,,,,public_driving_and_penalty_guidelines,model_reviewed_agree,43,fia_incident_clock_single_lap_interval,False,True,False,inside,unknown,apex,False,machine_extracted_pending_human_review,False,False,descriptive_model_review_pending_human
adjudication-seed-fia-2025-gbr-bde5afff8b9e-01,adj-73480aa892b4963c,incident-src-73480aa892b4963c,fia-2025-gbr-bde5afff8b9e,2025-gbr,2025,Race,causing_collision,87,31,racing_incident,no_further_action,,,,public_driving_and_penalty_guidelines,model_reviewed_agree,43,fia_incident_clock_single_lap_interval,False,True,False,inside,unknown,apex,False,machine_extracted_pending_human_review,False,False,descriptive_model_review_pending_human
adjudication-seed-fia-2025-hun-3fbd14c36cd7-01,adj-4fb7700e0eacd773,incident-src-4fb7700e0eacd773,fia-2025-hun-3fbd14c36cd7,2025-hun,2025,Race,causing_collision,10,55,wholly_to_blame,time_penalty,10,2,,public_driving_and_penalty_guidelines,model_reviewed_agree,61,fia_incident_clock_single_lap_interval,False,False,False,outside,front_axle_ahead,apex,False,machine_extracted_pending_human_review,True,True,descriptive_model_review_pending_human
adjudication-seed-fia-2025-hun-cafb664d4278-01,adj-6a67a6327b949573,incident-src-6a67a6327b949573,fia-2025-hun-cafb664d4278,2025-hun,2025,Race,forcing_off_track,22,27,no_conclusion,no_further_action,,,,public_driving_and_penalty_guidelines,model_reviewed_corrected,,unresolved,False,False,False,outside,unknown,unknown,False,machine_extracted_pending_human_review,False,False,descriptive_model_review_pending_human
adjudication-seed-fia-2025-hun-f1ff0743742b-01,adj-f09cc8aab8d224ac,incident-src-f09cc8aab8d224ac,fia-2025-hun-f1ff0743742b,2025-hun,2025,Race,forcing_off_track,1,44,no_conclusion,no_further_action,,,,public_driving_and_penalty_guidelines,model_reviewed_agree,29,model_reviewed_source_or_timing,False,False,False,inside,unknown,exit,False,machine_extracted_pending_human_review,False,False,descriptive_model_review_pending_human
adjudication-seed-fia-2025-ita-3a096d05b5d9-01,adj-c1ca0f988c06f7ac,incident-src-c1ca0f988c06f7ac,fia-2025-ita-3a096d05b5d9,2025-ita,2025,Race,forcing_off_track,31,18,no_conclusion,time_penalty,5,1,,public_driving_and_penalty_guidelines,model_reviewed_corrected,,unresolved,False,False,False,outside,alongside,unknown,False,machine_extracted_pending_human_review,True,False,descriptive_model_review_pending_human
adjudication-seed-fia-2025-ita-9d19bb5350fc-01,adj-c3132170cde7b7cf,incident-src-c3132170cde7b7cf,fia-2025-ita-9d19bb5350fc,2025-ita,2025,Race,causing_collision,87,55,predominantly_to_blame,time_penalty,10,2,,public_driving_and_penalty_guidelines,model_reviewed_agree,40,fia_incident_clock_single_lap_interval,False,False,False,ambiguous_both_lines_mentioned,front_axle_ahead,apex,False,machine_extracted_pending_human_review,True,True,descriptive_model_review_pending_human
adjudication-seed-fia-2025-lvs-462a2bce3a3a-01,adj-4762dd05c67569c8,incident-src-4762dd05c67569c8,fia-2025-lvs-462a2bce3a3a,2025-lvs,2025,Race,causing_collision,5,18,no_conclusion,grid_penalty,,2,5,public_driving_and_penalty_guidelines,model_reviewed_corrected,1,model_reviewed_source_or_timing,True,False,False,unknown,unknown,unknown,False,machine_extracted_pending_human_review,True,False,descriptive_model_review_pending_human
adjudication-seed-fia-2025-lvs-930d412442e7-01,adj-2c6f2f495e380077,incident-src-2c6f2f495e380077,fia-2025-lvs-930d412442e7,2025-lvs,2025,Race,causing_collision,30,81|63|55,no_conclusion,no_further_action,,,,public_driving_and_penalty_guidelines,model_reviewed_corrected,1,model_reviewed_source_or_timing,True,False,False,unknown,unknown,unknown,False,machine_extracted_pending_human_review,False,False,descriptive_model_review_pending_human
adjudication-seed-fia-2025-lvs-9874a99bc7cd-01,adj-3970a605781c9f8e,incident-src-3970a605781c9f8e,fia-2025-lvs-9874a99bc7cd,2025-lvs,2025,Race,causing_collision,23,44,no_conclusion,time_penalty,5,1,,public_driving_and_penalty_guidelines,model_reviewed_corrected,,unresolved,False,False,False,unknown,unknown,unknown,False,machine_extracted_pending_human_review,True,False,descriptive_model_review_pending_human
adjudication-seed-fia-2025-mco-637ae2b682ba-01,adj-bcb17f8b041a82e3,incident-src-bcb17f8b041a82e3,fia-2025-mco-637ae2b682ba,2025-mco,2025,Race,gaining_advantage_off_track,63,23,not_applicable,drive_through,,,,public_driving_and_penalty_guidelines,model_reviewed_corrected,48,fia_incident_clock_single_lap_interval,False,False,False,unknown,unknown,unknown,False,machine_extracted_pending_human_review,True,False,descriptive_model_review_pending_human
adjudication-seed-fia-2025-mco-b201d5cbcdc6-01,adj-7d5059e7588e17a9,incident-src-7d5059e7588e17a9,fia-2025-mco-b201d5cbcdc6,2025-mco,2025,Race,causing_collision,10,22,no_conclusion,reprimand,,,,public_driving_and_penalty_guidelines,model_reviewed_corrected,,unresolved,False,False,False,unknown,unknown,unknown,False,machine_extracted_pending_human_review,False,False,descriptive_model_review_pending_human
adjudication-seed-fia-2025-mex-47fc1c3a7137-01,adj-29e0c768f162cabc,incident-src-29e0c768f162cabc,fia-2025-mex-47fc1c3a7137,2025-mex,2025,Race,gaining_advantage_off_track,44,1,not_applicable,time_penalty,10,,,public_driving_and_penalty_guidelines,model_reviewed_corrected,,unresolved,False,False,False,unknown,unknown,unknown,False,machine_extracted_pending_human_review,True,False,descriptive_model_review_pending_human
adjudication-seed-fia-2025-mex-f947a135cd58-01,adj-dba46fa3ca5c210c,incident-src-dba46fa3ca5c210c,fia-2025-mex-f947a135cd58,2025-mex,2025,Race,causing_collision,44,1,racing_incident,no_further_action,,,,public_driving_and_penalty_guidelines,model_reviewed_agree,6,model_reviewed_source_or_timing,False,False,False,inside,ambiguous,apex,False,machine_extracted_pending_human_review,False,False,descriptive_model_review_pending_human
adjudication-seed-fia-2025-mia-257f8720a641-01,adj-5fb4a92076f8efba,incident-src-5fb4a92076f8efba,fia-2025-mia-257f8720a641,2025-mia,2025,Sprint,causing_collision,30,14,predominantly_to_blame,time_penalty,5,1,,public_driving_and_penalty_guidelines,model_reviewed_agree,14,fia_incident_clock_single_lap_interval,False,False,False,outside,ambiguous,apex,False,machine_extracted_pending_human_review,True,True,descriptive_model_review_pending_human
adjudication-seed-fia-2025-mia-2fbe65f9cac5-01,adj-cc7aa990ebfcb644,incident-src-cc7aa990ebfcb644,fia-2025-mia-2fbe65f9cac5,2025-mia,2025,Race,causing_collision,44,55,shared_fault,no_further_action,,,,public_driving_and_penalty_guidelines,model_reviewed_agree,57,fia_incident_clock_single_lap_interval,False,False,False,inside,unknown,apex,False,machine_extracted_pending_human_review,False,True,descriptive_model_review_pending_human
adjudication-seed-fia-2025-mia-45845998ca54-01,adj-324b4967a8663b58,incident-src-324b4967a8663b58,fia-2025-mia-45845998ca54,2025-mia,2025,Race,causing_collision,55,44,shared_fault,no_further_action,,,,public_driving_and_penalty_guidelines,model_reviewed_agree,57,fia_incident_clock_single_lap_interval,False,False,False,inside,unknown,apex,False,machine_extracted_pending_human_review,False,True,descriptive_model_review_pending_human
adjudication-seed-fia-2025-ned-644f47d1f6a0-01,adj-47e48f725c522344,incident-src-47e48f725c522344,fia-2025-ned-644f47d1f6a0,2025-ned,2025,Race,causing_collision,55,30,predominantly_to_blame,time_penalty,10,2,,public_driving_and_penalty_guidelines,model_reviewed_corrected,27,fia_incident_clock_single_lap_interval,False,False,False,outside,front_axle_ahead,apex,False,machine_extracted_pending_human_review,True,True,descriptive_model_review_pending_human
adjudication-seed-fia-2025-ned-93b5218acb32-01,adj-8f0780dbba4e36af,incident-src-8f0780dbba4e36af,fia-2025-ned-93b5218acb32,2025-ned,2025,Race,causing_collision,63,16,racing_incident,no_further_action,,,,public_driving_and_penalty_guidelines,model_reviewed_agree,,unresolved,False,False,False,unknown,unknown,unknown,False,machine_extracted_pending_human_review,False,False,descriptive_model_review_pending_human
adjudication-seed-fia-2025-ned-bebf98c3f2bf-01,adj-7a6e06b6a58ea9bf,incident-src-7a6e06b6a58ea9bf,fia-2025-ned-bebf98c3f2bf,2025-ned,2025,Race,causing_collision,16,63,racing_incident,no_further_action,,,,public_driving_and_penalty_guidelines,model_reviewed_agree,,unresolved,False,False,False,unknown,unknown,unknown,False,machine_extracted_pending_human_review,False,False,descriptive_model_review_pending_human
adjudication-seed-fia-2025-ned-d843a4b9a866-01,adj-8200d1dc5332b417,incident-src-8200d1dc5332b417,fia-2025-ned-d843a4b9a866,2025-ned,2025,Race,causing_collision,12,16,no_conclusion,time_penalty,10,2,,public_driving_and_penalty_guidelines,model_reviewed_corrected,53,fia_incident_clock_single_lap_interval,False,False,False,inside,unknown,unknown,False,machine_extracted_pending_human_review,True,False,descriptive_model_review_pending_human
adjudication-seed-fia-2025-qat-78837a554fcb-01,adj-b5568820681da36b,incident-src-b5568820681da36b,fia-2025-qat-78837a554fcb,2025-qat,2025,Race,causing_collision,27,10,no_conclusion,no_further_action,,,,public_driving_and_penalty_guidelines,model_reviewed_agree,,unresolved,False,False,False,outside,unknown,unknown,False,machine_extracted_pending_human_review,False,False,descriptive_model_review_pending_human
adjudication-seed-fia-2025-sao-06b73ba655ed-01,adj-7f13cd0ba94d7090,incident-src-7f13cd0ba94d7090,fia-2025-sao-06b73ba655ed,2025-sao,2025,Race,causing_collision,22,18,wholly_to_blame,time_penalty,10,2,,public_driving_and_penalty_guidelines,model_reviewed_agree,6,model_reviewed_source_or_timing,False,False,False,inside,unknown,unknown,False,machine_extracted_pending_human_review,True,True,descriptive_model_review_pending_human
adjudication-seed-fia-2025-sao-61b609bbbc46-01,adj-a4594db187cf51e4,incident-src-a4594db187cf51e4,fia-2025-sao-61b609bbbc46,2025-sao,2025,Sprint,causing_collision,30,87,no_conclusion,time_penalty,5,1,,public_driving_and_penalty_guidelines,model_reviewed_corrected,1,fia_incident_clock_single_lap_interval,True,True,False,inside,alongside,apex,False,machine_extracted_pending_human_review,True,False,descriptive_model_review_pending_human
adjudication-seed-fia-2025-sao-8b59704b34d7-01,adj-ae58e3cecb00d019,incident-src-ae58e3cecb00d019,fia-2025-sao-8b59704b34d7,2025-sao,2025,Race,causing_collision,44,43,wholly_to_blame,time_penalty,5,1,,public_driving_and_penalty_guidelines,model_reviewed_agree,2,model_reviewed_source_or_timing,False,False,False,unknown,unknown,unknown,False,machine_extracted_pending_human_review,True,True,descriptive_model_review_pending_human
adjudication-seed-fia-2025-sao-f7a215166f92-01,adj-07251667fa91d99d,incident-src-07251667fa91d99d,fia-2025-sao-f7a215166f92,2025-sao,2025,Race,causing_collision,81,12|16,no_conclusion,time_penalty,10,2,,public_driving_and_penalty_guidelines,model_reviewed_corrected,6,model_reviewed_source_or_timing,False,False,True,ambiguous_both_lines_mentioned,ambiguous,apex,False,machine_extracted_pending_human_review,True,False,descriptive_model_review_pending_human
adjudication-seed-fia-2025-sau-085f04d49714-01,adj-c3806e9e6a004dbe,incident-src-c3806e9e6a004dbe,fia-2025-sau-085f04d49714,2025-sau,2025,Race,gaining_advantage_off_track,30,7,not_applicable,time_penalty,10,,,public_driving_and_penalty_guidelines,model_reviewed_corrected,,unresolved,False,False,False,unknown,unknown,unknown,False,machine_extracted_pending_human_review,True,False,descriptive_model_review_pending_human
adjudication-seed-fia-2025-sau-8187bba80d1e-01,adj-47d34770b1ec91cd,incident-src-47d34770b1ec91cd,fia-2025-sau-8187bba80d1e,2025-sau,2025,Race,causing_collision,22,10|55,racing_incident,no_further_action,,,,public_driving_and_penalty_guidelines,model_reviewed_agree,1,fia_incident_clock_single_lap_interval,True,False,False,unknown,unknown,unknown,False,machine_extracted_pending_human_review,False,False,descriptive_model_review_pending_human
adjudication-seed-fia-2025-sau-8ffc9e48015e-01,adj-87d924dd6ae7d7a9,incident-src-87d924dd6ae7d7a9,fia-2025-sau-8ffc9e48015e,2025-sau,2025,Race,gaining_advantage_off_track,1,81,not_applicable,time_penalty,5,,,public_driving_and_penalty_guidelines,model_reviewed_corrected,1,fia_incident_clock_single_lap_interval,True,False,False,inside,alongside,apex,False,machine_extracted_pending_human_review,True,False,descriptive_model_review_pending_human
adjudication-seed-fia-2025-usa-128be2a520d5-01,adj-e735ae114a36040d,incident-src-e735ae114a36040d,fia-2025-usa-128be2a520d5,2025-usa,2025,Sprint,gaining_advantage_off_track,87,12,not_applicable,time_penalty,10,,,public_driving_and_penalty_guidelines,model_reviewed_corrected,,unresolved,False,False,False,ambiguous_both_lines_mentioned,front_axle_ahead,apex,False,machine_extracted_pending_human_review,True,False,descriptive_model_review_pending_human
adjudication-seed-fia-2025-usa-1f9064819192-01,adj-d1735787a6532540,incident-src-d1735787a6532540,fia-2025-usa-1f9064819192,2025-usa,2025,Race,causing_collision,55,12,predominantly_to_blame,grid_penalty,,2,5,public_driving_and_penalty_guidelines,model_reviewed_agree,6,fia_incident_clock_single_lap_interval,False,False,False,unknown,ambiguous,apex,False,machine_extracted_pending_human_review,True,True,descriptive_model_review_pending_human
adjudication-seed-fia-2025-usa-e36053ba7969-01,adj-671ecdc75433b5c4,incident-src-671ecdc75433b5c4,fia-2025-usa-e36053ba7969,2025-usa,2025,Sprint,causing_collision,18,31,wholly_to_blame,grid_penalty,,2,5,public_driving_and_penalty_guidelines,model_reviewed_agree,,unresolved,False,False,False,unknown,unknown,unknown,False,machine_extracted_pending_human_review,True,True,descriptive_model_review_pending_human
