adjudication_instance_id,adjudication_id,incident_id,document_id,event_id,session_type,incident_family,accused_driver_number,affected_driver_numbers,location_model_reviewed,lap_model_reviewed,incident_lap_candidate,incident_lap_basis,incident_lap_window_min,incident_lap_window_max,possible_accused_laps,clock_lower_utc,clock_upper_utc,clock_mapping_basis,referral_episode_id,referral_link_status,referral_link_score,message_lap_upper_bound,message_lap_last,race_control_process_statuses,race_control_messages_json,first_lap_candidate,wet_track_candidate,safety_car_restart_candidate,attacker_line_candidate,overlap_candidate,corner_phase_candidate,control_error_candidate,context_evidence_json,context_review_status,timing_review_status,context_reviewer_id,context_reviewed_at,context_review_notes
adjudication-seed-fia-2018-abu-18bc30990ea3-01,adj-b68335d3407c00bc,incident-src-b68335d3407c00bc,fia-2018-abu-18bc30990ea3,2018-abu,Race,gaining_advantage_off_track,14,,Turn 8,,,unresolved,53,54,53|54,2018-11-25T14:51:00+00:00,2018-11-25T14:52:00+00:00,fia_clock_lap_interval,referral-036a14c008c11cef,high_confidence_algorithmic,13.0,54.0,55.0,sanction_announced,"[""5 SECOND TIME PENALTY FOR CAR 14 (ALO) - LEAVING THE TRACK AND GAINING AN ADVANTAGE"", ""5 SECOND TIME PENALTY FOR CAR 14 (ALO) - LEAVING THE TRACK AND GAINING AN ADVANTAGE"", ""5 SECOND TIME PENALTY FOR CAR 14 (ALO) - LEAVING THE TRACK AND GAINING AN ADVANTAGE""]",False,False,False,unknown,unknown,unknown,False,{},machine_extracted_pending_human_review,pending_human_review,,,
adjudication-seed-fia-2018-abu-754824eaae10-01,adj-58eaa3eee308cb80,incident-src-58eaa3eee308cb80,fia-2018-abu-754824eaae10,2018-abu,Race,gaining_advantage_off_track,14,,Turn 8,,54,fia_incident_clock_single_lap_interval,54,54,54,2018-11-25T14:52:00+00:00,2018-11-25T14:53:00+00:00,fia_clock_lap_interval,referral-036a14c008c11cef,high_confidence_algorithmic,13.0,54.0,55.0,sanction_announced,"[""5 SECOND TIME PENALTY FOR CAR 14 (ALO) - LEAVING THE TRACK AND GAINING AN ADVANTAGE"", ""5 SECOND TIME PENALTY FOR CAR 14 (ALO) - LEAVING THE TRACK AND GAINING AN ADVANTAGE"", ""5 SECOND TIME PENALTY FOR CAR 14 (ALO) - LEAVING THE TRACK AND GAINING AN ADVANTAGE""]",False,False,False,unknown,unknown,unknown,False,{},machine_extracted_pending_human_review,pending_human_review,,,
adjudication-seed-fia-2018-abu-b67f80da207e-01,adj-2082537af6db5e25,incident-src-2082537af6db5e25,fia-2018-abu-b67f80da207e,2018-abu,Race,causing_collision,27,,Turn 9,,1,fia_incident_clock_single_lap_interval,1,1,1,2018-11-25T13:14:00+00:00,2018-11-25T13:15:00+00:00,fia_clock_lap_interval,referral-9b6de88fc350879a,high_confidence_algorithmic,14.0,3.0,3.0,investigation|no_further_action,"[""TURN 9 INCIDENT INVOLVING CARS 27 (HUL) AND 8 (GRO) UNDER INVESTIGATION - CAUSING A COLLISION"", ""TURN 9 INCIDENT INVOLVING CARS 27 (HUL) AND 8 (GRO) - NO FURTHER ACTION""]",True,False,False,unknown,unknown,unknown,False,"{""first_lap"": [""This was a first lap incident.""]}",machine_extracted_pending_human_review,pending_human_review,,,
adjudication-seed-fia-2018-abu-ba74bbf1e4a2-01,adj-e83d46d8daf5ec73,incident-src-e83d46d8daf5ec73,fia-2018-abu-ba74bbf1e4a2,2018-abu,Race,gaining_advantage_off_track,14,,Turn 8,,51,fia_incident_clock_single_lap_interval,51,51,51,2018-11-25T14:47:00+00:00,2018-11-25T14:48:00+00:00,fia_clock_lap_interval,referral-036a14c008c11cef,high_confidence_algorithmic,13.0,54.0,55.0,sanction_announced,"[""5 SECOND TIME PENALTY FOR CAR 14 (ALO) - LEAVING THE TRACK AND GAINING AN ADVANTAGE"", ""5 SECOND TIME PENALTY FOR CAR 14 (ALO) - LEAVING THE TRACK AND GAINING AN ADVANTAGE"", ""5 SECOND TIME PENALTY FOR CAR 14 (ALO) - LEAVING THE TRACK AND GAINING AN ADVANTAGE""]",False,False,False,unknown,unknown,unknown,False,{},machine_extracted_pending_human_review,pending_human_review,,,
adjudication-seed-fia-2018-abu-e3bd8959c0f4-01,adj-9a44d3fc12f61d17,incident-src-9a44d3fc12f61d17,fia-2018-abu-e3bd8959c0f4,2018-abu,Race,gaining_advantage_off_track,31,2,Turn 17,,,unresolved,31,32,31|32,2018-11-25T14:13:00+00:00,2018-11-25T14:14:00+00:00,fia_clock_lap_interval,referral-afc003373dd8dcff,high_confidence_algorithmic,15.0,33.0,35.0,investigation|sanction_announced,"[""TURN 17 INCIDENT INVOLVING CARS 2 (VAN) AND 31 (OCO) UNDER INVESTIGATION - LEAVING THE TRACK AND GAINING AN ADVANTAGE"", ""5 SECOND TIME PENALTY FOR CAR 31 (OCO) - LEAVING THE TRACK AND GAINING AN ADVANTAGE""]",False,False,False,unknown,unknown,unknown,False,{},machine_extracted_pending_human_review,pending_human_review,,,
adjudication-seed-fia-2018-aut-6376daf466a5-01,adj-b25c86494efcda3c,incident-src-b25c86494efcda3c,fia-2018-aut-6376daf466a5,2018-aut,Race,gaining_advantage_off_track,7,33,Turn 3,,,unresolved,1,2,1|2,2018-07-01T13:13:00+00:00,2018-07-01T13:14:00+00:00,fia_clock_lap_interval,referral-6e403822e93409c7,candidate_pending_review,12.0,10.0,21.0,noted|investigation|no_further_action,"[""TURN 3 INCIDENT INVOLVING CARS 7 (RAI) AND 33 (VER) NOTED"", ""TURN 3 INCIDENT INVOLVING CARS 7 (RAI) AND 33 (VER) UNDER INVESTIGATION"", ""TURN 3 INCIDENT INVOLVING CARS 7 (RAI) AND 33 (VER) - NO FURTHER ACTION""]",False,False,False,unknown,unknown,unknown,False,{},machine_extracted_pending_human_review,pending_human_review,,,
adjudication-seed-fia-2018-aut-9c50973f6716-01,adj-42055c7ca321d011,incident-src-42055c7ca321d011,fia-2018-aut-9c50973f6716,2018-aut,Race,forcing_off_track,55,31,Turn 1,,1,fia_incident_clock_single_lap_interval,1,1,1,2018-07-01T13:12:00+00:00,2018-07-01T13:13:00+00:00,fia_clock_lap_interval,referral-e5a0ee4b543a5b62,candidate_pending_review,12.0,9.0,25.0,noted|investigation|sanction_announced,"[""TURN 1 INCIDENT INVOLVING CARS 31 (OCO) AND 55 (SAI) NOTED"", ""TURN 1 INCIDENT INVOLVING CARS 31 (OCO) AND 55 (SAI) UNDER INVESTIGATION"", ""TURN 1 INCIDENT INVOLVING CARS 31 (OCO) AND 55 (SAI) - REPRIMAND TO CAR 55 (SAI)""]",True,False,False,unknown,unknown,unknown,False,{},machine_extracted_pending_human_review,pending_human_review,,,
adjudication-seed-fia-2018-aze-1bbf84530187-01,adj-e467c6122d516580,incident-src-e467c6122d516580,fia-2018-aze-1bbf84530187,2018-aze,Race,causing_collision,33,3,Turn 20,,40,fia_incident_clock_single_lap_interval,40,40,40,2018-04-29T13:29:00+00:00,2018-04-29T13:30:00+00:00,fia_clock_lap_interval,referral-fa03188bfc3f5b32,candidate_pending_review,8.0,50.0,50.0,post_session_investigation,"[""TURN 1 INCIDENT INVOLVING CARS 3 (RIC) AND 33 (VER) WILL BE INVESTIGATED AFTER THE RACE""]",False,False,False,unknown,unknown,unknown,False,{},machine_extracted_pending_human_review,pending_human_review,,,
adjudication-seed-fia-2018-aze-23f8b0b5b715-01,adj-cbb36a04e5932d9a,incident-src-cbb36a04e5932d9a,fia-2018-aze-23f8b0b5b715,2018-aze,Race,causing_collision,9,20,Turn 2,,1,fia_incident_clock_single_lap_interval,1,1,1,2018-04-29T12:14:00+00:00,2018-04-29T12:15:00+00:00,fia_clock_lap_interval,referral-035f8d6260760de8,candidate_pending_review,10.0,20.0,20.0,investigation,"[""TURN 2 INCIDENT INVOLVING CARS 9 (ERI) AND 20 (MAG) UNDER INVESTIGATION""]",True,False,False,unknown,unknown,unknown,False,{},machine_extracted_pending_human_review,pending_human_review,,,
adjudication-seed-fia-2018-aze-3e59a6773794-01,adj-2244116a8d1885ec,incident-src-2244116a8d1885ec,fia-2018-aze-3e59a6773794,2018-aze,Race,causing_collision,31,7,"Turns 3, 2",,1,fia_incident_clock_single_lap_interval,1,1,1,2018-04-29T12:14:00+00:00,2018-04-29T12:15:00+00:00,fia_clock_lap_interval,referral-000a36711d6e5f60,candidate_pending_review,8.0,19.0,19.0,post_session_investigation,"[""TURN 2 INCIDENT INVOLVING CARS 31 (OCO) AND 7 (RAI) WILL BE INVESTIGATED AFTER THE RACE""]",True,False,False,inside,unknown,unknown,False,"{""attacker_line"": [""The driver of car 31 stated that the last vision he had of car 7 was on the straight after turn 2 which the two cars had successfully negotiated and that he had not seen car 7 on the inside into turn 3.""], ""first_lap"": [""The driver of car 7 and his team representative conceded that the collision was typical of a first lap racing “incident”.""]}",machine_extracted_pending_human_review,pending_human_review,,,
adjudication-seed-fia-2018-aze-4fbe7e105140-01,adj-915feddd8ae6b043,incident-src-915feddd8ae6b043,fia-2018-aze-4fbe7e105140,2018-aze,Race,causing_collision,35,11,Turn 2,,1,fia_incident_clock_single_lap_interval,1,1,1,2018-04-29T12:14:00+00:00,2018-04-29T12:15:00+00:00,fia_clock_lap_interval,,unmatched,,,,,,True,False,False,unknown,unknown,unknown,False,{},machine_extracted_pending_human_review,pending_human_review,,,
adjudication-seed-fia-2018-aze-94399ce60452-01,adj-fb216d7f0fbf8ff1,incident-src-fb216d7f0fbf8ff1,fia-2018-aze-94399ce60452,2018-aze,Race,causing_collision,3,33,Turn 20,,40,fia_incident_clock_single_lap_interval,40,40,40,2018-04-29T13:29:00+00:00,2018-04-29T13:30:00+00:00,fia_clock_lap_interval,referral-fa03188bfc3f5b32,candidate_pending_review,8.0,50.0,50.0,post_session_investigation,"[""TURN 1 INCIDENT INVOLVING CARS 3 (RIC) AND 33 (VER) WILL BE INVESTIGATED AFTER THE RACE""]",False,False,False,unknown,unknown,unknown,False,{},machine_extracted_pending_human_review,pending_human_review,,,
adjudication-seed-fia-2018-aze-b6df36c282b7-01,adj-b5b3a795e56fb51d,incident-src-b5b3a795e56fb51d,fia-2018-aze-b6df36c282b7,2018-aze,Race,causing_collision,20,10,Turn 20,,,unresolved,47,48,47|48,2018-04-29T13:50:00+00:00,2018-04-29T13:51:00+00:00,fia_clock_lap_interval,referral-284df2fbe634a719,candidate_pending_review,10.0,51.0,51.0,post_session_investigation,"[""TURN 20 INCIDENT INVOLVING CARS 10 (GAS) AND 20 (MAG) WILL BE INVESTIGATED AFTER THE RACE""]",False,False,False,unknown,unknown,unknown,False,{},machine_extracted_pending_human_review,pending_human_review,,,
adjudication-seed-fia-2018-bel-5f9336c3c23e-01,adj-dad7e6d1095a4d05,incident-src-dad7e6d1095a4d05,fia-2018-bel-5f9336c3c23e,2018-bel,Race,causing_collision,77,35,Turn 1,,1,fia_incident_clock_single_lap_interval,1,1,1,2018-08-26T13:13:00+00:00,2018-08-26T13:14:00+00:00,fia_clock_lap_interval,,unmatched,,,,,,True,False,False,unknown,unknown,unknown,False,{},machine_extracted_pending_human_review,pending_human_review,,,
adjudication-seed-fia-2018-bel-6346000a9777-01,adj-f2430a8dcab51295,incident-src-f2430a8dcab51295,fia-2018-bel-6346000a9777,2018-bel,Race,causing_collision,27,14,Turn 1,,1,fia_incident_clock_single_lap_interval,1,1,1,2018-08-26T13:13:00+00:00,2018-08-26T13:14:00+00:00,fia_clock_lap_interval,,unmatched,,,,,,True,False,False,unknown,unknown,unknown,False,{},machine_extracted_pending_human_review,pending_human_review,,,
adjudication-seed-fia-2018-bhr-37959695abd9-01,adj-f085f5d8e175f3e4,incident-src-f085f5d8e175f3e4,fia-2018-bhr-37959695abd9,2018-bhr,Race,causing_collision,28,11,Turn 4,,1,fia_incident_clock_single_lap_interval,1,1,1,2018-04-08T15:14:00+00:00,2018-04-08T15:15:00+00:00,fia_clock_pre_start_first_lap_tolerance,referral-d039353f8ed48fe0,high_confidence_algorithmic,15.0,7.0,12.0,investigation|sanction_announced|post_session_investigation,"[""TURN 4 INCIDENT INVOLVING CARS 11 (PER) AND 28 (HAR) UNDER INVESTIGATION - CAUSING A COLLISION"", ""10 SECOND TIME PENALTY FOR CAR 28 (HAR) - CAUSING A COLLISION"", ""INCIDENT INVOLVING CARS 11 (PER) AND 28 (HAR) UNDER INVESTIGATION - FAILURE TO MAINTAIN ORDER ON THE FORMATION LAP"", ""INCIDENT INVOLVING CARS 11 (PER) AND 28 (HAR) WILL BE INVESTIGATED AFTER THE RACE""]",True,False,False,unknown,unknown,unknown,False,{},machine_extracted_pending_human_review,pending_human_review,,,
adjudication-seed-fia-2018-bra-1cf7293f9bee-01,adj-39523131c9d9684d,incident-src-39523131c9d9684d,fia-2018-bra-1cf7293f9bee,2018-bra,Race,causing_collision,31,33,Turn 2,,,unresolved,42,43,42|43,2018-11-11T18:06:00+00:00,2018-11-11T18:07:00+00:00,fia_clock_lap_interval,referral-396f655648060e9d,high_confidence_algorithmic,13.0,45.0,57.0,investigation|sanction_announced,"[""TURN 1 INCIDENT INVOLVING CARS 31 (OCO) AND 33 (VER) UNDER INVESTIGATION - CAUSING A COLLISION"", ""10 SECOND STOP/GO PENALTY FOR CAR 31 (OCO) - CAUSING A COLLISION""]",False,False,False,unknown,unknown,unknown,False,{},machine_extracted_pending_human_review,pending_human_review,,,
adjudication-seed-fia-2018-can-6ea0e0275da8-01,adj-1bf13c58d15a0c62,incident-src-1bf13c58d15a0c62,fia-2018-can-6ea0e0275da8,2018-can,Race,causing_collision,18,28,Turn 5,,1,fia_incident_clock_single_lap_interval,1,1,1,2018-06-10T18:13:00+00:00,2018-06-10T18:14:00+00:00,fia_clock_lap_interval,referral-6aae47e17c294ba7,candidate_pending_review,10.0,5.0,6.0,investigation|no_further_action,"[""TURN 6 INCIDENT INVOLVING CARS 18 (STR) AND 28 (HAR) UNDER INVESTIGATION"", ""TURN 6 INCIDENT INVOLVING CARS 18 (STR) AND 28 (HAR) - NO FURTHER ACTION""]",True,False,False,unknown,unknown,unknown,False,{},machine_extracted_pending_human_review,pending_human_review,,,
adjudication-seed-fia-2018-can-fa41432364aa-01,adj-f0841610b6a2725d,incident-src-f0841610b6a2725d,fia-2018-can-fa41432364aa,2018-can,Race,causing_collision,55,11,Turn 1,,,unresolved,4,5,4|5,2018-06-10T18:21:00+00:00,2018-06-10T18:22:00+00:00,fia_clock_lap_interval,referral-db028cc9d0a1469a,candidate_pending_review,12.0,6.0,12.0,noted|investigation|no_further_action,"[""TURN 1 INCIDENT INVOLVING CARS 11 (PER) AND 55 (SAI) NOTED"", ""TURN 1 INCIDENT INVOLVING CARS 11 (PER) AND 55 (SAI) UNDER INVESTIGATION"", ""TURN 1 INCIDENT INVOLVING CARS 11 (PER) AND 55 (SAI) - NO FURTHER ACTION""]",False,False,False,unknown,alongside,unknown,False,"{""overlap"": [""The Stewards reviewed video evidence that showed the cars were side by side coming into turn 1, there was enough room for both cars to avoid the collision, no driver was predominantely to blame for the incident.""]}",machine_extracted_pending_human_review,pending_human_review,,,
adjudication-seed-fia-2018-chn-ad3c0076d583-01,adj-171323b01c7fd2e4,incident-src-171323b01c7fd2e4,fia-2018-chn-ad3c0076d583,2018-chn,Race,causing_collision,10,28,Turn 14,,29,fia_incident_clock_single_lap_interval,29,29,29,2018-04-15T07:02:00+00:00,2018-04-15T07:03:00+00:00,fia_clock_lap_interval,referral-da0e54c0187d0fbe,high_confidence_algorithmic,15.0,32.0,36.0,investigation|sanction_announced,"[""TURN 14 INCIDENT INVOLVING CARS 10 (GAS) AND 28 (HAR) UNDER INVESTIGATION - CAUSING A COLLISION"", ""10 SECOND TIME PENALTY FOR CAR 10 (GAS) - CAUSING A COLLISION""]",False,False,False,unknown,unknown,unknown,False,{},machine_extracted_pending_human_review,pending_human_review,,,
adjudication-seed-fia-2018-chn-e98fbe4695b8-01,adj-04b290c26ab9e55d,incident-src-04b290c26ab9e55d,fia-2018-chn-e98fbe4695b8,2018-chn,Race,causing_collision,33,5,Turn 14,,,unresolved,43,44,43|44,2018-04-15T07:28:00+00:00,2018-04-15T07:29:00+00:00,fia_clock_lap_interval,referral-07b5cb573e331c13,high_confidence_algorithmic,15.0,44.0,46.0,investigation|sanction_announced,"[""TURN 14 INCIDENT INVOLVING CARS 5 (VET) AND 33 (VER) UNDER INVESTIGATION - CAUSING A COLLISION"", ""10 SECOND TIME PENALTY FOR CAR 33 (VER) - CAUSING A COLLISION""]",False,False,False,unknown,unknown,unknown,False,{},machine_extracted_pending_human_review,pending_human_review,,,
adjudication-seed-fia-2018-esp-231d287cafcd-01,adj-9fe86942c422bf75,incident-src-9fe86942c422bf75,fia-2018-esp-231d287cafcd,2018-esp,Race,causing_collision,8,27|10|20,Turns 2-3,,1,fia_incident_clock_single_lap_interval,1,1,1,2018-05-13T13:13:00+00:00,2018-05-13T13:14:00+00:00,fia_clock_lap_interval,,unmatched,,,,,,True,False,False,unknown,unknown,unknown,False,{},machine_extracted_pending_human_review,pending_human_review,,,
adjudication-seed-fia-2018-fra-505561fd0edc-01,adj-7f9ab5cd4940bce4,incident-src-7f9ab5cd4940bce4,fia-2018-fra-505561fd0edc,2018-fra,Race,causing_collision,31,10,Turn 3,,1,fia_incident_clock_single_lap_interval,1,1,1,2018-06-24T14:13:00+00:00,2018-06-24T14:14:00+00:00,fia_clock_lap_interval,referral-b8d75cb18fc7f059,candidate_pending_review,11.0,3.0,5.0,investigation|post_session_investigation,"[""INCIDENT INVOLVING CARS 10 (GAS) AND 31 (OCO) UNDER INVESTIGATION - CAUSING A COLLISION"", ""INCIDENT INVOLVING CARS 10 (GAS) AND 31 (OCO) WILL BE INVESTIGATED AFTER THE RACE""]",True,False,False,unknown,unknown,apex,False,"{""corner_phase"": [""The driver of car 31 was optimistic in his move from the left of the track across to the apex of the corner.""]}",machine_extracted_pending_human_review,pending_human_review,,,
adjudication-seed-fia-2018-fra-80f5d9447315-01,adj-edac40e1e7230ec7,incident-src-edac40e1e7230ec7,fia-2018-fra-80f5d9447315,2018-fra,Race,causing_collision,8,31,,,1,race_control_explicit_lap_candidate_link,1,1,1,2018-06-24T14:13:00+00:00,2018-06-24T14:14:00+00:00,fia_clock_lap_interval,referral-572ef9f566c02a47,candidate_pending_review,8.0,27.0,32.0,no_further_action|investigation|sanction_announced,"[""LAP 1 TURN 4 INCIDENT INVOLVING CAR 8 (GRO) - NO FURTHER ACTION"", ""LAP 1 TURN 1 INCIDENT INVOLVING CAR 8 (GRO) UNDER INVESTIGATION - CAUSING A COLLISION"", ""5 SECOND TIME PENALTY FOR CAR 8 (GRO) - CAUSING A COLLISION""]",True,False,False,unknown,unknown,unknown,False,{},machine_extracted_pending_human_review,pending_human_review,,,
adjudication-seed-fia-2018-fra-db6e1870bc40-01,adj-ff2eb72501ff888f,incident-src-ff2eb72501ff888f,fia-2018-fra-db6e1870bc40,2018-fra,Race,causing_collision,10,31,Turn 3,,1,fia_incident_clock_single_lap_interval,1,1,1,2018-06-24T14:13:00+00:00,2018-06-24T14:14:00+00:00,fia_clock_lap_interval,referral-b8d75cb18fc7f059,candidate_pending_review,11.0,3.0,5.0,investigation|post_session_investigation,"[""INCIDENT INVOLVING CARS 10 (GAS) AND 31 (OCO) UNDER INVESTIGATION - CAUSING A COLLISION"", ""INCIDENT INVOLVING CARS 10 (GAS) AND 31 (OCO) WILL BE INVESTIGATED AFTER THE RACE""]",True,False,False,unknown,unknown,apex,False,"{""corner_phase"": [""The driver of car 31 was optimistic in his move from the left of the track across to the apex of the corner.""]}",machine_extracted_pending_human_review,pending_human_review,,,
adjudication-seed-fia-2018-fra-e65d0d06dbb7-01,adj-2528c2aa99cc8fa3,incident-src-2528c2aa99cc8fa3,fia-2018-fra-e65d0d06dbb7,2018-fra,Race,causing_collision,5,77,Turn 1,,1,fia_incident_clock_single_lap_interval,1,1,1,2018-06-24T14:13:00+00:00,2018-06-24T14:14:00+00:00,fia_clock_lap_interval,referral-3c69a1bc7c5f01a1,high_confidence_algorithmic,13.0,2.0,9.0,investigation|sanction_announced,"[""INCIDENT INVOLVING CARS 5 (VET) AND 77 (BOT) UNDER INVESTIGATION - CAUSING A COLLISION"", ""5 SECOND TIME PENALTY FOR CAR 5 (VET) - CAUSING A COLLISION""]",True,False,False,inside,unknown,unknown,False,"{""attacker_line"": [""Car 77 clearly left room on the inside of Turn 1.""]}",machine_extracted_pending_human_review,pending_human_review,,,
adjudication-seed-fia-2018-gbr-33466a876bdd-01,adj-f0f6dfe8d6cd5cc8,incident-src-f0f6dfe8d6cd5cc8,fia-2018-gbr-33466a876bdd,2018-gbr,Race,causing_collision,10,11,"Turns 17, 16",,51,race_control_explicit_lap_candidate_link,50,51,50|51,2018-07-08T14:38:00+00:00,2018-07-08T14:39:00+00:00,fia_clock_lap_interval,referral-bc126f304171b19a,candidate_pending_review,8.0,52.0,52.0,investigation,"[""LAP 51 TURN 17 INCIDENT INVOLVING CARS 10 (GAS) AND 11 (PER) UNDER INVESTIGATION""]",False,False,False,unknown,unknown,apex,False,"{""corner_phase"": [""However, Gasly touched the sausage kerb at the apex of turn 16 which caused him to collide with Perez.""]}",machine_extracted_pending_human_review,pending_human_review,,,
adjudication-seed-fia-2018-gbr-70534cc8d2b4-01,adj-e2c907d5f1895cff,incident-src-e2c907d5f1895cff,fia-2018-gbr-70534cc8d2b4,2018-gbr,Race,causing_collision,8,55,Turn 9,,38,race_control_explicit_lap_candidate_link,,,,2018-07-08T14:18:00+00:00,2018-07-08T14:19:00+00:00,fia_clock_unmatched_to_lap_interval,referral-735cdd9a62f7643d,candidate_pending_review,10.0,40.0,40.0,post_session_investigation,"[""LAP 38 TURN 9 INCIDENT INVOLVING CARS 8 (GRO) AND 55 (SAI) WILL BE INVESTIGATED AFTER THE RACE""]",False,False,False,outside,unknown,apex,False,"{""attacker_line"": [""Car 55 had a run on the outside of Car 8 going into the very fast turn 9.""], ""corner_phase"": [""While the driver of car 55 did slightly tighten his line towards the apex, the drivers agreed that this was not the entire reason for the incident.""]}",machine_extracted_pending_human_review,pending_human_review,,,
adjudication-seed-fia-2018-gbr-c4ec3bfd58d1-01,adj-71bfdbf175be2808,incident-group-5f15a97b01053cd7,fia-2018-gbr-c4ec3bfd58d1,2018-gbr,Race,causing_collision,20,8,Turn 3,,1,race_control_explicit_lap_high_confidence_link,1,1,1,2018-07-08T13:13:00+00:00,2018-07-08T13:14:00+00:00,fia_clock_lap_interval,referral-54d4208235326886,high_confidence_algorithmic,15.0,8.0,12.0,investigation|no_further_action,"[""LAP 1 TURN 3 INCIDENT INVOLVING CARS 8 (GRO) AND 20 (MAG) UNDER INVESTIGATION - CAUSING A COLLISION"", ""LAP 1 TURN 3 INCIDENT INVOLVING CARS 8 (GRO) AND 20 (MAG) - NO FURTHER ACTION""]",True,False,False,unknown,unknown,unknown,False,{},machine_extracted_pending_human_review,pending_human_review,,,
adjudication-seed-fia-2018-gbr-dbd297e3a1ec-01,adj-5085c3b16294abcf,incident-group-5f15a97b01053cd7,fia-2018-gbr-dbd297e3a1ec,2018-gbr,Race,causing_collision,8,20,Turn 3,,1,race_control_explicit_lap_high_confidence_link,1,1,1,2018-07-08T13:13:00+00:00,2018-07-08T13:14:00+00:00,fia_clock_lap_interval,referral-54d4208235326886,high_confidence_algorithmic,15.0,8.0,12.0,investigation|no_further_action,"[""LAP 1 TURN 3 INCIDENT INVOLVING CARS 8 (GRO) AND 20 (MAG) UNDER INVESTIGATION - CAUSING A COLLISION"", ""LAP 1 TURN 3 INCIDENT INVOLVING CARS 8 (GRO) AND 20 (MAG) - NO FURTHER ACTION""]",True,False,False,unknown,unknown,unknown,False,{},machine_extracted_pending_human_review,pending_human_review,,,
adjudication-seed-fia-2018-gbr-f20a2f7cd356-01,adj-5384303bfd85706c,incident-src-5384303bfd85706c,fia-2018-gbr-f20a2f7cd356,2018-gbr,Race,causing_collision,7,44,Turn 3,,1,fia_incident_clock_single_lap_interval,1,1,1,2018-07-08T13:13:00+00:00,2018-07-08T13:14:00+00:00,fia_clock_lap_interval,referral-e1b8f833e205b138,candidate_pending_review,8.0,7.0,7.0,sanction_announced,"[""10 SECOND TIME PENALTY FOR CAR 7 (RAI) - CAUSING A COLLISION""]",True,False,False,inside,unknown,unknown,False,"{""attacker_line"": [""Car 44 clearly left significant room on the inside of Turn 3.""]}",machine_extracted_pending_human_review,pending_human_review,,,
adjudication-seed-fia-2018-hun-4bfaca494290-01,adj-dd118f0c5b27dc3e,incident-src-dd118f0c5b27dc3e,fia-2018-hun-4bfaca494290,2018-hun,Race,causing_collision,77,3,Turn 1,,,unresolved,67,68,67|68,2018-07-29T14:46:00+00:00,2018-07-29T14:47:00+00:00,fia_clock_lap_interval,referral-57858ca3de2f83c6,candidate_pending_review,10.0,69.0,69.0,post_session_investigation,"[""TURN 1 INCIDENT INVOLVING CARS 3 (RIC) AND 77 (BOT) WILL BE INVESTIGATED AFTER THE RACE""]",False,False,False,outside,unknown,unknown,False,"{""attacker_line"": [""As the two cars approached Turn 1, Ricciardo was on the outside of the the turn and gave plenty of room.""]}",machine_extracted_pending_human_review,pending_human_review,,,
adjudication-seed-fia-2018-ita-46eec3615f40-01,adj-baf8a03a8e84a2b5,incident-group-dc038f07ea0cd46a,fia-2018-ita-46eec3615f40,2018-ita,Race,causing_collision,44,5,Turn 4,,1,fia_incident_clock_single_lap_interval,1,1,1,2018-09-02T13:14:00+00:00,2018-09-02T13:15:00+00:00,fia_clock_lap_interval,referral-7eee0a9c2ce4a186,candidate_pending_review,12.0,2.0,6.0,investigation|no_further_action,"[""TURN 4 INCIDENT INVOLVING CARS 5 (VET) AND 44 (HAM) UNDER INVESTIGATION"", ""TURN 4 INCIDENT INVOLVING CARS 5 (VET) AND 44 (HAM) - NO FURTHER ACTION""]",True,False,False,unknown,unknown,unknown,False,{},machine_extracted_pending_human_review,pending_human_review,,,
adjudication-seed-fia-2018-ita-4bcc40bb113b-01,adj-87372849846bf17f,incident-src-87372849846bf17f,fia-2018-ita-4bcc40bb113b,2018-ita,Race,causing_collision,33,77,Turn 1,,,unresolved,42,43,42|43,2018-09-02T14:15:00+00:00,2018-09-02T14:16:00+00:00,fia_clock_lap_interval,referral-5d5df20eacae8c4b,candidate_pending_review,10.0,44.0,44.0,investigation,"[""TURN 1 INCIDENT INVOLVING CARS 33 (VER) AND 77 (BOT) UNDER INVESTIGATION""]",False,False,False,unknown,unknown,unknown,False,{},machine_extracted_pending_human_review,pending_human_review,,,
adjudication-seed-fia-2018-ita-a3456e32915c-01,adj-3d3f08ac55cefb43,incident-group-dc038f07ea0cd46a,fia-2018-ita-a3456e32915c,2018-ita,Race,causing_collision,5,44,Turn 4,,1,fia_incident_clock_single_lap_interval,1,1,1,2018-09-02T13:14:00+00:00,2018-09-02T13:15:00+00:00,fia_clock_lap_interval,referral-7eee0a9c2ce4a186,candidate_pending_review,12.0,2.0,6.0,investigation|no_further_action,"[""TURN 4 INCIDENT INVOLVING CARS 5 (VET) AND 44 (HAM) UNDER INVESTIGATION"", ""TURN 4 INCIDENT INVOLVING CARS 5 (VET) AND 44 (HAM) - NO FURTHER ACTION""]",True,False,False,unknown,unknown,unknown,False,{},machine_extracted_pending_human_review,pending_human_review,,,
adjudication-seed-fia-2018-jpn-81677672dab7-01,adj-ee4d64c6c65cfaa2,incident-src-ee4d64c6c65cfaa2,fia-2018-jpn-81677672dab7,2018-jpn,Race,causing_collision,5,,Turn 13,,8,fia_incident_clock_single_lap_interval,8,8,8,2018-10-07T05:28:00+00:00,2018-10-07T05:29:00+00:00,fia_clock_lap_interval,referral-f22cecd0b41a7712,ambiguous_pending_review,12.0,9.0,9.0,investigation,"[""TURN 13 INCIDENT INVOLVING CARS 5 (VET) AND 33 (VER) UNDER INVESTIGATION - CAUSING A COLLISION""]",False,False,False,unknown,unknown,unknown,False,{},machine_extracted_pending_human_review,pending_human_review,,,
adjudication-seed-fia-2018-jpn-a4bf4fc25a1f-01,adj-98570c1c2d9d82a6,incident-src-98570c1c2d9d82a6,fia-2018-jpn-a4bf4fc25a1f,2018-jpn,Race,forcing_off_track,18,14,Turn 16,,,unresolved,1,2,1|2,2018-10-07T05:15:00+00:00,2018-10-07T05:16:00+00:00,fia_clock_lap_interval,referral-aa9f483ff90d58d7,candidate_pending_review,10.0,7.0,7.0,investigation,"[""TURN 16 INCIDENT INVOLVING CARS 14 (ALO) AND 18 (STR) UNDER INVESTIGATION - LEAVING THE TRACK AND GAINING AN ADVANTAGE""]",False,False,False,unknown,unknown,unknown,False,{},machine_extracted_pending_human_review,pending_human_review,,,
adjudication-seed-fia-2018-jpn-af0be8505555-01,adj-590d4355a3039791,incident-src-590d4355a3039791,fia-2018-jpn-af0be8505555,2018-jpn,Race,gaining_advantage_off_track,14,,Turn 16,,,unresolved,1,2,1|2,2018-10-07T05:15:00+00:00,2018-10-07T05:16:00+00:00,fia_clock_lap_interval,referral-8d5f7e2ace41e877,ambiguous_pending_review,13.0,22.0,22.0,sanction_announced,"[""5 SECOND TIME PENALTY FOR CAR 14 (ALO) - LEAVING THE TRACK AND GAINING AN ADVANTAGE""]",False,False,False,unknown,unknown,unknown,False,{},machine_extracted_pending_human_review,pending_human_review,,,
adjudication-seed-fia-2018-jpn-b456aafdefec-01,adj-00d141181cb75914,incident-src-00d141181cb75914,fia-2018-jpn-b456aafdefec,2018-jpn,Race,causing_collision,16,20,,,,unresolved,1,2,1|2,2018-10-07T05:15:00+00:00,2018-10-07T05:16:00+00:00,fia_clock_lap_interval,referral-dfd7834061de9145,candidate_pending_review,10.0,4.0,8.0,investigation|no_further_action,"[""TURN 1 INCIDENT INVOLVING CARS 16 (LEC) AND 20 (MAG) UNDER INVESTIGATION"", ""INCIDENT INVOLVING CARS 16 (LEC) AND 20 (MAG) - NO FURTHER ACTION""]",False,False,False,unknown,unknown,unknown,False,{},machine_extracted_pending_human_review,pending_human_review,,,
adjudication-seed-fia-2018-jpn-d5d56e0426c6-01,adj-d87dc3e3ddc100a9,incident-src-d87dc3e3ddc100a9,fia-2018-jpn-d5d56e0426c6,2018-jpn,Race,unsafe_rejoin,33,7,Turns 16-17,,,unresolved,1,2,1|2,2018-10-07T05:15:00+00:00,2018-10-07T05:16:00+00:00,fia_clock_lap_interval,referral-b02782c590a2ac05,candidate_pending_review,8.0,3.0,3.0,investigation,"[""TURN 17 INCIDENT INVOLVING CARS 7 (RAI) AND 33 (VER) UNDER INVESTIGATION""]",False,False,False,unknown,unknown,unknown,False,{},machine_extracted_pending_human_review,pending_human_review,,,
adjudication-seed-fia-2018-mco-a3c31b11ff12-01,adj-1e31200d5298f217,incident-src-1e31200d5298f217,fia-2018-mco-a3c31b11ff12,2018-mco,Race,causing_collision,16,28,Turn 10,,71,fia_incident_clock_single_lap_interval,71,71,71,2018-05-27T14:46:00+00:00,2018-05-27T14:47:00+00:00,fia_clock_lap_interval,,unmatched,,,,,,False,False,False,unknown,unknown,unknown,False,{},machine_extracted_pending_human_review,pending_human_review,,,
adjudication-seed-fia-2018-mex-3075233c69d9-01,adj-f55b2703a638bc6a,incident-src-f55b2703a638bc6a,fia-2018-mex-3075233c69d9,2018-mex,Race,forcing_off_track,31,10,Turn 4,,,unresolved,50,51,50|51,2018-10-28T20:25:00+00:00,2018-10-28T20:26:00+00:00,fia_clock_lap_interval,referral-9a3a21558da63813,candidate_pending_review,12.0,56.0,58.0,investigation|no_further_action,"[""TURN 4 INCIDENT INVOLVING CARS 10 (GAS) AND 31 (OCO) UNDER INVESTIGATION"", ""TURN 4 INCIDENT INVOLVING CARS 10 (GAS) AND 31 (OCO) - NO FURTHER ACTION""]",False,False,False,unknown,unknown,unknown,False,{},machine_extracted_pending_human_review,pending_human_review,,,
adjudication-seed-fia-2018-mex-9fdf8480489c-01,adj-ed88cdc8e4ae5c06,incident-src-ed88cdc8e4ae5c06,fia-2018-mex-9fdf8480489c,2018-mex,Race,causing_collision,28,31,Turn 2,,,unresolved,38,39,38|39,2018-10-28T20:08:00+00:00,2018-10-28T20:09:00+00:00,fia_clock_lap_interval,referral-b17d5267b718b8b8,candidate_pending_review,10.0,44.0,44.0,investigation,"[""TURN 2 INCIDENT INVOLVING CARS 31 (OCO) AND 28 (HAR) UNDER INVESTIGATION""]",False,False,False,unknown,unknown,apex,False,"{""corner_phase"": [""The Stewards determined that Car 28 (Hartley) failed to leave sufficient room for Car 31 (Ocon) at the Apex of Turn 2 and was wholly to blame for the collision that followed.""]}",machine_extracted_pending_human_review,pending_human_review,,,
adjudication-seed-fia-2018-rus-cf28ebf731bb-01,adj-76bf6d21078e4ab1,incident-src-76bf6d21078e4ab1,fia-2018-rus-cf28ebf731bb,2018-rus,Race,multiple_defensive_moves,5,,,,16,fia_incident_clock_single_lap_interval,16,16,16,2018-09-30T11:39:00+00:00,2018-09-30T11:40:00+00:00,fia_clock_lap_interval,referral-b6e3fdc3e98c29e7,candidate_pending_review,9.0,18.0,22.0,investigation|no_further_action,"[""TURN 2 INCIDENT INVOLVING CARS 5 (VET) AND 44 (HAM) UNDER INVESTIGATION - MOVING MORE THAN ONCE TO DEFEND THE POSITION"", ""TURN 2 INCIDENT INVOLVING CARS 5 (VET) AND 44 (HAM) - NO FURTHER ACTION""]",False,False,False,unknown,unknown,unknown,False,{},machine_extracted_pending_human_review,pending_human_review,,,
adjudication-seed-fia-2018-sgp-21e75b934044-01,adj-793e772ff47ab03e,incident-src-793e772ff47ab03e,fia-2018-sgp-21e75b934044,2018-sgp,Race,causing_collision,20,28,Turn 7,,,unresolved,34,35,34|35,2018-09-16T13:19:00+00:00,2018-09-16T13:20:00+00:00,fia_clock_lap_interval,referral-3d0594eb680a4801,candidate_pending_review,12.0,39.0,42.0,investigation|no_further_action,"[""TURN 7 INCIDENT INVOLVING CARS 20 (MAG) AND 28 (HAR) UNDER INVESTIGATION"", ""TURN 7 INCIDENT INVOLVING CARS 28 (HAR) AND 20 (MAG) - NO FURTHER ACTION""]",False,False,False,unknown,unknown,unknown,False,{},machine_extracted_pending_human_review,pending_human_review,,,
adjudication-seed-fia-2018-sgp-329a49e8cbe6-01,adj-e07caee25859dbf7,incident-src-e07caee25859dbf7,fia-2018-sgp-329a49e8cbe6,2018-sgp,Race,forcing_off_track,35,28,Turn 14,,43,fia_incident_clock_single_lap_interval,43,43,43,2018-09-16T13:35:00+00:00,2018-09-16T13:36:00+00:00,fia_clock_lap_interval,referral-3ae79f5a76005cf6,high_confidence_algorithmic,15.0,46.0,47.0,investigation|sanction_announced,"[""TURN 14 INCIDENT INVOLVING CARS 28 (HAR) AND 35 (SIR) UNDER INVESTIGATION - FORCING ANOTHER DRIVER OFF THE TRACK"", ""5 SECOND TIME PENALTY FOR CAR 35 (SIR) - FORCING ANOTHER DRIVER OFF THE TRACK""]",False,False,False,unknown,unknown,unknown,False,{},machine_extracted_pending_human_review,pending_human_review,,,
adjudication-seed-fia-2018-sgp-bcfc0b21409a-01,adj-153d9abced4119b1,incident-src-153d9abced4119b1,fia-2018-sgp-bcfc0b21409a,2018-sgp,Race,causing_collision,11,31,Turn 3,1,1,model_reviewed_source_or_timing,1,1,1,2018-09-16T12:13:00+00:00,2018-09-16T12:14:00+00:00,fia_clock_lap_interval,referral-b77c71894b8712d2,high_confidence_algorithmic,15.0,1.0,4.0,investigation|no_further_action,"[""TURN 3 INCIDENT INVOLVING CARS 11 (PER) AND 31 (OCO) UNDER INVESTIGATION - CAUSING A COLLISION"", ""TURN 3 INCIDENT INVOLVING CARS 11 (PER) AND 31 (OCO) - NO FURTHER ACTION""]",True,False,False,unknown,alongside,unknown,False,"{""overlap"": [""31 was on his right side and they made contact, while navigating the corner, as the three cars were nearly side by side at the time.""]}",machine_extracted_pending_human_review,pending_human_review,,,
adjudication-seed-fia-2018-sgp-d22646811c1a-01,adj-3ca06449fb896289,incident-src-3ca06449fb896289,fia-2018-sgp-d22646811c1a,2018-sgp,Race,causing_collision,11,35,Turn 18,,,unresolved,33,34,33|34,2018-09-16T13:17:00+00:00,2018-09-16T13:18:00+00:00,fia_clock_lap_interval,referral-88b4f22aa00ba3db,high_confidence_algorithmic,15.0,36.0,40.0,investigation|sanction_announced,"[""TURN 18 INCIDENT INVOLVING CARS 11 (PER) AND 35 (SIR) UNDER INVESTIGATION - CAUSING A COLLISION"", ""DRIVE THROUGH PENALTY FOR CAR 11 (PER) - CAUSING A COLLISION""]",False,False,False,unknown,unknown,unknown,False,{},machine_extracted_pending_human_review,pending_human_review,,,
adjudication-seed-fia-2018-usa-2f4f21fa003f-01,adj-f66c13b6dc6edb50,incident-src-f66c13b6dc6edb50,fia-2018-usa-2f4f21fa003f,2018-usa,Race,causing_collision,8,16,Turn 12,,1,fia_incident_clock_single_lap_interval,1,1,1,2018-10-21T18:14:00+00:00,2018-10-21T18:15:00+00:00,fia_clock_lap_interval,referral-fa1d5771cf575a1c,candidate_pending_review,8.0,7.0,7.0,post_session_investigation,"[""1ST LAP INCIDENT INVOLVING CARS 8 (GRO) AND 16 (LEC) WILL BE INVESTIGATED AFTER THE RACE""]",True,False,False,unknown,unknown,unknown,False,{},machine_extracted_pending_human_review,pending_human_review,,,
adjudication-seed-fia-2018-usa-49d225f5fb07-01,adj-8c049b3df629e78e,incident-src-8c049b3df629e78e,fia-2018-usa-49d225f5fb07,2018-usa,Race,gaining_advantage_off_track,55,8,Turn 1,,1,race_control_explicit_lap_candidate_link,1,1,1,2018-10-21T18:13:00+00:00,2018-10-21T18:14:00+00:00,fia_clock_lap_interval,referral-37f449c0d0c65e07,candidate_pending_review,10.0,18.0,21.0,investigation|sanction_announced,"[""LAP 1, TURN 1 INCIDENT INVOLVING CAR 55 (SAI) UNDER INVESTIGATION - LEAVING THE TRACK AND GAINING AN ADVANTAGE"", ""5 SECOND TIME PENALTY FOR CAR 55 (SAI) - LEAVING THE TRACK AND GAINING AN ADVANTAGE""]",True,False,False,unknown,unknown,unknown,False,{},machine_extracted_pending_human_review,pending_human_review,,,
adjudication-seed-fia-2018-usa-856ae8b1622a-01,adj-e7b2995ef053dcc6,incident-src-e7b2995ef053dcc6,fia-2018-usa-856ae8b1622a,2018-usa,Race,causing_collision,18,14,Turn 4,,1,fia_incident_clock_single_lap_interval,1,1,1,2018-10-21T18:14:00+00:00,2018-10-21T18:15:00+00:00,fia_clock_lap_interval,referral-e9894fb0b2d999fc,candidate_pending_review,8.0,6.0,6.0,sanction_announced,"[""DRIVE THROUGH PENALTY FOR CAR 18 (STR) - CAUSING A COLLISION""]",True,False,False,unknown,unknown,unknown,False,"{""first_lap"": [""The Stewards reviewed the video evidence, noting that during the first lap car 18 left the track and while re-joining at turn 4 made contact with car 14.""]}",machine_extracted_pending_human_review,pending_human_review,,,
adjudication-seed-fia-2018-usa-b97b2be7b15e-01,adj-225ff90f36c849d0,incident-src-225ff90f36c849d0,fia-2018-usa-b97b2be7b15e,2018-usa,Race,causing_collision,3,5,Turn 13,,1,race_control_explicit_lap_candidate_link,1,1,1,2018-10-21T18:14:00+00:00,2018-10-21T18:15:00+00:00,fia_clock_lap_interval,referral-8cf1f928a4e60852,candidate_pending_review,12.0,9.0,9.0,no_further_action,"[""LAP 1, TURN 13 INCIDENT INVOLVING CARS 3 (RIC) AND 5 (VET) - NO FURTHER ACTION""]",True,False,False,unknown,unknown,unknown,False,{},machine_extracted_pending_human_review,pending_human_review,,,
adjudication-seed-fia-2018-usa-dc3270dd6cb6-01,adj-99ac5bce501847b9,incident-src-99ac5bce501847b9,fia-2018-usa-dc3270dd6cb6,2018-usa,Race,causing_collision,5,3,Turn 13,,1,race_control_explicit_lap_candidate_link,1,1,1,2018-10-21T18:14:00+00:00,2018-10-21T18:15:00+00:00,fia_clock_lap_interval,referral-8cf1f928a4e60852,candidate_pending_review,12.0,9.0,9.0,no_further_action,"[""LAP 1, TURN 13 INCIDENT INVOLVING CARS 3 (RIC) AND 5 (VET) - NO FURTHER ACTION""]",True,False,False,unknown,unknown,unknown,False,{},machine_extracted_pending_human_review,pending_human_review,,,
adjudication-seed-fia-2019-abu-e94aca06904a-01,adj-995c2c2bf5c5a2da,incident-group-8adf0ddcdc980b9a,fia-2019-abu-e94aca06904a,2019-abu,Race,causing_collision,88,99,Turn 12,,,unresolved,22,23,22|23,2019-12-01T13:52:00+00:00,2019-12-01T13:53:00+00:00,fia_clock_lap_interval,referral-a5b57ab7ac444c3e,candidate_pending_review,10.0,24.0,27.0,noted|investigation|no_further_action,"[""TURN 11 INCIDENT INVOLVING CARS 88 (KUB) AND 99 (GIO) NOTED"", ""TURN 11 INCIDENT INVOLVING CARS 88 (KUB) AND 99 (GIO) UNDER INVESTIGATION"", ""TURN 11 INCIDENT INVOLVING CARS 88 (KUB) AND 99 (GIO) - NO FURTHER ACTION""]",False,False,False,unknown,unknown,unknown,False,{},machine_extracted_pending_human_review,pending_human_review,,,
adjudication-seed-fia-2019-abu-eed6b57f5b3f-01,adj-bff9e3e79b9d2b32,incident-group-8adf0ddcdc980b9a,fia-2019-abu-eed6b57f5b3f,2019-abu,Race,causing_collision,99,88,Turn 12,,,unresolved,22,23,22|23,2019-12-01T13:52:00+00:00,2019-12-01T13:53:00+00:00,fia_clock_lap_interval,referral-a5b57ab7ac444c3e,candidate_pending_review,10.0,24.0,27.0,noted|investigation|no_further_action,"[""TURN 11 INCIDENT INVOLVING CARS 88 (KUB) AND 99 (GIO) NOTED"", ""TURN 11 INCIDENT INVOLVING CARS 88 (KUB) AND 99 (GIO) UNDER INVESTIGATION"", ""TURN 11 INCIDENT INVOLVING CARS 88 (KUB) AND 99 (GIO) - NO FURTHER ACTION""]",False,False,False,unknown,unknown,unknown,False,{},machine_extracted_pending_human_review,pending_human_review,,,
adjudication-seed-fia-2019-aut-529bae08f480-01,adj-524c6675088fdc18,incident-src-524c6675088fdc18,fia-2019-aut-529bae08f480,2019-aut,Race,causing_collision,33,16,Turn 3,69,69,model_reviewed_source_or_timing,68,69,68|69,2019-06-30T14:31:00+00:00,2019-06-30T14:32:00+00:00,fia_clock_lap_interval,referral-4d6ae7323593bcf1,candidate_pending_review,10.0,70.0,71.0,noted|investigation,"[""TURN 3 INCIDENT INVOLVING CARS 16 (LEC) AND 33 (VER) NOTED"", ""TURN 3 INCIDENT INVOLVING CARS 16 (LEC) AND 33 (VER) UNDER INVESTIGATION""]",False,False,False,inside,alongside,apex,False,"{""attacker_line"": [""When doing so, car 33 was alongside car 16 on the entry of the corner and was in full control of the car while attempting the overtaking move on the inside of car 16.""], ""corner_phase"": [""Shortly after the late apex, while exiting the corner, there was contact between the two cars.""], ""overlap"": [""When doing so, car 33 was alongside car 16 on the entry of the corner and was in full control of the car while attempting the overtaking move on the inside of car 16."", ""However, both car 33 and car 16 proceeded to negotiate the corner alongside each other but there was clearly insufficient space for both cars to do so.""]}",machine_extracted_pending_human_review,pending_human_review,,,
adjudication-seed-fia-2019-aut-f8011f674d7f-01,adj-a7a3ac083e4cb040,incident-src-a7a3ac083e4cb040,fia-2019-aut-f8011f674d7f,2019-aut,Race,causing_collision,16,33,Turn 3,69,69,model_reviewed_source_or_timing,68,69,68|69,2019-06-30T14:31:00+00:00,2019-06-30T14:32:00+00:00,fia_clock_lap_interval,referral-4d6ae7323593bcf1,candidate_pending_review,10.0,70.0,71.0,noted|investigation,"[""TURN 3 INCIDENT INVOLVING CARS 16 (LEC) AND 33 (VER) NOTED"", ""TURN 3 INCIDENT INVOLVING CARS 16 (LEC) AND 33 (VER) UNDER INVESTIGATION""]",False,False,False,inside,alongside,apex,False,"{""attacker_line"": [""When doing so, car 33 was alongside car 16 on the entry of the corner and was in full control of the car while attempting the overtaking move on the inside of car 16.""], ""corner_phase"": [""Shortly after the late apex, while exiting the corner, there was contact between the two cars.""], ""overlap"": [""When doing so, car 33 was alongside car 16 on the entry of the corner and was in full control of the car while attempting the overtaking move on the inside of car 16."", ""However, both car 33 and car 16 proceeded to negotiate the corner alongside each other but there was clearly insufficient space for both cars to do so.""]}",machine_extracted_pending_human_review,pending_human_review,,,
adjudication-seed-fia-2019-aze-9a6772a3acaf-01,adj-58045adf2d642c7b,incident-src-58045adf2d642c7b,fia-2019-aze-9a6772a3acaf,2019-aze,Race,causing_collision,3,26,Turn 4,,31,fia_incident_clock_single_lap_interval,31,31,31,2019-04-28T13:09:00+00:00,2019-04-28T13:10:00+00:00,fia_clock_lap_interval,referral-f8f7baabcde165ad,candidate_pending_review,8.0,34.0,37.0,investigation|post_session_investigation,"[""TURN 3 INCIDENT INVOLVING CARS 3 (RIC) AND 26 (KVY) UNDER INVESTIGATION"", ""TURN 3 INCIDENT INVOLVING CARS 3 (RIC) AND 26 (KVY) WILL BE INVESTIGATED AFTER THE RACE""]",False,False,False,unknown,unknown,unknown,False,{},machine_extracted_pending_human_review,pending_human_review,,,
adjudication-seed-fia-2019-bel-0c5b8806e8e5-01,adj-12ea78eb0fa53af2,incident-src-12ea78eb0fa53af2,fia-2019-bel-0c5b8806e8e5,2019-bel,Race,forcing_off_track,11,23,,,44,fia_incident_clock_single_lap_interval,44,44,44,2019-09-01T14:37:00+00:00,2019-09-01T14:38:00+00:00,fia_clock_lap_interval,referral-93489cf7e0127824,candidate_pending_review,8.0,44.0,44.0,noted|investigation,"[""TURN 5 INCIDENT ON FINAL LAP INVOLVING CARS 23 (ALB) AND 11 (PER) NOTED"", ""TURN 5 INCIDENT INVOLVING CARS 23 (ALB) AND 11 (PER) UNDER INVESTIGATION""]",False,False,False,unknown,unknown,unknown,False,{},machine_extracted_pending_human_review,pending_human_review,,,
adjudication-seed-fia-2019-bhr-132a9d8aa9de-01,adj-8f6c033b94586d1e,incident-src-8f6c033b94586d1e,fia-2019-bhr-132a9d8aa9de,2019-bhr,Race,causing_collision,33,55,Turn 4,,,unresolved,3,4,3|4,2019-03-31T15:18:00+00:00,2019-03-31T15:19:00+00:00,fia_clock_lap_interval,referral-f3ce5a27bbc5073e,candidate_pending_review,12.0,9.0,11.0,investigation|no_further_action,"[""TURN 4 INCIDENT INVOLVING CARS 33 (VER) AND 55 (SAI) UNDER INVESTIGATION"", ""TURN 4 INCIDENT INVOLVING CARS 33 (VER) AND 55 (SAI) - NO FURTHER ACTION""]",False,False,False,unknown,unknown,unknown,False,{},machine_extracted_pending_human_review,pending_human_review,,,
adjudication-seed-fia-2019-bhr-1365948cf7e0-01,adj-8ac64d49533b4e49,incident-src-8ac64d49533b4e49,fia-2019-bhr-1365948cf7e0,2019-bhr,Race,causing_collision,99,26,Turn 11,,12,fia_incident_clock_single_lap_interval,12,12,12,2019-03-31T15:32:00+00:00,2019-03-31T15:33:00+00:00,fia_clock_lap_interval,referral-8ab0528497916d62,ambiguous_pending_review,10.0,15.0,15.0,investigation,"[""TURN 11 INCIDENT INVOLVING CARS 26 (KVY) AND 99 (GIO) UNDER INVESTIGATION""]",False,False,False,unknown,unknown,unknown,False,{},machine_extracted_pending_human_review,pending_human_review,,,
adjudication-seed-fia-2019-bhr-2a5a65873384-01,adj-5375e3c95251badb,incident-src-5375e3c95251badb,fia-2019-bhr-2a5a65873384,2019-bhr,Race,causing_collision,55,33,Turn 4,,,unresolved,3,4,3|4,2019-03-31T15:18:00+00:00,2019-03-31T15:19:00+00:00,fia_clock_lap_interval,referral-f3ce5a27bbc5073e,candidate_pending_review,12.0,9.0,11.0,investigation|no_further_action,"[""TURN 4 INCIDENT INVOLVING CARS 33 (VER) AND 55 (SAI) UNDER INVESTIGATION"", ""TURN 4 INCIDENT INVOLVING CARS 33 (VER) AND 55 (SAI) - NO FURTHER ACTION""]",False,False,False,unknown,unknown,unknown,False,{},machine_extracted_pending_human_review,pending_human_review,,,
adjudication-seed-fia-2019-bhr-afcfec60fa35-01,adj-a2465e3be559632e,incident-src-a2465e3be559632e,fia-2019-bhr-afcfec60fa35,2019-bhr,Race,causing_collision,26,99,Turn 11,,12,fia_incident_clock_single_lap_interval,12,12,12,2019-03-31T15:32:00+00:00,2019-03-31T15:33:00+00:00,fia_clock_lap_interval,referral-8ab0528497916d62,ambiguous_pending_review,10.0,15.0,15.0,investigation,"[""TURN 11 INCIDENT INVOLVING CARS 26 (KVY) AND 99 (GIO) UNDER INVESTIGATION""]",False,False,False,unknown,unknown,unknown,False,{},machine_extracted_pending_human_review,pending_human_review,,,
adjudication-seed-fia-2019-bra-0197a870d5b2-01,adj-bb68ecdf3fcd7591,incident-group-0717c3bfd5f08779,fia-2019-bra-0197a870d5b2,2019-bra,Race,causing_collision,16,5,Turn 4,,,unresolved,65,66,65|66,2019-11-17T18:36:00+00:00,2019-11-17T18:37:00+00:00,fia_clock_lap_interval,referral-ce06795f0b16db3c,candidate_pending_review,10.0,71.0,71.0,noted,"[""TURN 4 INCIDENT INVOLVING CARS 5 (VET) AND 16 (LEC) NOTED""]",False,False,False,unknown,unknown,unknown,False,{},machine_extracted_pending_human_review,pending_human_review,,,
adjudication-seed-fia-2019-bra-38ee05c4fb59-01,adj-14f4d4ae4c61c0d1,incident-group-0717c3bfd5f08779,fia-2019-bra-38ee05c4fb59,2019-bra,Race,causing_collision,5,16,Turn 4,,,unresolved,65,66,65|66,2019-11-17T18:36:00+00:00,2019-11-17T18:37:00+00:00,fia_clock_lap_interval,referral-ce06795f0b16db3c,candidate_pending_review,10.0,71.0,71.0,noted,"[""TURN 4 INCIDENT INVOLVING CARS 5 (VET) AND 16 (LEC) NOTED""]",False,False,False,unknown,unknown,unknown,False,{},machine_extracted_pending_human_review,pending_human_review,,,
adjudication-seed-fia-2019-bra-810d6e70c069-01,adj-7a979b9c5e405e83,incident-src-7a979b9c5e405e83,fia-2019-bra-810d6e70c069,2019-bra,Race,causing_collision,44,23,Turn 10,,70,fia_incident_clock_single_lap_interval,70,70,70,2019-11-17T18:44:00+00:00,2019-11-17T18:45:00+00:00,fia_clock_lap_interval,referral-8bae9b55f0749bef,candidate_pending_review,10.0,71.0,71.0,investigation|post_session_investigation,"[""TURN 10 INCIDENT INVOLVING CARS 23 (ALB) AND 44 (HAM) UNDER INVESTIGATION"", ""TURN 10 INCIDENT INVOLVING CARS 23 (ALB) AND 44 (HAM) WILL BE INVESTIGATED AFTER THE RACE""]",False,False,False,inside,unknown,unknown,False,"{""attacker_line"": [""Car 44 attempted to pass on the inside, but was unable to get far enough inside to accomplish the overtake and by the time he realized there would not be sufficient room he was unable to back out of the situation and the collision followed.""]}",machine_extracted_pending_human_review,pending_human_review,,,
adjudication-seed-fia-2019-bra-b956905dbc4f-01,adj-75ad7140f56a82b0,incident-src-75ad7140f56a82b0,fia-2019-bra-b956905dbc4f,2019-bra,Race,causing_collision,3,20,Turn 4,,8,fia_incident_clock_single_lap_interval,8,8,8,2019-11-17T17:22:00+00:00,2019-11-17T17:23:00+00:00,fia_clock_lap_interval,referral-8eaeadc8694923f5,candidate_pending_review,10.0,9.0,11.0,noted|investigation,"[""TURN 4 INCIDENT INVOLVING CARS 20 (MAG) AND 3 (RIC) NOTED"", ""TURN 4 INCIDENT INVOLVING CARS 3 (RIC) AND 20 (MAG) UNDER INVESTIGATION""]",False,False,False,unknown,unknown,apex,False,"{""corner_phase"": [""At the apex of the corner, Car 3 had a slight lock up of the left front which caused him to understeer and a collision ensued at the exit of the corner.""]}",machine_extracted_pending_human_review,pending_human_review,,,
adjudication-seed-fia-2019-can-dceb9101c747-01,adj-5a2a22f5fc1a849d,incident-src-5a2a22f5fc1a849d,fia-2019-can-dceb9101c747,2019-can,Race,unsafe_rejoin,5,44,Turns 3-4,,,unresolved,47,48,47|48,2019-06-09T19:13:00+00:00,2019-06-09T19:14:00+00:00,fia_clock_lap_interval,referral-cccbeaaa006ca815,candidate_pending_review,8.0,50.0,50.0,investigation,"[""TURN 4 INCIDENT INVOLVING CARS 5 (VET) AND 44 (HAM) UNDER INVESTIGATION""]",False,False,False,unknown,unknown,unknown,False,{},machine_extracted_pending_human_review,pending_human_review,,,
adjudication-seed-fia-2019-chn-50a2b4dfbc09-01,adj-fb33cf1dee9a141c,incident-src-fb33cf1dee9a141c,fia-2019-chn-50a2b4dfbc09,2019-chn,Race,causing_collision,26,,Turn 6,,1,fia_incident_clock_single_lap_interval,1,1,1,2019-04-14T06:14:00+00:00,2019-04-14T06:15:00+00:00,fia_clock_lap_interval,referral-e2a1e81ca9f578ea,high_confidence_algorithmic,14.0,3.0,6.0,noted|investigation|sanction_announced,"[""TURN 6 INCIDENT INVOLVING CARS 4 (NOR), 55 (SAI) AND 26 (KVY) NOTED"", ""TURN 6 INCIDENT INVOLVING CARS 4 (NOR), 26 (KVY) AND 55 (SAI) UNDER INVESTIGATION - CAUSING A COLLISION"", ""DRIVE THROUGH PENALTY FOR CAR 26 (KVY) - CAUSING A COLLISION""]",True,False,False,unknown,unknown,unknown,True,"{""control_error"": [""The Stewards reviewed video evidence and concluded that the driver of car 26, (Daniil Kvyat), lost control of his car at the exit of turn 6 and hit the cars to his left.""]}",machine_extracted_pending_human_review,pending_human_review,,,
adjudication-seed-fia-2019-deu-439337838994-01,adj-f35eb28ba1d26794,incident-src-f35eb28ba1d26794,fia-2019-deu-439337838994,2019-deu,Race,causing_collision,10,23,Turn 6,,62,fia_incident_clock_single_lap_interval,62,62,62,2019-07-28T15:01:00+00:00,2019-07-28T15:02:00+00:00,fia_clock_lap_interval,referral-23100d35fc5906d1,candidate_pending_review,10.0,63.0,64.0,investigation|no_further_action,"[""TURN 7 INCIDENT INVOLVING CARS 10 (GAS) AND 23 (ALB) UNDER INVESTIGATION"", ""TURN 7 INCIDENT INVOLVING CARS 10 (GAS) AND 23 (ALB) - NO FURTHER ACTION ""]",False,False,False,unknown,unknown,unknown,False,{},machine_extracted_pending_human_review,pending_human_review,,,
adjudication-seed-fia-2019-esp-1de5310a284d-01,adj-93a2deb70e9576d9,incident-src-93a2deb70e9576d9,fia-2019-esp-1de5310a284d,2019-esp,Race,causing_collision,18,4,"Turns 2, 1",,,unresolved,44,45,44|45,2019-05-12T14:15:00+00:00,2019-05-12T14:16:00+00:00,fia_clock_lap_interval,referral-3e6e7f3786f6d584,candidate_pending_review,8.0,54.0,54.0,post_session_investigation,"[""TURN 2 INCIDENT INVOLVING CARS 4 (NOR),18 (STR) WILL BE INVESTIGATED AFTER THE RACE""]",False,False,False,outside,alongside,unknown,False,"{""attacker_line"": [""Car 4 attempted to pass car 18, on the outside, in turn 1 but did not in the view of the stewards, complete the overtake because the car 4 was not completely alongside car 18.""], ""overlap"": [""Car 4 attempted to pass car 18, on the outside, in turn 1 but did not in the view of the stewards, complete the overtake because the car 4 was not completely alongside car 18.""]}",machine_extracted_pending_human_review,pending_human_review,,,
adjudication-seed-fia-2019-esp-c8e31ce09c58-01,adj-08067a85a17122aa,incident-src-08067a85a17122aa,fia-2019-esp-c8e31ce09c58,2019-esp,Race,causing_collision,4,18,"Turns 2, 1",,,unresolved,44,45,44|45,2019-05-12T14:15:00+00:00,2019-05-12T14:16:00+00:00,fia_clock_lap_interval,referral-3e6e7f3786f6d584,candidate_pending_review,8.0,54.0,54.0,post_session_investigation,"[""TURN 2 INCIDENT INVOLVING CARS 4 (NOR),18 (STR) WILL BE INVESTIGATED AFTER THE RACE""]",False,False,False,outside,alongside,unknown,False,"{""attacker_line"": [""Car 4 attempted to pass car 18, on the outside, in turn 1 but did not in the view of the stewards, complete the overtake because the car 4 was not completely alongside car 18.""], ""overlap"": [""Car 4 attempted to pass car 18, on the outside, in turn 1 but did not in the view of the stewards, complete the overtake because the car 4 was not completely alongside car 18.""]}",machine_extracted_pending_human_review,pending_human_review,,,
adjudication-seed-fia-2019-fra-457ded17de98-01,adj-ea059e019eeba972,incident-src-ea059e019eeba972,fia-2019-fra-457ded17de98,2019-fra,Race,forcing_off_track,3,4,Turn 8,,52,fia_incident_clock_single_lap_interval,52,52,52,2019-06-23T14:37:00+00:00,2019-06-23T14:38:00+00:00,fia_clock_lap_interval,,unmatched,,,,,,False,False,False,outside,unknown,unknown,False,"{""attacker_line"": [""Ricciardo started to pass Norris on the outside at turn 8.""]}",machine_extracted_pending_human_review,pending_human_review,,,
adjudication-seed-fia-2019-fra-a0c241fafdd8-01,adj-d573e773779fee7e,incident-src-d573e773779fee7e,fia-2019-fra-a0c241fafdd8,2019-fra,Race,gaining_advantage_off_track,11,,Turns 3-5,,1,race_control_explicit_lap_high_confidence_link,1,1,1,2019-06-23T13:13:00+00:00,2019-06-23T13:14:00+00:00,fia_clock_lap_interval,referral-c8b582e674d51c68,high_confidence_algorithmic,13.0,6.0,9.0,noted|investigation|sanction_announced,"[""LAP 1, TURN 3 INCIDENT INVOLVING CAR 11 (PER) NOTED - LEAVING THE TRACK AND GAINING AN ADVANTAGE"", ""LAP 1, TURN 3 INCIDENT INVOLVING CAR 11 (PER) UNDER INVESTIGATION - LEAVING THE TRACK AND GAINING AN ADVANTAGE"", ""5 SECOND TIME PENALTY FOR CAR 11 (PER) - LEAVING THE TRACK AND GAINING AN ADVANTAGE""]",True,False,False,unknown,unknown,unknown,False,{},machine_extracted_pending_human_review,pending_human_review,,,
adjudication-seed-fia-2019-fra-a2fbe5bfb237-01,adj-9cc41bec5ee322a6,incident-src-9cc41bec5ee322a6,fia-2019-fra-a2fbe5bfb237,2019-fra,Race,gaining_advantage_off_track,3,7,Turns 8-9,,52,fia_incident_clock_single_lap_interval,52,52,52,2019-06-23T14:37:00+00:00,2019-06-23T14:38:00+00:00,fia_clock_lap_interval,referral-7ead712633ef80f4,candidate_pending_review,6.0,53.0,53.0,investigation,"[""TURN 9 INCIDENT INVOLVING CAR 3 (RIC) UNDER INVESTIGATION - LEAVING THE TRACK AND GAINING AN ADVANTAGE""]",False,False,False,unknown,alongside,unknown,False,"{""overlap"": [""However, Raikkonen never put any part of his car off the track and he did not make any move to the right while any part of Ricciardo’s car was alongside, and did not crowd Ricciardo off the track.""]}",machine_extracted_pending_human_review,pending_human_review,,,
adjudication-seed-fia-2019-gbr-9cce23a29f05-01,adj-4ae27a945be232f3,incident-src-4ae27a945be232f3,fia-2019-gbr-9cce23a29f05,2019-gbr,Race,causing_collision,5,33,Turn 16,,,unresolved,37,38,37|38,2019-07-14T14:12:00+00:00,2019-07-14T14:13:00+00:00,fia_clock_lap_interval,referral-b688b56fa9892053,high_confidence_algorithmic,15.0,38.0,43.0,investigation|sanction_announced,"[""TURN 16 INCIDENT INVOLVING CARS 5 (VET) AND 33 (VER) UNDER INVESTIGATION - CAUSING A COLLISION"", ""10 SECOND TIME PENALTY FOR CAR 5 (VET) - CAUSING A COLLISION""]",False,False,False,unknown,unknown,unknown,True,"{""control_error"": [""The Stewards reviewed the video evidence which showed car 5 locked wheels under braking and collided with the rear of car 33.""]}",machine_extracted_pending_human_review,pending_human_review,,,
adjudication-seed-fia-2019-ita-5d8bd476d009-01,adj-0a2995f1d6aad572,incident-src-0a2995f1d6aad572,fia-2019-ita-5d8bd476d009,2019-ita,Race,causing_collision,5,18,Turn 9,,6,fia_incident_clock_single_lap_interval,6,6,6,2019-09-08T13:21:00+00:00,2019-09-08T13:22:00+00:00,fia_clock_lap_interval,referral-768f90a84f2bf19b,high_confidence_algorithmic,13.0,7.0,8.0,noted|investigation,"[""TURN 9 INCIDENT INVOLVING CARS 5 (VET) AND 18 (STR) NOTED - CAUSING A COLLISION"", ""TURN 9 INCIDENT INVOLVING CARS 5 (VET) AND 18 (STR) UNDER INVESTIGATION - RETURNING TO THE TRACK IN AN UNSAFE MANNER""]",False,False,False,unknown,unknown,unknown,False,{},machine_extracted_pending_human_review,pending_human_review,,,
adjudication-seed-fia-2019-ita-e4746c5c634f-01,adj-c74375d6086c31ed,incident-src-c74375d6086c31ed,fia-2019-ita-e4746c5c634f,2019-ita,Race,gaining_advantage_off_track,23,20,Turn 5,,8,fia_incident_clock_single_lap_interval,8,8,8,2019-09-08T13:24:00+00:00,2019-09-08T13:25:00+00:00,fia_clock_lap_interval,referral-04911fbad66e4e0b,candidate_pending_review,10.0,10.0,10.0,noted,"[""TURN 5 INCIDENT INVOLVING CARS 23 (ALB) AND 20 (MAG) NOTED""]",False,False,False,unknown,unknown,unknown,False,{},machine_extracted_pending_human_review,pending_human_review,,,
adjudication-seed-fia-2019-ita-ef49a857f7de-01,adj-fce27d672a231903,incident-src-fce27d672a231903,fia-2019-ita-ef49a857f7de,2019-ita,Race,unsafe_rejoin,18,5|10,Turn 10,,6,fia_incident_clock_single_lap_interval,6,6,6,2019-09-08T13:21:00+00:00,2019-09-08T13:22:00+00:00,fia_clock_lap_interval,referral-5cc4d3d41b466877,candidate_pending_review,8.0,15.0,15.0,sanction_announced,"[""DRIVE THROUGH PENALTY FOR CAR 18 (STR) - REJOINING THE TRACK IN AN UNSAFE MANNER""]",False,False,False,unknown,unknown,unknown,False,{},machine_extracted_pending_human_review,pending_human_review,,,
adjudication-seed-fia-2019-jpn-4a022963168d-01,adj-44686757f581c309,incident-group-dee3045f08ed8de7,fia-2019-jpn-4a022963168d,2019-jpn,Race,causing_collision,16,33,Turns 1-2,1,1,model_reviewed_source_or_timing,1,1,1,2019-10-13T05:13:00+00:00,2019-10-13T05:14:00+00:00,fia_clock_lap_interval,referral-f400bd65ec68bae4,high_confidence_algorithmic,14.0,2.0,7.0,no_investigation|investigation,"[""TURN 2 INCIDENT INVOLVING CARS 16 (LEC) AND 33 (VER) NOTED - NO INVESTIGATION NECESSARY"", ""LAP 1, TURN 2 INCIDENT INVOLVING CARS 16 (LEC) AND 33 (VER) NOW UNDER INVESTIGATION - CAUSING A COLLISION""]",True,False,False,inside,alongside,apex,False,"{""attacker_line"": [""Car 16 and car 33 were side by side as they transited turn 1 and approached turn 2 on the first lap, with car 16 on the inside.""], ""corner_phase"": [""As the cars approached the apex of turn 2, car 33, which was marginally in front, stayed wide and allowed sufficient room to the inside but car 16 lost front grip in the wake of the car in front and abruptly understeered towards the outside of the track, contacting car 33 and forcing it off the track.""], ""first_lap"": [""Incident between car 16 and car 33 in turn 1 on Lap 1."", ""Car 16 and car 33 were side by side as they transited turn 1 and approached turn 2 on the first lap, with car 16 on the inside."", ""This is a somewhat unusual first lap incident, as only these cars were directly involved, so few of the normal mitigating circumstances exist.""], ""overlap"": [""Car 16 and car 33 were side by side as they transited turn 1 and approached turn 2 on the first lap, with car 16 on the inside.""]}",machine_extracted_pending_human_review,pending_human_review,,,
adjudication-seed-fia-2019-jpn-8f4df880b95b-01,adj-667d6bb8743116ef,incident-group-9d7ca07e87909a4b,fia-2019-jpn-8f4df880b95b,2019-jpn,Race,causing_collision,10,11,Turn 2,,,unresolved,51,52,51|52,2019-10-13T06:35:00+00:00,2019-10-13T06:36:00+00:00,fia_clock_lap_interval,referral-a5288224a70f7a28,high_confidence_algorithmic,13.0,53.0,53.0,investigation,"[""TURN 2 INCIDENT INVOLVING CARS 10 (GAS) AND 11 (PER) UNDER INVESTIGATION - CAUSING A COLLISION""]",False,False,False,ambiguous_both_lines_mentioned,alongside,apex,False,"{""attacker_line"": [""Both drivers contributed to the contact as car 11, who was slightly in front and on the outside of the track took a narrow line towards the apex of turn 2, while car 10 on the inside of the track, and likely not fully visible to car 11, did not take as tight a line as was possible through the apex prior to the contact."", ""Both drivers contributed to the contact as car 11, who was slightly in front and on the outside of the track took a narrow line towards the apex of turn 2, while car 10 on the inside of the track, and likely not fully visible to car 11, did not take as tight a line as was possible through the apex prior to the contact.""], ""corner_phase"": [""The Stewards reviewed video evidence, and determined that cars 11 and 10 while transiting turns 1 and 2 side by side, with car 11 attempting an outside pass, made contact near the apex of turn 2, causing car 11 to leave the track."", ""Both drivers contributed to the contact as car 11, who was slightly in front and on the outside of the track took a narrow line towards the apex of turn 2, while car 10 on the inside of the track, and likely not fully visible to car 11, did not take as tight a line as was possible through the apex prior to the contact.""], ""overlap"": [""The Stewards reviewed video evidence, and determined that cars 11 and 10 while transiting turns 1 and 2 side by side, with car 11 attempting an outside pass, made contact near the apex of turn 2, causing car 11 to leave the track.""]}",machine_extracted_pending_human_review,pending_human_review,,,
adjudication-seed-fia-2019-jpn-9be40f8bba4d-01,adj-634036e33dc05333,incident-group-dee3045f08ed8de7,fia-2019-jpn-9be40f8bba4d,2019-jpn,Race,causing_collision,33,16,Turns 1-2,1,1,model_reviewed_source_or_timing,1,1,1,2019-10-13T05:13:00+00:00,2019-10-13T05:14:00+00:00,fia_clock_lap_interval,referral-f400bd65ec68bae4,high_confidence_algorithmic,16.0,2.0,7.0,no_investigation|investigation,"[""TURN 2 INCIDENT INVOLVING CARS 16 (LEC) AND 33 (VER) NOTED - NO INVESTIGATION NECESSARY"", ""LAP 1, TURN 2 INCIDENT INVOLVING CARS 16 (LEC) AND 33 (VER) NOW UNDER INVESTIGATION - CAUSING A COLLISION""]",True,False,False,inside,alongside,apex,False,"{""attacker_line"": [""Car 16 and car 33 were side by side as they transited turn 1 and approached turn 2 on the first lap, with car 16 on the inside.""], ""corner_phase"": [""As the cars approached the apex of turn 2, car 33, which was marginally in front, stayed wide and allowed sufficient room to the inside but car 16 lost front grip in the wake of the car in front and abruptly understeered towards the outside of the track, contacting car 33 and forcing it off the track.""], ""first_lap"": [""Incident between car 16 and car 33 in turn 1 on Lap 1."", ""Car 16 and car 33 were side by side as they transited turn 1 and approached turn 2 on the first lap, with car 16 on the inside."", ""This is a somewhat unusual first lap incident, as only these cars were directly involved, so few of the normal mitigating circumstances exist.""], ""overlap"": [""Car 16 and car 33 were side by side as they transited turn 1 and approached turn 2 on the first lap, with car 16 on the inside.""]}",machine_extracted_pending_human_review,pending_human_review,,,
adjudication-seed-fia-2019-jpn-ddc6b3eef5b1-01,adj-acc76c36ad0d55b6,incident-group-9d7ca07e87909a4b,fia-2019-jpn-ddc6b3eef5b1,2019-jpn,Race,causing_collision,11,10,Turn 2,,,unresolved,51,52,51|52,2019-10-13T06:35:00+00:00,2019-10-13T06:36:00+00:00,fia_clock_lap_interval,referral-a5288224a70f7a28,high_confidence_algorithmic,13.0,53.0,53.0,investigation,"[""TURN 2 INCIDENT INVOLVING CARS 10 (GAS) AND 11 (PER) UNDER INVESTIGATION - CAUSING A COLLISION""]",False,False,False,ambiguous_both_lines_mentioned,alongside,apex,False,"{""attacker_line"": [""Both drivers contributed to the contact as car 11, who was slightly in front and on the outside of the track took a narrow line towards the apex of turn 2, while car 10 on the inside of the track, and likely not fully visible to car 11, did not take as tight a line as was possible through the apex prior to the contact."", ""Both drivers contributed to the contact as car 11, who was slightly in front and on the outside of the track took a narrow line towards the apex of turn 2, while car 10 on the inside of the track, and likely not fully visible to car 11, did not take as tight a line as was possible through the apex prior to the contact.""], ""corner_phase"": [""The Stewards reviewed video evidence, and determined that cars 11 and 10 while transiting turns 1 and 2 side by side, with car 11 attempting an outside pass, made contact near the apex of turn 2, causing car 11 to leave the track."", ""Both drivers contributed to the contact as car 11, who was slightly in front and on the outside of the track took a narrow line towards the apex of turn 2, while car 10 on the inside of the track, and likely not fully visible to car 11, did not take as tight a line as was possible through the apex prior to the contact.""], ""overlap"": [""The Stewards reviewed video evidence, and determined that cars 11 and 10 while transiting turns 1 and 2 side by side, with car 11 attempting an outside pass, made contact near the apex of turn 2, causing car 11 to leave the track.""]}",machine_extracted_pending_human_review,pending_human_review,,,
adjudication-seed-fia-2019-mco-6d869f39c68e-01,adj-a0cb65d072c5b6a8,incident-src-a0cb65d072c5b6a8,fia-2019-mco-6d869f39c68e,2019-mco,Race,gaining_advantage_off_track,20,11,Turn 10,,,unresolved,43,44,43|44,2019-05-26T14:12:00+00:00,2019-05-26T14:13:00+00:00,fia_clock_lap_interval,referral-c8502783a05c9b4d,high_confidence_algorithmic,13.0,55.0,66.0,noted|post_session_investigation,"[""TURN 10 INCIDENT INVOLVING CARS 20 (MAG) AND 11 (PER) NOTED - LEAVING THE TRACK AND GAINING AN ADVANTAGE"", ""TURN 10 INCIDENT INVOLVING CARS 11 (PER) AND 20 (MAG) WILL BE INVESTIGATED AFTER THE RACE""]",False,False,False,unknown,alongside,apex,False,"{""corner_phase"": [""The two cars then took the first apex side by side and moved towards the second apex side by side."", ""The driver of car 20 then cut behind the kerb at the next apex avoiding a collision with car 11 which would have resulted had he gone over the kerb."", ""However, rather than re-joining the track as soon as possible, the driver of car 20 opened his steering and also missed the next apex creating a further shortcut allowing him to re-join the track ahead of car 20 rather than side by side, which would have been the case had he gone behind the raised kerb and re-joined as soon as possible, which there was room to do.""], ""overlap"": [""Car 11 moved to the left of car 20 in the braking zone of turn 10 and pulled fully alongside."", ""The two cars then took the first apex side by side and moved towards the second apex side by side."", ""However, rather than re-joining the track as soon as possible, the driver of car 20 opened his steering and also missed the next apex creating a further shortcut allowing him to re-join the track ahead of car 20 rather than side by side, which would have been the case had he gone behind the raised kerb and re-joined as soon as possible, which there was room to do.""]}",machine_extracted_pending_human_review,pending_human_review,,,
adjudication-seed-fia-2019-mco-8441c7d5dbef-01,adj-d5ff9f7e1e5e3e46,incident-src-d5ff9f7e1e5e3e46,fia-2019-mco-8441c7d5dbef,2019-mco,Race,causing_collision,99,88,Turn 18,,15,fia_incident_clock_single_lap_interval,15,15,15,2019-05-26T13:34:00+00:00,2019-05-26T13:35:00+00:00,fia_clock_lap_interval,referral-3c7899a89e98a80f,high_confidence_algorithmic,15.0,19.0,26.0,investigation|sanction_announced,"[""TURN 18 INCIDENT INVOLVING CARS 88 (KUB) AND 99 (GIO) UNDER INVESTIGATION - CAUSING A COLLISION"", ""10 SECOND TIME PENALTY FOR CAR 99 (GIO) - CAUSING A COLLISION""]",False,False,False,unknown,unknown,unknown,False,{},machine_extracted_pending_human_review,pending_human_review,,,
adjudication-seed-fia-2019-mco-93dff725c78b-01,adj-76f534567702afe9,incident-src-76f534567702afe9,fia-2019-mco-93dff725c78b,2019-mco,Race,causing_collision,33,44,Turn 10,,,unresolved,76,77,76|77,2019-05-26T14:53:00+00:00,2019-05-26T14:54:00+00:00,fia_clock_lap_interval,referral-b74647f09839c78e,candidate_pending_review,10.0,78.0,78.0,investigation,"[""TURN 10 INCIDENT INVOLVING CARS 44 (HAM) AND 33 (VER) UNDER INVESTIGATION""]",False,False,False,inside,unknown,unknown,False,"{""attacker_line"": [""Car 33 attempted to pass car 44 on the inside at turn 10 and contact resulted.""]}",machine_extracted_pending_human_review,pending_human_review,,,
adjudication-seed-fia-2019-mco-b0bed801d3e3-01,adj-1647a94a71c5efa4,incident-src-1647a94a71c5efa4,fia-2019-mco-b0bed801d3e3,2019-mco,Race,gaining_advantage_off_track,18,,Turn 10,,,unresolved,,,,2019-05-26T13:03:00+00:00,2019-05-26T13:04:00+00:00,fia_clock_unmatched_to_lap_interval,referral-5c15d8e3515220c2,high_confidence_algorithmic,15.0,40.0,48.0,noted|sanction_announced,"[""TURN 10 INCIDENT INVOLVING CAR 18 (STR) NOTED - LEAVING THE TRACK AND GAINING AN ADVANTAGE"", ""5 SECOND TIME PENALTY FOR CAR 18 (STR) - LEAVING THE TRACK AND GAINING AN ADVANTAGE""]",False,False,False,unknown,unknown,unknown,False,{},machine_extracted_pending_human_review,pending_human_review,,,
adjudication-seed-fia-2019-mco-bf9eeec70400-01,adj-675739cef230a725,incident-src-675739cef230a725,fia-2019-mco-bf9eeec70400,2019-mco,Race,causing_collision,44,33,Turn 10,,,unresolved,76,77,76|77,2019-05-26T14:53:00+00:00,2019-05-26T14:54:00+00:00,fia_clock_lap_interval,referral-b74647f09839c78e,candidate_pending_review,10.0,78.0,78.0,investigation,"[""TURN 10 INCIDENT INVOLVING CARS 44 (HAM) AND 33 (VER) UNDER INVESTIGATION""]",False,False,False,inside,unknown,unknown,False,"{""attacker_line"": [""Car 33 attempted to pass car 44 on the inside at turn 10 and contact resulted.""]}",machine_extracted_pending_human_review,pending_human_review,,,
adjudication-seed-fia-2019-mex-9a84e5496c6b-01,adj-f96f03bc3f42ded4,incident-src-f96f03bc3f42ded4,fia-2019-mex-9a84e5496c6b,2019-mex,Race,causing_collision,26,27,Turn 16,,70,fia_incident_clock_single_lap_interval,70,70,70,2019-10-27T20:50:00+00:00,2019-10-27T20:51:00+00:00,fia_clock_lap_interval,referral-06be9444b527f8ae,candidate_pending_review,10.0,71.0,71.0,investigation,"[""TURN 16 INCIDENT INVOLVING CARS 27 (HUL) AND 26 (KVY) UNDER INVESTIGATION""]",False,False,False,unknown,unknown,unknown,False,{},machine_extracted_pending_human_review,pending_human_review,,,
adjudication-seed-fia-2019-sgp-4f116694a24c-01,adj-dc7143e62d2b209e,incident-group-17fe6df1bdd9aad8,fia-2019-sgp-4f116694a24c,2019-sgp,Race,causing_collision,7,26,Turn 1,,,unresolved,49,50,49|50,2019-09-22T13:50:00+00:00,2019-09-22T13:51:00+00:00,fia_clock_lap_interval,referral-ab30fc15c6ead7d4,candidate_pending_review,10.0,52.0,52.0,post_session_investigation,"[""TURN 1 INCIDENT INVOLVING CARS 7 (RAI) AND 26 (KVY) WILL BE INVESTIGATED AFTER THE RACE""]",False,False,False,unknown,unknown,unknown,False,{},machine_extracted_pending_human_review,pending_human_review,,,
adjudication-seed-fia-2019-sgp-6c9e26d4cab3-01,adj-cde123f133b0c826,incident-group-3e6d04cc117846eb,fia-2019-sgp-6c9e26d4cab3,2019-sgp,Race,causing_collision,63,8,Turn 8,,35,fia_incident_clock_single_lap_interval,35,35,35,2019-09-22T13:17:00+00:00,2019-09-22T13:18:00+00:00,fia_clock_lap_interval,referral-5fdbc018f02e34db,candidate_pending_review,10.0,41.0,43.0,noted|investigation|post_session_investigation,"[""TURN 8 INCIDENT INVOLVING CARS 8 (GRO) AND 63 (RUS) NOTED"", ""TURN 8 INCIDENT INVOLVING CARS 8 (GRO) AND 63 (RUS) UNDER INVESTIGATION"", ""TURN 8 INCIDENT INVOLVING CARS 8 (GRO) AND 63 (RUS) WILL BE INVESTIGATED AFTER THE RACE""]",False,False,False,ambiguous_both_lines_mentioned,alongside,apex,False,"{""attacker_line"": [""Through the apex of Turn 8, Grosjean remained alongside, but as Russell had the inside line he was able to start pulling ahead."", ""As the drivers exited Turn 7 Grosjean got a run on Russell on the outside of Turn 8.""], ""corner_phase"": [""Through the apex of Turn 8, Grosjean remained alongside, but as Russell had the inside line he was able to start pulling ahead.""], ""overlap"": [""Grosjean was fully alongside Russell at the entry to Turn 8 with the cars wheel to wheel."", ""Through the apex of Turn 8, Grosjean remained alongside, but as Russell had the inside line he was able to start pulling ahead.""]}",machine_extracted_pending_human_review,pending_human_review,,,
adjudication-seed-fia-2019-sgp-6db2310a0bec-01,adj-46676d59c4b4733c,incident-group-3e6d04cc117846eb,fia-2019-sgp-6db2310a0bec,2019-sgp,Race,causing_collision,8,63,Turn 8,,35,fia_incident_clock_single_lap_interval,35,35,35,2019-09-22T13:17:00+00:00,2019-09-22T13:18:00+00:00,fia_clock_lap_interval,referral-5fdbc018f02e34db,candidate_pending_review,10.0,41.0,43.0,noted|investigation|post_session_investigation,"[""TURN 8 INCIDENT INVOLVING CARS 8 (GRO) AND 63 (RUS) NOTED"", ""TURN 8 INCIDENT INVOLVING CARS 8 (GRO) AND 63 (RUS) UNDER INVESTIGATION"", ""TURN 8 INCIDENT INVOLVING CARS 8 (GRO) AND 63 (RUS) WILL BE INVESTIGATED AFTER THE RACE""]",False,False,False,ambiguous_both_lines_mentioned,alongside,apex,False,"{""attacker_line"": [""Through the apex of Turn 8, Grosjean remained alongside, but as Russell had the inside line he was able to start pulling ahead."", ""As the drivers exited Turn 7 Grosjean got a run on Russell on the outside of Turn 8.""], ""corner_phase"": [""Through the apex of Turn 8, Grosjean remained alongside, but as Russell had the inside line he was able to start pulling ahead.""], ""overlap"": [""Grosjean was fully alongside Russell at the entry to Turn 8 with the cars wheel to wheel."", ""Through the apex of Turn 8, Grosjean remained alongside, but as Russell had the inside line he was able to start pulling ahead.""]}",machine_extracted_pending_human_review,pending_human_review,,,
adjudication-seed-fia-2019-sgp-ab76599fc615-01,adj-90a21a4d4da139bd,incident-group-17fe6df1bdd9aad8,fia-2019-sgp-ab76599fc615,2019-sgp,Race,causing_collision,26,7,Turn 1,,,unresolved,49,50,49|50,2019-09-22T13:50:00+00:00,2019-09-22T13:51:00+00:00,fia_clock_lap_interval,referral-ab30fc15c6ead7d4,candidate_pending_review,10.0,52.0,52.0,post_session_investigation,"[""TURN 1 INCIDENT INVOLVING CARS 7 (RAI) AND 26 (KVY) WILL BE INVESTIGATED AFTER THE RACE""]",False,False,False,unknown,unknown,unknown,False,{},machine_extracted_pending_human_review,pending_human_review,,,
adjudication-seed-fia-2019-sgp-d456f4419d4f-01,adj-2863482e9bf6ad20,incident-group-baa04254fb857cd2,fia-2019-sgp-d456f4419d4f,2019-sgp,Race,causing_collision,27,55,Turn 5,1,1,model_reviewed_source_or_timing,1,1,1,2019-09-22T12:10:00+00:00,2019-09-22T12:11:00+00:00,fia_clock_pre_start_first_lap_tolerance,referral-f9b1803598cb0ff8,high_confidence_algorithmic,15.0,2.0,7.0,noted|no_further_action,"[""LAP 1, TURN 5 INCIDENT INVOLVING CARS 27 (HUL) AND 55 (SAI) NOTED"", ""TURN 5 INCIDENT INVOLVING CARS 27 (HUL) AND 55 (SAI) - NO FURTHER ACTION ""]",True,False,False,inside,unknown,apex,False,"{""attacker_line"": [""The stewards reviewed video evidence and determined that at turn 5 on the first lap, Sainz was taking a wide, traditional racing line; Hulkenburg took an inside line to pass.""], ""corner_phase"": [""Sainz would not have reasonably seen the car on his inside and moved aggressively towards the apex of turn 5.""], ""first_lap"": [""The stewards reviewed video evidence and determined that at turn 5 on the first lap, Sainz was taking a wide, traditional racing line; Hulkenburg took an inside line to pass."", ""As a result of both cars’ actions, they collided and the Stewards determined that this was a first lap racing incident and take No Further Action.""]}",machine_extracted_pending_human_review,pending_human_review,,,
adjudication-seed-fia-2019-sgp-e6c461804492-01,adj-a7bd7c94072cc013,incident-group-baa04254fb857cd2,fia-2019-sgp-e6c461804492,2019-sgp,Race,causing_collision,55,27,Turn 5,1,1,model_reviewed_source_or_timing,1,1,1,2019-09-22T12:10:00+00:00,2019-09-22T12:11:00+00:00,fia_clock_pre_start_first_lap_tolerance,referral-f9b1803598cb0ff8,high_confidence_algorithmic,15.0,2.0,7.0,noted|no_further_action,"[""LAP 1, TURN 5 INCIDENT INVOLVING CARS 27 (HUL) AND 55 (SAI) NOTED"", ""TURN 5 INCIDENT INVOLVING CARS 27 (HUL) AND 55 (SAI) - NO FURTHER ACTION ""]",True,False,False,inside,unknown,apex,False,"{""attacker_line"": [""The stewards reviewed video evidence and determined that at turn 5 on the first lap, Sainz was taking a wide, traditional racing line; Hulkenburg took an inside line to pass.""], ""corner_phase"": [""Sainz would not have reasonably seen the car on his inside and moved aggressively towards the apex of turn 5.""], ""first_lap"": [""The stewards reviewed video evidence and determined that at turn 5 on the first lap, Sainz was taking a wide, traditional racing line; Hulkenburg took an inside line to pass."", ""As a result of both cars’ actions, they collided and the Stewards determined that this was a first lap racing incident and take No Further Action.""]}",machine_extracted_pending_human_review,pending_human_review,,,
adjudication-seed-fia-2019-usa-d3bdd32ef24c-01,adj-da2c95f3aa831f34,incident-src-da2c95f3aa831f34,fia-2019-usa-d3bdd32ef24c,2019-usa,Race,causing_collision,26,11,Turn 15,,55,fia_incident_clock_single_lap_interval,55,55,55,2019-11-03T20:47:00+00:00,2019-11-03T20:48:00+00:00,fia_clock_lap_interval,referral-b7b1c1628ee7b46b,high_confidence_algorithmic,13.0,56.0,56.0,noted|sanction_announced,"[""TURN 12 INCIDENT INVOLVING CARS 11 (PER) AND 26 (KVY) NOTED - CAUSING A COLLISION"", ""5 SECOND TIME PENALTY FOR CAR 26 (KVY) - CAUSING A COLLISION""]",False,False,False,unknown,unknown,apex,False,"{""corner_phase"": [""Car 11 was in front immediately prior to the apex of the corner, car 26 “dived” down the inside, had a small lock up and bounced off the kerb, which moved the car to the outside of the exit of the corner, colliding with car 11.""]}",machine_extracted_pending_human_review,pending_human_review,,,
adjudication-seed-fia-2019-usa-e8891601d008-01,adj-8fa5a7f8737d47e9,incident-src-8fa5a7f8737d47e9,fia-2019-usa-e8891601d008,2019-usa,Race,causing_collision,23,55,Turn 1,1,1,model_reviewed_source_or_timing,1,1,1,2019-11-03T19:13:00+00:00,2019-11-03T19:14:00+00:00,fia_clock_lap_interval,referral-693d171ad0182cef,candidate_pending_review,12.0,2.0,4.0,noted|investigation|no_further_action,"[""TURN 1 INCIDENT INVOLVING CARS 55 (SAI) AND 23 (ALB) NOTED"", ""TURN 1 INCIDENT INVOLVING CARS 55 (SAI) AND 23 (ALB) UNDER INVESTIGATION"", ""TURN 1 INCIDENT INVOLVING CARS 55 (SAI) AND 23 (ALB) - NO FURTHER ACTION ""]",True,False,False,unknown,unknown,unknown,False,"{""first_lap"": [""The Stewards reviewed video evidence, and determined that no driver was wholly or predominantly to blame, noting this was a first turn, first lap incident.""]}",machine_extracted_pending_human_review,pending_human_review,,,
adjudication-seed-fia-2020-70a-2f908d545c9e-01,adj-70745e64b862fd6a,incident-src-70745e64b862fd6a,fia-2020-70a-2f908d545c9e,2020-70a,Race,unsafe_rejoin,20,,Turn 15,,,unresolved,17,18,17|18,2020-08-09T13:40:00+00:00,2020-08-09T13:41:00+00:00,fia_clock_lap_interval,referral-ab2d73fb32c23519,candidate_pending_review,11.0,20.0,27.0,noted|investigation|sanction_announced,"[""TURN 15 INCIDENT INVOLVING CARS 20 (MAG) AND 8 (GRO) NOTED"", ""CORRECTION: TURN 15 INCIDENT INVOLVING CARS 20 (MAG) AND 6 (LAT) NOTED"", ""TURN 15 INCIDENT INVOLVING CARS 20 (MAG) AND 6 (LAT) UNDER INVESTIGATION"", ""5 SECOND TIME PENALTY FOR CAR 20 (MAG) - INCIDENT AT TURN 15""]",False,False,False,inside,unknown,unknown,False,"{""attacker_line"": [""Latifi was making a pass on the inside of Magnussen at Turn 15.""]}",machine_extracted_pending_human_review,pending_human_review,,,
adjudication-seed-fia-2020-aut-61b974e38056-01,adj-f6450ff6c230f5e0,incident-src-f6450ff6c230f5e0,fia-2020-aut-61b974e38056,2020-aut,Race,causing_collision,44,23,Turn 4,,,unresolved,60,61,60|61,2020-07-05T14:31:00+00:00,2020-07-05T14:32:00+00:00,fia_clock_lap_interval,referral-4f2acd9877c92ee0,high_confidence_algorithmic,15.0,62.0,66.0,noted|investigation|sanction_announced,"[""TURN 4 INCIDENT INVOLVING CARS 44 (HAM) AND 23 (ALB) NOTED"", ""TURN 4 INCIDENT INVOLVING CARS 23 (ALB) AND 44 (HAM) UNDER INVESTIGATION - CAUSING A COLLISION"", ""5 SECOND TIME PENALTY FOR CAR 44 (HAM) - CAUSING A COLLISION""]",False,False,False,unknown,alongside,apex,False,"{""corner_phase"": [""The Stewards reviewed video evidence showing that cars 23 and 44 were side by side approaching the apex of turn 4.""], ""overlap"": [""The Stewards reviewed video evidence showing that cars 23 and 44 were side by side approaching the apex of turn 4."", ""They negotiated the turn side by side, but car 23 had a better exit and was in the process of passing car 44.""]}",machine_extracted_pending_human_review,pending_human_review,,,
adjudication-seed-fia-2020-bhr-5b520e69cfdd-01,adj-f43e6ce41cf9c965,incident-src-f43e6ce41cf9c965,fia-2020-bhr-5b520e69cfdd,2020-bhr,Race,causing_collision,26,18,Turn 8,,3,fia_incident_clock_single_lap_interval,3,3,3,2020-11-29T15:40:00+00:00,2020-11-29T15:41:00+00:00,fia_clock_lap_interval,referral-c369b6c3f1ce4353,high_confidence_algorithmic,14.0,10.0,13.0,investigation|sanction_announced,"[""TURN 8 INCIDENT INVOLVING CARS 26 (KVY) AND 16 (LEC) UNDER INVESTIGATION - CAUSING A COLLISION"", ""CORRECTION: TURN 8 INCIDENT INVOLVING CARS 26 (KVY) AND 18 (STR) UNDER INVESTIGATION - CAUSING A COLLISION"", ""10 SECOND TIME PENALTY FOR CAR 26 (KVY) - CAUSING A COLLISION""]",False,False,False,unknown,unknown,unknown,False,{},machine_extracted_pending_human_review,pending_human_review,,,
adjudication-seed-fia-2020-eif-3377de36ccd9-01,adj-cd5bc15f552b8092,incident-src-cd5bc15f552b8092,fia-2020-eif-3377de36ccd9,2020-eif,Race,causing_collision,7,63,Turn 1,,,unresolved,13,14,13|14,2020-10-11T12:34:00+00:00,2020-10-11T12:35:00+00:00,fia_clock_lap_interval,referral-9d11f86984796490,high_confidence_algorithmic,15.0,15.0,20.0,investigation|sanction_announced,"[""TURN 1 INCIDENT INVOLVING CARS 7 (RAI) AND 63 (RUS)  UNDER INVESTIGATION - CAUSING A COLLISION"", ""10 SECOND TIME PENALTY FOR CAR 7 (RAI) - CAUSING A COLLISION""]",False,False,False,inside,unknown,unknown,False,"{""attacker_line"": [""Car 7 was on the inside of car 63 at turn 1.""]}",machine_extracted_pending_human_review,pending_human_review,,,
adjudication-seed-fia-2020-eif-588d347b498e-01,adj-334b6200470cb5bc,incident-src-334b6200470cb5bc,fia-2020-eif-588d347b498e,2020-eif,Race,causing_collision,23,26,Turn 14,,18,fia_incident_clock_single_lap_interval,18,18,18,2020-10-11T12:41:00+00:00,2020-10-11T12:42:00+00:00,fia_clock_lap_interval,referral-2b30f84b57227347,high_confidence_algorithmic,15.0,20.0,23.0,investigation|sanction_announced,"[""TURN 14 INCIDENT INVOLVING CARS 23 (ALB) AND 26 (KVY) UNDER INVESTIGATION - CAUSING A COLLISION"", ""5 SECOND TIME PENALTY FOR CAR 23 (ALB) - CAUSING A COLLISION""]",False,False,False,unknown,unknown,apex,True,"{""control_error"": [""Car 26 missed the apex of Turn 14 and re-joined the track.""], ""corner_phase"": [""Car 26 missed the apex of Turn 14 and re-joined the track.""]}",machine_extracted_pending_human_review,pending_human_review,,,
adjudication-seed-fia-2020-emi-399ca2a328b0-01,adj-1b1da487e3a306a9,incident-src-1b1da487e3a306a9,fia-2020-emi-399ca2a328b0,2020-emi,Race,causing_collision,5,20,Turn 7,,1,race_control_explicit_lap_high_confidence_link,1,1,1,2020-11-01T12:13:00+00:00,2020-11-01T12:14:00+00:00,fia_clock_lap_interval,referral-d4b42208d21c7a44,high_confidence_algorithmic,15.0,4.0,15.0,noted|investigation|no_further_action,"[""LAP1, TURN 7 INCIDENT INVOLVING CARS 5 (VET) AND 20 (MAG) NOTED"", ""LAP 1,TURN 7 INCIDENT INVOLVING CARS 5 (VET) AND 20 (MAG) UNDER INVESTIGATION - CAUSING A COLLISION"", ""TURN 7 INCIDENT INVOLVING CARS 5 (VET) AND 20 (MAG) - NO FURTHER ACTION ""]",True,False,False,unknown,unknown,unknown,False,"{""first_lap"": [""The Stewards reviewed the available video evidence and video from previous races and concluded that the incident was broadly similar to other first lap incidents that resulted in no further action.""]}",machine_extracted_pending_human_review,pending_human_review,,,
adjudication-seed-fia-2020-esp-bc594cf0008c-01,adj-c1cfa4c6f7b7d14c,incident-src-c1cfa4c6f7b7d14c,fia-2020-esp-bc594cf0008c,2020-esp,Race,forcing_off_track,99,,"Turns 1, 3",,60,fia_incident_clock_single_lap_interval,60,60,60,2020-08-16T14:38:00+00:00,2020-08-16T14:39:00+00:00,fia_clock_lap_interval,referral-dd666b9e2f8de522,candidate_pending_review,7.0,62.0,64.0,noted|investigation,"[""TURN 2 INCIDENT INVOLVING CARS 20 (MAG) AND 99 (GIO) NOTED"", ""CORRECTION: TURN 2 INCIDENT INVOLVING CARS 8 (GRO) AND 99 (GIO) NOTED"", ""TURN 2 INCIDENT INVOLVING CARS 8 (GRO) AND 99 (GIO) UNDER INVESTIGATION""]",False,False,False,inside,unknown,unknown,False,"{""attacker_line"": [""Alleged forcing another driver of the track The Stewards reviewed the on-board video from both cars as well as CCTV cameras and concluded that Giovinazzi had substantially completed the overtake on the inside at Turn 1 and had the right to the line.""]}",machine_extracted_pending_human_review,pending_human_review,,,
adjudication-seed-fia-2020-gbr-09d0b07d741a-01,adj-e605aead612094fc,incident-src-e605aead612094fc,fia-2020-gbr-09d0b07d741a,2020-gbr,Race,moving_under_braking,8,3,Turn 6,,,unresolved,18,19,18|19,2020-08-02T13:50:00+00:00,2020-08-02T13:51:00+00:00,fia_clock_lap_interval,referral-4b6f55e5f67fa720,high_confidence_algorithmic,13.0,38.0,44.0,noted|post_session_investigation,"[""TURN 6 INCIDENT INVOLVING CARS 8 (GRO) AND 3 (RIC) NOTED - MOVING UNDER BRAKING"", ""TURN 6 INCIDENT INVOLVING CARS 8 (GRO) AND 3 (RIC) WILL BE INVESTIGATED AFTER THE RACE - MOVING UNDER BRAKING""]",False,False,False,unknown,unknown,unknown,False,{},machine_extracted_pending_human_review,pending_human_review,,,
adjudication-seed-fia-2020-gbr-319c8c2d52b9-01,adj-fcd4a7df5c2a7599,incident-src-fcd4a7df5c2a7599,fia-2020-gbr-319c8c2d52b9,2020-gbr,Race,causing_collision,23,20,Turn 18,,,unresolved,1,2,1|2,2020-08-02T13:15:00+00:00,2020-08-02T13:16:00+00:00,fia_clock_lap_interval,referral-24694eab8506551b,high_confidence_algorithmic,13.0,7.0,7.0,investigation,"[""TURN 18 INCIDENT INVOLVING CARS 23 (ALB) AND 20 (MAG) UNDER INVESTIGATION - CAUSING A COLLISION""]",False,False,False,inside,unknown,unknown,False,"{""attacker_line"": [""While Albon appeared to be the faster car the Stewards determined that he attempted the pass too late and the gap on the inside of Car 20 was always going to diminish.""]}",machine_extracted_pending_human_review,pending_human_review,,,
adjudication-seed-fia-2020-ita-3d5494c6edc8-01,adj-c473006e0e821fa8,incident-src-c473006e0e821fa8,fia-2020-ita-3d5494c6edc8,2020-ita,Race,causing_collision,23,8,,,,unresolved,1,2,1|2,2020-09-06T13:15:00+00:00,2020-09-06T13:16:00+00:00,fia_clock_lap_interval,referral-83878e66d84e44ae,candidate_pending_review,7.0,2.0,5.0,noted|no_investigation|investigation,"[""LAP1, TURN 1 INCIDENT INVOLVING CARS 23 (ALB) AND 10 (GAS) NOTED"", ""LAP2, TURN 1 INCIDENT INVOLVING CARS 23 (ALB) AND 8 (GRO) NOTED"", ""TURN 1 INCIDENT INVOLVING CARS 10 (GAS) AND 23 (ALB) - NO INVESTIGATION NECESSARY"", ""TURN 1 INCIDENT INVOLVING CARS 8 (GRO) AND 23 (ALB) UNDER INVESTIGATION""]",False,False,False,unknown,unknown,unknown,False,{},machine_extracted_pending_human_review,pending_human_review,,,
adjudication-seed-fia-2020-ita-5e5acd0fdb41-01,adj-0b5349f408329019,incident-src-0b5349f408329019,fia-2020-ita-5e5acd0fdb41,2020-ita,Race,forcing_off_track,33,11,Turn 2,,24,fia_incident_clock_single_lap_interval,24,24,24,2020-09-06T13:49:00+00:00,2020-09-06T13:50:00+00:00,fia_clock_lap_interval,referral-875eb8d9bcba4b05,candidate_pending_review,10.0,28.0,30.0,investigation|no_further_action,"[""TURN 1 INCIDENT INVOLVING CARS 11 (PER) AND 33 (VER) UNDER INVESTIGATION"", ""TURN 1 INCIDENT INVOLVING CARS 11 (PER) AND 33 (VER) - NO FURTHER ACTION ""]",False,False,False,unknown,unknown,unknown,False,{},machine_extracted_pending_human_review,pending_human_review,,,
adjudication-seed-fia-2020-por-69db98466a96-01,adj-51812139587add7e,incident-src-51812139587add7e,fia-2020-por-69db98466a96,2020-por,Race,causing_collision,18,4,Turn 1,,,unresolved,17,18,17|18,2020-10-25T13:37:00+00:00,2020-10-25T13:38:00+00:00,fia_clock_lap_interval,referral-a82360ea8c04197a,high_confidence_algorithmic,15.0,19.0,24.0,noted|investigation|sanction_announced,"[""TURN 1 INCIDENT INVOLVING CARS 4 (NOR) AND 18 (STR) NOTED"", ""TURN 1 INCIDENT INVOLVING CARS 4 (NOR) AND 18 (STR) UNDER INVESTIGATION - CAUSING A COLLISION"", ""5 SECOND TIME PENALTY FOR CAR 18 (STR) - CAUSING A COLLISION""]",False,False,False,inside,alongside,apex,False,"{""attacker_line"": [""Norris moved as far to the apex as he could just avoiding the aggressive sausage curb on the inside, and thus did everything he could to avoid the collision.""], ""corner_phase"": [""He then drove straight towards the apex of turn 1 while Norris was still partially alongside."", ""Norris moved as far to the apex as he could just avoiding the aggressive sausage curb on the inside, and thus did everything he could to avoid the collision.""], ""overlap"": [""He then drove straight towards the apex of turn 1 while Norris was still partially alongside.""]}",machine_extracted_pending_human_review,pending_human_review,,,
adjudication-seed-fia-2020-skh-9e2651e5d5ba-01,adj-f1add43ec601d687,incident-src-f1add43ec601d687,fia-2020-skh-9e2651e5d5ba,2020-skh,Race,causing_collision,16,11|33,Turn 4,,1,fia_incident_clock_single_lap_interval,1,1,1,2020-12-06T17:13:00+00:00,2020-12-06T17:14:00+00:00,fia_clock_lap_interval,referral-8bdc3080b6a0d7d2,candidate_pending_review,10.0,3.0,7.0,noted|post_session_investigation,"[""TURN 4 INCIDENT INVOLVING CARS 11 (PER),16 (LEC) AND 33 (VER) NOTED"", ""TURN 4 INCIDENT INVOLVING CARS 11 (PER), 16 (LEC) AND 33 (VER) WILL BE INVESTIGATED AFTER THE RACE""]",True,False,False,unknown,unknown,unknown,False,{},machine_extracted_pending_human_review,pending_human_review,,,
adjudication-seed-fia-2020-sty-965461bfbe13-01,adj-e29cbda3e8d0967d,incident-src-e29cbda3e8d0967d,fia-2020-sty-965461bfbe13,2020-sty,Race,forcing_off_track,18,3,Turn 3,,,unresolved,69,70,69|70,2020-07-12T14:34:00+00:00,2020-07-12T14:35:00+00:00,fia_clock_lap_interval,referral-c5c6eba7828e2b52,candidate_pending_review,10.0,71.0,71.0,noted|investigation,"[""TURN 3 INCIDENT INVOLVING CARS 18 (STR) AND 3 (RIC) NOTED"", ""TURN 3 INCIDENT INVOLVING CARS 18 (STR) AND 3 (RIC) UNDER INVESTIGATION""]",False,False,False,inside,unknown,apex,False,"{""attacker_line"": [""The driver of Car 18 made an attempt to overtake Car 3 on the inside on the approach to turn 3, causing both cars to leave the track shortly after the apex of turn 3.""], ""corner_phase"": [""The driver of Car 18 made an attempt to overtake Car 3 on the inside on the approach to turn 3, causing both cars to leave the track shortly after the apex of turn 3.""]}",machine_extracted_pending_human_review,pending_human_review,,,
adjudication-seed-fia-2020-tus-3299714baba8-01,adj-ca80459eed6f3310,incident-src-ca80459eed6f3310,fia-2020-tus-3299714baba8,2020-tus,Race,causing_collision,8,10|7|33,,,1,fia_incident_clock_single_lap_interval,1,1,1,2020-09-13T13:14:00+00:00,2020-09-13T13:15:00+00:00,fia_clock_lap_interval,referral-3168b0e2e5a515c1,candidate_pending_review,12.0,5.0,9.0,investigation|no_further_action,"[""TURN 2 INCIDENT INVOLVING CARS 7 (RAI), 8 (GRO),10 (GAS), 33 (VER) UNDER INVESTIGATION - CAUSING A COLLISION"", ""TURN 2 INCIDENT INVOLVING CARS 7 (RAI), 8 (GRO), 16 (LEC) AND 33 (VER) - NO FURTHER ACTION ""]",True,False,False,unknown,alongside,unknown,False,"{""first_lap"": [""We regard this as a first lap incident albeit with major consequences.""], ""overlap"": [""Three cars (7, 10 and 8) were side by side – cars 10 and 8 came close together as 8 moved to the left, and 10 moved to the left to avoid car 8, colliding with car 7 as it moved slightly to the right.""]}",machine_extracted_pending_human_review,pending_human_review,,,
adjudication-seed-fia-2020-tus-65bfe923f953-01,adj-fe001d9ef4550a20,incident-src-fe001d9ef4550a20,fia-2020-tus-65bfe923f953,2020-tus,Race,causing_collision,33,10|8|7,,,1,fia_incident_clock_single_lap_interval,1,1,1,2020-09-13T13:14:00+00:00,2020-09-13T13:15:00+00:00,fia_clock_lap_interval,referral-3168b0e2e5a515c1,candidate_pending_review,12.0,5.0,9.0,investigation|no_further_action,"[""TURN 2 INCIDENT INVOLVING CARS 7 (RAI), 8 (GRO),10 (GAS), 33 (VER) UNDER INVESTIGATION - CAUSING A COLLISION"", ""TURN 2 INCIDENT INVOLVING CARS 7 (RAI), 8 (GRO), 16 (LEC) AND 33 (VER) - NO FURTHER ACTION ""]",True,False,False,unknown,alongside,unknown,False,"{""first_lap"": [""We regard this as a first lap incident albeit with major consequences.""], ""overlap"": [""Three cars (7, 10 and 8) were side by side – cars 10 and 8 came close together as 8 moved to the left, and 10 moved to the left to avoid car 8, colliding with car 7 as it moved slightly to the right.""]}",machine_extracted_pending_human_review,pending_human_review,,,
adjudication-seed-fia-2020-tus-8b2908d46c54-01,adj-3bbbd293cbbdc303,incident-src-3bbbd293cbbdc303,fia-2020-tus-8b2908d46c54,2020-tus,Race,causing_collision,10,8|7|33,,,1,fia_incident_clock_single_lap_interval,1,1,1,2020-09-13T13:14:00+00:00,2020-09-13T13:15:00+00:00,fia_clock_lap_interval,referral-3168b0e2e5a515c1,candidate_pending_review,12.0,5.0,9.0,investigation|no_further_action,"[""TURN 2 INCIDENT INVOLVING CARS 7 (RAI), 8 (GRO),10 (GAS), 33 (VER) UNDER INVESTIGATION - CAUSING A COLLISION"", ""TURN 2 INCIDENT INVOLVING CARS 7 (RAI), 8 (GRO), 16 (LEC) AND 33 (VER) - NO FURTHER ACTION ""]",True,False,False,unknown,alongside,unknown,False,"{""first_lap"": [""We regard this as a first lap incident albeit with major consequences.""], ""overlap"": [""Three cars (7, 10 and 8) were side by side – cars 10 and 8 came close together as 8 moved to the left, and 10 moved to the left to avoid car 8, colliding with car 7 as it moved slightly to the right.""]}",machine_extracted_pending_human_review,pending_human_review,,,
adjudication-seed-fia-2020-tus-8f4aa7153d82-01,adj-d8273ef853fc3e35,incident-src-d8273ef853fc3e35,fia-2020-tus-8f4aa7153d82,2020-tus,Race,causing_collision,7,10|8|33,,,1,fia_incident_clock_single_lap_interval,1,1,1,2020-09-13T13:14:00+00:00,2020-09-13T13:15:00+00:00,fia_clock_lap_interval,referral-3168b0e2e5a515c1,candidate_pending_review,12.0,5.0,9.0,investigation|no_further_action,"[""TURN 2 INCIDENT INVOLVING CARS 7 (RAI), 8 (GRO),10 (GAS), 33 (VER) UNDER INVESTIGATION - CAUSING A COLLISION"", ""TURN 2 INCIDENT INVOLVING CARS 7 (RAI), 8 (GRO), 16 (LEC) AND 33 (VER) - NO FURTHER ACTION ""]",True,False,False,unknown,alongside,unknown,False,"{""first_lap"": [""We regard this as a first lap incident albeit with major consequences.""], ""overlap"": [""Three cars (7, 10 and 8) were side by side – cars 10 and 8 came close together as 8 moved to the left, and 10 moved to the left to avoid car 8, colliding with car 7 as it moved slightly to the right.""]}",machine_extracted_pending_human_review,pending_human_review,,,
adjudication-seed-fia-2021-aut-01e04f2a38ce-01,adj-abdb85bbc64ee3ce,incident-src-abdb85bbc64ee3ce,fia-2021-aut-01e04f2a38ce,2021-aut,Race,forcing_off_track,11,,Turn 6,,46,fia_incident_clock_single_lap_interval,46,46,46,2021-07-04T13:58:00+00:00,2021-07-04T13:59:00+00:00,fia_clock_lap_interval,referral-4f7d8c57c76563e4,high_confidence_algorithmic,14.0,48.0,52.0,noted|investigation|sanction_announced,"[""TURN 6 INCIDENT INVOLVING CARS 11 (PER) AND 16 (LEC) NOTED"", ""TURN 6 INCIDENT INVOLVING CARS 11 (PER) AND 16 (LEC) UNDER INVESTIGATION - FORCING ANOTHER DRIVER OFF THE TRACK"", ""5 SECOND TIME PENALTY FOR CAR 11 (PER) - FORCING ANOTHER DRIVER OFF THE TRACK""]",False,False,False,unknown,alongside,exit,False,"{""corner_phase"": [""Then on the exit PER was judged not to give LEC enough room and LEC was forced off the track.""], ""overlap"": [""The Stewards reviewed video evidence, At the entry of turn 6, LEC and PER were side by side.""]}",machine_extracted_pending_human_review,pending_human_review,,,
adjudication-seed-fia-2021-aut-5bb9fcd0e3b6-01,adj-777fb475fb7ad14e,incident-src-777fb475fb7ad14e,fia-2021-aut-5bb9fcd0e3b6,2021-aut,Race,causing_collision,7,5,Turn 5,,70,fia_incident_clock_single_lap_interval,70,70,70,2021-07-04T14:26:00+00:00,2021-07-04T14:27:00+00:00,fia_clock_lap_interval,referral-07ba0521d047f4a1,high_confidence_algorithmic,13.0,71.0,71.0,investigation|post_session_investigation,"[""TURN 5 INCIDENT INVOLVING CARS 7 (RAI) AND 5 (VET) UNDER INVESTIGATION - CAUSING A COLLISION"", ""TURN 5 INCIDENT INVOLVING CARS 5 (VET) AND 7 (RAI) WILL BE INVESTIGATED AFTER THE RACE""]",False,False,False,unknown,unknown,unknown,False,{},machine_extracted_pending_human_review,pending_human_review,,,
adjudication-seed-fia-2021-aut-5c20f18ec25e-01,adj-49f9f1c21c411724,incident-src-49f9f1c21c411724,fia-2021-aut-5c20f18ec25e,2021-aut,Race,forcing_off_track,11,,Turn 4,,40,fia_incident_clock_single_lap_interval,40,40,40,2021-07-04T13:51:00+00:00,2021-07-04T13:52:00+00:00,fia_clock_lap_interval,referral-0574b825cbe7238b,high_confidence_algorithmic,14.0,42.0,42.0,investigation|sanction_announced,"[""TURN 4 INCIDENT INVOLVING CARS 11 (PER) AND 16 (LEC) UNDER INVESTIGATION - FORCING ANOTHER DRIVER OFF THE TRACK"", ""5 SECOND TIME PENALTY FOR CAR 11 (PER) - FORCING ANOTHER DRIVER OFF THE TRACK""]",False,False,False,unknown,alongside,exit,False,"{""corner_phase"": [""Then on the exit PER was judged not to give LEC enough room and LEC was forced off the track.""], ""overlap"": [""The Stewards reviewed video evidence, At the entry of turn 4, LEC and PER were side by side.""]}",machine_extracted_pending_human_review,pending_human_review,,,
adjudication-seed-fia-2021-aut-634bfff34401-01,adj-54aa1906bbba2dd4,incident-src-54aa1906bbba2dd4,fia-2021-aut-634bfff34401,2021-aut,Race,moving_under_braking,63,7,Turn 4,,,unresolved,68,69,68|69,2021-07-04T14:24:00+00:00,2021-07-04T14:25:00+00:00,fia_clock_lap_interval,,unmatched,,,,,,False,False,False,unknown,unknown,unknown,False,{},machine_extracted_pending_human_review,pending_human_review,,,
adjudication-seed-fia-2021-aut-f412d61f822f-01,adj-1e536209371259a3,incident-src-1e536209371259a3,fia-2021-aut-f412d61f822f,2021-aut,Race,forcing_off_track,4,,Turn 4,,,unresolved,3,4,3|4,2021-07-04T13:08:00+00:00,2021-07-04T13:09:00+00:00,fia_clock_lap_interval,referral-975aa303d43077d5,high_confidence_algorithmic,13.0,20.0,20.0,sanction_announced,"[""5 SECOND TIME PENALTY FOR CAR 4 (NOR) - FORCING ANOTHER DRIVER OFF THE TRACK""]",False,False,False,unknown,alongside,exit,False,"{""corner_phase"": [""Then on the exit NOR was judged not to give PER enough room and PER was forced off the track.""], ""overlap"": [""The Stewards reviewed video evidence, At the entry of turn 4, PER and NOR were side by side.""]}",machine_extracted_pending_human_review,pending_human_review,,,
adjudication-seed-fia-2021-bhr-4c375a5d45e3-01,adj-fee2caa67a10b6f2,incident-src-fee2caa67a10b6f2,fia-2021-bhr-4c375a5d45e3,2021-bhr,Race,causing_collision,5,31,Turn 1,,,unresolved,43,44,43|44,2021-03-28T16:20:00+00:00,2021-03-28T16:21:00+00:00,fia_clock_lap_interval,referral-d4f11c9cc5b2c052,high_confidence_algorithmic,15.0,45.0,51.0,noted|investigation|sanction_announced,"[""TURN 1 INCIDENT INVOLVING CARS 5 (VET) AND 31 (OCO) NOTED"", ""TURN 1 INCIDENT INVOLVING CARS 5 (VET) AND 31 (OCO) UNDER INVESTIGATION - CAUSING A COLLISION"", ""10 SECOND TIME PENALTY FOR CAR 5 (VET) - CAUSING A COLLISION""]",False,False,False,unknown,unknown,unknown,False,{},machine_extracted_pending_human_review,pending_human_review,,,
adjudication-seed-fia-2021-emi-791fd6e0a7e9-01,adj-3651fb62c9bcfb6e,incident-src-3651fb62c9bcfb6e,fia-2021-emi-791fd6e0a7e9,2021-emi,Race,gaining_advantage_off_track,18,10,Turns 2-3,,,unresolved,9,10,9|10,2021-04-18T13:22:00+00:00,2021-04-18T13:23:00+00:00,fia_clock_lap_interval,,unmatched,,,,,,False,True,False,unknown,unknown,unknown,False,"{""wet_track"": [""In hearing from the drivers the Stewards accepted that car 18 was ahead of car 10 at the point he left the track, but that he was in that position because of a manoeuvre that he was not able to complete on the track given the wet conditions.""]}",machine_extracted_pending_human_review,pending_human_review,,,
adjudication-seed-fia-2021-emi-ac5240ba7d02-01,adj-7ff377c3d8f5c74c,incident-src-7ff377c3d8f5c74c,fia-2021-emi-ac5240ba7d02,2021-emi,Race,causing_collision,63,77,"Turns 2, 1",,,unresolved,30,31,30|31,2021-04-18T13:54:00+00:00,2021-04-18T13:55:00+00:00,fia_clock_lap_interval,referral-7ad1cab1827db0a6,candidate_pending_review,8.0,34.0,34.0,post_session_investigation,"[""TURN 2 INCIDENT INVOLVING CAR 77 (BOT) AND CAR 63 (RUS) WILL BE INVESTIGATED AFTER THE RACE""]",False,True,False,unknown,unknown,unknown,False,"{""wet_track"": [""The track appeared to be not especially wet through turn 1 but at the point of closest approach to the right hand side of the track, the right hand side tyres of Car 63 hit an especially damp patch and the car snap yawed, bearing in mind that the car had low downforce in the rear with the DRS open.""]}",machine_extracted_pending_human_review,pending_human_review,,,
adjudication-seed-fia-2021-esp-fee027bbec83-01,adj-6e832bed12ff975e,incident-src-6e832bed12ff975e,fia-2021-esp-fee027bbec83,2021-esp,Race,forcing_off_track,14,18,"Turns 2, 1, 18",,,unresolved,59,60,59|60,2021-05-09T14:28:00+00:00,2021-05-09T14:29:00+00:00,fia_clock_lap_interval,referral-b037bce259c35fdf,candidate_pending_review,8.0,62.0,62.0,investigation,"[""TURN 1 INCIDENT INVOLVING CARS 14 (ALO) AND 18 (STR) UNDER INVESTIGATION""]",False,False,False,outside,unknown,apex,False,"{""attacker_line"": [""Stroll was making a pass on Alonso on the outside of turn 1.""], ""corner_phase"": [""Alonso, who was on older tyres, moved as far as possible onto the apex kerb of turn 1, but was unable to hold the car’s line.""]}",machine_extracted_pending_human_review,pending_human_review,,,
adjudication-seed-fia-2021-gbr-2edd347d5de5-01,adj-a02457481a461185,incident-src-a02457481a461185,fia-2021-gbr-2edd347d5de5,2021-gbr,Race,causing_collision,44,33,Turn 9,,1,fia_incident_clock_single_lap_interval,1,1,1,2021-07-18T14:04:00+00:00,2021-07-18T14:05:00+00:00,fia_clock_lap_interval,referral-a520c9f861b21016,high_confidence_algorithmic,13.0,3.0,3.0,investigation,"[""TURN 9 INCIDENT INVOLVING CARS 33 (VER) AND 44 (HAM) UNDER INVESTIGATION - CAUSING A COLLISION""]",True,False,False,inside,unknown,apex,False,"{""attacker_line"": [""Cars 33 and 44 entered turn 9 with Car 33 in the lead and Car 44 slightly behind and on the inside.""], ""corner_phase"": [""Car 44 was on a line that did not reach the apex of the corner, with room available to the inside.""]}",machine_extracted_pending_human_review,pending_human_review,,,
adjudication-seed-fia-2021-gbr-74d32cf58767-01,adj-ef78b859db624c3b,incident-src-ef78b859db624c3b,fia-2021-gbr-74d32cf58767,2021-gbr,Race,forcing_off_track,11,7,Turn 17,,,unresolved,46,47,46|47,2021-07-18T15:53:00+00:00,2021-07-18T15:54:00+00:00,fia_clock_lap_interval,referral-2073a53f009396fd,candidate_pending_review,10.0,49.0,49.0,noted|post_session_investigation,"[""TURN 17 INCIDENT INVOLVING CARS 7 (RAI) AND 11 (PER) NOTED"", ""TURN 17 INCIDENT INVOLVING CARS 7 (RAI) AND 11 (PER) WILL BE INVESTIGATED AFTER THE RACE""]",False,False,False,inside,alongside,unknown,False,"{""attacker_line"": [""Cars 7 and 11 went through turn 16 almost side by side, with Car 11 slightly in front on the inside of the left hand turn.""], ""overlap"": [""Cars 7 and 11 went through turn 16 almost side by side, with Car 11 slightly in front on the inside of the left hand turn.""]}",machine_extracted_pending_human_review,pending_human_review,,,
adjudication-seed-fia-2021-gbr-2ca2a34d14e0-01,adj-03b38afbf69e24d1,incident-src-03b38afbf69e24d1,fia-2021-gbr-2ca2a34d14e0,2021-gbr,Sprint,causing_collision,63,55,Turn 6,,,unresolved,2,3,2|3,2021-07-17T15:36:00+00:00,2021-07-17T15:37:00+00:00,fia_clock_lap_interval,referral-4844ad042f1b4c0d,high_confidence_algorithmic,13.0,4.0,8.0,noted|investigation|post_session_investigation,"[""TURN 6 INCIDENT INVOLVING CARS 63 (RUS) AND 55 (SAI) NOTED"", ""TURN 6 INCIDENT INVOLVING CARS 63 (RUS) AND 55 (SAI) UNDER INVESTIGATION - CAUSING A COLLISION"", ""TURN 6 INCIDENT INVOLVING CARS 63 (RUS) AND 55 (SAI) - WILL BE INVESTIGATED AFTER THE SESSION""]",False,False,False,ambiguous_both_lines_mentioned,unknown,unknown,False,"{""attacker_line"": [""Cars 63 and 55 approached turn 6 with Car 63 on the inside, in the middle of the track, and Car 55 on the outside."", ""Cars 63 and 55 approached turn 6 with Car 63 on the inside, in the middle of the track, and Car 55 on the outside.""]}",machine_extracted_pending_human_review,pending_human_review,,,
adjudication-seed-fia-2021-gbr-8b960af59804-01,adj-30cd37fefdf5a1b2,incident-src-30cd37fefdf5a1b2,fia-2021-gbr-8b960af59804,2021-gbr,Sprint,unsafe_rejoin,55,63|10,"Turns 7, 6",,,unresolved,2,3,2|3,2021-07-17T15:36:00+00:00,2021-07-17T15:37:00+00:00,fia_clock_lap_interval,referral-4844ad042f1b4c0d,candidate_pending_review,6.0,4.0,8.0,noted|investigation|post_session_investigation,"[""TURN 6 INCIDENT INVOLVING CARS 63 (RUS) AND 55 (SAI) NOTED"", ""TURN 6 INCIDENT INVOLVING CARS 63 (RUS) AND 55 (SAI) UNDER INVESTIGATION - CAUSING A COLLISION"", ""TURN 6 INCIDENT INVOLVING CARS 63 (RUS) AND 55 (SAI) - WILL BE INVESTIGATED AFTER THE SESSION""]",False,False,False,unknown,unknown,unknown,False,{},machine_extracted_pending_human_review,pending_human_review,,,
adjudication-seed-fia-2021-hun-06f5959922b8-01,adj-9cf492ef26deae16,incident-src-9cf492ef26deae16,fia-2021-hun-06f5959922b8,2021-hun,Race,causing_collision,77,4,Turn 1,,1,fia_incident_clock_single_lap_interval,1,1,1,2021-08-01T13:03:00+00:00,2021-08-01T13:04:00+00:00,fia_clock_lap_interval,,unmatched,,,,,,True,False,False,unknown,unknown,unknown,False,{},machine_extracted_pending_human_review,pending_human_review,,,
adjudication-seed-fia-2021-hun-62b291657006-01,adj-3bb833a815e06668,incident-src-3bb833a815e06668,fia-2021-hun-62b291657006,2021-hun,Race,causing_collision,18,16,Turn 1,,1,fia_incident_clock_single_lap_interval,1,1,1,2021-08-01T13:03:00+00:00,2021-08-01T13:04:00+00:00,fia_clock_lap_interval,,unmatched,,,,,,True,False,False,unknown,unknown,unknown,False,{},machine_extracted_pending_human_review,pending_human_review,,,
adjudication-seed-fia-2021-ita-4c12fa91b10c-01,adj-e4fd8aefb1774911,incident-src-e4fd8aefb1774911,fia-2021-ita-4c12fa91b10c,2021-ita,Race,causing_collision,31,5,Turn 4,,,unresolved,14,15,14|15,2021-09-12T13:24:00+00:00,2021-09-12T13:25:00+00:00,fia_clock_lap_interval,referral-55a712c657b70d16,high_confidence_algorithmic,15.0,16.0,20.0,noted|investigation|sanction_announced,"[""TURN 4 INCIDENT INVOLVING CARS 5 (VET) AND 31 (OCO) NOTED"", ""TURN 4 INCIDENT INVOLVING CARS 5 (VET) AND 31 (OCO) UNDER INVESTIGATION"", ""5 SECOND TIME PENALTY FOR CAR 31 (OCO) - CAUSING A COLLISION AT TURN 4""]",False,False,False,unknown,alongside,unknown,False,"{""overlap"": [""Car 5 pulled alongside to the right.""]}",machine_extracted_pending_human_review,pending_human_review,,,
adjudication-seed-fia-2021-ita-7d9dacc5104e-01,adj-f60d03c08c0d59ec,incident-src-f60d03c08c0d59ec,fia-2021-ita-7d9dacc5104e,2021-ita,Race,gaining_advantage_off_track,11,16,"Turns 5, 4",,,unresolved,31,32,31|32,2021-09-12T13:53:00+00:00,2021-09-12T13:54:00+00:00,fia_clock_lap_interval,referral-443698a964c2dcbe,candidate_pending_review,8.0,37.0,37.0,sanction_announced,"[""5 SECOND TIME PENALTY FOR CAR 11 (PER) - LEAVING THE TRACK AND GAINING AN ADVANTAGE AT TURN 5""]",False,False,False,unknown,unknown,unknown,False,{},machine_extracted_pending_human_review,pending_human_review,,,
adjudication-seed-fia-2021-ita-7df29923e8ce-01,adj-fca50105e4c6d3fe,incident-src-fca50105e4c6d3fe,fia-2021-ita-7df29923e8ce,2021-ita,Race,unsafe_rejoin,99,55,Turn 4,,1,fia_incident_clock_single_lap_interval,1,1,1,2021-09-12T13:03:00+00:00,2021-09-12T13:04:00+00:00,fia_clock_lap_interval,referral-18418205c7577815,ambiguous_pending_review,8.0,5.0,5.0,investigation,"[""TURN 5 INCIDENT INVOLVING CARS 99 (GIO) AND 55 (SAI) UNDER INVESTIGATION""]",True,False,False,unknown,unknown,apex,False,"{""corner_phase"": [""The driver locked his brakes entering Turn 4 and cut behind the apex of the corner.""]}",machine_extracted_pending_human_review,pending_human_review,,,
adjudication-seed-fia-2021-ita-92b2944f6398-01,adj-23f9ed84ba3379b7,incident-src-23f9ed84ba3379b7,fia-2021-ita-92b2944f6398,2021-ita,Race,causing_collision,9,47,Turn 4,,,unresolved,,,,2021-09-12T15:01:00+00:00,2021-09-12T15:02:00+00:00,fia_clock_unmatched_to_lap_interval,referral-e9405598e687c390,high_confidence_algorithmic,15.0,33.0,39.0,noted|sanction_announced,"[""TURN 4 INCIDENT INVOLVING CARS 47 (MSC) AND 9 (MAZ) NOTED"", ""5 SECOND TIME PENALTY FOR CAR 9 (MAZ) - CAUSING A COLLISION AT TURN 4""]",False,False,False,unknown,unknown,unknown,False,{},machine_extracted_pending_human_review,pending_human_review,,,
adjudication-seed-fia-2021-ita-d726c5d4355d-01,adj-1b5a174b1f09dff2,incident-src-1b5a174b1f09dff2,fia-2021-ita-d726c5d4355d,2021-ita,Race,causing_collision,33,44,"Turns 2, 1",,,unresolved,,,,2021-09-12T14:10:00+00:00,2021-09-12T14:11:00+00:00,fia_clock_unmatched_to_lap_interval,referral-904ab9a268567059,ambiguous_pending_review,8.0,5.0,5.0,no_investigation,"[""TURN 4 INCIDENT INVOLVING CARS 44 (HAM) AND 33 (VER) - NO INVESTIGATION NECESSARY""]",False,False,False,unknown,alongside,apex,False,"{""corner_phase"": [""During the hearing the driver of Car 33 asserted that the cause of the incident was the driver of Car 44 opening the steering after Turn 1 and “squeezing” him to the apex of turn 2.""], ""overlap"": [""Car 33 braked late and started to move alongside Car 44, although at no point in the sequence does Car 33 get any further forward than just behind the front wheel of Car 44."", ""But further, the Stewards observed that Car 33 was not at all alongside Car 44 until significantly into the entry into Turn 1.""]}",machine_extracted_pending_human_review,pending_human_review,,,
adjudication-seed-fia-2021-ita-c67ef61c2b22-01,adj-19a168f046f62aee,incident-src-19a168f046f62aee,fia-2021-ita-c67ef61c2b22,2021-ita,Sprint,gaining_advantage_off_track,11,18,"Turns 2, 1",,,unresolved,8,9,8|9,2021-09-11T14:47:00+00:00,2021-09-11T14:48:00+00:00,fia_clock_lap_interval,referral-bc97006d12687419,candidate_pending_review,9.0,10.0,17.0,noted|investigation|no_further_action,"[""TURN 1 INCIDENT INVOLVING CARS 11 (PER) AND 5 (VET) NOTED"", ""CORRECTION - TURN 1 INCIDENT INVOLVING CARS 11 (PER) AND 18 (STR) NOTED"", ""TURN 1 INCIDENT INVOLVING CARS 11 (PER) AND 18 (STR) UNDER INVESTIGATION"", ""TURN 1 INCIDENT INVOLVING CARS 11 (PER) AND 18 (STR) - NO FURTHER ACTION""]",False,False,False,unknown,unknown,unknown,False,{},machine_extracted_pending_human_review,pending_human_review,,,
adjudication-seed-fia-2021-rus-cc74bb905576-01,adj-a2fb74b22534188a,incident-src-a2fb74b22534188a,fia-2021-rus-cc74bb905576,2021-rus,Race,causing_collision,18,10,Turn 8,,48,fia_incident_clock_single_lap_interval,48,48,48,2021-09-26T13:25:00+00:00,2021-09-26T13:26:00+00:00,fia_clock_lap_interval,referral-fda2f5daee08c946,candidate_pending_review,8.0,51.0,53.0,noted|post_session_investigation,"[""TURN 9 INCIDENT INVOLVING CARS 18 (STR) AND 10 (GAS) NOTED"", ""TURN 9 INCIDENT INVOLVING CARS 18 (STR) AND 10 (GAS) - WILL BE INVESTIGATED AFTER THE RACE""]",False,False,False,unknown,unknown,unknown,False,{},machine_extracted_pending_human_review,pending_human_review,,,
adjudication-seed-fia-2021-sao-2a5ecda10fa1-01,adj-3036462c60f0a464,incident-src-3036462c60f0a464,fia-2021-sao-2a5ecda10fa1,2021-sao,Race,causing_collision,22,18,Turn 1,,,unresolved,3,4,3|4,2021-11-14T17:06:00+00:00,2021-11-14T17:07:00+00:00,fia_clock_lap_interval,referral-cdea3e9a077a3888,candidate_pending_review,10.0,10.0,10.0,investigation,"[""TURN 1 INCIDENT INVOLVING CARS 22 (TSU) AND 18 (STR) UNDER INVESTIGATION""]",False,False,False,inside,unknown,unknown,False,"{""attacker_line"": [""Car 22 was slipstreaming car 18 along the front straight and was considerably faster on the inside at turn 1.""]}",machine_extracted_pending_human_review,pending_human_review,,,
adjudication-seed-fia-2021-sau-0959688f5106-01,adj-02b95aa6fb08b86f,incident-src-02b95aa6fb08b86f,fia-2021-sau-0959688f5106,2021-sau,Race,causing_collision,33,44,"Turns 26, 21",,37,fia_incident_clock_single_lap_interval,37,37,37,2021-12-05T19:19:00+00:00,2021-12-05T19:20:00+00:00,fia_clock_lap_interval,referral-13b3580c6c66bbf1,ambiguous_pending_review,8.0,38.0,38.0,noted|investigation,"[""TURN 25 INCIDENT INVOLVING CARS 44 (HAM) AND 33 (VER) NOTED"", ""TURN 25 INCIDENT INVOLVING CARS 44 (HAM) AND 33 (VER) UNDER INVESTIGATION""]",False,False,False,unknown,unknown,unknown,False,{},machine_extracted_pending_human_review,pending_human_review,,,
adjudication-seed-fia-2021-sau-d305cebeff15-01,adj-f21c53526f851c56,incident-src-f21c53526f851c56,fia-2021-sau-d305cebeff15,2021-sau,Race,causing_collision,11,16,Turn 3,,15,fia_incident_clock_single_lap_interval,15,15,15,2021-12-05T18:19:00+00:00,2021-12-05T18:20:00+00:00,fia_clock_lap_interval,,unmatched,,,,,,False,False,False,unknown,unknown,unknown,False,{},machine_extracted_pending_human_review,pending_human_review,,,
adjudication-seed-fia-2021-sau-df60d44ca35e-01,adj-d7f3f0f646ff62ac,incident-src-d7f3f0f646ff62ac,fia-2021-sau-df60d44ca35e,2021-sau,Race,causing_collision,22,5,Turn 2,,,unresolved,22,23,22|23,2021-12-05T18:54:00+00:00,2021-12-05T18:55:00+00:00,fia_clock_lap_interval,referral-46569a2fef4fbfcf,high_confidence_algorithmic,15.0,25.0,26.0,noted|investigation|sanction_announced,"[""TURN 2 INCIDENT INVOLVING CARS 5 (VET) AND 22 (TSU) NOTED - CAUSING A COLLISION"", ""TURN 2 INCIDENT INVOLVING CARS 5 (VET) AND 22 (TSU) UNDER INVESTIGATION - CAUSING A COLLISION"", ""5 SECOND TIME PENALTY FOR CAR 22 (TSU) - CAUSING A COLLISION""]",False,False,False,unknown,unknown,unknown,False,{},machine_extracted_pending_human_review,pending_human_review,,,
adjudication-seed-fia-2021-sau-e76c180b19e5-01,adj-d4ae4911fc1c3cf8,incident-src-d4ae4911fc1c3cf8,fia-2021-sau-e76c180b19e5,2021-sau,Race,gaining_advantage_off_track,33,,Turn 1,,,unresolved,36,37,36|37,2021-12-05T19:18:00+00:00,2021-12-05T19:19:00+00:00,fia_clock_lap_interval,referral-9a4016f76a3bb05d,high_confidence_algorithmic,13.0,43.0,43.0,sanction_announced,"[""5 SECOND TIME PENALTY FOR CAR 33 (VER) - LEAVING THE TRACK AND GAINING AN ADVANTAGE""]",False,False,False,unknown,unknown,unknown,False,{},machine_extracted_pending_human_review,pending_human_review,,,
adjudication-seed-fia-2021-tur-8316f5ba45fb-01,adj-2c5dc6cc5a2cbef7,incident-src-2c5dc6cc5a2cbef7,fia-2021-tur-8316f5ba45fb,2021-tur,Race,causing_collision,14,47,Turn 4,2,2,model_reviewed_source_or_timing,1,2,1|2,2021-10-10T12:05:00+00:00,2021-10-10T12:06:00+00:00,fia_clock_lap_interval,referral-96e6a1e44b22f837,high_confidence_algorithmic,13.0,3.0,6.0,noted|investigation,"[""TURN 4 INCIDENT INVOLVING CAR 47 (MSC) NOTED "", ""TURN 4 INCIDENT INVOLVING CARS 14 (ALO) AND 47 (MSC) NOTED"", ""TURN 4 INCIDENT INVOLVING CARS 14 (ALO) AND 47 (MSC) UNDER INVESTIGATION - CAUSING A COLLISION""]",False,False,False,unknown,unknown,unknown,False,{},machine_extracted_pending_human_review,pending_human_review,,,
adjudication-seed-fia-2021-tur-93d16b7d94df-01,adj-b778b990971d2a47,incident-src-b778b990971d2a47,fia-2021-tur-93d16b7d94df,2021-tur,Race,causing_collision,10,14,Turn 1,1,1,model_reviewed_source_or_timing,1,1,1,2021-10-10T12:03:00+00:00,2021-10-10T12:04:00+00:00,fia_clock_lap_interval,referral-a7d53580889c5904,high_confidence_algorithmic,15.0,4.0,9.0,investigation|sanction_announced,"[""TURN 1 INCIDENT INVOLVING CARS 14 (ALO) AND 10 (GAS) UNDER INVESTIGATION - CAUSING A COLLISION"", ""5 SECOND TIME PENALTY FOR CAR 10 (GAS) - CAUSING A COLLISION"", ""5 SECOND TIME PENALTY FOR CAR 14 (ALO) - CAUSING A COLLISION""]",True,False,False,ambiguous_both_lines_mentioned,unknown,unknown,False,"{""attacker_line"": [""GAS tried to negotiate T1 with PER on the inside and car 14 (ALO) on the outside."", ""GAS tried to negotiate T1 with PER on the inside and car 14 (ALO) on the outside."", ""The Stewards determine that GAS was wholly at fault for the collision, as he did not leave enough space for ALO on the outside.""], ""first_lap"": [""The Stewards reviewed the video evidence and determined that GAS caused a collision with Car 14 (ALO) during Lap 1."", ""It should also be pointed out that the Stewards do not consider this incident as an unavoidable Lap 1 Turn 1 contact between two cars, as GAS was not sandwiched between two cars when he touched ALO’s car.""]}",machine_extracted_pending_human_review,pending_human_review,,,
adjudication-seed-fia-2022-abu-6afd5d82f378-01,adj-5c847c13b64952f6,incident-src-5c847c13b64952f6,fia-2022-abu-6afd5d82f378,2022-abu,Race,causing_collision,47,6,Turn 5,,38,fia_incident_clock_single_lap_interval,38,38,38,2022-11-20T14:01:00+00:00,2022-11-20T14:02:00+00:00,fia_clock_lap_interval,referral-92a69d6732b75346,high_confidence_algorithmic,15.0,39.0,41.0,noted|investigation|sanction_announced,"[""TURN 5 INCIDENT INVOLVING CARS 47 (MSC) AND 6 (LAT) NOTED - CAUSING A COLLISION"", ""FIA STEWARDS: TURN 5 INCIDENT INVOLVING CARS 47 (MSC) AND 6 (LAT) UNDER INVESTIGATION - CAUSING A COLLISION"", ""FIA STEWARDS: 5 SECOND TIME PENALTY FOR CAR 47 (MSC) - CAUSING A COLLISION""]",False,False,False,unknown,unknown,unknown,False,{},machine_extracted_pending_human_review,pending_human_review,,,
adjudication-seed-fia-2022-aus-49ed71794697-01,adj-e9708326fa11c315,incident-src-e9708326fa11c315,fia-2022-aus-49ed71794697,2022-aus,Race,multiple_defensive_moves,18,77,,,,unresolved,37,38,37|38,2022-04-10T06:02:00+00:00,2022-04-10T06:03:00+00:00,fia_clock_lap_interval,referral-4e25ae7b3e60216b,candidate_pending_review,8.0,43.0,43.0,noted,"[""TURN 3 INCIDENT INVOLVING CARS 18 (STR) AND 77 (BOT) NOTED - FORCING ANOTHER DRIVER OFF THE TRACK""]",False,False,False,unknown,unknown,unknown,False,{},machine_extracted_pending_human_review,pending_human_review,,,
adjudication-seed-fia-2022-aus-60118fcf81d1-01,adj-752796dd8601031a,incident-src-752796dd8601031a,fia-2022-aus-60118fcf81d1,2022-aus,Race,forcing_off_track,20,14,Turns 3-4,,,unresolved,51,52,51|52,2022-04-10T06:22:00+00:00,2022-04-10T06:23:00+00:00,fia_clock_lap_interval,referral-784e3ec049b343fe,candidate_pending_review,11.0,54.0,56.0,noted|post_session_investigation,"[""TURN 4 INCIDENT INVOLVING CARS 14 (ALO) AND 20 (MAG) NOTED - FORCING ANOTHER DRIVER OFF THE TRACK"", ""FIA STEWARDS: TURN 4 INCIDENT INVOLVING CARS 14 (ALO) AND 20 (MAG) WILL BE INVESTIGATED AFTER THE RACE - FORCING ANOTHER DRIVER OFF THE TRACK""]",False,False,False,unknown,alongside,unknown,False,"{""overlap"": [""The cars went through turn 4 essentially side by side but at the exit ALO was off the track.""]}",machine_extracted_pending_human_review,pending_human_review,,,
adjudication-seed-fia-2022-aut-0b612be0b626-01,adj-ea983bef6c710033,incident-src-ea983bef6c710033,fia-2022-aut-0b612be0b626,2022-aut,Race,causing_collision,10,5,Turn 4,,,unresolved,38,39,38|39,2022-07-10T13:49:00+00:00,2022-07-10T13:50:00+00:00,fia_clock_lap_interval,referral-9d27e9541cb8b209,high_confidence_algorithmic,15.0,42.0,42.0,noted|investigation|sanction_announced,"[""TURN 4 INCIDENT INVOLVING CARS 5 (VET) AND 10 (GAS) NOTED - CAUSING A COLLISION"", ""FIA STEWARDS: TURN 4 INCIDENT INVOLVING CARS 5 (VET) AND 10 (GAS) UNDER INVESTIGATION - CAUSING A COLLISION"", ""FIA STEWARDS: 5 SECOND TIME PENALTY FOR CAR 10 (GAS) - CAUSING A COLLISION""]",False,False,False,outside,alongside,apex,False,"{""attacker_line"": [""The Stewards reviewed the video evidence and determined that Car 5 was at least fully alongside throughout his attempt to pass on the outside of car 10 at turn 4 and gave car 10 sufficient room at the apex.""], ""corner_phase"": [""The Stewards reviewed the video evidence and determined that Car 5 was at least fully alongside throughout his attempt to pass on the outside of car 10 at turn 4 and gave car 10 sufficient room at the apex.""], ""overlap"": [""The Stewards reviewed the video evidence and determined that Car 5 was at least fully alongside throughout his attempt to pass on the outside of car 10 at turn 4 and gave car 10 sufficient room at the apex.""]}",machine_extracted_pending_human_review,pending_human_review,,,
adjudication-seed-fia-2022-aut-116bb7866055-01,adj-4336ab73c4471912,incident-src-4336ab73c4471912,fia-2022-aut-116bb7866055,2022-aut,Race,causing_collision,63,11,Turn 4,,1,fia_incident_clock_single_lap_interval,1,1,1,2022-07-10T13:03:00+00:00,2022-07-10T13:04:00+00:00,fia_clock_lap_interval,referral-e53b9398877a9d1c,high_confidence_algorithmic,15.0,3.0,10.0,noted|sanction_announced,"[""TURN 4 INCIDENT INVOLVING CARS 63 (RUS) AND 11 (PER) NOTED - CAUSING A COLLISION"", ""FIA STEWARDS: 5 SECOND TIME PENALTY FOR CAR 63 (RUS) - CAUSING A COLLISION""]",True,False,False,outside,alongside,apex,False,"{""attacker_line"": [""Car 11 was passing on the outside at turn 4, was at least fully alongside at the entry of the turn and all the way through the manoeuvre, including at the apex of the corner and left sufficient room for car 63, which ultimately struck car 11.""], ""corner_phase"": [""Car 11 was passing on the outside at turn 4, was at least fully alongside at the entry of the turn and all the way through the manoeuvre, including at the apex of the corner and left sufficient room for car 63, which ultimately struck car 11.""], ""first_lap"": [""This was not considered as a “first lap incident” as this was a battle between the two cars and was not affected by the pack of cars as can happen during the first lap.""], ""overlap"": [""Car 11 was passing on the outside at turn 4, was at least fully alongside at the entry of the turn and all the way through the manoeuvre, including at the apex of the corner and left sufficient room for car 63, which ultimately struck car 11.""]}",machine_extracted_pending_human_review,pending_human_review,,,
adjudication-seed-fia-2022-aut-ab1a77f87104-01,adj-543da3861599debe,incident-src-543da3861599debe,fia-2022-aut-ab1a77f87104,2022-aut,Sprint,forcing_off_track,23,,"Turns 3, 2",,,unresolved,4,5,4|5,2022-07-09T14:40:00+00:00,2022-07-09T14:41:00+00:00,fia_clock_lap_interval,referral-145a6163424804e2,candidate_pending_review,12.0,5.0,8.0,noted|sanction_announced,"[""TURN 3 INCIDENT INVOLVING CARS 23 (ALB) AND 4 (NOR) NOTED - FORCING ANOTHER DRIVER OFF THE TRACK"", ""FIA STEWARDS: 5 SECOND TIME PENALTY FOR CAR 23 (ALB) - FORCING ANOTHER DRIVER OFF THE TRACK""]",False,False,False,outside,alongside,unknown,False,"{""attacker_line"": [""Norris was overtaking on the outside at Turn 3 and was at least fully alongside Albon throughout the manoeuvre.""], ""overlap"": [""Norris was overtaking on the outside at Turn 3 and was at least fully alongside Albon throughout the manoeuvre.""]}",machine_extracted_pending_human_review,pending_human_review,,,
adjudication-seed-fia-2022-bel-dac27d1c3f36-01,adj-6f98ef40918eece1,incident-src-6f98ef40918eece1,fia-2022-bel-dac27d1c3f36,2022-bel,Race,causing_collision,44,14,Turn 5,,1,fia_incident_clock_single_lap_interval,1,1,1,2022-08-28T13:04:00+00:00,2022-08-28T13:05:00+00:00,fia_clock_lap_interval,referral-06f7cbef42a85f11,high_confidence_algorithmic,15.0,2.0,7.0,noted|investigation|no_further_action,"[""TURN 5 INCIDENT INVOLVING CARS 14 (ALO) AND 44 (HAM) NOTED - CAUSING A COLLISION"", ""FIA STEWARDS: TURN 5 INCIDENT INVOLVING CARS 14 (ALO) AND 44 (HAM) UNDER INVESTIGATION - CAUSING A COLLISION"", ""FIA STEWARDS: TURN 5 INCIDENT INVOLVING CARS 14 (ALO) AND 44 (HAM) NO FURTHER ACTION - CAUSING A COLLISION""]",True,False,False,inside,unknown,apex,False,"{""attacker_line"": [""The Stewards reviewed the video evidence and determined that Alonso was on the inside at turn 5.""], ""corner_phase"": [""Hamilton turned into towards the apex of the corner with Alonso still along side and the collision occurred.""], ""first_lap"": [""The Stewards considered that this was a first lap incident with a lot of movement relative to other cars in the first few corners, and thus take no further action.""]}",machine_extracted_pending_human_review,pending_human_review,,,
adjudication-seed-fia-2022-bhr-139703df6539-01,adj-f0d0f579c2d29f95,incident-src-f0d0f579c2d29f95,fia-2022-bhr-139703df6539,2022-bhr,Race,causing_collision,31,47,Turn 6,1,1,model_reviewed_source_or_timing,1,1,1,2022-03-20T15:04:00+00:00,2022-03-20T15:05:00+00:00,fia_clock_lap_interval,referral-3f7afa7fa15b623b,high_confidence_algorithmic,15.0,2.0,6.0,noted|investigation|sanction_announced,"[""TURN 6 INCIDENT INVOLVING CARS 31 (OCO) AND 47 (MSC) NOTED - CAUSING A COLLISION"", ""FIA STEWARDS: TURN 6 INCIDENT INVOLVING CARS 31 (OCO) AND 47 (MSC) UNDER INVESTIGATION - CAUSING A COLLISION"", ""FIA STEWARDS: 5 SECOND TIME PENALTY FOR CAR 31 (OCO) - CAUSING A COLLISION""]",True,False,False,unknown,unknown,unknown,False,"{""first_lap"": [""The Stewards reviewed the video evidence and determined that OCO attempted to overtake MSC during lap 1 to the inside approaching turn 6.""]}",machine_extracted_pending_human_review,pending_human_review,,,
adjudication-seed-fia-2022-bhr-3f720bfded90-01,adj-005169f6535a0e91,incident-src-005169f6535a0e91,fia-2022-bhr-3f720bfded90,2022-bhr,Race,forcing_off_track,18,,"Turns 4, 6",,,unresolved,1,2,1|2,2022-03-20T15:05:00+00:00,2022-03-20T15:06:00+00:00,fia_clock_lap_interval,referral-42da70ada1b217e6,candidate_pending_review,10.0,3.0,3.0,noted,"[""TURN 4 INCIDENT INVOLVING CARS 18 (STR) AND 4 (NOR) NOTED - FORCING ANOTHER DRIVER OFF THE TRACK""]",False,False,False,unknown,alongside,apex,False,"{""corner_phase"": [""STR was fully alongside, with the nose slightly ahead of the apex, and the driver remained in control of the car.""], ""overlap"": [""STR was fully alongside, with the nose slightly ahead of the apex, and the driver remained in control of the car.""]}",machine_extracted_pending_human_review,pending_human_review,,,
adjudication-seed-fia-2022-can-cf2e6248bf5e-01,adj-ce81011ac9b394b9,incident-src-ce81011ac9b394b9,fia-2022-can-cf2e6248bf5e,2022-can,Race,multiple_defensive_moves,14,77,Turn 10,,70,fia_incident_clock_single_lap_interval,70,70,70,2022-06-19T19:39:00+00:00,2022-06-19T19:40:00+00:00,fia_clock_lap_interval,,unmatched,,,,,,False,False,False,unknown,alongside,unknown,False,"{""overlap"": [""Whilst noting the driver’s point that at no stage was any point of car 77 alongside car 14, the Stewards consider this to be a clear breach of the above regulation.""]}",machine_extracted_pending_human_review,pending_human_review,,,
adjudication-seed-fia-2022-esp-9eba7bd2599a-01,adj-b1443a946b9a7bc7,incident-src-b1443a946b9a7bc7,fia-2022-esp-9eba7bd2599a,2022-esp,Race,causing_collision,10,18,Turn 1,,27,fia_incident_clock_single_lap_interval,27,27,27,2022-05-22T13:43:00+00:00,2022-05-22T13:44:00+00:00,fia_clock_lap_interval,referral-48f6a987a8ba4306,high_confidence_algorithmic,15.0,28.0,29.0,noted|sanction_announced,"[""TURN 1 INCIDENT INVOLVING CARS 10 (GAS) AND 18 (STR) NOTED - CAUSING A COLLISION"", ""FIA STEWARDS: 5 SECOND TIME PENALTY FOR CAR 10 (GAS) - CAUSING A COLLISION""]",False,False,False,outside,alongside,apex,False,"{""attacker_line"": [""Stroll was fully alongside on the outside of Gasly from turn-in to the apex, and gave Gasly sufficient room.""], ""corner_phase"": [""Stroll was fully alongside on the outside of Gasly from turn-in to the apex, and gave Gasly sufficient room.""], ""overlap"": [""Stroll was fully alongside on the outside of Gasly from turn-in to the apex, and gave Gasly sufficient room.""]}",machine_extracted_pending_human_review,pending_human_review,,,
adjudication-seed-fia-2022-fra-21ed142c13a0-01,adj-7d3d410e6a4ba360,incident-src-7d3d410e6a4ba360,fia-2022-fra-21ed142c13a0,2022-fra,Race,causing_collision,24,47,Turn 11,,,unresolved,,,,,,clock_or_timing_unavailable,referral-be7b03c7781d735e,high_confidence_algorithmic,15.0,24.0,26.0,noted|investigation|sanction_announced,"[""TURN 11 INCIDENT INVOLVING CARS 47 (MSC) AND 24 (ZHO) NOTED - CAUSING A COLLISION"", ""FIA STEWARDS: TURN 11 INCIDENT INVOLVING CARS 47 (MSC) AND 24 (ZHO) UNDER INVESTIGATION - CAUSING A COLLISION"", ""FIA STEWARDS: 5 SECOND TIME PENALTY FOR CAR 24 (ZHO) - CAUSING A COLLISION""]",False,False,False,outside,unknown,apex,True,"{""attacker_line"": [""At the apex of T11 ZHO lost control of the rear of the car when MSC was on the outside and made contact with MSC, causing MSC to spin.""], ""control_error"": [""At the apex of T11 ZHO lost control of the rear of the car when MSC was on the outside and made contact with MSC, causing MSC to spin.""], ""corner_phase"": [""At the apex of T11 ZHO lost control of the rear of the car when MSC was on the outside and made contact with MSC, causing MSC to spin.""]}",machine_extracted_pending_human_review,pending_human_review,,,
adjudication-seed-fia-2022-fra-5b00af9baee5-01,adj-895a772a98e8bd31,incident-src-895a772a98e8bd31,fia-2022-fra-5b00af9baee5,2022-fra,Race,causing_collision,31,22,Turn 8,,,unresolved,,,,,,clock_or_timing_unavailable,referral-835ba4919b26bf62,high_confidence_algorithmic,15.0,2.0,4.0,noted|investigation|sanction_announced,"[""TURN 8 INCIDENT INVOLVING CARS 22 (TSU) AND 31 (OCO) NOTED - CAUSING A COLLISION"", ""FIA STEWARDS: TURN 8 INCIDENT INVOLVING CARS 22 (TSU) AND 31 (OCO) UNDER INVESTIGATION - CAUSING A COLLISION"", ""FIA STEWARDS: 5 SECOND TIME PENALTY FOR CAR 31 (OCO) - CAUSING A COLLISION""]",False,False,False,unknown,unknown,unknown,True,"{""control_error"": [""He lost control of the rear of the car and collided with TSU, who had left enough space for an overtaking manoeuvre by OCO.""]}",machine_extracted_pending_human_review,pending_human_review,,,
adjudication-seed-fia-2022-fra-832a818ac903-01,adj-91bd2176be4c7ceb,incident-group-57d76c19243d2b20,fia-2022-fra-832a818ac903,2022-fra,Race,causing_collision,6,20,Turn 2,,,unresolved,,,,,,clock_or_timing_unavailable,referral-77de8f515baa8b7e,candidate_pending_review,12.0,39.0,42.0,noted|investigation|post_session_investigation,"[""TURN 2 INCIDENT INVOLVING CARS 6 (LAT) AND 47 (MSC) NOTED - CAUSING A COLLISION"", ""CORRECTION: TURN 2 INCIDENT INVOLVING CARS 6 (LAT) AND 20 (MAG) NOTED - CAUSING A COLLISION"", ""FIA STEWARDS: TURN 2 INCIDENT INVOLVING CARS 6 (LAT) AND 20 (MAG) UNDER INVESTIGATION - CAUSING A COLLISION"", ""FIA STEWARDS: TURN 2 INCIDENT INVOLVING CARS 6 (LAT) AND 20 (MAG) WILL BE INVESTIGATED AFTER THE RACE - CAUSING A COLLISION""]",False,False,False,ambiguous_both_lines_mentioned,unknown,apex,False,"{""attacker_line"": [""LAT overtook MAG on the inside of turn 1 and was slightly ahead of MAG at the apex of turn 2 on the outside."", ""LAT could have left more room for MAG on the inside of turn 2 but MAG must have known that LAT was on the outside and could have taken a tighter line through turn 2 or yielded to LAT."", ""LAT overtook MAG on the inside of turn 1 and was slightly ahead of MAG at the apex of turn 2 on the outside."", ""LAT could have left more room for MAG on the inside of turn 2 but MAG must have known that LAT was on the outside and could have taken a tighter line through turn 2 or yielded to LAT.""], ""corner_phase"": [""LAT overtook MAG on the inside of turn 1 and was slightly ahead of MAG at the apex of turn 2 on the outside."", ""Contact occurred between MAG and LAT just after the apex of turn 2.""]}",machine_extracted_pending_human_review,pending_human_review,,,
adjudication-seed-fia-2022-fra-f29d68ccd9b0-01,adj-285944dc1f5d725d,incident-group-57d76c19243d2b20,fia-2022-fra-f29d68ccd9b0,2022-fra,Race,causing_collision,20,6,Turn 2,,,unresolved,,,,,,clock_or_timing_unavailable,referral-77de8f515baa8b7e,candidate_pending_review,12.0,39.0,42.0,noted|investigation|post_session_investigation,"[""TURN 2 INCIDENT INVOLVING CARS 6 (LAT) AND 47 (MSC) NOTED - CAUSING A COLLISION"", ""CORRECTION: TURN 2 INCIDENT INVOLVING CARS 6 (LAT) AND 20 (MAG) NOTED - CAUSING A COLLISION"", ""FIA STEWARDS: TURN 2 INCIDENT INVOLVING CARS 6 (LAT) AND 20 (MAG) UNDER INVESTIGATION - CAUSING A COLLISION"", ""FIA STEWARDS: TURN 2 INCIDENT INVOLVING CARS 6 (LAT) AND 20 (MAG) WILL BE INVESTIGATED AFTER THE RACE - CAUSING A COLLISION""]",False,False,False,ambiguous_both_lines_mentioned,unknown,apex,False,"{""attacker_line"": [""LAT overtook MAG on the inside of turn 1 and was slightly ahead of MAG at the apex of turn 2 on the outside."", ""LAT could have left more room for MAG on the inside of turn 2 but MAG must have known that LAT was on the outside and could have taken a tighter line through turn 2 or yielded to LAT."", ""LAT overtook MAG on the inside of turn 1 and was slightly ahead of MAG at the apex of turn 2 on the outside."", ""LAT could have left more room for MAG on the inside of turn 2 but MAG must have known that LAT was on the outside and could have taken a tighter line through turn 2 or yielded to LAT.""], ""corner_phase"": [""LAT overtook MAG on the inside of turn 1 and was slightly ahead of MAG at the apex of turn 2 on the outside."", ""Contact occurred between MAG and LAT just after the apex of turn 2.""]}",machine_extracted_pending_human_review,pending_human_review,,,
adjudication-seed-fia-2022-gbr-81e6a9badf51-01,adj-2f0e84f6cc910eed,incident-src-2f0e84f6cc910eed,fia-2022-gbr-81e6a9badf51,2022-gbr,Race,causing_collision,22,10,Turn 3,,11,fia_incident_clock_single_lap_interval,11,11,11,2022-07-03T15:13:00+00:00,2022-07-03T15:14:00+00:00,fia_clock_lap_interval,referral-36e92eadd8444450,high_confidence_algorithmic,15.0,12.0,15.0,noted|sanction_announced,"[""TURN 3 INCIDENT INVOLVING CARS 22 (TSU) AND 10 (GAS) NOTED - CAUSING A COLLISION"", ""FIA STEWARDS: 5 SECOND TIME PENALTY FOR CAR 22 (TSU) - CAUSING A COLLISION""]",False,False,False,unknown,unknown,unknown,True,"{""control_error"": [""The Stewards reviewed the video evidence and determined that Car 22 lost control and spun while going around turn 3 resulting in a collision with Car 10.""]}",machine_extracted_pending_human_review,pending_human_review,,,
adjudication-seed-fia-2022-hun-12e2b5910b5d-01,adj-c2798a8076b05840,incident-src-c2798a8076b05840,fia-2022-hun-12e2b5910b5d,2022-hun,Race,gaining_advantage_off_track,24,,"Turns 14, 13",,69,fia_incident_clock_single_lap_interval,69,69,69,2022-07-31T14:43:00+00:00,2022-07-31T14:44:00+00:00,fia_clock_lap_interval,referral-ef17bab76a218441,candidate_pending_review,10.0,70.0,70.0,noted|post_session_investigation,"[""TURN 13 INCIDENT INVOLVING CARS 24 (ZHO) AND 47 (MSC) NOTED - LEAVING THE TRACK AND GAINING AN ADVANTAGE"", ""FIA STEWARDS: TURN 13 INCIDENT INVOLVING CARS 24 (ZHO) AND 47 (MSC) WILL BE INVESTIGATED AFTER THE RACE - LEAVING THE TRACK AND GAINING AN ADVANTAGE""]",False,False,False,ambiguous_both_lines_mentioned,alongside,apex,False,"{""attacker_line"": [""MSC took a line through turn 14 on the dirty side of the track which left ZHO room to overtake MSC on the inside and ZHO legitimately took that opportunity."", ""At turn 13 ZHO attempted an overtake of MSC on the outside."", ""MSC opened his steering leaving no room for ZHO on the outside as a result of which ZHO left the track to avoid a collision.""], ""corner_phase"": [""While a significant portion of this car was alongside MSC, he was slightly behind at the apex.""], ""overlap"": [""While a significant portion of this car was alongside MSC, he was slightly behind at the apex.""]}",machine_extracted_pending_human_review,pending_human_review,,,
adjudication-seed-fia-2022-hun-3dec8ba58233-01,adj-4a51b4c5ae3b893d,incident-src-4a51b4c5ae3b893d,fia-2022-hun-3dec8ba58233,2022-hun,Race,causing_collision,3,18,Turn 2,,47,fia_incident_clock_single_lap_interval,47,47,47,2022-07-31T14:10:00+00:00,2022-07-31T14:11:00+00:00,fia_clock_lap_interval,referral-b56ea8038f408086,high_confidence_algorithmic,15.0,48.0,50.0,noted|investigation|sanction_announced,"[""TURN 2 INCIDENT INVOLVING CARS 18 (STR) AND 3 (RIC) NOTED - CAUSING A COLLISION"", ""FIA STEWARDS: TURN 2 INCIDENT INVOLVING CARS 18 (STR) AND 3 (RIC) UNDER INVESTIGATION - CAUSING A COLLISION"", ""FIA STEWARDS: 5 SECOND TIME PENALTY FOR CAR 3 (RIC) - CAUSING A COLLISION""]",False,False,False,outside,unknown,unknown,False,"{""attacker_line"": [""STR was overtaking RIC on the outside of turn 2.""]}",machine_extracted_pending_human_review,pending_human_review,,,
adjudication-seed-fia-2022-ita-cd52e475af6e-01,adj-fddccc34ecc40f6c,incident-src-fddccc34ecc40f6c,fia-2022-ita-cd52e475af6e,2022-ita,Race,gaining_advantage_off_track,20,6,Turn 1,,1,race_control_explicit_lap_candidate_link,1,1,1,2022-09-11T13:03:00+00:00,2022-09-11T13:04:00+00:00,fia_clock_lap_interval,referral-ce638ec236da1e4c,candidate_pending_review,10.0,11.0,17.0,noted|investigation|sanction_announced,"[""LAP 1 TURN 1 INCIDENT INVOLVING CAR 20 (MAG) NOTED - LEAVING THE TRACK AND GAINING AN ADVANTAGE"", ""FIA STEWARDS: LAP 1 TURN 1 INCIDENT INVOLVING CAR 20 (MAG) UNDER INVESTIGATION - LEAVING THE TRACK AND GAINING AN ADVANTAGE"", ""FIA STEWARDS: 5 SECOND TIME PENALTY FOR CAR 20 (MAG) - LEAVING THE TRACK AND GAINING AN ADVANTAGE""]",True,False,False,unknown,unknown,unknown,False,{},machine_extracted_pending_human_review,pending_human_review,,,
adjudication-seed-fia-2022-jpn-786e23bdcd54-01,adj-b8d4324786805037,incident-src-b8d4324786805037,fia-2022-jpn-786e23bdcd54,2022-jpn,Race,gaining_advantage_off_track,16,,,,28,fia_incident_clock_single_lap_interval,28,28,28,2022-10-09T08:05:00+00:00,2022-10-09T08:06:00+00:00,fia_clock_lap_interval,referral-bbf93312f89e7e83,candidate_pending_review,12.0,29.0,29.0,noted|investigation|sanction_announced,"[""TURN 16 INCIDENT INVOLVING CARS 16 (LEC) AND 11 (PER) NOTED - LEAVING THE TRACK AND GAINING AN ADVANTAGE"", ""FIA STEWARDS: TURN 16 INCIDENT INVOLVING CARS 16 (LEC) AND 11 (PER) UNDER INVESTIGATION - LEAVING THE TRACK AND GAINING AN ADVANTAGE"", ""FIA STEWARDS: 5 SECOND TIME PENALTY FOR CAR 16 (LEC) - LEAVING THE TRACK AND GAINING AN ADVANTAGE""]",False,False,False,unknown,unknown,unknown,False,{},machine_extracted_pending_human_review,pending_human_review,,,
adjudication-seed-fia-2022-mco-97b07e9513b1-01,adj-c7417e575dc4ccd4,incident-src-c7417e575dc4ccd4,fia-2022-mco-97b07e9513b1,2022-mco,Race,causing_collision,31,44,Turn 1,,,unresolved,17,18,17|18,2022-05-29T14:34:00+00:00,2022-05-29T14:35:00+00:00,fia_clock_lap_interval,referral-49355d675874c5de,high_confidence_algorithmic,13.0,21.0,21.0,noted,"[""TURN 1 INCIDENT INVOLVING CARS 44 (HAM) AND 31 (OCO) NOTED - CAUSING A COLLISION""]",False,False,False,unknown,alongside,unknown,False,"{""overlap"": [""The Stewards reviewed the video evidence and noted that on approach to Turn 1 there was a significant portion of Car 44 alongside Car 31 and therefore applying the 2022 Driving Standards Guidelines, Car 44 was entitled to racing room in Turn 1.""]}",machine_extracted_pending_human_review,pending_human_review,,,
adjudication-seed-fia-2022-mco-a85320aa2719-01,adj-a3cd03fc1f19e87d,incident-src-a3cd03fc1f19e87d,fia-2022-mco-a85320aa2719,2022-mco,Race,gaining_advantage_off_track,23,47|24,Turn 10,,22,fia_incident_clock_single_lap_interval,22,22,22,2022-05-29T14:43:00+00:00,2022-05-29T14:44:00+00:00,fia_clock_lap_interval,referral-ac3383f5ab1369b9,high_confidence_algorithmic,13.0,17.0,25.0,noted|sanction_announced,"[""TURN 10 INCIDENT INVOLVING CARS 23 (ALB) AND 47 (MSC) NOTED - LEAVING THE TRACK AND GAINING AN ADVANTAGE"", ""FIA STEWARDS: 5 SECOND TIME PENALTY FOR CAR 23 (ALB) - LEAVING THE TRACK AND GAINING AN ADVANTAGE""]",False,False,False,unknown,unknown,unknown,False,{},machine_extracted_pending_human_review,pending_human_review,,,
adjudication-seed-fia-2022-mex-0c20b3af2f45-01,adj-e25cec29abffafb1,incident-src-e25cec29abffafb1,fia-2022-mex-0c20b3af2f45,2022-mex,Race,gaining_advantage_off_track,10,,Turn 4,,,unresolved,12,13,12|13,2022-10-30T20:20:00+00:00,2022-10-30T20:21:00+00:00,fia_clock_lap_interval,referral-6984f28e6f4d5390,candidate_pending_review,11.0,14.0,17.0,noted|investigation|sanction_announced,"[""TURN 4 INCIDENT INVOLVING CARS 10 (GAS) AND 18 (STR) NOTED - FORCING ANOTHER DRIVER OFF THE TRACK"", ""FIA STEWARDS: TURN 4 INCIDENT INVOLVING CARS 10 (GAS) AND 18 (STR) UNDER INVESTIGATION - FORCING ANOTHER DRIVER OFF THE TRACK"", ""FIA STEWARDS: 5 SECOND TIME PENALTY FOR CAR 10 (GAS) - FORCING ANOTHER DRIVER OFF THE TRACK""]",False,False,False,unknown,unknown,unknown,False,{},machine_extracted_pending_human_review,pending_human_review,,,
adjudication-seed-fia-2022-mex-9975b4f5dd0e-01,adj-2642da4344825f6e,incident-src-2642da4344825f6e,fia-2022-mex-9975b4f5dd0e,2022-mex,Race,causing_collision,3,,,,50,fia_incident_clock_single_lap_interval,50,50,50,2022-10-30T21:13:00+00:00,2022-10-30T21:14:00+00:00,fia_clock_lap_interval,referral-356c0381e1def57c,candidate_pending_review,12.0,52.0,54.0,noted|investigation|sanction_announced,"[""TURN 5 INCIDENT INVOLVING CARS 3 (RIC) AND 22 (TSU) NOTED - CAUSING A COLLISION"", ""FIA STEWARDS: TURN 6 INCIDENT INVOLVING CARS 3 (RIC) AND 22 (TSU) UNDER INVESTIGATION - CAUSING A COLLISION"", ""FIA STEWARDS: 10 SECOND TIME PENALTY FOR CAR 3 (RIC) - CAUSING A COLLISION""]",False,False,False,unknown,unknown,unknown,False,{},machine_extracted_pending_human_review,pending_human_review,,,
adjudication-seed-fia-2022-mia-200cbc833915-01,adj-28c62e2652e40363,incident-src-28c62e2652e40363,fia-2022-mia-200cbc833915,2022-mia,Race,causing_collision,20,18,Turn 2,,47,fia_incident_clock_single_lap_interval,47,47,47,2022-05-08T20:51:00+00:00,2022-05-08T20:52:00+00:00,fia_clock_lap_interval,referral-ab5ecffd4b1f535b,high_confidence_algorithmic,13.0,47.0,57.0,noted|investigation|no_further_action|sanction_announced,"[""TURN 2 INCIDENT INVOLVING CARS 20 (MAG) AND 18 (STR) NOTED - CAUSING A COLLISION"", ""FIA STEWARDS: TURN 2 INCIDENT INVOLVING CARS 20 (MAG) AND 18 (STR) UNDER INVESTIGATION - CAUSING A COLLISION"", ""FIA STEWARDS: TURN 2 INCIDENT INVOLVING CARS 20 (MAG) AND 18 (STR) NO FURTHER ACTION - CAUSING A COLLISION"", ""TURN 11 INCIDENT INVOLVING CARS 20 (MAG) AND 18 (STR) NOTED - CAUSING A COLLISION"", ""FIA STEWARDS: TURN 11 INCIDENT INVOLVING CARS 20 (MAG) AND 18 (STR) UNDER INVESTIGATION - CAUSING A COLLISION"", ""FIA STEWARDS: 5 SECOND TIME PENALTY FOR CAR 20 (MAG) - CAUSING A COLLISION""]",False,False,False,unknown,unknown,unknown,False,{},machine_extracted_pending_human_review,pending_human_review,,,
adjudication-seed-fia-2022-mia-2f9a772ddfb1-01,adj-d7bbf8b8f5834a44,incident-src-d7bbf8b8f5834a44,fia-2022-mia-2f9a772ddfb1,2022-mia,Race,causing_collision,18,20,Turn 2,,47,fia_incident_clock_single_lap_interval,47,47,47,2022-05-08T20:51:00+00:00,2022-05-08T20:52:00+00:00,fia_clock_lap_interval,referral-ab5ecffd4b1f535b,high_confidence_algorithmic,13.0,47.0,57.0,noted|investigation|no_further_action|sanction_announced,"[""TURN 2 INCIDENT INVOLVING CARS 20 (MAG) AND 18 (STR) NOTED - CAUSING A COLLISION"", ""FIA STEWARDS: TURN 2 INCIDENT INVOLVING CARS 20 (MAG) AND 18 (STR) UNDER INVESTIGATION - CAUSING A COLLISION"", ""FIA STEWARDS: TURN 2 INCIDENT INVOLVING CARS 20 (MAG) AND 18 (STR) NO FURTHER ACTION - CAUSING A COLLISION"", ""TURN 11 INCIDENT INVOLVING CARS 20 (MAG) AND 18 (STR) NOTED - CAUSING A COLLISION"", ""FIA STEWARDS: TURN 11 INCIDENT INVOLVING CARS 20 (MAG) AND 18 (STR) UNDER INVESTIGATION - CAUSING A COLLISION"", ""FIA STEWARDS: 5 SECOND TIME PENALTY FOR CAR 20 (MAG) - CAUSING A COLLISION""]",False,False,False,unknown,unknown,unknown,False,{},machine_extracted_pending_human_review,pending_human_review,,,
adjudication-seed-fia-2022-mia-36df1eeb5c9c-01,adj-ec1cbeb429741336,incident-src-ec1cbeb429741336,fia-2022-mia-36df1eeb5c9c,2022-mia,Race,causing_collision,20,18,Turn 11,,,unresolved,55,56,55|56,2022-05-08T21:05:00+00:00,2022-05-08T21:06:00+00:00,fia_clock_lap_interval,referral-ab5ecffd4b1f535b,high_confidence_algorithmic,13.0,47.0,57.0,noted|investigation|no_further_action|sanction_announced,"[""TURN 2 INCIDENT INVOLVING CARS 20 (MAG) AND 18 (STR) NOTED - CAUSING A COLLISION"", ""FIA STEWARDS: TURN 2 INCIDENT INVOLVING CARS 20 (MAG) AND 18 (STR) UNDER INVESTIGATION - CAUSING A COLLISION"", ""FIA STEWARDS: TURN 2 INCIDENT INVOLVING CARS 20 (MAG) AND 18 (STR) NO FURTHER ACTION - CAUSING A COLLISION"", ""TURN 11 INCIDENT INVOLVING CARS 20 (MAG) AND 18 (STR) NOTED - CAUSING A COLLISION"", ""FIA STEWARDS: TURN 11 INCIDENT INVOLVING CARS 20 (MAG) AND 18 (STR) UNDER INVESTIGATION - CAUSING A COLLISION"", ""FIA STEWARDS: 5 SECOND TIME PENALTY FOR CAR 20 (MAG) - CAUSING A COLLISION""]",False,False,False,unknown,unknown,unknown,False,{},machine_extracted_pending_human_review,pending_human_review,,,
adjudication-seed-fia-2022-mia-3a5e6c955052-01,adj-c2b66e044c2c2a46,incident-src-c2b66e044c2c2a46,fia-2022-mia-3a5e6c955052,2022-mia,Race,gaining_advantage_off_track,3,20,Turn 12,,,unresolved,48,49,48|49,2022-05-08T20:54:00+00:00,2022-05-08T20:55:00+00:00,fia_clock_lap_interval,referral-0a5650501778b6fc,candidate_pending_review,12.0,56.0,57.0,noted|investigation,"[""TURN 12 INCIDENT INVOLVING CARS 20 (MAG) AND 3 (RIC) NOTED - LEAVING THE TRACK AND GAINING AN ADVANTAGE"", ""FIA STEWARDS: TURN 12 INCIDENT INVOLVING CARS 20 (MAG) AND 3 (RIC) UNDER INVESTIGATION - LEAVING THE TRACK AND GAINING AN ADVANTAGE"", ""CORRECTION FIA STEWARDS: TURN 12 INCIDENT INVOLVING CARS 47 (MSC) AND 3 (RIC) UNDER INVESTIGATION - LEAVING THE TRACK AND GAINING AN""]",False,False,False,unknown,alongside,unknown,False,"{""overlap"": [""The Stewards reviewed the video evidence and determined that although Car 3 was in front of Car 20 going into turn 12, it was only able to retain that position by leaving the track and returning to it alongside Car 20 then used its speed to pull ahead.""]}",machine_extracted_pending_human_review,pending_human_review,,,
adjudication-seed-fia-2022-mia-3ef5fd2c5510-01,adj-a738d13a55b1a41c,incident-src-a738d13a55b1a41c,fia-2022-mia-3ef5fd2c5510,2022-mia,Race,gaining_advantage_off_track,14,,Turn 14,,,unresolved,53,54,53|54,2022-05-08T21:01:00+00:00,2022-05-08T21:02:00+00:00,fia_clock_lap_interval,referral-f85a8a54cda6b386,high_confidence_algorithmic,13.0,57.0,57.0,noted|investigation,"[""TURN 14 INCIDENT INVOLVING CAR 14 (ALO) NOTED - LEAVING THE TRACK AND GAINING AN ADVANTAGE"", ""TURN 15 INCIDENT INVOLVING CAR 14 (ALO) NOTED - LEAVING THE TRACK AND GAINING AN ADVANTAGE"", ""FIA STEWARDS: TURN 15 INCIDENT INVOLVING CAR 14 (ALO) UNDER INVESTIGATION - LEAVING THE TRACK AND GAINING AN ADVANTAGE""]",False,False,False,unknown,unknown,unknown,False,{},machine_extracted_pending_human_review,pending_human_review,,,
adjudication-seed-fia-2022-mia-4865bb704728-01,adj-03184f34ac76878c,incident-src-03184f34ac76878c,fia-2022-mia-4865bb704728,2022-mia,Race,causing_collision,14,10,Turn 1,,,unresolved,38,39,38|39,2022-05-08T20:34:00+00:00,2022-05-08T20:35:00+00:00,fia_clock_lap_interval,referral-876de9dc1b18ea7b,high_confidence_algorithmic,15.0,40.0,42.0,noted|investigation|sanction_announced,"[""TURN 1 INCIDENT INVOLVING CARS 10 (GAS) AND 14 (ALO) NOTED - CAUSING A COLLISION"", ""FIA STEWARDS: TURN 1 INCIDENT INVOLVING CARS 10 (GAS) AND 14 (ALO) UNDER INVESTIGATION - CAUSING A COLLISION"", ""FIA STEWARDS: 5 SECOND TIME PENALTY FOR CAR 14 (ALO) - CAUSING A COLLISION""]",False,False,False,unknown,unknown,unknown,False,{},machine_extracted_pending_human_review,pending_human_review,,,
adjudication-seed-fia-2022-mia-604f9861a2a2-01,adj-73fce9170579e36d,incident-src-73fce9170579e36d,fia-2022-mia-604f9861a2a2,2022-mia,Race,causing_collision,47,5,Turn 1,,48,fia_incident_clock_single_lap_interval,48,48,48,2022-05-08T20:53:00+00:00,2022-05-08T20:54:00+00:00,fia_clock_lap_interval,referral-1634cab5349707ea,high_confidence_algorithmic,14.0,55.0,57.0,noted|investigation|no_further_action,"[""TURN 1 INCIDENT INVOLVING CARS 20 (MAG) AND 5 (VET) NOTED - CAUSING A COLLISION"", ""FIA STEWARDS: TURN 1 INCIDENT INVOLVING CARS 20 (MAG) AND 5 (VET) UNDER INVESTIGATION - CAUSING A COLLISION"", ""CORRECTION FIA STEWARDS: TURN 1 INCIDENT INVOLVING CARS 47 (MSC) AND 5 (VET) UNDER INVESTIGATION - CAUSING A COLLISION"", ""FIA STEWARDS: TURN 1 INCIDENT INVOLVING CARS 47 (MSC) AND 5 (VET) NO FURTHER ACTION - CAUSING A COLLISION""]",False,False,False,unknown,unknown,unknown,False,{},machine_extracted_pending_human_review,pending_human_review,,,
adjudication-seed-fia-2022-mia-bbafb6bcc091-01,adj-edbdab17f12114c7,incident-src-edbdab17f12114c7,fia-2022-mia-bbafb6bcc091,2022-mia,Race,gaining_advantage_off_track,14,,Turns 14-15,,,unresolved,55,56,55|56,2022-05-08T21:05:00+00:00,2022-05-08T21:06:00+00:00,fia_clock_lap_interval,referral-f85a8a54cda6b386,candidate_pending_review,11.0,57.0,57.0,noted|investigation,"[""TURN 14 INCIDENT INVOLVING CAR 14 (ALO) NOTED - LEAVING THE TRACK AND GAINING AN ADVANTAGE"", ""TURN 15 INCIDENT INVOLVING CAR 14 (ALO) NOTED - LEAVING THE TRACK AND GAINING AN ADVANTAGE"", ""FIA STEWARDS: TURN 15 INCIDENT INVOLVING CAR 14 (ALO) UNDER INVESTIGATION - LEAVING THE TRACK AND GAINING AN ADVANTAGE""]",False,False,False,unknown,unknown,unknown,False,{},machine_extracted_pending_human_review,pending_human_review,,,
adjudication-seed-fia-2022-mia-f80da2ca1128-01,adj-accee74fb15b4fa6,incident-src-accee74fb15b4fa6,fia-2022-mia-f80da2ca1128,2022-mia,Race,causing_collision,5,47,Turn 1,,48,fia_incident_clock_single_lap_interval,48,48,48,2022-05-08T20:53:00+00:00,2022-05-08T20:54:00+00:00,fia_clock_lap_interval,referral-1634cab5349707ea,high_confidence_algorithmic,14.0,55.0,57.0,noted|investigation|no_further_action,"[""TURN 1 INCIDENT INVOLVING CARS 20 (MAG) AND 5 (VET) NOTED - CAUSING A COLLISION"", ""FIA STEWARDS: TURN 1 INCIDENT INVOLVING CARS 20 (MAG) AND 5 (VET) UNDER INVESTIGATION - CAUSING A COLLISION"", ""CORRECTION FIA STEWARDS: TURN 1 INCIDENT INVOLVING CARS 47 (MSC) AND 5 (VET) UNDER INVESTIGATION - CAUSING A COLLISION"", ""FIA STEWARDS: TURN 1 INCIDENT INVOLVING CARS 47 (MSC) AND 5 (VET) NO FURTHER ACTION - CAUSING A COLLISION""]",False,False,False,unknown,unknown,unknown,False,{},machine_extracted_pending_human_review,pending_human_review,,,
adjudication-seed-fia-2022-sao-695fd61e1d50-01,adj-96f32b26fd720b87,incident-src-96f32b26fd720b87,fia-2022-sao-695fd61e1d50,2022-sao,Race,causing_collision,4,16,Turn 6,,,unresolved,6,7,6|7,2022-11-13T18:14:00+00:00,2022-11-13T18:15:00+00:00,fia_clock_lap_interval,referral-aa461e885941c585,high_confidence_algorithmic,13.0,8.0,13.0,noted|investigation|sanction_announced,"[""INCIDENT INVOLVING CARS 4 (NOR) AND 16 (LEC) NOTED - CAUSING A COLLISION"", ""FIA STEWARDS: INCIDENT INVOLVING CARS 4 (NOR) AND 16 (LEC) UNDER INVESTIGATION - CAUSING A COLLISION"", ""FIA STEWARDS: 5 SECOND TIME PENALTY FOR CAR 4 (NOR) - CAUSING A COLLISION""]",False,False,False,inside,unknown,apex,False,"{""attacker_line"": [""The Stewards determined that Norris was on the inside at turn 6 when he touched the kerb at the apex and understeered into the car of Leclerc.""], ""corner_phase"": [""The Stewards determined that Norris was on the inside at turn 6 when he touched the kerb at the apex and understeered into the car of Leclerc.""]}",machine_extracted_pending_human_review,pending_human_review,,,
adjudication-seed-fia-2022-sao-912114518455-01,adj-40c4f3d12c15506c,incident-src-40c4f3d12c15506c,fia-2022-sao-912114518455,2022-sao,Race,causing_collision,1,44,Turns 1-2,,,unresolved,6,7,6|7,2022-11-13T18:14:00+00:00,2022-11-13T18:15:00+00:00,fia_clock_lap_interval,referral-0dd70d10c29e7dad,high_confidence_algorithmic,13.0,7.0,13.0,noted|investigation|sanction_announced,"[""TURN 2 INCIDENT INVOLVING CARS 1 (VER) AND 44 (HAM) NOTED - CAUSING A COLLISION"", ""FIA STEWARDS: TURN 2 INCIDENT INVOLVING CARS 1 (VER) AND 44 (HAM) UNDER INVESTIGATION - CAUSING A COLLISION"", ""FIA STEWARDS: 5 SECOND TIME PENALTY FOR CAR 1 (VER) - CAUSING A COLLISION""]",False,False,False,outside,unknown,apex,False,"{""attacker_line"": [""The Stewards determined that Verstappen attempted to pass Hamilton on the outside of turn 1 by braking very late.""], ""corner_phase"": [""While the Stewards recognize that Hamilton could possibly have given a little more room at the apex of turn 2, the Stewards determined that Verstappen was predominantly at fault.""]}",machine_extracted_pending_human_review,pending_human_review,,,
adjudication-seed-fia-2022-sao-b61d2a302ed0-01,adj-3700ca1e1401e213,incident-src-3700ca1e1401e213,fia-2022-sao-b61d2a302ed0,2022-sao,Race,causing_collision,3,20,Turn 8,,1,fia_incident_clock_single_lap_interval,1,1,1,2022-11-13T18:03:00+00:00,2022-11-13T18:04:00+00:00,fia_clock_lap_interval,referral-67780866808a5f6f,candidate_pending_review,11.0,2.0,4.0,noted|post_session_investigation,"[""TURN 9 INCIDENT INVOLVING CARS 20 (MAG) AND 3 (RIC) NOTED - CAUSING A COLLISION"", ""FIA STEWARDS: TURN 9 INCIDENT INVOLVING CARS 20 (MAG) AND 3 (RIC) WILL BE INVESTIGATED AFTER THE RACE - CAUSING A COLLISION""]",True,False,False,unknown,unknown,unknown,False,"{""first_lap"": [""However, they determined that the incident was between two cars and was not influenced by multiple other cars and is therefore not a “first lap incident.” The Stewards determined that Magnussen drove in a normal manner for that corner, and that he did not make any erratic moves.""]}",machine_extracted_pending_human_review,pending_human_review,,,
adjudication-seed-fia-2022-sao-002711fb5ae0-01,adj-a3a7fbd881640e16,incident-src-a3a7fbd881640e16,fia-2022-sao-002711fb5ae0,2022-sao,Sprint,forcing_off_track,18,5,Turn 3,,,unresolved,9,10,9|10,2022-11-12T19:44:00+00:00,2022-11-12T19:45:00+00:00,fia_clock_lap_interval,referral-9f073c91d807f8b5,candidate_pending_review,11.0,10.0,16.0,noted|investigation,"[""INCIDENT INVOLVING CARS 5 (VET) AND 18 (STR) NOTED - FORCING ANOTHER DRIVER OFF THE TRACK"", ""FIA STEWARDS: INCIDENT INVOLVING CARS 5 (VET) AND 18 (STR) UNDER INVESTIGATION - DANGEROUS MANOEUVRE""]",False,False,False,unknown,unknown,unknown,False,{},machine_extracted_pending_human_review,pending_human_review,,,
adjudication-seed-fia-2022-sao-1389f4a1ad53-01,adj-e01a3f0d7bc0ac4d,incident-src-e01a3f0d7bc0ac4d,fia-2022-sao-1389f4a1ad53,2022-sao,Sprint,causing_collision,14,31,"Turns 15, 4",,,unresolved,1,2,1|2,2022-11-12T19:34:00+00:00,2022-11-12T19:35:00+00:00,fia_clock_lap_interval,referral-1ac16516e7acdc09,ambiguous_pending_review,11.0,21.0,21.0,noted,"[""LAP 1 INCIDENTS INVOLVING CARS 14 (ALO) AND 31 (OCO) NOTED - CAUSING A COLLISION""]",False,False,False,unknown,unknown,unknown,False,{},machine_extracted_pending_human_review,pending_human_review,,,
adjudication-seed-fia-2022-sau-626edbbd5a3a-01,adj-3baf9aacecb5c6e5,incident-src-3baf9aacecb5c6e5,fia-2022-sau-626edbbd5a3a,2022-sau,Race,causing_collision,23,18,Turn 1,48,48,model_reviewed_source_or_timing,47,48,47|48,2022-03-27T18:24:00+00:00,2022-03-27T18:25:00+00:00,fia_clock_lap_interval,referral-3ca551749339034b,high_confidence_algorithmic,13.0,49.0,49.0,noted|post_session_investigation,"[""TURN 1 INCIDENT INVOLVING CARS 18 (STR) AND 23 (ALB) NOTED - CAUSING A COLLISION"", ""FIA STEWARDS: TURN 1 INCIDENT INVOLVING CARS 18 (STR) AND 23 (ALB) WILL BE INVESTIGATED AFTER THE RACE - CAUSING A COLLISION""]",False,False,False,inside,unknown,apex,False,"{""attacker_line"": [""Car 23 was attempting to overtake Car 18 on the inside by braking late.""], ""corner_phase"": [""In executing the overtaking manoeuvre, Car 23 locked up and collided with Car 18 at the apex of the corner.""]}",machine_extracted_pending_human_review,pending_human_review,,,
adjudication-seed-fia-2022-sau-fa0b9513331c-01,adj-9cb2c84260f7e56e,incident-src-9cb2c84260f7e56e,fia-2022-sau-fa0b9513331c,2022-sau,Race,gaining_advantage_off_track,24,23,Turn 1,,,unresolved,4,5,4|5,2022-03-27T17:10:00+00:00,2022-03-27T17:11:00+00:00,fia_clock_lap_interval,referral-1e663d3feb7385c9,ambiguous_pending_review,8.0,13.0,27.0,sanction_announced|noted|investigation,"[""FIA STEWARDS: 5 SECOND TIME PENALTY FOR CAR 24 (ZHO) - LEAVING THE TRACK AND GAINING AN ADVANTAGE"", ""INCIDENT INVOLVING CAR 24 (ZHO) NOTED"", ""FIA STEWARDS: INCIDENT INVOLVING CAR 24 (ZHO) UNDER INVESTIGATION - PENALTY NOT SERVED"", ""FIA STEWARDS: DRIVE THROUGH PENALTY FOR CAR 24 (ZHO) - PENALTY NOT SERVED""]",False,False,False,unknown,unknown,unknown,False,{},machine_extracted_pending_human_review,pending_human_review,,,
adjudication-seed-fia-2022-sgp-43a8ea523d85-01,adj-f74ed9090eea7d2d,incident-src-f74ed9090eea7d2d,fia-2022-sgp-43a8ea523d85,2022-sgp,Race,causing_collision,1,20,Turns 6-7,1,1,model_reviewed_source_or_timing,1,1,1,2022-10-02T13:09:00+00:00,2022-10-02T13:10:00+00:00,fia_clock_lap_interval,referral-ad8b21666896b543,high_confidence_algorithmic,16.0,11.0,14.0,noted|investigation|no_further_action,"[""LAP 1, TURN 7 INCIDENT INVOLVING CARS 1 (VER) AND 20 (MAG) NOTED - CAUSING A COLLISION"", ""FIA STEWARDS: LAP 1, TURN 7 INCIDENT INVOLVING CARS 1 (VER) AND 20 (MAG) UNDER INVESTIGATION - CAUSING A COLLISION"", ""FIA STEWARDS: LAP 1, TURN 7 INCIDENT INVOLVING CARS 1 (VER) AND 20 (MAG) NO FURTHER ACTION - CAUSING A COLLISION""]",True,False,False,unknown,unknown,unknown,False,"{""first_lap"": [""Incident with car 20 between turn 6 and turn 7 on Lap 1."", ""However, as we viewed the contact as a Lap 1 racing incident with no driver predominantly to blame, we determine to take no further action.""]}",machine_extracted_pending_human_review,pending_human_review,,,
adjudication-seed-fia-2022-sgp-f8928d0688eb-01,adj-ef4a6332c1a930b5,incident-src-ef4a6332c1a930b5,fia-2022-sgp-f8928d0688eb,2022-sgp,Race,causing_collision,6,24,Turn 5,,7,fia_incident_clock_single_lap_interval,7,7,7,2022-10-02T13:22:00+00:00,2022-10-02T13:23:00+00:00,fia_clock_lap_interval,referral-c7f06201ab374d1f,high_confidence_algorithmic,13.0,11.0,11.0,noted|investigation,"[""TURN 5 INCIDENT INVOLVING CARS 6 (LAT) AND 24 (ZHO) NOTED - CAUSING A COLLISION"", ""FIA STEWARDS: TURN 5 INCIDENT INVOLVING CARS 6 (LAT) AND 24 (ZHO) UNDER INVESTIGATION - CAUSING A COLLISION""]",False,False,False,unknown,unknown,unknown,False,{},machine_extracted_pending_human_review,pending_human_review,,,
adjudication-seed-fia-2022-usa-06bd3fce2943-01,adj-e828b49af09e3c17,incident-src-e828b49af09e3c17,fia-2022-usa-06bd3fce2943,2022-usa,Race,gaining_advantage_off_track,23,,,,,unresolved,53,54,53|54,2022-10-23T20:41:00+00:00,2022-10-23T20:42:00+00:00,fia_clock_lap_interval,referral-98a1456ef6332edc,candidate_pending_review,10.0,53.0,56.0,noted|investigation,"[""TURN 12 INCIDENT INVOLVING CARS 5 (VET),23 (ALB),22 (TSU) AND 24 (ZHO) NOTED "", ""TURN 12 INCIDENT INVOLVING CARS 22 (TSU) AND 23 (ALB) NOTED - LEAVING THE TRACK AND GAINING AN ADVANTAGE"", ""FIA STEWARDS: TURN 12 INCIDENT INVOLVING CARS 22 (TSU) AND 23 (ALB) UNDER INVESTIGATION - LEAVING THE TRACK AND GAINING AN ADVANTAGE""]",False,False,False,unknown,unknown,unknown,False,{},machine_extracted_pending_human_review,pending_human_review,,,
adjudication-seed-fia-2022-usa-3fa875d5a85e-01,adj-8056dff0ab98fd58,incident-src-8056dff0ab98fd58,fia-2022-usa-3fa875d5a85e,2022-usa,Race,causing_collision,6,47,Turn 12,,38,fia_incident_clock_single_lap_interval,38,38,38,2022-10-23T20:15:00+00:00,2022-10-23T20:16:00+00:00,fia_clock_lap_interval,referral-c809e324a033e4fc,high_confidence_algorithmic,13.0,39.0,43.0,noted|investigation,"[""TURN 12 INCIDENT INVOLVING CARS 6 (LAT) AND 47 (MSC) NOTED - CAUSING A COLLISION"", ""FIA STEWARDS: TURN 12 INCIDENT INVOLVING CARS 6 (LAT) AND 47 (MSC) UNDER INVESTIGATION - CAUSING A COLLISION""]",False,False,False,unknown,unknown,unknown,False,{},machine_extracted_pending_human_review,pending_human_review,,,
adjudication-seed-fia-2022-usa-77995d83458f-01,adj-9c5057e738e04730,incident-src-9c5057e738e04730,fia-2022-usa-77995d83458f,2022-usa,Race,causing_collision,63,55,Turn 1,,1,fia_incident_clock_single_lap_interval,1,1,1,2022-10-23T19:03:00+00:00,2022-10-23T19:04:00+00:00,fia_clock_lap_interval,referral-e1f645df500c1c11,high_confidence_algorithmic,15.0,1.0,3.0,noted|investigation|sanction_announced,"[""TURN 1 INCIDENT INVOLVING CAR 55 (SAI) NOTED - CAUSING A COLLISION"", ""FIA STEWARDS: TURN 1 INCIDENT INVOLVING CARS 55 (SAI) AND 63 (RUS) UNDER INVESTIGATION - CAUSING A COLLISION"", ""FIA STEWARDS: 5 SECOND TIME PENALTY FOR CAR 63 (RUS) - CAUSING A COLLISION""]",True,False,False,unknown,unknown,unknown,False,{},machine_extracted_pending_human_review,pending_human_review,,,
adjudication-seed-fia-2022-usa-be8d3f7fc123-01,adj-cbab2a2368386dd0,incident-src-cbab2a2368386dd0,fia-2022-usa-be8d3f7fc123,2022-usa,Race,causing_collision,18,14,,,22,fia_incident_clock_single_lap_interval,22,22,22,2022-10-23T19:44:00+00:00,2022-10-23T19:45:00+00:00,fia_clock_lap_interval,referral-52ca5ebc758ae25e,candidate_pending_review,11.0,24.0,24.0,noted|post_session_investigation,"[""TURN 11 INCIDENT INVOLVING CARS 14 (ALO) AND 18 (STR) NOTED - CAUSING A COLLISION"", ""FIA STEWARDS: TURN 11 INCIDENT INVOLVING CARS 14 (ALO) AND 18 (STR) WILL BE INVESTIGATED AFTER THE RACE - CAUSING A COLLISION""]",False,False,False,unknown,unknown,unknown,False,{},machine_extracted_pending_human_review,pending_human_review,,,
adjudication-seed-fia-2023-abu-61d6bbfe959e-01,adj-2dbfd4a2eafd6834,incident-src-2dbfd4a2eafd6834,fia-2023-abu-61d6bbfe959e,2023-abu,Race,causing_collision,44,10,Turn 6,,15,fia_incident_clock_single_lap_interval,15,15,15,2023-11-26T13:25:00+00:00,2023-11-26T13:26:00+00:00,fia_clock_lap_interval,referral-e92e90fa3199292b,high_confidence_algorithmic,15.0,16.0,21.0,noted|investigation|no_further_action,"[""TURN 6 INCIDENT INVOLVING CARS 44 (HAM) AND 10 (GAS) NOTED - CAUSING A COLLISION"", ""FIA STEWARDS: TURN 6 INCIDENT INVOLVING CARS 44 (HAM) AND 10 (GAS) UNDER INVESTIGATION - CAUSING A COLLISION"", ""FIA STEWARDS: TURN 6 INCIDENT INVOLVING CARS 44 (HAM) AND 10 (GAS) NO FURTHER ACTION - CAUSING A COLLISION""]",False,False,False,unknown,unknown,unknown,False,{},machine_extracted_pending_human_review,pending_human_review,,,
adjudication-seed-fia-2023-abu-bceb18192f57-01,adj-476ced553759f1d7,incident-src-476ced553759f1d7,fia-2023-abu-bceb18192f57,2023-abu,Race,causing_collision,11,4,Turn 6,,,unresolved,46,47,46|47,2023-11-26T14:13:00+00:00,2023-11-26T14:14:00+00:00,fia_clock_lap_interval,referral-243a8bf348f69712,high_confidence_algorithmic,15.0,48.0,51.0,noted|investigation|sanction_announced,"[""TURN 6 INCIDENT INVOLVING CARS 4 (NOR) AND 11 (PER) NOTED - CAUSING A COLLISION"", ""FIA STEWARDS: TURN 6 INCIDENT INVOLVING CARS 4 (NOR) AND 11 (PER) UNDER INVESTIGATION - CAUSING A COLLISION"", ""FIA STEWARDS: 5 SECOND TIME PENALTY FOR CAR 11 (PER) - CAUSING A COLLISION""]",False,False,False,unknown,alongside,apex,True,"{""control_error"": [""Coming into Turn 6, notwithstanding that Car 11 was alongside Car 4, the driver of Car 11 dived in late, missed the apex of the corner and understeered towards the outside of the corner colliding with Car 4.""], ""corner_phase"": [""Coming into Turn 6, notwithstanding that Car 11 was alongside Car 4, the driver of Car 11 dived in late, missed the apex of the corner and understeered towards the outside of the corner colliding with Car 4.""], ""overlap"": [""Coming into Turn 6, notwithstanding that Car 11 was alongside Car 4, the driver of Car 11 dived in late, missed the apex of the corner and understeered towards the outside of the corner colliding with Car 4.""]}",machine_extracted_pending_human_review,pending_human_review,,,
adjudication-seed-fia-2023-aus-0144b2323236-01,adj-3ccb9c1bd9cedb01,incident-group-fba25307a3d5ad50,fia-2023-aus-0144b2323236,2023-aus,Race,causing_collision,31,10,Turn 2,,,unresolved,56,57,56|57,2023-04-02T07:00:00+00:00,2023-04-02T07:01:00+00:00,fia_clock_lap_interval,referral-a2c81b2c894dcee9,high_confidence_algorithmic,13.0,58.0,58.0,noted|investigation,"[""TURN 2 INCIDENT INVOLVING CARS 10 (GAS) AND 31 (OCO) NOTED - CAUSING A COLLISION"", ""FIA STEWARDS: TURN 2 INCIDENT INVOLVING CARS 10 (GAS) AND 31 (OCO) UNDER INVESTIGATION - CAUSING A COLLISION""]",True,False,False,unknown,unknown,unknown,False,"{""first_lap"": [""Incident in turn 2 The Stewards heard from the driver of Car ​​10 (Pierre Gasly), the driver of Car ​​31 (Esteban Ocon), a team representative and reviewed positioning/marshalling system data, video and in-car video evidence and determined that it was a first lap racing incident.""]}",machine_extracted_pending_human_review,pending_human_review,,,
adjudication-seed-fia-2023-aus-039df3ca41c2-01,adj-844c3eb0fcd476be,incident-src-844c3eb0fcd476be,fia-2023-aus-039df3ca41c2,2023-aus,Race,causing_collision,55,14,,,,unresolved,56,57,56|57,2023-04-02T07:00:00+00:00,2023-04-02T07:01:00+00:00,fia_clock_lap_interval,referral-819d022d7636c1c8,high_confidence_algorithmic,13.0,58.0,58.0,noted|investigation|sanction_announced,"[""TURN 1 INCIDENT INVOLVING CARS 14 (ALO) AND 55 (SAI) NOTED - CAUSING A COLLISION"", ""FIA STEWARDS: TURN 1 INCIDENT INVOLVING CARS 14 (ALO) AND 55 (SAI) UNDER INVESTIGATION - CAUSING A COLLISION"", ""FIA STEWARDS: 5 SECOND TIME PENALTY FOR CAR 55 (SAI) - CAUSING A COLLISION""]",True,False,False,unknown,unknown,unknown,False,"{""first_lap"": [""For avoidance of doubt, we took into account the fact that this collision took place at the first lap of the restart, when, by convention, the Stewards would typically take a more lenient view of incidents."", ""However, in this particular case, notwithstanding the fact that it was the equivalent of a first lap incident, we considered that there was sufficient gap for Car 55 to take steps to avoid the collision and failed to do so.""]}",machine_extracted_pending_human_review,pending_human_review,,,
adjudication-seed-fia-2023-aus-500bb4f284ba-01,adj-90197ab5c6f59cb7,incident-group-fba25307a3d5ad50,fia-2023-aus-500bb4f284ba,2023-aus,Race,causing_collision,10,31,Turn 2,,,unresolved,56,57,56|57,2023-04-02T07:00:00+00:00,2023-04-02T07:01:00+00:00,fia_clock_lap_interval,referral-a2c81b2c894dcee9,high_confidence_algorithmic,13.0,58.0,58.0,noted|investigation,"[""TURN 2 INCIDENT INVOLVING CARS 10 (GAS) AND 31 (OCO) NOTED - CAUSING A COLLISION"", ""FIA STEWARDS: TURN 2 INCIDENT INVOLVING CARS 10 (GAS) AND 31 (OCO) UNDER INVESTIGATION - CAUSING A COLLISION""]",True,False,False,unknown,unknown,unknown,False,"{""first_lap"": [""Incident in turn 2 The Stewards heard from the driver of Car ​​10 (Pierre Gasly), the driver of Car ​​31 (Esteban Ocon), a team representative and reviewed positioning/marshalling system data, video and in-car video evidence and determined that it was a first lap racing incident.""]}",machine_extracted_pending_human_review,pending_human_review,,,
adjudication-seed-fia-2023-aut-b9a48d1d47b0-01,adj-322e1b8d35cf5618,incident-src-322e1b8d35cf5618,fia-2023-aut-b9a48d1d47b0,2023-aut,Race,forcing_off_track,21,20,Turn 6,,34,fia_incident_clock_single_lap_interval,34,34,34,2023-07-02T13:45:00+00:00,2023-07-02T13:46:00+00:00,fia_clock_lap_interval,referral-88def38af372b6c3,high_confidence_algorithmic,15.0,39.0,39.0,noted|investigation|sanction_announced,"[""TURN 6 INCIDENT INVOLVING CARS 20 (MAG) AND 21 (DEV) NOTED - FORCING ANOTHER DRIVER OFF THE TRACK"", ""FIA STEWARDS: TURN 6 INCIDENT INVOLVING CARS 20 (MAG) AND 21 (DEV) UNDER INVESTIGATION - FORCING ANOTHER DRIVER OFF THE TRACK"", ""FIA STEWARDS: 5 SECOND TIME PENALTY FOR CAR 21 (DEV) - FORCING ANOTHER DRIVER OFF THE TRACK""]",False,False,False,outside,unknown,apex,False,"{""attacker_line"": [""At and from the apex of Turn 6, Car 20 was on the outside and was clearly level and then in front of Car 21.""], ""corner_phase"": [""At and from the apex of Turn 6, Car 20 was on the outside and was clearly level and then in front of Car 21.""]}",machine_extracted_pending_human_review,pending_human_review,,,
adjudication-seed-fia-2023-bel-114852357eb8-01,adj-776c2086c0a9c6de,incident-src-776c2086c0a9c6de,fia-2023-bel-114852357eb8,2023-bel,Sprint,causing_collision,44,,Turn 15,,,unresolved,6,7,6|7,2023-07-29T16:05:00+00:00,2023-07-29T16:06:00+00:00,fia_clock_lap_interval,referral-c8d807c438aeb7eb,high_confidence_algorithmic,14.0,7.0,9.0,noted|investigation|sanction_announced,"[""TURN 15 INCIDENT INVOLVING CARS 11 (PER) AND 44 (HAM) NOTED - CAUSING A COLLISION"", ""FIA STEWARDS: TURN 15 INCIDENT INVOLVING CARS 11 (PER) AND 44 (HAM) UNDER INVESTIGATION - CAUSING A COLLISION"", ""FIA STEWARDS: 5 SECOND TIME PENALTY FOR CAR 44 (HAM) - CAUSING A COLLISION""]",False,True,False,inside,unknown,unknown,False,"{""attacker_line"": [""Hamilton was attempting to pass Perez on the inside at Turn 15."", ""While Perez was giving little room on the inside for Hamilton, Hamilton drove onto the kerb and subsequently understeered into Perez in the wet conditions.""], ""wet_track"": [""While Perez was giving little room on the inside for Hamilton, Hamilton drove onto the kerb and subsequently understeered into Perez in the wet conditions.""]}",machine_extracted_pending_human_review,pending_human_review,,,
adjudication-seed-fia-2023-can-572578a57a9b-01,adj-bc46b8ef7db29a9f,incident-src-bc46b8ef7db29a9f,fia-2023-can-572578a57a9b,2023-can,Race,causing_collision,20,21,Turn 3,,,unresolved,34,35,34|35,2023-06-18T18:51:00+00:00,2023-06-18T18:52:00+00:00,fia_clock_lap_interval,referral-24332aa9bf8ad2fa,high_confidence_algorithmic,13.0,37.0,42.0,noted|investigation|no_further_action,"[""TURN 2 INCIDENT INVOLVING CARS 21 (DEV) AND 20 (MAG) NOTED - CAUSING A COLLISION"", ""FIA STEWARDS: TURN 2 INCIDENT INVOLVING CARS 21 (DEV) AND 20 (MAG) UNDER INVESTIGATION - CAUSING A COLLISION"", ""FIA STEWARDS: TURN 2 INCIDENT INVOLVING CARS 21 (DEV) AND 20 (MAG) NO FURTHER ACTION - CAUSING A COLLISION""]",False,False,False,inside,unknown,unknown,False,"{""attacker_line"": [""Into Turn 3, Car 21 on the inside locked up and went straight ahead.""]}",machine_extracted_pending_human_review,pending_human_review,,,
adjudication-seed-fia-2023-can-79ff129eac93-01,adj-59a7fa0595802b73,incident-src-59a7fa0595802b73,fia-2023-can-79ff129eac93,2023-can,Race,causing_collision,21,20,Turn 3,,,unresolved,34,35,34|35,2023-06-18T18:51:00+00:00,2023-06-18T18:52:00+00:00,fia_clock_lap_interval,referral-24332aa9bf8ad2fa,high_confidence_algorithmic,13.0,37.0,42.0,noted|investigation|no_further_action,"[""TURN 2 INCIDENT INVOLVING CARS 21 (DEV) AND 20 (MAG) NOTED - CAUSING A COLLISION"", ""FIA STEWARDS: TURN 2 INCIDENT INVOLVING CARS 21 (DEV) AND 20 (MAG) UNDER INVESTIGATION - CAUSING A COLLISION"", ""FIA STEWARDS: TURN 2 INCIDENT INVOLVING CARS 21 (DEV) AND 20 (MAG) NO FURTHER ACTION - CAUSING A COLLISION""]",False,False,False,inside,unknown,unknown,False,"{""attacker_line"": [""Into Turn 3, Car 21 on the inside locked up and went straight ahead.""]}",machine_extracted_pending_human_review,pending_human_review,,,
adjudication-seed-fia-2023-esp-d60c194c8ff7-01,adj-b762034ba93ba8b3,incident-src-b762034ba93ba8b3,fia-2023-esp-d60c194c8ff7,2023-esp,Race,forcing_off_track,22,24,Turn 1,,56,fia_incident_clock_single_lap_interval,56,56,56,2023-06-04T14:18:00+00:00,2023-06-04T14:19:00+00:00,fia_clock_lap_interval,referral-02a609cb4be23cea,high_confidence_algorithmic,15.0,59.0,62.0,noted|investigation|sanction_announced,"[""TURN 1 INCIDENT INVOLVING CARS 22 (TSU) AND 24 (ZHO) NOTED - FORCING ANOTHER DRIVER OFF THE TRACK"", ""FIA STEWARDS: TURN 1 INCIDENT INVOLVING CARS 22 (TSU) AND 24 (ZHO) UNDER INVESTIGATION - FORCING ANOTHER DRIVER OFF THE TRACK"", ""FIA STEWARDS: 5 SECOND TIME PENALTY FOR CAR 22 (TSU) - FORCING ANOTHER DRIVER OFF THE TRACK""]",False,False,False,unknown,unknown,apex,False,"{""corner_phase"": [""Car 24 was in front at and after the apex of Turn 1 and hence under the Driving Standards Guidelines was entitled to racing room.""]}",machine_extracted_pending_human_review,pending_human_review,,,
adjudication-seed-fia-2023-gbr-c357ab019929-01,adj-f17f068e5fcade97,incident-src-f17f068e5fcade97,fia-2023-gbr-c357ab019929,2023-gbr,Race,causing_collision,18,,Turns 16-17,,,unresolved,45,46,45|46,2023-07-09T15:18:00+00:00,2023-07-09T15:19:00+00:00,fia_clock_lap_interval,referral-242ae7ad2fc0cf31,candidate_pending_review,12.0,46.0,50.0,noted|investigation|sanction_announced,"[""TURN 16 INCIDENT INVOLVING CARS 10 (GAS) AND 18 (STR) NOTED - CAUSING A COLLISION"", ""FIA STEWARDS: TURN 16 INCIDENT INVOLVING CARS 10 (GAS) AND 18 (STR) UNDER INVESTIGATION - CAUSING A COLLISION"", ""FIA STEWARDS: 5 SECOND TIME PENALTY FOR CAR 18 (STR) - CAUSING A COLLISION""]",False,False,False,unknown,unknown,apex,False,"{""corner_phase"": [""The Stewards considered that Gasly was ahead at the apex of Turn 16 and was entitled to the line at the exit before Turn 17."", ""Stroll attempted to keep the line and as a result had to drive off the circuit approaching the apex of Turn 17 which has a significant sausage kerb.""]}",machine_extracted_pending_human_review,pending_human_review,,,
adjudication-seed-fia-2023-hun-0707a92a8ea9-01,adj-c8f5cfeb2f7e6b47,incident-src-c8f5cfeb2f7e6b47,fia-2023-hun-0707a92a8ea9,2023-hun,Race,causing_collision,24,3,Turn 1,,1,fia_incident_clock_single_lap_interval,1,1,1,2023-07-23T13:03:00+00:00,2023-07-23T13:04:00+00:00,fia_clock_lap_interval,referral-b0b88f305b6da331,candidate_pending_review,8.0,8.0,8.0,sanction_announced,"[""FIA STEWARDS: 5 SECOND TIME PENALTY FOR CAR 24 (ZHO) - CAUSING A COLLISION""]",True,False,False,unknown,unknown,unknown,False,{},machine_extracted_pending_human_review,pending_human_review,,,
adjudication-seed-fia-2023-ita-06048f646efe-01,adj-c44453d1de46285e,incident-src-c44453d1de46285e,fia-2023-ita-06048f646efe,2023-ita,Race,causing_collision,2,,Turn 4,,,unresolved,42,43,42|43,2023-09-03T14:25:00+00:00,2023-09-03T14:26:00+00:00,fia_clock_lap_interval,referral-73d82b00531d95b2,candidate_pending_review,12.0,45.0,50.0,noted|investigation|sanction_announced,"[""TURN 5 INCIDENT INVOLVING CARS 2 (SAR) AND 77 (BOT) NOTED - CAUSING A COLLISION"", ""FIA STEWARDS: TURN 5 INCIDENT INVOLVING CARS 2 (SAR) AND 77 (BOT) UNDER INVESTIGATION - CAUSING A COLLISION"", ""FIA STEWARDS: 5 SECOND TIME PENALTY FOR CAR 2 (SAR) - CAUSING A COLLISION""]",False,False,False,inside,unknown,unknown,False,"{""attacker_line"": [""Sargeant was attempting to overtake Bottas on the inside at turn 4.""]}",machine_extracted_pending_human_review,pending_human_review,,,
adjudication-seed-fia-2023-ita-695ef0d50644-01,adj-54e879286ae14a87,incident-src-54e879286ae14a87,fia-2023-ita-695ef0d50644,2023-ita,Race,gaining_advantage_off_track,63,,Turn 2,,,unresolved,19,20,19|20,2023-09-03T13:51:00+00:00,2023-09-03T13:52:00+00:00,fia_clock_lap_interval,referral-bdb7860eeb20430c,high_confidence_algorithmic,14.0,21.0,24.0,noted|investigation|sanction_announced,"[""TURN 2 INCIDENT INVOLVING CARS 63 (RUS) AND 31 (OCO) NOTED - LEAVING THE TRACK AND GAINING AN ADVANTAGE"", ""FIA STEWARDS: TURN 2 INCIDENT INVOLVING CARS 63 (RUS) AND 31 (OCO) UNDER INVESTIGATION - LEAVING THE TRACK AND GAINING AN ADVANTAGE"", ""FIA STEWARDS: 5 SECOND TIME PENALTY FOR CAR 63 (RUS) - LEAVING THE TRACK AND GAINING AN ADVANTAGE""]",False,False,False,inside,unknown,apex,False,"{""attacker_line"": [""Russell left the pits, and was on the inside of Ocon at the entry to turn one.""], ""corner_phase"": [""However, as Russel approached the apex, he showed some lockup and went straight entering the runoff at turn one and rejoined after turn 2, passing Ocon while doing so and gaining both the position and time.""]}",machine_extracted_pending_human_review,pending_human_review,,,
adjudication-seed-fia-2023-ita-c07ce16b4e46-01,adj-aa926d6db0e47df5,incident-src-aa926d6db0e47df5,fia-2023-ita-c07ce16b4e46,2023-ita,Race,causing_collision,44,,Turn 4,,41,fia_incident_clock_single_lap_interval,41,41,41,2023-09-03T14:22:00+00:00,2023-09-03T14:23:00+00:00,fia_clock_lap_interval,referral-34475639550d3206,high_confidence_algorithmic,14.0,42.0,44.0,noted|investigation|sanction_announced,"[""TURN 4 INCIDENT INVOLVING CARS 81 (PIA) AND 44 (HAM) NOTED - CAUSING A COLLISION"", ""FIA STEWARDS: TURN 4 INCIDENT INVOLVING CARS 81 (PIA) AND 44 (HAM) UNDER INVESTIGATION - CAUSING A COLLISION"", ""FIA STEWARDS: 5 SECOND TIME PENALTY FOR CAR 44 (HAM) - CAUSING A COLLISION""]",False,False,False,unknown,unknown,unknown,False,{},machine_extracted_pending_human_review,pending_human_review,,,
adjudication-seed-fia-2023-ita-de884677f296-01,adj-abd5652e3930b04c,incident-src-abd5652e3930b04c,fia-2023-ita-de884677f296,2023-ita,Race,gaining_advantage_off_track,81,,Turns 1-5,,49,fia_incident_clock_single_lap_interval,49,49,49,2023-09-03T14:34:00+00:00,2023-09-03T14:35:00+00:00,fia_clock_lap_interval,referral-34475639550d3206,candidate_pending_review,9.0,42.0,44.0,noted|investigation|sanction_announced,"[""TURN 4 INCIDENT INVOLVING CARS 81 (PIA) AND 44 (HAM) NOTED - CAUSING A COLLISION"", ""FIA STEWARDS: TURN 4 INCIDENT INVOLVING CARS 81 (PIA) AND 44 (HAM) UNDER INVESTIGATION - CAUSING A COLLISION"", ""FIA STEWARDS: 5 SECOND TIME PENALTY FOR CAR 44 (HAM) - CAUSING A COLLISION""]",False,False,False,unknown,unknown,apex,False,"{""corner_phase"": [""However, Piastri was not ahead at the apex and thus, in the opinion of the stewards, did not have the right to the line at turn 5, the second part of the chicane.""]}",machine_extracted_pending_human_review,pending_human_review,,,
adjudication-seed-fia-2023-jpn-45592291a09c-01,adj-478d73ac843b6a2b,incident-src-478d73ac843b6a2b,fia-2023-jpn-45592291a09c,2023-jpn,Race,causing_collision,11,20,Turn 11,,12,fia_incident_clock_single_lap_interval,12,12,12,2023-09-24T05:27:00+00:00,2023-09-24T05:28:00+00:00,fia_clock_lap_interval,referral-570dacabeafaef1c,high_confidence_algorithmic,15.0,13.0,15.0,noted|investigation|sanction_announced,"[""TURN 11 INCIDENT INVOLVING CARS 11 (PER) AND 20 (MAG) NOTED - CAUSING A COLLISION"", ""FIA STEWARDS: TURN 11 INCIDENT INVOLVING CARS 11 (PER) AND 20 (MAG) UNDER INVESTIGATION - CAUSING A COLLISION"", ""FIA STEWARDS: 5 SECOND TIME PENALTY FOR CAR 11 (PER) - CAUSING A COLLISION""]",False,False,False,inside,alongside,unknown,False,"{""attacker_line"": [""PER was trying to overtake MAG on the inside of turn 11.""], ""overlap"": [""Applying the 2023 Driving Standards Guidelines for overtaking at the inside of a corner, the Stewards noted that there was no significant portion of car 11 alongside car 20 and therefore determined that car 11 was not entitled to racing room in turn 11.""]}",machine_extracted_pending_human_review,pending_human_review,,,
adjudication-seed-fia-2023-jpn-ce0c4d6ce752-01,adj-ac7b841c1ea1648e,incident-src-ac7b841c1ea1648e,fia-2023-jpn-ce0c4d6ce752,2023-jpn,Race,causing_collision,2,,Turn 11,,5,fia_incident_clock_single_lap_interval,5,5,5,2023-09-24T05:15:00+00:00,2023-09-24T05:16:00+00:00,fia_clock_lap_interval,referral-2d9c0cda09c84248,high_confidence_algorithmic,14.0,7.0,9.0,noted|investigation|sanction_announced,"[""TURN 11 INCIDENT INVOLVING CARS 77 (BOT) AND 2 (SAR) NOTED - CAUSING A COLLISION"", ""FIA STEWARDS: TURN 11 INCIDENT INVOLVING CARS 77 (BOT) AND 2 (SAR) UNDER INVESTIGATION - CAUSING A COLLISION"", ""FIA STEWARDS: 5 SECOND TIME PENALTY FOR CAR 2 (SAR) - CAUSING A COLLISION""]",False,False,False,outside,alongside,unknown,False,"{""attacker_line"": [""BOT was about to overtake SAR at turn 11 on the outside."", ""Applying the 2023 Driving Standard Guidelines for overtaking on the outside of a corner, the Stewards noted that BOT left plenty of room for SAR, while he came alongside.""], ""overlap"": [""Applying the 2023 Driving Standard Guidelines for overtaking on the outside of a corner, the Stewards noted that BOT left plenty of room for SAR, while he came alongside.""]}",machine_extracted_pending_human_review,pending_human_review,,,
adjudication-seed-fia-2023-lvs-477cbe1a4d5c-01,adj-d7ab78271e2eba13,incident-src-d7ab78271e2eba13,fia-2023-lvs-477cbe1a4d5c,2023-lvs,Race,forcing_off_track,1,16,Turn 1,,1,race_control_explicit_lap_candidate_link,1,1,1,2023-11-19T06:04:00+00:00,2023-11-19T06:05:00+00:00,fia_clock_lap_interval,referral-f1a1dee5e19ac4c3,candidate_pending_review,10.0,8.0,8.0,sanction_announced,"[""FIA STEWARDS: LAP 1 TURN 1 INCIDENT 5 SECOND TIME PENALTY FOR CAR 1 (VER) - FORCING ANOTHER DRIVER OFF THE TRACK""]",True,False,False,unknown,unknown,apex,False,"{""corner_phase"": [""Car 1 appeared to miss the apex of Turn 1, did not follow the racing line and consequently forced Car 16 off the track""]}",machine_extracted_pending_human_review,pending_human_review,,,
adjudication-seed-fia-2023-lvs-a4a270ae6fd0-01,adj-13ca9edd8c45db6f,incident-src-13ca9edd8c45db6f,fia-2023-lvs-a4a270ae6fd0,2023-lvs,Race,causing_collision,63,1,Turn 12,,25,fia_incident_clock_single_lap_interval,25,25,25,2023-11-19T06:49:00+00:00,2023-11-19T06:50:00+00:00,fia_clock_lap_interval,referral-6ec078881720fbf5,high_confidence_algorithmic,15.0,27.0,28.0,noted|investigation|sanction_announced,"[""TURN 12 INCIDENT INVOLVING CARS 63 (RUS) AND 1 (VER) NOTED - CAUSING A COLLISION"", ""FIA STEWARDS: TURN 12 INCIDENT INVOLVING CARS 63 (RUS) AND 1 (VER) UNDER INVESTIGATION - CAUSING A COLLISION"", ""FIA STEWARDS: 5 SECOND TIME PENALTY FOR CAR 63 (RUS) - CAUSING A COLLISION""]",False,False,False,unknown,alongside,apex,False,"{""corner_phase"": [""Car 1 was gaining on Car 63 on the approach to Turn 12, and had a significant portion of the car alongside Car 63 at the apex.""], ""overlap"": [""Car 1 was gaining on Car 63 on the approach to Turn 12, and had a significant portion of the car alongside Car 63 at the apex.""]}",machine_extracted_pending_human_review,pending_human_review,,,
adjudication-seed-fia-2023-mco-4b0df1c86e92-01,adj-dddf2d8d47ab0fc0,incident-src-dddf2d8d47ab0fc0,fia-2023-mco-4b0df1c86e92,2023-mco,Race,causing_collision,27,,Turn 6,,1,fia_incident_clock_single_lap_interval,1,1,1,2023-05-28T13:03:00+00:00,2023-05-28T13:04:00+00:00,fia_clock_lap_interval,referral-4e46caea8d8ce0ce,candidate_pending_review,12.0,2.0,5.0,noted|investigation|sanction_announced,"[""TURN 5 INCIDENT INVOLVING CARS 27 (HUL) AND 2 (SAR) NOTED - CAUSING A COLLISION"", ""FIA STEWARDS: TURN 5 INCIDENT INVOLVING CARS 27 (HUL) AND 2 (SAR) UNDER INVESTIGATION - CAUSING A COLLISION"", ""FIA STEWARDS: 5 SECOND TIME PENALTY FOR CAR 27 (HUL) - CAUSING A COLLISION""]",True,False,False,inside,unknown,unknown,False,"{""attacker_line"": [""Hulkenberg caused a collision on the inside of Turn 6 on the first lap.""], ""first_lap"": [""Hulkenberg caused a collision on the inside of Turn 6 on the first lap."", ""The Stewards considered that as he dove in and was unable to control the car and was not forced there by any other car this does not get the benefit of the doubt of a first lap incident.""]}",machine_extracted_pending_human_review,pending_human_review,,,
adjudication-seed-fia-2023-mco-714f0af99f3c-01,adj-fbe0c3835d72fcf2,incident-src-fbe0c3835d72fcf2,fia-2023-mco-714f0af99f3c,2023-mco,Race,unsafe_rejoin,63,11,Turn 5,,55,fia_incident_clock_single_lap_interval,55,55,55,2023-05-28T14:15:00+00:00,2023-05-28T14:16:00+00:00,fia_clock_lap_interval,referral-2669d9532a4afad7,high_confidence_algorithmic,15.0,58.0,59.0,noted|investigation|sanction_announced,"[""TURN 5 INCIDENT INVOLVING CARS 63 (RUS) AND 11 (PER) NOTED - UNSAFE REJOIN"", ""FIA STEWARDS: TURN 5 INCIDENT INVOLVING CARS 63 (RUS) AND 11 (PER) UNDER INVESTIGATION - UNSAFE REJOIN"", ""FIA STEWARDS: 5 SECOND TIME PENALTY FOR CAR 63 (RUS) - UNSAFE REJOIN""]",False,False,False,unknown,unknown,unknown,False,{},machine_extracted_pending_human_review,pending_human_review,,,
adjudication-seed-fia-2023-mex-1b2fb3ec7748-01,adj-dc4289d79e963b95,incident-src-dc4289d79e963b95,fia-2023-mex-1b2fb3ec7748,2023-mex,Race,causing_collision,81,22,Turn 1,,,unresolved,48,49,48|49,2023-10-29T21:34:00+00:00,2023-10-29T21:35:00+00:00,fia_clock_lap_interval,referral-92d0632d352eb40b,high_confidence_algorithmic,15.0,71.0,71.0,no_further_action,"[""FIA STEWARDS: TURN 1 INCIDENT INVOLVING CARS 22 (TSU) AND 81 (PIA) NO FURTHER ACTION - CAUSING A COLLISION"", ""FIA STEWARDS: TURN 2 INCIDENT INVOLVING CARS 22 (TSU) AND 81 (PIA) NO FURTHER ACTION - CAUSING A COLLISION""]",False,False,False,unknown,unknown,apex,False,"{""corner_phase"": [""The cars collided prior to the apex.""]}",machine_extracted_pending_human_review,pending_human_review,,,
adjudication-seed-fia-2023-mex-35cdf2b38073-01,adj-34174de921925489,incident-src-34174de921925489,fia-2023-mex-35cdf2b38073,2023-mex,Race,causing_collision,22,81,Turn 1,,,unresolved,48,49,48|49,2023-10-29T21:34:00+00:00,2023-10-29T21:35:00+00:00,fia_clock_lap_interval,referral-92d0632d352eb40b,high_confidence_algorithmic,15.0,71.0,71.0,no_further_action,"[""FIA STEWARDS: TURN 1 INCIDENT INVOLVING CARS 22 (TSU) AND 81 (PIA) NO FURTHER ACTION - CAUSING A COLLISION"", ""FIA STEWARDS: TURN 2 INCIDENT INVOLVING CARS 22 (TSU) AND 81 (PIA) NO FURTHER ACTION - CAUSING A COLLISION""]",False,False,False,unknown,unknown,apex,False,"{""corner_phase"": [""The cars collided prior to the apex.""]}",machine_extracted_pending_human_review,pending_human_review,,,
adjudication-seed-fia-2023-mex-6b86d52dd897-01,adj-2d49e6748d813e58,incident-src-2d49e6748d813e58,fia-2023-mex-6b86d52dd897,2023-mex,Race,causing_collision,22,81,"Turns 2, 1, 3",,,unresolved,47,48,47|48,2023-10-29T21:33:00+00:00,2023-10-29T21:34:00+00:00,fia_clock_lap_interval,referral-92d0632d352eb40b,high_confidence_algorithmic,13.0,71.0,71.0,no_further_action,"[""FIA STEWARDS: TURN 1 INCIDENT INVOLVING CARS 22 (TSU) AND 81 (PIA) NO FURTHER ACTION - CAUSING A COLLISION"", ""FIA STEWARDS: TURN 2 INCIDENT INVOLVING CARS 22 (TSU) AND 81 (PIA) NO FURTHER ACTION - CAUSING A COLLISION""]",False,False,False,unknown,alongside,apex|exit,False,"{""corner_phase"": [""Car 81 was in front at the apex of Turn 2, then moves slightly to the left on the exit, as Car 22 is moving towards the entry to Turn 3 and a minor collision occurs."", ""Car 81 was in front at the apex of Turn 2, then moves slightly to the left on the exit, as Car 22 is moving towards the entry to Turn 3 and a minor collision occurs.""], ""overlap"": [""Both cars had been fighting for position side by side from Turn 1.""]}",machine_extracted_pending_human_review,pending_human_review,,,
adjudication-seed-fia-2023-mex-8f576b6655ce-01,adj-2e96bcd611e65b6d,incident-src-2e96bcd611e65b6d,fia-2023-mex-8f576b6655ce,2023-mex,Race,causing_collision,77,18,Turn 13,,66,fia_incident_clock_single_lap_interval,66,66,66,2023-10-29T21:59:00+00:00,2023-10-29T22:00:00+00:00,fia_clock_lap_interval,referral-2aba8b3f9466325c,candidate_pending_review,11.0,68.0,68.0,noted|post_session_investigation,"[""TURN 14 INCIDENT INVOLVING CARS 18 (STR) AND 77 (BOT) NOTED - CAUSING A COLLISION"", ""FIA STEWARDS: TURN 14 INCIDENT INVOLVING CARS 18 (STR) AND 77 (BOT) WILL BE INVESTIGATED AFTER THE RACE - CAUSING A COLLISION""]",False,False,False,unknown,unknown,exit,False,"{""corner_phase"": [""On the exit of the turn, Car 77 ran wide and as it attempted to return to the racing line, collided with Car 18 which was ahead of Car 77.""]}",machine_extracted_pending_human_review,pending_human_review,,,
adjudication-seed-fia-2023-mex-9aa5ef85abc1-01,adj-ad1abaf93ca48981,incident-src-ad1abaf93ca48981,fia-2023-mex-9aa5ef85abc1,2023-mex,Race,causing_collision,81,22,"Turns 2, 1, 3",,,unresolved,47,48,47|48,2023-10-29T21:33:00+00:00,2023-10-29T21:34:00+00:00,fia_clock_lap_interval,referral-92d0632d352eb40b,high_confidence_algorithmic,13.0,71.0,71.0,no_further_action,"[""FIA STEWARDS: TURN 1 INCIDENT INVOLVING CARS 22 (TSU) AND 81 (PIA) NO FURTHER ACTION - CAUSING A COLLISION"", ""FIA STEWARDS: TURN 2 INCIDENT INVOLVING CARS 22 (TSU) AND 81 (PIA) NO FURTHER ACTION - CAUSING A COLLISION""]",False,False,False,unknown,alongside,apex|exit,False,"{""corner_phase"": [""Car 81 was in front at the apex of Turn 2, then moves slightly to the left on the exit, as Car 22 is moving towards the entry to Turn 3 and a minor collision occurs."", ""Car 81 was in front at the apex of Turn 2, then moves slightly to the left on the exit, as Car 22 is moving towards the entry to Turn 3 and a minor collision occurs.""], ""overlap"": [""Both cars had been fighting for position side by side from Turn 1.""]}",machine_extracted_pending_human_review,pending_human_review,,,
adjudication-seed-fia-2023-ned-26a60af9f412-01,adj-43692d4605090feb,incident-src-43692d4605090feb,fia-2023-ned-26a60af9f412,2023-ned,Race,causing_collision,22,,,,,unresolved,51,52,51|52,2023-08-27T14:15:00+00:00,2023-08-27T14:16:00+00:00,fia_clock_lap_interval,referral-e53215989816aca5,candidate_pending_review,12.0,54.0,63.0,noted|investigation|sanction_announced,"[""TURN 1 INCIDENT INVOLVING CARS 22 (TSU) AND 63 (RUS) NOTED - CAUSING A COLLISION"", ""FIA STEWARDS: TURN 1 INCIDENT INVOLVING CARS 22 (TSU) AND 63 (RUS) UNDER INVESTIGATION - CAUSING A COLLISION"", ""FIA STEWARDS: 5 SECOND TIME PENALTY FOR CAR 22 (TSU) - CAUSING A COLLISION""]",False,False,False,ambiguous_both_lines_mentioned,unknown,unknown,False,"{""attacker_line"": [""Tsunoda was on the dirty inside line and having braked later he then understeered into Russell."", ""Russell was overtaking on the outside of Tsunoda on the front straight and into turn one.""]}",machine_extracted_pending_human_review,pending_human_review,,,
adjudication-seed-fia-2023-qat-04250e16f5a2-01,adj-f5b1f1c51a022137,incident-src-f5b1f1c51a022137,fia-2023-qat-04250e16f5a2,2023-qat,Race,causing_collision,44,63,Turn 1,1,1,model_reviewed_source_or_timing,1,1,1,2023-10-08T17:03:00+00:00,2023-10-08T17:04:00+00:00,fia_clock_lap_interval,referral-03dadc373d8e923f,high_confidence_algorithmic,13.0,2.0,3.0,noted|post_session_investigation,"[""TURN 1 INCIDENT INVOLVING CAR 44 (HAM) NOTED - CROSSING THE TRACK"", ""FIA STEWARDS: TURN 1 INCIDENT INVOLVING CAR 44 (HAM) WILL BE INVESTIGATED AFTER THE RACE - CROSSING THE TRACK"", ""TURN 1 INCIDENT INVOLVING CARS 44 (HAM) AND 63 (RUS) NOTED - CAUSING A COLLISION"", ""FIA STEWARDS: TURN 1 INCIDENT INVOLVING CARS 44 (HAM) AND 63 (RUS) WILL BE INVESTIGATED AFTER THE RACE - CAUSING A COLLISION""]",True,False,False,unknown,unknown,unknown,False,"{""first_lap"": [""Whilst the argument can be made that Car 44 was predominantly at fault, the Stewards, taking into account that the incident happened in Lap 1 and several cars were involved, determine that the incident is considered as a typical “Lap 1, Turn 1” incident and no driver is wholly at fault.""]}",machine_extracted_pending_human_review,pending_human_review,,,
adjudication-seed-fia-2023-qat-925cce82b462-01,adj-b485215d0d2901c7,incident-src-b485215d0d2901c7,fia-2023-qat-925cce82b462,2023-qat,Race,unsafe_rejoin,14,16,Turn 2,,,unresolved,32,33,32|33,2023-10-08T17:55:00+00:00,2023-10-08T17:56:00+00:00,fia_clock_lap_interval,referral-eae8e2cfc58a340d,candidate_pending_review,8.0,34.0,35.0,noted|investigation,"[""TURN 2 INCIDENT INVOLVING CAR 14 (ALO) NOTED - REJOINING UNSAFELY"", ""FIA STEWARDS: TURN 2 INCIDENT INVOLVING CAR 14 (ALO) UNDER INVESTIGATION - REJOINING UNSAFELY""]",False,False,False,unknown,unknown,unknown,False,{},machine_extracted_pending_human_review,pending_human_review,,,
adjudication-seed-fia-2023-qat-002060120e1b-01,adj-2bb6a3e3238bf797,incident-group-3d3328a390c3ac33,fia-2023-qat-002060120e1b,2023-qat,Sprint,causing_collision,11,27|31,Turn 2,,,unresolved,10,11,10|11,2023-10-07T17:52:00+00:00,2023-10-07T17:53:00+00:00,fia_clock_lap_interval,referral-50ed2c378523739f,high_confidence_algorithmic,13.0,12.0,12.0,noted,"[""TURN 2 INCIDENT INVOLVING CARS 11 (PER), 27 (HUL) AND 31 (OCO) NOTED - CAUSING A COLLISION""]",False,False,False,outside,alongside,unknown,False,"{""attacker_line"": [""This led to Car 11 being able to pull alongside on the outside before Turn 2.""], ""overlap"": [""This led to Car 11 being able to pull alongside on the outside before Turn 2."", ""Whilst Car 31 was moving from the left track edge to the middle of the track between Turns 1 and 2 with Car 27 on his right, the driver was not aware of Car 11 pulling alongside on the right side as his visibility was blocked by Car 27."", ""The Stewards determine that Car 31 moved in a manner that would have allowed Cars 31 and 27 to negotiate Turn 2 side by side if Car 11 had not been there.""]}",machine_extracted_pending_human_review,pending_human_review,,,
adjudication-seed-fia-2023-qat-8a64aec7daf5-01,adj-3963f9cb2db8ec33,incident-group-3d3328a390c3ac33,fia-2023-qat-8a64aec7daf5,2023-qat,Sprint,causing_collision,31,11|27,Turn 2,,,unresolved,10,11,10|11,2023-10-07T17:52:00+00:00,2023-10-07T17:53:00+00:00,fia_clock_lap_interval,referral-50ed2c378523739f,high_confidence_algorithmic,13.0,12.0,12.0,noted,"[""TURN 2 INCIDENT INVOLVING CARS 11 (PER), 27 (HUL) AND 31 (OCO) NOTED - CAUSING A COLLISION""]",False,False,False,outside,alongside,unknown,False,"{""attacker_line"": [""This led to Car 11 being able to pull alongside on the outside before Turn 2.""], ""overlap"": [""This led to Car 11 being able to pull alongside on the outside before Turn 2."", ""Whilst Car 31 was moving from the left track edge to the middle of the track between Turns 1 and 2 with Car 27 on his right, the driver was not aware of Car 11 pulling alongside on the right side as his visibility was blocked by Car 27."", ""The Stewards determine that Car 31 moved in a manner that would have allowed Cars 31 and 27 to negotiate Turn 2 side by side if Car 11 had not been there.""]}",machine_extracted_pending_human_review,pending_human_review,,,
adjudication-seed-fia-2023-qat-9b045d16fdac-01,adj-be81901bac03674e,incident-group-3d3328a390c3ac33,fia-2023-qat-9b045d16fdac,2023-qat,Sprint,causing_collision,27,11|31,Turn 2,,,unresolved,10,11,10|11,2023-10-07T17:52:00+00:00,2023-10-07T17:53:00+00:00,fia_clock_lap_interval,referral-50ed2c378523739f,high_confidence_algorithmic,13.0,12.0,12.0,noted,"[""TURN 2 INCIDENT INVOLVING CARS 11 (PER), 27 (HUL) AND 31 (OCO) NOTED - CAUSING A COLLISION""]",False,False,False,outside,alongside,unknown,False,"{""attacker_line"": [""This led to Car 11 being able to pull alongside on the outside before Turn 2.""], ""overlap"": [""This led to Car 11 being able to pull alongside on the outside before Turn 2."", ""Whilst Car 31 was moving from the left track edge to the middle of the track between Turns 1 and 2 with Car 27 on his right, the driver was not aware of Car 11 pulling alongside on the right side as his visibility was blocked by Car 27."", ""The Stewards determine that Car 31 moved in a manner that would have allowed Cars 31 and 27 to negotiate Turn 2 side by side if Car 11 had not been there.""]}",machine_extracted_pending_human_review,pending_human_review,,,
adjudication-seed-fia-2023-sgp-f4e066ac44c1-01,adj-1eae245c11ac871f,incident-src-1eae245c11ac871f,fia-2023-sgp-f4e066ac44c1,2023-sgp,Race,causing_collision,11,23|40,Turn 13,,,unresolved,58,59,58|59,2023-09-17T13:44:00+00:00,2023-09-17T13:45:00+00:00,fia_clock_lap_interval,referral-fa5877ac295331e9,candidate_pending_review,11.0,59.0,60.0,noted|post_session_investigation,"[""TURN 13 INCIDENT INVOLVING CARS 11 (PER) AND 23 (ALB) NOTED - CAUSING A COLLISION"", ""FIA STEWARDS: TURN 13 INCIDENT INVOLVING CARS 11 (PER) AND 23 (ALB) WILL BE INVESTIGATED AFTER THE RACE - CAUSING A COLLISION""]",False,False,False,unknown,unknown,unknown,False,{},machine_extracted_pending_human_review,pending_human_review,,,
adjudication-seed-fia-2023-usa-4b0f79bc4886-01,adj-0b22a250d896b161,incident-src-0b22a250d896b161,fia-2023-usa-4b0f79bc4886,2023-usa,Race,gaining_advantage_off_track,18,2,Turn 12,,26,fia_incident_clock_single_lap_interval,26,26,26,2023-10-22T19:48:00+00:00,2023-10-22T19:49:00+00:00,fia_clock_lap_interval,referral-a6aaa7fa2cdf6990,candidate_pending_review,12.0,28.0,33.0,noted|investigation|no_further_action,"[""TURN 12 INCIDENT INVOLVING CARS 2 (SAR) AND 18 (STR) NOTED "", ""FIA STEWARDS: TURN 12 INCIDENT INVOLVING CARS 2 (SAR) AND 18 (STR) UNDER INVESTIGATION "", ""FIA STEWARDS: TURN 12 INCIDENT INVOLVING CARS 2 (SAR) AND 18 (STR) NO FURTHER ACTION ""]",False,False,False,ambiguous_both_lines_mentioned,alongside,apex,False,"{""attacker_line"": [""The driver of Car 2 defended his position on the inside, forcing Car 18 slightly off track at the exit."", ""Car 18 made a move on Car 2 on the outside into Turn 12.""], ""corner_phase"": [""He was in front at the apex and to the exit and therefore had the right to the line.""], ""overlap"": [""However, due to the track layout in that part of the track, Car 18 was able to stay alongside and maintain his position, essentially resulting in both cars ending up in the correct order.""]}",machine_extracted_pending_human_review,pending_human_review,,,
adjudication-seed-fia-2023-usa-0349556641dc-01,adj-935cbd4cd614af87,incident-src-935cbd4cd614af87,fia-2023-usa-0349556641dc,2023-usa,Sprint,gaining_advantage_off_track,23,81,Turn 1,,,unresolved,6,7,6|7,2023-10-21T22:14:00+00:00,2023-10-21T22:15:00+00:00,fia_clock_lap_interval,referral-bb402d05433ecd0e,high_confidence_algorithmic,15.0,8.0,11.0,noted|investigation|no_further_action,"[""TURN 1 INCIDENT INVOLVING CARS 23 (ALB) AND 81 (PIA) NOTED - LEAVING THE TRACK AND GAINING AN ADVANTAGE"", ""FIA STEWARDS: TURN 1 INCIDENT INVOLVING CARS 23 (ALB) AND 81 (PIA) UNDER INVESTIGATION - LEAVING THE TRACK AND GAINING AN ADVANTAGE"", ""FIA STEWARDS: TURN 1 INCIDENT INVOLVING CARS 23 (ALB) AND 81 (PIA) NO FURTHER ACTION - LEAVING THE TRACK AND GAINING AN ADVANTAGE""]",False,False,False,unknown,alongside,unknown,False,"{""overlap"": [""Due to the track layout in that part of the track, Car 23 was able to stay alongside and maintain his position, essentially resulting in both cars ending up in the correct order.""]}",machine_extracted_pending_human_review,pending_human_review,,,
adjudication-seed-fia-2023-usa-233ee024e884-01,adj-69521e50d0d556b6,incident-src-69521e50d0d556b6,fia-2023-usa-233ee024e884,2023-usa,Sprint,gaining_advantage_off_track,63,81,Turn 15,,,unresolved,3,4,3|4,2023-10-21T22:08:00+00:00,2023-10-21T22:09:00+00:00,fia_clock_lap_interval,referral-41aa9fc9c52b1081,high_confidence_algorithmic,15.0,4.0,6.0,noted|investigation|sanction_announced,"[""TURN 15 INCIDENT INVOLVING CARS 63 (RUS) AND 81 (PIA) NOTED - LEAVING THE TRACK AND GAINING AN ADVANTAGE"", ""FIA STEWARDS: TURN 15 INCIDENT INVOLVING CARS 63 (RUS) AND 81 (PIA) UNDER INVESTIGATION - LEAVING THE TRACK AND GAINING AN ADVANTAGE"", ""FIA STEWARDS: 5 SECOND TIME PENALTY FOR CAR 63 (RUS) - LEAVING THE TRACK AND GAINING AN ADVANTAGE""]",False,False,False,outside,unknown,unknown,False,"{""attacker_line"": [""Car 63 was attempting to pass Car 81 on the outside into Turn 15.""]}",machine_extracted_pending_human_review,pending_human_review,,,
adjudication-seed-fia-2023-usa-cf78524f4683-01,adj-b34bfbde37e56841,incident-src-b34bfbde37e56841,fia-2023-usa-cf78524f4683,2023-usa,Sprint,forcing_off_track,24,20,Turn 1,,,unresolved,11,12,11|12,2023-10-21T22:22:00+00:00,2023-10-21T22:23:00+00:00,fia_clock_lap_interval,referral-514c03437a7f4166,high_confidence_algorithmic,15.0,14.0,19.0,noted|investigation|no_further_action,"[""TURN 1 INCIDENT INVOLVING CARS 20 (MAG) AND 24 (ZHO) NOTED - FORCING ANOTHER DRIVER OFF THE TRACK"", ""FIA STEWARDS: TURN 1 INCIDENT INVOLVING CARS 20 (MAG) AND 24 (ZHO) UNDER INVESTIGATION - FORCING ANOTHER DRIVER OFF THE TRACK"", ""FIA STEWARDS: TURN 1 INCIDENT INVOLVING CARS 20 (MAG) AND 24 (ZHO) NO FURTHER ACTION - FORCING ANOTHER DRIVER OFF THE TRACK""]",False,False,False,unknown,alongside,unknown,False,"{""overlap"": [""Due to the track layout in that part of the track, Car 20 was able to stay alongside and maintain his position, essentially resulting in both cars ending up in the correct order and Car 24 giving back the position to Car 20.""]}",machine_extracted_pending_human_review,pending_human_review,,,
adjudication-seed-fia-2023-usa-f78ade45f844-01,adj-b05ba7caf0f910d9,incident-src-b05ba7caf0f910d9,fia-2023-usa-f78ade45f844,2023-usa,Sprint,gaining_advantage_off_track,24,20,Turn 15,,13,fia_incident_clock_single_lap_interval,13,13,13,2023-10-21T22:25:00+00:00,2023-10-21T22:26:00+00:00,fia_clock_lap_interval,referral-8bf6626169dcd459,high_confidence_algorithmic,15.0,18.0,19.0,noted|investigation|sanction_announced,"[""TURN 15 INCIDENT INVOLVING CARS 20 (MAG) AND 24 (ZHO) NOTED - LEAVING THE TRACK AND GAINING AN ADVANTAGE"", ""FIA STEWARDS: TURN 15 INCIDENT INVOLVING CARS 20 (MAG) AND 24 (ZHO) UNDER INVESTIGATION - LEAVING THE TRACK AND GAINING AN ADVANTAGE"", ""FIA STEWARDS: 5 SECOND TIME PENALTY FOR CAR 24 (ZHO) - LEAVING THE TRACK AND GAINING AN ADVANTAGE""]",False,False,False,inside,unknown,unknown,False,"{""attacker_line"": [""Car 24 tried to overtake Car 20 on the inside into Turn 15, but was not able to complete the overtaking maneuver on track, left the track and gained a lasting advantage.""]}",machine_extracted_pending_human_review,pending_human_review,,,
adjudication-seed-fia-2024-abu-1738c094dc27-01,adj-2e20778ef64918d5,incident-src-2e20778ef64918d5,fia-2024-abu-1738c094dc27,2024-abu,Race,causing_collision,77,20,Turn 6,,30,fia_incident_clock_single_lap_interval,30,30,30,2024-12-08T13:49:00+00:00,2024-12-08T13:50:00+00:00,fia_clock_lap_interval,referral-ab309720b3991aaa,ambiguous_pending_review,13.0,32.0,32.0,noted|investigation,"[""TURN 6 INCIDENT INVOLVING CARS 20 (MAG) AND 77 (BOT) NOTED - CAUSING A COLLISION"", ""FIA STEWARDS: TURN 6 INCIDENT INVOLVING CARS 20 (MAG) AND 77 (BOT) UNDER INVESTIGATION - CAUSING A COLLISION""]",False,False,False,inside,unknown,unknown,False,"{""attacker_line"": [""Car 77 was on the inside of Car 20 on the approach to Turn 6, misjudged his braking significantly and collided with Car 20 which was entering the corner on the regular racing line.""]}",machine_extracted_pending_human_review,pending_human_review,,,
adjudication-seed-fia-2024-abu-4ec5bc83f9fa-01,adj-8ca9eb32832537c5,incident-src-8ca9eb32832537c5,fia-2024-abu-4ec5bc83f9fa,2024-abu,Race,causing_collision,1,81,Turn 1,,1,fia_incident_clock_single_lap_interval,1,1,1,2024-12-08T13:03:00+00:00,2024-12-08T13:04:00+00:00,fia_clock_lap_interval,referral-77f98b44ca9910e1,high_confidence_algorithmic,15.0,1.0,5.0,noted|investigation|sanction_announced,"[""TURN 1 INCIDENT INVOLVING CARS 1 (VER) AND 81 (PIA) NOTED - CAUSING A COLLISION"", ""FIA STEWARDS: TURN 1 INCIDENT INVOLVING CARS 1 (VER) AND 81 (PIA) UNDER INVESTIGATION - CAUSING A COLLISION"", ""FIA STEWARDS: 10 SECOND TIME PENALTY FOR CAR 1 (VER) - CAUSING A COLLISION""]",True,False,False,inside,alongside,apex,False,"{""attacker_line"": [""Car 1 attempted to overtake Car 81 on the inside into Turn 1, but never got far enough alongside.""], ""corner_phase"": [""Both cars collided shortly after the apex.""], ""overlap"": [""Car 1 attempted to overtake Car 81 on the inside into Turn 1, but never got far enough alongside.""]}",machine_extracted_pending_human_review,pending_human_review,,,
adjudication-seed-fia-2024-abu-62aed0693198-01,adj-5b76f9299c3d25a5,incident-src-5b76f9299c3d25a5,fia-2024-abu-62aed0693198,2024-abu,Race,causing_collision,77,11,Turn 6,1,1,model_reviewed_source_or_timing,1,1,1,2024-12-08T13:04:00+00:00,2024-12-08T13:05:00+00:00,fia_clock_lap_interval,referral-09e39de88467ad49,high_confidence_algorithmic,13.0,4.0,6.0,noted|investigation|sanction_announced,"[""TURN 7 INCIDENT INVOLVING CARS 77 (BOT) AND 11 (PER) NOTED - CAUSING A COLLISION"", ""FIA STEWARDS: TURN 7 INCIDENT INVOLVING CARS 77 (BOT) AND 11 (PER) UNDER INVESTIGATION - CAUSING A COLLISION"", ""FIA STEWARDS: 10 SECOND TIME PENALTY FOR CAR 77 (BOT) - CAUSING A COLLISION""]",True,False,False,inside,unknown,unknown,False,"{""attacker_line"": [""Car 77 attempted to overtake Car 11 on the inside into Turn 6, but ran over the inside kerb and hit the rear left wheel of Car 11.""]}",machine_extracted_pending_human_review,pending_human_review,,,
adjudication-seed-fia-2024-abu-b8e37d9fdbe9-01,adj-b6f8f8dea3be57fe,incident-src-b6f8f8dea3be57fe,fia-2024-abu-b8e37d9fdbe9,2024-abu,Race,causing_collision,81,43,Turn 6,,,unresolved,3,4,3|4,2024-12-08T13:08:00+00:00,2024-12-08T13:09:00+00:00,fia_clock_lap_interval,referral-426530d3c0394fff,high_confidence_algorithmic,15.0,6.0,9.0,noted|investigation|sanction_announced,"[""TURN 6 INCIDENT INVOLVING CARS 81 (PIA) AND 43 (COL) NOTED - CAUSING A COLLISION"", ""FIA STEWARDS: TURN 6 INCIDENT INVOLVING CARS 81 (PIA) AND 43 (COL) UNDER INVESTIGATION - CAUSING A COLLISION"", ""FIA STEWARDS: 10 SECOND TIME PENALTY FOR CAR 81 (PIA) - CAUSING A COLLISION""]",False,False,False,unknown,unknown,unknown,False,{},machine_extracted_pending_human_review,pending_human_review,,,
adjudication-seed-fia-2024-aut-0da607b84c40-01,adj-5005242a503c9174,incident-src-5005242a503c9174,fia-2024-aut-0da607b84c40,2024-aut,Race,causing_collision,1,4,Turn 3,,,unresolved,63,64,63|64,2024-06-30T14:17:00+00:00,2024-06-30T14:18:00+00:00,fia_clock_lap_interval,referral-2b2077507b58e645,high_confidence_algorithmic,15.0,64.0,68.0,noted|investigation|sanction_announced,"[""TURN 3 INCIDENT INVOLVING CARS 4 (NOR) AND 1 (VER) NOTED - CAUSING A COLLISION"", ""FIA STEWARDS: TURN 3 INCIDENT INVOLVING CARS 4 (NOR) AND 1 (VER) UNDER INVESTIGATION - CAUSING A COLLISION"", ""FIA STEWARDS: 10 SECOND TIME PENALTY FOR CAR 1 (VER) - CAUSING A COLLISION""]",False,False,False,unknown,alongside,unknown,False,"{""overlap"": [""Car 1 was approaching turn 3 with Car 4 alongside on his left.""]}",machine_extracted_pending_human_review,pending_human_review,,,
adjudication-seed-fia-2024-aut-4b3df85c59ad-01,adj-330069d582c20001,incident-src-330069d582c20001,fia-2024-aut-4b3df85c59ad,2024-aut,Race,gaining_advantage_off_track,44,55,"Turns 1, 3",,1,fia_incident_clock_single_lap_interval,1,1,1,2024-06-30T13:03:00+00:00,2024-06-30T13:04:00+00:00,fia_clock_lap_interval,referral-8ed77152ed04b6fe,high_confidence_algorithmic,13.0,3.0,6.0,noted|investigation|no_further_action,"[""TURN 1 INCIDENT INVOLVING CARS 44 (HAM) AND 55 (SAI) NOTED - LEAVING THE TRACK AND GAINING AN ADVANTAGE"", ""FIA STEWARDS: TURN 1 INCIDENT INVOLVING CARS 44 (HAM) AND 55 (SAI) UNDER INVESTIGATION - LEAVING THE TRACK AND GAINING AN ADVANTAGE"", ""FIA STEWARDS: TURN 1 INCIDENT INVOLVING CARS 44 (HAM) AND 55 (SAI) NO FURTHER ACTION - LEAVING THE TRACK AND GAINING AN ADVANTAGE""]",True,False,False,unknown,alongside,unknown,False,"{""overlap"": [""Car 44 left the track at the exit of turn 1 while being alongside Car 55, gained momentum off track and ended up in front of Car 55 on the approach to turn 3, thereby gaining an advantage.""]}",machine_extracted_pending_human_review,pending_human_review,,,
adjudication-seed-fia-2024-aut-4d4962053c25-01,adj-b361bfe26bd9fde2,incident-src-b361bfe26bd9fde2,fia-2024-aut-4d4962053c25,2024-aut,Race,causing_collision,14,24,Turn 3,,,unresolved,19,20,19|20,2024-06-30T13:26:00+00:00,2024-06-30T13:27:00+00:00,fia_clock_lap_interval,referral-ec71cc44d3a01f25,high_confidence_algorithmic,15.0,21.0,23.0,noted|investigation|sanction_announced,"[""TURN 3 INCIDENT INVOLVING CARS 14 (ALO) AND 24 (ZHO) NOTED - CAUSING A COLLISION"", ""FIA STEWARDS: TURN 3 INCIDENT INVOLVING CARS 14 (ALO) AND 24 (ZHO) UNDER INVESTIGATION - CAUSING A COLLISION"", ""FIA STEWARDS: 10 SECOND TIME PENALTY FOR CAR 14 (ALO) - CAUSING A COLLISION""]",False,False,False,inside,unknown,apex,False,"{""attacker_line"": [""The driver of Car 14 attempted a very late overtake on Car 24 on the inside into turn 3.""], ""corner_phase"": [""He never got in a position to have the right to the line and made contact with Car 24 at the apex.""]}",machine_extracted_pending_human_review,pending_human_review,,,
adjudication-seed-fia-2024-aut-1386e9236666-01,adj-f388f903abd92138,incident-src-f388f903abd92138,fia-2024-aut-1386e9236666,2024-aut,Sprint,forcing_off_track,27,14,Turn 3,,21,fia_incident_clock_single_lap_interval,21,21,21,2024-06-29T10:30:00+00:00,2024-06-29T10:31:00+00:00,fia_clock_lap_interval,referral-ea709ede9b41ff81,high_confidence_algorithmic,13.0,23.0,23.0,noted,"[""TURN 3 INCIDENT INVOLVING CARS 27 (HUL) AND 14 (ALO) NOTED - FORCING ANOTHER DRIVER OFF THE TRACK""]",False,False,False,unknown,unknown,apex,True,"{""control_error"": [""The driver of Car 27 attempted an overtake on Car 14 into Turn 3 but locked up and missed the apex.""], ""corner_phase"": [""The driver of Car 27 attempted an overtake on Car 14 into Turn 3 but locked up and missed the apex.""]}",machine_extracted_pending_human_review,pending_human_review,,,
adjudication-seed-fia-2024-aze-51d6849b52fb-01,adj-4d9543b8ee4e354b,incident-src-4d9543b8ee4e354b,fia-2024-aze-51d6849b52fb,2024-aze,Race,causing_collision,11,55,"Turns 2, 1",50,50,model_reviewed_source_or_timing,50,50,50,2024-09-15T12:33:00+00:00,2024-09-15T12:34:00+00:00,fia_clock_lap_interval,referral-8606750ab5c2e36e,candidate_pending_review,11.0,51.0,51.0,noted|post_session_investigation,"[""TURN 2 INCIDENT INVOLVING CARS 11 (PER) AND 55 (SAI) NOTED - CAUSING A COLLISION"", ""FIA STEWARDS: TURN 2 INCIDENT INVOLVING CARS 11 (PER) AND 55 (SAI) WILL BE INVESTIGATED AFTER THE RACE - CAUSING A COLLISION""]",False,False,False,unknown,unknown,apex,False,"{""corner_phase"": [""Sainz passed Perez after turn 1 and was completely ahead at the apex of turn 2.""]}",machine_extracted_pending_human_review,pending_human_review,,,
adjudication-seed-fia-2024-aze-ebeab05b8b9a-01,adj-94905942bca0fa49,incident-src-94905942bca0fa49,fia-2024-aze-ebeab05b8b9a,2024-aze,Race,causing_collision,55,11,"Turns 2, 1",50,50,model_reviewed_source_or_timing,50,50,50,2024-09-15T12:33:00+00:00,2024-09-15T12:34:00+00:00,fia_clock_lap_interval,referral-8606750ab5c2e36e,candidate_pending_review,11.0,51.0,51.0,noted|post_session_investigation,"[""TURN 2 INCIDENT INVOLVING CARS 11 (PER) AND 55 (SAI) NOTED - CAUSING A COLLISION"", ""FIA STEWARDS: TURN 2 INCIDENT INVOLVING CARS 11 (PER) AND 55 (SAI) WILL BE INVESTIGATED AFTER THE RACE - CAUSING A COLLISION""]",False,False,False,unknown,unknown,apex,False,"{""corner_phase"": [""Sainz passed Perez after turn 1 and was completely ahead at the apex of turn 2.""]}",machine_extracted_pending_human_review,pending_human_review,,,
adjudication-seed-fia-2024-can-119e41abd9ba-01,adj-e0e2c5e41cf687bb,incident-src-e0e2c5e41cf687bb,fia-2024-can-119e41abd9ba,2024-can,Race,gaining_advantage_off_track,4,63|81|1,Turn 1,,,unresolved,41,42,41|42,2024-06-09T19:07:00+00:00,2024-06-09T19:08:00+00:00,fia_clock_lap_interval,referral-7864f15230e8d4e4,candidate_pending_review,10.0,43.0,47.0,noted|investigation|no_further_action,"[""TURN 1 INCIDENT INVOLVING CAR 4 (NOR) NOTED - LEAVING THE TRACK AND GAINING AN ADVANTAGE"", ""FIA STEWARDS: TURN 1 INCIDENT INVOLVING CAR 4 (NOR) UNDER INVESTIGATION - LEAVING THE TRACK AND GAINING AN ADVANTAGE"", ""FIA STEWARDS: TURN 1 INCIDENT INVOLVING CAR 4 (NOR) NO FURTHER ACTION - LEAVING THE TRACK AND GAINING AN ADVANTAGE""]",False,False,False,unknown,unknown,unknown,False,{},machine_extracted_pending_human_review,pending_human_review,,,
adjudication-seed-fia-2024-can-2d45bb0945a9-01,adj-08975f5bf7e53df4,incident-group-1f0e1655ef842f90,fia-2024-can-2d45bb0945a9,2024-can,Race,causing_collision,81,63,Turns 13-14,,,unresolved,63,64,63|64,2024-06-09T19:40:00+00:00,2024-06-09T19:41:00+00:00,fia_clock_lap_interval,referral-c3855a333cd39450,candidate_pending_review,11.0,64.0,69.0,noted|investigation|post_session_investigation,"[""TURN 13 INCIDENT INVOLVING CARS 63 (RUS) AND 81 (PIA) NOTED - CAUSING A COLLISION"", ""FIA STEWARDS: TURN 13 INCIDENT INVOLVING CARS 63 (RUS) AND 81 (PIA) UNDER INVESTIGATION - CAUSING A COLLISION"", ""FIA STEWARDS: TURN 13 INCIDENT INVOLVING CARS 63 (RUS) AND 81 (PIA) WILL BE INVESTIGATED AFTER THE RACE - CAUSING A COLLISION""]",False,False,False,outside,alongside,apex,False,"{""attacker_line"": [""The driver of Car 63 attempted to overtake Car 81 on the outside into Turn 13, got fully alongside, but, given the nature of the turn and the track conditions, failed to complete the manoeuvre and both cars slightly touched at the apex.""], ""corner_phase"": [""The driver of Car 63 attempted to overtake Car 81 on the outside into Turn 13, got fully alongside, but, given the nature of the turn and the track conditions, failed to complete the manoeuvre and both cars slightly touched at the apex.""], ""overlap"": [""The driver of Car 63 attempted to overtake Car 81 on the outside into Turn 13, got fully alongside, but, given the nature of the turn and the track conditions, failed to complete the manoeuvre and both cars slightly touched at the apex.""]}",machine_extracted_pending_human_review,pending_human_review,,,
adjudication-seed-fia-2024-can-546aad3f9319-01,adj-d710238ee5f893bf,incident-group-1f0e1655ef842f90,fia-2024-can-546aad3f9319,2024-can,Race,causing_collision,63,81,Turns 13-14,,,unresolved,63,64,63|64,2024-06-09T19:40:00+00:00,2024-06-09T19:41:00+00:00,fia_clock_lap_interval,referral-c3855a333cd39450,candidate_pending_review,11.0,64.0,69.0,noted|investigation|post_session_investigation,"[""TURN 13 INCIDENT INVOLVING CARS 63 (RUS) AND 81 (PIA) NOTED - CAUSING A COLLISION"", ""FIA STEWARDS: TURN 13 INCIDENT INVOLVING CARS 63 (RUS) AND 81 (PIA) UNDER INVESTIGATION - CAUSING A COLLISION"", ""FIA STEWARDS: TURN 13 INCIDENT INVOLVING CARS 63 (RUS) AND 81 (PIA) WILL BE INVESTIGATED AFTER THE RACE - CAUSING A COLLISION""]",False,False,False,outside,alongside,apex,False,"{""attacker_line"": [""The driver of Car 63 attempted to overtake Car 81 on the outside into Turn 13, got fully alongside, but, given the nature of the turn and the track conditions, failed to complete the manoeuvre and both cars slightly touched at the apex.""], ""corner_phase"": [""The driver of Car 63 attempted to overtake Car 81 on the outside into Turn 13, got fully alongside, but, given the nature of the turn and the track conditions, failed to complete the manoeuvre and both cars slightly touched at the apex.""], ""overlap"": [""The driver of Car 63 attempted to overtake Car 81 on the outside into Turn 13, got fully alongside, but, given the nature of the turn and the track conditions, failed to complete the manoeuvre and both cars slightly touched at the apex.""]}",machine_extracted_pending_human_review,pending_human_review,,,
adjudication-seed-fia-2024-chn-4196fcc2964f-01,adj-d73632383a18fd68,incident-src-d73632383a18fd68,fia-2024-chn-4196fcc2964f,2024-chn,Race,forcing_off_track,18,27,Turn 6,,,unresolved,1,2,1|2,2024-04-21T07:05:00+00:00,2024-04-21T07:06:00+00:00,fia_clock_lap_interval,referral-84f9ec5b298f75e9,high_confidence_algorithmic,15.0,3.0,10.0,noted|investigation|no_further_action,"[""TURN 6 INCIDENT INVOLVING CARS 18 (STR) AND 27 (HUL) NOTED - FORCING ANOTHER DRIVER OFF THE TRACK"", ""FIA STEWARDS: TURN 6 INCIDENT INVOLVING CARS 18 (STR) AND 27 (HUL) UNDER INVESTIGATION - FORCING ANOTHER DRIVER OFF THE TRACK"", ""FIA STEWARDS: TURN 6 INCIDENT INVOLVING CARS 18 (STR) AND 27 (HUL) NO FURTHER ACTION - FORCING ANOTHER DRIVER OFF THE TRACK""]",False,False,False,unknown,alongside,apex,False,"{""corner_phase"": [""Using the Driving Standard Guidelines as a point of reference, Car 18 clearly had its front axle at least alongside the mirror of the other car by the apex of the corner."", ""The car was driven in a safe and controlled manner throughout the manoeuvre (entry, apex and exit) and did not, in our view, (deliberately) force the other car off the track at the exit.""], ""overlap"": [""Using the Driving Standard Guidelines as a point of reference, Car 18 clearly had its front axle at least alongside the mirror of the other car by the apex of the corner.""]}",machine_extracted_pending_human_review,pending_human_review,,,
adjudication-seed-fia-2024-chn-6d2ca4d46d70-01,adj-e6937a3f0184649f,incident-src-e6937a3f0184649f,fia-2024-chn-6d2ca4d46d70,2024-chn,Race,causing_collision,20,22,Turn 6,,27,fia_incident_clock_single_lap_interval,27,27,27,2024-04-21T07:52:00+00:00,2024-04-21T07:53:00+00:00,fia_clock_lap_interval,referral-bc57992bc49b2fc1,high_confidence_algorithmic,15.0,30.0,34.0,noted|investigation|sanction_announced,"[""TURN 6 INCIDENT INVOLVING CARS 20 (MAG) AND 22 (TSU) NOTED - CAUSING A COLLISION"", ""FIA STEWARDS: TURN 6 INCIDENT INVOLVING CARS 20 (MAG) AND 22 (TSU) UNDER INVESTIGATION - CAUSING A COLLISION"", ""FIA STEWARDS: 10 SECOND TIME PENALTY FOR CAR 20 (MAG) - CAUSING A COLLISION""]",False,False,False,unknown,unknown,unknown,False,{},machine_extracted_pending_human_review,pending_human_review,,,
adjudication-seed-fia-2024-chn-b693963070bc-01,adj-f8191026c986c048,incident-src-f8191026c986c048,fia-2024-chn-b693963070bc,2024-chn,Race,forcing_off_track,23,10,Turn 14,,,unresolved,4,5,4|5,2024-04-21T07:10:00+00:00,2024-04-21T07:11:00+00:00,fia_clock_lap_interval,referral-9fb8a3415b809e45,high_confidence_algorithmic,15.0,5.0,10.0,noted|investigation|no_further_action,"[""TURN 14 INCIDENT INVOLVING CARS 23 (ALB) AND 10 (GAS) NOTED - FORCING ANOTHER DRIVER OFF THE TRACK"", ""FIA STEWARDS: TURN 14 INCIDENT INVOLVING CARS 23 (ALB) AND 10 (GAS) UNDER INVESTIGATION - FORCING ANOTHER DRIVER OFF THE TRACK"", ""FIA STEWARDS: TURN 14 INCIDENT INVOLVING CARS 23 (ALB) AND 10 (GAS) NO FURTHER ACTION - FORCING ANOTHER DRIVER OFF THE TRACK""]",False,False,False,unknown,alongside,apex,False,"{""corner_phase"": [""Using the Driving Standard Guidelines as a point of reference, Car 23 clearly had its front axle at least alongside the mirror of the other car by the apex of the corner."", ""The car was driven in a safe and controlled manner throughout the manoeuvre (entry, apex and exit) and did not, in our view, (deliberately) force the other car off the track at the exit.""], ""overlap"": [""Using the Driving Standard Guidelines as a point of reference, Car 23 clearly had its front axle at least alongside the mirror of the other car by the apex of the corner.""]}",machine_extracted_pending_human_review,pending_human_review,,,
adjudication-seed-fia-2024-chn-e03c15c85429-01,adj-a3a2dc88b46fb907,incident-src-a3a2dc88b46fb907,fia-2024-chn-e03c15c85429,2024-chn,Race,causing_collision,18,3,Turn 14,,,unresolved,26,27,26|27,2024-04-21T07:51:00+00:00,2024-04-21T07:52:00+00:00,fia_clock_lap_interval,referral-9c8afbecf39abe74,high_confidence_algorithmic,15.0,28.0,34.0,noted|investigation|sanction_announced,"[""TURN 14 INCIDENT INVOLVING CARS 18 (STR) AND 3 (RIC) NOTED - CAUSING A COLLISION"", ""FIA STEWARDS: TURN 14 INCIDENT INVOLVING CARS 18 (STR) AND 3 (RIC) UNDER INVESTIGATION - CAUSING A COLLISION"", ""FIA STEWARDS: 10 SECOND TIME PENALTY FOR CAR 18 (STR) - CAUSING A COLLISION""]",False,False,False,unknown,unknown,unknown,False,{},machine_extracted_pending_human_review,pending_human_review,,,
adjudication-seed-fia-2024-chn-d3b9af164caf-01,adj-1b908ee0c8888db7,incident-src-1b908ee0c8888db7,fia-2024-chn-d3b9af164caf,2024-chn,Sprint,causing_collision,14,55,Turn 9,,16,fia_incident_clock_single_lap_interval,16,16,16,2024-04-20T03:30:00+00:00,2024-04-20T03:31:00+00:00,fia_clock_lap_interval,referral-c4d62265d08c758d,candidate_pending_review,8.0,17.0,17.0,noted,"[""TURN 7 INCIDENT INVOLVING CARS 14 (ALO) AND 55 (SAI) NOTED""]",False,False,False,unknown,unknown,unknown,False,{},machine_extracted_pending_human_review,pending_human_review,,,
adjudication-seed-fia-2024-hun-3048d0b101d3-01,adj-776eb15ec333fda5,incident-src-776eb15ec333fda5,fia-2024-hun-3048d0b101d3,2024-hun,Race,gaining_advantage_off_track,1,4|81,Turn 1,,1,fia_incident_clock_single_lap_interval,1,1,1,2024-07-21T13:03:00+00:00,2024-07-21T13:04:00+00:00,fia_clock_lap_interval,referral-9b218b7f34a6ae09,candidate_pending_review,10.0,2.0,4.0,noted|investigation|no_further_action,"[""TURN 1 INCIDENT INVOLVING CAR 1 (VER) NOTED - LEAVING THE TRACK AND GAINING AN ADVANTAGE"", ""FIA STEWARDS: TURN 1 INCIDENT INVOLVING CAR 1 (VER) UNDER INVESTIGATION - LEAVING THE TRACK AND GAINING AN ADVANTAGE"", ""FIA STEWARDS: TURN 1 INCIDENT INVOLVING CAR 1 (VER) NO FURTHER ACTION - LEAVING THE TRACK AND GAINING AN ADVANTAGE""]",True,False,False,unknown,alongside,unknown,False,"{""overlap"": [""Car 1 left the track at the exit of turn 1 while being alongside Car 4 which was alongside Car 81.""]}",machine_extracted_pending_human_review,pending_human_review,,,
adjudication-seed-fia-2024-hun-46b193d4af90-01,adj-c05dc23d16515f58,incident-src-c05dc23d16515f58,fia-2024-hun-46b193d4af90,2024-hun,Race,causing_collision,1,44,Turn 1,,,unresolved,62,63,62|63,2024-07-21T14:30:00+00:00,2024-07-21T14:31:00+00:00,fia_clock_lap_interval,referral-274dc2c54c49c08f,high_confidence_algorithmic,13.0,63.0,67.0,noted|post_session_investigation,"[""TURN 1 INCIDENT INVOLVING CARS 1 (VER) AND 44 (HAM) NOTED - CAUSING A COLLISION"", ""FIA STEWARDS: TURN 1 INCIDENT INVOLVING CARS 1 (VER) AND 44 (HAM) WILL BE INVESTIGATED AFTER THE RACE - CAUSING A COLLISION""]",False,False,False,unknown,unknown,unknown,False,{},machine_extracted_pending_human_review,pending_human_review,,,
adjudication-seed-fia-2024-ita-5562671d826a-01,adj-98bfaa1af9372654,incident-src-98bfaa1af9372654,fia-2024-ita-5562671d826a,2024-ita,Race,causing_collision,27,22,Turn 1,,,unresolved,4,5,4|5,2024-09-01T13:09:00+00:00,2024-09-01T13:10:00+00:00,fia_clock_lap_interval,referral-18b28ee33d7d4967,high_confidence_algorithmic,15.0,6.0,9.0,noted|investigation|sanction_announced,"[""TURN 1 INCIDENT INVOLVING CARS 27 (HUL) AND 22 (TSU) NOTED - CAUSING A COLLISION"", ""FIA STEWARDS: TURN 1 INCIDENT INVOLVING CARS 27 (HUL) AND 22 (TSU) UNDER INVESTIGATION - CAUSING A COLLISION"", ""FIA STEWARDS: 10 SECOND TIME PENALTY FOR CAR 27 (HUL) - CAUSING A COLLISION""]",False,False,False,unknown,unknown,unknown,False,{},machine_extracted_pending_human_review,pending_human_review,,,
adjudication-seed-fia-2024-ita-5774aa14322d-01,adj-f93d1bf0be920795,incident-src-f93d1bf0be920795,fia-2024-ita-5774aa14322d,2024-ita,Race,forcing_off_track,3,27,Turn 8,,1,fia_incident_clock_single_lap_interval,1,1,1,2024-09-01T13:04:00+00:00,2024-09-01T13:05:00+00:00,fia_clock_lap_interval,referral-c1a00ac8e5ee7c9c,candidate_pending_review,10.0,3.0,7.0,noted|investigation,"[""TURN 8 INCIDENT INVOLVING CARS 3 (RIC) AND 27 (HUL) NOTED - CAUSING A COLLISION"", ""FIA STEWARDS: TURN 8 INCIDENT INVOLVING CARS 3 (RIC) AND 27 (HUL) UNDER INVESTIGATION - CAUSING A COLLISION""]",True,False,False,unknown,unknown,unknown,False,{},machine_extracted_pending_human_review,pending_human_review,,,
adjudication-seed-fia-2024-ita-9747ddf1dc7b-01,adj-def027f293e93425,incident-src-def027f293e93425,fia-2024-ita-9747ddf1dc7b,2024-ita,Race,causing_collision,20,10,Turn 4,,,unresolved,18,19,18|19,2024-09-01T13:29:00+00:00,2024-09-01T13:30:00+00:00,fia_clock_lap_interval,referral-4a82c37c938fc223,high_confidence_algorithmic,15.0,19.0,25.0,noted|investigation|sanction_announced,"[""TURN 4 INCIDENT INVOLVING CARS 20 (MAG) AND 10 (GAS) NOTED - CAUSING A COLLISION"", ""FIA STEWARDS: TURN 4 INCIDENT INVOLVING CARS 20 (MAG) AND 10 (GAS) UNDER INVESTIGATION - CAUSING A COLLISION"", ""FIA STEWARDS: 10 SECOND TIME PENALTY FOR CAR 20 (MAG) - CAUSING A COLLISION""]",False,False,False,inside,unknown,unknown,False,"{""attacker_line"": [""On the approach to Turn 4, Car 20 attempted to overtake Car 10 on the inside.""]}",machine_extracted_pending_human_review,pending_human_review,,,
adjudication-seed-fia-2024-jpn-7c7c61a7ed8e-01,adj-cac143763ee20168,incident-src-cac143763ee20168,fia-2024-jpn-7c7c61a7ed8e,2024-jpn,Race,forcing_off_track,63,81,Turn 16,,,unresolved,49,50,49|50,2024-04-07T06:52:00+00:00,2024-04-07T06:53:00+00:00,fia_clock_lap_interval,referral-188bcc9384c01b2c,candidate_pending_review,11.0,50.0,53.0,noted|post_session_investigation,"[""TURN 17 INCIDENT INVOLVING CARS 81 (PIA) AND 63 (RUS) NOTED - FORCING ANOTHER DRIVER OFF THE TRACK"", ""FIA STEWARDS: TURN 17 INCIDENT INVOLVING CARS 81 (PIA) AND 63 (RUS) WILL BE INVESTIGATED AFTER THE RACE - FORCING ANOTHER DRIVER OFF THE TRACK""]",False,False,False,unknown,front_axle_ahead,exit,False,"{""corner_phase"": [""That the driver of Car 63 left sufficient room on the exit of Turn 16 for Car 81 to take the turn remaining on track.""], ""overlap"": [""That coming into Turn 16 Car 63’s front axle was in front of the mirrors of Car 81 hence according to the driving standards, Car 63 was entitled to “racing room” on Turn 16.""]}",machine_extracted_pending_human_review,pending_human_review,,,
adjudication-seed-fia-2024-jpn-9cf103b985c9-01,adj-7a872dc58411ce68,incident-src-7a872dc58411ce68,fia-2024-jpn-9cf103b985c9,2024-jpn,Race,causing_collision,3,23|18,Turn 3,,1,fia_incident_clock_single_lap_interval,1,1,1,2024-04-07T05:04:00+00:00,2024-04-07T05:05:00+00:00,fia_clock_lap_interval,referral-c7bba055f7371459,candidate_pending_review,9.0,2.0,2.0,noted|post_session_investigation,"[""TURN 2 INCIDENT INVOLVING CARS 3 (RIC) AND 23 (ALB) NOTED - CAUSING A COLLISION"", ""FIA STEWARDS: TURN 2 INCIDENT INVOLVING CARS 3 (RIC) AND 23 (ALB) WILL BE INVESTIGATED AFTER THE RACE - CAUSING A COLLISION""]",True,False,False,outside,unknown,apex,False,"{""attacker_line"": [""The driver of Car 23 stated that he thought he could overtake Car 3 on the outside, into Turn 3, but then suddenly realised that Car 3 had not seen him, applied the brakes but could not avoid the contact with Car 3.""], ""corner_phase"": [""He stated he then looked to the apex of Turn 3.""], ""first_lap"": [""Accordingly we determine this to be a first lap incident and decide to take no further action.""]}",machine_extracted_pending_human_review,pending_human_review,,,
adjudication-seed-fia-2024-mco-8f89aba81bd5-01,adj-6ea8c11583ab4051,incident-src-6ea8c11583ab4051,fia-2024-mco-8f89aba81bd5,2024-mco,Race,causing_collision,31,10,Turn 8,,1,fia_incident_clock_single_lap_interval,1,1,1,2024-05-26T13:04:00+00:00,2024-05-26T13:05:00+00:00,fia_clock_lap_interval,referral-611f4fb749525b00,ambiguous_pending_review,13.0,1.0,1.0,investigation,"[""FIA STEWARDS: TURN 8 INCIDENT INVOLVING CARS 10 (GAS) AND 31 (OCO) UNDER INVESTIGATION - CAUSING A COLLISION""]",True,False,False,unknown,unknown,unknown,False,{},machine_extracted_pending_human_review,pending_human_review,,,
adjudication-seed-fia-2024-mex-11839f036c68-01,adj-90ff433e4a6ee78a,incident-src-90ff433e4a6ee78a,fia-2024-mex-11839f036c68,2024-mex,Race,forcing_off_track,11,,Turn 4,,,unresolved,18,19,18|19,2024-10-27T20:33:00+00:00,2024-10-27T20:34:00+00:00,fia_clock_lap_interval,referral-7a5b0d7437e8db95,high_confidence_algorithmic,14.0,20.0,26.0,noted|investigation|no_further_action,"[""TURN 4 INCIDENT INVOLVING CARS 18 (STR) AND 11 (PER) NOTED - FORCING ANOTHER DRIVER OFF THE TRACK"", ""FIA STEWARDS: TURN 4 INCIDENT INVOLVING CARS 18 (STR) AND 11 (PER) UNDER INVESTIGATION - FORCING ANOTHER DRIVER OFF THE TRACK"", ""FIA STEWARDS: TURN 4 INCIDENT INVOLVING CARS 18 (STR) AND 11 (PER) NO FURTHER ACTION - FORCING ANOTHER DRIVER OFF THE TRACK""]",False,False,False,outside,alongside,unknown,False,"{""attacker_line"": [""Stroll was attempting to overtake Perez on the outside of Turn 4.""], ""overlap"": [""However, Stroll was never fully alongside, and was not “entitled” to racing room at the exit and Perez’ line was normal for that turn.""]}",machine_extracted_pending_human_review,pending_human_review,,,
adjudication-seed-fia-2024-mex-9398d22e8e7e-01,adj-10a8c59210b937e3,incident-src-10a8c59210b937e3,fia-2024-mex-9398d22e8e7e,2024-mex,Race,forcing_off_track,1,,Turn 4,,,unresolved,9,10,9|10,2024-10-27T20:20:00+00:00,2024-10-27T20:21:00+00:00,fia_clock_lap_interval,referral-0173faab91b6e639,high_confidence_algorithmic,15.0,12.0,13.0,noted|investigation|sanction_announced,"[""TURN 4 INCIDENT INVOLVING CAR 1 (VER) NOTED - FORCING ANOTHER DRIVER OFF THE TRACK"", ""FIA STEWARDS: TURN 4 INCIDENT INVOLVING CAR 1 (VER) UNDER INVESTIGATION - FORCING ANOTHER DRIVER OFF THE TRACK"", ""FIA STEWARDS: 10 SECOND TIME PENALTY FOR CAR 1 (VER) - FORCING ANOTHER DRIVER OFF THE TRACK""]",False,False,False,outside,unknown,apex,False,"{""attacker_line"": [""Norris was attempting to overtake on the outside of Verstappen at Turn 4.""], ""corner_phase"": [""Norris was ahead of Verstappen at the entry, apex and towards the exit of the turn when he started being forced off the track.""]}",machine_extracted_pending_human_review,pending_human_review,,,
adjudication-seed-fia-2024-mex-a4340456d96a-01,adj-692b411e9f958d1d,incident-src-692b411e9f958d1d,fia-2024-mex-a4340456d96a,2024-mex,Race,forcing_off_track,11,30,Turns 4-5,,18,fia_incident_clock_single_lap_interval,18,18,18,2024-10-27T20:32:00+00:00,2024-10-27T20:33:00+00:00,fia_clock_lap_interval,referral-757a273c8e47a76c,candidate_pending_review,10.0,20.0,23.0,noted|investigation|no_further_action,"[""TURN 5 INCIDENT INVOLVING CARS 30 (LAW) AND 11 (PER) NOTED"", ""FIA STEWARDS: TURN 5 INCIDENT INVOLVING CARS 30 (LAW) AND 11 (PER) UNDER INVESTIGATION"", ""FIA STEWARDS: TURN 5 INCIDENT INVOLVING CARS 30 (LAW) AND 11 (PER) NO FURTHER ACTION""]",False,False,False,inside,unknown,apex,False,"{""attacker_line"": [""Perez was attempting to pass Lawson on the inside of Turn 4.""], ""corner_phase"": [""Perez had a significant portion of the car to the inside of Lawson at the apex of Turn 4, however to do so he was significantly on the kerb, and in the view of the Stewards the maneuver was late.""]}",machine_extracted_pending_human_review,pending_human_review,,,
adjudication-seed-fia-2024-mex-c52d53ba8a48-01,adj-c66b11904508fc88,incident-src-c66b11904508fc88,fia-2024-mex-c52d53ba8a48,2024-mex,Race,causing_collision,43,30,"Turns 2, 1",,65,fia_incident_clock_single_lap_interval,65,65,65,2024-10-27T21:37:00+00:00,2024-10-27T21:38:00+00:00,fia_clock_lap_interval,referral-353f20b08f4eabf0,ambiguous_pending_review,8.0,71.0,71.0,sanction_announced,"[""FIA STEWARDS: 10 SECOND TIME PENALTY FOR CAR 43 (COL) - CAUSING A COLLISION""]",False,False,False,outside,alongside,apex,False,"{""attacker_line"": [""Colapinto was attempting to overtake on the outside of Lawson at Turn 1.""], ""corner_phase"": [""He was not quite fully alongside at the apex and through the exit and was thus not “entitled” to racing room at the exit."", ""Lawson gave Colapinto room at the apex of Turn 2.""], ""overlap"": [""He was not quite fully alongside at the apex and through the exit and was thus not “entitled” to racing room at the exit.""]}",machine_extracted_pending_human_review,pending_human_review,,,
adjudication-seed-fia-2024-mex-f2d0b4da1ba3-01,adj-e29345f3745be8dd,incident-src-e29345f3745be8dd,fia-2024-mex-f2d0b4da1ba3,2024-mex,Race,gaining_advantage_off_track,1,,"Turns 4, 8",,,unresolved,10,11,10|11,2024-10-27T20:21:00+00:00,2024-10-27T20:22:00+00:00,fia_clock_lap_interval,referral-84688bd7e61164a1,high_confidence_algorithmic,13.0,19.0,19.0,sanction_announced,"[""FIA STEWARDS: 10 SECOND TIME PENALTY FOR CAR 1 (VER) - LEAVING THE TRACK AND GAINING AN ADVANTAGE AT T8""]",False,False,False,inside,unknown,apex,False,"{""attacker_line"": [""Following the incident in Turn 4, Verstappen attempted to pass Norris on the inside at Turn 8.""], ""corner_phase"": [""Verstappen was ahead at the apex of Turn 8 and would have been entitled to racing room.""]}",machine_extracted_pending_human_review,pending_human_review,,,
adjudication-seed-fia-2024-mia-429b87bfdb1b-01,adj-4c476899a4894e96,incident-src-4c476899a4894e96,fia-2024-mia-429b87bfdb1b,2024-mia,Race,gaining_advantage_off_track,18,23,Turn 1,,,unresolved,51,52,51|52,2024-05-05T21:25:00+00:00,2024-05-05T21:26:00+00:00,fia_clock_lap_interval,referral-eb8e7ff6becf2603,high_confidence_algorithmic,15.0,53.0,57.0,noted|investigation|sanction_announced,"[""TURN 1 INCIDENT INVOLVING CARS 18 (STR) AND 23 (ALB) NOTED - LEAVING THE TRACK AND GAINING AN ADVANTAGE"", ""FIA STEWARDS: TURN 1 INCIDENT INVOLVING CARS 18 (STR) AND 23 (ALB) UNDER INVESTIGATION - LEAVING THE TRACK AND GAINING AN ADVANTAGE"", ""FIA STEWARDS: 10 SECOND TIME PENALTY FOR CAR 18 (STR) - LEAVING THE TRACK AND GAINING AN ADVANTAGE""]",False,False,False,unknown,unknown,unknown,False,{},machine_extracted_pending_human_review,pending_human_review,,,
adjudication-seed-fia-2024-mia-bb1a3715e072-01,adj-1e58e40badf7452a,incident-src-1e58e40badf7452a,fia-2024-mia-bb1a3715e072,2024-mia,Race,causing_collision,20,2,"Turns 3, 1, 2",,,unresolved,27,28,27|28,2024-05-05T20:46:00+00:00,2024-05-05T20:47:00+00:00,fia_clock_lap_interval,referral-b8e78a86fa8cc024,high_confidence_algorithmic,13.0,31.0,31.0,noted|investigation|sanction_announced,"[""TURN 3 INCIDENT INVOLVING CARS 20 (MAG) AND 2 (SAR) NOTED - CAUSING A COLLISION"", ""FIA STEWARDS: TURN 3 INCIDENT INVOLVING CARS 20 (MAG) AND 2 (SAR) UNDER INVESTIGATION - CAUSING A COLLISION"", ""FIA STEWARDS: 10 SECOND TIME PENALTY FOR CAR 20 (MAG) - CAUSING A COLLISION""]",False,False,False,ambiguous_both_lines_mentioned,alongside,apex,False,"{""attacker_line"": [""Further, if this is looked at purely as an overtaking on the inside of Turn 3, Car 20 would also not have had the right to the corner, by the standards for an inside overtake."", ""The Stewards reviewed positioning/marshalling system data, video, timing, team radio and in-car video evidence and determined that Car 20 was attempting to pass Car 2 at Turn 1 and then again on the outside at Turn 2 and finally collided with Car 2 at Turn 3."", ""Per the Driving Standards Guidelines, in order for Car 20 to be given room for an overtaking attempt on the outside, Car 20 needed to have the front axle at least alongside the front axle of the other car at the apex of Turn 2.""], ""corner_phase"": [""Per the Driving Standards Guidelines, in order for Car 20 to be given room for an overtaking attempt on the outside, Car 20 needed to have the front axle at least alongside the front axle of the other car at the apex of Turn 2.""], ""overlap"": [""Per the Driving Standards Guidelines, in order for Car 20 to be given room for an overtaking attempt on the outside, Car 20 needed to have the front axle at least alongside the front axle of the other car at the apex of Turn 2.""]}",machine_extracted_pending_human_review,pending_human_review,,,
adjudication-seed-fia-2024-mia-d65987c13425-01,adj-0e32abe64682f839,incident-src-0e32abe64682f839,fia-2024-mia-d65987c13425,2024-mia,Race,causing_collision,55,81,Turn 17,,,unresolved,39,40,39|40,2024-05-05T21:06:00+00:00,2024-05-05T21:07:00+00:00,fia_clock_lap_interval,referral-510c6f779098c322,high_confidence_algorithmic,13.0,40.0,49.0,noted|investigation|post_session_investigation,"[""TURN 17 INCIDENT INVOLVING CARS 55 (SAI) AND 81 (PIA) NOTED - CAUSING A COLLISION"", ""FIA STEWARDS: TURN 17 INCIDENT INVOLVING CARS 55 (SAI) AND 81 (PIA) UNDER INVESTIGATION - CAUSING A COLLISION"", ""FIA STEWARDS: TURN 17 INCIDENT INVOLVING CARS 55 (SAI) AND 81 (PIA) WILL BE INVESTIGATED AFTER THE RACE - CAUSING A COLLISION""]",False,False,False,unknown,unknown,apex,True,"{""control_error"": [""In the overtake attempt, Car 55 braked late, missed the apex and in the process lost the rear, with the resulting collision.""], ""corner_phase"": [""In the overtake attempt, Car 55 braked late, missed the apex and in the process lost the rear, with the resulting collision.""]}",machine_extracted_pending_human_review,pending_human_review,,,
adjudication-seed-fia-2024-mia-54507686b24f-01,adj-662202a5b879f049,incident-src-662202a5b879f049,fia-2024-mia-54507686b24f,2024-mia,Sprint,gaining_advantage_off_track,20,,Turn 15,,,unresolved,8,9,8|9,2024-05-04T16:18:00+00:00,2024-05-04T16:19:00+00:00,fia_clock_lap_interval,referral-ca89fa0538a470ab,high_confidence_algorithmic,15.0,10.0,19.0,noted|investigation|sanction_announced,"[""TURN 15 INCIDENT INVOLVING CAR 20 (MAG) NOTED - LEAVING THE TRACK AND GAINING AN ADVANTAGE"", ""FIA STEWARDS: TURN 15 INCIDENT INVOLVING CAR 20 (MAG) UNDER INVESTIGATION - LEAVING THE TRACK AND GAINING AN ADVANTAGE"", ""FIA STEWARDS: 10 SECOND TIME PENALTY FOR CAR 20 (MAG) - LEAVING THE TRACK AND GAINING AN ADVANTAGE"", ""TURN 11 INCIDENT INVOLVING CAR 20 (MAG) NOTED - LEAVING THE TRACK AND GAINING AN ADVANTAGE"", ""FIA STEWARDS: TURN 11 INCIDENT INVOLVING CAR 20 (MAG) UNDER INVESTIGATION - LEAVING THE TRACK AND GAINING AN ADVANTAGE"", ""FIA STEWARDS: 10 SECOND TIME PENALTY FOR CAR 20 (MAG) - LEAVING THE TRACK AND GAINING AN ADVANTAGE"", ""FIA STEWARDS: 10 SECOND TIME PENALTY FOR CAR 20 (MAG) - LEAVING THE TRACK AND GAINING AN ADVANTAGE""]",False,False,False,unknown,unknown,unknown,False,{},machine_extracted_pending_human_review,pending_human_review,,,
adjudication-seed-fia-2024-mia-86547ded7d12-01,adj-66a7d8add9666258,incident-group-86e2a514b5312efc,fia-2024-mia-86547ded7d12,2024-mia,Sprint,causing_collision,18,14|4|44,Turn 1,1,1,model_reviewed_source_or_timing,1,1,1,2024-05-04T16:03:00+00:00,2024-05-04T16:04:00+00:00,fia_clock_lap_interval,,unmatched,,,,,,True,False,False,unknown,unknown,unknown,False,"{""first_lap"": [""The Stewards reviewed positioning/marshalling system data, video and in-car video evidence and determined that Cars 14, 18, 44 and 4 collided when they were navigating Turn 1 of Lap 1."", ""Also keeping in mind that this was in Turn 1 of Lap 1 where greater latitude is given to drivers for incidents, we took no further action.""]}",machine_extracted_pending_human_review,pending_human_review,,,
adjudication-seed-fia-2024-mia-a149f4a3c2c5-01,adj-909aa84ac351505f,incident-src-909aa84ac351505f,fia-2024-mia-a149f4a3c2c5,2024-mia,Sprint,gaining_advantage_off_track,20,44,Turn 11,,,unresolved,14,15,14|15,2024-05-04T16:27:00+00:00,2024-05-04T16:28:00+00:00,fia_clock_lap_interval,referral-57f564ee87dad867,high_confidence_algorithmic,13.0,16.0,16.0,noted|investigation,"[""TURN 11 INCIDENT INVOLVING CARS 20 (MAG) AND 44 (HAM) NOTED - LEAVING THE TRACK AND GAINING AN ADVANTAGE"", ""FIA STEWARDS: TURN 11 INCIDENT INVOLVING CARS 20 (MAG) AND 44 (HAM) UNDER INVESTIGATION - LEAVING THE TRACK AND GAINING AN ADVANTAGE""]",False,False,False,unknown,unknown,unknown,False,{},machine_extracted_pending_human_review,pending_human_review,,,
adjudication-seed-fia-2024-mia-b115633c9ba0-01,adj-c88d0a0133c58194,incident-group-86e2a514b5312efc,fia-2024-mia-b115633c9ba0,2024-mia,Sprint,causing_collision,14,18|4|44,Turn 1,1,1,model_reviewed_source_or_timing,1,1,1,2024-05-04T16:03:00+00:00,2024-05-04T16:04:00+00:00,fia_clock_lap_interval,,unmatched,,,,,,True,False,False,unknown,unknown,unknown,False,"{""first_lap"": [""The Stewards reviewed positioning/marshalling system data, video and in-car video evidence and determined that Cars 14, 18, 44 and 4 collided when they were navigating Turn 1 of Lap 1."", ""Also keeping in mind that this was in Turn 1 of Lap 1 where greater latitude is given to drivers for incidents, we took no further action.""]}",machine_extracted_pending_human_review,pending_human_review,,,
adjudication-seed-fia-2024-mia-badde45f9141-01,adj-0a015cee0b31ad67,incident-group-86e2a514b5312efc,fia-2024-mia-badde45f9141,2024-mia,Sprint,causing_collision,44,14|4|18,Turn 1,1,1,model_reviewed_source_or_timing,1,1,1,2024-05-04T16:03:00+00:00,2024-05-04T16:04:00+00:00,fia_clock_lap_interval,,unmatched,,,,,,True,False,False,unknown,unknown,unknown,False,"{""first_lap"": [""The Stewards reviewed positioning/marshalling system data, video and in-car video evidence and determined that Cars 14, 18, 44 and 4 collided when they were navigating Turn 1 of Lap 1."", ""Also keeping in mind that this was in Turn 1 of Lap 1 where greater latitude is given to drivers for incidents, we took no further action.""]}",machine_extracted_pending_human_review,pending_human_review,,,
adjudication-seed-fia-2024-mia-feb431961f72-01,adj-2c2dff8fa5835c89,incident-src-2c2dff8fa5835c89,fia-2024-mia-feb431961f72,2024-mia,Sprint,gaining_advantage_off_track,20,44,Turn 11,,,unresolved,12,13,12|13,2024-05-04T16:24:00+00:00,2024-05-04T16:25:00+00:00,fia_clock_lap_interval,referral-57f564ee87dad867,high_confidence_algorithmic,13.0,16.0,16.0,noted|investigation,"[""TURN 11 INCIDENT INVOLVING CARS 20 (MAG) AND 44 (HAM) NOTED - LEAVING THE TRACK AND GAINING AN ADVANTAGE"", ""FIA STEWARDS: TURN 11 INCIDENT INVOLVING CARS 20 (MAG) AND 44 (HAM) UNDER INVESTIGATION - LEAVING THE TRACK AND GAINING AN ADVANTAGE""]",False,False,False,unknown,unknown,unknown,False,{},machine_extracted_pending_human_review,pending_human_review,,,
adjudication-seed-fia-2024-qat-3c549ce8f3dd-01,adj-8cd0b8f0391a2018,incident-src-8cd0b8f0391a2018,fia-2024-qat-3c549ce8f3dd,2024-qat,Race,causing_collision,18,23,Turn 4,1,1,model_reviewed_source_or_timing,1,1,1,2024-12-01T16:04:00+00:00,2024-12-01T16:05:00+00:00,fia_clock_lap_interval,referral-b2dfeca185ec8f72,high_confidence_algorithmic,15.0,4.0,8.0,noted|investigation|sanction_announced,"[""TURN 4 INCIDENT INVOLVING CARS 18 (STR) AND 23 (ALB) NOTED - CAUSING A COLLISION"", ""FIA STEWARDS: TURN 4 INCIDENT INVOLVING CARS 18 (STR) AND 23 (ALB) UNDER INVESTIGATION - CAUSING A COLLISION"", ""FIA STEWARDS: 10 SECOND TIME PENALTY FOR CAR 18 (STR) - CAUSING A COLLISION""]",True,False,False,unknown,unknown,unknown,False,"{""first_lap"": [""Despite this being a lap 1 incident, the collision was not the result of normal lap 1 crowding, so the usual tolerance for lap 1 instances is not applicable.""]}",machine_extracted_pending_human_review,pending_human_review,,,
adjudication-seed-fia-2024-qat-ac0687a82537-01,adj-d55cdfc134f24f71,incident-src-d55cdfc134f24f71,fia-2024-qat-ac0687a82537,2024-qat,Race,causing_collision,23,20,Turn 1,,43,fia_incident_clock_single_lap_interval,43,43,43,2024-12-01T17:14:00+00:00,2024-12-01T17:15:00+00:00,fia_clock_lap_interval,referral-dd7533f75f09690c,high_confidence_algorithmic,15.0,45.0,54.0,noted|investigation|sanction_announced,"[""TURN 1 INCIDENT INVOLVING CARS 23 (ALB) AND 20 (MAG) NOTED - CAUSING A COLLISION"", ""TURN 1 INCIDENT INVOLVING CARS 23 (ALB) AND 20 (MAG) NOTED - FORCING ANOTHER DRIVER OFF THE TRACK"", ""FIA STEWARDS: TURN 1 INCIDENT INVOLVING CARS 23 (ALB) AND 20 (MAG) UNDER INVESTIGATION - CAUSING A COLLISION"", ""FIA STEWARDS: 10 SECOND TIME PENALTY FOR CAR 23 (ALB) - CAUSING A COLLISION""]",False,False,False,unknown,unknown,apex,False,"{""corner_phase"": [""In turn 1 at the apex, the driver of Car 23 oversteered, corrected but as a result collided with Car 20.""]}",machine_extracted_pending_human_review,pending_human_review,,,
adjudication-seed-fia-2024-qat-ea0ded916e32-01,adj-244bac6c349c96be,incident-src-244bac6c349c96be,fia-2024-qat-ea0ded916e32,2024-qat,Race,causing_collision,30,77,Turn 1,5,5,model_reviewed_source_or_timing,4,5,4|5,2024-12-01T16:12:00+00:00,2024-12-01T16:13:00+00:00,fia_clock_lap_interval,referral-af283570cc6acd71,high_confidence_algorithmic,15.0,6.0,11.0,noted|investigation|sanction_announced,"[""TURN 1 INCIDENT INVOLVING CARS 77 (BOT) AND 30 (LAW) NOTED - CAUSING A COLLISION"", ""FIA STEWARDS: TURN 1 INCIDENT INVOLVING CARS 77 (BOT) AND 30 (LAW) UNDER INVESTIGATION - CAUSING A COLLISION"", ""FIA STEWARDS: 10 SECOND TIME PENALTY FOR CAR 30 (LAW) - CAUSING A COLLISION""]",False,False,False,unknown,unknown,unknown,False,{},machine_extracted_pending_human_review,pending_human_review,,,
adjudication-seed-fia-2024-sao-77a08cd10ed4-01,adj-c415a16a0b4f8470,incident-src-c415a16a0b4f8470,fia-2024-sao-77a08cd10ed4,2024-sao,Race,causing_collision,81,30,Turn 1,,,unresolved,25,26,25|26,2024-11-03T16:25:00+00:00,2024-11-03T16:26:00+00:00,fia_clock_lap_interval,referral-56f9042ef5b6a732,high_confidence_algorithmic,14.0,27.0,33.0,noted|investigation|sanction_announced,"[""TURN 1 INCIDENT INVOLVING CARS 81 (PIA) AND 30 (LAW) NOTED - CAUSING A COLLISION"", ""FIA STEWARDS: TURN 1 INCIDENT INVOLVING CARS 81 (PIA) AND 30 (LAW) UNDER INVESTIGATION - CAUSING A COLLISION"", ""FIA STEWARDS: 10 SECOND TIME PENALTY FOR CAR 81 (PIA) - CAUSING A COLLISION"", ""TURN 1 INCIDENT INVOLVING CARS 44 (HAM) AND 30 (LAW) NOTED - CAUSING A COLLISION""]",False,False,False,inside,unknown,unknown,False,"{""attacker_line"": [""The driver of car 81 did not reach the point as required by the Driving Standard Guidelines to be entitled to room on the inside.""]}",machine_extracted_pending_human_review,pending_human_review,,,
adjudication-seed-fia-2024-sao-b822c02eabd2-01,adj-dc9490802ee7ddff,incident-src-dc9490802ee7ddff,fia-2024-sao-b822c02eabd2,2024-sao,Race,causing_collision,50,43,Turn 10,,4,fia_incident_clock_single_lap_interval,4,4,4,2024-11-03T15:55:00+00:00,2024-11-03T15:56:00+00:00,fia_clock_lap_interval,referral-4533a764cb46f7af,high_confidence_algorithmic,15.0,5.0,9.0,noted|investigation|sanction_announced,"[""TURN 10 INCIDENT INVOLVING CARS 50 (BEA) AND 43 (COL) NOTED - CAUSING A COLLISION"", ""FIA STEWARDS: TURN 10 INCIDENT INVOLVING CARS 50 (BEA) AND 43 (COL) UNDER INVESTIGATION - CAUSING A COLLISION"", ""FIA STEWARDS: 10 SECOND TIME PENALTY FOR CAR 50 (BEA) - CAUSING A COLLISION""]",False,False,False,unknown,unknown,unknown,False,{},machine_extracted_pending_human_review,pending_human_review,,,
adjudication-seed-fia-2024-sau-27fea0cbbfa4-01,adj-6d8e823e259176bd,incident-src-6d8e823e259176bd,fia-2024-sau-27fea0cbbfa4,2024-sau,Race,gaining_advantage_off_track,20,22,Turn 4,,,unresolved,16,17,16|17,2024-03-09T17:32:00+00:00,2024-03-09T17:33:00+00:00,fia_clock_lap_interval,referral-0197c2079740e49e,high_confidence_algorithmic,15.0,20.0,22.0,noted|investigation|sanction_announced,"[""TURN 4 INCIDENT INVOLVING CARS 20 (MAG) AND 22 (TSU) NOTED - LEAVING THE TRACK AND GAINING AN ADVANTAGE"", ""FIA STEWARDS: TURN 4 INCIDENT INVOLVING CARS 20 (MAG) AND 22 (TSU) UNDER INVESTIGATION - LEAVING THE TRACK AND GAINING AN ADVANTAGE"", ""FIA STEWARDS: 10 SECOND TIME PENALTY FOR CAR 20 (MAG) - LEAVING THE TRACK AND GAINING AN ADVANTAGE""]",False,False,False,unknown,unknown,unknown,False,{},machine_extracted_pending_human_review,pending_human_review,,,
adjudication-seed-fia-2024-sau-675654dfe88e-01,adj-4b18175e3ab1d349,incident-src-4b18175e3ab1d349,fia-2024-sau-675654dfe88e,2024-sau,Race,causing_collision,20,23,Turn 4,,,unresolved,9,10,9|10,2024-03-09T17:21:00+00:00,2024-03-09T17:22:00+00:00,fia_clock_lap_interval,referral-29a925ed0477f06f,high_confidence_algorithmic,15.0,13.0,16.0,noted|investigation|sanction_announced,"[""TURN 4 INCIDENT INVOLVING CARS 20 (MAG) AND 23 (ALB) NOTED - CAUSING A COLLISION"", ""FIA STEWARDS: TURN 4 INCIDENT INVOLVING CARS 20 (MAG) AND 23 (ALB) UNDER INVESTIGATION - CAUSING A COLLISION"", ""FIA STEWARDS: 10 SECOND TIME PENALTY FOR CAR 20 (MAG) - CAUSING A COLLISION""]",False,False,False,unknown,unknown,unknown,False,{},machine_extracted_pending_human_review,pending_human_review,,,
adjudication-seed-fia-2024-usa-1d5ba0527e94-01,adj-780b464e1e0142e6,incident-src-780b464e1e0142e6,fia-2024-usa-1d5ba0527e94,2024-usa,Race,gaining_advantage_off_track,10,23,Turn 15,,27,fia_incident_clock_single_lap_interval,27,27,27,2024-10-20T19:51:00+00:00,2024-10-20T19:52:00+00:00,fia_clock_lap_interval,referral-05029cdb2842ae7d,high_confidence_algorithmic,15.0,29.0,33.0,noted|investigation|sanction_announced,"[""TURN 15 INCIDENT INVOLVING CARS 10 (GAS) AND 23 (ALB) NOTED - LEAVING THE TRACK AND GAINING AN ADVANTAGE"", ""FIA STEWARDS: TURN 15 INCIDENT INVOLVING CARS 10 (GAS) AND 23 (ALB) UNDER INVESTIGATION - LEAVING THE TRACK AND GAINING AN ADVANTAGE"", ""FIA STEWARDS: 5 SECOND TIME PENALTY FOR CAR 10 (GAS) - LEAVING THE TRACK AND GAINING AN ADVANTAGE""]",False,False,False,outside,unknown,apex,False,"{""attacker_line"": [""Car 10 was overtaking Car 23 on the outside, was level with Car 23 at the apex but fell back briefly prior to the exit of the turn.""], ""corner_phase"": [""Car 10 was overtaking Car 23 on the outside, was level with Car 23 at the apex but fell back briefly prior to the exit of the turn.""]}",machine_extracted_pending_human_review,pending_human_review,,,
adjudication-seed-fia-2024-usa-2de48d9656fa-01,adj-b0fa781c22c3b3f8,incident-src-b0fa781c22c3b3f8,fia-2024-usa-2de48d9656fa,2024-usa,Race,gaining_advantage_off_track,4,1,Turn 12,,,unresolved,52,53,52|53,2024-10-20T20:32:00+00:00,2024-10-20T20:33:00+00:00,fia_clock_lap_interval,referral-5dddf3d59517fdd4,high_confidence_algorithmic,15.0,53.0,56.0,noted|investigation|sanction_announced,"[""TURN 12 INCIDENT INVOLVING CARS 4 (NOR) AND 1 (VER) NOTED - LEAVING THE TRACK AND GAINING AN ADVANTAGE"", ""FIA STEWARDS: TURN 12 INCIDENT INVOLVING CARS 4 (NOR) AND 1 (VER) UNDER INVESTIGATION - LEAVING THE TRACK AND GAINING AN ADVANTAGE"", ""FIA STEWARDS: 5 SECOND TIME PENALTY FOR CAR 4 (NOR) - LEAVING THE TRACK AND GAINING AN ADVANTAGE""]",False,False,False,outside,unknown,apex,False,"{""attacker_line"": [""Car 4 was overtaking Car 1 on the outside, but was not level with Car 1 at the apex."", ""A 5 second penalty is imposed instead of the 10 second penalty recommended in the guidelines because having committed to the overtaking move on the outside the driver of Car 4 had little alternative other than to leave the track because of the proximity of Car 1 which had also left the track.""], ""corner_phase"": [""Car 4 was overtaking Car 1 on the outside, but was not level with Car 1 at the apex.""]}",machine_extracted_pending_human_review,pending_human_review,,,
adjudication-seed-fia-2024-usa-7a56202d170c-01,adj-607fddba182aaa3f,incident-src-607fddba182aaa3f,fia-2024-usa-7a56202d170c,2024-usa,Race,forcing_off_track,22,23,Turn 12,,27,fia_incident_clock_single_lap_interval,27,27,27,2024-10-20T19:51:00+00:00,2024-10-20T19:52:00+00:00,fia_clock_lap_interval,referral-2772618399cf2939,high_confidence_algorithmic,15.0,32.0,35.0,noted|investigation|sanction_announced,"[""TURN 12 INCIDENT INVOLVING CARS 22 (TSU) AND 23 (ALB) NOTED - FORCING ANOTHER DRIVER OFF THE TRACK"", ""FIA STEWARDS: TURN 12 INCIDENT INVOLVING CARS 22 (TSU) AND 23 (ALB) UNDER INVESTIGATION - FORCING ANOTHER DRIVER OFF THE TRACK"", ""FIA STEWARDS: 5 SECOND TIME PENALTY FOR CAR 22 (TSU) - FORCING ANOTHER DRIVER OFF THE TRACK""]",False,False,False,inside,unknown,unknown,False,"{""attacker_line"": [""The Driving Standard Guidelines provide that when overtaking on the inside the driver must not force the other car off the track and must leave a fair and acceptable width for the car being overtaken.""]}",machine_extracted_pending_human_review,pending_human_review,,,
adjudication-seed-fia-2024-usa-7e333c44293a-01,adj-278d019dd7501a79,incident-src-278d019dd7501a79,fia-2024-usa-7e333c44293a,2024-usa,Race,forcing_off_track,63,77,Turn 12,,13,fia_incident_clock_single_lap_interval,13,13,13,2024-10-20T19:27:00+00:00,2024-10-20T19:28:00+00:00,fia_clock_lap_interval,referral-ede2de6e3c65a58e,high_confidence_algorithmic,15.0,14.0,15.0,noted|investigation|sanction_announced,"[""TURN 12 INCIDENT INVOLVING CARS 63 (RUS) AND 77 (BOT) NOTED - FORCING ANOTHER DRIVER OFF THE TRACK"", ""FIA STEWARDS: TURN 12 INCIDENT INVOLVING CARS 63 (RUS) AND 77 (BOT) UNDER INVESTIGATION - FORCING ANOTHER DRIVER OFF THE TRACK"", ""FIA STEWARDS: 5 SECOND TIME PENALTY FOR CAR 63 (RUS) - FORCING ANOTHER DRIVER OFF THE TRACK""]",False,False,False,inside,unknown,unknown,False,"{""attacker_line"": [""The Driving Standard Guidelines provide that when overtaking on the inside the driver must not force the other car off the track and must leave a fair and acceptable width for the car being overtaken.""]}",machine_extracted_pending_human_review,pending_human_review,,,
adjudication-seed-fia-2024-usa-4828e63a6c32-01,adj-649fecee52ee4f6f,incident-src-649fecee52ee4f6f,fia-2024-usa-4828e63a6c32,2024-usa,Sprint,forcing_off_track,81,10,Turn 12,,,unresolved,4,5,4|5,2024-10-19T18:10:00+00:00,2024-10-19T18:11:00+00:00,fia_clock_lap_interval,referral-6a3c5175c9dfcfb2,high_confidence_algorithmic,15.0,7.0,11.0,noted|investigation|sanction_announced,"[""TURN 12 INCIDENT INVOLVING CARS 81 (PIA) AND 10 (GAS) NOTED - FORCING ANOTHER DRIVER OFF THE TRACK"", ""FIA STEWARDS: TURN 12 INCIDENT INVOLVING CARS 81 (PIA) AND 10 (GAS) UNDER INVESTIGATION - FORCING ANOTHER DRIVER OFF THE TRACK"", ""FIA STEWARDS: 5 SECOND TIME PENALTY FOR CAR 81 (PIA) - FORCING ANOTHER DRIVER OFF THE TRACK""]",False,False,False,inside,unknown,unknown,False,"{""attacker_line"": [""The Driving Standard Guidelines provide that when overtaking on the inside the driver must not force the other car off the track and must leave a fair and acceptable width for the car being overtaken.""]}",machine_extracted_pending_human_review,pending_human_review,,,
adjudication-seed-fia-2024-usa-9eecf3efc1f8-01,adj-84b5a008e264b8d6,incident-src-84b5a008e264b8d6,fia-2024-usa-9eecf3efc1f8,2024-usa,Sprint,gaining_advantage_off_track,20,22,Turn 11,1,1,model_reviewed_source_or_timing,1,1,1,2024-10-19T18:04:00+00:00,2024-10-19T18:05:00+00:00,fia_clock_lap_interval,referral-afa9f92716d1e589,candidate_pending_review,10.0,2.0,5.0,noted|investigation|no_further_action,"[""TURN 11 INCIDENT INVOLVING CAR 20 (MAG) NOTED - LEAVING THE TRACK AND GAINING AN ADVANTAGE"", ""FIA STEWARDS: TURN 11 INCIDENT INVOLVING CAR 20 (MAG) UNDER INVESTIGATION - LEAVING THE TRACK AND GAINING AN ADVANTAGE"", ""FIA STEWARDS: TURN 11 INCIDENT INVOLVING CAR 20 (MAG) NO FURTHER ACTION - LEAVING THE TRACK AND GAINING AN ADVANTAGE""]",True,False,False,unknown,unknown,apex,False,"{""corner_phase"": [""Car 22 was attempting to overtake Car 20 and was, according to the Driving Standard Guidelines, in a position to do so, however after the apex the driver of Car 22 did not allow Car 20 “a fair and acceptable width..from the apex to the exit of the corner” as specified in those Guidelines.""], ""first_lap"": [""Car 20 left the track whilst Car 22 was attempting to overtake in Turn 11 on Lap 1.""]}",machine_extracted_pending_human_review,pending_human_review,,,
adjudication-seed-fia-2024-usa-f7d16a7e6e6e-01,adj-c40383a758a57293,incident-src-c40383a758a57293,fia-2024-usa-f7d16a7e6e6e,2024-usa,Sprint,gaining_advantage_off_track,22,81,Turn 12,,13,fia_incident_clock_single_lap_interval,13,13,13,2024-10-19T18:24:00+00:00,2024-10-19T18:25:00+00:00,fia_clock_lap_interval,referral-aed537de38666d4c,high_confidence_algorithmic,15.0,15.0,16.0,noted|investigation|no_further_action,"[""TURN 12 INCIDENT INVOLVING CARS 22 (TSU) AND 81 (PIA) NOTED - LEAVING THE TRACK AND GAINING AN ADVANTAGE"", ""FIA STEWARDS: TURN 12 INCIDENT INVOLVING CARS 22 (TSU) AND 81 (PIA) UNDER INVESTIGATION - LEAVING THE TRACK AND GAINING AN ADVANTAGE"", ""FIA STEWARDS: TURN 12 INCIDENT INVOLVING CARS 22 (TSU) AND 81 (PIA) NO FURTHER ACTION - LEAVING THE TRACK AND GAINING AN ADVANTAGE""]",False,False,False,unknown,unknown,unknown,False,{},machine_extracted_pending_human_review,pending_human_review,,,
adjudication-seed-fia-2025-abu-5a289d5d001e-01,adj-c87d6a167a0b882c,incident-src-c87d6a167a0b882c,fia-2025-abu-5a289d5d001e,2025-abu,Race,multiple_defensive_moves,87,18,Turn 9,,58,fia_incident_clock_single_lap_interval,58,58,58,2025-12-07T14:30:00+00:00,2025-12-07T14:31:00+00:00,fia_clock_lap_interval,referral-fad6a092c255e93e,candidate_pending_review,12.0,56.0,58.0,noted|investigation|sanction_announced,"[""TURN 8 INCIDENT INVOLVING CARS 18 (STR) AND 55 (SAI) NOTED"", ""UPDATE: TURN 8 INCIDENT INVOLVING CARS 18 (STR) AND 55 (SAI) NOTED - MORE THAN ONE CHANGE OF DIRECTION"", ""FIA STEWARDS: TURN 8 INCIDENT INVOLVING CARS 18 (STR) AND 55 (SAI) UNDER INVESTIGATION - MORE THAN ONE CHANGE OF DIRECTION"", ""FIA STEWARDS: 5 SECOND TIME PENALTY FOR CAR 18 (STR) - MORE THAN ONE CHANGE OF DIRECTION"", ""TURN 8 INCIDENT INVOLVING CARS 87 (BEA) AND 18 (STR) NOTED - MORE THAN ONE CHANGE OF DIRECTION"", ""FIA STEWARDS: TURN 8 INCIDENT INVOLVING CARS 87 (BEA) AND 18 (STR) UNDER INVESTIGATION - MORE THAN ONE CHANGE OF DIRECTION"", ""FIA STEWARDS: 5 SECOND TIME PENALTY FOR CAR 87 (BEA) - MORE THAN ONE CHANGE OF DIRECTION""]",False,False,False,unknown,unknown,unknown,False,{},machine_extracted_pending_human_review,pending_human_review,,,
adjudication-seed-fia-2025-abu-90b14b4ed0c9-01,adj-862c5abf64138d26,incident-src-862c5abf64138d26,fia-2025-abu-90b14b4ed0c9,2025-abu,Race,gaining_advantage_off_track,4,22,,,23,fia_incident_clock_single_lap_interval,23,23,23,2025-12-07T13:37:00+00:00,2025-12-07T13:38:00+00:00,fia_clock_lap_interval,referral-cb1899c706c559e8,candidate_pending_review,10.0,24.0,30.0,noted|investigation|no_further_action,"[""TURN 5 INCIDENT INVOLVING CARS 22 (TSU) AND 4 (NOR) NOTED"", ""UPDATE: TURN 5 INCIDENT INVOLVING CARS 22 (TSU) AND 4 (NOR) NOTED - FORCING ANOTHER DRIVER OFF THE TRACK"", ""TURN 5 INCIDENT INVOLVING CARS 4 (NOR) AND 22 (TSU) NOTED - LEAVING THE TRACK AND GAINING AN ADVANTAGE"", ""FIA STEWARDS: TURN 5 INCIDENT INVOLVING CARS 22 (TSU) AND 4 (NOR) UNDER INVESTIGATION - FORCING ANOTHER DRIVER OFF THE TRACK"", ""FIA STEWARDS: TURN 5 INCIDENT INVOLVING CARS 4 (NOR) AND 22 (TSU) UNDER INVESTIGATION - LEAVING THE TRACK AND GAINING AN ADVANTAGE"", ""FIA STEWARDS: TURN 5 INCIDENT INVOLVING CARS 4 (NOR) AND 22 (TSU) NO FURTHER ACTION - LEAVING THE TRACK AND GAINING AN ADVANTAGE""]",False,False,False,unknown,unknown,unknown,False,{},machine_extracted_pending_human_review,pending_human_review,,,
adjudication-seed-fia-2025-abu-9913dc5c7021-01,adj-e4777c2ca2dcd628,incident-src-e4777c2ca2dcd628,fia-2025-abu-9913dc5c7021,2025-abu,Race,causing_collision,27,10,,,1,fia_incident_clock_single_lap_interval,1,1,1,2025-12-07T13:04:00+00:00,2025-12-07T13:05:00+00:00,fia_clock_lap_interval,referral-a54b06fbd1bfe5dc,high_confidence_algorithmic,13.0,6.0,10.0,noted|investigation|no_further_action,"[""TURN 5 INCIDENT INVOLVING CARS 10 (GAS) AND 27 (HUL) NOTED - CAUSING A COLLISION"", ""FIA STEWARDS: TURN 5 INCIDENT INVOLVING CARS 10 (GAS) AND 27 (HUL) UNDER INVESTIGATION - CAUSING A COLLISION"", ""FIA STEWARDS: TURN 5 INCIDENT INVOLVING CARS 10 (GAS) AND 27 (HUL) NO FURTHER ACTION - CAUSING A COLLISION""]",True,False,False,unknown,unknown,unknown,False,{},machine_extracted_pending_human_review,pending_human_review,,,
adjudication-seed-fia-2025-abu-9c20002be5b0-01,adj-e6d0642f2d104bf2,incident-src-e6d0642f2d104bf2,fia-2025-abu-9c20002be5b0,2025-abu,Race,causing_collision,10,27,,,1,fia_incident_clock_single_lap_interval,1,1,1,2025-12-07T13:04:00+00:00,2025-12-07T13:05:00+00:00,fia_clock_lap_interval,referral-a54b06fbd1bfe5dc,high_confidence_algorithmic,13.0,6.0,10.0,noted|investigation|no_further_action,"[""TURN 5 INCIDENT INVOLVING CARS 10 (GAS) AND 27 (HUL) NOTED - CAUSING A COLLISION"", ""FIA STEWARDS: TURN 5 INCIDENT INVOLVING CARS 10 (GAS) AND 27 (HUL) UNDER INVESTIGATION - CAUSING A COLLISION"", ""FIA STEWARDS: TURN 5 INCIDENT INVOLVING CARS 10 (GAS) AND 27 (HUL) NO FURTHER ACTION - CAUSING A COLLISION""]",True,False,False,unknown,unknown,unknown,False,{},machine_extracted_pending_human_review,pending_human_review,,,
adjudication-seed-fia-2025-abu-af797fd2ecc9-01,adj-cdd3611fe7080482,incident-src-cdd3611fe7080482,fia-2025-abu-af797fd2ecc9,2025-abu,Race,multiple_defensive_moves,18,55,Turn 9,,,unresolved,54,55,54|55,2025-12-07T14:24:00+00:00,2025-12-07T14:25:00+00:00,fia_clock_lap_interval,referral-fad6a092c255e93e,candidate_pending_review,12.0,56.0,58.0,noted|investigation|sanction_announced,"[""TURN 8 INCIDENT INVOLVING CARS 18 (STR) AND 55 (SAI) NOTED"", ""UPDATE: TURN 8 INCIDENT INVOLVING CARS 18 (STR) AND 55 (SAI) NOTED - MORE THAN ONE CHANGE OF DIRECTION"", ""FIA STEWARDS: TURN 8 INCIDENT INVOLVING CARS 18 (STR) AND 55 (SAI) UNDER INVESTIGATION - MORE THAN ONE CHANGE OF DIRECTION"", ""FIA STEWARDS: 5 SECOND TIME PENALTY FOR CAR 18 (STR) - MORE THAN ONE CHANGE OF DIRECTION"", ""TURN 8 INCIDENT INVOLVING CARS 87 (BEA) AND 18 (STR) NOTED - MORE THAN ONE CHANGE OF DIRECTION"", ""FIA STEWARDS: TURN 8 INCIDENT INVOLVING CARS 87 (BEA) AND 18 (STR) UNDER INVESTIGATION - MORE THAN ONE CHANGE OF DIRECTION"", ""FIA STEWARDS: 5 SECOND TIME PENALTY FOR CAR 87 (BEA) - MORE THAN ONE CHANGE OF DIRECTION""]",False,False,False,unknown,unknown,unknown,False,{},machine_extracted_pending_human_review,pending_human_review,,,
adjudication-seed-fia-2025-abu-bfa018c9c8e1-01,adj-d9617718c7032a69,incident-src-d9617718c7032a69,fia-2025-abu-bfa018c9c8e1,2025-abu,Race,multiple_defensive_moves,22,4,,,23,fia_incident_clock_single_lap_interval,23,23,23,2025-12-07T13:37:00+00:00,2025-12-07T13:38:00+00:00,fia_clock_lap_interval,referral-252f827b1c76a06d,ambiguous_pending_review,8.0,29.0,36.0,sanction_announced,"[""FIA STEWARDS: 5 SECOND TIME PENALTY FOR CAR 22 (TSU) - MORE THAN ONE CHANGE OF DIRECTION"", ""FIA STEWARDS: PENALTY SERVED - 5 SECOND TIME PENALTY FOR CAR 22 (TSU) - MORE THAN ONE CHANGE OF DIRECTION""]",False,False,False,unknown,unknown,unknown,False,{},machine_extracted_pending_human_review,pending_human_review,,,
adjudication-seed-fia-2025-aut-1b2cf15490ab-01,adj-dc3cbf1b2175e95d,incident-src-dc3cbf1b2175e95d,fia-2025-aut-1b2cf15490ab,2025-aut,Race,causing_collision,12,1|30,Turn 3,1,1,model_reviewed_source_or_timing,1,1,1,2025-06-29T13:18:00+00:00,2025-06-29T13:19:00+00:00,fia_clock_lap_interval,referral-5dcd77f0eab66ae4,candidate_pending_review,11.0,3.0,4.0,noted|post_session_investigation,"[""TURN 3 INCIDENT INVOLVING CARS 12 (ANT) AND 1 (VER) NOTED - CAUSING A COLLISION"", ""FIA STEWARDS: TURN 3 INCIDENT INVOLVING CARS 12 (ANT) AND 1 (VER) WILL BE INVESTIGATED AFTER THE RACE - CAUSING A COLLISION""]",True,False,False,inside,unknown,unknown,False,"{""attacker_line"": [""Taking evasive action led to the car having less grip on the dirty inside line and therefore he was not able to decelerate the car in a way to avoid the collision with Car 1.""], ""first_lap"": [""The Stewards determine that, although the incident happened in Lap 1, no other cars influenced the incident and the driver of Car 12 is fully at fault."", ""Therefore the more lenient approach to judging Lap 1 incidents has not been applied in this case.""]}",machine_extracted_pending_human_review,pending_human_review,,,
adjudication-seed-fia-2025-aut-3666395a2885-01,adj-2197497836f6c46a,incident-src-2197497836f6c46a,fia-2025-aut-3666395a2885,2025-aut,Race,forcing_off_track,22,18,Turn 3,,,unresolved,14,15,14|15,2025-06-29T13:36:00+00:00,2025-06-29T13:37:00+00:00,fia_clock_lap_interval,referral-d9524c3d0ce7c389,candidate_pending_review,12.0,17.0,21.0,noted|investigation|no_further_action,"[""TURN 3 INCIDENT INVOLVING CARS 22 (TSU) AND 18 (STR) NOTED - CAUSING A COLLISION"", ""FIA STEWARDS: TURN 3 INCIDENT INVOLVING CARS 22 (TSU) AND 18 (STR) UNDER INVESTIGATION - CAUSING A COLLISION"", ""FIA STEWARDS: TURN 3 INCIDENT INVOLVING CARS 22 (TSU) AND 18 (STR) NO FURTHER ACTION - CAUSING A COLLISION""]",False,False,False,inside,front_axle_ahead,apex,False,"{""attacker_line"": [""Car 22 overtook Car 18 on the inside in Turn 3.""], ""corner_phase"": [""Car 22 had its front axle ahead of the mirror of Car 18 prior to and at the apex, the driver was in full control of the car from entry to apex and completed the overtake on track using a reasonable racing line.""], ""overlap"": [""Car 22 had its front axle ahead of the mirror of Car 18 prior to and at the apex, the driver was in full control of the car from entry to apex and completed the overtake on track using a reasonable racing line.""]}",machine_extracted_pending_human_review,pending_human_review,,,
adjudication-seed-fia-2025-aut-41aebded7db6-01,adj-1651c96225ee4d5c,incident-src-1651c96225ee4d5c,fia-2025-aut-41aebded7db6,2025-aut,Race,causing_collision,22,43,Turn 4,,30,fia_incident_clock_single_lap_interval,30,30,30,2025-06-29T13:55:00+00:00,2025-06-29T13:56:00+00:00,fia_clock_lap_interval,referral-f8ec31dc5b84851c,high_confidence_algorithmic,15.0,32.0,33.0,noted|investigation|sanction_announced,"[""TURN 4 INCIDENT INVOLVING CARS 22 (TSU) AND 43 (COL) NOTED - CAUSING A COLLISION"", ""FIA STEWARDS: TURN 4 INCIDENT INVOLVING CARS 22 (TSU) AND 43 (COL) UNDER INVESTIGATION - CAUSING A COLLISION"", ""FIA STEWARDS: 10 SECOND TIME PENALTY FOR CAR 22 (TSU) - CAUSING A COLLISION""]",False,False,False,inside,front_axle_ahead,apex,False,"{""attacker_line"": [""Car 22 attempted an overtake on the inside on Car 43 into Turn 4 and both cars collided after the apex.""], ""corner_phase"": [""Car 22 attempted an overtake on the inside on Car 43 into Turn 4 and both cars collided after the apex.""], ""overlap"": [""The Stewards determine that the driver of Car 22 was fully at fault as the front axle of Car 22 never got ahead of the mirrors of Car 43 before the collision.""]}",machine_extracted_pending_human_review,pending_human_review,,,
adjudication-seed-fia-2025-aut-5f0b9bc97e16-01,adj-f304cec4c251df69,incident-src-f304cec4c251df69,fia-2025-aut-5f0b9bc97e16,2025-aut,Race,forcing_off_track,43,87,Turn 3,,,unresolved,3,4,3|4,2025-06-29T13:23:00+00:00,2025-06-29T13:24:00+00:00,fia_clock_lap_interval,referral-a1614dad1d58f891,candidate_pending_review,12.0,6.0,10.0,noted|investigation|no_further_action,"[""TURN 3 INCIDENT INVOLVING CARS 43 (COL) AND 87 (BEA) NOTED"", ""FIA STEWARDS: TURN 3 INCIDENT INVOLVING CARS 43 (COL) AND 87 (BEA) UNDER INVESTIGATION"", ""FIA STEWARDS: TURN 3 INCIDENT INVOLVING CARS 43 (COL) AND 87 (BEA) NO FURTHER ACTION""]",False,False,False,outside,front_axle_ahead,apex,False,"{""attacker_line"": [""Car 87 attempted an overtake on the outside on Car 43 into Turn 3, but did not have its front axle ahead of the front axle of Car 43 at the apex as required by the Driving Standards Guidelines."", ""Therefore the Stewards determine that Car 43 was entitled to use the regular racing line without the necessity to leave space for Car 87 on the outside and Car 87 had to concede.""], ""corner_phase"": [""Car 87 attempted an overtake on the outside on Car 43 into Turn 3, but did not have its front axle ahead of the front axle of Car 43 at the apex as required by the Driving Standards Guidelines.""], ""overlap"": [""Car 87 attempted an overtake on the outside on Car 43 into Turn 3, but did not have its front axle ahead of the front axle of Car 43 at the apex as required by the Driving Standards Guidelines.""]}",machine_extracted_pending_human_review,pending_human_review,,,
adjudication-seed-fia-2025-aut-a1f29843f018-01,adj-10a1869690dc7622,incident-src-10a1869690dc7622,fia-2025-aut-a1f29843f018,2025-aut,Race,forcing_off_track,43,81|22,Turn 3,,,unresolved,52,53,52|53,2025-06-29T14:22:00+00:00,2025-06-29T14:23:00+00:00,fia_clock_lap_interval,referral-dd5749e17e3644b1,high_confidence_algorithmic,13.0,54.0,57.0,noted|investigation|sanction_announced,"[""TURN 3 INCIDENT INVOLVING CARS 43 (COL) AND 81 (PIA) NOTED - FORCING ANOTHER DRIVER OFF THE TRACK"", ""FIA STEWARDS: TURN 3 INCIDENT INVOLVING CARS 43 (COL) AND 81 (PIA) UNDER INVESTIGATION - FORCING ANOTHER DRIVER OFF THE TRACK"", ""FIA STEWARDS: 5 SECOND TIME PENALTY FOR CAR 43 (COL) - FORCING ANOTHER DRIVER OFF THE TRACK""]",False,False,False,inside,unknown,unknown,False,"{""attacker_line"": [""However, after exiting Turn 3, Car 43 forced Car 81 off track on the inside.""]}",machine_extracted_pending_human_review,pending_human_review,,,
adjudication-seed-fia-2025-aze-0d1070d6a1c6-01,adj-94d8c357c79994c4,incident-src-94d8c357c79994c4,fia-2025-aze-0d1070d6a1c6,2025-aze,Race,causing_collision,23,43,Turn 5,,17,fia_incident_clock_single_lap_interval,17,17,17,2025-09-21T11:37:00+00:00,2025-09-21T11:38:00+00:00,fia_clock_lap_interval,referral-8fb16f079cf7e00b,high_confidence_algorithmic,15.0,19.0,19.0,noted|investigation|sanction_announced,"[""TURN 5 INCIDENT INVOLVING CARS 23 (ALB) AND 43 (COL) NOTED - CAUSING A COLLISION"", ""FIA STEWARDS: TURN 5 INCIDENT INVOLVING CARS 23 (ALB) AND 43 (COL) UNDER INVESTIGATION - CAUSING A COLLISION"", ""FIA STEWARDS: 10 SECOND TIME PENALTY FOR CAR 23 (ALB) - CAUSING A COLLISION""]",False,False,False,inside,unknown,unknown,False,"{""attacker_line"": [""Entering Turn 5 Car 23 attempted to overtake Car 43 on the inside however did not have his front axle level with the mirror of Car 43, Car 43 was in control and taking the normal racing line, therefore Car 23 did not have the right to the corner and accordingly was wholly responsible for the collision.""]}",machine_extracted_pending_human_review,pending_human_review,,,
adjudication-seed-fia-2025-bhr-03bfd7816342-01,adj-ccae0d70c41eed34,incident-src-ccae0d70c41eed34,fia-2025-bhr-03bfd7816342,2025-bhr,Race,causing_collision,30,27,Turn 1,,,unresolved,40,41,40|41,2025-04-13T16:12:00+00:00,2025-04-13T16:13:00+00:00,fia_clock_lap_interval,referral-05b94ced9330672f,high_confidence_algorithmic,15.0,50.0,54.0,noted|investigation|sanction_announced,"[""TURN 1 INCIDENT INVOLVING CARS 30 (LAW) AND 27 (HUL) NOTED - CAUSING A COLLISION"", ""FIA STEWARDS: TURN 1 INCIDENT INVOLVING CARS 30 (LAW) AND 27 (HUL) UNDER INVESTIGATION - CAUSING A COLLISION"", ""FIA STEWARDS: 10 SECOND TIME PENALTY FOR CAR 30 (LAW) - CAUSING A COLLISION""]",False,False,False,inside,unknown,apex,True,"{""attacker_line"": [""At the approach to Turn 1, Car 30 attempted to overtake Car 27 on the inside, however missed the apex of the corner, hence was unable to take a normal racing line and consequently collided with the side of Car 27.""], ""control_error"": [""At the approach to Turn 1, Car 30 attempted to overtake Car 27 on the inside, however missed the apex of the corner, hence was unable to take a normal racing line and consequently collided with the side of Car 27.""], ""corner_phase"": [""At the approach to Turn 1, Car 30 attempted to overtake Car 27 on the inside, however missed the apex of the corner, hence was unable to take a normal racing line and consequently collided with the side of Car 27.""]}",machine_extracted_pending_human_review,pending_human_review,,,
adjudication-seed-fia-2025-bhr-732dd8183412-01,adj-f343c8d3c1915d9d,incident-src-f343c8d3c1915d9d,fia-2025-bhr-732dd8183412,2025-bhr,Race,causing_collision,30,18,"Turns 2, 1",,32,fia_incident_clock_single_lap_interval,32,32,32,2025-04-13T15:56:00+00:00,2025-04-13T15:57:00+00:00,fia_clock_lap_interval,referral-d74c2a82eb30d908,high_confidence_algorithmic,13.0,38.0,41.0,noted|investigation|sanction_announced,"[""TURN 2 INCIDENT INVOLVING CARS 30 (LAW) AND 18 (STR) NOTED - CAUSING A COLLISION"", ""FIA STEWARDS: TURN 2 INCIDENT INVOLVING CARS 30 (LAW) AND 18 (STR) UNDER INVESTIGATION - CAUSING A COLLISION"", ""FIA STEWARDS: 5 SECOND TIME PENALTY FOR CAR 30 (LAW) - CAUSING A COLLISION""]",False,False,False,unknown,unknown,apex,False,"{""corner_phase"": [""Car 30 overtook Car 18 in Turn 1, however lost momentum by missing the apex, then Car 18 having taken a better exit was in front at the entry to Turn 2 and was entitled to racing room at that corner.""]}",machine_extracted_pending_human_review,pending_human_review,,,
adjudication-seed-fia-2025-bhr-fadfd5ceb9c2-01,adj-55f2f483dc86216e,incident-src-55f2f483dc86216e,fia-2025-bhr-fadfd5ceb9c2,2025-bhr,Race,forcing_off_track,55,12,Turn 10,,,unresolved,36,37,36|37,2025-04-13T16:05:00+00:00,2025-04-13T16:06:00+00:00,fia_clock_lap_interval,referral-8e68cf4763be7ba9,high_confidence_algorithmic,15.0,42.0,44.0,noted|investigation|sanction_announced,"[""TURN 10 INCIDENT INVOLVING CARS 55 (SAI) AND 12 (ANT) NOTED - FORCING ANOTHER DRIVER OFF THE TRACK"", ""FIA STEWARDS: TURN 10 INCIDENT INVOLVING CARS 55 (SAI) AND 12 (ANT) UNDER INVESTIGATION - FORCING ANOTHER DRIVER OFF THE TRACK"", ""FIA STEWARDS: 10 SECOND TIME PENALTY FOR CAR 55 (SAI) - FORCING ANOTHER DRIVER OFF THE TRACK""]",False,False,False,unknown,unknown,apex,False,"{""corner_phase"": [""At the entry to Turn 10 Car 55 locked the front wheels and understeered towards Car 12, missing the apex and forcing Car 12 off the track.""]}",machine_extracted_pending_human_review,pending_human_review,,,
adjudication-seed-fia-2025-can-acdc79e65cc6-01,adj-bfdfb2effacad54c,incident-src-bfdfb2effacad54c,fia-2025-can-acdc79e65cc6,2025-can,Race,causing_collision,4,81,,,,unresolved,66,67,66|67,2025-06-15T19:27:00+00:00,2025-06-15T19:28:00+00:00,fia_clock_lap_interval,referral-f49e8069307abb3e,candidate_pending_review,11.0,70.0,70.0,noted|post_session_investigation,"[""START/FINISH STRAIGHT INCIDENT INVOLVING CARS 4 (NOR) AND 81 (PIA) NOTED - CAUSING A COLLISION"", ""FIA STEWARDS: START/FINISH STRAIGHT INCIDENT INVOLVING CARS 4 (NOR) AND 81 (PIA) WILL BE INVESTIGATED AFTER THE RACE - CAUSING A COLLISION""]",False,False,False,unknown,unknown,unknown,False,{},machine_extracted_pending_human_review,pending_human_review,,,
adjudication-seed-fia-2025-can-cb1693dfcc0a-01,adj-aafbbe06da3e5c01,incident-src-aafbbe06da3e5c01,fia-2025-can-cb1693dfcc0a,2025-can,Race,forcing_off_track,18,,,,,unresolved,44,45,44|45,2025-06-15T19:00:00+00:00,2025-06-15T19:01:00+00:00,fia_clock_lap_interval,referral-779512858c76e9f5,candidate_pending_review,12.0,46.0,59.0,noted|investigation|sanction_announced,"[""TURN 13 INCIDENT INVOLVING CARS 18 (STR) AND 10 (GAS) NOTED - FORCING ANOTHER DRIVER OFF THE TRACK"", ""FIA STEWARDS: TURN 13 INCIDENT INVOLVING CARS 18 (STR) AND 10 (GAS) UNDER INVESTIGATION - FORCING ANOTHER DRIVER OFF THE TRACK"", ""FIA STEWARDS: 10 SECOND TIME PENALTY FOR CAR 18 (STR) - FORCING ANOTHER DRIVER OFF THE TRACK"", ""FIA STEWARDS: PENALTY SERVED - 10 SECOND TIME PENALTY FOR CAR 18 (STR) - FORCING ANOTHER DRIVER OFF THE TRACK""]",False,False,False,unknown,unknown,unknown,False,{},machine_extracted_pending_human_review,pending_human_review,,,
adjudication-seed-fia-2025-chn-795784acfef6-01,adj-8788c51da20ae484,incident-src-8788c51da20ae484,fia-2025-chn-795784acfef6,2025-chn,Race,forcing_off_track,7,6,Turn 14,,45,fia_incident_clock_single_lap_interval,45,45,45,2025-03-23T08:17:00+00:00,2025-03-23T08:18:00+00:00,fia_clock_lap_interval,referral-2d814c11b4a97887,high_confidence_algorithmic,15.0,47.0,50.0,noted|investigation|sanction_announced,"[""TURN 14 INCIDENT INVOLVING CARS 7 (DOO) AND 6 (HAD) NOTED - FORCING ANOTHER DRIVER OFF THE TRACK"", ""FIA STEWARDS: TURN 14 INCIDENT INVOLVING CARS 7 (DOO) AND 6 (HAD) UNDER INVESTIGATION - FORCING ANOTHER DRIVER OFF THE TRACK"", ""FIA STEWARDS: 10 SECOND TIME PENALTY FOR CAR 7 (DOO) - FORCING ANOTHER DRIVER OFF THE TRACK""]",False,False,False,inside,unknown,unknown,True,"{""attacker_line"": [""Car 7 (DOO) was overtaken by Car 6 (HAD) in the run up to Turn 14 and in trying to take the position back on the inside, DOO lost control, locked up and forced HAD off the track.""], ""control_error"": [""Car 7 (DOO) was overtaken by Car 6 (HAD) in the run up to Turn 14 and in trying to take the position back on the inside, DOO lost control, locked up and forced HAD off the track.""]}",machine_extracted_pending_human_review,pending_human_review,,,
adjudication-seed-fia-2025-chn-5f2ef54b24c3-01,adj-f73048c90c90fbee,incident-src-f73048c90c90fbee,fia-2025-chn-5f2ef54b24c3,2025-chn,Sprint,causing_collision,7,5,Turn 14,,19,fia_incident_clock_single_lap_interval,19,19,19,2025-03-22T03:34:00+00:00,2025-03-22T03:35:00+00:00,fia_clock_lap_interval,referral-80b7ad494889ee19,high_confidence_algorithmic,13.0,19.0,19.0,noted|investigation,"[""TURN 14 INCIDENT INVOLVING CARS 7 (DOO) AND 5 (BOR) NOTED - CAUSING A COLLISION"", ""FIA STEWARDS: TURN 14 INCIDENT INVOLVING CARS 7 (DOO) AND 5 (BOR) UNDER INVESTIGATION - CAUSING A COLLISION""]",False,False,False,inside,unknown,apex,False,"{""attacker_line"": [""DOO attempted to overtake BOR on the inside of turn 14 but locked up at the apex of the corner and collided with BOR.""], ""corner_phase"": [""DOO attempted to overtake BOR on the inside of turn 14 but locked up at the apex of the corner and collided with BOR."", ""Secondly, applying the Driving Standards Guidelines, DOO did not have the right to the corner at the apex and should have backed off – here, because of the speed at which he approached the corner for the overtake and the resulting lockup and understeer, a collision was caused, for which DOO was predominantly to blame.""]}",machine_extracted_pending_human_review,pending_human_review,,,
adjudication-seed-fia-2025-chn-c6a27ca62eb2-01,adj-00f21170a32794f2,incident-src-00f21170a32794f2,fia-2025-chn-c6a27ca62eb2,2025-chn,Sprint,causing_collision,30,7,Turn 14,,,unresolved,4,5,4|5,2025-03-22T03:10:00+00:00,2025-03-22T03:11:00+00:00,fia_clock_lap_interval,referral-fbd1c3da9e21b9ae,high_confidence_algorithmic,15.0,5.0,7.0,noted|investigation|no_further_action,"[""TURN 14 INCIDENT INVOLVING CARS 30 (LAW) AND 7 (DOO) NOTED - CAUSING A COLLISION"", ""FIA STEWARDS: TURN 14 INCIDENT INVOLVING CARS 30 (LAW) AND 7 (DOO) UNDER INVESTIGATION - CAUSING A COLLISION"", ""FIA STEWARDS: TURN 14 INCIDENT INVOLVING CARS 30 (LAW) AND 7 (DOO) NO FURTHER ACTION - CAUSING A COLLISION""]",False,False,False,unknown,unknown,apex,False,"{""corner_phase"": [""Applying those guidelines, it is clear that LAW was well ahead of DOO at the apex of the corner and was entitled to use the full track at the exit.""]}",machine_extracted_pending_human_review,pending_human_review,,,
adjudication-seed-fia-2025-emi-97ce0e850a70-01,adj-97c5411ec4864978,incident-src-97c5411ec4864978,fia-2025-emi-97ce0e850a70,2025-emi,Race,forcing_off_track,16,23,Turn 2,,,unresolved,59,60,59|60,2025-05-18T14:30:00+00:00,2025-05-18T14:31:00+00:00,fia_clock_lap_interval,referral-59be634901566cbd,high_confidence_algorithmic,15.0,61.0,63.0,noted|investigation|no_further_action,"[""TURN 2 INCIDENT INVOLVING CARS 16 (LEC) AND 23 (ALB) NOTED - FORCING ANOTHER DRIVER OFF THE TRACK"", ""FIA STEWARDS: TURN 2 INCIDENT INVOLVING CARS 16 (LEC) AND 23 (ALB) UNDER INVESTIGATION - FORCING ANOTHER DRIVER OFF THE TRACK"", ""FIA STEWARDS: TURN 2 INCIDENT INVOLVING CARS 16 (LEC) AND 23 (ALB) NO FURTHER ACTION - FORCING ANOTHER DRIVER OFF THE TRACK""]",False,False,False,unknown,unknown,unknown,False,{},machine_extracted_pending_human_review,pending_human_review,,,
adjudication-seed-fia-2025-esp-099b030b67a2-01,adj-412e6ca5aca26ea3,incident-src-412e6ca5aca26ea3,fia-2025-esp-099b030b67a2,2025-esp,Race,causing_collision,1,16,Turn 14,,,unresolved,60,61,60|61,2025-06-01T14:28:00+00:00,2025-06-01T14:29:00+00:00,fia_clock_lap_interval,referral-6eacb77df8d2ea39,candidate_pending_review,10.0,65.0,66.0,noted|investigation|sanction_announced|post_session_investigation,"[""TURN 5 INCIDENT INVOLVING CARS 1 (VER) AND 63 (RUS) NOTED - CAUSING A COLLISION"", ""FIA STEWARDS: TURN 5 INCIDENT INVOLVING CARS 1 (VER) AND 63 (RUS) UNDER INVESTIGATION - CAUSING A COLLISION"", ""FIA STEWARDS: 10 SECOND TIME PENALTY FOR CAR 1 (VER) - CAUSING A COLLISION"", ""START/FINISH STRAIGHT INCIDENT INVOLVING CARS 1 (VER) AND 16 (LEC) NOTED - CAUSING A COLLISION"", ""FIA STEWARDS: START/FINISH STRAIGHT INCIDENT INVOLVING CARS 1 (VER) AND 16 (LEC) WILL BE INVESTIGATED AFTER THE RACE - CAUSING A COLLISION""]",False,False,False,unknown,unknown,unknown,False,{},machine_extracted_pending_human_review,pending_human_review,,,
adjudication-seed-fia-2025-esp-0fd436b99af1-01,adj-6df990a2ab7ddf2d,incident-src-6df990a2ab7ddf2d,fia-2025-esp-0fd436b99af1,2025-esp,Race,causing_collision,16,1,Turn 14,,,unresolved,60,61,60|61,2025-06-01T14:28:00+00:00,2025-06-01T14:29:00+00:00,fia_clock_lap_interval,referral-6eacb77df8d2ea39,candidate_pending_review,10.0,65.0,66.0,noted|investigation|sanction_announced|post_session_investigation,"[""TURN 5 INCIDENT INVOLVING CARS 1 (VER) AND 63 (RUS) NOTED - CAUSING A COLLISION"", ""FIA STEWARDS: TURN 5 INCIDENT INVOLVING CARS 1 (VER) AND 63 (RUS) UNDER INVESTIGATION - CAUSING A COLLISION"", ""FIA STEWARDS: 10 SECOND TIME PENALTY FOR CAR 1 (VER) - CAUSING A COLLISION"", ""START/FINISH STRAIGHT INCIDENT INVOLVING CARS 1 (VER) AND 16 (LEC) NOTED - CAUSING A COLLISION"", ""FIA STEWARDS: START/FINISH STRAIGHT INCIDENT INVOLVING CARS 1 (VER) AND 16 (LEC) WILL BE INVESTIGATED AFTER THE RACE - CAUSING A COLLISION""]",False,False,False,unknown,unknown,unknown,False,{},machine_extracted_pending_human_review,pending_human_review,,,
adjudication-seed-fia-2025-esp-15cd2122312e-01,adj-413c9757dacacb88,incident-src-413c9757dacacb88,fia-2025-esp-15cd2122312e,2025-esp,Race,gaining_advantage_off_track,87,30,"Turns 1, 3",,,unresolved,50,51,50|51,2025-06-01T14:12:00+00:00,2025-06-01T14:13:00+00:00,fia_clock_lap_interval,referral-1af30777a3b12eca,high_confidence_algorithmic,13.0,54.0,62.0,noted|investigation|sanction_announced,"[""TURN 1 INCIDENT INVOLVING CARS 87 (BEA) AND 30 (LAW) NOTED - LEAVING THE TRACK AND GAINING AN ADVANTAGE"", ""FIA STEWARDS: TURN 1 INCIDENT INVOLVING CARS 87 (BEA) AND 30 (LAW) UNDER INVESTIGATION - LEAVING THE TRACK AND GAINING AN ADVANTAGE"", ""FIA STEWARDS: 10 SECOND TIME PENALTY FOR CAR 87 (BEA) - LEAVING THE TRACK AND GAINING AN ADVANTAGE""]",False,False,False,inside,front_axle_ahead,apex,False,"{""attacker_line"": [""Car 30 was overtaking Car 87 on the inside of Turn 1.""], ""corner_phase"": [""Car 30 was well ahead of the mirror of Car 87 at the apex of the corner.""], ""overlap"": [""Car 30 was well ahead of the mirror of Car 87 at the apex of the corner.""]}",machine_extracted_pending_human_review,pending_human_review,,,
adjudication-seed-fia-2025-esp-34abd90169ab-01,adj-fd11a3e24a70c2a4,incident-src-fd11a3e24a70c2a4,fia-2025-esp-34abd90169ab,2025-esp,Race,causing_collision,30,23,Turn 1,,,unresolved,24,25,24|25,2025-06-01T13:36:00+00:00,2025-06-01T13:37:00+00:00,fia_clock_lap_interval,referral-f5b0ef6d99d368fc,high_confidence_algorithmic,14.0,26.0,35.0,noted|investigation|no_further_action,"[""TURN 1 INCIDENT INVOLVING CARS 23 (ALB) AND 30 (LAW) NOTED"", ""FIA STEWARDS: TURN 1 INCIDENT INVOLVING CARS 23 (ALB) AND 30 (LAW) UNDER INVESTIGATION"", ""TURN 1 INCIDENT INVOLVING CARS 23 (ALB) AND 30 (LAW) NOTED - CAUSING A COLLISION"", ""FIA STEWARDS: TURN 1 INCIDENT INVOLVING CARS 23 (ALB) AND 30 (LAW) UNDER INVESTIGATION - CAUSING A COLLISION"", ""FIA STEWARDS: TURN 1 INCIDENT INVOLVING CARS 23 (ALB) AND 30 (LAW) NO FURTHER ACTION - CAUSING A COLLISION"", ""TURN 1 INCIDENT INVOLVING CARS 30 (LAW) AND 87 (BEA) NOTED - CAUSING A COLLISION"", ""FIA STEWARDS: TURN 1 INCIDENT INVOLVING CARS 30 (LAW) AND 87 (BEA) UNDER INVESTIGATION - CAUSING A COLLISION"", ""FIA STEWARDS: TURN 1 INCIDENT INVOLVING CARS 30 (LAW) AND 87 (BEA) NO FURTHER ACTION - CAUSING A COLLISION""]",False,False,False,outside,unknown,apex,False,"{""attacker_line"": [""The Stewards reviewed positioning/marshalling system data, video, timing and in-car video evidence and determined that Car 30 (Lawson) was overtaking Car 23 (Albon) on the outside at Turn 1 and was well ahead of Car 23 at the apex.""], ""corner_phase"": [""The Stewards reviewed positioning/marshalling system data, video, timing and in-car video evidence and determined that Car 30 (Lawson) was overtaking Car 23 (Albon) on the outside at Turn 1 and was well ahead of Car 23 at the apex.""]}",machine_extracted_pending_human_review,pending_human_review,,,
adjudication-seed-fia-2025-esp-45b994ae68b4-01,adj-153a4612c0b20d81,incident-src-153a4612c0b20d81,fia-2025-esp-45b994ae68b4,2025-esp,Race,gaining_advantage_off_track,1,63,"Turns 1, 3",,,unresolved,60,61,60|61,2025-06-01T14:28:00+00:00,2025-06-01T14:29:00+00:00,fia_clock_lap_interval,referral-c63585919491070c,candidate_pending_review,10.0,62.0,66.0,noted|investigation|no_further_action,"[""TURN 1 INCIDENT INVOLVING CARS 1 (VER) AND 63 (RUS) NOTED"", ""FIA STEWARDS: TURN 1 INCIDENT INVOLVING CARS 1 (VER) AND 63 (RUS) UNDER INVESTIGATION"", ""FIA STEWARDS: TURN 1 INCIDENT INVOLVING CARS 1 (VER) AND 63 (RUS) NO FURTHER ACTION""]",False,False,False,inside,front_axle_ahead,apex,True,"{""attacker_line"": [""Car 63 attempted to overtake Car 1 on the inside of Turn 1.""], ""control_error"": [""While the front axle of Car 63 was ahead of the mirror of Car 1 at the apex, the driver of Car 63 momentarily lost control of the car and collided with Car 1, forcing it wide and into the escape road.""], ""corner_phase"": [""While the front axle of Car 63 was ahead of the mirror of Car 1 at the apex, the driver of Car 63 momentarily lost control of the car and collided with Car 1, forcing it wide and into the escape road.""], ""overlap"": [""While the front axle of Car 63 was ahead of the mirror of Car 1 at the apex, the driver of Car 63 momentarily lost control of the car and collided with Car 1, forcing it wide and into the escape road.""]}",machine_extracted_pending_human_review,pending_human_review,,,
adjudication-seed-fia-2025-esp-4693ce9dbdc4-01,adj-479d79e5865e135e,incident-src-479d79e5865e135e,fia-2025-esp-4693ce9dbdc4,2025-esp,Race,gaining_advantage_off_track,23,30,Turn 1,,,unresolved,23,24,23|24,2025-06-01T13:35:00+00:00,2025-06-01T13:36:00+00:00,fia_clock_lap_interval,referral-1af30777a3b12eca,ambiguous_pending_review,10.0,54.0,62.0,noted|investigation|sanction_announced,"[""TURN 1 INCIDENT INVOLVING CARS 87 (BEA) AND 30 (LAW) NOTED - LEAVING THE TRACK AND GAINING AN ADVANTAGE"", ""FIA STEWARDS: TURN 1 INCIDENT INVOLVING CARS 87 (BEA) AND 30 (LAW) UNDER INVESTIGATION - LEAVING THE TRACK AND GAINING AN ADVANTAGE"", ""FIA STEWARDS: 10 SECOND TIME PENALTY FOR CAR 87 (BEA) - LEAVING THE TRACK AND GAINING AN ADVANTAGE""]",False,False,False,inside,unknown,apex,False,"{""attacker_line"": [""The Stewards reviewed positioning/marshalling system data, video, timing, team radio and in-car video evidence and determined that the driver of Car 30 (Lawson) was on the inside of Turn 1, clearly ahead of Car 23 (Albon) at the apex of Turn 1 when Car 23 went off the track, into the side road.""], ""corner_phase"": [""The Stewards reviewed positioning/marshalling system data, video, timing, team radio and in-car video evidence and determined that the driver of Car 30 (Lawson) was on the inside of Turn 1, clearly ahead of Car 23 (Albon) at the apex of Turn 1 when Car 23 went off the track, into the side road.""]}",machine_extracted_pending_human_review,pending_human_review,,,
adjudication-seed-fia-2025-esp-8cd31c466963-01,adj-567832bf228e7eb4,incident-src-567832bf228e7eb4,fia-2025-esp-8cd31c466963,2025-esp,Race,causing_collision,1,63,Turn 5,,,unresolved,64,65,64|65,2025-06-01T14:33:00+00:00,2025-06-01T14:34:00+00:00,fia_clock_lap_interval,referral-6eacb77df8d2ea39,high_confidence_algorithmic,14.0,65.0,66.0,noted|investigation|sanction_announced|post_session_investigation,"[""TURN 5 INCIDENT INVOLVING CARS 1 (VER) AND 63 (RUS) NOTED - CAUSING A COLLISION"", ""FIA STEWARDS: TURN 5 INCIDENT INVOLVING CARS 1 (VER) AND 63 (RUS) UNDER INVESTIGATION - CAUSING A COLLISION"", ""FIA STEWARDS: 10 SECOND TIME PENALTY FOR CAR 1 (VER) - CAUSING A COLLISION"", ""START/FINISH STRAIGHT INCIDENT INVOLVING CARS 1 (VER) AND 16 (LEC) NOTED - CAUSING A COLLISION"", ""FIA STEWARDS: START/FINISH STRAIGHT INCIDENT INVOLVING CARS 1 (VER) AND 16 (LEC) WILL BE INVESTIGATED AFTER THE RACE - CAUSING A COLLISION""]",False,False,False,unknown,unknown,unknown,False,{},machine_extracted_pending_human_review,pending_human_review,,,
adjudication-seed-fia-2025-esp-f89ab19eeac5-01,adj-6a1ad4e004abe2f1,incident-src-6a1ad4e004abe2f1,fia-2025-esp-f89ab19eeac5,2025-esp,Race,causing_collision,30,87,Turn 1,,31,fia_incident_clock_single_lap_interval,31,31,31,2025-06-01T13:45:00+00:00,2025-06-01T13:46:00+00:00,fia_clock_lap_interval,referral-f5b0ef6d99d368fc,high_confidence_algorithmic,14.0,26.0,35.0,noted|investigation|no_further_action,"[""TURN 1 INCIDENT INVOLVING CARS 23 (ALB) AND 30 (LAW) NOTED"", ""FIA STEWARDS: TURN 1 INCIDENT INVOLVING CARS 23 (ALB) AND 30 (LAW) UNDER INVESTIGATION"", ""TURN 1 INCIDENT INVOLVING CARS 23 (ALB) AND 30 (LAW) NOTED - CAUSING A COLLISION"", ""FIA STEWARDS: TURN 1 INCIDENT INVOLVING CARS 23 (ALB) AND 30 (LAW) UNDER INVESTIGATION - CAUSING A COLLISION"", ""FIA STEWARDS: TURN 1 INCIDENT INVOLVING CARS 23 (ALB) AND 30 (LAW) NO FURTHER ACTION - CAUSING A COLLISION"", ""TURN 1 INCIDENT INVOLVING CARS 30 (LAW) AND 87 (BEA) NOTED - CAUSING A COLLISION"", ""FIA STEWARDS: TURN 1 INCIDENT INVOLVING CARS 30 (LAW) AND 87 (BEA) UNDER INVESTIGATION - CAUSING A COLLISION"", ""FIA STEWARDS: TURN 1 INCIDENT INVOLVING CARS 30 (LAW) AND 87 (BEA) NO FURTHER ACTION - CAUSING A COLLISION""]",False,False,False,inside,unknown,apex,False,"{""attacker_line"": [""The Stewards reviewed positioning/marshalling system data, video, timing and in-car video evidence and determined that Car 30 (Lawson) was attempting to overtake Car 87 (Bearman) on the inside of Turn 1.""], ""corner_phase"": [""Car 30 was no where near the mirror of Car 87 at the apex.""]}",machine_extracted_pending_human_review,pending_human_review,,,
adjudication-seed-fia-2025-gbr-07f4a9af8016-01,adj-e0f8f07ee7a2831d,incident-src-e0f8f07ee7a2831d,fia-2025-gbr-07f4a9af8016,2025-gbr,Race,causing_collision,6,12,Turn 9,,18,fia_incident_clock_single_lap_interval,18,18,18,2025-07-06T14:41:00+00:00,2025-07-06T14:42:00+00:00,fia_clock_lap_interval,referral-97885793288084e1,high_confidence_algorithmic,13.0,19.0,20.0,noted|post_session_investigation,"[""TURN 9 INCIDENT INVOLVING CARS 6 (HAD) AND 12 (ANT) NOTED - CAUSING A COLLISION"", ""FIA STEWARDS: TURN 9 INCIDENT INVOLVING CARS 6 (HAD) AND 12 (ANT) WILL BE INVESTIGATED AFTER THE RACE - CAUSING A COLLISION""]",False,True,False,unknown,unknown,unknown,False,"{""wet_track"": [""Car 6 ran into the back of Car 12 at Turn 9 in heavy rain and crashed into the barriers."", ""Both drivers said that the visibility was so poor in the rain that they simply could not see anything in front of them."", ""The driver of Car 12 stated that he slowed down earlier than normal due to the heavy rain."", ""A collision occurred but that was unavoidable as both viewed themselves as passengers in the rain.""]}",machine_extracted_pending_human_review,pending_human_review,,,
adjudication-seed-fia-2025-gbr-66f857d6d3d7-01,adj-56c508de2d41940c,incident-src-56c508de2d41940c,fia-2025-gbr-66f857d6d3d7,2025-gbr,Race,causing_collision,22,87,Turns 6-7,,22,fia_incident_clock_single_lap_interval,22,22,22,2025-07-06T14:50:00+00:00,2025-07-06T14:51:00+00:00,fia_clock_lap_interval,referral-0781a9d0f3e2cf8d,high_confidence_algorithmic,13.0,23.0,27.0,noted|investigation|sanction_announced,"[""TURN 6 INCIDENT INVOLVING CARS 22 (TSU) AND 87 (BEA) NOTED - CAUSING A COLLISION"", ""FIA STEWARDS: TURN 6 INCIDENT INVOLVING CARS 22 (TSU) AND 87 (BEA) UNDER INVESTIGATION - CAUSING A COLLISION"", ""FIA STEWARDS: 10 SECOND TIME PENALTY FOR CAR 22 (TSU) - CAUSING A COLLISION""]",False,False,False,outside,front_axle_ahead,apex,False,"{""attacker_line"": [""Car 87 was overtaking Car 22 at Turn 6 on the outside.""], ""corner_phase"": [""Car 87 was well ahead of Car 22 at the apex."", ""Car 87 clearly had its front axle ahead of the front axle of Car 22 at the apex and was driven in a controlled manner.""], ""overlap"": [""Car 87 clearly had its front axle ahead of the front axle of Car 22 at the apex and was driven in a controlled manner.""]}",machine_extracted_pending_human_review,pending_human_review,,,
adjudication-seed-fia-2025-gbr-b43775ce7468-01,adj-42e27716f0b6e748,incident-src-42e27716f0b6e748,fia-2025-gbr-b43775ce7468,2025-gbr,Race,causing_collision,31,87,Turn 6,,43,fia_incident_clock_single_lap_interval,43,43,43,2025-07-06T15:27:00+00:00,2025-07-06T15:28:00+00:00,fia_clock_lap_interval,referral-39687112b09e6548,candidate_pending_review,10.0,45.0,47.0,noted|post_session_investigation,"[""TURN 6 INCIDENT INVOLVING CARS 87 (BEA) AND 31 (OCO) NOTED"", ""FIA STEWARDS: TURN 6 INCIDENT INVOLVING CARS 87 (BEA) AND 31 (OCO) WILL BE INVESTIGATED AFTER THE RACE""]",False,True,False,inside,unknown,apex,False,"{""attacker_line"": [""In damp conditions, Car 87 attempted to overtake Car 31 on the inside at Turn 6 and collided with Car 31.""], ""corner_phase"": [""While Car 87 appeared to have a legitimate claim to the corner at the apex under the Driver Guidelines, the Stewards took into account the prevailing track conditions, the available grip, and the respective positions and dynamics of both cars at the time.""], ""wet_track"": [""In damp conditions, Car 87 attempted to overtake Car 31 on the inside at Turn 6 and collided with Car 31."", ""Both drivers informed us at the hearing that the track conditions contributed significantly to the incident given that they were both driving on slicks on a damp track.""]}",machine_extracted_pending_human_review,pending_human_review,,,
adjudication-seed-fia-2025-gbr-bde5afff8b9e-01,adj-73480aa892b4963c,incident-src-73480aa892b4963c,fia-2025-gbr-bde5afff8b9e,2025-gbr,Race,causing_collision,87,31,Turn 6,,43,fia_incident_clock_single_lap_interval,43,43,43,2025-07-06T15:27:00+00:00,2025-07-06T15:28:00+00:00,fia_clock_lap_interval,referral-39687112b09e6548,candidate_pending_review,10.0,45.0,47.0,noted|post_session_investigation,"[""TURN 6 INCIDENT INVOLVING CARS 87 (BEA) AND 31 (OCO) NOTED"", ""FIA STEWARDS: TURN 6 INCIDENT INVOLVING CARS 87 (BEA) AND 31 (OCO) WILL BE INVESTIGATED AFTER THE RACE""]",False,True,False,inside,unknown,apex,False,"{""attacker_line"": [""In damp conditions, Car 87 attempted to overtake Car 31 on the inside at Turn 6 and collided with Car 31.""], ""corner_phase"": [""While Car 87 appeared to have a legitimate claim to the corner at the apex under the Driver Guidelines, the Stewards took into account the prevailing track conditions, the available grip, and the respective positions and dynamics of both cars at the time.""], ""wet_track"": [""In damp conditions, Car 87 attempted to overtake Car 31 on the inside at Turn 6 and collided with Car 31."", ""Both drivers informed us at the hearing that the track conditions contributed significantly to the incident given that they were both driving on slicks on a damp track.""]}",machine_extracted_pending_human_review,pending_human_review,,,
adjudication-seed-fia-2025-hun-3fbd14c36cd7-01,adj-4fb7700e0eacd773,incident-src-4fb7700e0eacd773,fia-2025-hun-3fbd14c36cd7,2025-hun,Race,causing_collision,10,55,Turn 4,,61,fia_incident_clock_single_lap_interval,61,61,61,2025-08-03T14:27:00+00:00,2025-08-03T14:28:00+00:00,fia_clock_lap_interval,referral-da5b6ae5cfb3c8a1,high_confidence_algorithmic,13.0,64.0,67.0,noted|investigation|sanction_announced,"[""TURN 2 INCIDENT INVOLVING CARS 10 (GAS) AND 55 (SAI) NOTED - CAUSING A COLLISION"", ""FIA STEWARDS: TURN 2 INCIDENT INVOLVING CARS 10 (GAS) AND 55 (SAI) UNDER INVESTIGATION - CAUSING A COLLISION"", ""FIA STEWARDS: 10 SECOND TIME PENALTY FOR CAR 10 (GAS) - CAUSING A COLLISION""]",False,False,False,outside,front_axle_ahead,apex,False,"{""attacker_line"": [""Car 55 attempted an overtake on the outside on Car 10 into Turn 4.""], ""corner_phase"": [""Car 55 had its front axle ahead of the front axle of Car 10 at the apex and therefore had the right to the racing line according to the Driving Standard Guidelines.""], ""overlap"": [""Car 55 had its front axle ahead of the front axle of Car 10 at the apex and therefore had the right to the racing line according to the Driving Standard Guidelines.""]}",machine_extracted_pending_human_review,pending_human_review,,,
adjudication-seed-fia-2025-hun-cafb664d4278-01,adj-6a67a6327b949573,incident-src-6a67a6327b949573,fia-2025-hun-cafb664d4278,2025-hun,Race,forcing_off_track,22,27,Turn 1,,,unresolved,48,49,48|49,2025-08-03T14:10:00+00:00,2025-08-03T14:11:00+00:00,fia_clock_lap_interval,referral-f52ec5a3fb397e7e,candidate_pending_review,12.0,52.0,58.0,noted|investigation|no_further_action,"[""TURN 1 INCIDENT INVOLVING CARS 27 (HUL) AND 22 (TSU) NOTED"", ""FIA STEWARDS: TURN 1 INCIDENT INVOLVING CARS 27 (HUL) AND 22 (TSU) UNDER INVESTIGATION"", ""FIA STEWARDS: TURN 1 INCIDENT INVOLVING CARS 27 (HUL) AND 22 (TSU) NO FURTHER ACTION""]",False,False,False,outside,unknown,unknown,False,"{""attacker_line"": [""Car 27 attempted an overtake on the outside of Car 22 into Turn 1 and had the right to the racing line.""]}",machine_extracted_pending_human_review,pending_human_review,,,
adjudication-seed-fia-2025-hun-f1ff0743742b-01,adj-f09cc8aab8d224ac,incident-src-f09cc8aab8d224ac,fia-2025-hun-f1ff0743742b,2025-hun,Race,forcing_off_track,1,44,Turn 4,29,29,model_reviewed_source_or_timing,28,29,28|29,2025-08-03T13:42:00+00:00,2025-08-03T13:43:00+00:00,fia_clock_lap_interval,referral-f2a9c9ecb6d21184,candidate_pending_review,10.0,32.0,41.0,noted|investigation|post_session_investigation,"[""TURN 4 INCIDENT INVOLVING CARS 1 (VER) AND 44 (HAM) NOTED"", ""FIA STEWARDS: TURN 4 INCIDENT INVOLVING CARS 1 (VER) AND 44 (HAM) UNDER INVESTIGATION"", ""FIA STEWARDS: TURN 4 INCIDENT INVOLVING CARS 1 (VER) AND 44 (HAM) WILL BE INVESTIGATED AFTER THE RACE""]",False,False,False,inside,unknown,exit,False,"{""attacker_line"": [""The driver of Car 1 stated during the hearing that he had gained some momentum on Car 44 out of Turn 3 with fresher tyres and used this momentum to make a move on the inside into Turn 4.""], ""corner_phase"": [""He further elaborated that he was in full control of his car and could have stayed further to the inside to leave space for Car 44 on the exit."", ""However he said, as Car 44 had gone off track, he elected to use all of the track on the exit.""]}",machine_extracted_pending_human_review,pending_human_review,,,
adjudication-seed-fia-2025-ita-3a096d05b5d9-01,adj-c1ca0f988c06f7ac,incident-src-c1ca0f988c06f7ac,fia-2025-ita-3a096d05b5d9,2025-ita,Race,forcing_off_track,31,18,Turn 4,,,unresolved,1,2,1|2,2025-09-07T13:05:00+00:00,2025-09-07T13:06:00+00:00,fia_clock_lap_interval,referral-6090878c4e83c071,high_confidence_algorithmic,15.0,6.0,9.0,noted|investigation|sanction_announced,"[""TURN 4 INCIDENT INVOLVING CARS 31 (OCO) AND 18 (STR) NOTED - FORCING ANOTHER DRIVER OFF THE TRACK"", ""FIA STEWARDS: TURN 4 INCIDENT INVOLVING CARS 31 (OCO) AND 18 (STR) UNDER INVESTIGATION - FORCING ANOTHER DRIVER OFF THE TRACK"", ""FIA STEWARDS: 5 SECOND TIME PENALTY FOR CAR 31 (OCO) - FORCING ANOTHER DRIVER OFF THE TRACK""]",False,False,False,outside,alongside,unknown,False,"{""attacker_line"": [""The driver of Car 31 defended his position to Car 18 and moved back towards the racing line on the approach to Turn 4 with Car 18 being alongside on the outside."", ""Car 31 did not leave sufficient space on the outside and forced Car 18 off track.""], ""overlap"": [""The driver of Car 31 defended his position to Car 18 and moved back towards the racing line on the approach to Turn 4 with Car 18 being alongside on the outside.""]}",machine_extracted_pending_human_review,pending_human_review,,,
adjudication-seed-fia-2025-ita-9d19bb5350fc-01,adj-c3132170cde7b7cf,incident-src-c3132170cde7b7cf,fia-2025-ita-9d19bb5350fc,2025-ita,Race,causing_collision,87,55,Turn 4,,40,fia_incident_clock_single_lap_interval,40,40,40,2025-09-07T13:59:00+00:00,2025-09-07T14:00:00+00:00,fia_clock_lap_interval,referral-05462a009b963b4e,high_confidence_algorithmic,13.0,42.0,46.0,noted|investigation|sanction_announced,"[""TURN 5 INCIDENT INVOLVING CARS 55 (SAI) AND 87 (BEA) NOTED"", ""FIA STEWARDS: TURN 5 INCIDENT INVOLVING CARS 87 (BEA) AND 55 (SAI) UNDER INVESTIGATION - CAUSING A COLLISION"", ""FIA STEWARDS: 10 SECOND TIME PENALTY FOR CAR 87 (BEA) - CAUSING A COLLISION""]",False,False,False,ambiguous_both_lines_mentioned,front_axle_ahead,apex,False,"{""attacker_line"": [""The driver of Car 87 defended his position on the inside instead of giving up the position and caused the collision."", ""Car 55 attempted to overtake Car 87 on the outside into Turn 4 and had its front axle ahead of the front axle of Car 87 at the apex, thereby earning the right to the racing line.""], ""corner_phase"": [""Car 55 attempted to overtake Car 87 on the outside into Turn 4 and had its front axle ahead of the front axle of Car 87 at the apex, thereby earning the right to the racing line.""], ""overlap"": [""Car 55 attempted to overtake Car 87 on the outside into Turn 4 and had its front axle ahead of the front axle of Car 87 at the apex, thereby earning the right to the racing line.""]}",machine_extracted_pending_human_review,pending_human_review,,,
adjudication-seed-fia-2025-lvs-462a2bce3a3a-01,adj-4762dd05c67569c8,incident-src-4762dd05c67569c8,fia-2025-lvs-462a2bce3a3a,2025-lvs,Race,causing_collision,5,18,Turn 1,1,1,model_reviewed_source_or_timing,1,1,1,2025-11-23T04:04:00+00:00,2025-11-23T04:05:00+00:00,fia_clock_lap_interval,referral-2ba396eba5a59d95,candidate_pending_review,12.0,4.0,9.0,noted|investigation|post_session_investigation,"[""TURN 1 INCIDENT INVOLVING CARS 5 (BOR), 43 (COL) AND 18 (STR) NOTED - CAUSING A COLLISION"", ""FIA STEWARDS: TURN 1 INCIDENT INVOLVING CARS 5 (BOR) AND 18 (STR) UNDER INVESTIGATION - CAUSING A COLLISION"", ""FIA STEWARDS: TURN 1 INCIDENT INVOLVING CARS 5 (BOR) AND 18 (STR) WILL BE INVESTIGATED AFTER THE RACE - CAUSING A COLLISION""]",True,False,False,unknown,unknown,unknown,False,"{""first_lap"": [""Even though this was a Lap 1 Turn 1 incident, mitigating circumstances do not exist and hence the standard 10 second penalty would have applied however as Car 5 retired, the penalty is converted into a grid penalty for the next Race in which the driver participates, in accordance with our guidelines.""]}",machine_extracted_pending_human_review,pending_human_review,,,
adjudication-seed-fia-2025-lvs-930d412442e7-01,adj-2c6f2f495e380077,incident-src-2c6f2f495e380077,fia-2025-lvs-930d412442e7,2025-lvs,Race,causing_collision,30,81|63|55,Turn 1,1,1,model_reviewed_source_or_timing,1,1,1,2025-11-23T04:04:00+00:00,2025-11-23T04:05:00+00:00,fia_clock_lap_interval,referral-299f74f832c44e98,high_confidence_algorithmic,13.0,3.0,7.0,noted|investigation|no_further_action,"[""TURN 1 INCIDENT INVOLVING CARS 81 (PIA) AND 30 (LAW) NOTED - CAUSING A COLLISION"", ""FIA STEWARDS: TURN 1 INCIDENT INVOLVING CARS 81 (PIA) AND 30 (LAW) UNDER INVESTIGATION - CAUSING A COLLISION"", ""FIA STEWARDS: TURN 1 INCIDENT INVOLVING CARS 81 (PIA) AND 30 (LAW) NO FURTHER ACTION - CAUSING A COLLISION""]",True,False,False,unknown,unknown,unknown,False,"{""first_lap"": [""In view of this and the fact that this was on Lap 1 Turn 1, we determine no further action.""]}",machine_extracted_pending_human_review,pending_human_review,,,
adjudication-seed-fia-2025-lvs-9874a99bc7cd-01,adj-3970a605781c9f8e,incident-src-3970a605781c9f8e,fia-2025-lvs-9874a99bc7cd,2025-lvs,Race,causing_collision,23,44,Turn 14,,,unresolved,13,14,13|14,2025-11-23T04:26:00+00:00,2025-11-23T04:27:00+00:00,fia_clock_lap_interval,referral-b715f3583bfd8d4d,high_confidence_algorithmic,15.0,15.0,20.0,noted|investigation|sanction_announced,"[""TURN 14 INCIDENT INVOLVING CARS 23 (ALB) AND 44 (HAM) NOTED - CAUSING A COLLISION"", ""FIA STEWARDS: TURN 14 INCIDENT INVOLVING CARS 23 (ALB) AND 44 (HAM) UNDER INVESTIGATION - CAUSING A COLLISION"", ""FIA STEWARDS: 5 SECOND TIME PENALTY FOR CAR 23 (ALB) - CAUSING A COLLISION""]",False,False,False,unknown,unknown,unknown,False,{},machine_extracted_pending_human_review,pending_human_review,,,
adjudication-seed-fia-2025-mco-637ae2b682ba-01,adj-bcb17f8b041a82e3,incident-src-bcb17f8b041a82e3,fia-2025-mco-637ae2b682ba,2025-mco,Race,gaining_advantage_off_track,63,23,Turn 10,,48,fia_incident_clock_single_lap_interval,48,48,48,2025-05-25T14:07:00+00:00,2025-05-25T14:08:00+00:00,fia_clock_lap_interval,referral-cf577333c2638f1e,candidate_pending_review,10.0,50.0,53.0,noted|investigation|sanction_announced,"[""TURN 10 INCIDENT INVOLVING CAR 63 (RUS) NOTED - LEAVING THE TRACK AND GAINING AN ADVANTAGE"", ""FIA STEWARDS: TURN 10 INCIDENT INVOLVING CAR 63 (RUS) UNDER INVESTIGATION - LEAVING THE TRACK AND GAINING AN ADVANTAGE"", ""FIA STEWARDS: DRIVE THROUGH PENALTY FOR CAR 63 (RUS) - LEAVING THE TRACK AND GAINING AN ADVANTAGE""]",False,False,False,unknown,unknown,unknown,False,{},machine_extracted_pending_human_review,pending_human_review,,,
adjudication-seed-fia-2025-mco-b201d5cbcdc6-01,adj-7d5059e7588e17a9,incident-src-7d5059e7588e17a9,fia-2025-mco-b201d5cbcdc6,2025-mco,Race,causing_collision,10,22,"Turns 10, 9",,,unresolved,7,8,7|8,2025-05-25T13:14:00+00:00,2025-05-25T13:15:00+00:00,fia_clock_lap_interval,referral-95d155f18c866d43,candidate_pending_review,11.0,12.0,13.0,noted|post_session_investigation,"[""TURN 10 INCIDENT INVOLVING CARS 22 (TSU) AND 10 (GAS) NOTED - CAUSING A COLLISION"", ""FIA STEWARDS: TURN 10 INCIDENT INVOLVING CARS 22 (TSU) AND 10 (GAS) WILL BE INVESTIGATED AFTER THE RACE - CAUSING A COLLISION""]",False,False,False,unknown,unknown,unknown,False,{},machine_extracted_pending_human_review,pending_human_review,,,
adjudication-seed-fia-2025-mex-47fc1c3a7137-01,adj-29e0c768f162cabc,incident-src-29e0c768f162cabc,fia-2025-mex-47fc1c3a7137,2025-mex,Race,gaining_advantage_off_track,44,1,Turns 4-5,,,unresolved,5,6,5|6,2025-10-26T20:10:00+00:00,2025-10-26T20:11:00+00:00,fia_clock_lap_interval,referral-d12c5370eadce05a,ambiguous_pending_review,8.0,9.0,23.0,noted|investigation|no_further_action,"[""TURN 1 INCIDENT INVOLVING CARS 1 (VER) AND 44 (HAM) NOTED - CAUSING A COLLISION"", ""FIA STEWARDS: TURN 1 INCIDENT INVOLVING CARS 1 (VER) AND 44 (HAM) UNDER INVESTIGATION - CAUSING A COLLISION"", ""FIA STEWARDS: TURN 1 INCIDENT INVOLVING CARS 1 (VER) AND 44 (HAM) NO FURTHER ACTION - CAUSING A COLLISION""]",False,False,False,unknown,unknown,unknown,False,{},machine_extracted_pending_human_review,pending_human_review,,,
adjudication-seed-fia-2025-mex-f947a135cd58-01,adj-dba46fa3ca5c210c,incident-src-dba46fa3ca5c210c,fia-2025-mex-f947a135cd58,2025-mex,Race,causing_collision,44,1,Turn 1,6,6,model_reviewed_source_or_timing,5,6,5|6,2025-10-26T20:10:00+00:00,2025-10-26T20:11:00+00:00,fia_clock_lap_interval,referral-d12c5370eadce05a,high_confidence_algorithmic,15.0,9.0,23.0,noted|investigation|no_further_action,"[""TURN 1 INCIDENT INVOLVING CARS 1 (VER) AND 44 (HAM) NOTED - CAUSING A COLLISION"", ""FIA STEWARDS: TURN 1 INCIDENT INVOLVING CARS 1 (VER) AND 44 (HAM) UNDER INVESTIGATION - CAUSING A COLLISION"", ""FIA STEWARDS: TURN 1 INCIDENT INVOLVING CARS 1 (VER) AND 44 (HAM) NO FURTHER ACTION - CAUSING A COLLISION""]",False,False,False,inside,ambiguous,apex,False,"{""attacker_line"": [""On lap 6, Car 1 (VER) overtook Car 44 (HAM) on the inside of Turn 1.""], ""corner_phase"": [""At the apex, VER’s front axle was clearly in front of HAM’s mirror and therefore VER was entitled to the racing line.""], ""overlap"": [""At the apex, VER’s front axle was clearly in front of HAM’s mirror and therefore VER was entitled to the racing line."", ""HAM remained alongside through the corner, resulting in slight contact between the wheels of both cars."", ""Considering that HAM had limited opportunity to leave additional space on track, that both cars were side by side throughout the corner and no sporting consequence resulted from the contact and noting that in similar incidents in the past no further action was taken, the Stewards determined that the matter falls within a racing incident.""]}",machine_extracted_pending_human_review,pending_human_review,,,
adjudication-seed-fia-2025-mia-2fbe65f9cac5-01,adj-cc7aa990ebfcb644,incident-src-cc7aa990ebfcb644,fia-2025-mia-2fbe65f9cac5,2025-mia,Race,causing_collision,44,55,Turn 17,,57,fia_incident_clock_single_lap_interval,57,57,57,2025-05-04T21:33:00+00:00,2025-05-04T21:34:00+00:00,fia_clock_lap_interval,referral-6fc136acc0b9e3a0,high_confidence_algorithmic,13.0,57.0,57.0,noted|post_session_investigation,"[""TURN 17 INCIDENT INVOLVING CARS 44 (HAM) AND 55 (SAI) NOTED - CAUSING A COLLISION"", ""FIA STEWARDS: TURN 17 INCIDENT INVOLVING CARS 44 (HAM) AND 55 (SAI) WILL BE INVESTIGATED AFTER THE RACE - CAUSING A COLLISION""]",False,False,False,inside,unknown,apex,False,"{""attacker_line"": [""Car 55 attempted an overtake on the inside of Car 44 into Turn 17 and both cars made contact at the apex.""], ""corner_phase"": [""Car 55 attempted an overtake on the inside of Car 44 into Turn 17 and both cars made contact at the apex.""]}",machine_extracted_pending_human_review,pending_human_review,,,
adjudication-seed-fia-2025-mia-45845998ca54-01,adj-324b4967a8663b58,incident-src-324b4967a8663b58,fia-2025-mia-45845998ca54,2025-mia,Race,causing_collision,55,44,Turn 17,,57,fia_incident_clock_single_lap_interval,57,57,57,2025-05-04T21:33:00+00:00,2025-05-04T21:34:00+00:00,fia_clock_lap_interval,referral-6fc136acc0b9e3a0,high_confidence_algorithmic,13.0,57.0,57.0,noted|post_session_investigation,"[""TURN 17 INCIDENT INVOLVING CARS 44 (HAM) AND 55 (SAI) NOTED - CAUSING A COLLISION"", ""FIA STEWARDS: TURN 17 INCIDENT INVOLVING CARS 44 (HAM) AND 55 (SAI) WILL BE INVESTIGATED AFTER THE RACE - CAUSING A COLLISION""]",False,False,False,inside,unknown,apex,False,"{""attacker_line"": [""Car 55 attempted an overtake on the inside of Car 44 into Turn 17 and both cars made contact at the apex.""], ""corner_phase"": [""Car 55 attempted an overtake on the inside of Car 44 into Turn 17 and both cars made contact at the apex.""]}",machine_extracted_pending_human_review,pending_human_review,,,
adjudication-seed-fia-2025-mia-257f8720a641-01,adj-5fb4a92076f8efba,incident-src-5fb4a92076f8efba,fia-2025-mia-257f8720a641,2025-mia,Sprint,causing_collision,30,14,"Turns 12, 11",,14,fia_incident_clock_single_lap_interval,14,14,14,2025-05-03T16:54:00+00:00,2025-05-03T16:55:00+00:00,fia_clock_lap_interval,referral-b7a7e983f39b483b,candidate_pending_review,11.0,16.0,16.0,noted,"[""TURN 12 INCIDENT INVOLVING CARS 30 (LAW) AND 14 (ALO) NOTED - CAUSING A COLLISION""]",False,False,False,outside,ambiguous,apex,False,"{""attacker_line"": [""Car 30 was attempting an overtake on the outside of Car 14 into Turn 11.""], ""corner_phase"": [""Although being able to pull fully alongside, the front axle of Car 30 was not ahead of the front axle of Car 14 at the apex as required per the Driving Standards Guidelines.""], ""overlap"": [""Although being able to pull fully alongside, the front axle of Car 30 was not ahead of the front axle of Car 14 at the apex as required per the Driving Standards Guidelines."", ""Although being able to pull fully alongside, the front axle of Car 30 was not ahead of the front axle of Car 14 at the apex as required per the Driving Standards Guidelines.""]}",machine_extracted_pending_human_review,pending_human_review,,,
adjudication-seed-fia-2025-ned-644f47d1f6a0-01,adj-47e48f725c522344,incident-src-47e48f725c522344,fia-2025-ned-644f47d1f6a0,2025-ned,Race,causing_collision,55,30,Turn 1,,27,fia_incident_clock_single_lap_interval,27,27,27,2025-08-31T13:39:00+00:00,2025-08-31T13:40:00+00:00,fia_clock_lap_interval,referral-6da8a30656674802,candidate_pending_review,10.0,29.0,31.0,noted|investigation,"[""TURN 1 INCIDENT INVOLVING CARS 55 (SAI) AND 30 (LAW) NOTED"", ""FIA STEWARDS: TURN 1 INCIDENT INVOLVING CARS 55 (SAI) AND 30 (LAW) UNDER INVESTIGATION""]",False,False,False,outside,front_axle_ahead,apex,False,"{""attacker_line"": [""Car 55 was attempting to overtake Car 30 on the outside of Turn 1."", ""Car 55 attempted to stay on the outside of Car 30 and a collision occurred.""], ""corner_phase"": [""The front axle of Car 55 was not ahead of the front axle of Car 30 at the apex of Turn 1.""], ""overlap"": [""The front axle of Car 55 was not ahead of the front axle of Car 30 at the apex of Turn 1.""]}",machine_extracted_pending_human_review,pending_human_review,,,
adjudication-seed-fia-2025-ned-93b5218acb32-01,adj-8f0780dbba4e36af,incident-src-8f0780dbba4e36af,fia-2025-ned-93b5218acb32,2025-ned,Race,causing_collision,63,16,"Turns 12, 11",,,unresolved,32,33,32|33,2025-08-31T13:46:00+00:00,2025-08-31T13:47:00+00:00,fia_clock_lap_interval,referral-5b0d6819a27844e3,ambiguous_pending_review,11.0,35.0,42.0,noted|investigation|post_session_investigation,"[""TURN 12 INCIDENT INVOLVING CARS 16 (LEC) AND 63 (RUS) NOTED - CAUSING A COLLISION"", ""FIA STEWARDS: TURN 12 INCIDENT INVOLVING CARS 16 (LEC) AND 63 (RUS) UNDER INVESTIGATION - CAUSING A COLLISION"", ""FIA STEWARDS: TURN 12 INCIDENT INVOLVING CARS 16 (LEC) AND 63 (RUS) WILL BE INVESTIGATED AFTER THE RACE - CAUSING A COLLISION""]",False,False,False,unknown,unknown,unknown,False,{},machine_extracted_pending_human_review,pending_human_review,,,
adjudication-seed-fia-2025-ned-bebf98c3f2bf-01,adj-7a6e06b6a58ea9bf,incident-src-7a6e06b6a58ea9bf,fia-2025-ned-bebf98c3f2bf,2025-ned,Race,causing_collision,16,63,"Turns 12, 11",,,unresolved,32,33,32|33,2025-08-31T13:46:00+00:00,2025-08-31T13:47:00+00:00,fia_clock_lap_interval,referral-5b0d6819a27844e3,ambiguous_pending_review,11.0,35.0,42.0,noted|investigation|post_session_investigation,"[""TURN 12 INCIDENT INVOLVING CARS 16 (LEC) AND 63 (RUS) NOTED - CAUSING A COLLISION"", ""FIA STEWARDS: TURN 12 INCIDENT INVOLVING CARS 16 (LEC) AND 63 (RUS) UNDER INVESTIGATION - CAUSING A COLLISION"", ""FIA STEWARDS: TURN 12 INCIDENT INVOLVING CARS 16 (LEC) AND 63 (RUS) WILL BE INVESTIGATED AFTER THE RACE - CAUSING A COLLISION""]",False,False,False,unknown,unknown,unknown,False,{},machine_extracted_pending_human_review,pending_human_review,,,
adjudication-seed-fia-2025-ned-d843a4b9a866-01,adj-8200d1dc5332b417,incident-src-8200d1dc5332b417,fia-2025-ned-d843a4b9a866,2025-ned,Race,causing_collision,12,16,Turn 3,,53,fia_incident_clock_single_lap_interval,53,53,53,2025-08-31T14:12:00+00:00,2025-08-31T14:13:00+00:00,fia_clock_lap_interval,referral-562b20d8442a7b89,high_confidence_algorithmic,14.0,55.0,56.0,noted|investigation|sanction_announced,"[""TURN 3 INCIDENT INVOLVING CARS 63 (RUS) AND 16 (LEC) NOTED - CAUSING A COLLISION"", ""FIA STEWARDS: TURN 3 INCIDENT INVOLVING CARS 63 (RUS) AND 16 (LEC) UNDER INVESTIGATION - CAUSING A COLLISION"", ""CORRECTION:: TURN 3 INCIDENT INVOLVING CARS 12 (ANT) AND 16 (LEC) UNDER INVESTIGATION - CAUSING A COLLISION"", ""FIA STEWARDS: 10 SECOND TIME PENALTY FOR CAR 12 (ANT) - CAUSING A COLLISION""]",False,False,False,inside,unknown,unknown,False,"{""attacker_line"": [""Car 12 was attempting an overtake on the inside of Car 16 at Turn 3 and understeered into the side of Car 16.""]}",machine_extracted_pending_human_review,pending_human_review,,,
adjudication-seed-fia-2025-qat-78837a554fcb-01,adj-b5568820681da36b,incident-src-b5568820681da36b,fia-2025-qat-78837a554fcb,2025-qat,Race,causing_collision,27,10,,,,unresolved,6,7,6|7,2025-11-30T16:12:00+00:00,2025-11-30T16:13:00+00:00,fia_clock_lap_interval,referral-aa5b2e3498a65c01,high_confidence_algorithmic,13.0,10.0,13.0,noted|investigation|no_further_action,"[""TURN 2 INCIDENT INVOLVING CARS 10 (GAS) AND 27 (HUL) NOTED - CAUSING A COLLISION"", ""FIA STEWARDS: TURN 2 INCIDENT INVOLVING CARS 10 (GAS) AND 27 (HUL) UNDER INVESTIGATION - CAUSING A COLLISION"", ""FIA STEWARDS: TURN 2 INCIDENT INVOLVING CARS 10 (GAS) AND 27 (HUL) NO FURTHER ACTION - CAUSING A COLLISION""]",False,False,False,outside,unknown,unknown,False,"{""attacker_line"": [""Car 27 was overtaking on the outside and was entitled to the corner however Car 10 made every attempt to give room to Car 27 and did not open his steering.""]}",machine_extracted_pending_human_review,pending_human_review,,,
adjudication-seed-fia-2025-sao-06b73ba655ed-01,adj-7f13cd0ba94d7090,incident-src-7f13cd0ba94d7090,fia-2025-sao-06b73ba655ed,2025-sao,Race,causing_collision,22,18,Turn 8,6,6,model_reviewed_source_or_timing,5,6,5|6,2025-11-09T17:12:00+00:00,2025-11-09T17:13:00+00:00,fia_clock_lap_interval,referral-9cd85ab0e35ccaec,high_confidence_algorithmic,15.0,10.0,12.0,noted|investigation|sanction_announced,"[""TURN 8 INCIDENT INVOLVING CARS 22 (TSU) AND 18 (STR) NOTED - CAUSING A COLLISION"", ""FIA STEWARDS: TURN 8 INCIDENT INVOLVING CARS 22 (TSU) AND 18 (STR) UNDER INVESTIGATION - CAUSING A COLLISION"", ""FIA STEWARDS: 10 SECOND TIME PENALTY FOR CAR 22 (TSU) - CAUSING A COLLISION""]",False,False,False,inside,unknown,unknown,False,"{""attacker_line"": [""On lap 6, Car 22 (TSU) approached Turn 8 carrying much more speed than the cars ahead, closed up on the inside behind Car 18 (STR), and made contact with the rear of that car, causing a collision and forcing Car 18 into a spin.""]}",machine_extracted_pending_human_review,pending_human_review,,,
adjudication-seed-fia-2025-sao-8b59704b34d7-01,adj-ae58e3cecb00d019,incident-src-ae58e3cecb00d019,fia-2025-sao-8b59704b34d7,2025-sao,Race,causing_collision,44,43,Turn 15,2,2,model_reviewed_source_or_timing,1,2,1|2,2025-11-09T17:04:00+00:00,2025-11-09T17:05:00+00:00,fia_clock_lap_interval,referral-6ad7e4165a21d44e,high_confidence_algorithmic,15.0,16.0,36.0,noted|investigation|sanction_announced,"[""TURN 15 INCIDENT INVOLVING CARS 44 (HAM) AND 43 (COL) NOTED - CAUSING A COLLISION"", ""FIA STEWARDS: TURN 15 INCIDENT INVOLVING CARS 44 (HAM) AND 43 (COL) UNDER INVESTIGATION - CAUSING A COLLISION"", ""FIA STEWARDS: 5 SECOND TIME PENALTY FOR CAR 44 (HAM) - CAUSING A COLLISION"", ""FIA STEWARDS: PENALTY SERVED - 5 SECOND TIME PENALTY FOR CAR 44 (HAM) - CAUSING A COLLISION""]",False,False,False,unknown,unknown,unknown,False,{},machine_extracted_pending_human_review,pending_human_review,,,
adjudication-seed-fia-2025-sao-f7a215166f92-01,adj-07251667fa91d99d,incident-src-07251667fa91d99d,fia-2025-sao-f7a215166f92,2025-sao,Race,causing_collision,81,12|16,Turn 1,6,6,model_reviewed_source_or_timing,5,6,5|6,2025-11-09T17:12:00+00:00,2025-11-09T17:13:00+00:00,fia_clock_lap_interval,referral-b8d436316d13e265,high_confidence_algorithmic,13.0,11.0,16.0,noted|investigation|sanction_announced,"[""TURN 1 INCIDENT INVOLVING CARS 81 (PIA) AND 12 (ANT) NOTED - CAUSING A COLLISION"", ""FIA STEWARDS: TURN 1 INCIDENT INVOLVING CARS 81 (PIA) AND 12 (ANT) UNDER INVESTIGATION - CAUSING A COLLISION"", ""FIA STEWARDS: 10 SECOND TIME PENALTY FOR CAR 81 (PIA) - CAUSING A COLLISION""]",False,False,True,ambiguous_both_lines_mentioned,ambiguous,apex,False,"{""attacker_line"": [""At the Safety Car restart on Lap 6, Car 81 (Oscar Piastri) attempted to overtake Car 12 (Kimi Antonelli) on the inside of Turn 1."", ""In doing so, PIA did not establish the required overlap prior to and at the apex, as his front axle was not alongside the mirror of Car 12, as defined in the Driving Standard Guidelines for overtaking on the inside of a corner."", ""This contact caused ANT to make secondary contact with Car 16 (Charles Leclerc), who was positioned on the outside and was forced to retire from the race as a result.""], ""corner_phase"": [""In doing so, PIA did not establish the required overlap prior to and at the apex, as his front axle was not alongside the mirror of Car 12, as defined in the Driving Standard Guidelines for overtaking on the inside of a corner.""], ""overlap"": [""In doing so, PIA did not establish the required overlap prior to and at the apex, as his front axle was not alongside the mirror of Car 12, as defined in the Driving Standard Guidelines for overtaking on the inside of a corner."", ""In doing so, PIA did not establish the required overlap prior to and at the apex, as his front axle was not alongside the mirror of Car 12, as defined in the Driving Standard Guidelines for overtaking on the inside of a corner.""], ""safety_car_restart"": [""At the Safety Car restart on Lap 6, Car 81 (Oscar Piastri) attempted to overtake Car 12 (Kimi Antonelli) on the inside of Turn 1.""]}",machine_extracted_pending_human_review,pending_human_review,,,
adjudication-seed-fia-2025-sao-61b609bbbc46-01,adj-a4594db187cf51e4,incident-src-a4594db187cf51e4,fia-2025-sao-61b609bbbc46,2025-sao,Sprint,causing_collision,30,87,"Turns 4, 3",,1,fia_incident_clock_single_lap_interval,1,1,1,2025-11-08T14:03:00+00:00,2025-11-08T14:04:00+00:00,fia_clock_lap_interval,referral-e087a5378e0f0c80,candidate_pending_review,11.0,3.0,5.0,noted|investigation,"[""TURN 4 INCIDENT INVOLVING CARS 30 (LAW) AND 87 (BEA) NOTED - CAUSING A COLLISION"", ""FIA STEWARDS: TURN 4 INCIDENT INVOLVING CARS 30 (LAW) AND 87 (BEA) UNDER INVESTIGATION - CAUSING A COLLISION""]",True,True,False,inside,alongside,apex,False,"{""attacker_line"": [""On the first lap, Car 30 (LAW) attempted to overtake Car 87 (BEA) on the inside (left- hand-side) while approaching and through Turn 4."", ""Video evidence from circuit cameras and onboard footage did not clearly establish whether the front axle of Car 30 was at least momentarily alongside the rear-view mirror of Car 87 prior to the apex, let alone whether this overlap was maintained at the apex – as would be required under the Driving Standards Guidelines for an overtaking car on the inside to be entitled to racing room.""], ""corner_phase"": [""After the apex, as both cars were exiting the corner, there was contact between the two cars."", ""Video evidence from circuit cameras and onboard footage did not clearly establish whether the front axle of Car 30 was at least momentarily alongside the rear-view mirror of Car 87 prior to the apex, let alone whether this overlap was maintained at the apex – as would be required under the Driving Standards Guidelines for an overtaking car on the inside to be entitled to racing room.""], ""first_lap"": [""On the first lap, Car 30 (LAW) attempted to overtake Car 87 (BEA) on the inside (left- hand-side) while approaching and through Turn 4.""], ""overlap"": [""In Turn 4, Car 30, slightly offset alongside Car 87, moved slightly to the right, while Car 87, following the natural line of the left-hand corner, turned slightly towards Car 30."", ""Video evidence from circuit cameras and onboard footage did not clearly establish whether the front axle of Car 30 was at least momentarily alongside the rear-view mirror of Car 87 prior to the apex, let alone whether this overlap was maintained at the apex – as would be required under the Driving Standards Guidelines for an overtaking car on the inside to be entitled to racing room.""], ""wet_track"": [""40), after which Car 30 was struggling with colder and damp left tyres.""]}",machine_extracted_pending_human_review,pending_human_review,,,
adjudication-seed-fia-2025-sau-085f04d49714-01,adj-c3806e9e6a004dbe,incident-src-c3806e9e6a004dbe,fia-2025-sau-085f04d49714,2025-sau,Race,gaining_advantage_off_track,30,7,"Turns 2, 1",,,unresolved,27,28,27|28,2025-04-20T17:50:00+00:00,2025-04-20T17:51:00+00:00,fia_clock_lap_interval,referral-1d785c89224a4865,ambiguous_pending_review,8.0,31.0,37.0,noted|investigation,"[""TURN 1 INCIDENT INVOLVING CARS 30 (LAW) AND 7 (DOO) NOTED"", ""FIA STEWARDS: TURN 1 INCIDENT INVOLVING CARS 30 (LAW) AND 7 (DOO) UNDER INVESTIGATION""]",False,False,False,unknown,unknown,unknown,False,{},machine_extracted_pending_human_review,pending_human_review,,,
adjudication-seed-fia-2025-sau-8187bba80d1e-01,adj-47d34770b1ec91cd,incident-src-47d34770b1ec91cd,fia-2025-sau-8187bba80d1e,2025-sau,Race,causing_collision,22,10|55,Turn 5,,1,fia_incident_clock_single_lap_interval,1,1,1,2025-04-20T17:04:00+00:00,2025-04-20T17:05:00+00:00,fia_clock_lap_interval,referral-3dcd04109c7befd9,candidate_pending_review,11.0,4.0,7.0,noted|post_session_investigation,"[""TURN 5 INCIDENT INVOLVING CARS 22 (TSU) AND 10 (GAS) NOTED - CAUSING A COLLISION"", ""FIA STEWARDS: TURN 5 INCIDENT INVOLVING CARS 22 (TSU) AND 10 (GAS) WILL BE INVESTIGATED AFTER THE RACE - CAUSING A COLLISION""]",True,False,False,unknown,unknown,unknown,False,"{""first_lap"": [""The Stewards heard from the driver of Car 22 (Yuki Tsunoda), the driver of Car 10 (Pierre Gasly), team representatives and reviewed positioning/marshalling system data, video, timing, telemetry and in-car video evidence and determined that this was a first lap racing incident."", ""Car 22 and Car 10 were battling for track position on the first lap.""]}",machine_extracted_pending_human_review,pending_human_review,,,
adjudication-seed-fia-2025-sau-8ffc9e48015e-01,adj-87d924dd6ae7d7a9,incident-src-87d924dd6ae7d7a9,fia-2025-sau-8ffc9e48015e,2025-sau,Race,gaining_advantage_off_track,1,81,Turn 2,,1,fia_incident_clock_single_lap_interval,1,1,1,2025-04-20T17:04:00+00:00,2025-04-20T17:05:00+00:00,fia_clock_lap_interval,referral-128709662d198c39,ambiguous_pending_review,8.0,2.0,3.0,noted|investigation,"[""TURN 1 INCIDENT INVOLVING CARS 1 (VER) AND 81 (PIA) NOTED"", ""FIA STEWARDS: TURN 1 INCIDENT INVOLVING CARS 1 (VER) AND 81 (PIA) UNDER INVESTIGATION""]",True,False,False,inside,alongside,apex,False,"{""attacker_line"": [""The Stewards reviewed positioning/marshalling system data, video, timing, telemetry and in-car video evidence and determined that car 81 had its front axle at least alongside the mirror of Car 1 prior to and at the apex of corner 1 when trying to overtake Car 1 on the inside.""], ""corner_phase"": [""The Stewards reviewed positioning/marshalling system data, video, timing, telemetry and in-car video evidence and determined that car 81 had its front axle at least alongside the mirror of Car 1 prior to and at the apex of corner 1 when trying to overtake Car 1 on the inside."", ""In fact, Car 81 was alongside Car 1 at the apex.""], ""overlap"": [""The Stewards reviewed positioning/marshalling system data, video, timing, telemetry and in-car video evidence and determined that car 81 had its front axle at least alongside the mirror of Car 1 prior to and at the apex of corner 1 when trying to overtake Car 1 on the inside."", ""In fact, Car 81 was alongside Car 1 at the apex.""]}",machine_extracted_pending_human_review,pending_human_review,,,
adjudication-seed-fia-2025-usa-1f9064819192-01,adj-d1735787a6532540,incident-src-d1735787a6532540,fia-2025-usa-1f9064819192,2025-usa,Race,causing_collision,55,12,Turn 15,,6,fia_incident_clock_single_lap_interval,6,6,6,2025-10-19T19:13:00+00:00,2025-10-19T19:14:00+00:00,fia_clock_lap_interval,referral-9ee5a096989b8230,high_confidence_algorithmic,13.0,8.0,9.0,noted|post_session_investigation,"[""TURN 15 INCIDENT INVOLVING CARS 12 (ANT) AND 55 (SAI) NOTED - CAUSING A COLLISION"", ""FIA STEWARDS: TURN 15 INCIDENT INVOLVING CARS 12 (ANT) AND 55 (SAI) WILL BE INVESTIGATED AFTER THE RACE - CAUSING A COLLISION""]",False,False,False,unknown,ambiguous,apex,False,"{""corner_phase"": [""Car 55 attempted an inside overtake on Car 12 at Turn 15 and a collision between the two cars occurred at the apex."", ""The driver of Car 55 maintained that he had expected the driver of Car 12 to leave him space at the apex but Car 12 turned in early and Car 55 locked brakes when it became clear that a collision was unavoidable."", ""However, at no point prior to the apex was the front axle of Car 55 alongside or ahead of the mirror of Car 12."", ""Therefore, according to the Driving Standards Guidelines, Car 55 had not earned a right to be left space at the apex.""], ""overlap"": [""However, at no point prior to the apex was the front axle of Car 55 alongside or ahead of the mirror of Car 12."", ""However, at no point prior to the apex was the front axle of Car 55 alongside or ahead of the mirror of Car 12.""]}",machine_extracted_pending_human_review,pending_human_review,,,
adjudication-seed-fia-2025-usa-128be2a520d5-01,adj-e735ae114a36040d,incident-src-e735ae114a36040d,fia-2025-usa-128be2a520d5,2025-usa,Sprint,gaining_advantage_off_track,87,12,Turn 12,,,unresolved,15,16,15|16,2025-10-18T17:32:00+00:00,2025-10-18T17:33:00+00:00,fia_clock_lap_interval,referral-00e9a7cad301ce54,high_confidence_algorithmic,13.0,15.0,18.0,noted|investigation|sanction_announced,"[""TURN 15 INCIDENT INVOLVING CARS 87 (BEA) AND 12 (ANT) NOTED - LEAVING THE TRACK AND GAINING AN ADVANTAGE"", ""FIA STEWARDS: TURN 15 INCIDENT INVOLVING CARS 87 (BEA) AND 12 (ANT) UNDER INVESTIGATION - LEAVING THE TRACK AND GAINING AN ADVANTAGE"", ""FIA STEWARDS: 10 SECOND TIME PENALTY FOR CAR 87 (BEA) - LEAVING THE TRACK AND GAINING AN ADVANTAGE""]",False,False,False,ambiguous_both_lines_mentioned,front_axle_ahead,apex,False,"{""attacker_line"": [""Car 12 was attempting an overtake on Car 87 on the inside into Turn 12 and had its front axle ahead of the mirrors of Car 87 prior to and at the apex."", ""Car 87 left the track on the outside while defending and rejoined the track in front of Car 12.""], ""corner_phase"": [""Car 12 was attempting an overtake on Car 87 on the inside into Turn 12 and had its front axle ahead of the mirrors of Car 87 prior to and at the apex.""], ""overlap"": [""Car 12 was attempting an overtake on Car 87 on the inside into Turn 12 and had its front axle ahead of the mirrors of Car 87 prior to and at the apex.""]}",machine_extracted_pending_human_review,pending_human_review,,,
adjudication-seed-fia-2025-usa-e36053ba7969-01,adj-671ecdc75433b5c4,incident-src-671ecdc75433b5c4,fia-2025-usa-e36053ba7969,2025-usa,Sprint,causing_collision,18,31,Turn 1,,,unresolved,15,16,15|16,2025-10-18T17:32:00+00:00,2025-10-18T17:33:00+00:00,fia_clock_lap_interval,referral-1e360c2dff8943be,high_confidence_algorithmic,13.0,18.0,18.0,noted,"[""TURN 1 INCIDENT INVOLVING CARS 31 (OCO) AND 18 (STR) NOTED - CAUSING A COLLISION""]",False,False,False,unknown,unknown,unknown,False,{},machine_extracted_pending_human_review,pending_human_review,,,
