harm_record_id,canonical_incident_key,incident_grouping_status,event_id,session_type,participant_driver_number,participant_role,all_participant_driver_numbers,participant_count,adjudication_ids,document_ids,outcome_families,incident_lap_candidate,incident_lap_conflict,incident_lap_bases,clock_lower_utc,clock_upper_utc,clock_window_conflict,referral_link_statuses,driver_name,abbreviation,team_name,grid_position,finish_position,classification_status,classification_damage_signal,laps_completed,participant_lap_candidate,possible_participant_laps,participant_lap_basis,position_before,position_after,observed_position_change,pit_signal_lap,clean_laps_before,clean_laps_after,matched_reference_laps_before,matched_reference_laps_after,persistent_pace_primary_eligible,screening_score,screening_priority,screening_reasons,damage_state,damage_inference_status,timing_review_status,team_source_search_terms,formula1_source_search_terms
ab56267a3351d0c4e65b,incident-src-1e31200d5298f217,existing_incident_id,2018-mco,Race,28,affected,16|28,2,adj-1e31200d5298f217,fia-2018-mco-a3c31b11ff12,no_further_action,71,False,fia_incident_clock_single_lap_interval,2018-05-27T14:46:00+00:00,2018-05-27T14:47:00+00:00,False,unmatched,Brendon Hartley,HAR,Toro Rosso,15.0,19.0,Collision,True,70.0,71,71,fia_clock_participant_single_lap_interval,11.0,15.0,4.0,71.0,8,0,8,0,False,12,high,damage_or_incident_retirement_status|pit_within_two_laps_of_candidate_incident|incident_lap_available|observed_drop_of_three_or_more_positions,unknown,timing_screen_only_not_damage_evidence,pending_human_review,2018-mco Brendon Hartley Toro Rosso race report damage collision puncture front wing floor retirement,site:formula1.com/en/latest 2018-mco Brendon Hartley damage collision puncture pit stop retirement
66add1ada0c6d18a9e2e,referral-f8f7baabcde165ad,race_control_episode_candidate_pending_review,2019-aze,Race,3,accused,3|26,2,adj-58045adf2d642c7b,fia-2019-aze-9a6772a3acaf,grid_penalty,31,False,fia_incident_clock_single_lap_interval,2019-04-28T13:09:00+00:00,2019-04-28T13:10:00+00:00,False,candidate_pending_review,Daniel Ricciardo,RIC,Renault,10.0,20.0,Collision,True,31.0,31,31,fia_clock_participant_single_lap_interval,11.0,18.0,7.0,31.0,8,0,8,0,False,12,high,damage_or_incident_retirement_status|pit_within_two_laps_of_candidate_incident|incident_lap_available|observed_drop_of_three_or_more_positions,unknown,timing_screen_only_not_damage_evidence,pending_human_review,2019-aze Daniel Ricciardo Renault race report damage collision puncture front wing floor retirement,site:formula1.com/en/latest 2019-aze Daniel Ricciardo damage collision puncture pit stop retirement
98ecc671881ac2157adb,referral-f8f7baabcde165ad,race_control_episode_candidate_pending_review,2019-aze,Race,26,affected,3|26,2,adj-58045adf2d642c7b,fia-2019-aze-9a6772a3acaf,grid_penalty,31,False,fia_incident_clock_single_lap_interval,2019-04-28T13:09:00+00:00,2019-04-28T13:10:00+00:00,False,candidate_pending_review,Daniil Kvyat,KVY,Toro Rosso,6.0,19.0,Collision,True,33.0,31,31,fia_clock_participant_single_lap_interval,10.0,17.0,7.0,33.0,8,0,8,0,False,12,high,damage_or_incident_retirement_status|pit_within_two_laps_of_candidate_incident|incident_lap_available|observed_drop_of_three_or_more_positions,unknown,timing_screen_only_not_damage_evidence,pending_human_review,2019-aze Daniil Kvyat Toro Rosso race report damage collision puncture front wing floor retirement,site:formula1.com/en/latest 2019-aze Daniil Kvyat damage collision puncture pit stop retirement
d468ccf7d4ea7052228d,referral-e2a1e81ca9f578ea,race_control_episode_candidate_pending_review,2019-chn,Race,4,affected,4|26|55,3,adj-fb33cf1dee9a141c,fia-2019-chn-50a2b4dfbc09,drive_through,1,False,fia_incident_clock_single_lap_interval,2019-04-14T06:14:00+00:00,2019-04-14T06:15:00+00:00,False,high_confidence_algorithmic,Lando Norris,NOR,McLaren,15.0,18.0,Collision,True,50.0,1,1,fia_clock_participant_single_lap_interval,,20.0,,1.0,0,8,0,8,False,12,high,damage_or_incident_retirement_status|pit_within_two_laps_of_candidate_incident|incident_lap_available|multi_car_incident,unknown,timing_screen_only_not_damage_evidence,pending_human_review,2019-chn Lando Norris McLaren race report damage collision puncture front wing floor retirement,site:formula1.com/en/latest 2019-chn Lando Norris damage collision puncture pit stop retirement
3c041c6b0816caa638bd,referral-07ba0521d047f4a1,race_control_episode_candidate_pending_review,2021-aut,Race,5,affected,5|7,2,adj-777fb475fb7ad14e,fia-2021-aut-5bb9fcd0e3b6,drive_through,70,False,fia_incident_clock_single_lap_interval,2021-07-04T14:26:00+00:00,2021-07-04T14:27:00+00:00,False,high_confidence_algorithmic,Sebastian Vettel,VET,Aston Martin,11.0,17.0,Collision,True,69.0,70,70,fia_clock_participant_single_lap_interval,13.0,17.0,4.0,70.0,8,0,8,0,False,12,high,damage_or_incident_retirement_status|pit_within_two_laps_of_candidate_incident|incident_lap_available|observed_drop_of_three_or_more_positions,unknown,timing_screen_only_not_damage_evidence,pending_human_review,2021-aut Sebastian Vettel Aston Martin race report damage collision puncture front wing floor retirement,site:formula1.com/en/latest 2021-aut Sebastian Vettel damage collision puncture pit stop retirement
bed0f8292ba344080ff2,referral-92a69d6732b75346,race_control_episode_candidate_pending_review,2022-abu,Race,6,affected,6|47,2,adj-5c847c13b64952f6,fia-2022-abu-6afd5d82f378,time_penalty,38,False,fia_incident_clock_single_lap_interval,2022-11-20T14:01:00+00:00,2022-11-20T14:02:00+00:00,False,high_confidence_algorithmic,Nicholas Latifi,LAT,Williams,20.0,19.0,Collision damage,True,55.0,38,38,fia_clock_participant_single_lap_interval,16.0,19.0,3.0,38.0,8,8,6,8,True,12,high,damage_or_incident_retirement_status|pit_within_two_laps_of_candidate_incident|incident_lap_available|observed_drop_of_three_or_more_positions,unknown,timing_screen_only_not_damage_evidence,pending_human_review,2022-abu Nicholas Latifi Williams race report damage collision puncture front wing floor retirement,site:formula1.com/en/latest 2022-abu Nicholas Latifi damage collision puncture pit stop retirement
5be3191a8c28a5060832,referral-356c0381e1def57c,race_control_episode_candidate_pending_review,2022-mex,Race,22,affected,3|22,2,adj-2642da4344825f6e,fia-2022-mex-9975b4f5dd0e,time_penalty,50,False,fia_incident_clock_single_lap_interval,2022-10-30T21:13:00+00:00,2022-10-30T21:14:00+00:00,False,high_confidence_algorithmic,Yuki Tsunoda,TSU,AlphaTauri,13.0,20.0,Collision damage,True,50.0,50,50,fia_clock_participant_single_lap_interval,11.0,16.0,5.0,50.0,8,0,8,0,False,12,high,damage_or_incident_retirement_status|pit_within_two_laps_of_candidate_incident|incident_lap_available|observed_drop_of_three_or_more_positions,unknown,timing_screen_only_not_damage_evidence,pending_human_review,2022-mex Yuki Tsunoda AlphaTauri race report damage collision puncture front wing floor retirement,site:formula1.com/en/latest 2022-mex Yuki Tsunoda damage collision puncture pit stop retirement
2a7c34bce76d244f5e09,referral-570dacabeafaef1c,race_control_episode_candidate_pending_review,2023-jpn,Race,11,accused,11|20,2,adj-478d73ac843b6a2b,fia-2023-jpn-45592291a09c,time_penalty,12,False,fia_incident_clock_single_lap_interval,2023-09-24T05:27:00+00:00,2023-09-24T05:28:00+00:00,False,high_confidence_algorithmic,Sergio Perez,PER,Red Bull Racing,5.0,19.0,Retired,True,15.0,12,12,fia_clock_participant_single_lap_interval,13.0,17.0,4.0,12.0,7,0,7,0,False,12,high,damage_or_incident_retirement_status|pit_within_two_laps_of_candidate_incident|incident_lap_available|observed_drop_of_three_or_more_positions,unknown,timing_screen_only_not_damage_evidence,pending_human_review,2023-jpn Sergio Perez Red Bull Racing race report damage collision puncture front wing floor retirement,site:formula1.com/en/latest 2023-jpn Sergio Perez damage collision puncture pit stop retirement
8d0883035925098b3bbe,referral-2aba8b3f9466325c,race_control_episode_candidate_pending_review,2023-mex,Race,18,affected,18|77,2,adj-2e96bcd611e65b6d,fia-2023-mex-8f576b6655ce,time_penalty,66,False,fia_incident_clock_single_lap_interval,2023-10-29T21:59:00+00:00,2023-10-29T22:00:00+00:00,False,candidate_pending_review,Lance Stroll,STR,Aston Martin,0.0,17.0,Collision damage,True,66.0,66,66,fia_clock_participant_single_lap_interval,14.0,17.0,3.0,66.0,8,0,0,0,False,12,high,damage_or_incident_retirement_status|pit_within_two_laps_of_candidate_incident|incident_lap_available|observed_drop_of_three_or_more_positions,unknown,timing_screen_only_not_damage_evidence,pending_human_review,2023-mex Lance Stroll Aston Martin race report damage collision puncture front wing floor retirement,site:formula1.com/en/latest 2023-mex Lance Stroll damage collision puncture pit stop retirement
51cfe98249cef763004b,referral-c4d62265d08c758d,race_control_episode_candidate_pending_review,2024-chn,Sprint,14,accused,14|55,2,adj-1b908ee0c8888db7,fia-2024-chn-d3b9af164caf,time_penalty,16,False,fia_incident_clock_single_lap_interval,2024-04-20T03:30:00+00:00,2024-04-20T03:31:00+00:00,False,candidate_pending_review,Fernando Alonso,ALO,Aston Martin,3.0,20.0,Retired,True,17.0,16,16,fia_clock_participant_single_lap_interval,3.0,8.0,5.0,16.0,8,0,8,0,False,12,high,damage_or_incident_retirement_status|pit_within_two_laps_of_candidate_incident|incident_lap_available|observed_drop_of_three_or_more_positions,unknown,timing_screen_only_not_damage_evidence,pending_human_review,2024-chn Fernando Alonso Aston Martin race report damage collision puncture front wing floor retirement,site:formula1.com/en/latest 2024-chn Fernando Alonso damage collision puncture pit stop retirement
3745ff7d3d07ba415776,incident-group-86e2a514b5312efc,existing_incident_id,2024-mia,Sprint,18,accused_and_affected,4|14|18|44,4,adj-0a015cee0b31ad67|adj-66a7d8add9666258|adj-c88d0a0133c58194,fia-2024-mia-86547ded7d12|fia-2024-mia-b115633c9ba0|fia-2024-mia-badde45f9141,no_further_action,1,False,model_reviewed_source_or_timing,2024-05-04T16:03:00+00:00,2024-05-04T16:04:00+00:00,False,unmatched,Lance Stroll,STR,Aston Martin,7.0,19.0,Retired,True,1.0,1,1,fia_clock_participant_single_lap_interval,,19.0,,1.0,0,0,0,0,False,12,high,damage_or_incident_retirement_status|pit_within_two_laps_of_candidate_incident|incident_lap_available|multi_car_incident,unknown,timing_screen_only_not_damage_evidence,pending_human_review,2024-mia Lance Stroll Aston Martin race report damage collision puncture front wing floor retirement,site:formula1.com/en/latest 2024-mia Lance Stroll damage collision puncture pit stop retirement
88a5cd069d7391f33341,referral-2ba396eba5a59d95,race_control_episode_candidate_pending_review,2025-lvs,Race,5,accused,5|18|43,3,adj-4762dd05c67569c8,fia-2025-lvs-462a2bce3a3a,grid_penalty,1,False,model_reviewed_source_or_timing,2025-11-23T04:04:00+00:00,2025-11-23T04:05:00+00:00,False,candidate_pending_review,Gabriel Bortoleto,BOR,Kick Sauber,18.0,17.0,Retired,True,2.0,1,1,fia_clock_participant_single_lap_interval,,19.0,,1.0,0,0,0,0,False,12,high,damage_or_incident_retirement_status|pit_within_two_laps_of_candidate_incident|incident_lap_available|multi_car_incident,unknown,timing_screen_only_not_damage_evidence,pending_human_review,2025-lvs Gabriel Bortoleto Kick Sauber race report damage collision puncture front wing floor retirement,site:formula1.com/en/latest 2025-lvs Gabriel Bortoleto damage collision puncture pit stop retirement
3c1004189ecc156b04aa,referral-3dcd04109c7befd9,race_control_episode_candidate_pending_review,2025-sau,Race,22,accused,10|22|55,3,adj-47d34770b1ec91cd,fia-2025-sau-8187bba80d1e,no_further_action,1,False,fia_incident_clock_single_lap_interval,2025-04-20T17:04:00+00:00,2025-04-20T17:05:00+00:00,False,candidate_pending_review,Yuki Tsunoda,TSU,Red Bull Racing,8.0,19.0,Retired,True,1.0,1,1,fia_clock_participant_single_lap_interval,,19.0,,1.0,0,0,0,0,False,12,high,damage_or_incident_retirement_status|pit_within_two_laps_of_candidate_incident|incident_lap_available|multi_car_incident,unknown,timing_screen_only_not_damage_evidence,pending_human_review,2025-sau Yuki Tsunoda Red Bull Racing race report damage collision puncture front wing floor retirement,site:formula1.com/en/latest 2025-sau Yuki Tsunoda damage collision puncture pit stop retirement
0588504cfb7c427dd120,referral-da0e54c0187d0fbe,race_control_episode_candidate_pending_review,2018-chn,Race,28,affected,10|28,2,adj-171323b01c7fd2e4,fia-2018-chn-ad3c0076d583,time_penalty,29,False,fia_incident_clock_single_lap_interval,2018-04-15T07:02:00+00:00,2018-04-15T07:03:00+00:00,False,high_confidence_algorithmic,Brendon Hartley,HAR,Toro Rosso,15.0,20.0,Collision damage,True,51.0,29,29,fia_clock_participant_single_lap_interval,18.0,19.0,1.0,30.0,0,8,0,8,False,10,high,damage_or_incident_retirement_status|pit_within_two_laps_of_candidate_incident|incident_lap_available,unknown,timing_screen_only_not_damage_evidence,pending_human_review,2018-chn Brendon Hartley Toro Rosso race report damage collision puncture front wing floor retirement,site:formula1.com/en/latest 2018-chn Brendon Hartley damage collision puncture pit stop retirement
75094effea955c3b318f,referral-e9894fb0b2d999fc,race_control_episode_candidate_pending_review,2018-usa,Race,14,affected,14|18,2,adj-e7b2995ef053dcc6,fia-2018-usa-856ae8b1622a,drive_through,1,False,fia_incident_clock_single_lap_interval,2018-10-21T18:14:00+00:00,2018-10-21T18:15:00+00:00,False,candidate_pending_review,Fernando Alonso,ALO,McLaren,13.0,18.0,Collision,True,1.0,1,1,fia_clock_participant_single_lap_interval,,20.0,,1.0,0,0,0,0,False,10,high,damage_or_incident_retirement_status|pit_within_two_laps_of_candidate_incident|incident_lap_available,unknown,timing_screen_only_not_damage_evidence,pending_human_review,2018-usa Fernando Alonso McLaren race report damage collision puncture front wing floor retirement,site:formula1.com/en/latest 2018-usa Fernando Alonso damage collision puncture pit stop retirement
d030f57e02248e598d9a,referral-fa1d5771cf575a1c,race_control_episode_candidate_pending_review,2018-usa,Race,8,accused,8|16,2,adj-f66c13b6dc6edb50,fia-2018-usa-2f4f21fa003f,grid_penalty,1,False,fia_incident_clock_single_lap_interval,2018-10-21T18:14:00+00:00,2018-10-21T18:15:00+00:00,False,candidate_pending_review,Romain Grosjean,GRO,Haas F1 Team,8.0,17.0,Collision damage,True,2.0,1,1,fia_clock_participant_single_lap_interval,,19.0,,1.0,0,0,0,0,False,10,high,damage_or_incident_retirement_status|pit_within_two_laps_of_candidate_incident|incident_lap_available,unknown,timing_screen_only_not_damage_evidence,pending_human_review,2018-usa Romain Grosjean Haas F1 Team race report damage collision puncture front wing floor retirement,site:formula1.com/en/latest 2018-usa Romain Grosjean damage collision puncture pit stop retirement
1718939f8a1aba278a3c,referral-fa1d5771cf575a1c,race_control_episode_candidate_pending_review,2018-usa,Race,16,affected,8|16,2,adj-f66c13b6dc6edb50,fia-2018-usa-2f4f21fa003f,grid_penalty,1,False,fia_incident_clock_single_lap_interval,2018-10-21T18:14:00+00:00,2018-10-21T18:15:00+00:00,False,candidate_pending_review,Charles Leclerc,LEC,Sauber,9.0,15.0,Collision damage,True,31.0,1,1,fia_clock_participant_single_lap_interval,,17.0,,1.0,0,8,0,8,False,10,high,damage_or_incident_retirement_status|pit_within_two_laps_of_candidate_incident|incident_lap_available,unknown,timing_screen_only_not_damage_evidence,pending_human_review,2018-usa Charles Leclerc Sauber race report damage collision puncture front wing floor retirement,site:formula1.com/en/latest 2018-usa Charles Leclerc damage collision puncture pit stop retirement
db50c120cef2fe8fafbf,incident-src-9cf492ef26deae16,existing_incident_id,2021-hun,Race,4,affected,4|77,2,adj-9cf492ef26deae16,fia-2021-hun-06f5959922b8,grid_penalty,1,False,fia_incident_clock_single_lap_interval,2021-08-01T13:03:00+00:00,2021-08-01T13:04:00+00:00,False,unmatched,Lando Norris,NOR,McLaren,6.0,15.0,Collision,True,2.0,1,1,fia_clock_participant_single_lap_interval,,15.0,,1.0,0,0,0,0,False,10,high,damage_or_incident_retirement_status|pit_within_two_laps_of_candidate_incident|incident_lap_available,unknown,timing_screen_only_not_damage_evidence,pending_human_review,2021-hun Lando Norris McLaren race report damage collision puncture front wing floor retirement,site:formula1.com/en/latest 2021-hun Lando Norris damage collision puncture pit stop retirement
5afd758ad5f2d02ae952,referral-e53b9398877a9d1c,race_control_episode_candidate_pending_review,2022-aut,Race,11,affected,11|63,2,adj-4336ab73c4471912,fia-2022-aut-116bb7866055,time_penalty,1,False,fia_incident_clock_single_lap_interval,2022-07-10T13:03:00+00:00,2022-07-10T13:04:00+00:00,False,high_confidence_algorithmic,Sergio Perez,PER,Red Bull Racing,5.0,20.0,Collision damage,True,24.0,1,1,fia_clock_participant_single_lap_interval,,20.0,,1.0,0,8,0,8,False,10,high,damage_or_incident_retirement_status|pit_within_two_laps_of_candidate_incident|incident_lap_available,unknown,timing_screen_only_not_damage_evidence,pending_human_review,2022-aut Sergio Perez Red Bull Racing race report damage collision puncture front wing floor retirement,site:formula1.com/en/latest 2022-aut Sergio Perez damage collision puncture pit stop retirement
9500a7c0b42692f880a3,referral-c7f06201ab374d1f,race_control_episode_candidate_pending_review,2022-sgp,Race,6,accused,6|24,2,adj-ef4a6332c1a930b5,fia-2022-sgp-f8928d0688eb,grid_penalty,7,False,fia_incident_clock_single_lap_interval,2022-10-02T13:22:00+00:00,2022-10-02T13:23:00+00:00,False,high_confidence_algorithmic,Nicholas Latifi,LAT,Williams,19.0,19.0,Collision damage,True,7.0,7,7,fia_clock_participant_single_lap_interval,18.0,19.0,1.0,7.0,5,0,5,0,False,10,high,damage_or_incident_retirement_status|pit_within_two_laps_of_candidate_incident|incident_lap_available,unknown,timing_screen_only_not_damage_evidence,pending_human_review,2022-sgp Nicholas Latifi Williams race report damage collision puncture front wing floor retirement,site:formula1.com/en/latest 2022-sgp Nicholas Latifi damage collision puncture pit stop retirement
dc2135d2e6043fe15270,referral-e1f645df500c1c11,race_control_episode_candidate_pending_review,2022-usa,Race,55,affected,55|63,2,adj-9c5057e738e04730,fia-2022-usa-77995d83458f,time_penalty,1,False,fia_incident_clock_single_lap_interval,2022-10-23T19:03:00+00:00,2022-10-23T19:04:00+00:00,False,high_confidence_algorithmic,Carlos Sainz,SAI,Ferrari,1.0,20.0,Collision damage,True,1.0,1,1,fia_clock_participant_single_lap_interval,,19.0,,1.0,0,0,0,0,False,10,high,damage_or_incident_retirement_status|pit_within_two_laps_of_candidate_incident|incident_lap_available,unknown,timing_screen_only_not_damage_evidence,pending_human_review,2022-usa Carlos Sainz Ferrari race report damage collision puncture front wing floor retirement,site:formula1.com/en/latest 2022-usa Carlos Sainz damage collision puncture pit stop retirement
73fe3b3b06155ee23485,referral-2d9c0cda09c84248,race_control_episode_candidate_pending_review,2023-jpn,Race,2,accused,2|77,2,adj-ac7b841c1ea1648e,fia-2023-jpn-ce0c4d6ce752,time_penalty,5,False,fia_incident_clock_single_lap_interval,2023-09-24T05:15:00+00:00,2023-09-24T05:16:00+00:00,False,high_confidence_algorithmic,Logan Sargeant,SAR,Williams,20.0,17.0,Retired,True,22.0,5,5,fia_clock_participant_single_lap_interval,19.0,19.0,0.0,5.0,0,8,0,8,False,10,high,damage_or_incident_retirement_status|pit_within_two_laps_of_candidate_incident|incident_lap_available,unknown,timing_screen_only_not_damage_evidence,pending_human_review,2023-jpn Logan Sargeant Williams race report damage collision puncture front wing floor retirement,site:formula1.com/en/latest 2023-jpn Logan Sargeant damage collision puncture pit stop retirement
858cdef042cf1d6f813b,referral-2d9c0cda09c84248,race_control_episode_candidate_pending_review,2023-jpn,Race,77,affected,2|77,2,adj-ac7b841c1ea1648e,fia-2023-jpn-ce0c4d6ce752,time_penalty,5,False,fia_incident_clock_single_lap_interval,2023-09-24T05:15:00+00:00,2023-09-24T05:16:00+00:00,False,high_confidence_algorithmic,Valtteri Bottas,BOT,Alfa Romeo,16.0,20.0,Retired,True,7.0,5,5,fia_clock_participant_single_lap_interval,20.0,20.0,0.0,6.0,0,0,0,0,False,10,high,damage_or_incident_retirement_status|pit_within_two_laps_of_candidate_incident|incident_lap_available,unknown,timing_screen_only_not_damage_evidence,pending_human_review,2023-jpn Valtteri Bottas Alfa Romeo race report damage collision puncture front wing floor retirement,site:formula1.com/en/latest 2023-jpn Valtteri Bottas damage collision puncture pit stop retirement
6a3c34a7d1161e9376b9,incident-src-2e20778ef64918d5,existing_incident_id,2024-abu,Race,77,accused,20|77,2,adj-2e20778ef64918d5,fia-2024-abu-1738c094dc27,grid_penalty,30,False,fia_incident_clock_single_lap_interval,2024-12-08T13:49:00+00:00,2024-12-08T13:50:00+00:00,False,ambiguous_pending_review,Valtteri Bottas,BOT,Kick Sauber,9.0,18.0,Retired,True,30.0,30,30,fia_clock_participant_single_lap_interval,17.0,18.0,1.0,30.0,8,0,8,0,False,10,high,damage_or_incident_retirement_status|pit_within_two_laps_of_candidate_incident|incident_lap_available,unknown,timing_screen_only_not_damage_evidence,pending_human_review,2024-abu Valtteri Bottas Kick Sauber race report damage collision puncture front wing floor retirement,site:formula1.com/en/latest 2024-abu Valtteri Bottas damage collision puncture pit stop retirement
fef6c8ca6ebc625abaa7,referral-426530d3c0394fff,race_control_episode_candidate_pending_review,2024-abu,Race,43,affected,43|81,2,adj-b6f8f8dea3be57fe,fia-2024-abu-b8e37d9fdbe9,time_penalty,,False,unresolved,2024-12-08T13:08:00+00:00,2024-12-08T13:09:00+00:00,False,high_confidence_algorithmic,Franco Colapinto,COL,Williams,20.0,19.0,Retired,True,26.0,3,3,fia_clock_participant_single_lap_interval,18.0,19.0,1.0,3.0,0,8,0,7,False,10,high,damage_or_incident_retirement_status|pit_within_two_laps_of_candidate_incident|incident_lap_available,unknown,timing_screen_only_not_damage_evidence,pending_human_review,2024-abu Franco Colapinto Williams race report damage collision puncture front wing floor retirement,site:formula1.com/en/latest 2024-abu Franco Colapinto damage collision puncture pit stop retirement
e588a96beef2e6217705,referral-b2dfeca185ec8f72,race_control_episode_candidate_pending_review,2024-qat,Race,18,accused,18|23,2,adj-8cd0b8f0391a2018,fia-2024-qat-3c549ce8f3dd,time_penalty,1,False,model_reviewed_source_or_timing,2024-12-01T16:04:00+00:00,2024-12-01T16:05:00+00:00,False,high_confidence_algorithmic,Lance Stroll,STR,Aston Martin,15.0,18.0,Retired,True,8.0,1,1,fia_clock_participant_single_lap_interval,,17.0,,1.0,0,1,0,1,False,10,high,damage_or_incident_retirement_status|pit_within_two_laps_of_candidate_incident|incident_lap_available,unknown,timing_screen_only_not_damage_evidence,pending_human_review,2024-qat Lance Stroll Aston Martin race report damage collision puncture front wing floor retirement,site:formula1.com/en/latest 2024-qat Lance Stroll damage collision puncture pit stop retirement
4ea53e69d2efcb6dfa96,referral-97885793288084e1,race_control_episode_candidate_pending_review,2025-gbr,Race,12,affected,6|12,2,adj-e0f8f07ee7a2831d,fia-2025-gbr-07f4a9af8016,no_further_action,18,False,fia_incident_clock_single_lap_interval,2025-07-06T14:41:00+00:00,2025-07-06T14:42:00+00:00,False,high_confidence_algorithmic,Kimi Antonelli,ANT,Mercedes,10.0,16.0,Retired,True,23.0,18,18,fia_clock_participant_single_lap_interval,15.0,16.0,1.0,20.0,3,0,2,0,False,10,high,damage_or_incident_retirement_status|pit_within_two_laps_of_candidate_incident|incident_lap_available,unknown,timing_screen_only_not_damage_evidence,pending_human_review,2025-gbr Kimi Antonelli Mercedes race report damage collision puncture front wing floor retirement,site:formula1.com/en/latest 2025-gbr Kimi Antonelli damage collision puncture pit stop retirement
10055a19f56bda946562,incident-src-9fe86942c422bf75,existing_incident_id,2018-esp,Race,8,accused,8|10|20|27,4,adj-9fe86942c422bf75,fia-2018-esp-231d287cafcd,grid_penalty,1,False,fia_incident_clock_single_lap_interval,2018-05-13T13:13:00+00:00,2018-05-13T13:14:00+00:00,False,unmatched,Romain Grosjean,GRO,Haas F1 Team,10.0,18.0,Collision,True,0.0,1,1,fia_clock_participant_single_lap_interval,,,,,0,0,0,0,False,9,high,damage_or_incident_retirement_status|incident_lap_available|multi_car_incident,unknown,timing_screen_only_not_damage_evidence,pending_human_review,2018-esp Romain Grosjean Haas F1 Team race report damage collision puncture front wing floor retirement,site:formula1.com/en/latest 2018-esp Romain Grosjean damage collision puncture pit stop retirement
2f92162e3596c6c78c89,incident-src-9fe86942c422bf75,existing_incident_id,2018-esp,Race,10,affected,8|10|20|27,4,adj-9fe86942c422bf75,fia-2018-esp-231d287cafcd,grid_penalty,1,False,fia_incident_clock_single_lap_interval,2018-05-13T13:13:00+00:00,2018-05-13T13:14:00+00:00,False,unmatched,Pierre Gasly,GAS,Toro Rosso,12.0,19.0,Collision,True,0.0,1,1,fia_clock_participant_single_lap_interval,,,,,0,0,0,0,False,9,high,damage_or_incident_retirement_status|incident_lap_available|multi_car_incident,unknown,timing_screen_only_not_damage_evidence,pending_human_review,2018-esp Pierre Gasly Toro Rosso race report damage collision puncture front wing floor retirement,site:formula1.com/en/latest 2018-esp Pierre Gasly damage collision puncture pit stop retirement
ac8e49c9efe16d0022c5,incident-src-9fe86942c422bf75,existing_incident_id,2018-esp,Race,27,affected,8|10|20|27,4,adj-9fe86942c422bf75,fia-2018-esp-231d287cafcd,grid_penalty,1,False,fia_incident_clock_single_lap_interval,2018-05-13T13:13:00+00:00,2018-05-13T13:14:00+00:00,False,unmatched,Nico Hulkenberg,HUL,Renault,16.0,20.0,Collision,True,0.0,1,1,fia_clock_participant_single_lap_interval,,,,,0,0,0,0,False,9,high,damage_or_incident_retirement_status|incident_lap_available|multi_car_incident,unknown,timing_screen_only_not_damage_evidence,pending_human_review,2018-esp Nico Hulkenberg Renault race report damage collision puncture front wing floor retirement,site:formula1.com/en/latest 2018-esp Nico Hulkenberg damage collision puncture pit stop retirement
2b272c026807304bbc64,referral-e2a1e81ca9f578ea,race_control_episode_candidate_pending_review,2019-chn,Race,26,accused,4|26|55,3,adj-fb33cf1dee9a141c,fia-2019-chn-50a2b4dfbc09,drive_through,1,False,fia_incident_clock_single_lap_interval,2019-04-14T06:14:00+00:00,2019-04-14T06:15:00+00:00,False,high_confidence_algorithmic,Daniil Kvyat,KVY,Toro Rosso,11.0,19.0,Collision,True,41.0,1,1,fia_clock_participant_single_lap_interval,,17.0,,,0,8,0,8,False,9,high,damage_or_incident_retirement_status|incident_lap_available|multi_car_incident,unknown,timing_screen_only_not_damage_evidence,pending_human_review,2019-chn Daniil Kvyat Toro Rosso race report damage collision puncture front wing floor retirement,site:formula1.com/en/latest 2019-chn Daniil Kvyat damage collision puncture pit stop retirement
dfc8e811e22e411043c8,referral-c369b6c3f1ce4353,race_control_episode_candidate_pending_review,2020-bhr,Race,18,affected,16|18|26,3,adj-f43e6ce41cf9c965,fia-2020-bhr-5b520e69cfdd,time_penalty,3,False,fia_incident_clock_single_lap_interval,2020-11-29T15:40:00+00:00,2020-11-29T15:41:00+00:00,False,high_confidence_algorithmic,Lance Stroll,STR,Racing Point,13.0,19.0,Collision,True,2.0,3,3,fia_clock_participant_single_lap_interval,11.0,,,,0,0,0,0,False,9,high,damage_or_incident_retirement_status|incident_lap_available|multi_car_incident,unknown,timing_screen_only_not_damage_evidence,pending_human_review,2020-bhr Lance Stroll Racing Point race report damage collision puncture front wing floor retirement,site:formula1.com/en/latest 2020-bhr Lance Stroll damage collision puncture pit stop retirement
ece0e204c37f9829a64b,referral-8bdc3080b6a0d7d2,race_control_episode_candidate_pending_review,2020-skh,Race,16,accused,11|16|33,3,adj-f1add43ec601d687,fia-2020-skh-9e2651e5d5ba,grid_penalty,1,False,fia_incident_clock_single_lap_interval,2020-12-06T17:13:00+00:00,2020-12-06T17:14:00+00:00,False,candidate_pending_review,Charles Leclerc,LEC,Ferrari,4.0,20.0,Collision,True,0.0,1,1,fia_clock_participant_single_lap_interval,,,,,0,0,0,0,False,9,high,damage_or_incident_retirement_status|incident_lap_available|multi_car_incident,unknown,timing_screen_only_not_damage_evidence,pending_human_review,2020-skh Charles Leclerc Ferrari race report damage collision puncture front wing floor retirement,site:formula1.com/en/latest 2020-skh Charles Leclerc damage collision puncture pit stop retirement
fe5dec4ee6ef8a9429df,referral-8bdc3080b6a0d7d2,race_control_episode_candidate_pending_review,2020-skh,Race,33,affected,11|16|33,3,adj-f1add43ec601d687,fia-2020-skh-9e2651e5d5ba,grid_penalty,1,False,fia_incident_clock_single_lap_interval,2020-12-06T17:13:00+00:00,2020-12-06T17:14:00+00:00,False,candidate_pending_review,Max Verstappen,VER,Red Bull Racing,3.0,19.0,Accident,True,0.0,1,1,fia_clock_participant_single_lap_interval,,,,,0,0,0,0,False,9,high,damage_or_incident_retirement_status|incident_lap_available|multi_car_incident,unknown,timing_screen_only_not_damage_evidence,pending_human_review,2020-skh Max Verstappen Red Bull Racing race report damage collision puncture front wing floor retirement,site:formula1.com/en/latest 2020-skh Max Verstappen damage collision puncture pit stop retirement
cd1fff2aff3b5627ae18,referral-3168b0e2e5a515c1,race_control_episode_candidate_pending_review,2020-tus,Race,10,accused_and_affected,7|8|10|16|33,5,adj-3bbbd293cbbdc303|adj-ca80459eed6f3310|adj-d8273ef853fc3e35|adj-fe001d9ef4550a20,fia-2020-tus-3299714baba8|fia-2020-tus-65bfe923f953|fia-2020-tus-8b2908d46c54|fia-2020-tus-8f4aa7153d82,no_further_action,1,False,fia_incident_clock_single_lap_interval,2020-09-13T13:14:00+00:00,2020-09-13T13:15:00+00:00,False,candidate_pending_review,Pierre Gasly,GAS,AlphaTauri,16.0,20.0,Collision,True,0.0,1,1,fia_clock_participant_single_lap_interval,,,,,0,0,0,0,False,9,high,damage_or_incident_retirement_status|incident_lap_available|multi_car_incident,unknown,timing_screen_only_not_damage_evidence,pending_human_review,2020-tus Pierre Gasly AlphaTauri race report damage collision puncture front wing floor retirement,site:formula1.com/en/latest 2020-tus Pierre Gasly damage collision puncture pit stop retirement
364732dab5e0fa338b92,referral-3168b0e2e5a515c1,race_control_episode_candidate_pending_review,2020-tus,Race,33,accused_and_affected,7|8|10|16|33,5,adj-3bbbd293cbbdc303|adj-ca80459eed6f3310|adj-d8273ef853fc3e35|adj-fe001d9ef4550a20,fia-2020-tus-3299714baba8|fia-2020-tus-65bfe923f953|fia-2020-tus-8b2908d46c54|fia-2020-tus-8f4aa7153d82,no_further_action,1,False,fia_incident_clock_single_lap_interval,2020-09-13T13:14:00+00:00,2020-09-13T13:15:00+00:00,False,candidate_pending_review,Max Verstappen,VER,Red Bull Racing,3.0,19.0,Collision,True,0.0,1,1,fia_clock_participant_single_lap_interval,,,,,0,0,0,0,False,9,high,damage_or_incident_retirement_status|incident_lap_available|multi_car_incident,unknown,timing_screen_only_not_damage_evidence,pending_human_review,2020-tus Max Verstappen Red Bull Racing race report damage collision puncture front wing floor retirement,site:formula1.com/en/latest 2020-tus Max Verstappen damage collision puncture pit stop retirement
175b1660cfeea66e9ba6,referral-36e92eadd8444450,race_control_episode_candidate_pending_review,2022-gbr,Race,10,affected,10|22,2,adj-2f0e84f6cc910eed,fia-2022-gbr-81e6a9badf51,time_penalty,11,False,fia_incident_clock_single_lap_interval,2022-07-03T15:13:00+00:00,2022-07-03T15:14:00+00:00,False,high_confidence_algorithmic,Pierre Gasly,GAS,AlphaTauri,11.0,16.0,Collision damage,True,26.0,11,11,fia_clock_participant_single_lap_interval,7.0,13.0,6.0,,8,8,8,6,True,9,high,damage_or_incident_retirement_status|incident_lap_available|observed_drop_of_three_or_more_positions,unknown,timing_screen_only_not_damage_evidence,pending_human_review,2022-gbr Pierre Gasly AlphaTauri race report damage collision puncture front wing floor retirement,site:formula1.com/en/latest 2022-gbr Pierre Gasly damage collision puncture pit stop retirement
c0262fd78eee0a8eaf66,referral-1634cab5349707ea,race_control_episode_candidate_pending_review,2022-mia,Race,5,accused_and_affected,5|20|47,3,adj-73fce9170579e36d|adj-accee74fb15b4fa6,fia-2022-mia-604f9861a2a2|fia-2022-mia-f80da2ca1128,no_further_action,48,False,fia_incident_clock_single_lap_interval,2022-05-08T20:53:00+00:00,2022-05-08T20:54:00+00:00,False,high_confidence_algorithmic,Sebastian Vettel,VET,Aston Martin,0.0,17.0,Collision,True,54.0,48,48,fia_clock_participant_single_lap_interval,12.0,12.0,0.0,,8,5,8,5,True,9,high,damage_or_incident_retirement_status|incident_lap_available|multi_car_incident,unknown,timing_screen_only_not_damage_evidence,pending_human_review,2022-mia Sebastian Vettel Aston Martin race report damage collision puncture front wing floor retirement,site:formula1.com/en/latest 2022-mia Sebastian Vettel damage collision puncture pit stop retirement
924c3ea32c386094bce0,referral-1634cab5349707ea,race_control_episode_candidate_pending_review,2022-mia,Race,20,affected,5|20|47,3,adj-73fce9170579e36d|adj-accee74fb15b4fa6,fia-2022-mia-604f9861a2a2|fia-2022-mia-f80da2ca1128,no_further_action,48,False,fia_incident_clock_single_lap_interval,2022-05-08T20:53:00+00:00,2022-05-08T20:54:00+00:00,False,high_confidence_algorithmic,Kevin Magnussen,MAG,Haas F1 Team,16.0,16.0,Front wing,True,56.0,48,48,fia_clock_participant_single_lap_interval,14.0,14.0,0.0,,8,6,8,5,True,9,high,damage_or_incident_retirement_status|incident_lap_available|multi_car_incident,unknown,timing_screen_only_not_damage_evidence,pending_human_review,2022-mia Kevin Magnussen Haas F1 Team race report damage collision puncture front wing floor retirement,site:formula1.com/en/latest 2022-mia Kevin Magnussen damage collision puncture pit stop retirement
beaf5bc6861b4eb32405,referral-c7bba055f7371459,race_control_episode_candidate_pending_review,2024-jpn,Race,3,accused,3|18|23,3,adj-7a872dc58411ce68,fia-2024-jpn-9cf103b985c9,no_further_action,1,False,fia_incident_clock_single_lap_interval,2024-04-07T05:04:00+00:00,2024-04-07T05:05:00+00:00,False,candidate_pending_review,Daniel Ricciardo,RIC,RB,11.0,19.0,Retired,True,0.0,1,1,fia_clock_participant_single_lap_interval,,,,,0,0,0,0,False,9,high,damage_or_incident_retirement_status|incident_lap_available|multi_car_incident,unknown,timing_screen_only_not_damage_evidence,pending_human_review,2024-jpn Daniel Ricciardo RB race report damage collision puncture front wing floor retirement,site:formula1.com/en/latest 2024-jpn Daniel Ricciardo damage collision puncture pit stop retirement
11975b249951498eed68,referral-c7bba055f7371459,race_control_episode_candidate_pending_review,2024-jpn,Race,23,affected,3|18|23,3,adj-7a872dc58411ce68,fia-2024-jpn-9cf103b985c9,no_further_action,1,False,fia_incident_clock_single_lap_interval,2024-04-07T05:04:00+00:00,2024-04-07T05:05:00+00:00,False,candidate_pending_review,Alexander Albon,ALB,Williams,14.0,20.0,Retired,True,0.0,1,1,fia_clock_participant_single_lap_interval,,,,,0,0,0,0,False,9,high,damage_or_incident_retirement_status|incident_lap_available|multi_car_incident,unknown,timing_screen_only_not_damage_evidence,pending_human_review,2024-jpn Alexander Albon Williams race report damage collision puncture front wing floor retirement,site:formula1.com/en/latest 2024-jpn Alexander Albon damage collision puncture pit stop retirement
5c18da9417c5fa40ac10,incident-group-86e2a514b5312efc,existing_incident_id,2024-mia,Sprint,4,affected,4|14|18|44,4,adj-0a015cee0b31ad67|adj-66a7d8add9666258|adj-c88d0a0133c58194,fia-2024-mia-86547ded7d12|fia-2024-mia-b115633c9ba0|fia-2024-mia-badde45f9141,no_further_action,1,False,model_reviewed_source_or_timing,2024-05-04T16:03:00+00:00,2024-05-04T16:04:00+00:00,False,unmatched,Lando Norris,NOR,McLaren,9.0,20.0,Retired,True,0.0,1,1,fia_clock_participant_single_lap_interval,,,,,0,0,0,0,False,9,high,damage_or_incident_retirement_status|incident_lap_available|multi_car_incident,unknown,timing_screen_only_not_damage_evidence,pending_human_review,2024-mia Lando Norris McLaren race report damage collision puncture front wing floor retirement,site:formula1.com/en/latest 2024-mia Lando Norris damage collision puncture pit stop retirement
24c8459d65be7659b9d9,referral-5dcd77f0eab66ae4,race_control_episode_candidate_pending_review,2025-aut,Race,1,affected,1|12|30,3,adj-dc3cbf1b2175e95d,fia-2025-aut-1b2cf15490ab,grid_penalty,1,False,model_reviewed_source_or_timing,2025-06-29T13:18:00+00:00,2025-06-29T13:19:00+00:00,False,candidate_pending_review,Max Verstappen,VER,Red Bull Racing,7.0,18.0,Retired,True,0.0,1,1,fia_clock_participant_single_lap_interval,,,,,0,0,0,0,False,9,high,damage_or_incident_retirement_status|incident_lap_available|multi_car_incident,unknown,timing_screen_only_not_damage_evidence,pending_human_review,2025-aut Max Verstappen Red Bull Racing race report damage collision puncture front wing floor retirement,site:formula1.com/en/latest 2025-aut Max Verstappen damage collision puncture pit stop retirement
9b9dd748bd4435dc0d46,referral-5dcd77f0eab66ae4,race_control_episode_candidate_pending_review,2025-aut,Race,12,accused,1|12|30,3,adj-dc3cbf1b2175e95d,fia-2025-aut-1b2cf15490ab,grid_penalty,1,False,model_reviewed_source_or_timing,2025-06-29T13:18:00+00:00,2025-06-29T13:19:00+00:00,False,candidate_pending_review,Kimi Antonelli,ANT,Mercedes,9.0,19.0,Retired,True,0.0,1,1,fia_clock_participant_single_lap_interval,,,,,0,0,0,0,False,9,high,damage_or_incident_retirement_status|incident_lap_available|multi_car_incident,unknown,timing_screen_only_not_damage_evidence,pending_human_review,2025-aut Kimi Antonelli Mercedes race report damage collision puncture front wing floor retirement,site:formula1.com/en/latest 2025-aut Kimi Antonelli damage collision puncture pit stop retirement
4fdc2bbe318c89ad1263,referral-f5b0ef6d99d368fc,race_control_episode_candidate_pending_review,2025-esp,Race,23,affected,23|30|87,3,adj-6a1ad4e004abe2f1|adj-fd11a3e24a70c2a4,fia-2025-esp-34abd90169ab|fia-2025-esp-f89ab19eeac5,no_further_action,31,False,fia_incident_clock_single_lap_interval|unresolved,,,True,high_confidence_algorithmic,Alexander Albon,ALB,Williams,11.0,19.0,Retired,True,27.0,31,,adjudication_lap_candidate,19.0,,,,8,0,8,0,False,9,high,damage_or_incident_retirement_status|incident_lap_available|multi_car_incident,unknown,timing_screen_only_not_damage_evidence,pending_human_review,2025-esp Alexander Albon Williams race report damage collision puncture front wing floor retirement,site:formula1.com/en/latest 2025-esp Alexander Albon damage collision puncture pit stop retirement
7023c54f61ceb315e20e,referral-2ba396eba5a59d95,race_control_episode_candidate_pending_review,2025-lvs,Race,18,affected,5|18|43,3,adj-4762dd05c67569c8,fia-2025-lvs-462a2bce3a3a,grid_penalty,1,False,model_reviewed_source_or_timing,2025-11-23T04:04:00+00:00,2025-11-23T04:05:00+00:00,False,candidate_pending_review,Lance Stroll,STR,Aston Martin,12.0,18.0,Retired,True,0.0,1,1,fia_clock_participant_single_lap_interval,,,,,0,0,0,0,False,9,high,damage_or_incident_retirement_status|incident_lap_available|multi_car_incident,unknown,timing_screen_only_not_damage_evidence,pending_human_review,2025-lvs Lance Stroll Aston Martin race report damage collision puncture front wing floor retirement,site:formula1.com/en/latest 2025-lvs Lance Stroll damage collision puncture pit stop retirement
d7bd275c1b308ab610af,referral-562b20d8442a7b89,race_control_episode_candidate_pending_review,2025-ned,Race,16,affected,12|16|63,3,adj-8200d1dc5332b417,fia-2025-ned-d843a4b9a866,time_penalty,53,False,fia_incident_clock_single_lap_interval,2025-08-31T14:12:00+00:00,2025-08-31T14:13:00+00:00,False,high_confidence_algorithmic,Charles Leclerc,LEC,Ferrari,6.0,19.0,Retired,True,52.0,53,,adjudication_lap_candidate,5.0,,,,8,0,0,0,False,9,high,damage_or_incident_retirement_status|incident_lap_available|multi_car_incident,unknown,timing_screen_only_not_damage_evidence,pending_human_review,2025-ned Charles Leclerc Ferrari race report damage collision puncture front wing floor retirement,site:formula1.com/en/latest 2025-ned Charles Leclerc damage collision puncture pit stop retirement
eb123a340ddeb56b9c6f,referral-3dcd04109c7befd9,race_control_episode_candidate_pending_review,2025-sau,Race,10,affected,10|22|55,3,adj-47d34770b1ec91cd,fia-2025-sau-8187bba80d1e,no_further_action,1,False,fia_incident_clock_single_lap_interval,2025-04-20T17:04:00+00:00,2025-04-20T17:05:00+00:00,False,candidate_pending_review,Pierre Gasly,GAS,Alpine,9.0,20.0,Retired,True,0.0,1,1,fia_clock_participant_single_lap_interval,,,,,0,0,0,0,False,9,high,damage_or_incident_retirement_status|incident_lap_available|multi_car_incident,unknown,timing_screen_only_not_damage_evidence,pending_human_review,2025-sau Pierre Gasly Alpine race report damage collision puncture front wing floor retirement,site:formula1.com/en/latest 2025-sau Pierre Gasly damage collision puncture pit stop retirement
588baab89ca72f850b24,referral-9b6de88fc350879a,race_control_episode_candidate_pending_review,2018-abu,Race,27,accused,8|27,2,adj-2082537af6db5e25,fia-2018-abu-b67f80da207e,no_further_action,1,False,fia_incident_clock_single_lap_interval,2018-11-25T13:14:00+00:00,2018-11-25T13:15:00+00:00,False,high_confidence_algorithmic,Nico Hulkenberg,HUL,Renault,10.0,20.0,Collision,True,0.0,1,1,fia_clock_participant_single_lap_interval,,,,,0,0,0,0,False,7,high,damage_or_incident_retirement_status|incident_lap_available,unknown,timing_screen_only_not_damage_evidence,pending_human_review,2018-abu Nico Hulkenberg Renault race report damage collision puncture front wing floor retirement,site:formula1.com/en/latest 2018-abu Nico Hulkenberg damage collision puncture pit stop retirement
228e04eaacd73609e30a,incident-src-915feddd8ae6b043,existing_incident_id,2018-aze,Race,35,accused,11|35,2,adj-915feddd8ae6b043,fia-2018-aze-4fbe7e105140,grid_penalty,1,False,fia_incident_clock_single_lap_interval,2018-04-29T12:14:00+00:00,2018-04-29T12:15:00+00:00,False,unmatched,Sergey Sirotkin,SIR,Williams,11.0,20.0,Collision,True,0.0,1,1,fia_clock_participant_single_lap_interval,,,,,0,0,0,0,False,7,high,damage_or_incident_retirement_status|incident_lap_available,unknown,timing_screen_only_not_damage_evidence,pending_human_review,2018-aze Sergey Sirotkin Williams race report damage collision puncture front wing floor retirement,site:formula1.com/en/latest 2018-aze Sergey Sirotkin damage collision puncture pit stop retirement
f64363c9520c3babaefe,referral-000a36711d6e5f60,race_control_episode_candidate_pending_review,2018-aze,Race,31,accused,7|31,2,adj-2244116a8d1885ec,fia-2018-aze-3e59a6773794,no_further_action,1,False,fia_incident_clock_single_lap_interval,2018-04-29T12:14:00+00:00,2018-04-29T12:15:00+00:00,False,candidate_pending_review,Esteban Ocon,OCO,Force India,7.0,19.0,Collision,True,0.0,1,1,fia_clock_participant_single_lap_interval,,,,,0,0,0,0,False,7,high,damage_or_incident_retirement_status|incident_lap_available,unknown,timing_screen_only_not_damage_evidence,pending_human_review,2018-aze Esteban Ocon Force India race report damage collision puncture front wing floor retirement,site:formula1.com/en/latest 2018-aze Esteban Ocon damage collision puncture pit stop retirement
2a407a823282b1aa8a96,referral-fa03188bfc3f5b32,race_control_episode_candidate_pending_review,2018-aze,Race,3,accused_and_affected,3|33,2,adj-e467c6122d516580|adj-fb216d7f0fbf8ff1,fia-2018-aze-1bbf84530187|fia-2018-aze-94399ce60452,reprimand,40,False,fia_incident_clock_single_lap_interval,2018-04-29T13:29:00+00:00,2018-04-29T13:30:00+00:00,False,candidate_pending_review,Daniel Ricciardo,RIC,Red Bull Racing,4.0,17.0,Collision,True,39.0,40,40,fia_clock_participant_single_lap_interval,5.0,,,,8,0,7,0,False,7,high,damage_or_incident_retirement_status|incident_lap_available,unknown,timing_screen_only_not_damage_evidence,pending_human_review,2018-aze Daniel Ricciardo Red Bull Racing race report damage collision puncture front wing floor retirement,site:formula1.com/en/latest 2018-aze Daniel Ricciardo damage collision puncture pit stop retirement
112e500207ca06e678bf,referral-fa03188bfc3f5b32,race_control_episode_candidate_pending_review,2018-aze,Race,33,accused_and_affected,3|33,2,adj-e467c6122d516580|adj-fb216d7f0fbf8ff1,fia-2018-aze-1bbf84530187|fia-2018-aze-94399ce60452,reprimand,40,False,fia_incident_clock_single_lap_interval,2018-04-29T13:29:00+00:00,2018-04-29T13:30:00+00:00,False,candidate_pending_review,Max Verstappen,VER,Red Bull Racing,5.0,16.0,Collision,True,39.0,40,40,fia_clock_participant_single_lap_interval,4.0,,,,8,0,7,0,False,7,high,damage_or_incident_retirement_status|incident_lap_available,unknown,timing_screen_only_not_damage_evidence,pending_human_review,2018-aze Max Verstappen Red Bull Racing race report damage collision puncture front wing floor retirement,site:formula1.com/en/latest 2018-aze Max Verstappen damage collision puncture pit stop retirement
cd89fa866a92d720798b,incident-src-f2430a8dcab51295,existing_incident_id,2018-bel,Race,14,affected,14|27,2,adj-f2430a8dcab51295,fia-2018-bel-6346000a9777,grid_penalty,1,False,fia_incident_clock_single_lap_interval,2018-08-26T13:13:00+00:00,2018-08-26T13:14:00+00:00,False,unmatched,Fernando Alonso,ALO,McLaren,15.0,19.0,Accident,True,0.0,1,1,fia_clock_participant_single_lap_interval,,,,,0,0,0,0,False,7,high,damage_or_incident_retirement_status|incident_lap_available,unknown,timing_screen_only_not_damage_evidence,pending_human_review,2018-bel Fernando Alonso McLaren race report damage collision puncture front wing floor retirement,site:formula1.com/en/latest 2018-bel Fernando Alonso damage collision puncture pit stop retirement
b0c7373f554d1c9db77f,incident-src-f2430a8dcab51295,existing_incident_id,2018-bel,Race,27,accused,14|27,2,adj-f2430a8dcab51295,fia-2018-bel-6346000a9777,grid_penalty,1,False,fia_incident_clock_single_lap_interval,2018-08-26T13:13:00+00:00,2018-08-26T13:14:00+00:00,False,unmatched,Nico Hulkenberg,HUL,Renault,20.0,20.0,Accident,True,0.0,1,1,fia_clock_participant_single_lap_interval,,,,,0,0,0,0,False,7,high,damage_or_incident_retirement_status|incident_lap_available,unknown,timing_screen_only_not_damage_evidence,pending_human_review,2018-bel Nico Hulkenberg Renault race report damage collision puncture front wing floor retirement,site:formula1.com/en/latest 2018-bel Nico Hulkenberg damage collision puncture pit stop retirement
cf7206a3d97a77a4f4dc,referral-6aae47e17c294ba7,race_control_episode_candidate_pending_review,2018-can,Race,18,accused,18|28,2,adj-1bf13c58d15a0c62,fia-2018-can-6ea0e0275da8,no_further_action,1,False,fia_incident_clock_single_lap_interval,2018-06-10T18:13:00+00:00,2018-06-10T18:14:00+00:00,False,candidate_pending_review,Lance Stroll,STR,Williams,17.0,20.0,Collision,True,0.0,1,1,fia_clock_participant_single_lap_interval,,,,,0,0,0,0,False,7,high,damage_or_incident_retirement_status|incident_lap_available,unknown,timing_screen_only_not_damage_evidence,pending_human_review,2018-can Lance Stroll Williams race report damage collision puncture front wing floor retirement,site:formula1.com/en/latest 2018-can Lance Stroll damage collision puncture pit stop retirement
5aba643709d8b103a207,referral-6aae47e17c294ba7,race_control_episode_candidate_pending_review,2018-can,Race,28,affected,18|28,2,adj-1bf13c58d15a0c62,fia-2018-can-6ea0e0275da8,no_further_action,1,False,fia_incident_clock_single_lap_interval,2018-06-10T18:13:00+00:00,2018-06-10T18:14:00+00:00,False,candidate_pending_review,Brendon Hartley,HAR,Toro Rosso,12.0,19.0,Collision,True,0.0,1,1,fia_clock_participant_single_lap_interval,,,,,0,0,0,0,False,7,high,damage_or_incident_retirement_status|incident_lap_available,unknown,timing_screen_only_not_damage_evidence,pending_human_review,2018-can Brendon Hartley Toro Rosso race report damage collision puncture front wing floor retirement,site:formula1.com/en/latest 2018-can Brendon Hartley damage collision puncture pit stop retirement
04cdb8b681f008128e73,referral-572ef9f566c02a47,race_control_episode_candidate_pending_review,2018-fra,Race,31,affected,8|31,2,adj-edac40e1e7230ec7,fia-2018-fra-80f5d9447315,time_penalty,1,False,race_control_explicit_lap_candidate_link,2018-06-24T14:13:00+00:00,2018-06-24T14:14:00+00:00,False,candidate_pending_review,Esteban Ocon,OCO,Force India,11.0,19.0,Collision,True,0.0,1,1,fia_clock_participant_single_lap_interval,,,,,0,0,0,0,False,7,high,damage_or_incident_retirement_status|incident_lap_available,unknown,timing_screen_only_not_damage_evidence,pending_human_review,2018-fra Esteban Ocon Force India race report damage collision puncture front wing floor retirement,site:formula1.com/en/latest 2018-fra Esteban Ocon damage collision puncture pit stop retirement
75ec47d59543f628c553,referral-b8d75cb18fc7f059,race_control_episode_candidate_pending_review,2018-fra,Race,10,accused_and_affected,10|31,2,adj-7f9ab5cd4940bce4|adj-ff2eb72501ff888f,fia-2018-fra-505561fd0edc|fia-2018-fra-db6e1870bc40,reprimand,1,False,fia_incident_clock_single_lap_interval,2018-06-24T14:13:00+00:00,2018-06-24T14:14:00+00:00,False,candidate_pending_review,Pierre Gasly,GAS,Toro Rosso,14.0,20.0,Collision,True,0.0,1,1,fia_clock_participant_single_lap_interval,,,,,0,0,0,0,False,7,high,damage_or_incident_retirement_status|incident_lap_available,unknown,timing_screen_only_not_damage_evidence,pending_human_review,2018-fra Pierre Gasly Toro Rosso race report damage collision puncture front wing floor retirement,site:formula1.com/en/latest 2018-fra Pierre Gasly damage collision puncture pit stop retirement
8bf23a2b984d67f85763,referral-b8d75cb18fc7f059,race_control_episode_candidate_pending_review,2018-fra,Race,31,accused_and_affected,10|31,2,adj-7f9ab5cd4940bce4|adj-ff2eb72501ff888f,fia-2018-fra-505561fd0edc|fia-2018-fra-db6e1870bc40,reprimand,1,False,fia_incident_clock_single_lap_interval,2018-06-24T14:13:00+00:00,2018-06-24T14:14:00+00:00,False,candidate_pending_review,Esteban Ocon,OCO,Force India,11.0,19.0,Collision,True,0.0,1,1,fia_clock_participant_single_lap_interval,,,,,0,0,0,0,False,7,high,damage_or_incident_retirement_status|incident_lap_available,unknown,timing_screen_only_not_damage_evidence,pending_human_review,2018-fra Esteban Ocon Force India race report damage collision puncture front wing floor retirement,site:formula1.com/en/latest 2018-fra Esteban Ocon damage collision puncture pit stop retirement
5296734b321fc8bc31df,referral-54d4208235326886,race_control_episode_candidate_pending_review,2018-gbr,Race,8,accused_and_affected,8|20,2,adj-5085c3b16294abcf|adj-71bfdbf175be2808,fia-2018-gbr-c4ec3bfd58d1|fia-2018-gbr-dbd297e3a1ec,no_further_action,1,False,race_control_explicit_lap_high_confidence_link,2018-07-08T13:13:00+00:00,2018-07-08T13:14:00+00:00,False,high_confidence_algorithmic,Romain Grosjean,GRO,Haas F1 Team,8.0,16.0,Collision,True,37.0,1,1,fia_clock_participant_single_lap_interval,,13.0,,,0,8,0,8,False,7,high,damage_or_incident_retirement_status|incident_lap_available,unknown,timing_screen_only_not_damage_evidence,pending_human_review,2018-gbr Romain Grosjean Haas F1 Team race report damage collision puncture front wing floor retirement,site:formula1.com/en/latest 2018-gbr Romain Grosjean damage collision puncture pit stop retirement
6e57ae35a34dff793bb1,referral-735cdd9a62f7643d,race_control_episode_candidate_pending_review,2018-gbr,Race,8,accused,8|55,2,adj-e2c907d5f1895cff,fia-2018-gbr-70534cc8d2b4,no_further_action,38,False,race_control_explicit_lap_candidate_link,2018-07-08T14:18:00+00:00,2018-07-08T14:19:00+00:00,False,candidate_pending_review,Romain Grosjean,GRO,Haas F1 Team,8.0,16.0,Collision,True,37.0,38,,adjudication_lap_candidate,11.0,,,,8,0,7,0,False,7,high,damage_or_incident_retirement_status|incident_lap_available,unknown,timing_screen_only_not_damage_evidence,pending_human_review,2018-gbr Romain Grosjean Haas F1 Team race report damage collision puncture front wing floor retirement,site:formula1.com/en/latest 2018-gbr Romain Grosjean damage collision puncture pit stop retirement
c6d7003f3211e67679a0,referral-735cdd9a62f7643d,race_control_episode_candidate_pending_review,2018-gbr,Race,55,affected,8|55,2,adj-e2c907d5f1895cff,fia-2018-gbr-70534cc8d2b4,no_further_action,38,False,race_control_explicit_lap_candidate_link,2018-07-08T14:18:00+00:00,2018-07-08T14:19:00+00:00,False,candidate_pending_review,Carlos Sainz,SAI,Renault,16.0,17.0,Collision,True,37.0,38,,adjudication_lap_candidate,12.0,,,,8,0,8,0,False,7,high,damage_or_incident_retirement_status|incident_lap_available,unknown,timing_screen_only_not_damage_evidence,pending_human_review,2018-gbr Carlos Sainz Renault race report damage collision puncture front wing floor retirement,site:formula1.com/en/latest 2018-gbr Carlos Sainz damage collision puncture pit stop retirement
9b9a6113e9f1a23cbee2,incident-src-1e31200d5298f217,existing_incident_id,2018-mco,Race,16,accused,16|28,2,adj-1e31200d5298f217,fia-2018-mco-a3c31b11ff12,no_further_action,71,False,fia_incident_clock_single_lap_interval,2018-05-27T14:46:00+00:00,2018-05-27T14:47:00+00:00,False,unmatched,Charles Leclerc,LEC,Sauber,14.0,18.0,Collision,True,70.0,71,71,fia_clock_participant_single_lap_interval,12.0,,,,8,0,8,0,False,7,high,damage_or_incident_retirement_status|incident_lap_available,unknown,timing_screen_only_not_damage_evidence,pending_human_review,2018-mco Charles Leclerc Sauber race report damage collision puncture front wing floor retirement,site:formula1.com/en/latest 2018-mco Charles Leclerc damage collision puncture pit stop retirement
e8fc05b0e22bdbcec279,referral-b77c71894b8712d2,race_control_episode_candidate_pending_review,2018-sgp,Race,31,affected,11|31,2,adj-153d9abced4119b1,fia-2018-sgp-bcfc0b21409a,no_further_action,1,False,model_reviewed_source_or_timing,2018-09-16T12:13:00+00:00,2018-09-16T12:14:00+00:00,False,high_confidence_algorithmic,Esteban Ocon,OCO,Racing Point,9.0,20.0,Collision,True,0.0,1,1,fia_clock_participant_single_lap_interval,,,,,0,0,0,0,False,7,high,damage_or_incident_retirement_status|incident_lap_available,unknown,timing_screen_only_not_damage_evidence,pending_human_review,2018-sgp Esteban Ocon Racing Point race report damage collision puncture front wing floor retirement,site:formula1.com/en/latest 2018-sgp Esteban Ocon damage collision puncture pit stop retirement
82f9f04759561ffdb672,incident-src-8ac64d49533b4e49,existing_incident_id,2019-bhr,Race,26,affected,26|99,2,adj-8ac64d49533b4e49,fia-2019-bhr-1365948cf7e0,no_further_action,12,False,fia_incident_clock_single_lap_interval,2019-03-31T15:32:00+00:00,2019-03-31T15:33:00+00:00,False,ambiguous_pending_review,Daniil Kvyat,KVY,Toro Rosso,15.0,12.0,+1 Lap,False,56.0,12,12,fia_clock_participant_single_lap_interval,8.0,13.0,5.0,12.0,7,8,5,8,True,7,high,pit_within_two_laps_of_candidate_incident|incident_lap_available|observed_drop_of_three_or_more_positions,unknown,timing_screen_only_not_damage_evidence,pending_human_review,2019-bhr Daniil Kvyat Toro Rosso race report damage collision puncture front wing floor retirement,site:formula1.com/en/latest 2019-bhr Daniil Kvyat damage collision puncture pit stop retirement
1bc9282c81de7f0d2f5c,incident-src-a2465e3be559632e,existing_incident_id,2019-bhr,Race,26,accused,26|99,2,adj-a2465e3be559632e,fia-2019-bhr-afcfec60fa35,no_further_action,12,False,fia_incident_clock_single_lap_interval,2019-03-31T15:32:00+00:00,2019-03-31T15:33:00+00:00,False,ambiguous_pending_review,Daniil Kvyat,KVY,Toro Rosso,15.0,12.0,+1 Lap,False,56.0,12,12,fia_clock_participant_single_lap_interval,8.0,13.0,5.0,12.0,7,8,5,8,True,7,high,pit_within_two_laps_of_candidate_incident|incident_lap_available|observed_drop_of_three_or_more_positions,unknown,timing_screen_only_not_damage_evidence,pending_human_review,2019-bhr Daniil Kvyat Toro Rosso race report damage collision puncture front wing floor retirement,site:formula1.com/en/latest 2019-bhr Daniil Kvyat damage collision puncture pit stop retirement
b3d02a9281c7f7eaa6c1,referral-8eaeadc8694923f5,race_control_episode_candidate_pending_review,2019-bra,Race,3,accused,3|20,2,adj-75ad7140f56a82b0,fia-2019-bra-b956905dbc4f,time_penalty,8,False,fia_incident_clock_single_lap_interval,2019-11-17T17:22:00+00:00,2019-11-17T17:23:00+00:00,False,candidate_pending_review,Daniel Ricciardo,RIC,Renault,11.0,6.0,Finished,False,71.0,8,8,fia_clock_participant_single_lap_interval,14.0,17.0,3.0,8.0,6,8,6,8,True,7,high,pit_within_two_laps_of_candidate_incident|incident_lap_available|observed_drop_of_three_or_more_positions,unknown,timing_screen_only_not_damage_evidence,pending_human_review,2019-bra Daniel Ricciardo Renault race report damage collision puncture front wing floor retirement,site:formula1.com/en/latest 2019-bra Daniel Ricciardo damage collision puncture pit stop retirement
dc2fae83e37473563787,referral-e2a1e81ca9f578ea,race_control_episode_candidate_pending_review,2019-chn,Race,55,affected,4|26|55,3,adj-fb33cf1dee9a141c,fia-2019-chn-50a2b4dfbc09,drive_through,1,False,fia_incident_clock_single_lap_interval,2019-04-14T06:14:00+00:00,2019-04-14T06:15:00+00:00,False,high_confidence_algorithmic,Carlos Sainz,SAI,McLaren,14.0,14.0,+1 Lap,False,55.0,1,1,fia_clock_participant_single_lap_interval,,19.0,,1.0,0,8,0,8,False,7,high,pit_within_two_laps_of_candidate_incident|incident_lap_available|multi_car_incident,unknown,timing_screen_only_not_damage_evidence,pending_human_review,2019-chn Carlos Sainz McLaren race report damage collision puncture front wing floor retirement,site:formula1.com/en/latest 2019-chn Carlos Sainz damage collision puncture pit stop retirement
33cb5cc1aae8a93521a5,referral-23100d35fc5906d1,race_control_episode_candidate_pending_review,2019-deu,Race,10,accused,10|23,2,adj-f35eb28ba1d26794,fia-2019-deu-439337838994,no_further_action,62,False,fia_incident_clock_single_lap_interval,2019-07-28T15:01:00+00:00,2019-07-28T15:02:00+00:00,False,candidate_pending_review,Pierre Gasly,GAS,Red Bull Racing,4.0,14.0,Collision,True,61.0,62,62,fia_clock_participant_single_lap_interval,7.0,,,,8,0,8,0,False,7,high,damage_or_incident_retirement_status|incident_lap_available,unknown,timing_screen_only_not_damage_evidence,pending_human_review,2019-deu Pierre Gasly Red Bull Racing race report damage collision puncture front wing floor retirement,site:formula1.com/en/latest 2019-deu Pierre Gasly damage collision puncture pit stop retirement
937888d4f72077967f4a,referral-768f90a84f2bf19b,race_control_episode_candidate_pending_review,2019-ita,Race,5,accused,5|18,2,adj-0a2995f1d6aad572,fia-2019-ita-5d8bd476d009,stop_go,6,False,fia_incident_clock_single_lap_interval,2019-09-08T13:21:00+00:00,2019-09-08T13:22:00+00:00,False,high_confidence_algorithmic,Sebastian Vettel,VET,Ferrari,4.0,13.0,+1 Lap,False,52.0,6,6,fia_clock_participant_single_lap_interval,4.0,19.0,15.0,6.0,3,8,3,8,False,7,high,pit_within_two_laps_of_candidate_incident|incident_lap_available|observed_drop_of_three_or_more_positions,unknown,timing_screen_only_not_damage_evidence,pending_human_review,2019-ita Sebastian Vettel Ferrari race report damage collision puncture front wing floor retirement,site:formula1.com/en/latest 2019-ita Sebastian Vettel damage collision puncture pit stop retirement
3cbb91e3d8f8cf237da3,referral-5fdbc018f02e34db,race_control_episode_candidate_pending_review,2019-sgp,Race,63,accused_and_affected,8|63,2,adj-46676d59c4b4733c|adj-cde123f133b0c826,fia-2019-sgp-6c9e26d4cab3|fia-2019-sgp-6db2310a0bec,no_further_action,35,False,fia_incident_clock_single_lap_interval,2019-09-22T13:17:00+00:00,2019-09-22T13:18:00+00:00,False,candidate_pending_review,George Russell,RUS,Williams,18.0,20.0,Collision,True,34.0,35,35,fia_clock_participant_single_lap_interval,17.0,,,,8,0,8,0,False,7,high,damage_or_incident_retirement_status|incident_lap_available,unknown,timing_screen_only_not_damage_evidence,pending_human_review,2019-sgp George Russell Williams race report damage collision puncture front wing floor retirement,site:formula1.com/en/latest 2019-sgp George Russell damage collision puncture pit stop retirement
0c3796ee64bbdf0eba43,referral-9d11f86984796490,race_control_episode_candidate_pending_review,2020-eif,Race,63,affected,7|63,2,adj-cd5bc15f552b8092,fia-2020-eif-3377de36ccd9,time_penalty,,False,unresolved,2020-10-11T12:34:00+00:00,2020-10-11T12:35:00+00:00,False,high_confidence_algorithmic,George Russell,RUS,Williams,17.0,20.0,Collision,True,12.0,13,13,fia_clock_participant_single_lap_interval,18.0,,,,8,0,8,0,False,7,high,damage_or_incident_retirement_status|incident_lap_available,unknown,timing_screen_only_not_damage_evidence,pending_human_review,2020-eif George Russell Williams race report damage collision puncture front wing floor retirement,site:formula1.com/en/latest 2020-eif George Russell damage collision puncture pit stop retirement
513a982f2e365e3b35ee,referral-8bdc3080b6a0d7d2,race_control_episode_candidate_pending_review,2020-skh,Race,11,affected,11|16|33,3,adj-f1add43ec601d687,fia-2020-skh-9e2651e5d5ba,grid_penalty,1,False,fia_incident_clock_single_lap_interval,2020-12-06T17:13:00+00:00,2020-12-06T17:14:00+00:00,False,candidate_pending_review,Sergio Perez,PER,Racing Point,5.0,1.0,Finished,False,87.0,1,1,fia_clock_participant_single_lap_interval,,18.0,,1.0,0,8,0,8,False,7,high,pit_within_two_laps_of_candidate_incident|incident_lap_available|multi_car_incident,unknown,timing_screen_only_not_damage_evidence,pending_human_review,2020-skh Sergio Perez Racing Point race report damage collision puncture front wing floor retirement,site:formula1.com/en/latest 2020-skh Sergio Perez damage collision puncture pit stop retirement
d8479c5b42de1561faea,referral-3168b0e2e5a515c1,race_control_episode_candidate_pending_review,2020-tus,Race,7,accused_and_affected,7|8|10|16|33,5,adj-3bbbd293cbbdc303|adj-ca80459eed6f3310|adj-d8273ef853fc3e35|adj-fe001d9ef4550a20,fia-2020-tus-3299714baba8|fia-2020-tus-65bfe923f953|fia-2020-tus-8b2908d46c54|fia-2020-tus-8f4aa7153d82,no_further_action,1,False,fia_incident_clock_single_lap_interval,2020-09-13T13:14:00+00:00,2020-09-13T13:15:00+00:00,False,candidate_pending_review,Kimi Räikkönen,RAI,Alfa Romeo Racing,13.0,9.0,Finished,False,59.0,1,1,fia_clock_participant_single_lap_interval,,16.0,,1.0,0,8,0,0,False,7,high,pit_within_two_laps_of_candidate_incident|incident_lap_available|multi_car_incident,unknown,timing_screen_only_not_damage_evidence,pending_human_review,2020-tus Kimi Räikkönen Alfa Romeo Racing race report damage collision puncture front wing floor retirement,site:formula1.com/en/latest 2020-tus Kimi Räikkönen damage collision puncture pit stop retirement
bea29042ee18243fd5e5,referral-a520c9f861b21016,race_control_episode_candidate_pending_review,2021-gbr,Race,33,affected,33|44,2,adj-a02457481a461185,fia-2021-gbr-2edd347d5de5,time_penalty,1,False,fia_incident_clock_single_lap_interval,2021-07-18T14:04:00+00:00,2021-07-18T14:05:00+00:00,False,high_confidence_algorithmic,Max Verstappen,VER,Red Bull Racing,1.0,20.0,Collision,True,0.0,1,1,fia_clock_participant_single_lap_interval,,,,,0,0,0,0,False,7,high,damage_or_incident_retirement_status|incident_lap_available,unknown,timing_screen_only_not_damage_evidence,pending_human_review,2021-gbr Max Verstappen Red Bull Racing race report damage collision puncture front wing floor retirement,site:formula1.com/en/latest 2021-gbr Max Verstappen damage collision puncture pit stop retirement
f53ef809ef2fcdcddb0a,incident-src-3bb833a815e06668,existing_incident_id,2021-hun,Race,16,affected,16|18,2,adj-3bb833a815e06668,fia-2021-hun-62b291657006,grid_penalty,1,False,fia_incident_clock_single_lap_interval,2021-08-01T13:03:00+00:00,2021-08-01T13:04:00+00:00,False,unmatched,Charles Leclerc,LEC,Ferrari,7.0,18.0,Collision,True,0.0,1,1,fia_clock_participant_single_lap_interval,,,,,0,0,0,0,False,7,high,damage_or_incident_retirement_status|incident_lap_available,unknown,timing_screen_only_not_damage_evidence,pending_human_review,2021-hun Charles Leclerc Ferrari race report damage collision puncture front wing floor retirement,site:formula1.com/en/latest 2021-hun Charles Leclerc damage collision puncture pit stop retirement
0a16654de466cfa0f534,incident-src-3bb833a815e06668,existing_incident_id,2021-hun,Race,18,accused,16|18,2,adj-3bb833a815e06668,fia-2021-hun-62b291657006,grid_penalty,1,False,fia_incident_clock_single_lap_interval,2021-08-01T13:03:00+00:00,2021-08-01T13:04:00+00:00,False,unmatched,Lance Stroll,STR,Aston Martin,12.0,19.0,Collision,True,0.0,1,1,fia_clock_participant_single_lap_interval,,,,,0,0,0,0,False,7,high,damage_or_incident_retirement_status|incident_lap_available,unknown,timing_screen_only_not_damage_evidence,pending_human_review,2021-hun Lance Stroll Aston Martin race report damage collision puncture front wing floor retirement,site:formula1.com/en/latest 2021-hun Lance Stroll damage collision puncture pit stop retirement
69ed6dabafe0ffc7f083,incident-src-9cf492ef26deae16,existing_incident_id,2021-hun,Race,77,accused,4|77,2,adj-9cf492ef26deae16,fia-2021-hun-06f5959922b8,grid_penalty,1,False,fia_incident_clock_single_lap_interval,2021-08-01T13:03:00+00:00,2021-08-01T13:04:00+00:00,False,unmatched,Valtteri Bottas,BOT,Mercedes,2.0,16.0,Collision,True,0.0,1,1,fia_clock_participant_single_lap_interval,,,,,0,0,0,0,False,7,high,damage_or_incident_retirement_status|incident_lap_available,unknown,timing_screen_only_not_damage_evidence,pending_human_review,2021-hun Valtteri Bottas Mercedes race report damage collision puncture front wing floor retirement,site:formula1.com/en/latest 2021-hun Valtteri Bottas damage collision puncture pit stop retirement
2589b3d6f21f0ed1503a,incident-src-f21c53526f851c56,existing_incident_id,2021-sau,Race,11,accused,11|16,2,adj-f21c53526f851c56,fia-2021-sau-d305cebeff15,no_further_action,15,False,fia_incident_clock_single_lap_interval,2021-12-05T18:19:00+00:00,2021-12-05T18:20:00+00:00,False,unmatched,Sergio Perez,PER,Red Bull Racing,5.0,17.0,Collision,True,14.0,15,15,fia_clock_participant_single_lap_interval,8.0,,,,8,0,8,0,False,7,high,damage_or_incident_retirement_status|incident_lap_available,unknown,timing_screen_only_not_damage_evidence,pending_human_review,2021-sau Sergio Perez Red Bull Racing race report damage collision puncture front wing floor retirement,site:formula1.com/en/latest 2021-sau Sergio Perez damage collision puncture pit stop retirement
e171a3ec7a5114470b11,referral-06f7cbef42a85f11,race_control_episode_candidate_pending_review,2022-bel,Race,44,accused,14|44,2,adj-6f98ef40918eece1,fia-2022-bel-dac27d1c3f36,no_further_action,1,False,fia_incident_clock_single_lap_interval,2022-08-28T13:04:00+00:00,2022-08-28T13:05:00+00:00,False,high_confidence_algorithmic,Lewis Hamilton,HAM,Mercedes,4.0,20.0,Collision damage,True,0.0,1,1,fia_clock_participant_single_lap_interval,,,,,0,0,0,0,False,7,high,damage_or_incident_retirement_status|incident_lap_available,unknown,timing_screen_only_not_damage_evidence,pending_human_review,2022-bel Lewis Hamilton Mercedes race report damage collision puncture front wing floor retirement,site:formula1.com/en/latest 2022-bel Lewis Hamilton damage collision puncture pit stop retirement
43dd58954d3271520fb8,referral-77de8f515baa8b7e,race_control_episode_candidate_pending_review,2022-fra,Race,6,accused_and_affected,6|20|47,3,adj-285944dc1f5d725d|adj-91bd2176be4c7ceb,fia-2022-fra-832a818ac903|fia-2022-fra-f29d68ccd9b0,no_further_action,,False,unresolved,,,False,candidate_pending_review,Nicholas Latifi,LAT,Williams,18.0,17.0,Collision damage,True,40.0,,,unresolved,,,,,0,0,0,0,False,7,high,damage_or_incident_retirement_status|multi_car_incident,unknown,timing_screen_only_not_damage_evidence,pending_human_review,2022-fra Nicholas Latifi Williams race report damage collision puncture front wing floor retirement,site:formula1.com/en/latest 2022-fra Nicholas Latifi damage collision puncture pit stop retirement
693fca6deab94d4af6ba,referral-77de8f515baa8b7e,race_control_episode_candidate_pending_review,2022-fra,Race,20,accused_and_affected,6|20|47,3,adj-285944dc1f5d725d|adj-91bd2176be4c7ceb,fia-2022-fra-832a818ac903|fia-2022-fra-f29d68ccd9b0,no_further_action,,False,unresolved,,,False,candidate_pending_review,Kevin Magnussen,MAG,Haas F1 Team,20.0,18.0,Collision damage,True,37.0,,,unresolved,,,,,0,0,0,0,False,7,high,damage_or_incident_retirement_status|multi_car_incident,unknown,timing_screen_only_not_damage_evidence,pending_human_review,2022-fra Kevin Magnussen Haas F1 Team race report damage collision puncture front wing floor retirement,site:formula1.com/en/latest 2022-fra Kevin Magnussen damage collision puncture pit stop retirement
03725a0dbc34d2b95b8a,referral-ab5ecffd4b1f535b,race_control_episode_candidate_pending_review,2022-mia,Race,20,accused_and_affected,18|20,2,adj-28c62e2652e40363|adj-d7bbf8b8f5834a44|adj-ec1cbeb429741336,fia-2022-mia-200cbc833915|fia-2022-mia-2f9a772ddfb1|fia-2022-mia-36df1eeb5c9c,no_further_action|time_penalty,47,False,fia_incident_clock_single_lap_interval|unresolved,,,True,high_confidence_algorithmic,Kevin Magnussen,MAG,Haas F1 Team,16.0,16.0,Front wing,True,56.0,47,,adjudication_lap_candidate,13.0,14.0,1.0,,8,7,8,6,True,7,high,damage_or_incident_retirement_status|incident_lap_available,unknown,timing_screen_only_not_damage_evidence,pending_human_review,2022-mia Kevin Magnussen Haas F1 Team race report damage collision puncture front wing floor retirement,site:formula1.com/en/latest 2022-mia Kevin Magnussen damage collision puncture pit stop retirement
f0638973def8036c0d3d,referral-67780866808a5f6f,race_control_episode_candidate_pending_review,2022-sao,Race,3,accused,3|20,2,adj-3700ca1e1401e213,fia-2022-sao-b61d2a302ed0,grid_penalty,1,False,fia_incident_clock_single_lap_interval,2022-11-13T18:03:00+00:00,2022-11-13T18:04:00+00:00,False,candidate_pending_review,Daniel Ricciardo,RIC,McLaren,11.0,20.0,Collision,True,0.0,1,1,fia_clock_participant_single_lap_interval,,,,,0,0,0,0,False,7,high,damage_or_incident_retirement_status|incident_lap_available,unknown,timing_screen_only_not_damage_evidence,pending_human_review,2022-sao Daniel Ricciardo McLaren race report damage collision puncture front wing floor retirement,site:formula1.com/en/latest 2022-sao Daniel Ricciardo damage collision puncture pit stop retirement
eab76cfcc22a95f08e50,referral-67780866808a5f6f,race_control_episode_candidate_pending_review,2022-sao,Race,20,affected,3|20,2,adj-3700ca1e1401e213,fia-2022-sao-b61d2a302ed0,grid_penalty,1,False,fia_incident_clock_single_lap_interval,2022-11-13T18:03:00+00:00,2022-11-13T18:04:00+00:00,False,candidate_pending_review,Kevin Magnussen,MAG,Haas F1 Team,8.0,19.0,Collision,True,0.0,1,1,fia_clock_participant_single_lap_interval,,,,,0,0,0,0,False,7,high,damage_or_incident_retirement_status|incident_lap_available,unknown,timing_screen_only_not_damage_evidence,pending_human_review,2022-sao Kevin Magnussen Haas F1 Team race report damage collision puncture front wing floor retirement,site:formula1.com/en/latest 2022-sao Kevin Magnussen damage collision puncture pit stop retirement
d7362b63560e3dd63984,referral-c7f06201ab374d1f,race_control_episode_candidate_pending_review,2022-sgp,Race,24,affected,6|24,2,adj-ef4a6332c1a930b5,fia-2022-sgp-f8928d0688eb,grid_penalty,7,False,fia_incident_clock_single_lap_interval,2022-10-02T13:22:00+00:00,2022-10-02T13:23:00+00:00,False,high_confidence_algorithmic,Guanyu Zhou,ZHO,Alfa Romeo,14.0,20.0,Collision,True,6.0,7,7,fia_clock_participant_single_lap_interval,19.0,,,,5,0,5,0,False,7,high,damage_or_incident_retirement_status|incident_lap_available,unknown,timing_screen_only_not_damage_evidence,pending_human_review,2022-sgp Guanyu Zhou Alfa Romeo race report damage collision puncture front wing floor retirement,site:formula1.com/en/latest 2022-sgp Guanyu Zhou damage collision puncture pit stop retirement
52da8ac78aa1af3dbf46,referral-52ca5ebc758ae25e,race_control_episode_candidate_pending_review,2022-usa,Race,14,affected,14|18,2,adj-cbab2a2368386dd0,fia-2022-usa-be8d3f7fc123,grid_penalty,22,False,fia_incident_clock_single_lap_interval,2022-10-23T19:44:00+00:00,2022-10-23T19:45:00+00:00,False,candidate_pending_review,Fernando Alonso,ALO,Alpine,14.0,7.0,Finished,False,56.0,22,22,fia_clock_participant_single_lap_interval,9.0,14.0,5.0,22.0,8,8,8,8,True,7,high,pit_within_two_laps_of_candidate_incident|incident_lap_available|observed_drop_of_three_or_more_positions,unknown,timing_screen_only_not_damage_evidence,pending_human_review,2022-usa Fernando Alonso Alpine race report damage collision puncture front wing floor retirement,site:formula1.com/en/latest 2022-usa Fernando Alonso damage collision puncture pit stop retirement
d348c98064af64152423,referral-52ca5ebc758ae25e,race_control_episode_candidate_pending_review,2022-usa,Race,18,accused,14|18,2,adj-cbab2a2368386dd0,fia-2022-usa-be8d3f7fc123,grid_penalty,22,False,fia_incident_clock_single_lap_interval,2022-10-23T19:44:00+00:00,2022-10-23T19:45:00+00:00,False,candidate_pending_review,Lance Stroll,STR,Aston Martin,5.0,18.0,Collision,True,21.0,22,22,fia_clock_participant_single_lap_interval,7.0,,,,8,0,8,0,False,7,high,damage_or_incident_retirement_status|incident_lap_available,unknown,timing_screen_only_not_damage_evidence,pending_human_review,2022-usa Lance Stroll Aston Martin race report damage collision puncture front wing floor retirement,site:formula1.com/en/latest 2022-usa Lance Stroll damage collision puncture pit stop retirement
110c650b42aaf2a8a3ea,referral-570dacabeafaef1c,race_control_episode_candidate_pending_review,2023-jpn,Race,20,affected,11|20,2,adj-478d73ac843b6a2b,fia-2023-jpn-45592291a09c,time_penalty,12,False,fia_incident_clock_single_lap_interval,2023-09-24T05:27:00+00:00,2023-09-24T05:28:00+00:00,False,high_confidence_algorithmic,Kevin Magnussen,MAG,Haas F1 Team,15.0,15.0,Lapped,False,52.0,12,12,fia_clock_participant_single_lap_interval,12.0,18.0,6.0,12.0,7,8,5,6,True,7,high,pit_within_two_laps_of_candidate_incident|incident_lap_available|observed_drop_of_three_or_more_positions,unknown,timing_screen_only_not_damage_evidence,pending_human_review,2023-jpn Kevin Magnussen Haas F1 Team race report damage collision puncture front wing floor retirement,site:formula1.com/en/latest 2023-jpn Kevin Magnussen damage collision puncture pit stop retirement
06c7c1cbb50b7c7353ed,referral-03dadc373d8e923f,race_control_episode_candidate_pending_review,2023-qat,Race,44,accused,44|63,2,adj-f5b1f1c51a022137,fia-2023-qat-04250e16f5a2,no_further_action,1,False,model_reviewed_source_or_timing,2023-10-08T17:03:00+00:00,2023-10-08T17:04:00+00:00,False,high_confidence_algorithmic,Lewis Hamilton,HAM,Mercedes,3.0,19.0,Retired,True,0.0,1,1,fia_clock_participant_single_lap_interval,,,,,0,0,0,0,False,7,high,damage_or_incident_retirement_status|incident_lap_available,unknown,timing_screen_only_not_damage_evidence,pending_human_review,2023-qat Lewis Hamilton Mercedes race report damage collision puncture front wing floor retirement,site:formula1.com/en/latest 2023-qat Lewis Hamilton damage collision puncture pit stop retirement
28439d82ea2e0c3a0e29,referral-50ed2c378523739f,race_control_episode_candidate_pending_review,2023-qat,Sprint,11,accused_and_affected,11|27|31,3,adj-2bb6a3e3238bf797|adj-3963f9cb2db8ec33|adj-be81901bac03674e,fia-2023-qat-002060120e1b|fia-2023-qat-8a64aec7daf5|fia-2023-qat-9b045d16fdac,no_further_action,,False,unresolved,2023-10-07T17:52:00+00:00,2023-10-07T17:53:00+00:00,False,high_confidence_algorithmic,Sergio Perez,PER,Red Bull Racing,8.0,18.0,Retired,True,10.0,,10|11,fia_clock_participant_multi_lap_window,,,,,0,0,0,0,False,7,high,damage_or_incident_retirement_status|multi_car_incident,unknown,timing_screen_only_not_damage_evidence,pending_human_review,2023-qat Sergio Perez Red Bull Racing race report damage collision puncture front wing floor retirement,site:formula1.com/en/latest 2023-qat Sergio Perez damage collision puncture pit stop retirement
2b194553a21ad2897315,referral-50ed2c378523739f,race_control_episode_candidate_pending_review,2023-qat,Sprint,27,accused_and_affected,11|27|31,3,adj-2bb6a3e3238bf797|adj-3963f9cb2db8ec33|adj-be81901bac03674e,fia-2023-qat-002060120e1b|fia-2023-qat-8a64aec7daf5|fia-2023-qat-9b045d16fdac,no_further_action,,False,unresolved,2023-10-07T17:52:00+00:00,2023-10-07T17:53:00+00:00,False,high_confidence_algorithmic,Nico Hulkenberg,HUL,Haas F1 Team,7.0,16.0,Retired,True,11.0,,10|11,fia_clock_participant_multi_lap_window,,,,,0,0,0,0,False,7,high,damage_or_incident_retirement_status|multi_car_incident,unknown,timing_screen_only_not_damage_evidence,pending_human_review,2023-qat Nico Hulkenberg Haas F1 Team race report damage collision puncture front wing floor retirement,site:formula1.com/en/latest 2023-qat Nico Hulkenberg damage collision puncture pit stop retirement
25948e1d01553de38a5a,referral-50ed2c378523739f,race_control_episode_candidate_pending_review,2023-qat,Sprint,31,accused_and_affected,11|27|31,3,adj-2bb6a3e3238bf797|adj-3963f9cb2db8ec33|adj-be81901bac03674e,fia-2023-qat-002060120e1b|fia-2023-qat-8a64aec7daf5|fia-2023-qat-9b045d16fdac,no_further_action,,False,unresolved,2023-10-07T17:52:00+00:00,2023-10-07T17:53:00+00:00,False,high_confidence_algorithmic,Esteban Ocon,OCO,Alpine,10.0,17.0,Retired,True,10.0,,10|11,fia_clock_participant_multi_lap_window,,,,,0,0,0,0,False,7,high,damage_or_incident_retirement_status|multi_car_incident,unknown,timing_screen_only_not_damage_evidence,pending_human_review,2023-qat Esteban Ocon Alpine race report damage collision puncture front wing floor retirement,site:formula1.com/en/latest 2023-qat Esteban Ocon damage collision puncture pit stop retirement
f9bb7ca2c9d8f1dafcd9,incident-src-2e20778ef64918d5,existing_incident_id,2024-abu,Race,20,affected,20|77,2,adj-2e20778ef64918d5,fia-2024-abu-1738c094dc27,grid_penalty,30,False,fia_incident_clock_single_lap_interval,2024-12-08T13:49:00+00:00,2024-12-08T13:50:00+00:00,False,ambiguous_pending_review,Kevin Magnussen,MAG,Haas F1 Team,14.0,16.0,Lapped,False,57.0,30,30,fia_clock_participant_single_lap_interval,13.0,16.0,3.0,30.0,8,8,8,8,True,7,high,pit_within_two_laps_of_candidate_incident|incident_lap_available|observed_drop_of_three_or_more_positions,unknown,timing_screen_only_not_damage_evidence,pending_human_review,2024-abu Kevin Magnussen Haas F1 Team race report damage collision puncture front wing floor retirement,site:formula1.com/en/latest 2024-abu Kevin Magnussen damage collision puncture pit stop retirement
d0d03d7f4c6b7a8c0b6d,referral-09e39de88467ad49,race_control_episode_candidate_pending_review,2024-abu,Race,11,affected,11|77,2,adj-5b76f9299c3d25a5,fia-2024-abu-62aed0693198,time_penalty,1,False,model_reviewed_source_or_timing,2024-12-08T13:04:00+00:00,2024-12-08T13:05:00+00:00,False,high_confidence_algorithmic,Sergio Perez,PER,Red Bull Racing,10.0,20.0,Retired,True,0.0,1,1,fia_clock_participant_single_lap_interval,,,,,0,0,0,0,False,7,high,damage_or_incident_retirement_status|incident_lap_available,unknown,timing_screen_only_not_damage_evidence,pending_human_review,2024-abu Sergio Perez Red Bull Racing race report damage collision puncture front wing floor retirement,site:formula1.com/en/latest 2024-abu Sergio Perez damage collision puncture pit stop retirement
08b46ee79e77607af2b1,referral-09e39de88467ad49,race_control_episode_candidate_pending_review,2024-abu,Race,77,accused,11|77,2,adj-5b76f9299c3d25a5,fia-2024-abu-62aed0693198,time_penalty,1,False,model_reviewed_source_or_timing,2024-12-08T13:04:00+00:00,2024-12-08T13:05:00+00:00,False,high_confidence_algorithmic,Valtteri Bottas,BOT,Kick Sauber,9.0,18.0,Retired,True,30.0,1,1,fia_clock_participant_single_lap_interval,,13.0,,,0,8,0,6,False,7,high,damage_or_incident_retirement_status|incident_lap_available,unknown,timing_screen_only_not_damage_evidence,pending_human_review,2024-abu Valtteri Bottas Kick Sauber race report damage collision puncture front wing floor retirement,site:formula1.com/en/latest 2024-abu Valtteri Bottas damage collision puncture pit stop retirement
05c618e3ca842c4c08f7,referral-8606750ab5c2e36e,race_control_episode_candidate_pending_review,2024-aze,Race,11,accused_and_affected,11|55,2,adj-4d9543b8ee4e354b|adj-94905942bca0fa49,fia-2024-aze-51d6849b52fb|fia-2024-aze-ebeab05b8b9a,no_further_action,50,False,model_reviewed_source_or_timing,2024-09-15T12:33:00+00:00,2024-09-15T12:34:00+00:00,False,candidate_pending_review,Sergio Perez,PER,Red Bull Racing,4.0,17.0,Retired,True,49.0,50,50,fia_clock_participant_single_lap_interval,3.0,,,,8,0,7,0,False,7,high,damage_or_incident_retirement_status|incident_lap_available,unknown,timing_screen_only_not_damage_evidence,pending_human_review,2024-aze Sergio Perez Red Bull Racing race report damage collision puncture front wing floor retirement,site:formula1.com/en/latest 2024-aze Sergio Perez damage collision puncture pit stop retirement
a0e32bce712785a0325a,referral-8606750ab5c2e36e,race_control_episode_candidate_pending_review,2024-aze,Race,55,accused_and_affected,11|55,2,adj-4d9543b8ee4e354b|adj-94905942bca0fa49,fia-2024-aze-51d6849b52fb|fia-2024-aze-ebeab05b8b9a,no_further_action,50,False,model_reviewed_source_or_timing,2024-09-15T12:33:00+00:00,2024-09-15T12:34:00+00:00,False,candidate_pending_review,Carlos Sainz,SAI,Ferrari,3.0,18.0,Retired,True,49.0,50,50,fia_clock_participant_single_lap_interval,4.0,,,,8,0,8,0,False,7,high,damage_or_incident_retirement_status|incident_lap_available,unknown,timing_screen_only_not_damage_evidence,pending_human_review,2024-aze Carlos Sainz Ferrari race report damage collision puncture front wing floor retirement,site:formula1.com/en/latest 2024-aze Carlos Sainz damage collision puncture pit stop retirement
8f34ee3bfa627a40fd13,referral-bc57992bc49b2fc1,race_control_episode_candidate_pending_review,2024-chn,Race,20,accused,20|22,2,adj-e6937a3f0184649f,fia-2024-chn-6d2ca4d46d70,time_penalty,27,False,fia_incident_clock_single_lap_interval,2024-04-21T07:52:00+00:00,2024-04-21T07:53:00+00:00,False,high_confidence_algorithmic,Kevin Magnussen,MAG,Haas F1 Team,17.0,16.0,Finished,False,56.0,27,27,fia_clock_participant_single_lap_interval,13.0,17.0,4.0,27.0,8,8,8,8,True,7,high,pit_within_two_laps_of_candidate_incident|incident_lap_available|observed_drop_of_three_or_more_positions,unknown,timing_screen_only_not_damage_evidence,pending_human_review,2024-chn Kevin Magnussen Haas F1 Team race report damage collision puncture front wing floor retirement,site:formula1.com/en/latest 2024-chn Kevin Magnussen damage collision puncture pit stop retirement
a88ecd64dca5faf70436,referral-bc57992bc49b2fc1,race_control_episode_candidate_pending_review,2024-chn,Race,22,affected,20|22,2,adj-e6937a3f0184649f,fia-2024-chn-6d2ca4d46d70,time_penalty,27,False,fia_incident_clock_single_lap_interval,2024-04-21T07:52:00+00:00,2024-04-21T07:53:00+00:00,False,high_confidence_algorithmic,Yuki Tsunoda,TSU,RB,19.0,19.0,Retired,True,26.0,27,27,fia_clock_participant_single_lap_interval,14.0,,,,8,0,6,0,False,7,high,damage_or_incident_retirement_status|incident_lap_available,unknown,timing_screen_only_not_damage_evidence,pending_human_review,2024-chn Yuki Tsunoda RB race report damage collision puncture front wing floor retirement,site:formula1.com/en/latest 2024-chn Yuki Tsunoda damage collision puncture pit stop retirement
f4788267eea7e545f791,referral-c7bba055f7371459,race_control_episode_candidate_pending_review,2024-jpn,Race,18,affected,3|18|23,3,adj-7a872dc58411ce68,fia-2024-jpn-9cf103b985c9,no_further_action,1,False,fia_incident_clock_single_lap_interval,2024-04-07T05:04:00+00:00,2024-04-07T05:05:00+00:00,False,candidate_pending_review,Lance Stroll,STR,Aston Martin,16.0,12.0,Lapped,False,52.0,1,1,fia_clock_participant_single_lap_interval,,15.0,,1.0,0,8,0,8,False,7,high,pit_within_two_laps_of_candidate_incident|incident_lap_available|multi_car_incident,unknown,timing_screen_only_not_damage_evidence,pending_human_review,2024-jpn Lance Stroll Aston Martin race report damage collision puncture front wing floor retirement,site:formula1.com/en/latest 2024-jpn Lance Stroll damage collision puncture pit stop retirement
87ce78e4698a89129f3e,incident-src-6ea8c11583ab4051,existing_incident_id,2024-mco,Race,31,accused,10|31,2,adj-6ea8c11583ab4051,fia-2024-mco-8f89aba81bd5,grid_penalty,1,False,fia_incident_clock_single_lap_interval,2024-05-26T13:04:00+00:00,2024-05-26T13:05:00+00:00,False,ambiguous_pending_review,Esteban Ocon,OCO,Alpine,11.0,17.0,Retired,True,0.0,1,1,fia_clock_participant_single_lap_interval,,,,,0,0,0,0,False,7,high,damage_or_incident_retirement_status|incident_lap_available,unknown,timing_screen_only_not_damage_evidence,pending_human_review,2024-mco Esteban Ocon Alpine race report damage collision puncture front wing floor retirement,site:formula1.com/en/latest 2024-mco Esteban Ocon damage collision puncture pit stop retirement
c7a01d33c13723afd759,incident-group-86e2a514b5312efc,existing_incident_id,2024-mia,Sprint,14,accused_and_affected,4|14|18|44,4,adj-0a015cee0b31ad67|adj-66a7d8add9666258|adj-c88d0a0133c58194,fia-2024-mia-86547ded7d12|fia-2024-mia-b115633c9ba0|fia-2024-mia-badde45f9141,no_further_action,1,False,model_reviewed_source_or_timing,2024-05-04T16:03:00+00:00,2024-05-04T16:04:00+00:00,False,unmatched,Fernando Alonso,ALO,Aston Martin,8.0,17.0,Finished,False,19.0,1,1,fia_clock_participant_single_lap_interval,,18.0,,1.0,0,8,0,0,False,7,high,pit_within_two_laps_of_candidate_incident|incident_lap_available|multi_car_incident,unknown,timing_screen_only_not_damage_evidence,pending_human_review,2024-mia Fernando Alonso Aston Martin race report damage collision puncture front wing floor retirement,site:formula1.com/en/latest 2024-mia Fernando Alonso damage collision puncture pit stop retirement
c46e7005ba365e61ce64,incident-group-86e2a514b5312efc,existing_incident_id,2024-mia,Sprint,44,accused_and_affected,4|14|18|44,4,adj-0a015cee0b31ad67|adj-66a7d8add9666258|adj-c88d0a0133c58194,fia-2024-mia-86547ded7d12|fia-2024-mia-b115633c9ba0|fia-2024-mia-badde45f9141,no_further_action,1,False,model_reviewed_source_or_timing,2024-05-04T16:03:00+00:00,2024-05-04T16:04:00+00:00,False,unmatched,Lewis Hamilton,HAM,Mercedes,12.0,16.0,Finished,False,19.0,1,1,fia_clock_participant_single_lap_interval,,9.0,,1.0,0,8,0,8,False,7,high,pit_within_two_laps_of_candidate_incident|incident_lap_available|multi_car_incident,unknown,timing_screen_only_not_damage_evidence,pending_human_review,2024-mia Lewis Hamilton Mercedes race report damage collision puncture front wing floor retirement,site:formula1.com/en/latest 2024-mia Lewis Hamilton damage collision puncture pit stop retirement
1e47c76270a5d73489b9,referral-4533a764cb46f7af,race_control_episode_candidate_pending_review,2024-sao,Race,43,affected,43|50,2,adj-dc9490802ee7ddff,fia-2024-sao-b822c02eabd2,time_penalty,4,False,fia_incident_clock_single_lap_interval,2024-11-03T15:55:00+00:00,2024-11-03T15:56:00+00:00,False,high_confidence_algorithmic,Franco Colapinto,COL,Williams,16.0,17.0,Retired,True,30.0,4,4,fia_clock_participant_single_lap_interval,12.0,12.0,0.0,,2,8,0,0,False,7,high,damage_or_incident_retirement_status|incident_lap_available,unknown,timing_screen_only_not_damage_evidence,pending_human_review,2024-sao Franco Colapinto Williams race report damage collision puncture front wing floor retirement,site:formula1.com/en/latest 2024-sao Franco Colapinto damage collision puncture pit stop retirement
60fb11af9308f99743b7,referral-97885793288084e1,race_control_episode_candidate_pending_review,2025-gbr,Race,6,accused,6|12,2,adj-e0f8f07ee7a2831d,fia-2025-gbr-07f4a9af8016,no_further_action,18,False,fia_incident_clock_single_lap_interval,2025-07-06T14:41:00+00:00,2025-07-06T14:42:00+00:00,False,high_confidence_algorithmic,Isack Hadjar,HAD,Racing Bulls,12.0,17.0,Retired,True,17.0,18,18,fia_clock_participant_single_lap_interval,16.0,,,,3,0,0,0,False,7,high,damage_or_incident_retirement_status|incident_lap_available,unknown,timing_screen_only_not_damage_evidence,pending_human_review,2025-gbr Isack Hadjar Racing Bulls race report damage collision puncture front wing floor retirement,site:formula1.com/en/latest 2025-gbr Isack Hadjar damage collision puncture pit stop retirement
5228f47255202005443b,referral-299f74f832c44e98,race_control_episode_candidate_pending_review,2025-lvs,Race,30,accused,30|55|63|81,4,adj-2c6f2f495e380077,fia-2025-lvs-930d412442e7,no_further_action,1,False,model_reviewed_source_or_timing,2025-11-23T04:04:00+00:00,2025-11-23T04:05:00+00:00,False,high_confidence_algorithmic,Liam Lawson,LAW,Racing Bulls,6.0,14.0,Lapped,False,49.0,1,1,fia_clock_participant_single_lap_interval,,6.0,,2.0,0,8,0,7,False,7,high,pit_within_two_laps_of_candidate_incident|incident_lap_available|multi_car_incident,unknown,timing_screen_only_not_damage_evidence,pending_human_review,2025-lvs Liam Lawson Racing Bulls race report damage collision puncture front wing floor retirement,site:formula1.com/en/latest 2025-lvs Liam Lawson damage collision puncture pit stop retirement
4e7981f921e2d883e4e2,referral-b7a7e983f39b483b,race_control_episode_candidate_pending_review,2025-mia,Sprint,14,affected,14|30,2,adj-5fb4a92076f8efba,fia-2025-mia-257f8720a641,time_penalty,14,False,fia_incident_clock_single_lap_interval,2025-05-03T16:54:00+00:00,2025-05-03T16:55:00+00:00,False,candidate_pending_review,Fernando Alonso,ALO,Aston Martin,10.0,18.0,Retired,True,13.0,14,,adjudication_lap_candidate,4.0,,,,8,0,7,0,False,7,high,damage_or_incident_retirement_status|incident_lap_available,unknown,timing_screen_only_not_damage_evidence,pending_human_review,2025-mia Fernando Alonso Aston Martin race report damage collision puncture front wing floor retirement,site:formula1.com/en/latest 2025-mia Fernando Alonso damage collision puncture pit stop retirement
1d830b0099b71bb57c8a,referral-562b20d8442a7b89,race_control_episode_candidate_pending_review,2025-ned,Race,12,accused,12|16|63,3,adj-8200d1dc5332b417,fia-2025-ned-d843a4b9a866,time_penalty,53,False,fia_incident_clock_single_lap_interval,2025-08-31T14:12:00+00:00,2025-08-31T14:13:00+00:00,False,high_confidence_algorithmic,Kimi Antonelli,ANT,Mercedes,11.0,16.0,Finished,False,72.0,53,53,fia_clock_participant_single_lap_interval,8.0,7.0,-1.0,53.0,8,8,8,8,True,7,high,pit_within_two_laps_of_candidate_incident|incident_lap_available|multi_car_incident,unknown,timing_screen_only_not_damage_evidence,pending_human_review,2025-ned Kimi Antonelli Mercedes race report damage collision puncture front wing floor retirement,site:formula1.com/en/latest 2025-ned Kimi Antonelli damage collision puncture pit stop retirement
f6e0cd2bfc49df0b483d,referral-562b20d8442a7b89,race_control_episode_candidate_pending_review,2025-ned,Race,63,affected,12|16|63,3,adj-8200d1dc5332b417,fia-2025-ned-d843a4b9a866,time_penalty,53,False,fia_incident_clock_single_lap_interval,2025-08-31T14:12:00+00:00,2025-08-31T14:13:00+00:00,False,high_confidence_algorithmic,George Russell,RUS,Mercedes,5.0,4.0,Finished,False,72.0,53,53,fia_clock_participant_single_lap_interval,6.0,5.0,-1.0,53.0,8,8,6,8,True,7,high,pit_within_two_laps_of_candidate_incident|incident_lap_available|multi_car_incident,unknown,timing_screen_only_not_damage_evidence,pending_human_review,2025-ned George Russell Mercedes race report damage collision puncture front wing floor retirement,site:formula1.com/en/latest 2025-ned George Russell damage collision puncture pit stop retirement
fcba94f9ce2e7f36d393,referral-6da8a30656674802,race_control_episode_candidate_pending_review,2025-ned,Race,30,affected,30|55,2,adj-47e48f725c522344,fia-2025-ned-644f47d1f6a0,time_penalty,27,False,fia_incident_clock_single_lap_interval,2025-08-31T13:39:00+00:00,2025-08-31T13:40:00+00:00,False,candidate_pending_review,Liam Lawson,LAW,Racing Bulls,8.0,12.0,Finished,False,72.0,27,27,fia_clock_participant_single_lap_interval,7.0,19.0,12.0,27.0,8,8,8,6,True,7,high,pit_within_two_laps_of_candidate_incident|incident_lap_available|observed_drop_of_three_or_more_positions,unknown,timing_screen_only_not_damage_evidence,pending_human_review,2025-ned Liam Lawson Racing Bulls race report damage collision puncture front wing floor retirement,site:formula1.com/en/latest 2025-ned Liam Lawson damage collision puncture pit stop retirement
2a603945df0c9318c887,referral-6da8a30656674802,race_control_episode_candidate_pending_review,2025-ned,Race,55,accused,30|55,2,adj-47e48f725c522344,fia-2025-ned-644f47d1f6a0,time_penalty,27,False,fia_incident_clock_single_lap_interval,2025-08-31T13:39:00+00:00,2025-08-31T13:40:00+00:00,False,candidate_pending_review,Carlos Sainz,SAI,Williams,9.0,13.0,Finished,False,72.0,27,27,fia_clock_participant_single_lap_interval,8.0,18.0,10.0,27.0,8,8,8,6,True,7,high,pit_within_two_laps_of_candidate_incident|incident_lap_available|observed_drop_of_three_or_more_positions,unknown,timing_screen_only_not_damage_evidence,pending_human_review,2025-ned Carlos Sainz Williams race report damage collision puncture front wing floor retirement,site:formula1.com/en/latest 2025-ned Carlos Sainz damage collision puncture pit stop retirement
ed672bd739add0577444,referral-b8d436316d13e265,race_control_episode_candidate_pending_review,2025-sao,Race,16,affected,12|16|81,3,adj-07251667fa91d99d,fia-2025-sao-f7a215166f92,time_penalty,6,False,model_reviewed_source_or_timing,2025-11-09T17:12:00+00:00,2025-11-09T17:13:00+00:00,False,high_confidence_algorithmic,Charles Leclerc,LEC,Ferrari,3.0,19.0,Retired,True,5.0,,5|6,fia_clock_participant_multi_lap_window,,,,,0,0,0,0,False,7,high,damage_or_incident_retirement_status|multi_car_incident,unknown,timing_screen_only_not_damage_evidence,pending_human_review,2025-sao Charles Leclerc Ferrari race report damage collision puncture front wing floor retirement,site:formula1.com/en/latest 2025-sao Charles Leclerc damage collision puncture pit stop retirement
d753a7e096c2124971fc,referral-9ee5a096989b8230,race_control_episode_candidate_pending_review,2025-usa,Race,55,accused,12|55,2,adj-d1735787a6532540,fia-2025-usa-1f9064819192,grid_penalty,6,False,fia_incident_clock_single_lap_interval,2025-10-19T19:13:00+00:00,2025-10-19T19:14:00+00:00,False,high_confidence_algorithmic,Carlos Sainz,SAI,Williams,9.0,20.0,Retired,True,5.0,6,6,fia_clock_participant_single_lap_interval,8.0,,,,4,0,4,0,False,7,high,damage_or_incident_retirement_status|incident_lap_available,unknown,timing_screen_only_not_damage_evidence,pending_human_review,2025-usa Carlos Sainz Williams race report damage collision puncture front wing floor retirement,site:formula1.com/en/latest 2025-usa Carlos Sainz damage collision puncture pit stop retirement
51f48e458d8ae7cc6298,incident-src-915feddd8ae6b043,existing_incident_id,2018-aze,Race,11,affected,11|35,2,adj-915feddd8ae6b043,fia-2018-aze-4fbe7e105140,grid_penalty,1,False,fia_incident_clock_single_lap_interval,2018-04-29T12:14:00+00:00,2018-04-29T12:15:00+00:00,False,unmatched,Sergio Perez,PER,Force India,8.0,3.0,Finished,False,51.0,1,1,fia_clock_participant_single_lap_interval,,9.0,,2.0,0,8,0,0,False,5,medium,pit_within_two_laps_of_candidate_incident|incident_lap_available,unknown,timing_screen_only_not_damage_evidence,pending_human_review,2018-aze Sergio Perez Force India race report damage collision puncture front wing floor retirement,site:formula1.com/en/latest 2018-aze Sergio Perez damage collision puncture pit stop retirement
4d68e73eecdb4bb03a4c,referral-000a36711d6e5f60,race_control_episode_candidate_pending_review,2018-aze,Race,7,affected,7|31,2,adj-2244116a8d1885ec,fia-2018-aze-3e59a6773794,no_further_action,1,False,fia_incident_clock_single_lap_interval,2018-04-29T12:14:00+00:00,2018-04-29T12:15:00+00:00,False,candidate_pending_review,Kimi Räikkönen,RAI,Ferrari,6.0,2.0,Finished,False,51.0,1,1,fia_clock_participant_single_lap_interval,,6.0,,1.0,0,8,0,8,False,5,medium,pit_within_two_laps_of_candidate_incident|incident_lap_available,unknown,timing_screen_only_not_damage_evidence,pending_human_review,2018-aze Kimi Räikkönen Ferrari race report damage collision puncture front wing floor retirement,site:formula1.com/en/latest 2018-aze Kimi Räikkönen damage collision puncture pit stop retirement
492f5e9332dfeaeaff45,referral-035f8d6260760de8,race_control_episode_candidate_pending_review,2018-aze,Race,9,accused,9|20,2,adj-cbb36a04e5932d9a,fia-2018-aze-23f8b0b5b715,time_penalty,1,False,fia_incident_clock_single_lap_interval,2018-04-29T12:14:00+00:00,2018-04-29T12:15:00+00:00,False,candidate_pending_review,Marcus Ericsson,ERI,Sauber,18.0,11.0,Finished,False,51.0,1,1,fia_clock_participant_single_lap_interval,,18.0,,1.0,0,8,0,8,False,5,medium,pit_within_two_laps_of_candidate_incident|incident_lap_available,unknown,timing_screen_only_not_damage_evidence,pending_human_review,2018-aze Marcus Ericsson Sauber race report damage collision puncture front wing floor retirement,site:formula1.com/en/latest 2018-aze Marcus Ericsson damage collision puncture pit stop retirement
b908bec03fbf0cbb3f3a,referral-035f8d6260760de8,race_control_episode_candidate_pending_review,2018-aze,Race,20,affected,9|20,2,adj-cbb36a04e5932d9a,fia-2018-aze-23f8b0b5b715,time_penalty,1,False,fia_incident_clock_single_lap_interval,2018-04-29T12:14:00+00:00,2018-04-29T12:15:00+00:00,False,candidate_pending_review,Kevin Magnussen,MAG,Haas F1 Team,15.0,13.0,Finished,False,51.0,1,1,fia_clock_participant_single_lap_interval,,17.0,,1.0,0,8,0,8,False,5,medium,pit_within_two_laps_of_candidate_incident|incident_lap_available,unknown,timing_screen_only_not_damage_evidence,pending_human_review,2018-aze Kevin Magnussen Haas F1 Team race report damage collision puncture front wing floor retirement,site:formula1.com/en/latest 2018-aze Kevin Magnussen damage collision puncture pit stop retirement
71ee79a9b357bc76c399,incident-src-dad7e6d1095a4d05,existing_incident_id,2018-bel,Race,35,affected,35|77,2,adj-dad7e6d1095a4d05,fia-2018-bel-5f9336c3c23e,time_penalty,1,False,fia_incident_clock_single_lap_interval,2018-08-26T13:13:00+00:00,2018-08-26T13:14:00+00:00,False,unmatched,Sergey Sirotkin,SIR,Williams,16.0,12.0,+1 Lap,False,43.0,1,1,fia_clock_participant_single_lap_interval,,10.0,,1.0,0,8,0,8,False,5,medium,pit_within_two_laps_of_candidate_incident|incident_lap_available,unknown,timing_screen_only_not_damage_evidence,pending_human_review,2018-bel Sergey Sirotkin Williams race report damage collision puncture front wing floor retirement,site:formula1.com/en/latest 2018-bel Sergey Sirotkin damage collision puncture pit stop retirement
00c15295b4b61843c426,incident-src-dad7e6d1095a4d05,existing_incident_id,2018-bel,Race,77,accused,35|77,2,adj-dad7e6d1095a4d05,fia-2018-bel-5f9336c3c23e,time_penalty,1,False,fia_incident_clock_single_lap_interval,2018-08-26T13:13:00+00:00,2018-08-26T13:14:00+00:00,False,unmatched,Valtteri Bottas,BOT,Mercedes,19.0,4.0,Finished,False,44.0,1,1,fia_clock_participant_single_lap_interval,,15.0,,1.0,0,8,0,8,False,5,medium,pit_within_two_laps_of_candidate_incident|incident_lap_available,unknown,timing_screen_only_not_damage_evidence,pending_human_review,2018-bel Valtteri Bottas Mercedes race report damage collision puncture front wing floor retirement,site:formula1.com/en/latest 2018-bel Valtteri Bottas damage collision puncture pit stop retirement
60ab83e03f455de762c6,referral-da0e54c0187d0fbe,race_control_episode_candidate_pending_review,2018-chn,Race,10,accused,10|28,2,adj-171323b01c7fd2e4,fia-2018-chn-ad3c0076d583,time_penalty,29,False,fia_incident_clock_single_lap_interval,2018-04-15T07:02:00+00:00,2018-04-15T07:03:00+00:00,False,high_confidence_algorithmic,Pierre Gasly,GAS,Toro Rosso,17.0,18.0,Finished,False,56.0,29,29,fia_clock_participant_single_lap_interval,19.0,17.0,-2.0,31.0,0,8,0,7,False,5,medium,pit_within_two_laps_of_candidate_incident|incident_lap_available,unknown,timing_screen_only_not_damage_evidence,pending_human_review,2018-chn Pierre Gasly Toro Rosso race report damage collision puncture front wing floor retirement,site:formula1.com/en/latest 2018-chn Pierre Gasly damage collision puncture pit stop retirement
7b771c26c4d9cddf9819,referral-3c69a1bc7c5f01a1,race_control_episode_candidate_pending_review,2018-fra,Race,5,accused,5|77,2,adj-2528c2aa99cc8fa3,fia-2018-fra-e65d0d06dbb7,time_penalty,1,False,fia_incident_clock_single_lap_interval,2018-06-24T14:13:00+00:00,2018-06-24T14:14:00+00:00,False,high_confidence_algorithmic,Sebastian Vettel,VET,Ferrari,3.0,5.0,Finished,False,53.0,1,1,fia_clock_participant_single_lap_interval,,17.0,,1.0,0,8,0,8,False,5,medium,pit_within_two_laps_of_candidate_incident|incident_lap_available,unknown,timing_screen_only_not_damage_evidence,pending_human_review,2018-fra Sebastian Vettel Ferrari race report damage collision puncture front wing floor retirement,site:formula1.com/en/latest 2018-fra Sebastian Vettel damage collision puncture pit stop retirement
1d253adfa47a9c481186,referral-3c69a1bc7c5f01a1,race_control_episode_candidate_pending_review,2018-fra,Race,77,affected,5|77,2,adj-2528c2aa99cc8fa3,fia-2018-fra-e65d0d06dbb7,time_penalty,1,False,fia_incident_clock_single_lap_interval,2018-06-24T14:13:00+00:00,2018-06-24T14:14:00+00:00,False,high_confidence_algorithmic,Valtteri Bottas,BOT,Mercedes,2.0,7.0,Finished,False,53.0,1,1,fia_clock_participant_single_lap_interval,,18.0,,1.0,0,8,0,8,False,5,medium,pit_within_two_laps_of_candidate_incident|incident_lap_available,unknown,timing_screen_only_not_damage_evidence,pending_human_review,2018-fra Valtteri Bottas Mercedes race report damage collision puncture front wing floor retirement,site:formula1.com/en/latest 2018-fra Valtteri Bottas damage collision puncture pit stop retirement
0c0559687a8ea05d82cf,referral-7eee0a9c2ce4a186,race_control_episode_candidate_pending_review,2018-ita,Race,5,accused_and_affected,5|44,2,adj-3d3f08ac55cefb43|adj-baf8a03a8e84a2b5,fia-2018-ita-46eec3615f40|fia-2018-ita-a3456e32915c,no_further_action,1,False,fia_incident_clock_single_lap_interval,2018-09-02T13:14:00+00:00,2018-09-02T13:15:00+00:00,False,candidate_pending_review,Sebastian Vettel,VET,Ferrari,2.0,4.0,Finished,False,53.0,1,1,fia_clock_participant_single_lap_interval,,18.0,,1.0,0,0,0,0,False,5,medium,pit_within_two_laps_of_candidate_incident|incident_lap_available,unknown,timing_screen_only_not_damage_evidence,pending_human_review,2018-ita Sebastian Vettel Ferrari race report damage collision puncture front wing floor retirement,site:formula1.com/en/latest 2018-ita Sebastian Vettel damage collision puncture pit stop retirement
b18804b8da774ba2cd2b,referral-dfd7834061de9145,race_control_episode_candidate_pending_review,2018-jpn,Race,20,affected,16|20,2,adj-00d141181cb75914,fia-2018-jpn-b456aafdefec,no_further_action,,False,unresolved,2018-10-07T05:15:00+00:00,2018-10-07T05:16:00+00:00,False,candidate_pending_review,Kevin Magnussen,MAG,Haas F1 Team,12.0,20.0,Collision damage,True,8.0,,1|2,fia_clock_participant_multi_lap_window,,,,,0,0,0,0,False,5,medium,damage_or_incident_retirement_status,unknown,timing_screen_only_not_damage_evidence,pending_human_review,2018-jpn Kevin Magnussen Haas F1 Team race report damage collision puncture front wing floor retirement,site:formula1.com/en/latest 2018-jpn Kevin Magnussen damage collision puncture pit stop retirement
7c041a2a0181685fbaad,referral-e9894fb0b2d999fc,race_control_episode_candidate_pending_review,2018-usa,Race,18,accused,14|18,2,adj-e7b2995ef053dcc6,fia-2018-usa-856ae8b1622a,drive_through,1,False,fia_incident_clock_single_lap_interval,2018-10-21T18:14:00+00:00,2018-10-21T18:15:00+00:00,False,candidate_pending_review,Lance Stroll,STR,Williams,15.0,14.0,+2 Laps,False,54.0,1,1,fia_clock_participant_single_lap_interval,,18.0,,1.0,0,8,0,8,False,5,medium,pit_within_two_laps_of_candidate_incident|incident_lap_available,unknown,timing_screen_only_not_damage_evidence,pending_human_review,2018-usa Lance Stroll Williams race report damage collision puncture front wing floor retirement,site:formula1.com/en/latest 2018-usa Lance Stroll damage collision puncture pit stop retirement
dfea5fce50a6e79190c6,referral-f3ce5a27bbc5073e,race_control_episode_candidate_pending_review,2019-bhr,Race,55,accused_and_affected,33|55,2,adj-5375e3c95251badb|adj-8f6c033b94586d1e,fia-2019-bhr-132a9d8aa9de|fia-2019-bhr-2a5a65873384,no_further_action,,False,unresolved,2019-03-31T15:18:00+00:00,2019-03-31T15:19:00+00:00,False,candidate_pending_review,Carlos Sainz,SAI,McLaren,7.0,19.0,Collision damage,True,53.0,,3|4,fia_clock_participant_multi_lap_window,,,,,0,0,0,0,False,5,medium,damage_or_incident_retirement_status,unknown,timing_screen_only_not_damage_evidence,pending_human_review,2019-bhr Carlos Sainz McLaren race report damage collision puncture front wing floor retirement,site:formula1.com/en/latest 2019-bhr Carlos Sainz damage collision puncture pit stop retirement
3103dfb37cd7d8fc08ec,referral-ce06795f0b16db3c,race_control_episode_candidate_pending_review,2019-bra,Race,5,accused_and_affected,5|16,2,adj-14f4d4ae4c61c0d1|adj-bb68ecdf3fcd7591,fia-2019-bra-0197a870d5b2|fia-2019-bra-38ee05c4fb59,no_further_action,,False,unresolved,2019-11-17T18:36:00+00:00,2019-11-17T18:37:00+00:00,False,candidate_pending_review,Sebastian Vettel,VET,Ferrari,2.0,17.0,Collision,True,65.0,,65|66,fia_clock_participant_multi_lap_window,,,,,0,0,0,0,False,5,medium,damage_or_incident_retirement_status,unknown,timing_screen_only_not_damage_evidence,pending_human_review,2019-bra Sebastian Vettel Ferrari race report damage collision puncture front wing floor retirement,site:formula1.com/en/latest 2019-bra Sebastian Vettel damage collision puncture pit stop retirement
8634e71497cadd133784,referral-ce06795f0b16db3c,race_control_episode_candidate_pending_review,2019-bra,Race,16,accused_and_affected,5|16,2,adj-14f4d4ae4c61c0d1|adj-bb68ecdf3fcd7591,fia-2019-bra-0197a870d5b2|fia-2019-bra-38ee05c4fb59,no_further_action,,False,unresolved,2019-11-17T18:36:00+00:00,2019-11-17T18:37:00+00:00,False,candidate_pending_review,Charles Leclerc,LEC,Ferrari,14.0,18.0,Collision,True,65.0,,65|66,fia_clock_participant_multi_lap_window,,,,,0,0,0,0,False,5,medium,damage_or_incident_retirement_status,unknown,timing_screen_only_not_damage_evidence,pending_human_review,2019-bra Charles Leclerc Ferrari race report damage collision puncture front wing floor retirement,site:formula1.com/en/latest 2019-bra Charles Leclerc damage collision puncture pit stop retirement
1ff44b8732db07a799ff,referral-3e6e7f3786f6d584,race_control_episode_candidate_pending_review,2019-esp,Race,4,accused_and_affected,4|18,2,adj-08067a85a17122aa|adj-93a2deb70e9576d9,fia-2019-esp-1de5310a284d|fia-2019-esp-c8e31ce09c58,no_further_action,,False,unresolved,2019-05-12T14:15:00+00:00,2019-05-12T14:16:00+00:00,False,candidate_pending_review,Lando Norris,NOR,McLaren,10.0,20.0,Collision,True,44.0,,44|45,fia_clock_participant_multi_lap_window,,,,,0,0,0,0,False,5,medium,damage_or_incident_retirement_status,unknown,timing_screen_only_not_damage_evidence,pending_human_review,2019-esp Lando Norris McLaren race report damage collision puncture front wing floor retirement,site:formula1.com/en/latest 2019-esp Lando Norris damage collision puncture pit stop retirement
6db4fe1deb14f719dc44,referral-3e6e7f3786f6d584,race_control_episode_candidate_pending_review,2019-esp,Race,18,accused_and_affected,4|18,2,adj-08067a85a17122aa|adj-93a2deb70e9576d9,fia-2019-esp-1de5310a284d|fia-2019-esp-c8e31ce09c58,no_further_action,,False,unresolved,2019-05-12T14:15:00+00:00,2019-05-12T14:16:00+00:00,False,candidate_pending_review,Lance Stroll,STR,Racing Point,16.0,19.0,Collision,True,44.0,,44|45,fia_clock_participant_multi_lap_window,,,,,0,0,0,0,False,5,medium,damage_or_incident_retirement_status,unknown,timing_screen_only_not_damage_evidence,pending_human_review,2019-esp Lance Stroll Racing Point race report damage collision puncture front wing floor retirement,site:formula1.com/en/latest 2019-esp Lance Stroll damage collision puncture pit stop retirement
ebc1bdfe8272bd6aca66,referral-f400bd65ec68bae4,race_control_episode_candidate_pending_review,2019-jpn,Race,16,accused_and_affected,16|33,2,adj-44686757f581c309|adj-634036e33dc05333,fia-2019-jpn-4a022963168d|fia-2019-jpn-9be40f8bba4d,no_further_action|time_penalty,1,False,model_reviewed_source_or_timing,2019-10-13T05:13:00+00:00,2019-10-13T05:14:00+00:00,False,high_confidence_algorithmic,Charles Leclerc,LEC,Ferrari,2.0,6.0,+1 Lap,False,51.0,1,1,fia_clock_participant_single_lap_interval,,3.0,,3.0,0,8,0,8,False,5,medium,pit_within_two_laps_of_candidate_incident|incident_lap_available,unknown,timing_screen_only_not_damage_evidence,pending_human_review,2019-jpn Charles Leclerc Ferrari race report damage collision puncture front wing floor retirement,site:formula1.com/en/latest 2019-jpn Charles Leclerc damage collision puncture pit stop retirement
73d59ea714b74d92bc8e,referral-5fdbc018f02e34db,race_control_episode_candidate_pending_review,2019-sgp,Race,8,accused_and_affected,8|63,2,adj-46676d59c4b4733c|adj-cde123f133b0c826,fia-2019-sgp-6c9e26d4cab3|fia-2019-sgp-6db2310a0bec,no_further_action,35,False,fia_incident_clock_single_lap_interval,2019-09-22T13:17:00+00:00,2019-09-22T13:18:00+00:00,False,candidate_pending_review,Romain Grosjean,GRO,Haas F1 Team,17.0,11.0,Finished,False,61.0,35,35,fia_clock_participant_single_lap_interval,18.0,16.0,-2.0,35.0,8,8,8,8,True,5,medium,pit_within_two_laps_of_candidate_incident|incident_lap_available,unknown,timing_screen_only_not_damage_evidence,pending_human_review,2019-sgp Romain Grosjean Haas F1 Team race report damage collision puncture front wing floor retirement,site:formula1.com/en/latest 2019-sgp Romain Grosjean damage collision puncture pit stop retirement
c8a6528eb880903810c2,referral-ab30fc15c6ead7d4,race_control_episode_candidate_pending_review,2019-sgp,Race,7,accused_and_affected,7|26,2,adj-90a21a4d4da139bd|adj-dc7143e62d2b209e,fia-2019-sgp-4f116694a24c|fia-2019-sgp-ab76599fc615,no_further_action,,False,unresolved,2019-09-22T13:50:00+00:00,2019-09-22T13:51:00+00:00,False,candidate_pending_review,Kimi Räikkönen,RAI,Alfa Romeo Racing,12.0,18.0,Collision,True,49.0,,49|50,fia_clock_participant_multi_lap_window,,,,,0,0,0,0,False,5,medium,damage_or_incident_retirement_status,unknown,timing_screen_only_not_damage_evidence,pending_human_review,2019-sgp Kimi Räikkönen Alfa Romeo Racing race report damage collision puncture front wing floor retirement,site:formula1.com/en/latest 2019-sgp Kimi Räikkönen damage collision puncture pit stop retirement
1d1919e9e2a859569f4f,referral-f9b1803598cb0ff8,race_control_episode_candidate_pending_review,2019-sgp,Race,27,accused_and_affected,27|55,2,adj-2863482e9bf6ad20|adj-a7bd7c94072cc013,fia-2019-sgp-d456f4419d4f|fia-2019-sgp-e6c461804492,no_further_action,1,False,model_reviewed_source_or_timing,2019-09-22T12:10:00+00:00,2019-09-22T12:11:00+00:00,False,high_confidence_algorithmic,Nico Hulkenberg,HUL,Renault,8.0,9.0,Finished,False,61.0,1,1,fia_clock_participant_single_lap_interval,,18.0,,1.0,0,8,0,8,False,5,medium,pit_within_two_laps_of_candidate_incident|incident_lap_available,unknown,timing_screen_only_not_damage_evidence,pending_human_review,2019-sgp Nico Hulkenberg Renault race report damage collision puncture front wing floor retirement,site:formula1.com/en/latest 2019-sgp Nico Hulkenberg damage collision puncture pit stop retirement
554dfe9fc88be01c609e,referral-f9b1803598cb0ff8,race_control_episode_candidate_pending_review,2019-sgp,Race,55,accused_and_affected,27|55,2,adj-2863482e9bf6ad20|adj-a7bd7c94072cc013,fia-2019-sgp-d456f4419d4f|fia-2019-sgp-e6c461804492,no_further_action,1,False,model_reviewed_source_or_timing,2019-09-22T12:10:00+00:00,2019-09-22T12:11:00+00:00,False,high_confidence_algorithmic,Carlos Sainz,SAI,McLaren,7.0,12.0,Finished,False,61.0,1,1,fia_clock_participant_single_lap_interval,,20.0,,1.0,0,8,0,8,False,5,medium,pit_within_two_laps_of_candidate_incident|incident_lap_available,unknown,timing_screen_only_not_damage_evidence,pending_human_review,2019-sgp Carlos Sainz McLaren race report damage collision puncture front wing floor retirement,site:formula1.com/en/latest 2019-sgp Carlos Sainz damage collision puncture pit stop retirement
819972ec934f0ab518c4,referral-693d171ad0182cef,race_control_episode_candidate_pending_review,2019-usa,Race,23,accused,23|55,2,adj-8fa5a7f8737d47e9,fia-2019-usa-e8891601d008,no_further_action,1,False,model_reviewed_source_or_timing,2019-11-03T19:13:00+00:00,2019-11-03T19:14:00+00:00,False,candidate_pending_review,Alexander Albon,ALB,Red Bull Racing,6.0,5.0,Finished,False,56.0,1,1,fia_clock_participant_single_lap_interval,,11.0,,1.0,0,8,0,8,False,5,medium,pit_within_two_laps_of_candidate_incident|incident_lap_available,unknown,timing_screen_only_not_damage_evidence,pending_human_review,2019-usa Alexander Albon Red Bull Racing race report damage collision puncture front wing floor retirement,site:formula1.com/en/latest 2019-usa Alexander Albon damage collision puncture pit stop retirement
0208ef0c723e176f359d,referral-24694eab8506551b,race_control_episode_candidate_pending_review,2020-gbr,Race,20,affected,20|23,2,adj-fcd4a7df5c2a7599,fia-2020-gbr-319c8c2d52b9,time_penalty,,False,unresolved,2020-08-02T13:15:00+00:00,2020-08-02T13:16:00+00:00,False,high_confidence_algorithmic,Kevin Magnussen,MAG,Haas F1 Team,14.0,19.0,Collision,True,1.0,,1|2,fia_clock_participant_multi_lap_window,,,,,0,0,0,0,False,5,medium,damage_or_incident_retirement_status,unknown,timing_screen_only_not_damage_evidence,pending_human_review,2020-gbr Kevin Magnussen Haas F1 Team race report damage collision puncture front wing floor retirement,site:formula1.com/en/latest 2020-gbr Kevin Magnussen damage collision puncture pit stop retirement
92b4bdca901d07d3c0e4,referral-a82360ea8c04197a,race_control_episode_candidate_pending_review,2020-por,Race,18,accused,4|18,2,adj-51812139587add7e,fia-2020-por-69db98466a96,time_penalty,,False,unresolved,2020-10-25T13:37:00+00:00,2020-10-25T13:38:00+00:00,False,high_confidence_algorithmic,Lance Stroll,STR,Racing Point,12.0,20.0,Collision damage,True,51.0,,17|18,fia_clock_participant_multi_lap_window,,,,,0,0,0,0,False,5,medium,damage_or_incident_retirement_status,unknown,timing_screen_only_not_damage_evidence,pending_human_review,2020-por Lance Stroll Racing Point race report damage collision puncture front wing floor retirement,site:formula1.com/en/latest 2020-por Lance Stroll damage collision puncture pit stop retirement
e4e80edd7a3d26cbc1b6,referral-7ad1cab1827db0a6,race_control_episode_candidate_pending_review,2021-emi,Race,63,accused,63|77,2,adj-7ff377c3d8f5c74c,fia-2021-emi-ac5240ba7d02,no_further_action,,False,unresolved,2021-04-18T13:54:00+00:00,2021-04-18T13:55:00+00:00,False,candidate_pending_review,George Russell,RUS,Williams,12.0,19.0,Collision,True,30.0,,30|31,fia_clock_participant_multi_lap_window,,,,,0,0,0,0,False,5,medium,damage_or_incident_retirement_status,unknown,timing_screen_only_not_damage_evidence,pending_human_review,2021-emi George Russell Williams race report damage collision puncture front wing floor retirement,site:formula1.com/en/latest 2021-emi George Russell damage collision puncture pit stop retirement
7cbaaffc5742fb12fee0,referral-7ad1cab1827db0a6,race_control_episode_candidate_pending_review,2021-emi,Race,77,affected,63|77,2,adj-7ff377c3d8f5c74c,fia-2021-emi-ac5240ba7d02,no_further_action,,False,unresolved,2021-04-18T13:54:00+00:00,2021-04-18T13:55:00+00:00,False,candidate_pending_review,Valtteri Bottas,BOT,Mercedes,8.0,18.0,Collision,True,30.0,,30|31,fia_clock_participant_multi_lap_window,,,,,0,0,0,0,False,5,medium,damage_or_incident_retirement_status,unknown,timing_screen_only_not_damage_evidence,pending_human_review,2021-emi Valtteri Bottas Mercedes race report damage collision puncture front wing floor retirement,site:formula1.com/en/latest 2021-emi Valtteri Bottas damage collision puncture pit stop retirement
d086308771def4c68ebd,referral-a520c9f861b21016,race_control_episode_candidate_pending_review,2021-gbr,Race,44,accused,33|44,2,adj-a02457481a461185,fia-2021-gbr-2edd347d5de5,time_penalty,1,False,fia_incident_clock_single_lap_interval,2021-07-18T14:04:00+00:00,2021-07-18T14:05:00+00:00,False,high_confidence_algorithmic,Lewis Hamilton,HAM,Mercedes,2.0,1.0,Finished,False,52.0,1,1,fia_clock_participant_single_lap_interval,,2.0,,2.0,0,8,0,8,False,5,medium,pit_within_two_laps_of_candidate_incident|incident_lap_available,unknown,timing_screen_only_not_damage_evidence,pending_human_review,2021-gbr Lewis Hamilton Mercedes race report damage collision puncture front wing floor retirement,site:formula1.com/en/latest 2021-gbr Lewis Hamilton damage collision puncture pit stop retirement
ddabc5a0559e1bbc0bda,incident-src-1b5a174b1f09dff2,existing_incident_id,2021-ita,Race,33,accused,33|44,2,adj-1b5a174b1f09dff2,fia-2021-ita-d726c5d4355d,grid_penalty,,False,unresolved,2021-09-12T14:10:00+00:00,2021-09-12T14:11:00+00:00,False,ambiguous_pending_review,Max Verstappen,VER,Red Bull Racing,1.0,18.0,Collision,True,25.0,,,unresolved,,,,,0,0,0,0,False,5,medium,damage_or_incident_retirement_status,unknown,timing_screen_only_not_damage_evidence,pending_human_review,2021-ita Max Verstappen Red Bull Racing race report damage collision puncture front wing floor retirement,site:formula1.com/en/latest 2021-ita Max Verstappen damage collision puncture pit stop retirement
20384b3adf8a7a5ac263,incident-src-1b5a174b1f09dff2,existing_incident_id,2021-ita,Race,44,affected,33|44,2,adj-1b5a174b1f09dff2,fia-2021-ita-d726c5d4355d,grid_penalty,,False,unresolved,2021-09-12T14:10:00+00:00,2021-09-12T14:11:00+00:00,False,ambiguous_pending_review,Lewis Hamilton,HAM,Mercedes,4.0,17.0,Collision,True,25.0,,,unresolved,,,,,0,0,0,0,False,5,medium,damage_or_incident_retirement_status,unknown,timing_screen_only_not_damage_evidence,pending_human_review,2021-ita Lewis Hamilton Mercedes race report damage collision puncture front wing floor retirement,site:formula1.com/en/latest 2021-ita Lewis Hamilton damage collision puncture pit stop retirement
906dcca9d39d920b1695,referral-fda2f5daee08c946,race_control_episode_candidate_pending_review,2021-rus,Race,10,affected,10|18,2,adj-a2fb74b22534188a,fia-2021-rus-cc74bb905576,time_penalty,48,False,fia_incident_clock_single_lap_interval,2021-09-26T13:25:00+00:00,2021-09-26T13:26:00+00:00,False,candidate_pending_review,Pierre Gasly,GAS,AlphaTauri,11.0,13.0,+1 Lap,False,52.0,48,48,fia_clock_participant_single_lap_interval,12.0,11.0,-1.0,50.0,8,2,8,1,False,5,medium,pit_within_two_laps_of_candidate_incident|incident_lap_available,unknown,timing_screen_only_not_damage_evidence,pending_human_review,2021-rus Pierre Gasly AlphaTauri race report damage collision puncture front wing floor retirement,site:formula1.com/en/latest 2021-rus Pierre Gasly damage collision puncture pit stop retirement
a60b07309c4fcac710af,referral-fda2f5daee08c946,race_control_episode_candidate_pending_review,2021-rus,Race,18,accused,10|18,2,adj-a2fb74b22534188a,fia-2021-rus-cc74bb905576,time_penalty,48,False,fia_incident_clock_single_lap_interval,2021-09-26T13:25:00+00:00,2021-09-26T13:26:00+00:00,False,candidate_pending_review,Lance Stroll,STR,Aston Martin,7.0,11.0,Finished,False,53.0,48,48,fia_clock_participant_single_lap_interval,10.0,12.0,2.0,48.0,8,2,8,1,False,5,medium,pit_within_two_laps_of_candidate_incident|incident_lap_available,unknown,timing_screen_only_not_damage_evidence,pending_human_review,2021-rus Lance Stroll Aston Martin race report damage collision puncture front wing floor retirement,site:formula1.com/en/latest 2021-rus Lance Stroll damage collision puncture pit stop retirement
7456d5760c4d98f9d8c9,referral-cdea3e9a077a3888,race_control_episode_candidate_pending_review,2021-sao,Race,18,affected,18|22,2,adj-3036462c60f0a464,fia-2021-sao-2a5ecda10fa1,time_penalty,,False,unresolved,2021-11-14T17:06:00+00:00,2021-11-14T17:07:00+00:00,False,candidate_pending_review,Lance Stroll,STR,Aston Martin,14.0,20.0,Collision damage,True,47.0,,3|4,fia_clock_participant_multi_lap_window,,,,,0,0,0,0,False,5,medium,damage_or_incident_retirement_status,unknown,timing_screen_only_not_damage_evidence,pending_human_review,2021-sao Lance Stroll Aston Martin race report damage collision puncture front wing floor retirement,site:formula1.com/en/latest 2021-sao Lance Stroll damage collision puncture pit stop retirement
9eff0887d55d10d371b3,incident-src-f21c53526f851c56,existing_incident_id,2021-sau,Race,16,affected,11|16,2,adj-f21c53526f851c56,fia-2021-sau-d305cebeff15,no_further_action,15,False,fia_incident_clock_single_lap_interval,2021-12-05T18:19:00+00:00,2021-12-05T18:20:00+00:00,False,unmatched,Charles Leclerc,LEC,Ferrari,4.0,7.0,Finished,False,50.0,15,15,fia_clock_participant_single_lap_interval,6.0,7.0,1.0,15.0,8,8,7,8,True,5,medium,pit_within_two_laps_of_candidate_incident|incident_lap_available,unknown,timing_screen_only_not_damage_evidence,pending_human_review,2021-sau Charles Leclerc Ferrari race report damage collision puncture front wing floor retirement,site:formula1.com/en/latest 2021-sau Charles Leclerc damage collision puncture pit stop retirement
0166d391f750615d9d0b,referral-46569a2fef4fbfcf,race_control_episode_candidate_pending_review,2021-sau,Race,5,affected,5|22,2,adj-d7f3f0f646ff62ac,fia-2021-sau-df60d44ca35e,time_penalty,,False,unresolved,2021-12-05T18:54:00+00:00,2021-12-05T18:55:00+00:00,False,high_confidence_algorithmic,Sebastian Vettel,VET,Aston Martin,17.0,16.0,Collision damage,True,44.0,,22|23,fia_clock_participant_multi_lap_window,,,,,0,0,0,0,False,5,medium,damage_or_incident_retirement_status,unknown,timing_screen_only_not_damage_evidence,pending_human_review,2021-sau Sebastian Vettel Aston Martin race report damage collision puncture front wing floor retirement,site:formula1.com/en/latest 2021-sau Sebastian Vettel damage collision puncture pit stop retirement
89eced0779a560522141,referral-48f6a987a8ba4306,race_control_episode_candidate_pending_review,2022-esp,Race,10,accused,10|18,2,adj-b1443a946b9a7bc7,fia-2022-esp-9eba7bd2599a,time_penalty,27,False,fia_incident_clock_single_lap_interval,2022-05-22T13:43:00+00:00,2022-05-22T13:44:00+00:00,False,high_confidence_algorithmic,Pierre Gasly,GAS,AlphaTauri,14.0,13.0,+1 Lap,False,65.0,27,27,fia_clock_participant_single_lap_interval,14.0,14.0,0.0,29.0,8,8,8,6,True,5,medium,pit_within_two_laps_of_candidate_incident|incident_lap_available,unknown,timing_screen_only_not_damage_evidence,pending_human_review,2022-esp Pierre Gasly AlphaTauri race report damage collision puncture front wing floor retirement,site:formula1.com/en/latest 2022-esp Pierre Gasly damage collision puncture pit stop retirement
68b74a2f654d0e84d02c,referral-48f6a987a8ba4306,race_control_episode_candidate_pending_review,2022-esp,Race,18,affected,10|18,2,adj-b1443a946b9a7bc7,fia-2022-esp-9eba7bd2599a,time_penalty,27,False,fia_incident_clock_single_lap_interval,2022-05-22T13:43:00+00:00,2022-05-22T13:44:00+00:00,False,high_confidence_algorithmic,Lance Stroll,STR,Aston Martin,17.0,15.0,+1 Lap,False,65.0,27,27,fia_clock_participant_single_lap_interval,15.0,17.0,2.0,27.0,8,8,6,8,True,5,medium,pit_within_two_laps_of_candidate_incident|incident_lap_available,unknown,timing_screen_only_not_damage_evidence,pending_human_review,2022-esp Lance Stroll Aston Martin race report damage collision puncture front wing floor retirement,site:formula1.com/en/latest 2022-esp Lance Stroll damage collision puncture pit stop retirement
7b4a98e87e38d6adfd12,referral-835ba4919b26bf62,race_control_episode_candidate_pending_review,2022-fra,Race,22,affected,22|31,2,adj-895a772a98e8bd31,fia-2022-fra-5b00af9baee5,time_penalty,,False,unresolved,,,False,high_confidence_algorithmic,Yuki Tsunoda,TSU,AlphaTauri,8.0,20.0,Undertray,True,17.0,,,unresolved,,,,,0,0,0,0,False,5,medium,damage_or_incident_retirement_status,unknown,timing_screen_only_not_damage_evidence,pending_human_review,2022-fra Yuki Tsunoda AlphaTauri race report damage collision puncture front wing floor retirement,site:formula1.com/en/latest 2022-fra Yuki Tsunoda damage collision puncture pit stop retirement
9ae2bfbca4ef9809e789,referral-876de9dc1b18ea7b,race_control_episode_candidate_pending_review,2022-mia,Race,10,affected,10|14,2,adj-03184f34ac76878c,fia-2022-mia-4865bb704728,time_penalty,,False,unresolved,2022-05-08T20:34:00+00:00,2022-05-08T20:35:00+00:00,False,high_confidence_algorithmic,Pierre Gasly,GAS,AlphaTauri,7.0,18.0,Suspension,True,45.0,,38|39,fia_clock_participant_multi_lap_window,,,,,0,0,0,0,False,5,medium,damage_or_incident_retirement_status,unknown,timing_screen_only_not_damage_evidence,pending_human_review,2022-mia Pierre Gasly AlphaTauri race report damage collision puncture front wing floor retirement,site:formula1.com/en/latest 2022-mia Pierre Gasly damage collision puncture pit stop retirement
42c8946ba9feb5d6c3d5,referral-3ca551749339034b,race_control_episode_candidate_pending_review,2022-sau,Race,23,accused,18|23,2,adj-3baf9aacecb5c6e5,fia-2022-sau-626edbbd5a3a,grid_penalty,48,False,model_reviewed_source_or_timing,2022-03-27T18:24:00+00:00,2022-03-27T18:25:00+00:00,False,high_confidence_algorithmic,Alexander Albon,ALB,Williams,16.0,14.0,Collision damage,True,47.0,,47|48,fia_clock_participant_multi_lap_window,,,,,0,0,0,0,False,5,medium,damage_or_incident_retirement_status,unknown,timing_screen_only_not_damage_evidence,pending_human_review,2022-sau Alexander Albon Williams race report damage collision puncture front wing floor retirement,site:formula1.com/en/latest 2022-sau Alexander Albon damage collision puncture pit stop retirement
744517791e3bd951efdc,referral-e92e90fa3199292b,race_control_episode_candidate_pending_review,2023-abu,Race,10,affected,10|44,2,adj-2dbfd4a2eafd6834,fia-2023-abu-61d6bbfe959e,no_further_action,15,False,fia_incident_clock_single_lap_interval,2023-11-26T13:25:00+00:00,2023-11-26T13:26:00+00:00,False,high_confidence_algorithmic,Pierre Gasly,GAS,Alpine,10.0,13.0,Finished,False,58.0,15,15,fia_clock_participant_single_lap_interval,7.0,5.0,-2.0,17.0,8,8,8,7,True,5,medium,pit_within_two_laps_of_candidate_incident|incident_lap_available,unknown,timing_screen_only_not_damage_evidence,pending_human_review,2023-abu Pierre Gasly Alpine race report damage collision puncture front wing floor retirement,site:formula1.com/en/latest 2023-abu Pierre Gasly damage collision puncture pit stop retirement
607d3665a9c295af8fae,referral-e92e90fa3199292b,race_control_episode_candidate_pending_review,2023-abu,Race,44,accused,10|44,2,adj-2dbfd4a2eafd6834,fia-2023-abu-61d6bbfe959e,no_further_action,15,False,fia_incident_clock_single_lap_interval,2023-11-26T13:25:00+00:00,2023-11-26T13:26:00+00:00,False,high_confidence_algorithmic,Lewis Hamilton,HAM,Mercedes,11.0,9.0,Finished,False,58.0,15,15,fia_clock_participant_single_lap_interval,8.0,7.0,-1.0,15.0,8,8,7,8,True,5,medium,pit_within_two_laps_of_candidate_incident|incident_lap_available,unknown,timing_screen_only_not_damage_evidence,pending_human_review,2023-abu Lewis Hamilton Mercedes race report damage collision puncture front wing floor retirement,site:formula1.com/en/latest 2023-abu Lewis Hamilton damage collision puncture pit stop retirement
d5f589a2eb608a7016f2,referral-a2c81b2c894dcee9,race_control_episode_candidate_pending_review,2023-aus,Race,10,accused_and_affected,10|31,2,adj-3ccb9c1bd9cedb01|adj-90197ab5c6f59cb7,fia-2023-aus-0144b2323236|fia-2023-aus-500bb4f284ba,no_further_action,,False,unresolved,2023-04-02T07:00:00+00:00,2023-04-02T07:01:00+00:00,False,high_confidence_algorithmic,Pierre Gasly,GAS,Alpine,9.0,13.0,Retired,True,56.0,,56|57,fia_clock_participant_multi_lap_window,,,,,0,0,0,0,False,5,medium,damage_or_incident_retirement_status,unknown,timing_screen_only_not_damage_evidence,pending_human_review,2023-aus Pierre Gasly Alpine race report damage collision puncture front wing floor retirement,site:formula1.com/en/latest 2023-aus Pierre Gasly damage collision puncture pit stop retirement
9998b1aed873eb97ef93,referral-a2c81b2c894dcee9,race_control_episode_candidate_pending_review,2023-aus,Race,31,accused_and_affected,10|31,2,adj-3ccb9c1bd9cedb01|adj-90197ab5c6f59cb7,fia-2023-aus-0144b2323236|fia-2023-aus-500bb4f284ba,no_further_action,,False,unresolved,2023-04-02T07:00:00+00:00,2023-04-02T07:01:00+00:00,False,high_confidence_algorithmic,Esteban Ocon,OCO,Alpine,11.0,14.0,Retired,True,56.0,,56|57,fia_clock_participant_multi_lap_window,,,,,0,0,0,0,False,5,medium,damage_or_incident_retirement_status,unknown,timing_screen_only_not_damage_evidence,pending_human_review,2023-aus Esteban Ocon Alpine race report damage collision puncture front wing floor retirement,site:formula1.com/en/latest 2023-aus Esteban Ocon damage collision puncture pit stop retirement
869efe03dd4502b93581,referral-c8d807c438aeb7eb,race_control_episode_candidate_pending_review,2023-bel,Sprint,11,affected,11|44,2,adj-776c2086c0a9c6de,fia-2023-bel-114852357eb8,time_penalty,,False,unresolved,2023-07-29T16:05:00+00:00,2023-07-29T16:06:00+00:00,False,high_confidence_algorithmic,Sergio Perez,PER,Red Bull Racing,8.0,19.0,Collision damage,True,8.0,,6|7,fia_clock_participant_multi_lap_window,,,,,0,0,0,0,False,5,medium,damage_or_incident_retirement_status,unknown,timing_screen_only_not_damage_evidence,pending_human_review,2023-bel Sergio Perez Red Bull Racing race report damage collision puncture front wing floor retirement,site:formula1.com/en/latest 2023-bel Sergio Perez damage collision puncture pit stop retirement
858e5173017b39907a8e,referral-242ae7ad2fc0cf31,race_control_episode_candidate_pending_review,2023-gbr,Race,10,affected,10|18,2,adj-f17f068e5fcade97,fia-2023-gbr-c357ab019929,time_penalty,,False,unresolved,2023-07-09T15:18:00+00:00,2023-07-09T15:19:00+00:00,False,high_confidence_algorithmic,Pierre Gasly,GAS,Alpine,10.0,18.0,Retired,True,46.0,,45|46,fia_clock_participant_multi_lap_window,,,,,0,0,0,0,False,5,medium,damage_or_incident_retirement_status,unknown,timing_screen_only_not_damage_evidence,pending_human_review,2023-gbr Pierre Gasly Alpine race report damage collision puncture front wing floor retirement,site:formula1.com/en/latest 2023-gbr Pierre Gasly damage collision puncture pit stop retirement
8326e6c3b239e018677d,referral-34475639550d3206,race_control_episode_candidate_pending_review,2023-ita,Race,81,affected,44|81,2,adj-aa926d6db0e47df5,fia-2023-ita-c07ce16b4e46,time_penalty,41,False,fia_incident_clock_single_lap_interval,2023-09-03T14:22:00+00:00,2023-09-03T14:23:00+00:00,False,high_confidence_algorithmic,Oscar Piastri,PIA,McLaren,7.0,12.0,Finished,False,51.0,41,41,fia_clock_participant_single_lap_interval,8.0,10.0,2.0,41.0,8,8,8,8,True,5,medium,pit_within_two_laps_of_candidate_incident|incident_lap_available,unknown,timing_screen_only_not_damage_evidence,pending_human_review,2023-ita Oscar Piastri McLaren race report damage collision puncture front wing floor retirement,site:formula1.com/en/latest 2023-ita Oscar Piastri damage collision puncture pit stop retirement
a273d3fc06c1e841309a,referral-6ec078881720fbf5,race_control_episode_candidate_pending_review,2023-lvs,Race,1,affected,1|63,2,adj-13ca9edd8c45db6f,fia-2023-lvs-a4a270ae6fd0,time_penalty,25,False,fia_incident_clock_single_lap_interval,2023-11-19T06:49:00+00:00,2023-11-19T06:50:00+00:00,False,high_confidence_algorithmic,Max Verstappen,VER,Red Bull Racing,2.0,1.0,Finished,False,50.0,25,25,fia_clock_participant_single_lap_interval,5.0,4.0,-1.0,26.0,8,8,8,8,True,5,medium,pit_within_two_laps_of_candidate_incident|incident_lap_available,unknown,timing_screen_only_not_damage_evidence,pending_human_review,2023-lvs Max Verstappen Red Bull Racing race report damage collision puncture front wing floor retirement,site:formula1.com/en/latest 2023-lvs Max Verstappen damage collision puncture pit stop retirement
cf1666e958fb8a5b10df,referral-6ec078881720fbf5,race_control_episode_candidate_pending_review,2023-lvs,Race,63,accused,1|63,2,adj-13ca9edd8c45db6f,fia-2023-lvs-a4a270ae6fd0,time_penalty,25,False,fia_incident_clock_single_lap_interval,2023-11-19T06:49:00+00:00,2023-11-19T06:50:00+00:00,False,high_confidence_algorithmic,George Russell,RUS,Mercedes,3.0,8.0,Finished,False,50.0,25,25,fia_clock_participant_single_lap_interval,4.0,5.0,1.0,26.0,8,8,6,8,True,5,medium,pit_within_two_laps_of_candidate_incident|incident_lap_available,unknown,timing_screen_only_not_damage_evidence,pending_human_review,2023-lvs George Russell Mercedes race report damage collision puncture front wing floor retirement,site:formula1.com/en/latest 2023-lvs George Russell damage collision puncture pit stop retirement
5009d6f65371fda160e8,referral-4e46caea8d8ce0ce,race_control_episode_candidate_pending_review,2023-mco,Race,27,accused,2|27,2,adj-dddf2d8d47ab0fc0,fia-2023-mco-4b0df1c86e92,time_penalty,1,False,fia_incident_clock_single_lap_interval,2023-05-28T13:03:00+00:00,2023-05-28T13:04:00+00:00,False,candidate_pending_review,Nico Hulkenberg,HUL,Haas F1 Team,18.0,17.0,Lapped,False,76.0,1,1,fia_clock_participant_single_lap_interval,,20.0,,1.0,0,8,0,8,False,5,medium,pit_within_two_laps_of_candidate_incident|incident_lap_available,unknown,timing_screen_only_not_damage_evidence,pending_human_review,2023-mco Nico Hulkenberg Haas F1 Team race report damage collision puncture front wing floor retirement,site:formula1.com/en/latest 2023-mco Nico Hulkenberg damage collision puncture pit stop retirement
1544c8b2e6c27828868a,referral-03dadc373d8e923f,race_control_episode_candidate_pending_review,2023-qat,Race,63,affected,44|63,2,adj-f5b1f1c51a022137,fia-2023-qat-04250e16f5a2,no_further_action,1,False,model_reviewed_source_or_timing,2023-10-08T17:03:00+00:00,2023-10-08T17:04:00+00:00,False,high_confidence_algorithmic,George Russell,RUS,Mercedes,2.0,4.0,Finished,False,57.0,1,1,fia_clock_participant_single_lap_interval,,18.0,,1.0,0,8,0,0,False,5,medium,pit_within_two_laps_of_candidate_incident|incident_lap_available,unknown,timing_screen_only_not_damage_evidence,pending_human_review,2023-qat George Russell Mercedes race report damage collision puncture front wing floor retirement,site:formula1.com/en/latest 2023-qat George Russell damage collision puncture pit stop retirement
116a6e53af94500dd2d3,referral-9c8afbecf39abe74,race_control_episode_candidate_pending_review,2024-chn,Race,3,affected,3|18,2,adj-a3a2dc88b46fb907,fia-2024-chn-e03c15c85429,time_penalty,,False,unresolved,2024-04-21T07:51:00+00:00,2024-04-21T07:52:00+00:00,False,high_confidence_algorithmic,Daniel Ricciardo,RIC,RB,12.0,18.0,Retired,True,33.0,,26|27,fia_clock_participant_multi_lap_window,,,,,0,0,0,0,False,5,medium,damage_or_incident_retirement_status,unknown,timing_screen_only_not_damage_evidence,pending_human_review,2024-chn Daniel Ricciardo RB race report damage collision puncture front wing floor retirement,site:formula1.com/en/latest 2024-chn Daniel Ricciardo damage collision puncture pit stop retirement
43f0b43176423941e25f,referral-18b28ee33d7d4967,race_control_episode_candidate_pending_review,2024-ita,Race,22,affected,22|27,2,adj-98bfaa1af9372654,fia-2024-ita-5562671d826a,time_penalty,,False,unresolved,2024-09-01T13:09:00+00:00,2024-09-01T13:10:00+00:00,False,high_confidence_algorithmic,Yuki Tsunoda,TSU,RB,16.0,20.0,Retired,True,7.0,,4|5,fia_clock_participant_multi_lap_window,,,,,0,0,0,0,False,5,medium,damage_or_incident_retirement_status,unknown,timing_screen_only_not_damage_evidence,pending_human_review,2024-ita Yuki Tsunoda RB race report damage collision puncture front wing floor retirement,site:formula1.com/en/latest 2024-ita Yuki Tsunoda damage collision puncture pit stop retirement
40ca05f28ff1d7c1ac83,incident-src-6ea8c11583ab4051,existing_incident_id,2024-mco,Race,10,affected,10|31,2,adj-6ea8c11583ab4051,fia-2024-mco-8f89aba81bd5,grid_penalty,1,False,fia_incident_clock_single_lap_interval,2024-05-26T13:04:00+00:00,2024-05-26T13:05:00+00:00,False,ambiguous_pending_review,Pierre Gasly,GAS,Alpine,10.0,10.0,Lapped,False,77.0,1,1,fia_clock_participant_single_lap_interval,,10.0,,1.0,0,8,0,0,False,5,medium,pit_within_two_laps_of_candidate_incident|incident_lap_available,unknown,timing_screen_only_not_damage_evidence,pending_human_review,2024-mco Pierre Gasly Alpine race report damage collision puncture front wing floor retirement,site:formula1.com/en/latest 2024-mco Pierre Gasly damage collision puncture pit stop retirement
2844f7c79a43b79ef756,incident-src-c66b11904508fc88,existing_incident_id,2024-mex,Race,30,affected,30|43,2,adj-c66b11904508fc88,fia-2024-mex-c52d53ba8a48,time_penalty,65,False,fia_incident_clock_single_lap_interval,2024-10-27T21:37:00+00:00,2024-10-27T21:38:00+00:00,False,ambiguous_pending_review,Liam Lawson,LAW,RB,12.0,16.0,Lapped,False,70.0,65,65,fia_clock_participant_single_lap_interval,12.0,13.0,1.0,65.0,8,4,0,0,False,5,medium,pit_within_two_laps_of_candidate_incident|incident_lap_available,unknown,timing_screen_only_not_damage_evidence,pending_human_review,2024-mex Liam Lawson RB race report damage collision puncture front wing floor retirement,site:formula1.com/en/latest 2024-mex Liam Lawson damage collision puncture pit stop retirement
b454373a619c5f487402,referral-b8e78a86fa8cc024,race_control_episode_candidate_pending_review,2024-mia,Race,2,affected,2|20,2,adj-1e58e40badf7452a,fia-2024-mia-bb1a3715e072,time_penalty,,False,unresolved,2024-05-05T20:46:00+00:00,2024-05-05T20:47:00+00:00,False,high_confidence_algorithmic,Logan Sargeant,SAR,Williams,17.0,20.0,Retired,True,27.0,,27|28,fia_clock_participant_multi_lap_window,,,,,0,0,0,0,False,5,medium,damage_or_incident_retirement_status,unknown,timing_screen_only_not_damage_evidence,pending_human_review,2024-mia Logan Sargeant Williams race report damage collision puncture front wing floor retirement,site:formula1.com/en/latest 2024-mia Logan Sargeant damage collision puncture pit stop retirement
3a3d4d40ddf3f2443869,referral-f8ec31dc5b84851c,race_control_episode_candidate_pending_review,2025-aut,Race,22,accused,22|43,2,adj-1651c96225ee4d5c,fia-2025-aut-41aebded7db6,time_penalty,30,False,fia_incident_clock_single_lap_interval,2025-06-29T13:55:00+00:00,2025-06-29T13:56:00+00:00,False,high_confidence_algorithmic,Yuki Tsunoda,TSU,Red Bull Racing,18.0,16.0,Lapped,False,68.0,30,30,fia_clock_participant_single_lap_interval,14.0,14.0,0.0,30.0,8,8,0,0,False,5,medium,pit_within_two_laps_of_candidate_incident|incident_lap_available,unknown,timing_screen_only_not_damage_evidence,pending_human_review,2025-aut Yuki Tsunoda Red Bull Racing race report damage collision puncture front wing floor retirement,site:formula1.com/en/latest 2025-aut Yuki Tsunoda damage collision puncture pit stop retirement
75ee29dd59ba5b9e426b,referral-d74c2a82eb30d908,race_control_episode_candidate_pending_review,2025-bhr,Race,18,affected,18|30,2,adj-f343c8d3c1915d9d,fia-2025-bhr-732dd8183412,time_penalty,32,False,fia_incident_clock_single_lap_interval,2025-04-13T15:56:00+00:00,2025-04-13T15:57:00+00:00,False,high_confidence_algorithmic,Lance Stroll,STR,Aston Martin,19.0,17.0,Finished,False,57.0,32,32,fia_clock_participant_single_lap_interval,16.0,17.0,1.0,32.0,8,8,8,8,True,5,medium,pit_within_two_laps_of_candidate_incident|incident_lap_available,unknown,timing_screen_only_not_damage_evidence,pending_human_review,2025-bhr Lance Stroll Aston Martin race report damage collision puncture front wing floor retirement,site:formula1.com/en/latest 2025-bhr Lance Stroll damage collision puncture pit stop retirement
911f87d075fb5bf8216e,referral-d74c2a82eb30d908,race_control_episode_candidate_pending_review,2025-bhr,Race,30,accused,18|30,2,adj-f343c8d3c1915d9d,fia-2025-bhr-732dd8183412,time_penalty,32,False,fia_incident_clock_single_lap_interval,2025-04-13T15:56:00+00:00,2025-04-13T15:57:00+00:00,False,high_confidence_algorithmic,Liam Lawson,LAW,Racing Bulls,17.0,16.0,Finished,False,57.0,32,32,fia_clock_participant_single_lap_interval,17.0,16.0,-1.0,32.0,8,8,6,8,True,5,medium,pit_within_two_laps_of_candidate_incident|incident_lap_available,unknown,timing_screen_only_not_damage_evidence,pending_human_review,2025-bhr Liam Lawson Racing Bulls race report damage collision puncture front wing floor retirement,site:formula1.com/en/latest 2025-bhr Liam Lawson damage collision puncture pit stop retirement
203ea4e98a0d3a65da20,referral-f49e8069307abb3e,race_control_episode_candidate_pending_review,2025-can,Race,4,accused,4|81,2,adj-bfdfb2effacad54c,fia-2025-can-acdc79e65cc6,time_penalty,,False,unresolved,2025-06-15T19:27:00+00:00,2025-06-15T19:28:00+00:00,False,candidate_pending_review,Lando Norris,NOR,McLaren,7.0,18.0,Retired,True,66.0,,66|67,fia_clock_participant_multi_lap_window,,,,,0,0,0,0,False,5,medium,damage_or_incident_retirement_status,unknown,timing_screen_only_not_damage_evidence,pending_human_review,2025-can Lando Norris McLaren race report damage collision puncture front wing floor retirement,site:formula1.com/en/latest 2025-can Lando Norris damage collision puncture pit stop retirement
d543b6ec1b1a77cc96ad,referral-b715f3583bfd8d4d,race_control_episode_candidate_pending_review,2025-lvs,Race,23,accused,23|44,2,adj-3970a605781c9f8e,fia-2025-lvs-9874a99bc7cd,time_penalty,,False,unresolved,2025-11-23T04:26:00+00:00,2025-11-23T04:27:00+00:00,False,high_confidence_algorithmic,Alexander Albon,ALB,Williams,16.0,16.0,Retired,True,35.0,,13|14,fia_clock_participant_multi_lap_window,,,,,0,0,0,0,False,5,medium,damage_or_incident_retirement_status,unknown,timing_screen_only_not_damage_evidence,pending_human_review,2025-lvs Alexander Albon Williams race report damage collision puncture front wing floor retirement,site:formula1.com/en/latest 2025-lvs Alexander Albon damage collision puncture pit stop retirement
570f3eeb15d225022159,referral-95d155f18c866d43,race_control_episode_candidate_pending_review,2025-mco,Race,10,accused,10|22,2,adj-7d5059e7588e17a9,fia-2025-mco-b201d5cbcdc6,reprimand,,False,unresolved,2025-05-25T13:14:00+00:00,2025-05-25T13:15:00+00:00,False,candidate_pending_review,Pierre Gasly,GAS,Alpine,17.0,20.0,Retired,True,7.0,,7|8,fia_clock_participant_multi_lap_window,,,,,0,0,0,0,False,5,medium,damage_or_incident_retirement_status,unknown,timing_screen_only_not_damage_evidence,pending_human_review,2025-mco Pierre Gasly Alpine race report damage collision puncture front wing floor retirement,site:formula1.com/en/latest 2025-mco Pierre Gasly damage collision puncture pit stop retirement
e6d30df0db0273c1806b,incident-src-7a6e06b6a58ea9bf,existing_incident_id,2025-ned,Race,16,accused,16|63,2,adj-7a6e06b6a58ea9bf,fia-2025-ned-bebf98c3f2bf,no_further_action,,False,unresolved,2025-08-31T13:46:00+00:00,2025-08-31T13:47:00+00:00,False,ambiguous_pending_review,Charles Leclerc,LEC,Ferrari,6.0,19.0,Retired,True,52.0,,32|33,fia_clock_participant_multi_lap_window,,,,,0,0,0,0,False,5,medium,damage_or_incident_retirement_status,unknown,timing_screen_only_not_damage_evidence,pending_human_review,2025-ned Charles Leclerc Ferrari race report damage collision puncture front wing floor retirement,site:formula1.com/en/latest 2025-ned Charles Leclerc damage collision puncture pit stop retirement
bd78ac58dfe8bbc92376,incident-src-8f0780dbba4e36af,existing_incident_id,2025-ned,Race,16,affected,16|63,2,adj-8f0780dbba4e36af,fia-2025-ned-93b5218acb32,no_further_action,,False,unresolved,2025-08-31T13:46:00+00:00,2025-08-31T13:47:00+00:00,False,ambiguous_pending_review,Charles Leclerc,LEC,Ferrari,6.0,19.0,Retired,True,52.0,,32|33,fia_clock_participant_multi_lap_window,,,,,0,0,0,0,False,5,medium,damage_or_incident_retirement_status,unknown,timing_screen_only_not_damage_evidence,pending_human_review,2025-ned Charles Leclerc Ferrari race report damage collision puncture front wing floor retirement,site:formula1.com/en/latest 2025-ned Charles Leclerc damage collision puncture pit stop retirement
0b76a2a411e5cbb3845e,referral-aa5b2e3498a65c01,race_control_episode_candidate_pending_review,2025-qat,Race,27,accused,10|27,2,adj-b5568820681da36b,fia-2025-qat-78837a554fcb,no_further_action,,False,unresolved,2025-11-30T16:12:00+00:00,2025-11-30T16:13:00+00:00,False,high_confidence_algorithmic,Nico Hulkenberg,HUL,Kick Sauber,11.0,20.0,Retired,True,6.0,,6|7,fia_clock_participant_multi_lap_window,,,,,0,0,0,0,False,5,medium,damage_or_incident_retirement_status,unknown,timing_screen_only_not_damage_evidence,pending_human_review,2025-qat Nico Hulkenberg Kick Sauber race report damage collision puncture front wing floor retirement,site:formula1.com/en/latest 2025-qat Nico Hulkenberg damage collision puncture pit stop retirement
4b04cb60fa502d9027cd,referral-6ad7e4165a21d44e,race_control_episode_candidate_pending_review,2025-sao,Race,44,accused,43|44,2,adj-ae58e3cecb00d019,fia-2025-sao-8b59704b34d7,time_penalty,2,False,model_reviewed_source_or_timing,2025-11-09T17:04:00+00:00,2025-11-09T17:05:00+00:00,False,high_confidence_algorithmic,Lewis Hamilton,HAM,Ferrari,13.0,18.0,Retired,True,37.0,,1|2,fia_clock_participant_multi_lap_window,,,,,0,0,0,0,False,5,medium,damage_or_incident_retirement_status,unknown,timing_screen_only_not_damage_evidence,pending_human_review,2025-sao Lewis Hamilton Ferrari race report damage collision puncture front wing floor retirement,site:formula1.com/en/latest 2025-sao Lewis Hamilton damage collision puncture pit stop retirement
5abbe4c3d89a4a115c32,referral-1e360c2dff8943be,race_control_episode_candidate_pending_review,2025-usa,Sprint,18,accused,18|31,2,adj-671ecdc75433b5c4,fia-2025-usa-e36053ba7969,grid_penalty,,False,unresolved,2025-10-18T17:32:00+00:00,2025-10-18T17:33:00+00:00,False,high_confidence_algorithmic,Lance Stroll,STR,Aston Martin,14.0,17.0,Retired,True,15.0,,15|16,fia_clock_participant_multi_lap_window,,,,,0,0,0,0,False,5,medium,damage_or_incident_retirement_status,unknown,timing_screen_only_not_damage_evidence,pending_human_review,2025-usa Lance Stroll Aston Martin race report damage collision puncture front wing floor retirement,site:formula1.com/en/latest 2025-usa Lance Stroll damage collision puncture pit stop retirement
b429a1988bb5812ce10f,referral-1e360c2dff8943be,race_control_episode_candidate_pending_review,2025-usa,Sprint,31,affected,18|31,2,adj-671ecdc75433b5c4,fia-2025-usa-e36053ba7969,grid_penalty,,False,unresolved,2025-10-18T17:32:00+00:00,2025-10-18T17:33:00+00:00,False,high_confidence_algorithmic,Esteban Ocon,OCO,Haas F1 Team,19.0,16.0,Retired,True,15.0,,15|16,fia_clock_participant_multi_lap_window,,,,,0,0,0,0,False,5,medium,damage_or_incident_retirement_status,unknown,timing_screen_only_not_damage_evidence,pending_human_review,2025-usa Esteban Ocon Haas F1 Team race report damage collision puncture front wing floor retirement,site:formula1.com/en/latest 2025-usa Esteban Ocon damage collision puncture pit stop retirement
850643748b29670a48ed,incident-src-9fe86942c422bf75,existing_incident_id,2018-esp,Race,20,affected,8|10|20|27,4,adj-9fe86942c422bf75,fia-2018-esp-231d287cafcd,grid_penalty,1,False,fia_incident_clock_single_lap_interval,2018-05-13T13:13:00+00:00,2018-05-13T13:14:00+00:00,False,unmatched,Kevin Magnussen,MAG,Haas F1 Team,7.0,6.0,+1 Lap,False,65.0,1,1,fia_clock_participant_single_lap_interval,,7.0,,,0,8,0,0,False,4,medium,incident_lap_available|multi_car_incident,unknown,timing_screen_only_not_damage_evidence,pending_human_review,2018-esp Kevin Magnussen Haas F1 Team race report damage collision puncture front wing floor retirement,site:formula1.com/en/latest 2018-esp Kevin Magnussen damage collision puncture pit stop retirement
b1d9f5b3d414fd37bcac,incident-src-ee4d64c6c65cfaa2,existing_incident_id,2018-jpn,Race,5,accused,5|33,2,adj-ee4d64c6c65cfaa2,fia-2018-jpn-81677672dab7,no_further_action,8,False,fia_incident_clock_single_lap_interval,2018-10-07T05:28:00+00:00,2018-10-07T05:29:00+00:00,False,ambiguous_pending_review,Sebastian Vettel,VET,Ferrari,8.0,6.0,Finished,False,53.0,8,8,fia_clock_participant_single_lap_interval,4.0,19.0,15.0,,2,8,2,8,False,4,medium,incident_lap_available|observed_drop_of_three_or_more_positions,unknown,timing_screen_only_not_damage_evidence,pending_human_review,2018-jpn Sebastian Vettel Ferrari race report damage collision puncture front wing floor retirement,site:formula1.com/en/latest 2018-jpn Sebastian Vettel damage collision puncture pit stop retirement
f91812934be1b6f535a2,referral-8bae9b55f0749bef,race_control_episode_candidate_pending_review,2019-bra,Race,23,affected,23|44,2,adj-7a979b9c5e405e83,fia-2019-bra-810d6e70c069,time_penalty,70,False,fia_incident_clock_single_lap_interval,2019-11-17T18:44:00+00:00,2019-11-17T18:45:00+00:00,False,candidate_pending_review,Alexander Albon,ALB,Red Bull Racing,5.0,14.0,Finished,False,71.0,70,70,fia_clock_participant_single_lap_interval,2.0,15.0,13.0,,8,1,8,1,False,4,medium,incident_lap_available|observed_drop_of_three_or_more_positions,unknown,timing_screen_only_not_damage_evidence,pending_human_review,2019-bra Alexander Albon Red Bull Racing race report damage collision puncture front wing floor retirement,site:formula1.com/en/latest 2019-bra Alexander Albon damage collision puncture pit stop retirement
ef773bb514282262fbdb,referral-8eaeadc8694923f5,race_control_episode_candidate_pending_review,2019-bra,Race,20,affected,3|20,2,adj-75ad7140f56a82b0,fia-2019-bra-b956905dbc4f,time_penalty,8,False,fia_incident_clock_single_lap_interval,2019-11-17T17:22:00+00:00,2019-11-17T17:23:00+00:00,False,candidate_pending_review,Kevin Magnussen,MAG,Haas F1 Team,9.0,11.0,Finished,False,71.0,8,8,fia_clock_participant_single_lap_interval,13.0,19.0,6.0,,3,8,3,8,False,4,medium,incident_lap_available|observed_drop_of_three_or_more_positions,unknown,timing_screen_only_not_damage_evidence,pending_human_review,2019-bra Kevin Magnussen Haas F1 Team race report damage collision puncture front wing floor retirement,site:formula1.com/en/latest 2019-bra Kevin Magnussen damage collision puncture pit stop retirement
27cdd82ae04f19f0ff36,referral-768f90a84f2bf19b,race_control_episode_candidate_pending_review,2019-ita,Race,18,affected,5|18,2,adj-0a2995f1d6aad572,fia-2019-ita-5d8bd476d009,stop_go,6,False,fia_incident_clock_single_lap_interval,2019-09-08T13:21:00+00:00,2019-09-08T13:22:00+00:00,False,high_confidence_algorithmic,Lance Stroll,STR,Racing Point,9.0,12.0,+1 Lap,False,52.0,6,6,fia_clock_participant_single_lap_interval,7.0,12.0,5.0,,3,8,3,8,False,4,medium,incident_lap_available|observed_drop_of_three_or_more_positions,unknown,timing_screen_only_not_damage_evidence,pending_human_review,2019-ita Lance Stroll Racing Point race report damage collision puncture front wing floor retirement,site:formula1.com/en/latest 2019-ita Lance Stroll damage collision puncture pit stop retirement
a8c5a1907f526064be02,referral-3c7899a89e98a80f,race_control_episode_candidate_pending_review,2019-mco,Race,88,affected,88|99,2,adj-d5ff9f7e1e5e3e46,fia-2019-mco-8441c7d5dbef,time_penalty,15,False,fia_incident_clock_single_lap_interval,2019-05-26T13:34:00+00:00,2019-05-26T13:35:00+00:00,False,high_confidence_algorithmic,Robert Kubica,KUB,Williams,20.0,18.0,+1 Lap,False,77.0,15,15,fia_clock_participant_single_lap_interval,15.0,18.0,3.0,,5,8,5,7,True,4,medium,incident_lap_available|observed_drop_of_three_or_more_positions,unknown,timing_screen_only_not_damage_evidence,pending_human_review,2019-mco Robert Kubica Williams race report damage collision puncture front wing floor retirement,site:formula1.com/en/latest 2019-mco Robert Kubica damage collision puncture pit stop retirement
fefd3cd245f08c3320a0,referral-3c7899a89e98a80f,race_control_episode_candidate_pending_review,2019-mco,Race,99,accused,88|99,2,adj-d5ff9f7e1e5e3e46,fia-2019-mco-8441c7d5dbef,time_penalty,15,False,fia_incident_clock_single_lap_interval,2019-05-26T13:34:00+00:00,2019-05-26T13:35:00+00:00,False,high_confidence_algorithmic,Antonio Giovinazzi,GIO,Alfa Romeo Racing,18.0,19.0,+2 Laps,False,76.0,15,15,fia_clock_participant_single_lap_interval,16.0,20.0,4.0,,5,8,5,7,True,4,medium,incident_lap_available|observed_drop_of_three_or_more_positions,unknown,timing_screen_only_not_damage_evidence,pending_human_review,2019-mco Antonio Giovinazzi Alfa Romeo Racing race report damage collision puncture front wing floor retirement,site:formula1.com/en/latest 2019-mco Antonio Giovinazzi damage collision puncture pit stop retirement
c19f31157331007a9d1e,referral-c369b6c3f1ce4353,race_control_episode_candidate_pending_review,2020-bhr,Race,16,affected,16|18|26,3,adj-f43e6ce41cf9c965,fia-2020-bhr-5b520e69cfdd,time_penalty,3,False,fia_incident_clock_single_lap_interval,2020-11-29T15:40:00+00:00,2020-11-29T15:41:00+00:00,False,high_confidence_algorithmic,Charles Leclerc,LEC,Ferrari,12.0,10.0,+1 Lap,False,56.0,3,3,fia_clock_participant_single_lap_interval,12.0,8.0,-4.0,,0,8,0,8,False,4,medium,incident_lap_available|multi_car_incident,unknown,timing_screen_only_not_damage_evidence,pending_human_review,2020-bhr Charles Leclerc Ferrari race report damage collision puncture front wing floor retirement,site:formula1.com/en/latest 2020-bhr Charles Leclerc damage collision puncture pit stop retirement
421569da2f06f82a4378,referral-c369b6c3f1ce4353,race_control_episode_candidate_pending_review,2020-bhr,Race,26,accused,16|18|26,3,adj-f43e6ce41cf9c965,fia-2020-bhr-5b520e69cfdd,time_penalty,3,False,fia_incident_clock_single_lap_interval,2020-11-29T15:40:00+00:00,2020-11-29T15:41:00+00:00,False,high_confidence_algorithmic,Daniil Kvyat,KVY,AlphaTauri,10.0,11.0,+1 Lap,False,56.0,3,3,fia_clock_participant_single_lap_interval,15.0,12.0,-3.0,,0,8,0,8,False,4,medium,incident_lap_available|multi_car_incident,unknown,timing_screen_only_not_damage_evidence,pending_human_review,2020-bhr Daniil Kvyat AlphaTauri race report damage collision puncture front wing floor retirement,site:formula1.com/en/latest 2020-bhr Daniil Kvyat damage collision puncture pit stop retirement
b7f944e39247d6a6f343,referral-3168b0e2e5a515c1,race_control_episode_candidate_pending_review,2020-tus,Race,8,accused_and_affected,7|8|10|16|33,5,adj-3bbbd293cbbdc303|adj-ca80459eed6f3310|adj-d8273ef853fc3e35|adj-fe001d9ef4550a20,fia-2020-tus-3299714baba8|fia-2020-tus-65bfe923f953|fia-2020-tus-8b2908d46c54|fia-2020-tus-8f4aa7153d82,no_further_action,1,False,fia_incident_clock_single_lap_interval,2020-09-13T13:14:00+00:00,2020-09-13T13:15:00+00:00,False,candidate_pending_review,Romain Grosjean,GRO,Haas F1 Team,15.0,12.0,Finished,False,59.0,1,1,fia_clock_participant_single_lap_interval,,17.0,,,0,8,0,0,False,4,medium,incident_lap_available|multi_car_incident,unknown,timing_screen_only_not_damage_evidence,pending_human_review,2020-tus Romain Grosjean Haas F1 Team race report damage collision puncture front wing floor retirement,site:formula1.com/en/latest 2020-tus Romain Grosjean damage collision puncture pit stop retirement
fc29807975640455021d,referral-3168b0e2e5a515c1,race_control_episode_candidate_pending_review,2020-tus,Race,16,affected,7|8|10|16|33,5,adj-3bbbd293cbbdc303|adj-ca80459eed6f3310|adj-d8273ef853fc3e35|adj-fe001d9ef4550a20,fia-2020-tus-3299714baba8|fia-2020-tus-65bfe923f953|fia-2020-tus-8b2908d46c54|fia-2020-tus-8f4aa7153d82,no_further_action,1,False,fia_incident_clock_single_lap_interval,2020-09-13T13:14:00+00:00,2020-09-13T13:15:00+00:00,False,candidate_pending_review,Charles Leclerc,LEC,Ferrari,5.0,8.0,Finished,False,59.0,1,1,fia_clock_participant_single_lap_interval,,3.0,,,0,8,0,8,False,4,medium,incident_lap_available|multi_car_incident,unknown,timing_screen_only_not_damage_evidence,pending_human_review,2020-tus Charles Leclerc Ferrari race report damage collision puncture front wing floor retirement,site:formula1.com/en/latest 2020-tus Charles Leclerc damage collision puncture pit stop retirement
77e91eeeca16f63ab11d,referral-07ba0521d047f4a1,race_control_episode_candidate_pending_review,2021-aut,Race,7,accused,5|7,2,adj-777fb475fb7ad14e,fia-2021-aut-5bb9fcd0e3b6,drive_through,70,False,fia_incident_clock_single_lap_interval,2021-07-04T14:26:00+00:00,2021-07-04T14:27:00+00:00,False,high_confidence_algorithmic,Kimi Räikkönen,RAI,Alfa Romeo Racing,16.0,15.0,+1 Lap,False,70.0,70,70,fia_clock_participant_single_lap_interval,12.0,16.0,4.0,,8,0,8,0,False,4,medium,incident_lap_available|observed_drop_of_three_or_more_positions,unknown,timing_screen_only_not_damage_evidence,pending_human_review,2021-aut Kimi Räikkönen Alfa Romeo Racing race report damage collision puncture front wing floor retirement,site:formula1.com/en/latest 2021-aut Kimi Räikkönen damage collision puncture pit stop retirement
3682cdb1be2880fa1af5,referral-36e92eadd8444450,race_control_episode_candidate_pending_review,2022-gbr,Race,22,accused,10|22,2,adj-2f0e84f6cc910eed,fia-2022-gbr-81e6a9badf51,time_penalty,11,False,fia_incident_clock_single_lap_interval,2022-07-03T15:13:00+00:00,2022-07-03T15:14:00+00:00,False,high_confidence_algorithmic,Yuki Tsunoda,TSU,AlphaTauri,13.0,14.0,Finished,False,52.0,11,11,fia_clock_participant_single_lap_interval,8.0,15.0,7.0,,8,8,8,6,True,4,medium,incident_lap_available|observed_drop_of_three_or_more_positions,unknown,timing_screen_only_not_damage_evidence,pending_human_review,2022-gbr Yuki Tsunoda AlphaTauri race report damage collision puncture front wing floor retirement,site:formula1.com/en/latest 2022-gbr Yuki Tsunoda damage collision puncture pit stop retirement
3a6d254ad8b5efe7279b,referral-b56ea8038f408086,race_control_episode_candidate_pending_review,2022-hun,Race,3,accused,3|18,2,adj-4a51b4c5ae3b893d,fia-2022-hun-3dec8ba58233,time_penalty,47,False,fia_incident_clock_single_lap_interval,2022-07-31T14:10:00+00:00,2022-07-31T14:11:00+00:00,False,high_confidence_algorithmic,Daniel Ricciardo,RIC,McLaren,9.0,15.0,+1 Lap,False,69.0,47,47,fia_clock_participant_single_lap_interval,8.0,11.0,3.0,,8,8,6,8,True,4,medium,incident_lap_available|observed_drop_of_three_or_more_positions,unknown,timing_screen_only_not_damage_evidence,pending_human_review,2022-hun Daniel Ricciardo McLaren race report damage collision puncture front wing floor retirement,site:formula1.com/en/latest 2022-hun Daniel Ricciardo damage collision puncture pit stop retirement
9ec6e9af5e03bb98ad89,referral-b56ea8038f408086,race_control_episode_candidate_pending_review,2022-hun,Race,18,affected,3|18,2,adj-4a51b4c5ae3b893d,fia-2022-hun-3dec8ba58233,time_penalty,47,False,fia_incident_clock_single_lap_interval,2022-07-31T14:10:00+00:00,2022-07-31T14:11:00+00:00,False,high_confidence_algorithmic,Lance Stroll,STR,Aston Martin,14.0,11.0,+1 Lap,False,69.0,47,47,fia_clock_participant_single_lap_interval,9.0,13.0,4.0,,8,8,8,8,True,4,medium,incident_lap_available|observed_drop_of_three_or_more_positions,unknown,timing_screen_only_not_damage_evidence,pending_human_review,2022-hun Lance Stroll Aston Martin race report damage collision puncture front wing floor retirement,site:formula1.com/en/latest 2022-hun Lance Stroll damage collision puncture pit stop retirement
fdad77b143c3dd5aafdb,referral-1634cab5349707ea,race_control_episode_candidate_pending_review,2022-mia,Race,47,accused_and_affected,5|20|47,3,adj-73fce9170579e36d|adj-accee74fb15b4fa6,fia-2022-mia-604f9861a2a2|fia-2022-mia-f80da2ca1128,no_further_action,48,False,fia_incident_clock_single_lap_interval,2022-05-08T20:53:00+00:00,2022-05-08T20:54:00+00:00,False,high_confidence_algorithmic,Mick Schumacher,MSC,Haas F1 Team,15.0,15.0,Finished,False,57.0,48,48,fia_clock_participant_single_lap_interval,9.0,9.0,0.0,,8,6,8,5,True,4,medium,incident_lap_available|multi_car_incident,unknown,timing_screen_only_not_damage_evidence,pending_human_review,2022-mia Mick Schumacher Haas F1 Team race report damage collision puncture front wing floor retirement,site:formula1.com/en/latest 2022-mia Mick Schumacher damage collision puncture pit stop retirement
e704ee28c2b838f5372c,referral-ab5ecffd4b1f535b,race_control_episode_candidate_pending_review,2022-mia,Race,18,accused_and_affected,18|20,2,adj-28c62e2652e40363|adj-d7bbf8b8f5834a44|adj-ec1cbeb429741336,fia-2022-mia-200cbc833915|fia-2022-mia-2f9a772ddfb1|fia-2022-mia-36df1eeb5c9c,no_further_action|time_penalty,47,False,fia_incident_clock_single_lap_interval|unresolved,,,True,high_confidence_algorithmic,Lance Stroll,STR,Aston Martin,0.0,10.0,Finished,False,57.0,47,,adjudication_lap_candidate,12.0,15.0,3.0,,8,8,8,6,True,4,medium,incident_lap_available|observed_drop_of_three_or_more_positions,unknown,timing_screen_only_not_damage_evidence,pending_human_review,2022-mia Lance Stroll Aston Martin race report damage collision puncture front wing floor retirement,site:formula1.com/en/latest 2022-mia Lance Stroll damage collision puncture pit stop retirement
6bc2f55ab0146d5704c4,referral-4533a764cb46f7af,race_control_episode_candidate_pending_review,2024-sao,Race,50,accused,43|50,2,adj-dc9490802ee7ddff,fia-2024-sao-b822c02eabd2,time_penalty,4,False,fia_incident_clock_single_lap_interval,2024-11-03T15:55:00+00:00,2024-11-03T15:56:00+00:00,False,high_confidence_algorithmic,Oliver Bearman,BEA,Haas F1 Team,15.0,12.0,Finished,False,69.0,4,4,fia_clock_participant_single_lap_interval,13.0,17.0,4.0,,2,8,2,8,False,4,medium,incident_lap_available|observed_drop_of_three_or_more_positions,unknown,timing_screen_only_not_damage_evidence,pending_human_review,2024-sao Oliver Bearman Haas F1 Team race report damage collision puncture front wing floor retirement,site:formula1.com/en/latest 2024-sao Oliver Bearman damage collision puncture pit stop retirement
e921e39e54c229c22753,referral-5dcd77f0eab66ae4,race_control_episode_candidate_pending_review,2025-aut,Race,30,affected,1|12|30,3,adj-dc3cbf1b2175e95d,fia-2025-aut-1b2cf15490ab,grid_penalty,1,False,model_reviewed_source_or_timing,2025-06-29T13:18:00+00:00,2025-06-29T13:19:00+00:00,False,candidate_pending_review,Liam Lawson,LAW,Racing Bulls,6.0,6.0,Finished,False,70.0,1,1,fia_clock_participant_single_lap_interval,,9.0,,,0,8,0,8,False,4,medium,incident_lap_available|multi_car_incident,unknown,timing_screen_only_not_damage_evidence,pending_human_review,2025-aut Liam Lawson Racing Bulls race report damage collision puncture front wing floor retirement,site:formula1.com/en/latest 2025-aut Liam Lawson damage collision puncture pit stop retirement
4f1525dedd44f56503f3,referral-8fb16f079cf7e00b,race_control_episode_candidate_pending_review,2025-aze,Race,43,affected,23|43,2,adj-94d8c357c79994c4,fia-2025-aze-0d1070d6a1c6,time_penalty,17,False,fia_incident_clock_single_lap_interval,2025-09-21T11:37:00+00:00,2025-09-21T11:38:00+00:00,False,high_confidence_algorithmic,Franco Colapinto,COL,Alpine,16.0,19.0,Lapped,False,50.0,17,17,fia_clock_participant_single_lap_interval,16.0,19.0,3.0,,8,8,8,8,True,4,medium,incident_lap_available|observed_drop_of_three_or_more_positions,unknown,timing_screen_only_not_damage_evidence,pending_human_review,2025-aze Franco Colapinto Alpine race report damage collision puncture front wing floor retirement,site:formula1.com/en/latest 2025-aze Franco Colapinto damage collision puncture pit stop retirement
f0eb520ebd38055e959a,referral-f5b0ef6d99d368fc,race_control_episode_candidate_pending_review,2025-esp,Race,30,accused,23|30|87,3,adj-6a1ad4e004abe2f1|adj-fd11a3e24a70c2a4,fia-2025-esp-34abd90169ab|fia-2025-esp-f89ab19eeac5,no_further_action,31,False,fia_incident_clock_single_lap_interval|unresolved,,,True,high_confidence_algorithmic,Liam Lawson,LAW,Racing Bulls,13.0,11.0,Finished,False,66.0,31,,adjudication_lap_candidate,12.0,12.0,0.0,,8,8,8,8,True,4,medium,incident_lap_available|multi_car_incident,unknown,timing_screen_only_not_damage_evidence,pending_human_review,2025-esp Liam Lawson Racing Bulls race report damage collision puncture front wing floor retirement,site:formula1.com/en/latest 2025-esp Liam Lawson damage collision puncture pit stop retirement
e03dd04d9c263efbf768,referral-f5b0ef6d99d368fc,race_control_episode_candidate_pending_review,2025-esp,Race,87,affected,23|30|87,3,adj-6a1ad4e004abe2f1|adj-fd11a3e24a70c2a4,fia-2025-esp-34abd90169ab|fia-2025-esp-f89ab19eeac5,no_further_action,31,False,fia_incident_clock_single_lap_interval|unresolved,,,True,high_confidence_algorithmic,Oliver Bearman,BEA,Haas F1 Team,14.0,17.0,Finished,False,66.0,31,,adjudication_lap_candidate,11.0,11.0,0.0,,8,8,8,8,True,4,medium,incident_lap_available|multi_car_incident,unknown,timing_screen_only_not_damage_evidence,pending_human_review,2025-esp Oliver Bearman Haas F1 Team race report damage collision puncture front wing floor retirement,site:formula1.com/en/latest 2025-esp Oliver Bearman damage collision puncture pit stop retirement
f405f1245ddd7ef5147d,referral-39687112b09e6548,race_control_episode_candidate_pending_review,2025-gbr,Race,31,accused_and_affected,31|87,2,adj-42e27716f0b6e748|adj-73480aa892b4963c,fia-2025-gbr-b43775ce7468|fia-2025-gbr-bde5afff8b9e,no_further_action,43,False,fia_incident_clock_single_lap_interval,2025-07-06T15:27:00+00:00,2025-07-06T15:28:00+00:00,False,candidate_pending_review,Esteban Ocon,OCO,Haas F1 Team,14.0,13.0,Finished,False,52.0,43,43,fia_clock_participant_single_lap_interval,7.0,13.0,6.0,,8,8,7,8,True,4,medium,incident_lap_available|observed_drop_of_three_or_more_positions,unknown,timing_screen_only_not_damage_evidence,pending_human_review,2025-gbr Esteban Ocon Haas F1 Team race report damage collision puncture front wing floor retirement,site:formula1.com/en/latest 2025-gbr Esteban Ocon damage collision puncture pit stop retirement
b004d1fdc99ef54a4735,referral-299f74f832c44e98,race_control_episode_candidate_pending_review,2025-lvs,Race,55,affected,30|55|63|81,4,adj-2c6f2f495e380077,fia-2025-lvs-930d412442e7,no_further_action,1,False,model_reviewed_source_or_timing,2025-11-23T04:04:00+00:00,2025-11-23T04:05:00+00:00,False,high_confidence_algorithmic,Carlos Sainz,SAI,Williams,3.0,5.0,Finished,False,50.0,1,1,fia_clock_participant_single_lap_interval,,4.0,,,0,8,0,8,False,4,medium,incident_lap_available|multi_car_incident,unknown,timing_screen_only_not_damage_evidence,pending_human_review,2025-lvs Carlos Sainz Williams race report damage collision puncture front wing floor retirement,site:formula1.com/en/latest 2025-lvs Carlos Sainz damage collision puncture pit stop retirement
f85c26c84d14d57f4283,referral-299f74f832c44e98,race_control_episode_candidate_pending_review,2025-lvs,Race,63,affected,30|55|63|81,4,adj-2c6f2f495e380077,fia-2025-lvs-930d412442e7,no_further_action,1,False,model_reviewed_source_or_timing,2025-11-23T04:04:00+00:00,2025-11-23T04:05:00+00:00,False,high_confidence_algorithmic,George Russell,RUS,Mercedes,4.0,2.0,Finished,False,50.0,1,1,fia_clock_participant_single_lap_interval,,2.0,,,0,8,0,8,False,4,medium,incident_lap_available|multi_car_incident,unknown,timing_screen_only_not_damage_evidence,pending_human_review,2025-lvs George Russell Mercedes race report damage collision puncture front wing floor retirement,site:formula1.com/en/latest 2025-lvs George Russell damage collision puncture pit stop retirement
a8de674c3ee8ee455177,referral-299f74f832c44e98,race_control_episode_candidate_pending_review,2025-lvs,Race,81,affected,30|55|63|81,4,adj-2c6f2f495e380077,fia-2025-lvs-930d412442e7,no_further_action,1,False,model_reviewed_source_or_timing,2025-11-23T04:04:00+00:00,2025-11-23T04:05:00+00:00,False,high_confidence_algorithmic,Oscar Piastri,PIA,McLaren,5.0,20.0,Disqualified,False,50.0,1,1,fia_clock_participant_single_lap_interval,,7.0,,,0,8,0,8,False,4,medium,incident_lap_available|multi_car_incident,unknown,timing_screen_only_not_damage_evidence,pending_human_review,2025-lvs Oscar Piastri McLaren race report damage collision puncture front wing floor retirement,site:formula1.com/en/latest 2025-lvs Oscar Piastri damage collision puncture pit stop retirement
6fee3fd54ca674a08901,referral-2ba396eba5a59d95,race_control_episode_candidate_pending_review,2025-lvs,Race,43,affected,5|18|43,3,adj-4762dd05c67569c8,fia-2025-lvs-462a2bce3a3a,grid_penalty,1,False,model_reviewed_source_or_timing,2025-11-23T04:04:00+00:00,2025-11-23T04:05:00+00:00,False,candidate_pending_review,Franco Colapinto,COL,Alpine,15.0,15.0,Lapped,False,49.0,1,1,fia_clock_participant_single_lap_interval,,16.0,,,0,8,0,8,False,4,medium,incident_lap_available|multi_car_incident,unknown,timing_screen_only_not_damage_evidence,pending_human_review,2025-lvs Franco Colapinto Alpine race report damage collision puncture front wing floor retirement,site:formula1.com/en/latest 2025-lvs Franco Colapinto damage collision puncture pit stop retirement
fe17e749cc30cab56d24,referral-3dcd04109c7befd9,race_control_episode_candidate_pending_review,2025-sau,Race,55,affected,10|22|55,3,adj-47d34770b1ec91cd,fia-2025-sau-8187bba80d1e,no_further_action,1,False,fia_incident_clock_single_lap_interval,2025-04-20T17:04:00+00:00,2025-04-20T17:05:00+00:00,False,candidate_pending_review,Carlos Sainz,SAI,Williams,6.0,8.0,Finished,False,50.0,1,1,fia_clock_participant_single_lap_interval,,7.0,,,0,8,0,8,False,4,medium,incident_lap_available|multi_car_incident,unknown,timing_screen_only_not_damage_evidence,pending_human_review,2025-sau Carlos Sainz Williams race report damage collision puncture front wing floor retirement,site:formula1.com/en/latest 2025-sau Carlos Sainz damage collision puncture pit stop retirement
1059765ca5c15c2f5a84,referral-9ee5a096989b8230,race_control_episode_candidate_pending_review,2025-usa,Race,12,affected,12|55,2,adj-d1735787a6532540,fia-2025-usa-1f9064819192,grid_penalty,6,False,fia_incident_clock_single_lap_interval,2025-10-19T19:13:00+00:00,2025-10-19T19:14:00+00:00,False,high_confidence_algorithmic,Kimi Antonelli,ANT,Mercedes,7.0,13.0,Finished,False,56.0,6,6,fia_clock_participant_single_lap_interval,7.0,19.0,12.0,,4,8,4,8,False,4,medium,incident_lap_available|observed_drop_of_three_or_more_positions,unknown,timing_screen_only_not_damage_evidence,pending_human_review,2025-usa Kimi Antonelli Mercedes race report damage collision puncture front wing floor retirement,site:formula1.com/en/latest 2025-usa Kimi Antonelli damage collision puncture pit stop retirement
f13436417c8c2ad4fb89,referral-9b6de88fc350879a,race_control_episode_candidate_pending_review,2018-abu,Race,8,affected,8|27,2,adj-2082537af6db5e25,fia-2018-abu-b67f80da207e,no_further_action,1,False,fia_incident_clock_single_lap_interval,2018-11-25T13:14:00+00:00,2018-11-25T13:15:00+00:00,False,high_confidence_algorithmic,Romain Grosjean,GRO,Haas F1 Team,7.0,9.0,+1 Lap,False,54.0,1,1,fia_clock_participant_single_lap_interval,,7.0,,,0,8,0,8,False,2,low,incident_lap_available,unknown,timing_screen_only_not_damage_evidence,pending_human_review,2018-abu Romain Grosjean Haas F1 Team race report damage collision puncture front wing floor retirement,site:formula1.com/en/latest 2018-abu Romain Grosjean damage collision puncture pit stop retirement
06b8d78f9864a63bf019,referral-d039353f8ed48fe0,race_control_episode_candidate_pending_review,2018-bhr,Race,11,affected,11|28,2,adj-f085f5d8e175f3e4,fia-2018-bhr-37959695abd9,time_penalty,1,False,fia_incident_clock_single_lap_interval,2018-04-08T15:14:00+00:00,2018-04-08T15:15:00+00:00,False,high_confidence_algorithmic,Sergio Perez,PER,Force India,12.0,16.0,+1 Lap,False,56.0,1,1,fia_clock_participant_single_lap_interval,,20.0,,,0,8,0,4,False,2,low,incident_lap_available,unknown,timing_screen_only_not_damage_evidence,pending_human_review,2018-bhr Sergio Perez Force India race report damage collision puncture front wing floor retirement,site:formula1.com/en/latest 2018-bhr Sergio Perez damage collision puncture pit stop retirement
51934491f889fee9809f,referral-d039353f8ed48fe0,race_control_episode_candidate_pending_review,2018-bhr,Race,28,accused,11|28,2,adj-f085f5d8e175f3e4,fia-2018-bhr-37959695abd9,time_penalty,1,False,fia_incident_clock_single_lap_interval,2018-04-08T15:14:00+00:00,2018-04-08T15:15:00+00:00,False,high_confidence_algorithmic,Brendon Hartley,HAR,Toro Rosso,11.0,17.0,+1 Lap,False,56.0,1,1,fia_clock_participant_single_lap_interval,,12.0,,,0,8,0,6,False,2,low,incident_lap_available,unknown,timing_screen_only_not_damage_evidence,pending_human_review,2018-bhr Brendon Hartley Toro Rosso race report damage collision puncture front wing floor retirement,site:formula1.com/en/latest 2018-bhr Brendon Hartley damage collision puncture pit stop retirement
b24fae4387b1e6954349,referral-572ef9f566c02a47,race_control_episode_candidate_pending_review,2018-fra,Race,8,accused,8|31,2,adj-edac40e1e7230ec7,fia-2018-fra-80f5d9447315,time_penalty,1,False,race_control_explicit_lap_candidate_link,2018-06-24T14:13:00+00:00,2018-06-24T14:14:00+00:00,False,candidate_pending_review,Romain Grosjean,GRO,Haas F1 Team,10.0,11.0,+1 Lap,False,52.0,1,1,fia_clock_participant_single_lap_interval,,8.0,,,0,8,0,8,False,2,low,incident_lap_available,unknown,timing_screen_only_not_damage_evidence,pending_human_review,2018-fra Romain Grosjean Haas F1 Team race report damage collision puncture front wing floor retirement,site:formula1.com/en/latest 2018-fra Romain Grosjean damage collision puncture pit stop retirement
8d625f36e48e20aafc87,referral-54d4208235326886,race_control_episode_candidate_pending_review,2018-gbr,Race,20,accused_and_affected,8|20,2,adj-5085c3b16294abcf|adj-71bfdbf175be2808,fia-2018-gbr-c4ec3bfd58d1|fia-2018-gbr-dbd297e3a1ec,no_further_action,1,False,race_control_explicit_lap_high_confidence_link,2018-07-08T13:13:00+00:00,2018-07-08T13:14:00+00:00,False,high_confidence_algorithmic,Kevin Magnussen,MAG,Haas F1 Team,7.0,9.0,Finished,False,52.0,1,1,fia_clock_participant_single_lap_interval,,10.0,,,0,8,0,8,False,2,low,incident_lap_available,unknown,timing_screen_only_not_damage_evidence,pending_human_review,2018-gbr Kevin Magnussen Haas F1 Team race report damage collision puncture front wing floor retirement,site:formula1.com/en/latest 2018-gbr Kevin Magnussen damage collision puncture pit stop retirement
700d386fec083d7bec38,referral-e1b8f833e205b138,race_control_episode_candidate_pending_review,2018-gbr,Race,7,accused,7|44,2,adj-5384303bfd85706c,fia-2018-gbr-f20a2f7cd356,time_penalty,1,False,fia_incident_clock_single_lap_interval,2018-07-08T13:13:00+00:00,2018-07-08T13:14:00+00:00,False,candidate_pending_review,Kimi Räikkönen,RAI,Ferrari,3.0,3.0,Finished,False,52.0,1,1,fia_clock_participant_single_lap_interval,,4.0,,,0,8,0,8,False,2,low,incident_lap_available,unknown,timing_screen_only_not_damage_evidence,pending_human_review,2018-gbr Kimi Räikkönen Ferrari race report damage collision puncture front wing floor retirement,site:formula1.com/en/latest 2018-gbr Kimi Räikkönen damage collision puncture pit stop retirement
c1f4ebed0fe05cfcd2b5,referral-e1b8f833e205b138,race_control_episode_candidate_pending_review,2018-gbr,Race,44,affected,7|44,2,adj-5384303bfd85706c,fia-2018-gbr-f20a2f7cd356,time_penalty,1,False,fia_incident_clock_single_lap_interval,2018-07-08T13:13:00+00:00,2018-07-08T13:14:00+00:00,False,candidate_pending_review,Lewis Hamilton,HAM,Mercedes,1.0,2.0,Finished,False,52.0,1,1,fia_clock_participant_single_lap_interval,,17.0,,,0,8,0,8,False,2,low,incident_lap_available,unknown,timing_screen_only_not_damage_evidence,pending_human_review,2018-gbr Lewis Hamilton Mercedes race report damage collision puncture front wing floor retirement,site:formula1.com/en/latest 2018-gbr Lewis Hamilton damage collision puncture pit stop retirement
27c46b8ccf2956ff4757,referral-7eee0a9c2ce4a186,race_control_episode_candidate_pending_review,2018-ita,Race,44,accused_and_affected,5|44,2,adj-3d3f08ac55cefb43|adj-baf8a03a8e84a2b5,fia-2018-ita-46eec3615f40|fia-2018-ita-a3456e32915c,no_further_action,1,False,fia_incident_clock_single_lap_interval,2018-09-02T13:14:00+00:00,2018-09-02T13:15:00+00:00,False,candidate_pending_review,Lewis Hamilton,HAM,Mercedes,3.0,1.0,Finished,False,53.0,1,1,fia_clock_participant_single_lap_interval,,2.0,,,0,0,0,0,False,2,low,incident_lap_available,unknown,timing_screen_only_not_damage_evidence,pending_human_review,2018-ita Lewis Hamilton Mercedes race report damage collision puncture front wing floor retirement,site:formula1.com/en/latest 2018-ita Lewis Hamilton damage collision puncture pit stop retirement
bba5b69daac155a2f812,incident-src-ee4d64c6c65cfaa2,existing_incident_id,2018-jpn,Race,33,affected,5|33,2,adj-ee4d64c6c65cfaa2,fia-2018-jpn-81677672dab7,no_further_action,8,False,fia_incident_clock_single_lap_interval,2018-10-07T05:28:00+00:00,2018-10-07T05:29:00+00:00,False,ambiguous_pending_review,Max Verstappen,VER,Red Bull Racing,3.0,3.0,Finished,False,53.0,8,8,fia_clock_participant_single_lap_interval,3.0,3.0,0.0,,2,8,2,8,False,2,low,incident_lap_available,unknown,timing_screen_only_not_damage_evidence,pending_human_review,2018-jpn Max Verstappen Red Bull Racing race report damage collision puncture front wing floor retirement,site:formula1.com/en/latest 2018-jpn Max Verstappen damage collision puncture pit stop retirement
6348777a9d5a05c19415,referral-b77c71894b8712d2,race_control_episode_candidate_pending_review,2018-sgp,Race,11,accused,11|31,2,adj-153d9abced4119b1,fia-2018-sgp-bcfc0b21409a,no_further_action,1,False,model_reviewed_source_or_timing,2018-09-16T12:13:00+00:00,2018-09-16T12:14:00+00:00,False,high_confidence_algorithmic,Sergio Perez,PER,Racing Point,7.0,16.0,+1 Lap,False,60.0,1,1,fia_clock_participant_single_lap_interval,,7.0,,,0,8,0,0,False,2,low,incident_lap_available,unknown,timing_screen_only_not_damage_evidence,pending_human_review,2018-sgp Sergio Perez Racing Point race report damage collision puncture front wing floor retirement,site:formula1.com/en/latest 2018-sgp Sergio Perez damage collision puncture pit stop retirement
553f6a03c95bf4b45a79,referral-8cf1f928a4e60852,race_control_episode_candidate_pending_review,2018-usa,Race,3,accused_and_affected,3|5,2,adj-225ff90f36c849d0|adj-99ac5bce501847b9,fia-2018-usa-b97b2be7b15e|fia-2018-usa-dc3270dd6cb6,no_further_action,1,False,race_control_explicit_lap_candidate_link,2018-10-21T18:14:00+00:00,2018-10-21T18:15:00+00:00,False,candidate_pending_review,Daniel Ricciardo,RIC,Red Bull Racing,4.0,16.0,Battery,False,8.0,1,1,fia_clock_participant_single_lap_interval,,4.0,,,0,6,0,6,False,2,low,incident_lap_available,unknown,timing_screen_only_not_damage_evidence,pending_human_review,2018-usa Daniel Ricciardo Red Bull Racing race report damage collision puncture front wing floor retirement,site:formula1.com/en/latest 2018-usa Daniel Ricciardo damage collision puncture pit stop retirement
048a0374d1e14b448824,referral-8cf1f928a4e60852,race_control_episode_candidate_pending_review,2018-usa,Race,5,accused_and_affected,3|5,2,adj-225ff90f36c849d0|adj-99ac5bce501847b9,fia-2018-usa-b97b2be7b15e|fia-2018-usa-dc3270dd6cb6,no_further_action,1,False,race_control_explicit_lap_candidate_link,2018-10-21T18:14:00+00:00,2018-10-21T18:15:00+00:00,False,candidate_pending_review,Sebastian Vettel,VET,Ferrari,5.0,4.0,Finished,False,56.0,1,1,fia_clock_participant_single_lap_interval,,15.0,,,0,8,0,8,False,2,low,incident_lap_available,unknown,timing_screen_only_not_damage_evidence,pending_human_review,2018-usa Sebastian Vettel Ferrari race report damage collision puncture front wing floor retirement,site:formula1.com/en/latest 2018-usa Sebastian Vettel damage collision puncture pit stop retirement
850d0ed4a70e338236a0,incident-src-8ac64d49533b4e49,existing_incident_id,2019-bhr,Race,99,accused,26|99,2,adj-8ac64d49533b4e49,fia-2019-bhr-1365948cf7e0,no_further_action,12,False,fia_incident_clock_single_lap_interval,2019-03-31T15:32:00+00:00,2019-03-31T15:33:00+00:00,False,ambiguous_pending_review,Antonio Giovinazzi,GIO,Alfa Romeo Racing,16.0,11.0,Finished,False,57.0,12,12,fia_clock_participant_single_lap_interval,9.0,7.0,-2.0,,7,8,5,8,True,2,low,incident_lap_available,unknown,timing_screen_only_not_damage_evidence,pending_human_review,2019-bhr Antonio Giovinazzi Alfa Romeo Racing race report damage collision puncture front wing floor retirement,site:formula1.com/en/latest 2019-bhr Antonio Giovinazzi damage collision puncture pit stop retirement
04a4d16ebbd8df15b9a3,incident-src-a2465e3be559632e,existing_incident_id,2019-bhr,Race,99,affected,26|99,2,adj-a2465e3be559632e,fia-2019-bhr-afcfec60fa35,no_further_action,12,False,fia_incident_clock_single_lap_interval,2019-03-31T15:32:00+00:00,2019-03-31T15:33:00+00:00,False,ambiguous_pending_review,Antonio Giovinazzi,GIO,Alfa Romeo Racing,16.0,11.0,Finished,False,57.0,12,12,fia_clock_participant_single_lap_interval,9.0,7.0,-2.0,,7,8,5,8,True,2,low,incident_lap_available,unknown,timing_screen_only_not_damage_evidence,pending_human_review,2019-bhr Antonio Giovinazzi Alfa Romeo Racing race report damage collision puncture front wing floor retirement,site:formula1.com/en/latest 2019-bhr Antonio Giovinazzi damage collision puncture pit stop retirement
886105cc9d53fe5b4ab2,referral-8bae9b55f0749bef,race_control_episode_candidate_pending_review,2019-bra,Race,44,accused,23|44,2,adj-7a979b9c5e405e83,fia-2019-bra-810d6e70c069,time_penalty,70,False,fia_incident_clock_single_lap_interval,2019-11-17T18:44:00+00:00,2019-11-17T18:45:00+00:00,False,candidate_pending_review,Lewis Hamilton,HAM,Mercedes,3.0,7.0,Finished,False,71.0,70,70,fia_clock_participant_single_lap_interval,4.0,3.0,-1.0,,8,1,1,0,False,2,low,incident_lap_available,unknown,timing_screen_only_not_damage_evidence,pending_human_review,2019-bra Lewis Hamilton Mercedes race report damage collision puncture front wing floor retirement,site:formula1.com/en/latest 2019-bra Lewis Hamilton damage collision puncture pit stop retirement
b537de1f0e7d088a9bb5,referral-23100d35fc5906d1,race_control_episode_candidate_pending_review,2019-deu,Race,23,affected,10|23,2,adj-f35eb28ba1d26794,fia-2019-deu-439337838994,no_further_action,62,False,fia_incident_clock_single_lap_interval,2019-07-28T15:01:00+00:00,2019-07-28T15:02:00+00:00,False,candidate_pending_review,Alexander Albon,ALB,Toro Rosso,16.0,6.0,Finished,False,64.0,62,62,fia_clock_participant_single_lap_interval,6.0,6.0,0.0,,8,2,8,2,False,2,low,incident_lap_available,unknown,timing_screen_only_not_damage_evidence,pending_human_review,2019-deu Alexander Albon Toro Rosso race report damage collision puncture front wing floor retirement,site:formula1.com/en/latest 2019-deu Alexander Albon damage collision puncture pit stop retirement
2f7fb87883f60f256d14,referral-f400bd65ec68bae4,race_control_episode_candidate_pending_review,2019-jpn,Race,33,accused_and_affected,16|33,2,adj-44686757f581c309|adj-634036e33dc05333,fia-2019-jpn-4a022963168d|fia-2019-jpn-9be40f8bba4d,no_further_action|time_penalty,1,False,model_reviewed_source_or_timing,2019-10-13T05:13:00+00:00,2019-10-13T05:14:00+00:00,False,high_confidence_algorithmic,Max Verstappen,VER,Red Bull Racing,5.0,18.0,Brakes,False,14.0,1,1,fia_clock_participant_single_lap_interval,,18.0,,,0,8,0,8,False,2,low,incident_lap_available,unknown,timing_screen_only_not_damage_evidence,pending_human_review,2019-jpn Max Verstappen Red Bull Racing race report damage collision puncture front wing floor retirement,site:formula1.com/en/latest 2019-jpn Max Verstappen damage collision puncture pit stop retirement
8309ceabae7c625089d4,referral-06be9444b527f8ae,race_control_episode_candidate_pending_review,2019-mex,Race,26,accused,26|27,2,adj-f96f03bc3f42ded4,fia-2019-mex-9a84e5496c6b,time_penalty,70,False,fia_incident_clock_single_lap_interval,2019-10-27T20:50:00+00:00,2019-10-27T20:51:00+00:00,False,candidate_pending_review,Daniil Kvyat,KVY,Toro Rosso,9.0,11.0,+1 Lap,False,70.0,70,70,fia_clock_participant_single_lap_interval,10.0,9.0,-1.0,,8,0,8,0,False,2,low,incident_lap_available,unknown,timing_screen_only_not_damage_evidence,pending_human_review,2019-mex Daniil Kvyat Toro Rosso race report damage collision puncture front wing floor retirement,site:formula1.com/en/latest 2019-mex Daniil Kvyat damage collision puncture pit stop retirement
c87ae0af6f82986ba360,referral-06be9444b527f8ae,race_control_episode_candidate_pending_review,2019-mex,Race,27,affected,26|27,2,adj-f96f03bc3f42ded4,fia-2019-mex-9a84e5496c6b,time_penalty,70,False,fia_incident_clock_single_lap_interval,2019-10-27T20:50:00+00:00,2019-10-27T20:51:00+00:00,False,candidate_pending_review,Nico Hulkenberg,HUL,Renault,12.0,10.0,+1 Lap,False,70.0,70,70,fia_clock_participant_single_lap_interval,9.0,11.0,2.0,,8,0,8,0,False,2,low,incident_lap_available,unknown,timing_screen_only_not_damage_evidence,pending_human_review,2019-mex Nico Hulkenberg Renault race report damage collision puncture front wing floor retirement,site:formula1.com/en/latest 2019-mex Nico Hulkenberg damage collision puncture pit stop retirement
71cc6edc32679ae97b32,referral-693d171ad0182cef,race_control_episode_candidate_pending_review,2019-usa,Race,55,affected,23|55,2,adj-8fa5a7f8737d47e9,fia-2019-usa-e8891601d008,no_further_action,1,False,model_reviewed_source_or_timing,2019-11-03T19:13:00+00:00,2019-11-03T19:14:00+00:00,False,candidate_pending_review,Carlos Sainz,SAI,McLaren,7.0,8.0,+1 Lap,False,55.0,1,1,fia_clock_participant_single_lap_interval,,9.0,,,0,8,0,8,False,2,low,incident_lap_available,unknown,timing_screen_only_not_damage_evidence,pending_human_review,2019-usa Carlos Sainz McLaren race report damage collision puncture front wing floor retirement,site:formula1.com/en/latest 2019-usa Carlos Sainz damage collision puncture pit stop retirement
b295c89bdf228acd114c,referral-b7b1c1628ee7b46b,race_control_episode_candidate_pending_review,2019-usa,Race,11,affected,11|26,2,adj-da2c95f3aa831f34,fia-2019-usa-d3bdd32ef24c,time_penalty,55,False,fia_incident_clock_single_lap_interval,2019-11-03T20:47:00+00:00,2019-11-03T20:48:00+00:00,False,high_confidence_algorithmic,Sergio Perez,PER,Racing Point,0.0,10.0,+1 Lap,False,55.0,55,55,fia_clock_participant_single_lap_interval,10.0,11.0,1.0,,8,0,7,0,False,2,low,incident_lap_available,unknown,timing_screen_only_not_damage_evidence,pending_human_review,2019-usa Sergio Perez Racing Point race report damage collision puncture front wing floor retirement,site:formula1.com/en/latest 2019-usa Sergio Perez damage collision puncture pit stop retirement
8c6d15b550af41eef874,referral-b7b1c1628ee7b46b,race_control_episode_candidate_pending_review,2019-usa,Race,26,accused,11|26,2,adj-da2c95f3aa831f34,fia-2019-usa-d3bdd32ef24c,time_penalty,55,False,fia_incident_clock_single_lap_interval,2019-11-03T20:47:00+00:00,2019-11-03T20:48:00+00:00,False,high_confidence_algorithmic,Daniil Kvyat,KVY,Toro Rosso,13.0,12.0,+1 Lap,False,55.0,55,55,fia_clock_participant_single_lap_interval,11.0,10.0,-1.0,,8,0,7,0,False,2,low,incident_lap_available,unknown,timing_screen_only_not_damage_evidence,pending_human_review,2019-usa Daniil Kvyat Toro Rosso race report damage collision puncture front wing floor retirement,site:formula1.com/en/latest 2019-usa Daniil Kvyat damage collision puncture pit stop retirement
21c0f6570d6bedc66ac4,referral-2b30f84b57227347,race_control_episode_candidate_pending_review,2020-eif,Race,23,accused,23|26,2,adj-334b6200470cb5bc,fia-2020-eif-588d347b498e,time_penalty,18,False,fia_incident_clock_single_lap_interval,2020-10-11T12:41:00+00:00,2020-10-11T12:42:00+00:00,False,high_confidence_algorithmic,Alexander Albon,ALB,Red Bull Racing,5.0,17.0,Radiator,False,23.0,18,18,fia_clock_participant_single_lap_interval,10.0,9.0,-1.0,,8,3,7,3,False,2,low,incident_lap_available,unknown,timing_screen_only_not_damage_evidence,pending_human_review,2020-eif Alexander Albon Red Bull Racing race report damage collision puncture front wing floor retirement,site:formula1.com/en/latest 2020-eif Alexander Albon damage collision puncture pit stop retirement
638012e5287590651964,referral-d4b42208d21c7a44,race_control_episode_candidate_pending_review,2020-emi,Race,5,accused,5|20,2,adj-1b1da487e3a306a9,fia-2020-emi-399ca2a328b0,no_further_action,1,False,race_control_explicit_lap_high_confidence_link,2020-11-01T12:13:00+00:00,2020-11-01T12:14:00+00:00,False,high_confidence_algorithmic,Sebastian Vettel,VET,Ferrari,14.0,12.0,Finished,False,63.0,1,1,fia_clock_participant_single_lap_interval,,15.0,,,0,8,0,8,False,2,low,incident_lap_available,unknown,timing_screen_only_not_damage_evidence,pending_human_review,2020-emi Sebastian Vettel Ferrari race report damage collision puncture front wing floor retirement,site:formula1.com/en/latest 2020-emi Sebastian Vettel damage collision puncture pit stop retirement
cf2d19edab6198574b77,referral-d4b42208d21c7a44,race_control_episode_candidate_pending_review,2020-emi,Race,20,affected,5|20,2,adj-1b1da487e3a306a9,fia-2020-emi-399ca2a328b0,no_further_action,1,False,race_control_explicit_lap_high_confidence_link,2020-11-01T12:13:00+00:00,2020-11-01T12:14:00+00:00,False,high_confidence_algorithmic,Kevin Magnussen,MAG,Haas F1 Team,17.0,18.0,Illness,False,47.0,1,1,fia_clock_participant_single_lap_interval,,20.0,,,0,8,0,7,False,2,low,incident_lap_available,unknown,timing_screen_only_not_damage_evidence,pending_human_review,2020-emi Kevin Magnussen Haas F1 Team race report damage collision puncture front wing floor retirement,site:formula1.com/en/latest 2020-emi Kevin Magnussen damage collision puncture pit stop retirement
38c037e77fb13b94a559,referral-83878e66d84e44ae,race_control_episode_candidate_pending_review,2020-ita,Race,8,affected,8|10|23,3,adj-c473006e0e821fa8,fia-2020-ita-3d5494c6edc8,time_penalty,,False,unresolved,2020-09-06T13:15:00+00:00,2020-09-06T13:16:00+00:00,False,candidate_pending_review,Romain Grosjean,GRO,Haas F1 Team,16.0,12.0,Finished,False,53.0,,1|2,fia_clock_participant_multi_lap_window,,,,,0,0,0,0,False,2,low,multi_car_incident,unknown,timing_screen_only_not_damage_evidence,pending_human_review,2020-ita Romain Grosjean Haas F1 Team race report damage collision puncture front wing floor retirement,site:formula1.com/en/latest 2020-ita Romain Grosjean damage collision puncture pit stop retirement
71a22e9b681401c06d3e,referral-83878e66d84e44ae,race_control_episode_candidate_pending_review,2020-ita,Race,10,affected,8|10|23,3,adj-c473006e0e821fa8,fia-2020-ita-3d5494c6edc8,time_penalty,,False,unresolved,2020-09-06T13:15:00+00:00,2020-09-06T13:16:00+00:00,False,candidate_pending_review,Pierre Gasly,GAS,AlphaTauri,10.0,1.0,Finished,False,53.0,,1|2,fia_clock_participant_multi_lap_window,,,,,0,0,0,0,False,2,low,multi_car_incident,unknown,timing_screen_only_not_damage_evidence,pending_human_review,2020-ita Pierre Gasly AlphaTauri race report damage collision puncture front wing floor retirement,site:formula1.com/en/latest 2020-ita Pierre Gasly damage collision puncture pit stop retirement
0f643c2c9e24d7378494,referral-83878e66d84e44ae,race_control_episode_candidate_pending_review,2020-ita,Race,23,accused,8|10|23,3,adj-c473006e0e821fa8,fia-2020-ita-3d5494c6edc8,time_penalty,,False,unresolved,2020-09-06T13:15:00+00:00,2020-09-06T13:16:00+00:00,False,candidate_pending_review,Alexander Albon,ALB,Red Bull Racing,9.0,15.0,Finished,False,53.0,,1|2,fia_clock_participant_multi_lap_window,,,,,0,0,0,0,False,2,low,multi_car_incident,unknown,timing_screen_only_not_damage_evidence,pending_human_review,2020-ita Alexander Albon Red Bull Racing race report damage collision puncture front wing floor retirement,site:formula1.com/en/latest 2020-ita Alexander Albon damage collision puncture pit stop retirement
6a988830deade59099e6,incident-src-02b95aa6fb08b86f,existing_incident_id,2021-sau,Race,33,accused,33|44,2,adj-02b95aa6fb08b86f,fia-2021-sau-0959688f5106,time_penalty,37,False,fia_incident_clock_single_lap_interval,2021-12-05T19:19:00+00:00,2021-12-05T19:20:00+00:00,False,ambiguous_pending_review,Max Verstappen,VER,Red Bull Racing,3.0,2.0,Finished,False,50.0,37,37,fia_clock_participant_single_lap_interval,1.0,1.0,0.0,,8,8,0,0,False,2,low,incident_lap_available,unknown,timing_screen_only_not_damage_evidence,pending_human_review,2021-sau Max Verstappen Red Bull Racing race report damage collision puncture front wing floor retirement,site:formula1.com/en/latest 2021-sau Max Verstappen damage collision puncture pit stop retirement
ae749b1554b6b633328e,incident-src-02b95aa6fb08b86f,existing_incident_id,2021-sau,Race,44,affected,33|44,2,adj-02b95aa6fb08b86f,fia-2021-sau-0959688f5106,time_penalty,37,False,fia_incident_clock_single_lap_interval,2021-12-05T19:19:00+00:00,2021-12-05T19:20:00+00:00,False,ambiguous_pending_review,Lewis Hamilton,HAM,Mercedes,1.0,1.0,Finished,False,50.0,37,37,fia_clock_participant_single_lap_interval,2.0,2.0,0.0,,8,8,7,8,True,2,low,incident_lap_available,unknown,timing_screen_only_not_damage_evidence,pending_human_review,2021-sau Lewis Hamilton Mercedes race report damage collision puncture front wing floor retirement,site:formula1.com/en/latest 2021-sau Lewis Hamilton damage collision puncture pit stop retirement
f3d996a800caa8943dad,referral-a7d53580889c5904,race_control_episode_candidate_pending_review,2021-tur,Race,10,accused,10|14,2,adj-b778b990971d2a47,fia-2021-tur-93d16b7d94df,time_penalty,1,False,model_reviewed_source_or_timing,2021-10-10T12:03:00+00:00,2021-10-10T12:04:00+00:00,False,high_confidence_algorithmic,Pierre Gasly,GAS,AlphaTauri,4.0,6.0,Finished,False,58.0,1,1,fia_clock_participant_single_lap_interval,,5.0,,,0,8,0,8,False,2,low,incident_lap_available,unknown,timing_screen_only_not_damage_evidence,pending_human_review,2021-tur Pierre Gasly AlphaTauri race report damage collision puncture front wing floor retirement,site:formula1.com/en/latest 2021-tur Pierre Gasly damage collision puncture pit stop retirement
bf250bd9c6481dafb121,referral-a7d53580889c5904,race_control_episode_candidate_pending_review,2021-tur,Race,14,affected,10|14,2,adj-b778b990971d2a47,fia-2021-tur-93d16b7d94df,time_penalty,1,False,model_reviewed_source_or_timing,2021-10-10T12:03:00+00:00,2021-10-10T12:04:00+00:00,False,high_confidence_algorithmic,Fernando Alonso,ALO,Alpine,5.0,16.0,+1 Lap,False,57.0,1,1,fia_clock_participant_single_lap_interval,,16.0,,,0,8,0,8,False,2,low,incident_lap_available,unknown,timing_screen_only_not_damage_evidence,pending_human_review,2021-tur Fernando Alonso Alpine race report damage collision puncture front wing floor retirement,site:formula1.com/en/latest 2021-tur Fernando Alonso damage collision puncture pit stop retirement
528e971b7a07f220b246,referral-92a69d6732b75346,race_control_episode_candidate_pending_review,2022-abu,Race,47,accused,6|47,2,adj-5c847c13b64952f6,fia-2022-abu-6afd5d82f378,time_penalty,38,False,fia_incident_clock_single_lap_interval,2022-11-20T14:01:00+00:00,2022-11-20T14:02:00+00:00,False,high_confidence_algorithmic,Mick Schumacher,MSC,Haas F1 Team,12.0,16.0,+1 Lap,False,57.0,38,38,fia_clock_participant_single_lap_interval,17.0,17.0,0.0,,8,8,6,8,True,2,low,incident_lap_available,unknown,timing_screen_only_not_damage_evidence,pending_human_review,2022-abu Mick Schumacher Haas F1 Team race report damage collision puncture front wing floor retirement,site:formula1.com/en/latest 2022-abu Mick Schumacher damage collision puncture pit stop retirement
b08170de3e52f4cc2ff7,referral-e53b9398877a9d1c,race_control_episode_candidate_pending_review,2022-aut,Race,63,accused,11|63,2,adj-4336ab73c4471912,fia-2022-aut-116bb7866055,time_penalty,1,False,fia_incident_clock_single_lap_interval,2022-07-10T13:03:00+00:00,2022-07-10T13:04:00+00:00,False,high_confidence_algorithmic,George Russell,RUS,Mercedes,4.0,4.0,Finished,False,71.0,1,1,fia_clock_participant_single_lap_interval,,4.0,,,0,8,0,8,False,2,low,incident_lap_available,unknown,timing_screen_only_not_damage_evidence,pending_human_review,2022-aut George Russell Mercedes race report damage collision puncture front wing floor retirement,site:formula1.com/en/latest 2022-aut George Russell damage collision puncture pit stop retirement
669b103d0ee52691ea09,referral-06f7cbef42a85f11,race_control_episode_candidate_pending_review,2022-bel,Race,14,affected,14|44,2,adj-6f98ef40918eece1,fia-2022-bel-dac27d1c3f36,no_further_action,1,False,fia_incident_clock_single_lap_interval,2022-08-28T13:04:00+00:00,2022-08-28T13:05:00+00:00,False,high_confidence_algorithmic,Fernando Alonso,ALO,Alpine,3.0,5.0,Finished,False,44.0,1,1,fia_clock_participant_single_lap_interval,,4.0,,,0,8,0,7,False,2,low,incident_lap_available,unknown,timing_screen_only_not_damage_evidence,pending_human_review,2022-bel Fernando Alonso Alpine race report damage collision puncture front wing floor retirement,site:formula1.com/en/latest 2022-bel Fernando Alonso damage collision puncture pit stop retirement
1ebb2764d294abdf2cf8,referral-3f7afa7fa15b623b,race_control_episode_candidate_pending_review,2022-bhr,Race,31,accused,31|47,2,adj-f0d0f579c2d29f95,fia-2022-bhr-139703df6539,time_penalty,1,False,model_reviewed_source_or_timing,2022-03-20T15:04:00+00:00,2022-03-20T15:05:00+00:00,False,high_confidence_algorithmic,Esteban Ocon,OCO,Alpine,11.0,7.0,Finished,False,57.0,1,1,fia_clock_participant_single_lap_interval,,10.0,,,0,8,0,8,False,2,low,incident_lap_available,unknown,timing_screen_only_not_damage_evidence,pending_human_review,2022-bhr Esteban Ocon Alpine race report damage collision puncture front wing floor retirement,site:formula1.com/en/latest 2022-bhr Esteban Ocon damage collision puncture pit stop retirement
844cc260d4f6c9bcf8a8,referral-3f7afa7fa15b623b,race_control_episode_candidate_pending_review,2022-bhr,Race,47,affected,31|47,2,adj-f0d0f579c2d29f95,fia-2022-bhr-139703df6539,time_penalty,1,False,model_reviewed_source_or_timing,2022-03-20T15:04:00+00:00,2022-03-20T15:05:00+00:00,False,high_confidence_algorithmic,Mick Schumacher,MSC,Haas F1 Team,12.0,11.0,Finished,False,57.0,1,1,fia_clock_participant_single_lap_interval,,13.0,,,0,8,0,8,False,2,low,incident_lap_available,unknown,timing_screen_only_not_damage_evidence,pending_human_review,2022-bhr Mick Schumacher Haas F1 Team race report damage collision puncture front wing floor retirement,site:formula1.com/en/latest 2022-bhr Mick Schumacher damage collision puncture pit stop retirement
099f3cffa3663a230d49,referral-77de8f515baa8b7e,race_control_episode_candidate_pending_review,2022-fra,Race,47,affected,6|20|47,3,adj-285944dc1f5d725d|adj-91bd2176be4c7ceb,fia-2022-fra-832a818ac903|fia-2022-fra-f29d68ccd9b0,no_further_action,,False,unresolved,,,False,candidate_pending_review,Mick Schumacher,MSC,Haas F1 Team,17.0,15.0,Finished,False,53.0,,,unresolved,,,,,0,0,0,0,False,2,low,multi_car_incident,unknown,timing_screen_only_not_damage_evidence,pending_human_review,2022-fra Mick Schumacher Haas F1 Team race report damage collision puncture front wing floor retirement,site:formula1.com/en/latest 2022-fra Mick Schumacher damage collision puncture pit stop retirement
5eacf29d0690a7b4c63c,referral-356c0381e1def57c,race_control_episode_candidate_pending_review,2022-mex,Race,3,accused,3|22,2,adj-2642da4344825f6e,fia-2022-mex-9975b4f5dd0e,time_penalty,50,False,fia_incident_clock_single_lap_interval,2022-10-30T21:13:00+00:00,2022-10-30T21:14:00+00:00,False,high_confidence_algorithmic,Daniel Ricciardo,RIC,McLaren,11.0,7.0,+1 Lap,False,70.0,50,50,fia_clock_participant_single_lap_interval,12.0,11.0,-1.0,,8,8,8,8,True,2,low,incident_lap_available,unknown,timing_screen_only_not_damage_evidence,pending_human_review,2022-mex Daniel Ricciardo McLaren race report damage collision puncture front wing floor retirement,site:formula1.com/en/latest 2022-mex Daniel Ricciardo damage collision puncture pit stop retirement
b06dcd5826b6cd510649,referral-ad8b21666896b543,race_control_episode_candidate_pending_review,2022-sgp,Race,1,accused,1|20,2,adj-f74ed9090eea7d2d,fia-2022-sgp-43a8ea523d85,no_further_action,1,False,model_reviewed_source_or_timing,2022-10-02T13:09:00+00:00,2022-10-02T13:10:00+00:00,False,high_confidence_algorithmic,Max Verstappen,VER,Red Bull Racing,8.0,7.0,Finished,False,59.0,1,1,fia_clock_participant_single_lap_interval,,12.0,,,0,8,0,8,False,2,low,incident_lap_available,unknown,timing_screen_only_not_damage_evidence,pending_human_review,2022-sgp Max Verstappen Red Bull Racing race report damage collision puncture front wing floor retirement,site:formula1.com/en/latest 2022-sgp Max Verstappen damage collision puncture pit stop retirement
076506823f3875bd3922,referral-ad8b21666896b543,race_control_episode_candidate_pending_review,2022-sgp,Race,20,affected,1|20,2,adj-f74ed9090eea7d2d,fia-2022-sgp-43a8ea523d85,no_further_action,1,False,model_reviewed_source_or_timing,2022-10-02T13:09:00+00:00,2022-10-02T13:10:00+00:00,False,high_confidence_algorithmic,Kevin Magnussen,MAG,Haas F1 Team,9.0,12.0,Finished,False,59.0,1,1,fia_clock_participant_single_lap_interval,,11.0,,,0,8,0,8,False,2,low,incident_lap_available,unknown,timing_screen_only_not_damage_evidence,pending_human_review,2022-sgp Kevin Magnussen Haas F1 Team race report damage collision puncture front wing floor retirement,site:formula1.com/en/latest 2022-sgp Kevin Magnussen damage collision puncture pit stop retirement
d79b844aa102c5f3953d,referral-c809e324a033e4fc,race_control_episode_candidate_pending_review,2022-usa,Race,6,accused,6|47,2,adj-8056dff0ab98fd58,fia-2022-usa-3fa875d5a85e,time_penalty,38,False,fia_incident_clock_single_lap_interval,2022-10-23T20:15:00+00:00,2022-10-23T20:16:00+00:00,False,high_confidence_algorithmic,Nicholas Latifi,LAT,Williams,17.0,17.0,Finished,False,56.0,38,38,fia_clock_participant_single_lap_interval,14.0,16.0,2.0,,8,8,8,8,True,2,low,incident_lap_available,unknown,timing_screen_only_not_damage_evidence,pending_human_review,2022-usa Nicholas Latifi Williams race report damage collision puncture front wing floor retirement,site:formula1.com/en/latest 2022-usa Nicholas Latifi damage collision puncture pit stop retirement
c205e74aba5783c16e3a,referral-c809e324a033e4fc,race_control_episode_candidate_pending_review,2022-usa,Race,47,affected,6|47,2,adj-8056dff0ab98fd58,fia-2022-usa-3fa875d5a85e,time_penalty,38,False,fia_incident_clock_single_lap_interval,2022-10-23T20:15:00+00:00,2022-10-23T20:16:00+00:00,False,high_confidence_algorithmic,Mick Schumacher,MSC,Haas F1 Team,16.0,15.0,Finished,False,56.0,38,38,fia_clock_participant_single_lap_interval,15.0,14.0,-1.0,,8,8,8,8,True,2,low,incident_lap_available,unknown,timing_screen_only_not_damage_evidence,pending_human_review,2022-usa Mick Schumacher Haas F1 Team race report damage collision puncture front wing floor retirement,site:formula1.com/en/latest 2022-usa Mick Schumacher damage collision puncture pit stop retirement
61473e11678929fadcc6,referral-e1f645df500c1c11,race_control_episode_candidate_pending_review,2022-usa,Race,63,accused,55|63,2,adj-9c5057e738e04730,fia-2022-usa-77995d83458f,time_penalty,1,False,fia_incident_clock_single_lap_interval,2022-10-23T19:03:00+00:00,2022-10-23T19:04:00+00:00,False,high_confidence_algorithmic,George Russell,RUS,Mercedes,4.0,5.0,Finished,False,56.0,1,1,fia_clock_participant_single_lap_interval,,4.0,,,0,8,0,8,False,2,low,incident_lap_available,unknown,timing_screen_only_not_damage_evidence,pending_human_review,2022-usa George Russell Mercedes race report damage collision puncture front wing floor retirement,site:formula1.com/en/latest 2022-usa George Russell damage collision puncture pit stop retirement
1c4a31eac5bda571bc6f,referral-b0b88f305b6da331,race_control_episode_candidate_pending_review,2023-hun,Race,3,affected,3|24,2,adj-c8f5cfeb2f7e6b47,fia-2023-hun-0707a92a8ea9,time_penalty,1,False,fia_incident_clock_single_lap_interval,2023-07-23T13:03:00+00:00,2023-07-23T13:04:00+00:00,False,candidate_pending_review,Daniel Ricciardo,RIC,AlphaTauri,13.0,13.0,Lapped,False,69.0,1,1,fia_clock_participant_single_lap_interval,,18.0,,,0,8,0,7,False,2,low,incident_lap_available,unknown,timing_screen_only_not_damage_evidence,pending_human_review,2023-hun Daniel Ricciardo AlphaTauri race report damage collision puncture front wing floor retirement,site:formula1.com/en/latest 2023-hun Daniel Ricciardo damage collision puncture pit stop retirement
6badc3049eb9bdab4a73,referral-b0b88f305b6da331,race_control_episode_candidate_pending_review,2023-hun,Race,24,accused,3|24,2,adj-c8f5cfeb2f7e6b47,fia-2023-hun-0707a92a8ea9,time_penalty,1,False,fia_incident_clock_single_lap_interval,2023-07-23T13:03:00+00:00,2023-07-23T13:04:00+00:00,False,candidate_pending_review,Guanyu Zhou,ZHO,Alfa Romeo,5.0,16.0,Lapped,False,69.0,1,1,fia_clock_participant_single_lap_interval,,16.0,,,0,8,0,7,False,2,low,incident_lap_available,unknown,timing_screen_only_not_damage_evidence,pending_human_review,2023-hun Guanyu Zhou Alfa Romeo race report damage collision puncture front wing floor retirement,site:formula1.com/en/latest 2023-hun Guanyu Zhou damage collision puncture pit stop retirement
e85036e57c7c1df7aa49,referral-34475639550d3206,race_control_episode_candidate_pending_review,2023-ita,Race,44,accused,44|81,2,adj-aa926d6db0e47df5,fia-2023-ita-c07ce16b4e46,time_penalty,41,False,fia_incident_clock_single_lap_interval,2023-09-03T14:22:00+00:00,2023-09-03T14:23:00+00:00,False,high_confidence_algorithmic,Lewis Hamilton,HAM,Mercedes,8.0,6.0,Finished,False,51.0,41,41,fia_clock_participant_single_lap_interval,9.0,8.0,-1.0,,8,8,8,8,True,2,low,incident_lap_available,unknown,timing_screen_only_not_damage_evidence,pending_human_review,2023-ita Lewis Hamilton Mercedes race report damage collision puncture front wing floor retirement,site:formula1.com/en/latest 2023-ita Lewis Hamilton damage collision puncture pit stop retirement
02265ae0c5af6b04cd39,referral-4e46caea8d8ce0ce,race_control_episode_candidate_pending_review,2023-mco,Race,2,affected,2|27,2,adj-dddf2d8d47ab0fc0,fia-2023-mco-4b0df1c86e92,time_penalty,1,False,fia_incident_clock_single_lap_interval,2023-05-28T13:03:00+00:00,2023-05-28T13:04:00+00:00,False,candidate_pending_review,Logan Sargeant,SAR,Williams,16.0,18.0,Lapped,False,76.0,1,1,fia_clock_participant_single_lap_interval,,15.0,,,0,8,0,8,False,2,low,incident_lap_available,unknown,timing_screen_only_not_damage_evidence,pending_human_review,2023-mco Logan Sargeant Williams race report damage collision puncture front wing floor retirement,site:formula1.com/en/latest 2023-mco Logan Sargeant damage collision puncture pit stop retirement
d7a8e70f61e402135bcc,referral-2aba8b3f9466325c,race_control_episode_candidate_pending_review,2023-mex,Race,77,accused,18|77,2,adj-2e96bcd611e65b6d,fia-2023-mex-8f576b6655ce,time_penalty,66,False,fia_incident_clock_single_lap_interval,2023-10-29T21:59:00+00:00,2023-10-29T22:00:00+00:00,False,candidate_pending_review,Valtteri Bottas,BOT,Alfa Romeo,9.0,15.0,Finished,False,71.0,66,66,fia_clock_participant_single_lap_interval,13.0,13.0,0.0,,8,4,8,4,False,2,low,incident_lap_available,unknown,timing_screen_only_not_damage_evidence,pending_human_review,2023-mex Valtteri Bottas Alfa Romeo race report damage collision puncture front wing floor retirement,site:formula1.com/en/latest 2023-mex Valtteri Bottas damage collision puncture pit stop retirement
3f538cf56eedd5319c6c,referral-fa5877ac295331e9,race_control_episode_candidate_pending_review,2023-sgp,Race,11,accused,11|23|40,3,adj-1eae245c11ac871f,fia-2023-sgp-f4e066ac44c1,time_penalty,,False,unresolved,2023-09-17T13:44:00+00:00,2023-09-17T13:45:00+00:00,False,candidate_pending_review,Sergio Perez,PER,Red Bull Racing,13.0,8.0,Finished,False,62.0,,58|59,fia_clock_participant_multi_lap_window,,,,,0,0,0,0,False,2,low,multi_car_incident,unknown,timing_screen_only_not_damage_evidence,pending_human_review,2023-sgp Sergio Perez Red Bull Racing race report damage collision puncture front wing floor retirement,site:formula1.com/en/latest 2023-sgp Sergio Perez damage collision puncture pit stop retirement
c28e031e8ad6d1bf775d,referral-fa5877ac295331e9,race_control_episode_candidate_pending_review,2023-sgp,Race,23,affected,11|23|40,3,adj-1eae245c11ac871f,fia-2023-sgp-f4e066ac44c1,time_penalty,,False,unresolved,2023-09-17T13:44:00+00:00,2023-09-17T13:45:00+00:00,False,candidate_pending_review,Alexander Albon,ALB,Williams,14.0,11.0,Finished,False,62.0,,58|59,fia_clock_participant_multi_lap_window,,,,,0,0,0,0,False,2,low,multi_car_incident,unknown,timing_screen_only_not_damage_evidence,pending_human_review,2023-sgp Alexander Albon Williams race report damage collision puncture front wing floor retirement,site:formula1.com/en/latest 2023-sgp Alexander Albon damage collision puncture pit stop retirement
0940c515cd74fc6046b1,referral-fa5877ac295331e9,race_control_episode_candidate_pending_review,2023-sgp,Race,40,affected,11|23|40,3,adj-1eae245c11ac871f,fia-2023-sgp-f4e066ac44c1,time_penalty,,False,unresolved,2023-09-17T13:44:00+00:00,2023-09-17T13:45:00+00:00,False,candidate_pending_review,Liam Lawson,LAW,AlphaTauri,10.0,9.0,Finished,False,62.0,,58|59,fia_clock_participant_multi_lap_window,,,,,0,0,0,0,False,2,low,multi_car_incident,unknown,timing_screen_only_not_damage_evidence,pending_human_review,2023-sgp Liam Lawson AlphaTauri race report damage collision puncture front wing floor retirement,site:formula1.com/en/latest 2023-sgp Liam Lawson damage collision puncture pit stop retirement
f7d739a66cd0d2ec5877,referral-77f98b44ca9910e1,race_control_episode_candidate_pending_review,2024-abu,Race,1,accused,1|81,2,adj-8ca9eb32832537c5,fia-2024-abu-4ec5bc83f9fa,time_penalty,1,False,fia_incident_clock_single_lap_interval,2024-12-08T13:03:00+00:00,2024-12-08T13:04:00+00:00,False,high_confidence_algorithmic,Max Verstappen,VER,Red Bull Racing,4.0,6.0,Finished,False,58.0,1,1,fia_clock_participant_single_lap_interval,,11.0,,,0,8,0,0,False,2,low,incident_lap_available,unknown,timing_screen_only_not_damage_evidence,pending_human_review,2024-abu Max Verstappen Red Bull Racing race report damage collision puncture front wing floor retirement,site:formula1.com/en/latest 2024-abu Max Verstappen damage collision puncture pit stop retirement
2d31b1d6a321f29cc1dc,referral-77f98b44ca9910e1,race_control_episode_candidate_pending_review,2024-abu,Race,81,affected,1|81,2,adj-8ca9eb32832537c5,fia-2024-abu-4ec5bc83f9fa,time_penalty,1,False,fia_incident_clock_single_lap_interval,2024-12-08T13:03:00+00:00,2024-12-08T13:04:00+00:00,False,high_confidence_algorithmic,Oscar Piastri,PIA,McLaren,2.0,10.0,Finished,False,58.0,1,1,fia_clock_participant_single_lap_interval,,19.0,,,0,8,0,8,False,2,low,incident_lap_available,unknown,timing_screen_only_not_damage_evidence,pending_human_review,2024-abu Oscar Piastri McLaren race report damage collision puncture front wing floor retirement,site:formula1.com/en/latest 2024-abu Oscar Piastri damage collision puncture pit stop retirement
b53a190bffb6908a29fb,referral-c4d62265d08c758d,race_control_episode_candidate_pending_review,2024-chn,Sprint,55,affected,14|55,2,adj-1b908ee0c8888db7,fia-2024-chn-d3b9af164caf,time_penalty,16,False,fia_incident_clock_single_lap_interval,2024-04-20T03:30:00+00:00,2024-04-20T03:31:00+00:00,False,candidate_pending_review,Carlos Sainz,SAI,Ferrari,5.0,5.0,Finished,False,19.0,16,16,fia_clock_participant_single_lap_interval,4.0,4.0,0.0,,8,3,8,3,False,2,low,incident_lap_available,unknown,timing_screen_only_not_damage_evidence,pending_human_review,2024-chn Carlos Sainz Ferrari race report damage collision puncture front wing floor retirement,site:formula1.com/en/latest 2024-chn Carlos Sainz damage collision puncture pit stop retirement
da2367d539573d43b7bc,incident-src-c66b11904508fc88,existing_incident_id,2024-mex,Race,43,accused,30|43,2,adj-c66b11904508fc88,fia-2024-mex-c52d53ba8a48,time_penalty,65,False,fia_incident_clock_single_lap_interval,2024-10-27T21:37:00+00:00,2024-10-27T21:38:00+00:00,False,ambiguous_pending_review,Franco Colapinto,COL,Williams,16.0,12.0,Lapped,False,70.0,65,65,fia_clock_participant_single_lap_interval,13.0,12.0,-1.0,,8,5,0,0,False,2,low,incident_lap_available,unknown,timing_screen_only_not_damage_evidence,pending_human_review,2024-mex Franco Colapinto Williams race report damage collision puncture front wing floor retirement,site:formula1.com/en/latest 2024-mex Franco Colapinto damage collision puncture pit stop retirement
988226774f7398f54967,referral-b2dfeca185ec8f72,race_control_episode_candidate_pending_review,2024-qat,Race,23,affected,18|23,2,adj-8cd0b8f0391a2018,fia-2024-qat-3c549ce8f3dd,time_penalty,1,False,model_reviewed_source_or_timing,2024-12-01T16:04:00+00:00,2024-12-01T16:05:00+00:00,False,high_confidence_algorithmic,Alexander Albon,ALB,Williams,16.0,15.0,Lapped,False,56.0,1,1,fia_clock_participant_single_lap_interval,,16.0,,,0,8,0,0,False,2,low,incident_lap_available,unknown,timing_screen_only_not_damage_evidence,pending_human_review,2024-qat Alexander Albon Williams race report damage collision puncture front wing floor retirement,site:formula1.com/en/latest 2024-qat Alexander Albon damage collision puncture pit stop retirement
65181bbdf9c70b69eb93,referral-dd7533f75f09690c,race_control_episode_candidate_pending_review,2024-qat,Race,20,affected,20|23,2,adj-d55cdfc134f24f71,fia-2024-qat-ac0687a82537,time_penalty,43,False,fia_incident_clock_single_lap_interval,2024-12-01T17:14:00+00:00,2024-12-01T17:15:00+00:00,False,high_confidence_algorithmic,Kevin Magnussen,MAG,Haas F1 Team,10.0,9.0,Finished,False,57.0,43,43,fia_clock_participant_single_lap_interval,10.0,11.0,1.0,,8,8,5,0,False,2,low,incident_lap_available,unknown,timing_screen_only_not_damage_evidence,pending_human_review,2024-qat Kevin Magnussen Haas F1 Team race report damage collision puncture front wing floor retirement,site:formula1.com/en/latest 2024-qat Kevin Magnussen damage collision puncture pit stop retirement
e05f8652f9356499e35d,referral-dd7533f75f09690c,race_control_episode_candidate_pending_review,2024-qat,Race,23,accused,20|23,2,adj-d55cdfc134f24f71,fia-2024-qat-ac0687a82537,time_penalty,43,False,fia_incident_clock_single_lap_interval,2024-12-01T17:14:00+00:00,2024-12-01T17:15:00+00:00,False,high_confidence_algorithmic,Alexander Albon,ALB,Williams,16.0,15.0,Lapped,False,56.0,43,43,fia_clock_participant_single_lap_interval,11.0,10.0,-1.0,,8,8,0,0,False,2,low,incident_lap_available,unknown,timing_screen_only_not_damage_evidence,pending_human_review,2024-qat Alexander Albon Williams race report damage collision puncture front wing floor retirement,site:formula1.com/en/latest 2024-qat Alexander Albon damage collision puncture pit stop retirement
c81109c3fe647e208d9e,referral-56f9042ef5b6a732,race_control_episode_candidate_pending_review,2024-sao,Race,30,affected,30|44|81,3,adj-c415a16a0b4f8470,fia-2024-sao-77a08cd10ed4,time_penalty,,False,unresolved,2024-11-03T16:25:00+00:00,2024-11-03T16:26:00+00:00,False,high_confidence_algorithmic,Liam Lawson,LAW,RB,5.0,9.0,Finished,False,69.0,,25|26,fia_clock_participant_multi_lap_window,,,,,0,0,0,0,False,2,low,multi_car_incident,unknown,timing_screen_only_not_damage_evidence,pending_human_review,2024-sao Liam Lawson RB race report damage collision puncture front wing floor retirement,site:formula1.com/en/latest 2024-sao Liam Lawson damage collision puncture pit stop retirement
c314112cf7b237b14758,referral-56f9042ef5b6a732,race_control_episode_candidate_pending_review,2024-sao,Race,44,affected,30|44|81,3,adj-c415a16a0b4f8470,fia-2024-sao-77a08cd10ed4,time_penalty,,False,unresolved,2024-11-03T16:25:00+00:00,2024-11-03T16:26:00+00:00,False,high_confidence_algorithmic,Lewis Hamilton,HAM,Mercedes,14.0,10.0,Finished,False,69.0,,25|26,fia_clock_participant_multi_lap_window,,,,,0,0,0,0,False,2,low,multi_car_incident,unknown,timing_screen_only_not_damage_evidence,pending_human_review,2024-sao Lewis Hamilton Mercedes race report damage collision puncture front wing floor retirement,site:formula1.com/en/latest 2024-sao Lewis Hamilton damage collision puncture pit stop retirement
78279aa6488f46a9afd4,referral-56f9042ef5b6a732,race_control_episode_candidate_pending_review,2024-sao,Race,81,accused,30|44|81,3,adj-c415a16a0b4f8470,fia-2024-sao-77a08cd10ed4,time_penalty,,False,unresolved,2024-11-03T16:25:00+00:00,2024-11-03T16:26:00+00:00,False,high_confidence_algorithmic,Oscar Piastri,PIA,McLaren,8.0,8.0,Finished,False,69.0,,25|26,fia_clock_participant_multi_lap_window,,,,,0,0,0,0,False,2,low,multi_car_incident,unknown,timing_screen_only_not_damage_evidence,pending_human_review,2024-sao Oscar Piastri McLaren race report damage collision puncture front wing floor retirement,site:formula1.com/en/latest 2024-sao Oscar Piastri damage collision puncture pit stop retirement
5cc594cb90e5c6ef336b,referral-a54b06fbd1bfe5dc,race_control_episode_candidate_pending_review,2025-abu,Race,10,accused_and_affected,10|27,2,adj-e4777c2ca2dcd628|adj-e6d0642f2d104bf2,fia-2025-abu-9913dc5c7021|fia-2025-abu-9c20002be5b0,no_further_action,1,False,fia_incident_clock_single_lap_interval,2025-12-07T13:04:00+00:00,2025-12-07T13:05:00+00:00,False,high_confidence_algorithmic,Pierre Gasly,GAS,Alpine,19.0,19.0,Lapped,False,57.0,1,1,fia_clock_participant_single_lap_interval,,19.0,,,0,8,0,8,False,2,low,incident_lap_available,unknown,timing_screen_only_not_damage_evidence,pending_human_review,2025-abu Pierre Gasly Alpine race report damage collision puncture front wing floor retirement,site:formula1.com/en/latest 2025-abu Pierre Gasly damage collision puncture pit stop retirement
b3e9f63c4276a4114c9f,referral-a54b06fbd1bfe5dc,race_control_episode_candidate_pending_review,2025-abu,Race,27,accused_and_affected,10|27,2,adj-e4777c2ca2dcd628|adj-e6d0642f2d104bf2,fia-2025-abu-9913dc5c7021|fia-2025-abu-9c20002be5b0,no_further_action,1,False,fia_incident_clock_single_lap_interval,2025-12-07T13:04:00+00:00,2025-12-07T13:05:00+00:00,False,high_confidence_algorithmic,Nico Hulkenberg,HUL,Kick Sauber,18.0,9.0,Finished,False,58.0,1,1,fia_clock_participant_single_lap_interval,,18.0,,,0,8,0,8,False,2,low,incident_lap_available,unknown,timing_screen_only_not_damage_evidence,pending_human_review,2025-abu Nico Hulkenberg Kick Sauber race report damage collision puncture front wing floor retirement,site:formula1.com/en/latest 2025-abu Nico Hulkenberg damage collision puncture pit stop retirement
1d966aaacb8fc007eb6e,referral-8fb16f079cf7e00b,race_control_episode_candidate_pending_review,2025-aze,Race,23,accused,23|43,2,adj-94d8c357c79994c4,fia-2025-aze-0d1070d6a1c6,time_penalty,17,False,fia_incident_clock_single_lap_interval,2025-09-21T11:37:00+00:00,2025-09-21T11:38:00+00:00,False,high_confidence_algorithmic,Alexander Albon,ALB,Williams,19.0,13.0,Finished,False,51.0,17,17,fia_clock_participant_single_lap_interval,19.0,18.0,-1.0,,8,8,8,7,True,2,low,incident_lap_available,unknown,timing_screen_only_not_damage_evidence,pending_human_review,2025-aze Alexander Albon Williams race report damage collision puncture front wing floor retirement,site:formula1.com/en/latest 2025-aze Alexander Albon damage collision puncture pit stop retirement
8e07ac6b43635dab1cee,referral-80b7ad494889ee19,race_control_episode_candidate_pending_review,2025-chn,Sprint,5,affected,5|7,2,adj-f73048c90c90fbee,fia-2025-chn-5f2ef54b24c3,time_penalty,19,False,fia_incident_clock_single_lap_interval,2025-03-22T03:34:00+00:00,2025-03-22T03:35:00+00:00,False,high_confidence_algorithmic,Gabriel Bortoleto,BOR,Kick Sauber,14.0,18.0,Finished,False,19.0,19,19,fia_clock_participant_single_lap_interval,16.0,18.0,2.0,,8,0,8,0,False,2,low,incident_lap_available,unknown,timing_screen_only_not_damage_evidence,pending_human_review,2025-chn Gabriel Bortoleto Kick Sauber race report damage collision puncture front wing floor retirement,site:formula1.com/en/latest 2025-chn Gabriel Bortoleto damage collision puncture pit stop retirement
da74b47e4d3f3b7c5400,referral-80b7ad494889ee19,race_control_episode_candidate_pending_review,2025-chn,Sprint,7,accused,5|7,2,adj-f73048c90c90fbee,fia-2025-chn-5f2ef54b24c3,time_penalty,19,False,fia_incident_clock_single_lap_interval,2025-03-22T03:34:00+00:00,2025-03-22T03:35:00+00:00,False,high_confidence_algorithmic,Jack Doohan,DOO,Alpine,16.0,20.0,Finished,False,19.0,19,19,fia_clock_participant_single_lap_interval,18.0,20.0,2.0,,8,0,8,0,False,2,low,incident_lap_available,unknown,timing_screen_only_not_damage_evidence,pending_human_review,2025-chn Jack Doohan Alpine race report damage collision puncture front wing floor retirement,site:formula1.com/en/latest 2025-chn Jack Doohan damage collision puncture pit stop retirement
5765d631ee536d013e17,referral-6eacb77df8d2ea39,race_control_episode_candidate_pending_review,2025-esp,Race,1,accused_and_affected,1|16|63,3,adj-412e6ca5aca26ea3|adj-567832bf228e7eb4|adj-6df990a2ab7ddf2d,fia-2025-esp-099b030b67a2|fia-2025-esp-0fd436b99af1|fia-2025-esp-8cd31c466963,no_further_action|time_penalty,,False,unresolved,,,True,candidate_pending_review|high_confidence_algorithmic,Max Verstappen,VER,Red Bull Racing,3.0,10.0,Finished,False,66.0,,,unresolved,,,,,0,0,0,0,False,2,low,multi_car_incident,unknown,timing_screen_only_not_damage_evidence,pending_human_review,2025-esp Max Verstappen Red Bull Racing race report damage collision puncture front wing floor retirement,site:formula1.com/en/latest 2025-esp Max Verstappen damage collision puncture pit stop retirement
67bd3cc8d9f97a7b2a4b,referral-6eacb77df8d2ea39,race_control_episode_candidate_pending_review,2025-esp,Race,16,accused_and_affected,1|16|63,3,adj-412e6ca5aca26ea3|adj-567832bf228e7eb4|adj-6df990a2ab7ddf2d,fia-2025-esp-099b030b67a2|fia-2025-esp-0fd436b99af1|fia-2025-esp-8cd31c466963,no_further_action|time_penalty,,False,unresolved,,,True,candidate_pending_review|high_confidence_algorithmic,Charles Leclerc,LEC,Ferrari,7.0,3.0,Finished,False,66.0,,,unresolved,,,,,0,0,0,0,False,2,low,multi_car_incident,unknown,timing_screen_only_not_damage_evidence,pending_human_review,2025-esp Charles Leclerc Ferrari race report damage collision puncture front wing floor retirement,site:formula1.com/en/latest 2025-esp Charles Leclerc damage collision puncture pit stop retirement
d3aa0a56b596932e1db0,referral-6eacb77df8d2ea39,race_control_episode_candidate_pending_review,2025-esp,Race,63,affected,1|16|63,3,adj-412e6ca5aca26ea3|adj-567832bf228e7eb4|adj-6df990a2ab7ddf2d,fia-2025-esp-099b030b67a2|fia-2025-esp-0fd436b99af1|fia-2025-esp-8cd31c466963,no_further_action|time_penalty,,False,unresolved,,,True,candidate_pending_review|high_confidence_algorithmic,George Russell,RUS,Mercedes,4.0,4.0,Finished,False,66.0,,,unresolved,,,,,0,0,0,0,False,2,low,multi_car_incident,unknown,timing_screen_only_not_damage_evidence,pending_human_review,2025-esp George Russell Mercedes race report damage collision puncture front wing floor retirement,site:formula1.com/en/latest 2025-esp George Russell damage collision puncture pit stop retirement
6f469253c153aaeb9974,referral-0781a9d0f3e2cf8d,race_control_episode_candidate_pending_review,2025-gbr,Race,22,accused,22|87,2,adj-56c508de2d41940c,fia-2025-gbr-66f857d6d3d7,time_penalty,22,False,fia_incident_clock_single_lap_interval,2025-07-06T14:50:00+00:00,2025-07-06T14:51:00+00:00,False,high_confidence_algorithmic,Yuki Tsunoda,TSU,Red Bull Racing,11.0,15.0,Lapped,False,51.0,22,22,fia_clock_participant_single_lap_interval,13.0,14.0,1.0,,3,8,3,8,False,2,low,incident_lap_available,unknown,timing_screen_only_not_damage_evidence,pending_human_review,2025-gbr Yuki Tsunoda Red Bull Racing race report damage collision puncture front wing floor retirement,site:formula1.com/en/latest 2025-gbr Yuki Tsunoda damage collision puncture pit stop retirement
ba158a47ed03b0b191ef,referral-0781a9d0f3e2cf8d,race_control_episode_candidate_pending_review,2025-gbr,Race,87,affected,22|87,2,adj-56c508de2d41940c,fia-2025-gbr-66f857d6d3d7,time_penalty,22,False,fia_incident_clock_single_lap_interval,2025-07-06T14:50:00+00:00,2025-07-06T14:51:00+00:00,False,high_confidence_algorithmic,Oliver Bearman,BEA,Haas F1 Team,18.0,11.0,Finished,False,52.0,22,22,fia_clock_participant_single_lap_interval,14.0,15.0,1.0,,3,8,3,8,False,2,low,incident_lap_available,unknown,timing_screen_only_not_damage_evidence,pending_human_review,2025-gbr Oliver Bearman Haas F1 Team race report damage collision puncture front wing floor retirement,site:formula1.com/en/latest 2025-gbr Oliver Bearman damage collision puncture pit stop retirement
42723cdc94e1af089d8e,referral-39687112b09e6548,race_control_episode_candidate_pending_review,2025-gbr,Race,87,accused_and_affected,31|87,2,adj-42e27716f0b6e748|adj-73480aa892b4963c,fia-2025-gbr-b43775ce7468|fia-2025-gbr-bde5afff8b9e,no_further_action,43,False,fia_incident_clock_single_lap_interval,2025-07-06T15:27:00+00:00,2025-07-06T15:28:00+00:00,False,candidate_pending_review,Oliver Bearman,BEA,Haas F1 Team,18.0,11.0,Finished,False,52.0,43,43,fia_clock_participant_single_lap_interval,12.0,11.0,-1.0,,8,8,8,8,True,2,low,incident_lap_available,unknown,timing_screen_only_not_damage_evidence,pending_human_review,2025-gbr Oliver Bearman Haas F1 Team race report damage collision puncture front wing floor retirement,site:formula1.com/en/latest 2025-gbr Oliver Bearman damage collision puncture pit stop retirement
ba12c85ad0e3b468e699,referral-da5b6ae5cfb3c8a1,race_control_episode_candidate_pending_review,2025-hun,Race,10,accused,10|55,2,adj-4fb7700e0eacd773,fia-2025-hun-3fbd14c36cd7,time_penalty,61,False,fia_incident_clock_single_lap_interval,2025-08-03T14:27:00+00:00,2025-08-03T14:28:00+00:00,False,high_confidence_algorithmic,Pierre Gasly,GAS,Alpine,16.0,19.0,Lapped,False,69.0,61,61,fia_clock_participant_single_lap_interval,14.0,14.0,0.0,,8,8,8,8,True,2,low,incident_lap_available,unknown,timing_screen_only_not_damage_evidence,pending_human_review,2025-hun Pierre Gasly Alpine race report damage collision puncture front wing floor retirement,site:formula1.com/en/latest 2025-hun Pierre Gasly damage collision puncture pit stop retirement
87c518f59d6f805614e7,referral-da5b6ae5cfb3c8a1,race_control_episode_candidate_pending_review,2025-hun,Race,55,affected,10|55,2,adj-4fb7700e0eacd773,fia-2025-hun-3fbd14c36cd7,time_penalty,61,False,fia_incident_clock_single_lap_interval,2025-08-03T14:27:00+00:00,2025-08-03T14:28:00+00:00,False,high_confidence_algorithmic,Carlos Sainz,SAI,Williams,13.0,14.0,Lapped,False,69.0,61,61,fia_clock_participant_single_lap_interval,15.0,16.0,1.0,,8,8,8,8,True,2,low,incident_lap_available,unknown,timing_screen_only_not_damage_evidence,pending_human_review,2025-hun Carlos Sainz Williams race report damage collision puncture front wing floor retirement,site:formula1.com/en/latest 2025-hun Carlos Sainz damage collision puncture pit stop retirement
21da8e4ca49452c88062,referral-05462a009b963b4e,race_control_episode_candidate_pending_review,2025-ita,Race,55,affected,55|87,2,adj-c3132170cde7b7cf,fia-2025-ita-9d19bb5350fc,time_penalty,40,False,fia_incident_clock_single_lap_interval,2025-09-07T13:59:00+00:00,2025-09-07T14:00:00+00:00,False,high_confidence_algorithmic,Carlos Sainz,SAI,Williams,13.0,11.0,Finished,False,53.0,40,40,fia_clock_participant_single_lap_interval,14.0,14.0,0.0,,8,8,8,6,True,2,low,incident_lap_available,unknown,timing_screen_only_not_damage_evidence,pending_human_review,2025-ita Carlos Sainz Williams race report damage collision puncture front wing floor retirement,site:formula1.com/en/latest 2025-ita Carlos Sainz damage collision puncture pit stop retirement
15cf88ba6e594bcde961,referral-05462a009b963b4e,race_control_episode_candidate_pending_review,2025-ita,Race,87,accused,55|87,2,adj-c3132170cde7b7cf,fia-2025-ita-9d19bb5350fc,time_penalty,40,False,fia_incident_clock_single_lap_interval,2025-09-07T13:59:00+00:00,2025-09-07T14:00:00+00:00,False,high_confidence_algorithmic,Oliver Bearman,BEA,Haas F1 Team,11.0,12.0,Finished,False,53.0,40,40,fia_clock_participant_single_lap_interval,13.0,15.0,2.0,,8,8,8,8,True,2,low,incident_lap_available,unknown,timing_screen_only_not_damage_evidence,pending_human_review,2025-ita Oliver Bearman Haas F1 Team race report damage collision puncture front wing floor retirement,site:formula1.com/en/latest 2025-ita Oliver Bearman damage collision puncture pit stop retirement
c2fba1f11b254a84e684,referral-6fc136acc0b9e3a0,race_control_episode_candidate_pending_review,2025-mia,Race,44,accused_and_affected,44|55,2,adj-324b4967a8663b58|adj-cc7aa990ebfcb644,fia-2025-mia-2fbe65f9cac5|fia-2025-mia-45845998ca54,no_further_action,57,False,fia_incident_clock_single_lap_interval,2025-05-04T21:33:00+00:00,2025-05-04T21:34:00+00:00,False,high_confidence_algorithmic,Lewis Hamilton,HAM,Ferrari,12.0,8.0,Finished,False,57.0,57,57,fia_clock_participant_single_lap_interval,8.0,8.0,0.0,,8,0,8,0,False,2,low,incident_lap_available,unknown,timing_screen_only_not_damage_evidence,pending_human_review,2025-mia Lewis Hamilton Ferrari race report damage collision puncture front wing floor retirement,site:formula1.com/en/latest 2025-mia Lewis Hamilton damage collision puncture pit stop retirement
8714e8dc00bd6e57e621,referral-6fc136acc0b9e3a0,race_control_episode_candidate_pending_review,2025-mia,Race,55,accused_and_affected,44|55,2,adj-324b4967a8663b58|adj-cc7aa990ebfcb644,fia-2025-mia-2fbe65f9cac5|fia-2025-mia-45845998ca54,no_further_action,57,False,fia_incident_clock_single_lap_interval,2025-05-04T21:33:00+00:00,2025-05-04T21:34:00+00:00,False,high_confidence_algorithmic,Carlos Sainz,SAI,Williams,6.0,9.0,Finished,False,57.0,57,57,fia_clock_participant_single_lap_interval,9.0,9.0,0.0,,8,0,8,0,False,2,low,incident_lap_available,unknown,timing_screen_only_not_damage_evidence,pending_human_review,2025-mia Carlos Sainz Williams race report damage collision puncture front wing floor retirement,site:formula1.com/en/latest 2025-mia Carlos Sainz damage collision puncture pit stop retirement
bd11ad274af6f727511c,referral-b7a7e983f39b483b,race_control_episode_candidate_pending_review,2025-mia,Sprint,30,accused,14|30,2,adj-5fb4a92076f8efba,fia-2025-mia-257f8720a641,time_penalty,14,False,fia_incident_clock_single_lap_interval,2025-05-03T16:54:00+00:00,2025-05-03T16:55:00+00:00,False,candidate_pending_review,Liam Lawson,LAW,Racing Bulls,14.0,13.0,Finished,False,18.0,14,14,fia_clock_participant_single_lap_interval,12.0,8.0,-4.0,,8,0,8,0,False,2,low,incident_lap_available,unknown,timing_screen_only_not_damage_evidence,pending_human_review,2025-mia Liam Lawson Racing Bulls race report damage collision puncture front wing floor retirement,site:formula1.com/en/latest 2025-mia Liam Lawson damage collision puncture pit stop retirement
9006c0c8ed75bdab6ec8,referral-b8d436316d13e265,race_control_episode_candidate_pending_review,2025-sao,Race,12,affected,12|16|81,3,adj-07251667fa91d99d,fia-2025-sao-f7a215166f92,time_penalty,6,False,model_reviewed_source_or_timing,2025-11-09T17:12:00+00:00,2025-11-09T17:13:00+00:00,False,high_confidence_algorithmic,Kimi Antonelli,ANT,Mercedes,2.0,2.0,Finished,False,71.0,,5|6,fia_clock_participant_multi_lap_window,,,,,0,0,0,0,False,2,low,multi_car_incident,unknown,timing_screen_only_not_damage_evidence,pending_human_review,2025-sao Kimi Antonelli Mercedes race report damage collision puncture front wing floor retirement,site:formula1.com/en/latest 2025-sao Kimi Antonelli damage collision puncture pit stop retirement
f8b9f2dda08136f9294d,referral-b8d436316d13e265,race_control_episode_candidate_pending_review,2025-sao,Race,81,accused,12|16|81,3,adj-07251667fa91d99d,fia-2025-sao-f7a215166f92,time_penalty,6,False,model_reviewed_source_or_timing,2025-11-09T17:12:00+00:00,2025-11-09T17:13:00+00:00,False,high_confidence_algorithmic,Oscar Piastri,PIA,McLaren,4.0,5.0,Finished,False,71.0,,5|6,fia_clock_participant_multi_lap_window,,,,,0,0,0,0,False,2,low,multi_car_incident,unknown,timing_screen_only_not_damage_evidence,pending_human_review,2025-sao Oscar Piastri McLaren race report damage collision puncture front wing floor retirement,site:formula1.com/en/latest 2025-sao Oscar Piastri damage collision puncture pit stop retirement
fb1e516dc1b227902359,referral-e087a5378e0f0c80,race_control_episode_candidate_pending_review,2025-sao,Sprint,30,accused,30|87,2,adj-a4594db187cf51e4,fia-2025-sao-61b609bbbc46,time_penalty,1,False,fia_incident_clock_single_lap_interval,2025-11-08T14:03:00+00:00,2025-11-08T14:04:00+00:00,False,candidate_pending_review,Liam Lawson,LAW,Racing Bulls,17.0,16.0,Finished,False,24.0,1,1,fia_clock_participant_single_lap_interval,,16.0,,,0,8,0,8,False,2,low,incident_lap_available,unknown,timing_screen_only_not_damage_evidence,pending_human_review,2025-sao Liam Lawson Racing Bulls race report damage collision puncture front wing floor retirement,site:formula1.com/en/latest 2025-sao Liam Lawson damage collision puncture pit stop retirement
979f009194a977362aa9,referral-e087a5378e0f0c80,race_control_episode_candidate_pending_review,2025-sao,Sprint,87,affected,30|87,2,adj-a4594db187cf51e4,fia-2025-sao-61b609bbbc46,time_penalty,1,False,fia_incident_clock_single_lap_interval,2025-11-08T14:03:00+00:00,2025-11-08T14:04:00+00:00,False,candidate_pending_review,Oliver Bearman,BEA,Haas F1 Team,15.0,12.0,Finished,False,24.0,1,1,fia_clock_participant_single_lap_interval,,18.0,,,0,8,0,8,False,2,low,incident_lap_available,unknown,timing_screen_only_not_damage_evidence,pending_human_review,2025-sao Oliver Bearman Haas F1 Team race report damage collision puncture front wing floor retirement,site:formula1.com/en/latest 2025-sao Oliver Bearman damage collision puncture pit stop retirement
250546cf9f3bfb40f9b5,referral-284df2fbe634a719,race_control_episode_candidate_pending_review,2018-aze,Race,10,affected,10|20,2,adj-b5b3a795e56fb51d,fia-2018-aze-b6df36c282b7,time_penalty,,False,unresolved,2018-04-29T13:50:00+00:00,2018-04-29T13:51:00+00:00,False,candidate_pending_review,Pierre Gasly,GAS,Toro Rosso,17.0,12.0,Finished,False,51.0,,47|48,fia_clock_participant_multi_lap_window,,,,,0,0,0,0,False,0,low,,unknown,timing_screen_only_not_damage_evidence,pending_human_review,2018-aze Pierre Gasly Toro Rosso race report damage collision puncture front wing floor retirement,site:formula1.com/en/latest 2018-aze Pierre Gasly damage collision puncture pit stop retirement
87a105240c08594985fe,referral-284df2fbe634a719,race_control_episode_candidate_pending_review,2018-aze,Race,20,accused,10|20,2,adj-b5b3a795e56fb51d,fia-2018-aze-b6df36c282b7,time_penalty,,False,unresolved,2018-04-29T13:50:00+00:00,2018-04-29T13:51:00+00:00,False,candidate_pending_review,Kevin Magnussen,MAG,Haas F1 Team,15.0,13.0,Finished,False,51.0,,47|48,fia_clock_participant_multi_lap_window,,,,,0,0,0,0,False,0,low,,unknown,timing_screen_only_not_damage_evidence,pending_human_review,2018-aze Kevin Magnussen Haas F1 Team race report damage collision puncture front wing floor retirement,site:formula1.com/en/latest 2018-aze Kevin Magnussen damage collision puncture pit stop retirement
62d76bc784bc011bb0cd,referral-396f655648060e9d,race_control_episode_candidate_pending_review,2018-bra,Race,31,accused,31|33,2,adj-39523131c9d9684d,fia-2018-bra-1cf7293f9bee,stop_go,,False,unresolved,2018-11-11T18:06:00+00:00,2018-11-11T18:07:00+00:00,False,high_confidence_algorithmic,Esteban Ocon,OCO,Racing Point,18.0,15.0,+1 Lap,False,70.0,,42|43,fia_clock_participant_multi_lap_window,,,,,0,0,0,0,False,0,low,,unknown,timing_screen_only_not_damage_evidence,pending_human_review,2018-bra Esteban Ocon Racing Point race report damage collision puncture front wing floor retirement,site:formula1.com/en/latest 2018-bra Esteban Ocon damage collision puncture pit stop retirement
a04d83ab003985b2e1a1,referral-396f655648060e9d,race_control_episode_candidate_pending_review,2018-bra,Race,33,affected,31|33,2,adj-39523131c9d9684d,fia-2018-bra-1cf7293f9bee,stop_go,,False,unresolved,2018-11-11T18:06:00+00:00,2018-11-11T18:07:00+00:00,False,high_confidence_algorithmic,Max Verstappen,VER,Red Bull Racing,5.0,2.0,Finished,False,71.0,,43|44,fia_clock_participant_multi_lap_window,,,,,0,0,0,0,False,0,low,,unknown,timing_screen_only_not_damage_evidence,pending_human_review,2018-bra Max Verstappen Red Bull Racing race report damage collision puncture front wing floor retirement,site:formula1.com/en/latest 2018-bra Max Verstappen damage collision puncture pit stop retirement
63919f281c6cb574ac1b,referral-db028cc9d0a1469a,race_control_episode_candidate_pending_review,2018-can,Race,11,affected,11|55,2,adj-f0841610b6a2725d,fia-2018-can-fa41432364aa,no_further_action,,False,unresolved,2018-06-10T18:21:00+00:00,2018-06-10T18:22:00+00:00,False,candidate_pending_review,Sergio Perez,PER,Force India,10.0,14.0,+1 Lap,False,67.0,,4|5,fia_clock_participant_multi_lap_window,,,,,0,0,0,0,False,0,low,,unknown,timing_screen_only_not_damage_evidence,pending_human_review,2018-can Sergio Perez Force India race report damage collision puncture front wing floor retirement,site:formula1.com/en/latest 2018-can Sergio Perez damage collision puncture pit stop retirement
87a7edb5a1878ca0b4bf,referral-db028cc9d0a1469a,race_control_episode_candidate_pending_review,2018-can,Race,55,accused,11|55,2,adj-f0841610b6a2725d,fia-2018-can-fa41432364aa,no_further_action,,False,unresolved,2018-06-10T18:21:00+00:00,2018-06-10T18:22:00+00:00,False,candidate_pending_review,Carlos Sainz,SAI,Renault,9.0,8.0,+1 Lap,False,67.0,,4|5,fia_clock_participant_multi_lap_window,,,,,0,0,0,0,False,0,low,,unknown,timing_screen_only_not_damage_evidence,pending_human_review,2018-can Carlos Sainz Renault race report damage collision puncture front wing floor retirement,site:formula1.com/en/latest 2018-can Carlos Sainz damage collision puncture pit stop retirement
2f80666ca681f7a321de,referral-07b5cb573e331c13,race_control_episode_candidate_pending_review,2018-chn,Race,5,affected,5|33,2,adj-04b290c26ab9e55d,fia-2018-chn-e98fbe4695b8,time_penalty,,False,unresolved,2018-04-15T07:28:00+00:00,2018-04-15T07:29:00+00:00,False,high_confidence_algorithmic,Sebastian Vettel,VET,Ferrari,1.0,8.0,Finished,False,56.0,,43|44,fia_clock_participant_multi_lap_window,,,,,0,0,0,0,False,0,low,,unknown,timing_screen_only_not_damage_evidence,pending_human_review,2018-chn Sebastian Vettel Ferrari race report damage collision puncture front wing floor retirement,site:formula1.com/en/latest 2018-chn Sebastian Vettel damage collision puncture pit stop retirement
281920ebc2bb11cedd1a,referral-07b5cb573e331c13,race_control_episode_candidate_pending_review,2018-chn,Race,33,accused,5|33,2,adj-04b290c26ab9e55d,fia-2018-chn-e98fbe4695b8,time_penalty,,False,unresolved,2018-04-15T07:28:00+00:00,2018-04-15T07:29:00+00:00,False,high_confidence_algorithmic,Max Verstappen,VER,Red Bull Racing,5.0,5.0,Finished,False,56.0,,43|44,fia_clock_participant_multi_lap_window,,,,,0,0,0,0,False,0,low,,unknown,timing_screen_only_not_damage_evidence,pending_human_review,2018-chn Max Verstappen Red Bull Racing race report damage collision puncture front wing floor retirement,site:formula1.com/en/latest 2018-chn Max Verstappen damage collision puncture pit stop retirement
71cdec5853f34aa73197,referral-bc126f304171b19a,race_control_episode_candidate_pending_review,2018-gbr,Race,10,accused,10|11,2,adj-f0f6dfe8d6cd5cc8,fia-2018-gbr-33466a876bdd,time_penalty,51,False,race_control_explicit_lap_candidate_link,2018-07-08T14:38:00+00:00,2018-07-08T14:39:00+00:00,False,candidate_pending_review,Pierre Gasly,GAS,Toro Rosso,14.0,13.0,Finished,False,52.0,,50|51,fia_clock_participant_multi_lap_window,,,,,0,0,0,0,False,0,low,,unknown,timing_screen_only_not_damage_evidence,pending_human_review,2018-gbr Pierre Gasly Toro Rosso race report damage collision puncture front wing floor retirement,site:formula1.com/en/latest 2018-gbr Pierre Gasly damage collision puncture pit stop retirement
e6f99dc84daaa72499a3,referral-bc126f304171b19a,race_control_episode_candidate_pending_review,2018-gbr,Race,11,affected,10|11,2,adj-f0f6dfe8d6cd5cc8,fia-2018-gbr-33466a876bdd,time_penalty,51,False,race_control_explicit_lap_candidate_link,2018-07-08T14:38:00+00:00,2018-07-08T14:39:00+00:00,False,candidate_pending_review,Sergio Perez,PER,Force India,12.0,10.0,Finished,False,52.0,,50|51,fia_clock_participant_multi_lap_window,,,,,0,0,0,0,False,0,low,,unknown,timing_screen_only_not_damage_evidence,pending_human_review,2018-gbr Sergio Perez Force India race report damage collision puncture front wing floor retirement,site:formula1.com/en/latest 2018-gbr Sergio Perez damage collision puncture pit stop retirement
12934332a364a51da18b,referral-57858ca3de2f83c6,race_control_episode_candidate_pending_review,2018-hun,Race,3,affected,3|77,2,adj-dd118f0c5b27dc3e,fia-2018-hun-4bfaca494290,time_penalty,,False,unresolved,2018-07-29T14:46:00+00:00,2018-07-29T14:47:00+00:00,False,candidate_pending_review,Daniel Ricciardo,RIC,Red Bull Racing,12.0,4.0,Finished,False,70.0,,67|68,fia_clock_participant_multi_lap_window,,,,,0,0,0,0,False,0,low,,unknown,timing_screen_only_not_damage_evidence,pending_human_review,2018-hun Daniel Ricciardo Red Bull Racing race report damage collision puncture front wing floor retirement,site:formula1.com/en/latest 2018-hun Daniel Ricciardo damage collision puncture pit stop retirement
768d0df885d9cd257988,referral-57858ca3de2f83c6,race_control_episode_candidate_pending_review,2018-hun,Race,77,accused,3|77,2,adj-dd118f0c5b27dc3e,fia-2018-hun-4bfaca494290,time_penalty,,False,unresolved,2018-07-29T14:46:00+00:00,2018-07-29T14:47:00+00:00,False,candidate_pending_review,Valtteri Bottas,BOT,Mercedes,2.0,5.0,Finished,False,70.0,,67|68,fia_clock_participant_multi_lap_window,,,,,0,0,0,0,False,0,low,,unknown,timing_screen_only_not_damage_evidence,pending_human_review,2018-hun Valtteri Bottas Mercedes race report damage collision puncture front wing floor retirement,site:formula1.com/en/latest 2018-hun Valtteri Bottas damage collision puncture pit stop retirement
bc35ac66ce680623e5e2,referral-5d5df20eacae8c4b,race_control_episode_candidate_pending_review,2018-ita,Race,33,accused,33|77,2,adj-87372849846bf17f,fia-2018-ita-4bcc40bb113b,time_penalty,,False,unresolved,2018-09-02T14:15:00+00:00,2018-09-02T14:16:00+00:00,False,candidate_pending_review,Max Verstappen,VER,Red Bull Racing,5.0,5.0,Finished,False,53.0,,42|43,fia_clock_participant_multi_lap_window,,,,,0,0,0,0,False,0,low,,unknown,timing_screen_only_not_damage_evidence,pending_human_review,2018-ita Max Verstappen Red Bull Racing race report damage collision puncture front wing floor retirement,site:formula1.com/en/latest 2018-ita Max Verstappen damage collision puncture pit stop retirement
345f50735ff8d4cce6e2,referral-5d5df20eacae8c4b,race_control_episode_candidate_pending_review,2018-ita,Race,77,affected,33|77,2,adj-87372849846bf17f,fia-2018-ita-4bcc40bb113b,time_penalty,,False,unresolved,2018-09-02T14:15:00+00:00,2018-09-02T14:16:00+00:00,False,candidate_pending_review,Valtteri Bottas,BOT,Mercedes,4.0,3.0,Finished,False,53.0,,42|43,fia_clock_participant_multi_lap_window,,,,,0,0,0,0,False,0,low,,unknown,timing_screen_only_not_damage_evidence,pending_human_review,2018-ita Valtteri Bottas Mercedes race report damage collision puncture front wing floor retirement,site:formula1.com/en/latest 2018-ita Valtteri Bottas damage collision puncture pit stop retirement
9dd9609040a261c642f5,referral-dfd7834061de9145,race_control_episode_candidate_pending_review,2018-jpn,Race,16,accused,16|20,2,adj-00d141181cb75914,fia-2018-jpn-b456aafdefec,no_further_action,,False,unresolved,2018-10-07T05:15:00+00:00,2018-10-07T05:16:00+00:00,False,candidate_pending_review,Charles Leclerc,LEC,Sauber,10.0,18.0,Mechanical,False,38.0,,1|2,fia_clock_participant_multi_lap_window,,,,,0,0,0,0,False,0,low,,unknown,timing_screen_only_not_damage_evidence,pending_human_review,2018-jpn Charles Leclerc Sauber race report damage collision puncture front wing floor retirement,site:formula1.com/en/latest 2018-jpn Charles Leclerc damage collision puncture pit stop retirement
f2670e396cd196c02c57,referral-b17d5267b718b8b8,race_control_episode_candidate_pending_review,2018-mex,Race,28,accused,28|31,2,adj-ed88cdc8e4ae5c06,fia-2018-mex-9fdf8480489c,time_penalty,,False,unresolved,2018-10-28T20:08:00+00:00,2018-10-28T20:09:00+00:00,False,candidate_pending_review,Brendon Hartley,HAR,Toro Rosso,14.0,14.0,+2 Laps,False,69.0,,38|39,fia_clock_participant_multi_lap_window,,,,,0,0,0,0,False,0,low,,unknown,timing_screen_only_not_damage_evidence,pending_human_review,2018-mex Brendon Hartley Toro Rosso race report damage collision puncture front wing floor retirement,site:formula1.com/en/latest 2018-mex Brendon Hartley damage collision puncture pit stop retirement
6c6d322e7e8b7af800b9,referral-b17d5267b718b8b8,race_control_episode_candidate_pending_review,2018-mex,Race,31,affected,28|31,2,adj-ed88cdc8e4ae5c06,fia-2018-mex-9fdf8480489c,time_penalty,,False,unresolved,2018-10-28T20:08:00+00:00,2018-10-28T20:09:00+00:00,False,candidate_pending_review,Esteban Ocon,OCO,Racing Point,11.0,11.0,+2 Laps,False,69.0,,38|39,fia_clock_participant_multi_lap_window,,,,,0,0,0,0,False,0,low,,unknown,timing_screen_only_not_damage_evidence,pending_human_review,2018-mex Esteban Ocon Racing Point race report damage collision puncture front wing floor retirement,site:formula1.com/en/latest 2018-mex Esteban Ocon damage collision puncture pit stop retirement
3fe0c056b95d1b269719,referral-3d0594eb680a4801,race_control_episode_candidate_pending_review,2018-sgp,Race,20,accused,20|28,2,adj-793e772ff47ab03e,fia-2018-sgp-21e75b934044,no_further_action,,False,unresolved,2018-09-16T13:19:00+00:00,2018-09-16T13:20:00+00:00,False,candidate_pending_review,Kevin Magnussen,MAG,Haas F1 Team,16.0,18.0,+2 Laps,False,59.0,,34|35,fia_clock_participant_multi_lap_window,,,,,0,0,0,0,False,0,low,,unknown,timing_screen_only_not_damage_evidence,pending_human_review,2018-sgp Kevin Magnussen Haas F1 Team race report damage collision puncture front wing floor retirement,site:formula1.com/en/latest 2018-sgp Kevin Magnussen damage collision puncture pit stop retirement
c7a05b861dfde77b19b0,referral-3d0594eb680a4801,race_control_episode_candidate_pending_review,2018-sgp,Race,28,affected,20|28,2,adj-793e772ff47ab03e,fia-2018-sgp-21e75b934044,no_further_action,,False,unresolved,2018-09-16T13:19:00+00:00,2018-09-16T13:20:00+00:00,False,candidate_pending_review,Brendon Hartley,HAR,Toro Rosso,17.0,17.0,+1 Lap,False,60.0,,34|35,fia_clock_participant_multi_lap_window,,,,,0,0,0,0,False,0,low,,unknown,timing_screen_only_not_damage_evidence,pending_human_review,2018-sgp Brendon Hartley Toro Rosso race report damage collision puncture front wing floor retirement,site:formula1.com/en/latest 2018-sgp Brendon Hartley damage collision puncture pit stop retirement
e9b759da4f33ddf555d2,referral-88b4f22aa00ba3db,race_control_episode_candidate_pending_review,2018-sgp,Race,11,accused,11|35,2,adj-3ca06449fb896289,fia-2018-sgp-d22646811c1a,drive_through,,False,unresolved,2018-09-16T13:17:00+00:00,2018-09-16T13:18:00+00:00,False,high_confidence_algorithmic,Sergio Perez,PER,Racing Point,7.0,16.0,+1 Lap,False,60.0,,33|34,fia_clock_participant_multi_lap_window,,,,,0,0,0,0,False,0,low,,unknown,timing_screen_only_not_damage_evidence,pending_human_review,2018-sgp Sergio Perez Racing Point race report damage collision puncture front wing floor retirement,site:formula1.com/en/latest 2018-sgp Sergio Perez damage collision puncture pit stop retirement
65af32b19a4b921cdecb,referral-88b4f22aa00ba3db,race_control_episode_candidate_pending_review,2018-sgp,Race,35,affected,11|35,2,adj-3ca06449fb896289,fia-2018-sgp-d22646811c1a,drive_through,,False,unresolved,2018-09-16T13:17:00+00:00,2018-09-16T13:18:00+00:00,False,high_confidence_algorithmic,Sergey Sirotkin,SIR,Williams,19.0,19.0,+2 Laps,False,59.0,,33|34,fia_clock_participant_multi_lap_window,,,,,0,0,0,0,False,0,low,,unknown,timing_screen_only_not_damage_evidence,pending_human_review,2018-sgp Sergey Sirotkin Williams race report damage collision puncture front wing floor retirement,site:formula1.com/en/latest 2018-sgp Sergey Sirotkin damage collision puncture pit stop retirement
a4005d10f21238f693f8,referral-a5b57ab7ac444c3e,race_control_episode_candidate_pending_review,2019-abu,Race,88,accused_and_affected,88|99,2,adj-995c2c2bf5c5a2da|adj-bff9e3e79b9d2b32,fia-2019-abu-e94aca06904a|fia-2019-abu-eed6b57f5b3f,no_further_action,,False,unresolved,2019-12-01T13:52:00+00:00,2019-12-01T13:53:00+00:00,False,candidate_pending_review,Robert Kubica,KUB,Williams,19.0,19.0,+2 Laps,False,53.0,,22|23,fia_clock_participant_multi_lap_window,,,,,0,0,0,0,False,0,low,,unknown,timing_screen_only_not_damage_evidence,pending_human_review,2019-abu Robert Kubica Williams race report damage collision puncture front wing floor retirement,site:formula1.com/en/latest 2019-abu Robert Kubica damage collision puncture pit stop retirement
5a59b8b2c745d288a0f2,referral-a5b57ab7ac444c3e,race_control_episode_candidate_pending_review,2019-abu,Race,99,accused_and_affected,88|99,2,adj-995c2c2bf5c5a2da|adj-bff9e3e79b9d2b32,fia-2019-abu-e94aca06904a|fia-2019-abu-eed6b57f5b3f,no_further_action,,False,unresolved,2019-12-01T13:52:00+00:00,2019-12-01T13:53:00+00:00,False,candidate_pending_review,Antonio Giovinazzi,GIO,Alfa Romeo Racing,16.0,16.0,+1 Lap,False,54.0,,22|23,fia_clock_participant_multi_lap_window,,,,,0,0,0,0,False,0,low,,unknown,timing_screen_only_not_damage_evidence,pending_human_review,2019-abu Antonio Giovinazzi Alfa Romeo Racing race report damage collision puncture front wing floor retirement,site:formula1.com/en/latest 2019-abu Antonio Giovinazzi damage collision puncture pit stop retirement
f50c9f194871ee8516ab,referral-4d6ae7323593bcf1,race_control_episode_candidate_pending_review,2019-aut,Race,16,accused_and_affected,16|33,2,adj-524c6675088fdc18|adj-a7a3ac083e4cb040,fia-2019-aut-529bae08f480|fia-2019-aut-f8011f674d7f,no_further_action,69,False,model_reviewed_source_or_timing,2019-06-30T14:31:00+00:00,2019-06-30T14:32:00+00:00,False,candidate_pending_review,Charles Leclerc,LEC,Ferrari,1.0,2.0,Finished,False,71.0,,68|69,fia_clock_participant_multi_lap_window,,,,,0,0,0,0,False,0,low,,unknown,timing_screen_only_not_damage_evidence,pending_human_review,2019-aut Charles Leclerc Ferrari race report damage collision puncture front wing floor retirement,site:formula1.com/en/latest 2019-aut Charles Leclerc damage collision puncture pit stop retirement
775d051b96a6cde6cca9,referral-4d6ae7323593bcf1,race_control_episode_candidate_pending_review,2019-aut,Race,33,accused_and_affected,16|33,2,adj-524c6675088fdc18|adj-a7a3ac083e4cb040,fia-2019-aut-529bae08f480|fia-2019-aut-f8011f674d7f,no_further_action,69,False,model_reviewed_source_or_timing,2019-06-30T14:31:00+00:00,2019-06-30T14:32:00+00:00,False,candidate_pending_review,Max Verstappen,VER,Red Bull Racing,2.0,1.0,Finished,False,71.0,,68|69,fia_clock_participant_multi_lap_window,,,,,0,0,0,0,False,0,low,,unknown,timing_screen_only_not_damage_evidence,pending_human_review,2019-aut Max Verstappen Red Bull Racing race report damage collision puncture front wing floor retirement,site:formula1.com/en/latest 2019-aut Max Verstappen damage collision puncture pit stop retirement
b309ea786a87aa37caa9,referral-f3ce5a27bbc5073e,race_control_episode_candidate_pending_review,2019-bhr,Race,33,accused_and_affected,33|55,2,adj-5375e3c95251badb|adj-8f6c033b94586d1e,fia-2019-bhr-132a9d8aa9de|fia-2019-bhr-2a5a65873384,no_further_action,,False,unresolved,2019-03-31T15:18:00+00:00,2019-03-31T15:19:00+00:00,False,candidate_pending_review,Max Verstappen,VER,Red Bull Racing,5.0,4.0,Finished,False,57.0,,3|4,fia_clock_participant_multi_lap_window,,,,,0,0,0,0,False,0,low,,unknown,timing_screen_only_not_damage_evidence,pending_human_review,2019-bhr Max Verstappen Red Bull Racing race report damage collision puncture front wing floor retirement,site:formula1.com/en/latest 2019-bhr Max Verstappen damage collision puncture pit stop retirement
f2a14f54f54db2ee67dc,referral-b688b56fa9892053,race_control_episode_candidate_pending_review,2019-gbr,Race,5,accused,5|33,2,adj-4ae27a945be232f3,fia-2019-gbr-9cce23a29f05,time_penalty,,False,unresolved,2019-07-14T14:12:00+00:00,2019-07-14T14:13:00+00:00,False,high_confidence_algorithmic,Sebastian Vettel,VET,Ferrari,6.0,16.0,+1 Lap,False,51.0,,37|38,fia_clock_participant_multi_lap_window,,,,,0,0,0,0,False,0,low,,unknown,timing_screen_only_not_damage_evidence,pending_human_review,2019-gbr Sebastian Vettel Ferrari race report damage collision puncture front wing floor retirement,site:formula1.com/en/latest 2019-gbr Sebastian Vettel damage collision puncture pit stop retirement
b0a872c65c632372f8ad,referral-b688b56fa9892053,race_control_episode_candidate_pending_review,2019-gbr,Race,33,affected,5|33,2,adj-4ae27a945be232f3,fia-2019-gbr-9cce23a29f05,time_penalty,,False,unresolved,2019-07-14T14:12:00+00:00,2019-07-14T14:13:00+00:00,False,high_confidence_algorithmic,Max Verstappen,VER,Red Bull Racing,4.0,5.0,Finished,False,52.0,,37|38,fia_clock_participant_multi_lap_window,,,,,0,0,0,0,False,0,low,,unknown,timing_screen_only_not_damage_evidence,pending_human_review,2019-gbr Max Verstappen Red Bull Racing race report damage collision puncture front wing floor retirement,site:formula1.com/en/latest 2019-gbr Max Verstappen damage collision puncture pit stop retirement
ae486b5af3eeb41516c6,referral-a5288224a70f7a28,race_control_episode_candidate_pending_review,2019-jpn,Race,10,accused_and_affected,10|11,2,adj-667d6bb8743116ef|adj-acc76c36ad0d55b6,fia-2019-jpn-8f4df880b95b|fia-2019-jpn-ddc6b3eef5b1,no_further_action,,False,unresolved,2019-10-13T06:35:00+00:00,2019-10-13T06:36:00+00:00,False,high_confidence_algorithmic,Pierre Gasly,GAS,Toro Rosso,9.0,7.0,+1 Lap,False,51.0,,51|52,fia_clock_participant_multi_lap_window,,,,,0,0,0,0,False,0,low,,unknown,timing_screen_only_not_damage_evidence,pending_human_review,2019-jpn Pierre Gasly Toro Rosso race report damage collision puncture front wing floor retirement,site:formula1.com/en/latest 2019-jpn Pierre Gasly damage collision puncture pit stop retirement
0787a21efcf4d120752f,referral-a5288224a70f7a28,race_control_episode_candidate_pending_review,2019-jpn,Race,11,accused_and_affected,10|11,2,adj-667d6bb8743116ef|adj-acc76c36ad0d55b6,fia-2019-jpn-8f4df880b95b|fia-2019-jpn-ddc6b3eef5b1,no_further_action,,False,unresolved,2019-10-13T06:35:00+00:00,2019-10-13T06:36:00+00:00,False,high_confidence_algorithmic,Sergio Perez,PER,Racing Point,17.0,8.0,+1 Lap,False,51.0,,51|52,fia_clock_participant_multi_lap_window,,,,,0,0,0,0,False,0,low,,unknown,timing_screen_only_not_damage_evidence,pending_human_review,2019-jpn Sergio Perez Racing Point race report damage collision puncture front wing floor retirement,site:formula1.com/en/latest 2019-jpn Sergio Perez damage collision puncture pit stop retirement
f5a7bf462ea3dc4ccb7e,referral-b74647f09839c78e,race_control_episode_candidate_pending_review,2019-mco,Race,33,accused_and_affected,33|44,2,adj-675739cef230a725|adj-76f534567702afe9,fia-2019-mco-93dff725c78b|fia-2019-mco-bf9eeec70400,no_further_action,,False,unresolved,2019-05-26T14:53:00+00:00,2019-05-26T14:54:00+00:00,False,candidate_pending_review,Max Verstappen,VER,Red Bull Racing,3.0,4.0,Finished,False,78.0,,76|77,fia_clock_participant_multi_lap_window,,,,,0,0,0,0,False,0,low,,unknown,timing_screen_only_not_damage_evidence,pending_human_review,2019-mco Max Verstappen Red Bull Racing race report damage collision puncture front wing floor retirement,site:formula1.com/en/latest 2019-mco Max Verstappen damage collision puncture pit stop retirement
cd17cb80e5e3e0e93438,referral-b74647f09839c78e,race_control_episode_candidate_pending_review,2019-mco,Race,44,accused_and_affected,33|44,2,adj-675739cef230a725|adj-76f534567702afe9,fia-2019-mco-93dff725c78b|fia-2019-mco-bf9eeec70400,no_further_action,,False,unresolved,2019-05-26T14:53:00+00:00,2019-05-26T14:54:00+00:00,False,candidate_pending_review,Lewis Hamilton,HAM,Mercedes,1.0,1.0,Finished,False,78.0,,76|77,fia_clock_participant_multi_lap_window,,,,,0,0,0,0,False,0,low,,unknown,timing_screen_only_not_damage_evidence,pending_human_review,2019-mco Lewis Hamilton Mercedes race report damage collision puncture front wing floor retirement,site:formula1.com/en/latest 2019-mco Lewis Hamilton damage collision puncture pit stop retirement
5674addeb4c18e6757db,referral-ab30fc15c6ead7d4,race_control_episode_candidate_pending_review,2019-sgp,Race,26,accused_and_affected,7|26,2,adj-90a21a4d4da139bd|adj-dc7143e62d2b209e,fia-2019-sgp-4f116694a24c|fia-2019-sgp-ab76599fc615,no_further_action,,False,unresolved,2019-09-22T13:50:00+00:00,2019-09-22T13:51:00+00:00,False,candidate_pending_review,Daniil Kvyat,KVY,Toro Rosso,14.0,15.0,Finished,False,61.0,,49|50,fia_clock_participant_multi_lap_window,,,,,0,0,0,0,False,0,low,,unknown,timing_screen_only_not_damage_evidence,pending_human_review,2019-sgp Daniil Kvyat Toro Rosso race report damage collision puncture front wing floor retirement,site:formula1.com/en/latest 2019-sgp Daniil Kvyat damage collision puncture pit stop retirement
8931decd4d57b1081d7d,referral-4f2acd9877c92ee0,race_control_episode_candidate_pending_review,2020-aut,Race,23,affected,23|44,2,adj-f6450ff6c230f5e0,fia-2020-aut-61b974e38056,time_penalty,,False,unresolved,2020-07-05T14:31:00+00:00,2020-07-05T14:32:00+00:00,False,high_confidence_algorithmic,Alexander Albon,ALB,Red Bull Racing,4.0,13.0,Electronics,False,67.0,,60|61,fia_clock_participant_multi_lap_window,,,,,0,0,0,0,False,0,low,,unknown,timing_screen_only_not_damage_evidence,pending_human_review,2020-aut Alexander Albon Red Bull Racing race report damage collision puncture front wing floor retirement,site:formula1.com/en/latest 2020-aut Alexander Albon damage collision puncture pit stop retirement
5c274c6aa15c12b3346b,referral-4f2acd9877c92ee0,race_control_episode_candidate_pending_review,2020-aut,Race,44,accused,23|44,2,adj-f6450ff6c230f5e0,fia-2020-aut-61b974e38056,time_penalty,,False,unresolved,2020-07-05T14:31:00+00:00,2020-07-05T14:32:00+00:00,False,high_confidence_algorithmic,Lewis Hamilton,HAM,Mercedes,5.0,4.0,Finished,False,71.0,,60|61,fia_clock_participant_multi_lap_window,,,,,0,0,0,0,False,0,low,,unknown,timing_screen_only_not_damage_evidence,pending_human_review,2020-aut Lewis Hamilton Mercedes race report damage collision puncture front wing floor retirement,site:formula1.com/en/latest 2020-aut Lewis Hamilton damage collision puncture pit stop retirement
189f66782f5bd1c2df7c,referral-2b30f84b57227347,race_control_episode_candidate_pending_review,2020-eif,Race,26,affected,23|26,2,adj-334b6200470cb5bc,fia-2020-eif-588d347b498e,time_penalty,18,False,fia_incident_clock_single_lap_interval,2020-10-11T12:41:00+00:00,2020-10-11T12:42:00+00:00,False,high_confidence_algorithmic,Daniil Kvyat,KVY,AlphaTauri,13.0,15.0,Finished,False,60.0,,17|18,fia_clock_participant_multi_lap_window,,,,,0,0,0,0,False,0,low,,unknown,timing_screen_only_not_damage_evidence,pending_human_review,2020-eif Daniil Kvyat AlphaTauri race report damage collision puncture front wing floor retirement,site:formula1.com/en/latest 2020-eif Daniil Kvyat damage collision puncture pit stop retirement
62f7b83b1d8a01c0b76b,referral-9d11f86984796490,race_control_episode_candidate_pending_review,2020-eif,Race,7,accused,7|63,2,adj-cd5bc15f552b8092,fia-2020-eif-3377de36ccd9,time_penalty,,False,unresolved,2020-10-11T12:34:00+00:00,2020-10-11T12:35:00+00:00,False,high_confidence_algorithmic,Kimi Räikkönen,RAI,Alfa Romeo Racing,19.0,12.0,Finished,False,60.0,,13|14,fia_clock_participant_multi_lap_window,,,,,0,0,0,0,False,0,low,,unknown,timing_screen_only_not_damage_evidence,pending_human_review,2020-eif Kimi Räikkönen Alfa Romeo Racing race report damage collision puncture front wing floor retirement,site:formula1.com/en/latest 2020-eif Kimi Räikkönen damage collision puncture pit stop retirement
5d23788f359487f68d9e,referral-24694eab8506551b,race_control_episode_candidate_pending_review,2020-gbr,Race,23,accused,20|23,2,adj-fcd4a7df5c2a7599,fia-2020-gbr-319c8c2d52b9,time_penalty,,False,unresolved,2020-08-02T13:15:00+00:00,2020-08-02T13:16:00+00:00,False,high_confidence_algorithmic,Alexander Albon,ALB,Red Bull Racing,12.0,8.0,Finished,False,52.0,,1|2,fia_clock_participant_multi_lap_window,,,,,0,0,0,0,False,0,low,,unknown,timing_screen_only_not_damage_evidence,pending_human_review,2020-gbr Alexander Albon Red Bull Racing race report damage collision puncture front wing floor retirement,site:formula1.com/en/latest 2020-gbr Alexander Albon damage collision puncture pit stop retirement
9e07821abcd806be56ae,referral-a82360ea8c04197a,race_control_episode_candidate_pending_review,2020-por,Race,4,affected,4|18,2,adj-51812139587add7e,fia-2020-por-69db98466a96,time_penalty,,False,unresolved,2020-10-25T13:37:00+00:00,2020-10-25T13:38:00+00:00,False,high_confidence_algorithmic,Lando Norris,NOR,McLaren,8.0,13.0,+1 Lap,False,65.0,,17|18,fia_clock_participant_multi_lap_window,,,,,0,0,0,0,False,0,low,,unknown,timing_screen_only_not_damage_evidence,pending_human_review,2020-por Lando Norris McLaren race report damage collision puncture front wing floor retirement,site:formula1.com/en/latest 2020-por Lando Norris damage collision puncture pit stop retirement
009fc0c2d7b7e6fc44a1,referral-d4f11c9cc5b2c052,race_control_episode_candidate_pending_review,2021-bhr,Race,5,accused,5|31,2,adj-fee2caa67a10b6f2,fia-2021-bhr-4c375a5d45e3,time_penalty,,False,unresolved,2021-03-28T16:20:00+00:00,2021-03-28T16:21:00+00:00,False,high_confidence_algorithmic,Sebastian Vettel,VET,Aston Martin,20.0,15.0,+1 Lap,False,55.0,,43|44,fia_clock_participant_multi_lap_window,,,,,0,0,0,0,False,0,low,,unknown,timing_screen_only_not_damage_evidence,pending_human_review,2021-bhr Sebastian Vettel Aston Martin race report damage collision puncture front wing floor retirement,site:formula1.com/en/latest 2021-bhr Sebastian Vettel damage collision puncture pit stop retirement
56a5d01b345b06fe89ac,referral-d4f11c9cc5b2c052,race_control_episode_candidate_pending_review,2021-bhr,Race,31,affected,5|31,2,adj-fee2caa67a10b6f2,fia-2021-bhr-4c375a5d45e3,time_penalty,,False,unresolved,2021-03-28T16:20:00+00:00,2021-03-28T16:21:00+00:00,False,high_confidence_algorithmic,Esteban Ocon,OCO,Alpine,16.0,13.0,+1 Lap,False,55.0,,43|44,fia_clock_participant_multi_lap_window,,,,,0,0,0,0,False,0,low,,unknown,timing_screen_only_not_damage_evidence,pending_human_review,2021-bhr Esteban Ocon Alpine race report damage collision puncture front wing floor retirement,site:formula1.com/en/latest 2021-bhr Esteban Ocon damage collision puncture pit stop retirement
3f36324c3952bba127fc,referral-4844ad042f1b4c0d,race_control_episode_candidate_pending_review,2021-gbr,Sprint,55,affected,55|63,2,adj-03b38afbf69e24d1,fia-2021-gbr-2ca2a34d14e0,grid_penalty,,False,unresolved,2021-07-17T15:36:00+00:00,2021-07-17T15:37:00+00:00,False,high_confidence_algorithmic,Carlos Sainz,SAI,Ferrari,9.0,11.0,Finished,False,17.0,,2|3,fia_clock_participant_multi_lap_window,,,,,0,0,0,0,False,0,low,,unknown,timing_screen_only_not_damage_evidence,pending_human_review,2021-gbr Carlos Sainz Ferrari race report damage collision puncture front wing floor retirement,site:formula1.com/en/latest 2021-gbr Carlos Sainz damage collision puncture pit stop retirement
bdfa82e1bccd1847b46c,referral-4844ad042f1b4c0d,race_control_episode_candidate_pending_review,2021-gbr,Sprint,63,accused,55|63,2,adj-03b38afbf69e24d1,fia-2021-gbr-2ca2a34d14e0,grid_penalty,,False,unresolved,2021-07-17T15:36:00+00:00,2021-07-17T15:37:00+00:00,False,high_confidence_algorithmic,George Russell,RUS,Williams,8.0,9.0,Finished,False,17.0,,2|3,fia_clock_participant_multi_lap_window,,,,,0,0,0,0,False,0,low,,unknown,timing_screen_only_not_damage_evidence,pending_human_review,2021-gbr George Russell Williams race report damage collision puncture front wing floor retirement,site:formula1.com/en/latest 2021-gbr George Russell damage collision puncture pit stop retirement
0f111f6c49b9de9398c2,referral-55a712c657b70d16,race_control_episode_candidate_pending_review,2021-ita,Race,5,affected,5|31,2,adj-e4fd8aefb1774911,fia-2021-ita-4c12fa91b10c,time_penalty,,False,unresolved,2021-09-12T13:24:00+00:00,2021-09-12T13:25:00+00:00,False,high_confidence_algorithmic,Sebastian Vettel,VET,Aston Martin,11.0,12.0,Finished,False,53.0,,14|15,fia_clock_participant_multi_lap_window,,,,,0,0,0,0,False,0,low,,unknown,timing_screen_only_not_damage_evidence,pending_human_review,2021-ita Sebastian Vettel Aston Martin race report damage collision puncture front wing floor retirement,site:formula1.com/en/latest 2021-ita Sebastian Vettel damage collision puncture pit stop retirement
02858002d0f4a6f3bdeb,referral-55a712c657b70d16,race_control_episode_candidate_pending_review,2021-ita,Race,31,accused,5|31,2,adj-e4fd8aefb1774911,fia-2021-ita-4c12fa91b10c,time_penalty,,False,unresolved,2021-09-12T13:24:00+00:00,2021-09-12T13:25:00+00:00,False,high_confidence_algorithmic,Esteban Ocon,OCO,Alpine,12.0,10.0,Finished,False,53.0,,14|15,fia_clock_participant_multi_lap_window,,,,,0,0,0,0,False,0,low,,unknown,timing_screen_only_not_damage_evidence,pending_human_review,2021-ita Esteban Ocon Alpine race report damage collision puncture front wing floor retirement,site:formula1.com/en/latest 2021-ita Esteban Ocon damage collision puncture pit stop retirement
1d8746eef754b4b9d9d5,referral-e9405598e687c390,race_control_episode_candidate_pending_review,2021-ita,Race,9,accused,9|47,2,adj-23f9ed84ba3379b7,fia-2021-ita-92b2944f6398,time_penalty,,False,unresolved,2021-09-12T15:01:00+00:00,2021-09-12T15:02:00+00:00,False,high_confidence_algorithmic,Nikita Mazepin,MAZ,Haas F1 Team,16.0,16.0,Power Unit,False,41.0,,,unresolved,,,,,0,0,0,0,False,0,low,,unknown,timing_screen_only_not_damage_evidence,pending_human_review,2021-ita Nikita Mazepin Haas F1 Team race report damage collision puncture front wing floor retirement,site:formula1.com/en/latest 2021-ita Nikita Mazepin damage collision puncture pit stop retirement
ee24b8d333e5414661d5,referral-e9405598e687c390,race_control_episode_candidate_pending_review,2021-ita,Race,47,affected,9|47,2,adj-23f9ed84ba3379b7,fia-2021-ita-92b2944f6398,time_penalty,,False,unresolved,2021-09-12T15:01:00+00:00,2021-09-12T15:02:00+00:00,False,high_confidence_algorithmic,Mick Schumacher,MSC,Haas F1 Team,18.0,15.0,Finished,False,53.0,,,unresolved,,,,,0,0,0,0,False,0,low,,unknown,timing_screen_only_not_damage_evidence,pending_human_review,2021-ita Mick Schumacher Haas F1 Team race report damage collision puncture front wing floor retirement,site:formula1.com/en/latest 2021-ita Mick Schumacher damage collision puncture pit stop retirement
a41081b8a67b0ac232c3,referral-cdea3e9a077a3888,race_control_episode_candidate_pending_review,2021-sao,Race,22,accused,18|22,2,adj-3036462c60f0a464,fia-2021-sao-2a5ecda10fa1,time_penalty,,False,unresolved,2021-11-14T17:06:00+00:00,2021-11-14T17:07:00+00:00,False,candidate_pending_review,Yuki Tsunoda,TSU,AlphaTauri,15.0,15.0,+1 Lap,False,70.0,,3|4,fia_clock_participant_multi_lap_window,,,,,0,0,0,0,False,0,low,,unknown,timing_screen_only_not_damage_evidence,pending_human_review,2021-sao Yuki Tsunoda AlphaTauri race report damage collision puncture front wing floor retirement,site:formula1.com/en/latest 2021-sao Yuki Tsunoda damage collision puncture pit stop retirement
531ae0462e2260f617d8,referral-46569a2fef4fbfcf,race_control_episode_candidate_pending_review,2021-sau,Race,22,accused,5|22,2,adj-d7f3f0f646ff62ac,fia-2021-sau-df60d44ca35e,time_penalty,,False,unresolved,2021-12-05T18:54:00+00:00,2021-12-05T18:55:00+00:00,False,high_confidence_algorithmic,Yuki Tsunoda,TSU,AlphaTauri,8.0,14.0,+1 Lap,False,49.0,,22|23,fia_clock_participant_multi_lap_window,,,,,0,0,0,0,False,0,low,,unknown,timing_screen_only_not_damage_evidence,pending_human_review,2021-sau Yuki Tsunoda AlphaTauri race report damage collision puncture front wing floor retirement,site:formula1.com/en/latest 2021-sau Yuki Tsunoda damage collision puncture pit stop retirement
158e628748eb5ec71130,referral-96e6a1e44b22f837,race_control_episode_candidate_pending_review,2021-tur,Race,14,accused,14|47,2,adj-2c5dc6cc5a2cbef7,fia-2021-tur-8316f5ba45fb,time_penalty,2,False,model_reviewed_source_or_timing,2021-10-10T12:05:00+00:00,2021-10-10T12:06:00+00:00,False,high_confidence_algorithmic,Fernando Alonso,ALO,Alpine,5.0,16.0,+1 Lap,False,57.0,,1|2,fia_clock_participant_multi_lap_window,,,,,0,0,0,0,False,0,low,,unknown,timing_screen_only_not_damage_evidence,pending_human_review,2021-tur Fernando Alonso Alpine race report damage collision puncture front wing floor retirement,site:formula1.com/en/latest 2021-tur Fernando Alonso damage collision puncture pit stop retirement
d768f8c4d031eb10622c,referral-96e6a1e44b22f837,race_control_episode_candidate_pending_review,2021-tur,Race,47,affected,14|47,2,adj-2c5dc6cc5a2cbef7,fia-2021-tur-8316f5ba45fb,time_penalty,2,False,model_reviewed_source_or_timing,2021-10-10T12:05:00+00:00,2021-10-10T12:06:00+00:00,False,high_confidence_algorithmic,Mick Schumacher,MSC,Haas F1 Team,14.0,19.0,+2 Laps,False,56.0,,1|2,fia_clock_participant_multi_lap_window,,,,,0,0,0,0,False,0,low,,unknown,timing_screen_only_not_damage_evidence,pending_human_review,2021-tur Mick Schumacher Haas F1 Team race report damage collision puncture front wing floor retirement,site:formula1.com/en/latest 2021-tur Mick Schumacher damage collision puncture pit stop retirement
37d5268575970ab6b845,referral-9d27e9541cb8b209,race_control_episode_candidate_pending_review,2022-aut,Race,5,affected,5|10,2,adj-ea983bef6c710033,fia-2022-aut-0b612be0b626,time_penalty,,False,unresolved,2022-07-10T13:49:00+00:00,2022-07-10T13:50:00+00:00,False,high_confidence_algorithmic,Sebastian Vettel,VET,Aston Martin,18.0,17.0,+1 Lap,False,70.0,,38|39,fia_clock_participant_multi_lap_window,,,,,0,0,0,0,False,0,low,,unknown,timing_screen_only_not_damage_evidence,pending_human_review,2022-aut Sebastian Vettel Aston Martin race report damage collision puncture front wing floor retirement,site:formula1.com/en/latest 2022-aut Sebastian Vettel damage collision puncture pit stop retirement
99e64a92234775db2178,referral-9d27e9541cb8b209,race_control_episode_candidate_pending_review,2022-aut,Race,10,accused,5|10,2,adj-ea983bef6c710033,fia-2022-aut-0b612be0b626,time_penalty,,False,unresolved,2022-07-10T13:49:00+00:00,2022-07-10T13:50:00+00:00,False,high_confidence_algorithmic,Pierre Gasly,GAS,AlphaTauri,14.0,15.0,+1 Lap,False,70.0,,38|39,fia_clock_participant_multi_lap_window,,,,,0,0,0,0,False,0,low,,unknown,timing_screen_only_not_damage_evidence,pending_human_review,2022-aut Pierre Gasly AlphaTauri race report damage collision puncture front wing floor retirement,site:formula1.com/en/latest 2022-aut Pierre Gasly damage collision puncture pit stop retirement
720869776b9347021c61,referral-835ba4919b26bf62,race_control_episode_candidate_pending_review,2022-fra,Race,31,accused,22|31,2,adj-895a772a98e8bd31,fia-2022-fra-5b00af9baee5,time_penalty,,False,unresolved,,,False,high_confidence_algorithmic,Esteban Ocon,OCO,Alpine,10.0,8.0,Finished,False,53.0,,,unresolved,,,,,0,0,0,0,False,0,low,,unknown,timing_screen_only_not_damage_evidence,pending_human_review,2022-fra Esteban Ocon Alpine race report damage collision puncture front wing floor retirement,site:formula1.com/en/latest 2022-fra Esteban Ocon damage collision puncture pit stop retirement
9fa74bff86259288f587,referral-be7b03c7781d735e,race_control_episode_candidate_pending_review,2022-fra,Race,24,accused,24|47,2,adj-7d3d410e6a4ba360,fia-2022-fra-21ed142c13a0,time_penalty,,False,unresolved,,,False,high_confidence_algorithmic,Guanyu Zhou,ZHO,Alfa Romeo,16.0,16.0,+6 Laps,False,47.0,,,unresolved,,,,,0,0,0,0,False,0,low,,unknown,timing_screen_only_not_damage_evidence,pending_human_review,2022-fra Guanyu Zhou Alfa Romeo race report damage collision puncture front wing floor retirement,site:formula1.com/en/latest 2022-fra Guanyu Zhou damage collision puncture pit stop retirement
3b9be4cb4da6310c0b4c,referral-be7b03c7781d735e,race_control_episode_candidate_pending_review,2022-fra,Race,47,affected,24|47,2,adj-7d3d410e6a4ba360,fia-2022-fra-21ed142c13a0,time_penalty,,False,unresolved,,,False,high_confidence_algorithmic,Mick Schumacher,MSC,Haas F1 Team,17.0,15.0,Finished,False,53.0,,,unresolved,,,,,0,0,0,0,False,0,low,,unknown,timing_screen_only_not_damage_evidence,pending_human_review,2022-fra Mick Schumacher Haas F1 Team race report damage collision puncture front wing floor retirement,site:formula1.com/en/latest 2022-fra Mick Schumacher damage collision puncture pit stop retirement
7327b5a14c5794c3d659,referral-49355d675874c5de,race_control_episode_candidate_pending_review,2022-mco,Race,31,accused,31|44,2,adj-c7417e575dc4ccd4,fia-2022-mco-97b07e9513b1,time_penalty,,False,unresolved,2022-05-29T14:34:00+00:00,2022-05-29T14:35:00+00:00,False,high_confidence_algorithmic,Esteban Ocon,OCO,Alpine,10.0,12.0,Finished,False,64.0,,17|18,fia_clock_participant_multi_lap_window,,,,,0,0,0,0,False,0,low,,unknown,timing_screen_only_not_damage_evidence,pending_human_review,2022-mco Esteban Ocon Alpine race report damage collision puncture front wing floor retirement,site:formula1.com/en/latest 2022-mco Esteban Ocon damage collision puncture pit stop retirement
6706d3af58ecc9d619f2,referral-49355d675874c5de,race_control_episode_candidate_pending_review,2022-mco,Race,44,affected,31|44,2,adj-c7417e575dc4ccd4,fia-2022-mco-97b07e9513b1,time_penalty,,False,unresolved,2022-05-29T14:34:00+00:00,2022-05-29T14:35:00+00:00,False,high_confidence_algorithmic,Lewis Hamilton,HAM,Mercedes,8.0,8.0,Finished,False,64.0,,17|18,fia_clock_participant_multi_lap_window,,,,,0,0,0,0,False,0,low,,unknown,timing_screen_only_not_damage_evidence,pending_human_review,2022-mco Lewis Hamilton Mercedes race report damage collision puncture front wing floor retirement,site:formula1.com/en/latest 2022-mco Lewis Hamilton damage collision puncture pit stop retirement
07041a99148ec23e85ad,referral-876de9dc1b18ea7b,race_control_episode_candidate_pending_review,2022-mia,Race,14,accused,10|14,2,adj-03184f34ac76878c,fia-2022-mia-4865bb704728,time_penalty,,False,unresolved,2022-05-08T20:34:00+00:00,2022-05-08T20:35:00+00:00,False,high_confidence_algorithmic,Fernando Alonso,ALO,Alpine,11.0,11.0,Finished,False,57.0,,38|39,fia_clock_participant_multi_lap_window,,,,,0,0,0,0,False,0,low,,unknown,timing_screen_only_not_damage_evidence,pending_human_review,2022-mia Fernando Alonso Alpine race report damage collision puncture front wing floor retirement,site:formula1.com/en/latest 2022-mia Fernando Alonso damage collision puncture pit stop retirement
9a9443e4cdd31638e789,incident-src-e01a3f0d7bc0ac4d,existing_incident_id,2022-sao,Sprint,14,accused,14|31,2,adj-e01a3f0d7bc0ac4d,fia-2022-sao-1389f4a1ad53,time_penalty,,False,unresolved,2022-11-12T19:34:00+00:00,2022-11-12T19:35:00+00:00,False,ambiguous_pending_review,Fernando Alonso,ALO,Alpine,7.0,18.0,Finished,False,24.0,,1|2,fia_clock_participant_multi_lap_window,,,,,0,0,0,0,False,0,low,,unknown,timing_screen_only_not_damage_evidence,pending_human_review,2022-sao Fernando Alonso Alpine race report damage collision puncture front wing floor retirement,site:formula1.com/en/latest 2022-sao Fernando Alonso damage collision puncture pit stop retirement
76a266bdbbba8b83ec47,incident-src-e01a3f0d7bc0ac4d,existing_incident_id,2022-sao,Sprint,31,affected,14|31,2,adj-e01a3f0d7bc0ac4d,fia-2022-sao-1389f4a1ad53,time_penalty,,False,unresolved,2022-11-12T19:34:00+00:00,2022-11-12T19:35:00+00:00,False,ambiguous_pending_review,Esteban Ocon,OCO,Alpine,6.0,17.0,Finished,False,24.0,,1|2,fia_clock_participant_multi_lap_window,,,,,0,0,0,0,False,0,low,,unknown,timing_screen_only_not_damage_evidence,pending_human_review,2022-sao Esteban Ocon Alpine race report damage collision puncture front wing floor retirement,site:formula1.com/en/latest 2022-sao Esteban Ocon damage collision puncture pit stop retirement
578579241b509593141d,referral-0dd70d10c29e7dad,race_control_episode_candidate_pending_review,2022-sao,Race,1,accused,1|44,2,adj-40c4f3d12c15506c,fia-2022-sao-912114518455,time_penalty,,False,unresolved,2022-11-13T18:14:00+00:00,2022-11-13T18:15:00+00:00,False,high_confidence_algorithmic,Max Verstappen,VER,Red Bull Racing,3.0,6.0,Finished,False,71.0,,6|7,fia_clock_participant_multi_lap_window,,,,,0,0,0,0,False,0,low,,unknown,timing_screen_only_not_damage_evidence,pending_human_review,2022-sao Max Verstappen Red Bull Racing race report damage collision puncture front wing floor retirement,site:formula1.com/en/latest 2022-sao Max Verstappen damage collision puncture pit stop retirement
c92b961a528318fbd7f5,referral-0dd70d10c29e7dad,race_control_episode_candidate_pending_review,2022-sao,Race,44,affected,1|44,2,adj-40c4f3d12c15506c,fia-2022-sao-912114518455,time_penalty,,False,unresolved,2022-11-13T18:14:00+00:00,2022-11-13T18:15:00+00:00,False,high_confidence_algorithmic,Lewis Hamilton,HAM,Mercedes,2.0,2.0,Finished,False,71.0,,6|7,fia_clock_participant_multi_lap_window,,,,,0,0,0,0,False,0,low,,unknown,timing_screen_only_not_damage_evidence,pending_human_review,2022-sao Lewis Hamilton Mercedes race report damage collision puncture front wing floor retirement,site:formula1.com/en/latest 2022-sao Lewis Hamilton damage collision puncture pit stop retirement
1836171fe97576d84a5e,referral-aa461e885941c585,race_control_episode_candidate_pending_review,2022-sao,Race,4,accused,4|16,2,adj-96f32b26fd720b87,fia-2022-sao-695fd61e1d50,time_penalty,,False,unresolved,2022-11-13T18:14:00+00:00,2022-11-13T18:15:00+00:00,False,high_confidence_algorithmic,Lando Norris,NOR,McLaren,6.0,18.0,Gearbox,False,50.0,,6|7,fia_clock_participant_multi_lap_window,,,,,0,0,0,0,False,0,low,,unknown,timing_screen_only_not_damage_evidence,pending_human_review,2022-sao Lando Norris McLaren race report damage collision puncture front wing floor retirement,site:formula1.com/en/latest 2022-sao Lando Norris damage collision puncture pit stop retirement
abebd254823901d44d90,referral-aa461e885941c585,race_control_episode_candidate_pending_review,2022-sao,Race,16,affected,4|16,2,adj-96f32b26fd720b87,fia-2022-sao-695fd61e1d50,time_penalty,,False,unresolved,2022-11-13T18:14:00+00:00,2022-11-13T18:15:00+00:00,False,high_confidence_algorithmic,Charles Leclerc,LEC,Ferrari,5.0,4.0,Finished,False,71.0,,6|7,fia_clock_participant_multi_lap_window,,,,,0,0,0,0,False,0,low,,unknown,timing_screen_only_not_damage_evidence,pending_human_review,2022-sao Charles Leclerc Ferrari race report damage collision puncture front wing floor retirement,site:formula1.com/en/latest 2022-sao Charles Leclerc damage collision puncture pit stop retirement
987edbe6c3b6c065fb54,referral-3ca551749339034b,race_control_episode_candidate_pending_review,2022-sau,Race,18,affected,18|23,2,adj-3baf9aacecb5c6e5,fia-2022-sau-626edbbd5a3a,grid_penalty,48,False,model_reviewed_source_or_timing,2022-03-27T18:24:00+00:00,2022-03-27T18:25:00+00:00,False,high_confidence_algorithmic,Lance Stroll,STR,Aston Martin,13.0,13.0,+1 Lap,False,49.0,,47|48,fia_clock_participant_multi_lap_window,,,,,0,0,0,0,False,0,low,,unknown,timing_screen_only_not_damage_evidence,pending_human_review,2022-sau Lance Stroll Aston Martin race report damage collision puncture front wing floor retirement,site:formula1.com/en/latest 2022-sau Lance Stroll damage collision puncture pit stop retirement
dad4ef572b4d05633159,referral-243a8bf348f69712,race_control_episode_candidate_pending_review,2023-abu,Race,4,affected,4|11,2,adj-476ced553759f1d7,fia-2023-abu-bceb18192f57,time_penalty,,False,unresolved,2023-11-26T14:13:00+00:00,2023-11-26T14:14:00+00:00,False,high_confidence_algorithmic,Lando Norris,NOR,McLaren,5.0,5.0,Finished,False,58.0,,46|47,fia_clock_participant_multi_lap_window,,,,,0,0,0,0,False,0,low,,unknown,timing_screen_only_not_damage_evidence,pending_human_review,2023-abu Lando Norris McLaren race report damage collision puncture front wing floor retirement,site:formula1.com/en/latest 2023-abu Lando Norris damage collision puncture pit stop retirement
89fa010f3fcf0893bcbc,referral-243a8bf348f69712,race_control_episode_candidate_pending_review,2023-abu,Race,11,accused,4|11,2,adj-476ced553759f1d7,fia-2023-abu-bceb18192f57,time_penalty,,False,unresolved,2023-11-26T14:13:00+00:00,2023-11-26T14:14:00+00:00,False,high_confidence_algorithmic,Sergio Perez,PER,Red Bull Racing,9.0,4.0,Finished,False,58.0,,46|47,fia_clock_participant_multi_lap_window,,,,,0,0,0,0,False,0,low,,unknown,timing_screen_only_not_damage_evidence,pending_human_review,2023-abu Sergio Perez Red Bull Racing race report damage collision puncture front wing floor retirement,site:formula1.com/en/latest 2023-abu Sergio Perez damage collision puncture pit stop retirement
9ae609b21c303c1996d9,referral-819d022d7636c1c8,race_control_episode_candidate_pending_review,2023-aus,Race,14,affected,14|55,2,adj-844c3eb0fcd476be,fia-2023-aus-039df3ca41c2,time_penalty,,False,unresolved,2023-04-02T07:00:00+00:00,2023-04-02T07:01:00+00:00,False,high_confidence_algorithmic,Fernando Alonso,ALO,Aston Martin,4.0,3.0,Finished,False,58.0,,56|57,fia_clock_participant_multi_lap_window,,,,,0,0,0,0,False,0,low,,unknown,timing_screen_only_not_damage_evidence,pending_human_review,2023-aus Fernando Alonso Aston Martin race report damage collision puncture front wing floor retirement,site:formula1.com/en/latest 2023-aus Fernando Alonso damage collision puncture pit stop retirement
add517f614a34ba0164e,referral-819d022d7636c1c8,race_control_episode_candidate_pending_review,2023-aus,Race,55,accused,14|55,2,adj-844c3eb0fcd476be,fia-2023-aus-039df3ca41c2,time_penalty,,False,unresolved,2023-04-02T07:00:00+00:00,2023-04-02T07:01:00+00:00,False,high_confidence_algorithmic,Carlos Sainz,SAI,Ferrari,5.0,12.0,Finished,False,58.0,,56|57,fia_clock_participant_multi_lap_window,,,,,0,0,0,0,False,0,low,,unknown,timing_screen_only_not_damage_evidence,pending_human_review,2023-aus Carlos Sainz Ferrari race report damage collision puncture front wing floor retirement,site:formula1.com/en/latest 2023-aus Carlos Sainz damage collision puncture pit stop retirement
668c3ff73c8c8191e014,referral-c8d807c438aeb7eb,race_control_episode_candidate_pending_review,2023-bel,Sprint,44,accused,11|44,2,adj-776c2086c0a9c6de,fia-2023-bel-114852357eb8,time_penalty,,False,unresolved,2023-07-29T16:05:00+00:00,2023-07-29T16:06:00+00:00,False,high_confidence_algorithmic,Lewis Hamilton,HAM,Mercedes,7.0,7.0,Finished,False,11.0,,6|7,fia_clock_participant_multi_lap_window,,,,,0,0,0,0,False,0,low,,unknown,timing_screen_only_not_damage_evidence,pending_human_review,2023-bel Lewis Hamilton Mercedes race report damage collision puncture front wing floor retirement,site:formula1.com/en/latest 2023-bel Lewis Hamilton damage collision puncture pit stop retirement
faceb675bedfe55def06,referral-24332aa9bf8ad2fa,race_control_episode_candidate_pending_review,2023-can,Race,20,accused_and_affected,20|21,2,adj-59a7fa0595802b73|adj-bc46b8ef7db29a9f,fia-2023-can-572578a57a9b|fia-2023-can-79ff129eac93,no_further_action,,False,unresolved,2023-06-18T18:51:00+00:00,2023-06-18T18:52:00+00:00,False,high_confidence_algorithmic,Kevin Magnussen,MAG,Haas F1 Team,13.0,17.0,Lapped,False,69.0,,34|35,fia_clock_participant_multi_lap_window,,,,,0,0,0,0,False,0,low,,unknown,timing_screen_only_not_damage_evidence,pending_human_review,2023-can Kevin Magnussen Haas F1 Team race report damage collision puncture front wing floor retirement,site:formula1.com/en/latest 2023-can Kevin Magnussen damage collision puncture pit stop retirement
797f01ad481763d683cd,referral-24332aa9bf8ad2fa,race_control_episode_candidate_pending_review,2023-can,Race,21,accused_and_affected,20|21,2,adj-59a7fa0595802b73|adj-bc46b8ef7db29a9f,fia-2023-can-572578a57a9b|fia-2023-can-79ff129eac93,no_further_action,,False,unresolved,2023-06-18T18:51:00+00:00,2023-06-18T18:52:00+00:00,False,high_confidence_algorithmic,Nyck De Vries,DEV,AlphaTauri,17.0,18.0,Lapped,False,69.0,,34|35,fia_clock_participant_multi_lap_window,,,,,0,0,0,0,False,0,low,,unknown,timing_screen_only_not_damage_evidence,pending_human_review,2023-can Nyck De Vries AlphaTauri race report damage collision puncture front wing floor retirement,site:formula1.com/en/latest 2023-can Nyck De Vries damage collision puncture pit stop retirement
c1b42fc19beaea0a6e9c,referral-242ae7ad2fc0cf31,race_control_episode_candidate_pending_review,2023-gbr,Race,18,accused,10|18,2,adj-f17f068e5fcade97,fia-2023-gbr-c357ab019929,time_penalty,,False,unresolved,2023-07-09T15:18:00+00:00,2023-07-09T15:19:00+00:00,False,high_confidence_algorithmic,Lance Stroll,STR,Aston Martin,12.0,14.0,Finished,False,52.0,,45|46,fia_clock_participant_multi_lap_window,,,,,0,0,0,0,False,0,low,,unknown,timing_screen_only_not_damage_evidence,pending_human_review,2023-gbr Lance Stroll Aston Martin race report damage collision puncture front wing floor retirement,site:formula1.com/en/latest 2023-gbr Lance Stroll damage collision puncture pit stop retirement
b1e7edd0a78637efdc35,referral-73d82b00531d95b2,race_control_episode_candidate_pending_review,2023-ita,Race,2,accused,2|77,2,adj-c44453d1de46285e,fia-2023-ita-06048f646efe,time_penalty,,False,unresolved,2023-09-03T14:25:00+00:00,2023-09-03T14:26:00+00:00,False,high_confidence_algorithmic,Logan Sargeant,SAR,Williams,15.0,13.0,Finished,False,51.0,,42|43,fia_clock_participant_multi_lap_window,,,,,0,0,0,0,False,0,low,,unknown,timing_screen_only_not_damage_evidence,pending_human_review,2023-ita Logan Sargeant Williams race report damage collision puncture front wing floor retirement,site:formula1.com/en/latest 2023-ita Logan Sargeant damage collision puncture pit stop retirement
c839778d656548ae9214,referral-73d82b00531d95b2,race_control_episode_candidate_pending_review,2023-ita,Race,77,affected,2|77,2,adj-c44453d1de46285e,fia-2023-ita-06048f646efe,time_penalty,,False,unresolved,2023-09-03T14:25:00+00:00,2023-09-03T14:26:00+00:00,False,high_confidence_algorithmic,Valtteri Bottas,BOT,Alfa Romeo,14.0,10.0,Finished,False,51.0,,42|43,fia_clock_participant_multi_lap_window,,,,,0,0,0,0,False,0,low,,unknown,timing_screen_only_not_damage_evidence,pending_human_review,2023-ita Valtteri Bottas Alfa Romeo race report damage collision puncture front wing floor retirement,site:formula1.com/en/latest 2023-ita Valtteri Bottas damage collision puncture pit stop retirement
d37397a7ffc84a7b77d2,referral-92d0632d352eb40b,race_control_episode_candidate_pending_review,2023-mex,Race,22,accused_and_affected,22|81,2,adj-2d49e6748d813e58|adj-34174de921925489|adj-ad1abaf93ca48981|adj-dc4289d79e963b95,fia-2023-mex-1b2fb3ec7748|fia-2023-mex-35cdf2b38073|fia-2023-mex-6b86d52dd897|fia-2023-mex-9aa5ef85abc1,no_further_action,,False,unresolved,,,True,high_confidence_algorithmic,Yuki Tsunoda,TSU,AlphaTauri,18.0,12.0,Finished,False,71.0,,,unresolved,,,,,0,0,0,0,False,0,low,,unknown,timing_screen_only_not_damage_evidence,pending_human_review,2023-mex Yuki Tsunoda AlphaTauri race report damage collision puncture front wing floor retirement,site:formula1.com/en/latest 2023-mex Yuki Tsunoda damage collision puncture pit stop retirement
175021c6fa2c85362340,referral-92d0632d352eb40b,race_control_episode_candidate_pending_review,2023-mex,Race,81,accused_and_affected,22|81,2,adj-2d49e6748d813e58|adj-34174de921925489|adj-ad1abaf93ca48981|adj-dc4289d79e963b95,fia-2023-mex-1b2fb3ec7748|fia-2023-mex-35cdf2b38073|fia-2023-mex-6b86d52dd897|fia-2023-mex-9aa5ef85abc1,no_further_action,,False,unresolved,,,True,high_confidence_algorithmic,Oscar Piastri,PIA,McLaren,7.0,8.0,Finished,False,71.0,,,unresolved,,,,,0,0,0,0,False,0,low,,unknown,timing_screen_only_not_damage_evidence,pending_human_review,2023-mex Oscar Piastri McLaren race report damage collision puncture front wing floor retirement,site:formula1.com/en/latest 2023-mex Oscar Piastri damage collision puncture pit stop retirement
ae9db7d8c500fbfb6cc8,referral-e53215989816aca5,race_control_episode_candidate_pending_review,2023-ned,Race,22,accused,22|63,2,adj-43692d4605090feb,fia-2023-ned-26a60af9f412,time_penalty,,False,unresolved,2023-08-27T14:15:00+00:00,2023-08-27T14:16:00+00:00,False,high_confidence_algorithmic,Yuki Tsunoda,TSU,AlphaTauri,17.0,15.0,Finished,False,72.0,,51|52,fia_clock_participant_multi_lap_window,,,,,0,0,0,0,False,0,low,,unknown,timing_screen_only_not_damage_evidence,pending_human_review,2023-ned Yuki Tsunoda AlphaTauri race report damage collision puncture front wing floor retirement,site:formula1.com/en/latest 2023-ned Yuki Tsunoda damage collision puncture pit stop retirement
06a2c4b4aec7edf1f1a7,referral-e53215989816aca5,race_control_episode_candidate_pending_review,2023-ned,Race,63,affected,22|63,2,adj-43692d4605090feb,fia-2023-ned-26a60af9f412,time_penalty,,False,unresolved,2023-08-27T14:15:00+00:00,2023-08-27T14:16:00+00:00,False,high_confidence_algorithmic,George Russell,RUS,Mercedes,3.0,17.0,Finished,False,72.0,,51|52,fia_clock_participant_multi_lap_window,,,,,0,0,0,0,False,0,low,,unknown,timing_screen_only_not_damage_evidence,pending_human_review,2023-ned George Russell Mercedes race report damage collision puncture front wing floor retirement,site:formula1.com/en/latest 2023-ned George Russell damage collision puncture pit stop retirement
e18036e57cc070665afb,referral-426530d3c0394fff,race_control_episode_candidate_pending_review,2024-abu,Race,81,accused,43|81,2,adj-b6f8f8dea3be57fe,fia-2024-abu-b8e37d9fdbe9,time_penalty,,False,unresolved,2024-12-08T13:08:00+00:00,2024-12-08T13:09:00+00:00,False,high_confidence_algorithmic,Oscar Piastri,PIA,McLaren,2.0,10.0,Finished,False,58.0,,3|4,fia_clock_participant_multi_lap_window,,,,,0,0,0,0,False,0,low,,unknown,timing_screen_only_not_damage_evidence,pending_human_review,2024-abu Oscar Piastri McLaren race report damage collision puncture front wing floor retirement,site:formula1.com/en/latest 2024-abu Oscar Piastri damage collision puncture pit stop retirement
8134f29b123973589c28,referral-2b2077507b58e645,race_control_episode_candidate_pending_review,2024-aut,Race,1,accused,1|4,2,adj-5005242a503c9174,fia-2024-aut-0da607b84c40,time_penalty,,False,unresolved,2024-06-30T14:17:00+00:00,2024-06-30T14:18:00+00:00,False,high_confidence_algorithmic,Max Verstappen,VER,Red Bull Racing,1.0,5.0,Finished,False,71.0,,63|64,fia_clock_participant_multi_lap_window,,,,,0,0,0,0,False,0,low,,unknown,timing_screen_only_not_damage_evidence,pending_human_review,2024-aut Max Verstappen Red Bull Racing race report damage collision puncture front wing floor retirement,site:formula1.com/en/latest 2024-aut Max Verstappen damage collision puncture pit stop retirement
0c32f7a02f1ea923ef51,referral-2b2077507b58e645,race_control_episode_candidate_pending_review,2024-aut,Race,4,affected,1|4,2,adj-5005242a503c9174,fia-2024-aut-0da607b84c40,time_penalty,,False,unresolved,2024-06-30T14:17:00+00:00,2024-06-30T14:18:00+00:00,False,high_confidence_algorithmic,Lando Norris,NOR,McLaren,2.0,20.0,Lapped,False,64.0,,63|64,fia_clock_participant_multi_lap_window,,,,,0,0,0,0,False,0,low,,unknown,timing_screen_only_not_damage_evidence,pending_human_review,2024-aut Lando Norris McLaren race report damage collision puncture front wing floor retirement,site:formula1.com/en/latest 2024-aut Lando Norris damage collision puncture pit stop retirement
d3a22fef12f33d67f02d,referral-ec71cc44d3a01f25,race_control_episode_candidate_pending_review,2024-aut,Race,14,accused,14|24,2,adj-b361bfe26bd9fde2,fia-2024-aut-4d4962053c25,time_penalty,,False,unresolved,2024-06-30T13:26:00+00:00,2024-06-30T13:27:00+00:00,False,high_confidence_algorithmic,Fernando Alonso,ALO,Aston Martin,15.0,18.0,Lapped,False,70.0,,19|20,fia_clock_participant_multi_lap_window,,,,,0,0,0,0,False,0,low,,unknown,timing_screen_only_not_damage_evidence,pending_human_review,2024-aut Fernando Alonso Aston Martin race report damage collision puncture front wing floor retirement,site:formula1.com/en/latest 2024-aut Fernando Alonso damage collision puncture pit stop retirement
2c0ce74fcd0869de8ff7,referral-ec71cc44d3a01f25,race_control_episode_candidate_pending_review,2024-aut,Race,24,affected,14|24,2,adj-b361bfe26bd9fde2,fia-2024-aut-4d4962053c25,time_penalty,,False,unresolved,2024-06-30T13:26:00+00:00,2024-06-30T13:27:00+00:00,False,high_confidence_algorithmic,Guanyu Zhou,ZHO,Kick Sauber,20.0,17.0,Lapped,False,70.0,,19|20,fia_clock_participant_multi_lap_window,,,,,0,0,0,0,False,0,low,,unknown,timing_screen_only_not_damage_evidence,pending_human_review,2024-aut Guanyu Zhou Kick Sauber race report damage collision puncture front wing floor retirement,site:formula1.com/en/latest 2024-aut Guanyu Zhou damage collision puncture pit stop retirement
dcb7bbaa6330d8a28179,referral-c3855a333cd39450,race_control_episode_candidate_pending_review,2024-can,Race,63,accused_and_affected,63|81,2,adj-08975f5bf7e53df4|adj-d710238ee5f893bf,fia-2024-can-2d45bb0945a9|fia-2024-can-546aad3f9319,no_further_action,,False,unresolved,2024-06-09T19:40:00+00:00,2024-06-09T19:41:00+00:00,False,candidate_pending_review,George Russell,RUS,Mercedes,1.0,3.0,Finished,False,70.0,,63|64,fia_clock_participant_multi_lap_window,,,,,0,0,0,0,False,0,low,,unknown,timing_screen_only_not_damage_evidence,pending_human_review,2024-can George Russell Mercedes race report damage collision puncture front wing floor retirement,site:formula1.com/en/latest 2024-can George Russell damage collision puncture pit stop retirement
8e18ecb55d03655d5c0a,referral-c3855a333cd39450,race_control_episode_candidate_pending_review,2024-can,Race,81,accused_and_affected,63|81,2,adj-08975f5bf7e53df4|adj-d710238ee5f893bf,fia-2024-can-2d45bb0945a9|fia-2024-can-546aad3f9319,no_further_action,,False,unresolved,2024-06-09T19:40:00+00:00,2024-06-09T19:41:00+00:00,False,candidate_pending_review,Oscar Piastri,PIA,McLaren,4.0,5.0,Finished,False,70.0,,63|64,fia_clock_participant_multi_lap_window,,,,,0,0,0,0,False,0,low,,unknown,timing_screen_only_not_damage_evidence,pending_human_review,2024-can Oscar Piastri McLaren race report damage collision puncture front wing floor retirement,site:formula1.com/en/latest 2024-can Oscar Piastri damage collision puncture pit stop retirement
defc5698f9c0eda6bae8,referral-9c8afbecf39abe74,race_control_episode_candidate_pending_review,2024-chn,Race,18,accused,3|18,2,adj-a3a2dc88b46fb907,fia-2024-chn-e03c15c85429,time_penalty,,False,unresolved,2024-04-21T07:51:00+00:00,2024-04-21T07:52:00+00:00,False,high_confidence_algorithmic,Lance Stroll,STR,Aston Martin,11.0,15.0,Finished,False,56.0,,26|27,fia_clock_participant_multi_lap_window,,,,,0,0,0,0,False,0,low,,unknown,timing_screen_only_not_damage_evidence,pending_human_review,2024-chn Lance Stroll Aston Martin race report damage collision puncture front wing floor retirement,site:formula1.com/en/latest 2024-chn Lance Stroll damage collision puncture pit stop retirement
f1e664a16aea92936de1,referral-274dc2c54c49c08f,race_control_episode_candidate_pending_review,2024-hun,Race,1,accused,1|44,2,adj-c05dc23d16515f58,fia-2024-hun-46b193d4af90,no_further_action,,False,unresolved,2024-07-21T14:30:00+00:00,2024-07-21T14:31:00+00:00,False,high_confidence_algorithmic,Max Verstappen,VER,Red Bull Racing,3.0,5.0,Finished,False,70.0,,62|63,fia_clock_participant_multi_lap_window,,,,,0,0,0,0,False,0,low,,unknown,timing_screen_only_not_damage_evidence,pending_human_review,2024-hun Max Verstappen Red Bull Racing race report damage collision puncture front wing floor retirement,site:formula1.com/en/latest 2024-hun Max Verstappen damage collision puncture pit stop retirement
9f64f7a6b74bc5463c02,referral-274dc2c54c49c08f,race_control_episode_candidate_pending_review,2024-hun,Race,44,affected,1|44,2,adj-c05dc23d16515f58,fia-2024-hun-46b193d4af90,no_further_action,,False,unresolved,2024-07-21T14:30:00+00:00,2024-07-21T14:31:00+00:00,False,high_confidence_algorithmic,Lewis Hamilton,HAM,Mercedes,5.0,3.0,Finished,False,70.0,,62|63,fia_clock_participant_multi_lap_window,,,,,0,0,0,0,False,0,low,,unknown,timing_screen_only_not_damage_evidence,pending_human_review,2024-hun Lewis Hamilton Mercedes race report damage collision puncture front wing floor retirement,site:formula1.com/en/latest 2024-hun Lewis Hamilton damage collision puncture pit stop retirement
41538a1d6b69d09c8ab9,referral-18b28ee33d7d4967,race_control_episode_candidate_pending_review,2024-ita,Race,27,accused,22|27,2,adj-98bfaa1af9372654,fia-2024-ita-5562671d826a,time_penalty,,False,unresolved,2024-09-01T13:09:00+00:00,2024-09-01T13:10:00+00:00,False,high_confidence_algorithmic,Nico Hulkenberg,HUL,Haas F1 Team,10.0,17.0,Lapped,False,52.0,,4|5,fia_clock_participant_multi_lap_window,,,,,0,0,0,0,False,0,low,,unknown,timing_screen_only_not_damage_evidence,pending_human_review,2024-ita Nico Hulkenberg Haas F1 Team race report damage collision puncture front wing floor retirement,site:formula1.com/en/latest 2024-ita Nico Hulkenberg damage collision puncture pit stop retirement
11d85598fc4515523c51,referral-4a82c37c938fc223,race_control_episode_candidate_pending_review,2024-ita,Race,10,affected,10|20,2,adj-def027f293e93425,fia-2024-ita-9747ddf1dc7b,time_penalty,,False,unresolved,2024-09-01T13:29:00+00:00,2024-09-01T13:30:00+00:00,False,high_confidence_algorithmic,Pierre Gasly,GAS,Alpine,14.0,15.0,Lapped,False,52.0,,18|19,fia_clock_participant_multi_lap_window,,,,,0,0,0,0,False,0,low,,unknown,timing_screen_only_not_damage_evidence,pending_human_review,2024-ita Pierre Gasly Alpine race report damage collision puncture front wing floor retirement,site:formula1.com/en/latest 2024-ita Pierre Gasly damage collision puncture pit stop retirement
aeb58c42fafe6cdf137e,referral-4a82c37c938fc223,race_control_episode_candidate_pending_review,2024-ita,Race,20,accused,10|20,2,adj-def027f293e93425,fia-2024-ita-9747ddf1dc7b,time_penalty,,False,unresolved,2024-09-01T13:29:00+00:00,2024-09-01T13:30:00+00:00,False,high_confidence_algorithmic,Kevin Magnussen,MAG,Haas F1 Team,13.0,10.0,Finished,False,53.0,,18|19,fia_clock_participant_multi_lap_window,,,,,0,0,0,0,False,0,low,,unknown,timing_screen_only_not_damage_evidence,pending_human_review,2024-ita Kevin Magnussen Haas F1 Team race report damage collision puncture front wing floor retirement,site:formula1.com/en/latest 2024-ita Kevin Magnussen damage collision puncture pit stop retirement
52231fb97c8d902ac51a,referral-510c6f779098c322,race_control_episode_candidate_pending_review,2024-mia,Race,55,accused,55|81,2,adj-0e32abe64682f839,fia-2024-mia-d65987c13425,time_penalty,,False,unresolved,2024-05-05T21:06:00+00:00,2024-05-05T21:07:00+00:00,False,high_confidence_algorithmic,Carlos Sainz,SAI,Ferrari,3.0,5.0,Finished,False,57.0,,39|40,fia_clock_participant_multi_lap_window,,,,,0,0,0,0,False,0,low,,unknown,timing_screen_only_not_damage_evidence,pending_human_review,2024-mia Carlos Sainz Ferrari race report damage collision puncture front wing floor retirement,site:formula1.com/en/latest 2024-mia Carlos Sainz damage collision puncture pit stop retirement
c1d5dd1c6f1a55d42112,referral-510c6f779098c322,race_control_episode_candidate_pending_review,2024-mia,Race,81,affected,55|81,2,adj-0e32abe64682f839,fia-2024-mia-d65987c13425,time_penalty,,False,unresolved,2024-05-05T21:06:00+00:00,2024-05-05T21:07:00+00:00,False,high_confidence_algorithmic,Oscar Piastri,PIA,McLaren,6.0,13.0,Finished,False,57.0,,39|40,fia_clock_participant_multi_lap_window,,,,,0,0,0,0,False,0,low,,unknown,timing_screen_only_not_damage_evidence,pending_human_review,2024-mia Oscar Piastri McLaren race report damage collision puncture front wing floor retirement,site:formula1.com/en/latest 2024-mia Oscar Piastri damage collision puncture pit stop retirement
5e39ba82156b819e2cba,referral-b8e78a86fa8cc024,race_control_episode_candidate_pending_review,2024-mia,Race,20,accused,2|20,2,adj-1e58e40badf7452a,fia-2024-mia-bb1a3715e072,time_penalty,,False,unresolved,2024-05-05T20:46:00+00:00,2024-05-05T20:47:00+00:00,False,high_confidence_algorithmic,Kevin Magnussen,MAG,Haas F1 Team,18.0,19.0,Finished,False,57.0,,27|28,fia_clock_participant_multi_lap_window,,,,,0,0,0,0,False,0,low,,unknown,timing_screen_only_not_damage_evidence,pending_human_review,2024-mia Kevin Magnussen Haas F1 Team race report damage collision puncture front wing floor retirement,site:formula1.com/en/latest 2024-mia Kevin Magnussen damage collision puncture pit stop retirement
a687c435f3304af370ff,referral-af283570cc6acd71,race_control_episode_candidate_pending_review,2024-qat,Race,30,accused,30|77,2,adj-244bac6c349c96be,fia-2024-qat-ea0ded916e32,time_penalty,5,False,model_reviewed_source_or_timing,2024-12-01T16:12:00+00:00,2024-12-01T16:13:00+00:00,False,high_confidence_algorithmic,Liam Lawson,LAW,RB,17.0,14.0,Finished,False,57.0,,4|5,fia_clock_participant_multi_lap_window,,,,,0,0,0,0,False,0,low,,unknown,timing_screen_only_not_damage_evidence,pending_human_review,2024-qat Liam Lawson RB race report damage collision puncture front wing floor retirement,site:formula1.com/en/latest 2024-qat Liam Lawson damage collision puncture pit stop retirement
239516060d594d90cfc1,referral-af283570cc6acd71,race_control_episode_candidate_pending_review,2024-qat,Race,77,affected,30|77,2,adj-244bac6c349c96be,fia-2024-qat-ea0ded916e32,time_penalty,5,False,model_reviewed_source_or_timing,2024-12-01T16:12:00+00:00,2024-12-01T16:13:00+00:00,False,high_confidence_algorithmic,Valtteri Bottas,BOT,Kick Sauber,13.0,11.0,Finished,False,57.0,,4|5,fia_clock_participant_multi_lap_window,,,,,0,0,0,0,False,0,low,,unknown,timing_screen_only_not_damage_evidence,pending_human_review,2024-qat Valtteri Bottas Kick Sauber race report damage collision puncture front wing floor retirement,site:formula1.com/en/latest 2024-qat Valtteri Bottas damage collision puncture pit stop retirement
9d4a163c13d772e1ea3f,referral-29a925ed0477f06f,race_control_episode_candidate_pending_review,2024-sau,Race,20,accused,20|23,2,adj-4b18175e3ab1d349,fia-2024-sau-675654dfe88e,time_penalty,,False,unresolved,2024-03-09T17:21:00+00:00,2024-03-09T17:22:00+00:00,False,high_confidence_algorithmic,Kevin Magnussen,MAG,Haas F1 Team,13.0,12.0,Finished,False,50.0,,9|10,fia_clock_participant_multi_lap_window,,,,,0,0,0,0,False,0,low,,unknown,timing_screen_only_not_damage_evidence,pending_human_review,2024-sau Kevin Magnussen Haas F1 Team race report damage collision puncture front wing floor retirement,site:formula1.com/en/latest 2024-sau Kevin Magnussen damage collision puncture pit stop retirement
0cf217b912ab99cb9e78,referral-29a925ed0477f06f,race_control_episode_candidate_pending_review,2024-sau,Race,23,affected,20|23,2,adj-4b18175e3ab1d349,fia-2024-sau-675654dfe88e,time_penalty,,False,unresolved,2024-03-09T17:21:00+00:00,2024-03-09T17:22:00+00:00,False,high_confidence_algorithmic,Alexander Albon,ALB,Williams,12.0,11.0,Finished,False,50.0,,9|10,fia_clock_participant_multi_lap_window,,,,,0,0,0,0,False,0,low,,unknown,timing_screen_only_not_damage_evidence,pending_human_review,2024-sau Alexander Albon Williams race report damage collision puncture front wing floor retirement,site:formula1.com/en/latest 2024-sau Alexander Albon damage collision puncture pit stop retirement
3ded65cd5a590fe1980f,referral-f8ec31dc5b84851c,race_control_episode_candidate_pending_review,2025-aut,Race,43,affected,22|43,2,adj-1651c96225ee4d5c,fia-2025-aut-41aebded7db6,time_penalty,30,False,fia_incident_clock_single_lap_interval,2025-06-29T13:55:00+00:00,2025-06-29T13:56:00+00:00,False,high_confidence_algorithmic,Franco Colapinto,COL,Alpine,14.0,15.0,Lapped,False,69.0,,30|31,fia_clock_participant_multi_lap_window,,,,,0,0,0,0,False,0,low,,unknown,timing_screen_only_not_damage_evidence,pending_human_review,2025-aut Franco Colapinto Alpine race report damage collision puncture front wing floor retirement,site:formula1.com/en/latest 2025-aut Franco Colapinto damage collision puncture pit stop retirement
c6155117413bc17e7c6d,referral-05b94ced9330672f,race_control_episode_candidate_pending_review,2025-bhr,Race,27,affected,27|30,2,adj-ccae0d70c41eed34,fia-2025-bhr-03bfd7816342,time_penalty,,False,unresolved,2025-04-13T16:12:00+00:00,2025-04-13T16:13:00+00:00,False,high_confidence_algorithmic,Nico Hulkenberg,HUL,Kick Sauber,16.0,20.0,Disqualified,False,0.0,,40|41,fia_clock_participant_multi_lap_window,,,,,0,0,0,0,False,0,low,,unknown,timing_screen_only_not_damage_evidence,pending_human_review,2025-bhr Nico Hulkenberg Kick Sauber race report damage collision puncture front wing floor retirement,site:formula1.com/en/latest 2025-bhr Nico Hulkenberg damage collision puncture pit stop retirement
1914a6b8cccfce8a328c,referral-05b94ced9330672f,race_control_episode_candidate_pending_review,2025-bhr,Race,30,accused,27|30,2,adj-ccae0d70c41eed34,fia-2025-bhr-03bfd7816342,time_penalty,,False,unresolved,2025-04-13T16:12:00+00:00,2025-04-13T16:13:00+00:00,False,high_confidence_algorithmic,Liam Lawson,LAW,Racing Bulls,17.0,16.0,Finished,False,57.0,,40|41,fia_clock_participant_multi_lap_window,,,,,0,0,0,0,False,0,low,,unknown,timing_screen_only_not_damage_evidence,pending_human_review,2025-bhr Liam Lawson Racing Bulls race report damage collision puncture front wing floor retirement,site:formula1.com/en/latest 2025-bhr Liam Lawson damage collision puncture pit stop retirement
990947c09d8834b8fd82,referral-f49e8069307abb3e,race_control_episode_candidate_pending_review,2025-can,Race,81,affected,4|81,2,adj-bfdfb2effacad54c,fia-2025-can-acdc79e65cc6,time_penalty,,False,unresolved,2025-06-15T19:27:00+00:00,2025-06-15T19:28:00+00:00,False,candidate_pending_review,Oscar Piastri,PIA,McLaren,3.0,4.0,Finished,False,70.0,,66|67,fia_clock_participant_multi_lap_window,,,,,0,0,0,0,False,0,low,,unknown,timing_screen_only_not_damage_evidence,pending_human_review,2025-can Oscar Piastri McLaren race report damage collision puncture front wing floor retirement,site:formula1.com/en/latest 2025-can Oscar Piastri damage collision puncture pit stop retirement
9e47acf696b28a2e6a94,referral-fbd1c3da9e21b9ae,race_control_episode_candidate_pending_review,2025-chn,Sprint,7,affected,7|30,2,adj-00f21170a32794f2,fia-2025-chn-c6a27ca62eb2,no_further_action,,False,unresolved,2025-03-22T03:10:00+00:00,2025-03-22T03:11:00+00:00,False,high_confidence_algorithmic,Jack Doohan,DOO,Alpine,16.0,20.0,Finished,False,19.0,,4|5,fia_clock_participant_multi_lap_window,,,,,0,0,0,0,False,0,low,,unknown,timing_screen_only_not_damage_evidence,pending_human_review,2025-chn Jack Doohan Alpine race report damage collision puncture front wing floor retirement,site:formula1.com/en/latest 2025-chn Jack Doohan damage collision puncture pit stop retirement
ffe15a86f4f77d6a5df4,referral-fbd1c3da9e21b9ae,race_control_episode_candidate_pending_review,2025-chn,Sprint,30,accused,7|30,2,adj-00f21170a32794f2,fia-2025-chn-c6a27ca62eb2,no_further_action,,False,unresolved,2025-03-22T03:10:00+00:00,2025-03-22T03:11:00+00:00,False,high_confidence_algorithmic,Liam Lawson,LAW,Red Bull Racing,19.0,14.0,Finished,False,19.0,,4|5,fia_clock_participant_multi_lap_window,,,,,0,0,0,0,False,0,low,,unknown,timing_screen_only_not_damage_evidence,pending_human_review,2025-chn Liam Lawson Red Bull Racing race report damage collision puncture front wing floor retirement,site:formula1.com/en/latest 2025-chn Liam Lawson damage collision puncture pit stop retirement
2b54cb7b1a5ae9848393,referral-b715f3583bfd8d4d,race_control_episode_candidate_pending_review,2025-lvs,Race,44,affected,23|44,2,adj-3970a605781c9f8e,fia-2025-lvs-9874a99bc7cd,time_penalty,,False,unresolved,2025-11-23T04:26:00+00:00,2025-11-23T04:27:00+00:00,False,high_confidence_algorithmic,Lewis Hamilton,HAM,Ferrari,19.0,8.0,Finished,False,50.0,,13|14,fia_clock_participant_multi_lap_window,,,,,0,0,0,0,False,0,low,,unknown,timing_screen_only_not_damage_evidence,pending_human_review,2025-lvs Lewis Hamilton Ferrari race report damage collision puncture front wing floor retirement,site:formula1.com/en/latest 2025-lvs Lewis Hamilton damage collision puncture pit stop retirement
56aaef05f16a3aa4379f,referral-95d155f18c866d43,race_control_episode_candidate_pending_review,2025-mco,Race,22,affected,10|22,2,adj-7d5059e7588e17a9,fia-2025-mco-b201d5cbcdc6,reprimand,,False,unresolved,2025-05-25T13:14:00+00:00,2025-05-25T13:15:00+00:00,False,candidate_pending_review,Yuki Tsunoda,TSU,Red Bull Racing,12.0,17.0,Lapped,False,76.0,,7|8,fia_clock_participant_multi_lap_window,,,,,0,0,0,0,False,0,low,,unknown,timing_screen_only_not_damage_evidence,pending_human_review,2025-mco Yuki Tsunoda Red Bull Racing race report damage collision puncture front wing floor retirement,site:formula1.com/en/latest 2025-mco Yuki Tsunoda damage collision puncture pit stop retirement
6982a76b43ba8c0c338d,referral-d12c5370eadce05a,race_control_episode_candidate_pending_review,2025-mex,Race,1,affected,1|44,2,adj-dba46fa3ca5c210c,fia-2025-mex-f947a135cd58,no_further_action,6,False,model_reviewed_source_or_timing,2025-10-26T20:10:00+00:00,2025-10-26T20:11:00+00:00,False,high_confidence_algorithmic,Max Verstappen,VER,Red Bull Racing,5.0,3.0,Finished,False,71.0,,5|6,fia_clock_participant_multi_lap_window,,,,,0,0,0,0,False,0,low,,unknown,timing_screen_only_not_damage_evidence,pending_human_review,2025-mex Max Verstappen Red Bull Racing race report damage collision puncture front wing floor retirement,site:formula1.com/en/latest 2025-mex Max Verstappen damage collision puncture pit stop retirement
5d79c8f0f310b464c261,referral-d12c5370eadce05a,race_control_episode_candidate_pending_review,2025-mex,Race,44,accused,1|44,2,adj-dba46fa3ca5c210c,fia-2025-mex-f947a135cd58,no_further_action,6,False,model_reviewed_source_or_timing,2025-10-26T20:10:00+00:00,2025-10-26T20:11:00+00:00,False,high_confidence_algorithmic,Lewis Hamilton,HAM,Ferrari,3.0,8.0,Finished,False,71.0,,5|6,fia_clock_participant_multi_lap_window,,,,,0,0,0,0,False,0,low,,unknown,timing_screen_only_not_damage_evidence,pending_human_review,2025-mex Lewis Hamilton Ferrari race report damage collision puncture front wing floor retirement,site:formula1.com/en/latest 2025-mex Lewis Hamilton damage collision puncture pit stop retirement
2afa801613b07990e7e3,incident-src-7a6e06b6a58ea9bf,existing_incident_id,2025-ned,Race,63,affected,16|63,2,adj-7a6e06b6a58ea9bf,fia-2025-ned-bebf98c3f2bf,no_further_action,,False,unresolved,2025-08-31T13:46:00+00:00,2025-08-31T13:47:00+00:00,False,ambiguous_pending_review,George Russell,RUS,Mercedes,5.0,4.0,Finished,False,72.0,,32|33,fia_clock_participant_multi_lap_window,,,,,0,0,0,0,False,0,low,,unknown,timing_screen_only_not_damage_evidence,pending_human_review,2025-ned George Russell Mercedes race report damage collision puncture front wing floor retirement,site:formula1.com/en/latest 2025-ned George Russell damage collision puncture pit stop retirement
2595407e115108f74ed4,incident-src-8f0780dbba4e36af,existing_incident_id,2025-ned,Race,63,accused,16|63,2,adj-8f0780dbba4e36af,fia-2025-ned-93b5218acb32,no_further_action,,False,unresolved,2025-08-31T13:46:00+00:00,2025-08-31T13:47:00+00:00,False,ambiguous_pending_review,George Russell,RUS,Mercedes,5.0,4.0,Finished,False,72.0,,32|33,fia_clock_participant_multi_lap_window,,,,,0,0,0,0,False,0,low,,unknown,timing_screen_only_not_damage_evidence,pending_human_review,2025-ned George Russell Mercedes race report damage collision puncture front wing floor retirement,site:formula1.com/en/latest 2025-ned George Russell damage collision puncture pit stop retirement
c99226d6c26a59a53908,referral-aa5b2e3498a65c01,race_control_episode_candidate_pending_review,2025-qat,Race,10,affected,10|27,2,adj-b5568820681da36b,fia-2025-qat-78837a554fcb,no_further_action,,False,unresolved,2025-11-30T16:12:00+00:00,2025-11-30T16:13:00+00:00,False,high_confidence_algorithmic,Pierre Gasly,GAS,Alpine,9.0,16.0,Lapped,False,56.0,,6|7,fia_clock_participant_multi_lap_window,,,,,0,0,0,0,False,0,low,,unknown,timing_screen_only_not_damage_evidence,pending_human_review,2025-qat Pierre Gasly Alpine race report damage collision puncture front wing floor retirement,site:formula1.com/en/latest 2025-qat Pierre Gasly damage collision puncture pit stop retirement
e4fe223c0b78428195fd,referral-6ad7e4165a21d44e,race_control_episode_candidate_pending_review,2025-sao,Race,43,affected,43|44,2,adj-ae58e3cecb00d019,fia-2025-sao-8b59704b34d7,time_penalty,2,False,model_reviewed_source_or_timing,2025-11-09T17:04:00+00:00,2025-11-09T17:05:00+00:00,False,high_confidence_algorithmic,Franco Colapinto,COL,Alpine,16.0,15.0,Finished,False,71.0,,1|2,fia_clock_participant_multi_lap_window,,,,,0,0,0,0,False,0,low,,unknown,timing_screen_only_not_damage_evidence,pending_human_review,2025-sao Franco Colapinto Alpine race report damage collision puncture front wing floor retirement,site:formula1.com/en/latest 2025-sao Franco Colapinto damage collision puncture pit stop retirement
148e3562f0b795f0b8b8,referral-9cd85ab0e35ccaec,race_control_episode_candidate_pending_review,2025-sao,Race,18,affected,18|22,2,adj-7f13cd0ba94d7090,fia-2025-sao-06b73ba655ed,time_penalty,6,False,model_reviewed_source_or_timing,2025-11-09T17:12:00+00:00,2025-11-09T17:13:00+00:00,False,high_confidence_algorithmic,Lance Stroll,STR,Aston Martin,14.0,16.0,Finished,False,71.0,,5|6,fia_clock_participant_multi_lap_window,,,,,0,0,0,0,False,0,low,,unknown,timing_screen_only_not_damage_evidence,pending_human_review,2025-sao Lance Stroll Aston Martin race report damage collision puncture front wing floor retirement,site:formula1.com/en/latest 2025-sao Lance Stroll damage collision puncture pit stop retirement
d2388557c4f0c7b9654f,referral-9cd85ab0e35ccaec,race_control_episode_candidate_pending_review,2025-sao,Race,22,accused,18|22,2,adj-7f13cd0ba94d7090,fia-2025-sao-06b73ba655ed,time_penalty,6,False,model_reviewed_source_or_timing,2025-11-09T17:12:00+00:00,2025-11-09T17:13:00+00:00,False,high_confidence_algorithmic,Yuki Tsunoda,TSU,Red Bull Racing,17.0,17.0,Finished,False,71.0,,5|6,fia_clock_participant_multi_lap_window,,,,,0,0,0,0,False,0,low,,unknown,timing_screen_only_not_damage_evidence,pending_human_review,2025-sao Yuki Tsunoda Red Bull Racing race report damage collision puncture front wing floor retirement,site:formula1.com/en/latest 2025-sao Yuki Tsunoda damage collision puncture pit stop retirement
