exclusion_qa_id,document_id,event_id,season,round_number,event_name,title,source_url,version_state_suggestion,parser_review_required,session_type_suggestion,session_scope_suggestion,offence_family_suggestion,offence_family_group_suggestion,eligibility_basis,qa_stratum_id,qa_stratum_size,qa_selection_rank,qa_selection_sha256,qa_disposition,corrected_session_scope,corrected_offence_family,reviewer_id,review_status,review_notes
exclusion-qa-fia-2018-abu-eb8df9b17075,fia-2018-abu-eb8df9b17075,2018-abu,2018,21,Abu Dhabi Grand Prix,Stewards Decision Doc26 - R.Grosjean,https://www.fia.com/sites/default/files/doc_26_-_2018_abu_dhabi_grand_prix_-_decision_-_car_8_incident_with_car_10_0.pdf,live_standalone,False,Practice,out_of_scope_session,causing_collision,primary,Observed session is outside the frozen study scope.,2018|out_of_scope_session|causing_collision,2,1,28cffedac847255db0a3f4cd612cea99b51d2aec609c198702f487f85a43a6e6,,,,,,
exclusion-qa-fia-2018-abu-e868b706ba3b,fia-2018-abu-e868b706ba3b,2018-abu,2018,21,Abu Dhabi Grand Prix,Stewards Decision Doc27 - P.Gasly,https://www.fia.com/sites/default/files/doc_27_-_2018_abu_dhabi_grand_prix_-_decision_-_car_10_incident_with_car_8.pdf,live_standalone,False,Practice,out_of_scope_session,causing_collision,primary,Observed session is outside the frozen study scope.,2018|out_of_scope_session|causing_collision,2,2,fb7fd8e768875524bc54e82702d679324ffeb717509a0ac8aed4193ce123cd0a,,,,,,
exclusion-qa-fia-2018-mex-94ba6550b087,fia-2018-mex-94ba6550b087,2018-mex,2018,19,Mexican Grand Prix,Offence Doc19 - P.Gasly,https://www.fia.com/sites/default/files/doc_19_-_2018_mexican_grand_prix_-_offence_-_car_10_gearbox.pdf,live_standalone,False,Practice,out_of_scope_session,component_or_allocation,excluded,Observed session is outside the frozen study scope.,2018|out_of_scope_session|component_or_allocation,24,1,07c0849472b62ac1cdd132cb3bb32ade4eddf8f4fc3250c7e414c134fc3c3f5c,,,,,,
exclusion-qa-fia-2018-rus-e5c90ba53b98,fia-2018-rus-e5c90ba53b98,2018-rus,2018,16,Russian Grand Prix,Steward Decision Doc10 - D. Ricciardo,https://www.fia.com/sites/default/files/doc_10_-_2018_russian_grand_prix_-_offence_-_car_10_power_unit_elements.pdf,live_standalone,False,Practice,out_of_scope_session,component_or_allocation,excluded,Observed session is outside the frozen study scope.,2018|out_of_scope_session|component_or_allocation,24,2,0fcd8448e88968aecb664aad39227995ad1eb95a46c3626b80cc16bf67f68631,,,,,,
exclusion-qa-fia-2018-usa-43fde70c1521,fia-2018-usa-43fde70c1521,2018-usa,2018,18,United States Grand Prix,Offence Doc20 - B.Hartley,https://www.fia.com/sites/default/files/doc_20_-_2018_united_states_grand_prix_-_offence_-_car_28_power_unit_elements.pdf,live_standalone,False,Practice,out_of_scope_session,component_or_allocation,excluded,Observed session is outside the frozen study scope.,2018|out_of_scope_session|component_or_allocation,24,3,156ade50a3a4f8f6e3a2cafd7e6db607a958a88a2133b186c0c51697f3bb12b9,,,,,,
exclusion-qa-fia-2018-aus-ed0849ef4b1b,fia-2018-aus-ed0849ef4b1b,2018-aus,2018,1,Australian Grand Prix,Stewards Decision Doc16 - D. Ricciardo,https://www.fia.com/sites/default/files/2018_australian_grand_prix_2018_offence_-_car_3_minimum_time_set_by_fia_ecu_-_doc_16.pdf,live_standalone,False,Practice,out_of_scope_session,neutralization_or_flag_procedure,excluded,Observed session is outside the frozen study scope.,2018|out_of_scope_session|neutralization_or_flag_procedure,4,1,2609325516985a88a4096a6f32915c25c92fc51fe99573bfe3fabc00e256342d,,,,,,
exclusion-qa-fia-2018-usa-4ad1c6a95f80,fia-2018-usa-4ad1c6a95f80,2018-usa,2018,18,United States Grand Prix,Offence Doc13 - S.Vettel,https://www.fia.com/sites/default/files/doc_13_-_2018_united_states_grand_prix_-_offence_-_car_5_red_fag.pdf,live_standalone,False,Practice,out_of_scope_session,neutralization_or_flag_procedure,excluded,Observed session is outside the frozen study scope.,2018|out_of_scope_session|neutralization_or_flag_procedure,4,2,28289e3653ef28ed63c2eb15673d04d6a8135ee8be292edee6c3a718c845bd70,,,,,,
exclusion-qa-fia-2018-abu-9375edb5886c,fia-2018-abu-9375edb5886c,2018-abu,2018,21,Abu Dhabi Grand Prix,Offence Doc25 - K.Räikkönen,https://www.fia.com/sites/default/files/doc_25_-_2018_abu_dhabi_grand_prix_-_offence_-_car_7_pit_entry.pdf,live_standalone,False,Practice,out_of_scope_session,pit_lane_procedure,excluded,Observed session is outside the frozen study scope.,2018|out_of_scope_session|pit_lane_procedure,10,1,0e617fdfbf9272ab14b65e0ce313c3cface219da49bb660855f4476ec09a6477,,,,,,
exclusion-qa-fia-2018-bhr-bdbe02e8bc68,fia-2018-bhr-bdbe02e8bc68,2018-bhr,2018,2,Bahrain Grand Prix,Stewards Decision Doc11 - K.Raikkonen,https://www.fia.com/sites/default/files/2018_bahrain_grand_prix_2018_offence_-_ferrari_car_7_-_release_in_an_unsafe_condition_-_doc_11.pdf,live_standalone,False,Practice,out_of_scope_session,pit_lane_procedure,excluded,Observed session is outside the frozen study scope.,2018|out_of_scope_session|pit_lane_procedure,10,2,37226821bdc6d161ec500c24493370bc6e42c542c6bd62abb614f053a08316f2,,,,,,
exclusion-qa-fia-2018-mco-f40d16d35e9a,fia-2018-mco-f40d16d35e9a,2018-mco,2018,6,Monaco Grand Prix,Stewards Decision Doc24 - S.Perez,https://www.fia.com/sites/default/files/2018_monaco_grand_prix_-_offence_-_car_11_pit_lane_speeding24.pdf,live_standalone,False,Practice,out_of_scope_session,pit_lane_speeding,excluded,Observed session is outside the frozen study scope.,2018|out_of_scope_session|pit_lane_speeding,23,1,0877b43dd77323c009edfa7052e3a9156adaee37ff235aebc9d1e379a8c9521a,,,,,,
exclusion-qa-fia-2018-can-ae232596ade1,fia-2018-can-ae232596ade1,2018-can,2018,7,Canadian Grand Prix,Stewards Decision Doc8 - B.Hartley,https://www.fia.com/sites/default/files/2018_canadian_grand_prix_-_offence_-_car_28_har_-_pit_lane_speeding8.pdf,live_standalone,False,Practice,out_of_scope_session,pit_lane_speeding,excluded,Observed session is outside the frozen study scope.,2018|out_of_scope_session|pit_lane_speeding,23,2,145e2f1539e5053b314ef69d34a9ee132dfa0756426c7fe91930a7e190de0242,,,,,,
exclusion-qa-fia-2018-sgp-22331fd49c4e,fia-2018-sgp-22331fd49c4e,2018-sgp,2018,15,Singapore Grand Prix,Stewards Decision Doc12 - K. Raikkonen,https://www.fia.com/sites/default/files/doc_12_-_2018_singapore_grand_prix_-_offence_-_car_7_pit_lane_speeding.pdf,live_standalone,False,Practice,out_of_scope_session,pit_lane_speeding,excluded,Observed session is outside the frozen study scope.,2018|out_of_scope_session|pit_lane_speeding,23,3,14cf58676afdb74e5cf448ad4fcf04b0edf89983a1158616f29a303be4c6c0d1,,,,,,
exclusion-qa-fia-2018-bra-f4b1a3330343,fia-2018-bra-f4b1a3330343,2018-bra,2018,20,Brazilian Grand Prix,Stewards Decision Doc24 - N.Hulkenberg (Incident with A.Albon in turn 16),https://www.fia.com/sites/default/files/doc_24_-_2019_abu_dhabi_grand_prix_-_decision_-_car_27_incident_with_car_23_in_turn_17.pdf,live_standalone,False,Practice,out_of_scope_session,qualifying_impeding,secondary,Observed session is outside the frozen study scope.,2018|out_of_scope_session|qualifying_impeding,3,1,6eda151882480bb410b3c716da7857079e63c64b6aec5172fff315dbf6b8cc59,,,,,,
exclusion-qa-fia-2018-aus-42abe41e49ab,fia-2018-aus-42abe41e49ab,2018-aus,2018,1,Australian Grand Prix,Stewards Decision Doc15 - K. Raikkonen,https://www.fia.com/sites/default/files/2018_australian_grand_prix_2018_decision_-_car_7_alleged_impeding_-_doc_15.pdf,live_standalone,False,Practice,out_of_scope_session,qualifying_impeding,secondary,Observed session is outside the frozen study scope.,2018|out_of_scope_session|qualifying_impeding,3,2,8a11e6b234b7ed026b12b00cb2a85caba21975f9a6476f62615cf6b94439c00c,,,,,,
exclusion-qa-fia-2018-mex-0823c8a7164b,fia-2018-mex-0823c8a7164b,2018-mex,2018,19,Mexican Grand Prix,Stewards Decision Doc23 - L.Stroll,https://www.fia.com/sites/default/files/doc_23_-_2018_mexican_grand_prix_-_decision_-_car_18_turn_8_incident.pdf,live_standalone,False,Practice,out_of_scope_session,race_direction_or_slow_driving,excluded,Observed session is outside the frozen study scope.,2018|out_of_scope_session|race_direction_or_slow_driving,1,1,d859b9d14c2bfa6481ef3cfa7a12fe85868f99039c833b97c2a6d4627f5adf19,,,,,,
exclusion-qa-fia-2018-esp-12266c855c77,fia-2018-esp-12266c855c77,2018-esp,2018,5,Spanish Grand Prix,Stewards Decision Doc18 - M.Verstappen,https://www.fia.com/sites/default/files/2018_spanish_grand_prix_2018_decision_-_car_33_re-joining_the_track_-_doc_18.pdf,live_standalone,False,Practice,out_of_scope_session,routine_track_limits,excluded,Observed session is outside the frozen study scope.,2018|out_of_scope_session|routine_track_limits,1,1,a4cbe4670e89ec1b7cea5fd4455631d5eb49e4da66a9ced5c61dff3b63d1d935,,,,,,
exclusion-qa-fia-2018-hun-e0408764cc66,fia-2018-hun-e0408764cc66,2018-hun,2018,12,Hungarian Grand Prix,Stewards Decision Doc17- N.Hülkenberg,https://www.fia.com/sites/default/files/doc_17_-_2018_hungarian_grand_prix_-_offence_-_renault_incorrect_use_of_tyres.pdf,live_standalone,False,Practice,out_of_scope_session,tyre_fuel_or_scrutineering,excluded,Observed session is outside the frozen study scope.,2018|out_of_scope_session|tyre_fuel_or_scrutineering,2,1,004b6f0286e7c3dfc579da89f26390125bf49f003c611e56411be6cfc0e6f725,,,,,,
exclusion-qa-fia-2018-fra-ae77adce249d,fia-2018-fra-ae77adce249d,2018-fra,2018,8,French Grand Prix,Steward Decision Doc11 - P. Gasly,https://www.fia.com/sites/default/files/2018_french_grand_prix_-_offence_-_car_10_p140_tyres11.pdf,live_standalone,False,Practice,out_of_scope_session,tyre_fuel_or_scrutineering,excluded,Observed session is outside the frozen study scope.,2018|out_of_scope_session|tyre_fuel_or_scrutineering,2,2,14f2d7276c5e14dae6149ecec1cb5b3d5ec18bfbf8a7b2ca899e8c793728f3d8,,,,,,
exclusion-qa-fia-2018-bra-c1c6be6eaf85,fia-2018-bra-c1c6be6eaf85,2018-bra,2018,20,Brazilian Grand Prix,Offence Doc12 - Car 77 (incident with car 8 in turn 11),https://www.fia.com/sites/default/files/doc_12_-_2019_abu_dhabi_grand_prix_-_offence_-_car_77_incident_with_car_8_in_turn_11.pdf,live_standalone,False,Practice,out_of_scope_session,unclassified,unclassified,Observed session is outside the frozen study scope.,2018|out_of_scope_session|unclassified,7,1,1a176c0444470c897e7a562ef1c294a05c83f84b2a1171120602576e79588933,,,,,,
exclusion-qa-fia-2018-gbr-58a1f4f756ed,fia-2018-gbr-58a1f4f756ed,2018-gbr,2018,10,British Grand Prix,Stewards Decision Doc11 - K. Magnussen,https://www.fia.com/sites/default/files/doc_11_-_2018_british_grand_prix_-_decision_-_car_20.pdf,live_standalone,False,Practice,out_of_scope_session,unclassified,unclassified,Observed session is outside the frozen study scope.,2018|out_of_scope_session|unclassified,7,2,629c7334cf53e8fe468cc23ee759560e4416e6f38cf8aeb0d90bd7d4afa83d76,,,,,,
exclusion-qa-fia-2018-deu-bf94ce73585d,fia-2018-deu-bf94ce73585d,2018-deu,2018,11,German Grand Prix,Stewards Decision Doc28- C.Sainz,https://www.fia.com/sites/default/files/doc_28_-_2018_german_grand_prix_-_offence_-_car_55_overtaking_under_the_sc.pdf,live_standalone,False,Race,primary_race_sprint,neutralization_or_flag_procedure,excluded,Document matched predefined excluded offence family neutralization_or_flag_procedure.,2018|primary_race_sprint|neutralization_or_flag_procedure,4,1,acbd750366c648794b020b98070776797fd25dabee16d83abf368b871cb3ccab,,,,,,
exclusion-qa-fia-2018-aut-a950a06ccc6e,fia-2018-aut-a950a06ccc6e,2018-aut,2018,9,Austrian Grand Prix,Offence Doc47- L.Stroll,https://www.fia.com/sites/default/files/doc_47_-_2018_austrian_grand_prix_-_offence_-_car_18_ignoring_blue_flags_0.pdf,live_standalone,False,Race,primary_race_sprint,neutralization_or_flag_procedure,excluded,Document matched predefined excluded offence family neutralization_or_flag_procedure.,2018|primary_race_sprint|neutralization_or_flag_procedure,4,2,c10bddd96f4ea9ef0704a84ac855d0d04223739d5df9ebc7c87e89db4b3738db,,,,,,
exclusion-qa-fia-2018-mex-e9ace9e4266a,fia-2018-mex-e9ace9e4266a,2018-mex,2018,19,Mexican Grand Prix,Offence Doc38 - Williams,https://www.fia.com/sites/default/files/doc_38_-_2018_mexican_grand_prix_-_offence_-_car_18_unsafe_release_from_a_pit_stop.pdf,live_standalone,False,Race,primary_race_sprint,pit_lane_procedure,excluded,Document matched predefined excluded offence family pit_lane_procedure.,2018|primary_race_sprint|pit_lane_procedure,6,1,76f23a3a2006e6131097c2810edace4653442c0aba13c6ce968b623f5204812a,,,,,,
exclusion-qa-fia-2018-aus-9dae6f644d2e,fia-2018-aus-9dae6f644d2e,2018-aus,2018,1,Australian Grand Prix,Stewards Decision Doc31 - K.Magnussen,https://www.fia.com/sites/default/files/2018_australian_grand_prix_2018_offence_-_haas_car_20_-_release_in_an_unsafe_condition_-_doc_31.pdf,live_standalone,False,Race,primary_race_sprint,pit_lane_procedure,excluded,Document matched predefined excluded offence family pit_lane_procedure.,2018|primary_race_sprint|pit_lane_procedure,6,2,7897342b8d4df8177d8c2dc2490053e335fa249c772f05b371e881a5e5dabbe3,,,,,,
exclusion-qa-fia-2018-fra-50b4bf7fd71a,fia-2018-fra-50b4bf7fd71a,2018-fra,2018,8,French Grand Prix,Offence Doc 49 - C. Sainz,https://www.fia.com/sites/default/files/2018_french_grand_prix_-_offence_-_car_55_sai_-_pit_lane_speeding49.pdf,live_standalone,False,Race,primary_race_sprint,pit_lane_speeding,excluded,Document matched predefined excluded offence family pit_lane_speeding.,2018|primary_race_sprint|pit_lane_speeding,4,1,49361e917b00105a6d303d280c675206173e73e9b129d51cf45a1872ce617652,,,,,,
exclusion-qa-fia-2018-gbr-e50e133b91f9,fia-2018-gbr-e50e133b91f9,2018-gbr,2018,10,British Grand Prix,Stewards Decision Doc48- K.Räikkönen,https://www.fia.com/sites/default/files/doc_48_-_2018_british_grand_prix_-_offence_-_car_7_pit_lane_speeding.pdf,live_standalone,False,Race,primary_race_sprint,pit_lane_speeding,excluded,Document matched predefined excluded offence family pit_lane_speeding.,2018|primary_race_sprint|pit_lane_speeding,4,2,5eca09725ba57b7a8eede223b61b2b998d95b368a61c72abdc7014d9469a78a3,,,,,,
exclusion-qa-fia-2018-esp-78e31c6c7e3e,fia-2018-esp-78e31c6c7e3e,2018-esp,2018,5,Spanish Grand Prix,Stewards Decision Doc36 - S.Vandoorne,https://www.fia.com/sites/default/files/2018_spanish_grand_prix_2018_offence_-_car_2_re-joining_the_track_-_doc_36.pdf,live_standalone,False,Race,primary_race_sprint,routine_track_limits,excluded,Document matched predefined excluded offence family routine_track_limits.,2018|primary_race_sprint|routine_track_limits,1,1,c3b642dc8b9ab9e4eb1710c7888823660f2f426e153f48ddbcf96ffb83061ab6,,,,,,
exclusion-qa-fia-2018-mco-8fac6e5dd6f6,fia-2018-mco-8fac6e5dd6f6,2018-mco,2018,6,Monaco Grand Prix,Stewards Decision Doc41 - S.Sirotkin,https://www.fia.com/sites/default/files/2018_monaco_grand_prix_-_decision_-_car_35_car_being_worked_on_during_a_10_sec_stop_go41.pdf,live_standalone,False,Race,primary_race_sprint,sanction_service,excluded,Document matched predefined excluded offence family sanction_service.,2018|primary_race_sprint|sanction_service,1,1,2945ec254ae669be231cefdc6a198724cf8ab4cfe2dc8b1c35cd499c6ee3fffc,,,,,,
exclusion-qa-fia-2018-aze-16cf3b69127a,fia-2018-aze-16cf3b69127a,2018-aze,2018,4,Azerbaijan Grand Prix,Stewards Decision Doc35 - S.Perez,https://www.fia.com/sites/default/files/2018_azerbaijan_grand_prix_2018_offence_-_car_11_overtaking_before_sc_line_-_doc_35.pdf,live_standalone,False,Race,primary_race_sprint,start_procedure,excluded,Document matched predefined excluded offence family start_procedure.,2018|primary_race_sprint|start_procedure,4,1,146b86a8550fb6b118f2b838d5862192e02ef86d8ed8760427c65b1e8e37a5ed,,,,,,
exclusion-qa-fia-2018-bhr-383a7e905c5c,fia-2018-bhr-383a7e905c5c,2018-bhr,2018,2,Bahrain Grand Prix,Stewards Decision Doc34 - B.Hartley,https://www.fia.com/sites/default/files/2018_bahrain_grand_prix_2018_offence_-_car_28_failure_to_re-establish_original_start_order_-_doc_34.pdf,live_standalone,False,Race,primary_race_sprint,start_procedure,excluded,Document matched predefined excluded offence family start_procedure.,2018|primary_race_sprint|start_procedure,4,2,28d66e6f32355fbb666eb0b5b612ae2dcb35acf662dae45ff722d709f6692c77,,,,,,
exclusion-qa-fia-2018-bra-c53d7c9f5c4c,fia-2018-bra-c53d7c9f5c4c,2018-bra,2018,20,Brazilian Grand Prix,Offence Doc41 - Ferrari (Fuel Declaration),https://www.fia.com/sites/default/files/doc_41_-_2019_abu_dhabi_grand_prix_-_offence_-_ferrari_fuel_declaration.pdf,live_standalone,False,Race,primary_race_sprint,tyre_fuel_or_scrutineering,excluded,Document matched predefined excluded offence family tyre_fuel_or_scrutineering.,2018|primary_race_sprint|tyre_fuel_or_scrutineering,4,1,2aaecd815f222830c140fec729f8151e35e7a9de7c3e17b3fb2c9181db648e2e,,,,,,
exclusion-qa-fia-2018-aze-ff72a0665487,fia-2018-aze-ff72a0665487,2018-aze,2018,4,Azerbaijan Grand Prix,Stewards Decision Doc50 - K.Magnussen,https://www.fia.com/sites/default/files/2018_azerbaijan_grand_prix_2018_decision_-_car_20_drs_use_-_doc_50.pdf,live_standalone,False,Race,primary_race_sprint,tyre_fuel_or_scrutineering,excluded,Document matched predefined excluded offence family tyre_fuel_or_scrutineering.,2018|primary_race_sprint|tyre_fuel_or_scrutineering,4,2,43fb711e96c572f92556819e574ad3cab59ecb4afea42e769110111e31e334d0,,,,,,
exclusion-qa-fia-2018-usa-9bf777382db1,fia-2018-usa-9bf777382db1,2018-usa,2018,18,United States Grand Prix,Offence Doc23 - P.Gasly,https://www.fia.com/sites/default/files/doc_23_-_2018_united_states_grand_prix_-_offence_-_car_10_leaving_the_track_in_t19.pdf,live_standalone,False,Qualifying,secondary_qualifying,causing_collision,primary,Qualifying document did not match the frozen qualifying-impeding family.,2018|secondary_qualifying|causing_collision,2,1,c71d90fb642191f2c516793f3a0a20fe8dcdc878dabbf7ec3ea15e7b00b200ab,,,,,,
exclusion-qa-fia-2018-mex-a89c2422e27c,fia-2018-mex-a89c2422e27c,2018-mex,2018,19,Mexican Grand Prix,Offence Doc25 - F.Alonso,https://www.fia.com/sites/default/files/doc_25_-_2018_mexican_grand_prix_-_offence_-_car_14_leaving_the_track_at_turn_11.pdf,live_standalone,False,Qualifying,secondary_qualifying,causing_collision,primary,Qualifying document did not match the frozen qualifying-impeding family.,2018|secondary_qualifying|causing_collision,2,2,f235dd5166d8306bc5f15e035c1fbb8d0c56bf8ff6593196c7efd11b7d1651b9,,,,,,
exclusion-qa-fia-2018-bel-f88d9e97648f,fia-2018-bel-f88d9e97648f,2018-bel,2018,13,Belgian Grand Prix,Offence Doc 30 - C.Sainz,https://www.fia.com/sites/default/files/doc_30_-_2018_belgian_grand_prix_-_offence_-_car_55_pu_elements.pdf,live_standalone,False,Qualifying,secondary_qualifying,component_or_allocation,excluded,Qualifying document did not match the frozen qualifying-impeding family.,2018|secondary_qualifying|component_or_allocation,18,1,10582eb83a0bf8bc5424de6910650feb01acfd88c95379c2e5f08b22014db41e,,,,,,
exclusion-qa-fia-2018-jpn-dd622cb3b782,fia-2018-jpn-dd622cb3b782,2018-jpn,2018,17,Japanese Grand Prix,Offence Doc31 - M.Ericsson,https://www.fia.com/sites/default/files/doc_31_-_2018_japanese_grand_prix_-_offence_-_car_9_pu_element.pdf,live_standalone,False,Qualifying,secondary_qualifying,component_or_allocation,excluded,Qualifying document did not match the frozen qualifying-impeding family.,2018|secondary_qualifying|component_or_allocation,18,2,11b8d12a0b2fc90bf307e8e21b2c57a60da49657d656340e076d6c11be48aca4,,,,,,
exclusion-qa-fia-2018-gbr-17ab7773d88a,fia-2018-gbr-17ab7773d88a,2018-gbr,2018,10,British Grand Prix,Stewards Decision Doc27- S.Sirotkin,https://www.fia.com/sites/default/files/doc_27_-_2018_british_grand_prix_-_decision_-_car_35_red_flag_incident_0.pdf,live_standalone,False,Qualifying,secondary_qualifying,neutralization_or_flag_procedure,excluded,Qualifying document did not match the frozen qualifying-impeding family.,2018|secondary_qualifying|neutralization_or_flag_procedure,3,1,15f7ba6e4baf51e8feabaeff1ee0be1c586ce3db3c9b6746e0f4a8e9c8efe082,,,,,,
exclusion-qa-fia-2018-rus-b93675534e1e,fia-2018-rus-b93675534e1e,2018-rus,2018,16,Russian Grand Prix,Offence Doc 27 - M. Verstappen,https://www.fia.com/sites/default/files/doc_27_-_2018_russian_grand_prix_-_offence_-_car_33_yellow_flag_0.pdf,live_standalone,False,Qualifying,secondary_qualifying,neutralization_or_flag_procedure,excluded,Qualifying document did not match the frozen qualifying-impeding family.,2018|secondary_qualifying|neutralization_or_flag_procedure,3,2,4f60875e8078a140358bb736691d8b96dacf6c6f45289140ca8647e02a557bc8,,,,,,
exclusion-qa-fia-2018-gbr-4deb4c6f919f,fia-2018-gbr-4deb4c6f919f,2018-gbr,2018,10,British Grand Prix,Stewards Decision Doc35 - S.Sirotkin,https://www.fia.com/sites/default/files/doc_35_-_2018_british_grand_prix_-_offence_-_car_35_change_of_parts_of_a_different_specification.pdf,live_standalone,False,Qualifying,secondary_qualifying,parc_ferme_or_setup,excluded,Qualifying document did not match the frozen qualifying-impeding family.,2018|secondary_qualifying|parc_ferme_or_setup,3,1,283b466a940e6ffad1a13f46051efc830f797c7ac94191c80fe1dadedf138903,,,,,,
exclusion-qa-fia-2018-gbr-71742602c0ad,fia-2018-gbr-71742602c0ad,2018-gbr,2018,10,British Grand Prix,Stewards Decision Doc36- L.Stroll,https://www.fia.com/sites/default/files/doc_36_-_2018_british_grand_prix_-_offence_-_car_18_change_of_parts_of_a_different_specification_0.pdf,live_standalone,False,Qualifying,secondary_qualifying,parc_ferme_or_setup,excluded,Qualifying document did not match the frozen qualifying-impeding family.,2018|secondary_qualifying|parc_ferme_or_setup,3,2,716b8e4a233081aba1667b33dddfc83bc35b3ff2b718b449430720f4bc58f43d,,,,,,
exclusion-qa-fia-2018-bra-012124fc355e,fia-2018-bra-012124fc355e,2018-bra,2018,20,Brazilian Grand Prix,Offence Doc28 - Toro Rosso (Unsafe Release),https://www.fia.com/sites/default/files/doc_28_-_2019_abu_dhabi_grand_prix_-_offence_-_toro_rosso_unsafe_release.pdf,live_standalone,False,Qualifying,secondary_qualifying,pit_lane_procedure,excluded,Qualifying document did not match the frozen qualifying-impeding family.,2018|secondary_qualifying|pit_lane_procedure,1,1,ff9ede2c52c31c334922c0d1ca9d5ecc49081407f200c426157c9e6d0c307e23,,,,,,
exclusion-qa-fia-2018-fra-f2d94405c7c3,fia-2018-fra-f2d94405c7c3,2018-fra,2018,8,French Grand Prix,Offence Doc30 - S.Vettel,https://www.fia.com/sites/default/files/2018_french_grand_prix_-_offence_-_car_5_vet_-_pit_lane_speeding30.pdf,live_standalone,False,Qualifying,secondary_qualifying,pit_lane_speeding,excluded,Qualifying document did not match the frozen qualifying-impeding family.,2018|secondary_qualifying|pit_lane_speeding,3,1,32ee36d939e8e27117ad50172cae0a16c86bf63b4f5f1531d4b96632215f5038,,,,,,
exclusion-qa-fia-2018-mco-a52b5e423318,fia-2018-mco-a52b5e423318,2018-mco,2018,6,Monaco Grand Prix,Stewards Decision Doc27 - F.Alonso,https://www.fia.com/sites/default/files/2018_monaco_grand_prix_-_offence_-_car_14_pit_lane_speeding27.pdf,live_standalone,False,Qualifying,secondary_qualifying,pit_lane_speeding,excluded,Qualifying document did not match the frozen qualifying-impeding family.,2018|secondary_qualifying|pit_lane_speeding,3,2,a4ebd3333e45cfb99f5f9be9bb4b5cb63f6e2e65068a6e3b5503ed74220d75ab,,,,,,
exclusion-qa-fia-2018-usa-7bfa1dc603be,fia-2018-usa-7bfa1dc603be,2018-usa,2018,18,United States Grand Prix,Stewards Decision Doc30 - V.Bottas,https://www.fia.com/sites/default/files/doc_30_-_2018_united_states_grand_prix_-_decision_-_car_77_alleged_driving_unnecessarily_slowly.pdf,live_standalone,False,Qualifying,secondary_qualifying,race_direction_or_slow_driving,excluded,Qualifying document did not match the frozen qualifying-impeding family.,2018|secondary_qualifying|race_direction_or_slow_driving,3,1,7049a2c76feea7f3597c54fbd1cd8cfeabafa8ca1d7976246bd5343281147737,,,,,,
exclusion-qa-fia-2018-mex-9f800a7da26a,fia-2018-mex-9f800a7da26a,2018-mex,2018,19,Mexican Grand Prix,Stewards Decision Doc28 - L.Stroll,https://www.fia.com/sites/default/files/doc_28_-_2018_mexican_grand_prix_-_decision_-_car_18_turn_8_incident_-_2nd.pdf,live_standalone,False,Qualifying,secondary_qualifying,race_direction_or_slow_driving,excluded,Qualifying document did not match the frozen qualifying-impeding family.,2018|secondary_qualifying|race_direction_or_slow_driving,3,2,7dea81bc3355d688a875e380686d77a07bfd0b5db80edd32c37469a254577120,,,,,,
exclusion-qa-fia-2018-esp-eca295000c0f,fia-2018-esp-eca295000c0f,2018-esp,2018,5,Spanish Grand Prix,Stewards Decision Doc25 - M.Ericsson,https://www.fia.com/sites/default/files/2018_spanish_grand_prix_2018_decision_-_car_9_re-joining_the_track_-_doc_25.pdf,live_standalone,False,Qualifying,secondary_qualifying,routine_track_limits,excluded,Qualifying document did not match the frozen qualifying-impeding family.,2018|secondary_qualifying|routine_track_limits,1,1,cc767eb903525b3c0d6e771a18120f7c332ecea0f99d21dfeacabef023524b25,,,,,,
exclusion-qa-fia-2018-ita-d9178e512c5f,fia-2018-ita-d9178e512c5f,2018-ita,2018,14,Italian Grand Prix,Stewards Decision Doc27- K.Magnussen,https://www.fia.com/sites/default/files/doc_27_-_2018_italian_grand_prix_-_decision_-_car_20_incident_with_car_14_in_turn_1.pdf,live_standalone,False,Qualifying,secondary_qualifying,unclassified,unclassified,Qualifying document did not match the frozen qualifying-impeding family.,2018|secondary_qualifying|unclassified,2,1,06ae5b12d626d89bd6a4e561e62e52e3a83d935307c20a6f4748afbe14751b1d,,,,,,
exclusion-qa-fia-2018-ita-4a807664941c,fia-2018-ita-4a807664941c,2018-ita,2018,14,Italian Grand Prix,Stewards Decision Doc26- F.Alonso,https://www.fia.com/sites/default/files/doc_26_-_2018_italian_grand_prix_-_decision_-_car_14_incident_with_car_20_in_turn_1.pdf,live_standalone,False,Qualifying,secondary_qualifying,unclassified,unclassified,Qualifying document did not match the frozen qualifying-impeding family.,2018|secondary_qualifying|unclassified,2,2,d1f29e2a1f20f57263c746017e0f664a629c1ad42b98ba84f3fb8dabfd801c98,,,,,,
exclusion-qa-fia-2018-bel-39cbc9c74ea3,fia-2018-bel-39cbc9c74ea3,2018-bel,2018,13,Belgian Grand Prix,Stewards Decision Doc15 - Racing Point Force India F1 Team (Gearbox & Power Units),https://www.fia.com/sites/default/files/doc_15_-_2018_belgian_grand_prix_-_decision_-_racing_point_force_india_f1_team_gearbox_power_units_0.pdf,live_standalone,True,Unknown,unknown,component_or_allocation,excluded,Document matched predefined excluded offence family component_or_allocation.,2018|unknown|component_or_allocation,1,1,fa8431d652cdaf28c50803a1998a6907afc95ee091c4b83381f7f37d6241a210,,,,,,
exclusion-qa-fia-2018-fra-9ba7e392b1c6,fia-2018-fra-9ba7e392b1c6,2018-fra,2018,8,French Grand Prix,Steward Decision Doc12 - Pit lane speed limit,https://www.fia.com/sites/default/files/2018_french_grand_prix_-_decision_-_pit_lane_speed_limit12.pdf,live_standalone,True,Unknown,unknown,pit_lane_speeding,excluded,Document matched predefined excluded offence family pit_lane_speeding.,2018|unknown|pit_lane_speeding,1,1,d28dc23f38d22fcbaa40de72d616df16da322b2be24a3eb0edf0a1f20029519f,,,,,,
exclusion-qa-fia-2018-abu-41e9c3870f97,fia-2018-abu-41e9c3870f97,2018-abu,2018,21,Abu Dhabi Grand Prix,Stewards Decision Doc20 - Haas Protest,https://www.fia.com/sites/default/files/doc_20_-_2018_abu_dhabi_grand_prix_-_decision_-_haas_protest.pdf,live_standalone,True,Unknown,unknown,protest_review_or_governance,excluded,Document matched predefined excluded offence family protest_review_or_governance.,2018|unknown|protest_review_or_governance,1,1,8251cc5d9876214cb2ed33722e3ac6f18890e1ad5d19d0f9df0292f203458c9a,,,,,,
exclusion-qa-fia-2019-bhr-20c4392b2ff4,fia-2019-bhr-20c4392b2ff4,2019-bhr,2019,2,Bahrain Grand Prix,Decision - Car 27 (incident with car 99 in turn 7),https://www.fia.com/sites/default/files/decision-document/2019%20Bahrain%20Grand%20Prix%20-%20Decision%20-%20Car%2027%20(incident%20with%20car%2099%20in%20turn%207).pdf,live_standalone,False,Practice,out_of_scope_session,causing_collision,primary,Observed session is outside the frozen study scope.,2019|out_of_scope_session|causing_collision,1,1,81e7f9cb4f06d037f4c16e040294f81527234daa9c759e08b5b1ab0c38433f0f,,,,,,
exclusion-qa-fia-2019-usa-feba4a82b20a,fia-2019-usa-feba4a82b20a,2019-usa,2019,19,United States Grand Prix,Offence - Car 11 (PU elements),https://www.fia.com/sites/default/files/decision-document/2019%20United%20States%20Grand%20Prix%20-%20Offence%20-%20Car%2011%20(PU%20elements).pdf,live_standalone,False,Practice,out_of_scope_session,component_or_allocation,excluded,Observed session is outside the frozen study scope.,2019|out_of_scope_session|component_or_allocation,26,1,0fd623e8b811a8ea910b75d04028a50a25186fa704574653dd2e6b103d02f805,,,,,,
exclusion-qa-fia-2019-fra-95f5f2addc4c,fia-2019-fra-95f5f2addc4c,2019-fra,2019,8,French Grand Prix,Offence - Car 26 (PU elements),https://www.fia.com/sites/default/files/decision-document/2019%20French%20Grand%20Prix%20-%20Offence%20-%20Car%2026%20(PU%20elements).pdf,live_standalone,False,Practice,out_of_scope_session,component_or_allocation,excluded,Observed session is outside the frozen study scope.,2019|out_of_scope_session|component_or_allocation,26,2,27597663ff10b8a08d9614ff2c053669906c3c7dd43f3b54daf7c7880f925d81,,,,,,
exclusion-qa-fia-2019-ita-1115ab2490ae,fia-2019-ita-1115ab2490ae,2019-ita,2019,14,Italian Grand Prix,Offence - Car 4 (PU elements),https://www.fia.com/sites/default/files/decision-document/2019%20Italian%20Grand%20Prix%20-%20Offence%20-%20Car%204%20(PU%20elements)_0.pdf,live_standalone,False,Practice,out_of_scope_session,component_or_allocation,excluded,Observed session is outside the frozen study scope.,2019|out_of_scope_session|component_or_allocation,26,3,29e8e2c86b3fa31d0e9aa940c5495e7dbe1ff518ab826f3f38b8b327f1f689b2,,,,,,
exclusion-qa-fia-2019-ita-4a635506287b,fia-2019-ita-4a635506287b,2019-ita,2019,14,Italian Grand Prix,Offence - Car 18 (Track limits),https://www.fia.com/sites/default/files/decision-document/2019%20Italian%20Grand%20Prix%20-%20Offence%20-%20Car%2018%20(Track%20limits).pdf,live_standalone,False,Practice,out_of_scope_session,gaining_advantage_off_track,primary,Observed session is outside the frozen study scope.,2019|out_of_scope_session|gaining_advantage_off_track,7,1,303b295123019c70edf3ab4a1a8602fe56c343624f8d91416c25b337619493cc,,,,,,
exclusion-qa-fia-2019-ita-e36f6c562e32,fia-2019-ita-e36f6c562e32,2019-ita,2019,14,Italian Grand Prix,Offence - Car 20 (Track limits),https://www.fia.com/sites/default/files/decision-document/2019%20Italian%20Grand%20Prix%20-%20Offence%20-%20Car%2020%20(Track%20limits).pdf,live_standalone,False,Practice,out_of_scope_session,gaining_advantage_off_track,primary,Observed session is outside the frozen study scope.,2019|out_of_scope_session|gaining_advantage_off_track,7,2,504346f05064978d240af1f00ab977de7f81b9a99b84fe59f65fca5675fe9af9,,,,,,
exclusion-qa-fia-2019-aus-016092cc7891,fia-2019-aus-016092cc7891,2019-aus,2019,1,Australian Grand Prix,Offence - Car 4 (unsafe release),https://www.fia.com/sites/default/files/decision-document/2019%20Australian%20Grand%20Prix%20-%20Offence%20-%20Car%204%20(unsafe%20release).pdf,live_standalone,False,Practice,out_of_scope_session,pit_lane_procedure,excluded,Observed session is outside the frozen study scope.,2019|out_of_scope_session|pit_lane_procedure,1,1,8e8d7078d03147eebf3a5745c67071914d552a7779610eda9c5334011186d9ff,,,,,,
exclusion-qa-fia-2019-hun-79482c70e858,fia-2019-hun-79482c70e858,2019-hun,2019,12,Hungarian Grand Prix,Offence - Car 7 (pit lane speeding),https://www.fia.com/sites/default/files/decision-document/2019%20Hungarian%20Grand%20Prix%20-%20Offence%20-%20Car%207%20(pit%20lane%20speeding).pdf,live_standalone,False,Practice,out_of_scope_session,pit_lane_speeding,excluded,Observed session is outside the frozen study scope.,2019|out_of_scope_session|pit_lane_speeding,12,1,16635c1f726df9717d639b706dafd20238c1e5ea15afe721e288ee3aa9479ebd,,,,,,
exclusion-qa-fia-2019-bel-f85b5d1ba5be,fia-2019-bel-f85b5d1ba5be,2019-bel,2019,13,Belgian Grand Prix,Offence - Car 16 (Pit lane speeding),https://www.fia.com/sites/default/files/decision-document/2019%20Belgian%20Grand%20Prix%20-%20Offence%20-%20Car%2016%20(Pit%20lane%20speeding).pdf,live_standalone,False,Practice,out_of_scope_session,pit_lane_speeding,excluded,Observed session is outside the frozen study scope.,2019|out_of_scope_session|pit_lane_speeding,12,2,190c550629dbb7df31d9d006ed28d21d9491df32d5a8d8fdd2878a1fcf9d3752,,,,,,
exclusion-qa-fia-2019-bra-10d44043fd46,fia-2019-bra-10d44043fd46,2019-bra,2019,20,Brazilian Grand Prix,Decision - Car 11 (incident with car 8 in turn 10),https://www.fia.com/sites/default/files/decision-document/2019%20Brazilian%20Grand%20Prix%20-%20Decision%20-%20Car%2011%20(incident%20with%20car%208%20in%20turn%2010).pdf,live_standalone,False,Practice,out_of_scope_session,qualifying_impeding,secondary,Observed session is outside the frozen study scope.,2019|out_of_scope_session|qualifying_impeding,2,1,58d7f4805154140d275f6c40ae894a6f8d92f7a6ab505c0e3dcba121b9abe9c1,,,,,,
exclusion-qa-fia-2019-abu-e51e1f967eb3,fia-2019-abu-e51e1f967eb3,2019-abu,2019,21,Abu Dhabi Grand Prix,Decision - Car 27 (incident with car 23 in turn 17),https://www.fia.com/sites/default/files/decision-document/2019%20Abu%20Dhabi%20Grand%20Prix%20-%20Decision%20-%20Car%2027%20(incident%20with%20car%2023%20in%20turn%2017).pdf,live_standalone,False,Practice,out_of_scope_session,qualifying_impeding,secondary,Observed session is outside the frozen study scope.,2019|out_of_scope_session|qualifying_impeding,2,2,88c993c5034e4c8f5bf3c2b49f0fb0d2c02562200e71c6089f811fd5a94aec91,,,,,,
exclusion-qa-fia-2019-usa-76970ea10162,fia-2019-usa-76970ea10162,2019-usa,2019,19,United States Grand Prix,Offence - Car 44 (P2 track limits turn 19 deletion of lap time),https://www.fia.com/sites/default/files/decision-document/2019%20United%20States%20Grand%20Prix%20-%20Offence%20-%20Car%2044%20(P2%20track%20limits%20turn%2019%20deletion%20of%20lap%20time).pdf,live_standalone,False,Practice,out_of_scope_session,routine_track_limits,excluded,Observed session is outside the frozen study scope.,2019|out_of_scope_session|routine_track_limits,30,1,0b045e3eb5c2fd810f214b6c62a015e9248ba35cb3111364207bf181262c7665,,,,,,
exclusion-qa-fia-2019-deu-f0dc6a4a02e2,fia-2019-deu-f0dc6a4a02e2,2019-deu,2019,11,German Grand Prix,Offence - Car 5 (did not use the track at all times),https://www.fia.com/sites/default/files/decision-document/2019%20German%20Grand%20Prix%20-%20Offence%20-%20Car%205%20(did%20not%20use%20the%20track%20at%20all%20times).pdf,live_standalone,False,Practice,out_of_scope_session,routine_track_limits,excluded,Observed session is outside the frozen study scope.,2019|out_of_scope_session|routine_track_limits,30,2,1c8c40b580c010dd54238cc305e8b6faf84c3ad95d324502a6822aa8f3ca912a,,,,,,
exclusion-qa-fia-2019-usa-337b316096d1,fia-2019-usa-337b316096d1,2019-usa,2019,19,United States Grand Prix,Offence - Car 33 (track limits turn 19 deletion of lap time),https://www.fia.com/sites/default/files/decision-document/2019%20United%20States%20Grand%20Prix%20-%20Offence%20-%20Car%2033%20(track%20limits%20turn%2019%20deletion%20of%20lap%20time).pdf,live_standalone,False,Practice,out_of_scope_session,routine_track_limits,excluded,Observed session is outside the frozen study scope.,2019|out_of_scope_session|routine_track_limits,30,3,1ebdcbee87fb5d2c696a7c924399203edfaacff5b519333a5f132bb6caa03a5d,,,,,,
exclusion-qa-fia-2019-aut-6f537ff55532,fia-2019-aut-6f537ff55532,2019-aut,2019,9,Austrian Grand Prix,Offence - Alfa Romeo Racing (Car 99 Fuel Temperature),https://www.fia.com/sites/default/files/decision-document/2019%20Austrian%20Grand%20Prix%20-%20Offence%20-%20Alfa%20Romeo%20Racing%20(Car%2099%20Fuel%20Temperature).pdf,live_standalone,False,Practice,out_of_scope_session,tyre_fuel_or_scrutineering,excluded,Observed session is outside the frozen study scope.,2019|out_of_scope_session|tyre_fuel_or_scrutineering,4,1,481ccb898f3e87612bf50cd16469602f4b52bd8b7c6ebbb0a77e8a8a62736213,,,,,,
exclusion-qa-fia-2019-usa-848836089ded,fia-2019-usa-848836089ded,2019-usa,2019,19,United States Grand Prix,Offence - Car 11 (failure to stop for weighing),https://www.fia.com/sites/default/files/decision-document/2019%20United%20States%20Grand%20Prix%20-%20Offence%20-%20Car%2011%20(failure%20to%20stop%20for%20weighing).pdf,live_standalone,False,Practice,out_of_scope_session,tyre_fuel_or_scrutineering,excluded,Observed session is outside the frozen study scope.,2019|out_of_scope_session|tyre_fuel_or_scrutineering,4,2,8603b01e69875cb0dda4a9a76a7643fb27406f05f3d55d95b7a5acbbdc6e20e2,,,,,,
exclusion-qa-fia-2019-hun-622b11e730ec,fia-2019-hun-622b11e730ec,2019-hun,2019,12,Hungarian Grand Prix,Offence - Car 4 (stopping in the pit lane),https://www.fia.com/sites/default/files/decision-document/2019%20Hungarian%20Grand%20Prix%20-%20Offence%20-%20Car%204%20(stopping%20in%20the%20pit%20lane).pdf,live_standalone,False,Practice,out_of_scope_session,unclassified,unclassified,Observed session is outside the frozen study scope.,2019|out_of_scope_session|unclassified,7,1,16661f46e2e46a8f01aa616c7167aea9811f842e6dfb286e5b9016bddcdf6f27,,,,,,
exclusion-qa-fia-2019-mco-ac36a96daee4,fia-2019-mco-ac36a96daee4,2019-mco,2019,6,Monaco Grand Prix,Offence - Car 16 (VSC),https://www.fia.com/sites/default/files/decision-document/2019%20Monaco%20Grand%20Prix%20-%20Offence%20-%20Car%2016%20(VSC).pdf,live_standalone,False,Practice,out_of_scope_session,unclassified,unclassified,Observed session is outside the frozen study scope.,2019|out_of_scope_session|unclassified,7,2,6c5d2ce7a22b52c1acd4b4dd4b9f616a03ce5fac05b5862e1a1b0352ac081aa5,,,,,,
exclusion-qa-fia-2019-bra-f14989ae27d0,fia-2019-bra-f14989ae27d0,2019-bra,2019,20,Brazilian Grand Prix,Offence - Car 27 (overtaking under the safety car),https://www.fia.com/sites/default/files/decision-document/2019%20Brazilian%20Grand%20Prix%20-%20Offence%20-%20Car%2027%20(overtaking%20under%20the%20safety%20car).pdf,live_standalone,False,Race,primary_race_sprint,neutralization_or_flag_procedure,excluded,Document matched predefined excluded offence family neutralization_or_flag_procedure.,2019|primary_race_sprint|neutralization_or_flag_procedure,1,1,6d3f3c381c202161d0fe51274601fe77a6f0c97b67fdb829c2387a95162d6a1c,,,,,,
exclusion-qa-fia-2019-bra-dbd6704d2ef8,fia-2019-bra-dbd6704d2ef8,2019-bra,2019,20,Brazilian Grand Prix,Offence - Car 88 (unsafel release from a pit stop),https://www.fia.com/sites/default/files/decision-document/2019%20Brazilian%20Grand%20Prix%20-%20Offence%20-%20Car%2088%20(unsafel%20release%20from%20a%20pit%20stop).pdf,live_standalone,False,Race,primary_race_sprint,pit_lane_procedure,excluded,Document matched predefined excluded offence family pit_lane_procedure.,2019|primary_race_sprint|pit_lane_procedure,8,1,14e1faf5be012e625a14e3dd29ceef581f2b7871c4c8e4a71d187a472c1c4cf7,,,,,,
exclusion-qa-fia-2019-deu-acd71922037f,fia-2019-deu-acd71922037f,2019-deu,2019,11,German Grand Prix,Offence - Ferrari (unsafe release of car 16),https://www.fia.com/sites/default/files/decision-document/2019%20German%20Grand%20Prix%20-%20Offence%20-%20Ferrari%20(unsafe%20release%20of%20car%2016).pdf,live_standalone,False,Race,primary_race_sprint,pit_lane_procedure,excluded,Document matched predefined excluded offence family pit_lane_procedure.,2019|primary_race_sprint|pit_lane_procedure,8,2,1e76146580dfdefa8e66a4f3334dd29a1aa45afa1340cdf683a42b9b0b2747d4,,,,,,
exclusion-qa-fia-2019-bhr-52052d170039,fia-2019-bhr-52052d170039,2019-bhr,2019,2,Bahrain Grand Prix,Offence - Car 26 (Pit Lane Speeding),https://www.fia.com/sites/default/files/decision-document/2019%20Bahrain%20Grand%20Prix%20-%20Offence%20-%20Car%2026%20(Pit%20Lane%20Speeding).pdf,live_standalone,False,Race,primary_race_sprint,pit_lane_speeding,excluded,Document matched predefined excluded offence family pit_lane_speeding.,2019|primary_race_sprint|pit_lane_speeding,1,1,a299200c759147dab750f4039078ae9bfaaab0f46826ed4e4be193cc9796e663,,,,,,
exclusion-qa-fia-2019-jpn-5034793b8f78,fia-2019-jpn-5034793b8f78,2019-jpn,2019,17,Japanese Grand Prix,Offence - Haas (Mr Guenther Steiner),https://www.fia.com/sites/default/files/decision-document/2019%20Japanese%20Grand%20Prix%20-%20Offence%20-%20Haas%20(Mr%20Guenther%20Steiner).pdf,live_standalone,False,Race,primary_race_sprint,procedural_or_personnel,excluded,Document matched predefined excluded offence family procedural_or_personnel.,2019|primary_race_sprint|procedural_or_personnel,1,1,8f2567b46073bf031926468db6c39aff6fbc5b181d3dc6597ab230c1daee74ab,,,,,,
exclusion-qa-fia-2019-deu-f52cc3485e68,fia-2019-deu-f52cc3485e68,2019-deu,2019,11,German Grand Prix,Decision - Car 44 (alleged driving unnecessarily slowly under the SC),https://www.fia.com/sites/default/files/decision-document/2019%20German%20Grand%20Prix%20-%20Decision%20-%20Car%2044%20(alleged%20driving%20unnecessarily%20slowly%20under%20the%20SC).pdf,live_standalone,False,Race,primary_race_sprint,race_direction_or_slow_driving,excluded,Document matched predefined excluded offence family race_direction_or_slow_driving.,2019|primary_race_sprint|race_direction_or_slow_driving,2,1,94cce3d4713b3b7f8e13b472bed452ec5096b2636a5c19a98fd4286ec31cd83a,,,,,,
exclusion-qa-fia-2019-jpn-9d251456c1c0,fia-2019-jpn-9d251456c1c0,2019-jpn,2019,17,Japanese Grand Prix,Offence - Car 16 (unsafe condition),https://www.fia.com/sites/default/files/decision-document/2019%20Japanese%20Grand%20Prix%20-%20Offence%20-%20Car%2016%20(unsafe%20condition).pdf,live_standalone,False,Race,primary_race_sprint,race_direction_or_slow_driving,excluded,Document matched predefined excluded offence family race_direction_or_slow_driving.,2019|primary_race_sprint|race_direction_or_slow_driving,2,2,d392affcaf75477e071ab34d38f2abc02c29ef51cf4e00c40249345e7f0c9f9e,,,,,,
exclusion-qa-fia-2019-usa-aecbe1c23b15,fia-2019-usa-aecbe1c23b15,2019-usa,2019,19,United States Grand Prix,Offence - Car 99 (Race - track limits turn 19 deletion of lap time),https://www.fia.com/sites/default/files/decision-document/2019%20United%20States%20Grand%20Prix%20-%20Offence%20-%20Car%2099%20(Race%20-%20track%20limits%20turn%2019%20deletion%20of%20lap%20time).pdf,live_standalone,False,Race,primary_race_sprint,routine_track_limits,excluded,Document matched predefined excluded offence family routine_track_limits.,2019|primary_race_sprint|routine_track_limits,13,1,059002d255707775c7e152ead8658bbf1d00c5119ba5699c8c12160c148ac9ae,,,,,,
exclusion-qa-fia-2019-usa-f76dd1ab12ab,fia-2019-usa-f76dd1ab12ab,2019-usa,2019,19,United States Grand Prix,Offence - Car 26 (2nd - Race - track limits turn 19 deletion of lap time),https://www.fia.com/sites/default/files/decision-document/2019%20United%20States%20Grand%20Prix%20-%20Offence%20-%20Car%2026%20(2nd%20-%20Race%20-%20track%20limits%20turn%2019%20deletion%20of%20lap%20time).pdf,live_standalone,False,Race,primary_race_sprint,routine_track_limits,excluded,Document matched predefined excluded offence family routine_track_limits.,2019|primary_race_sprint|routine_track_limits,13,2,06952f721c8ca0286a3891ae42e94f7f5b187a0633ce0eaefdf1c0547419557d,,,,,,
exclusion-qa-fia-2019-aze-86e623d15f13,fia-2019-aze-86e623d15f13,2019-aze,2019,4,Azerbaijan Grand Prix,Offence - Car 88 (Start Procedure),https://www.fia.com/sites/default/files/decision-document/2019%20Azerbaijan%20Grand%20Prix%20-%20Offence%20-%20Car%2088%20(Start%20Procedure).pdf,live_standalone,False,Race,primary_race_sprint,start_procedure,excluded,Document matched predefined excluded offence family start_procedure.,2019|primary_race_sprint|start_procedure,6,1,12c0446699dc32e1b055555e07ea608c8bb15fa013374060e6118b91c22b6c9d,,,,,,
exclusion-qa-fia-2019-deu-225516170578,fia-2019-deu-225516170578,2019-deu,2019,11,German Grand Prix,Offence - Car 99 (Race Start),https://www.fia.com/sites/default/files/decision-document/2019%20German%20Grand%20Prix%20-%20Offence%20-%20Car%2099%20(Race%20Start).pdf,live_standalone,False,Race,primary_race_sprint,start_procedure,excluded,Document matched predefined excluded offence family start_procedure.,2019|primary_race_sprint|start_procedure,6,2,22cbf5700a75b893e0fb561e4990f8e4190178aa904d8b91e548583315911261,,,,,,
exclusion-qa-fia-2019-abu-5dd13d654247,fia-2019-abu-5dd13d654247,2019-abu,2019,21,Abu Dhabi Grand Prix,Offence - Ferrari (Fuel declaration),https://www.fia.com/sites/default/files/decision-document/2019%20Abu%20Dhabi%20Grand%20Prix%20-%20Offence%20-%20Ferrari%20(Fuel%20declaration).pdf,live_standalone,False,Race,primary_race_sprint,tyre_fuel_or_scrutineering,excluded,Document matched predefined excluded offence family tyre_fuel_or_scrutineering.,2019|primary_race_sprint|tyre_fuel_or_scrutineering,3,1,0bea9c8740f2935d4864c12ee85cab86e606d0b3d5222856243bd40c4a716e8c,,,,,,
exclusion-qa-fia-2019-ita-4829ba14f879,fia-2019-ita-4829ba14f879,2019-ita,2019,14,Italian Grand Prix,Offence - Car 7 (Wrong tyres used),https://www.fia.com/sites/default/files/decision-document/2019%20Italian%20Grand%20Prix%20-%20Offence%20-%20Car%207%20(Wrong%20tyres%20used).pdf,live_standalone,False,Race,primary_race_sprint,tyre_fuel_or_scrutineering,excluded,Document matched predefined excluded offence family tyre_fuel_or_scrutineering.,2019|primary_race_sprint|tyre_fuel_or_scrutineering,3,2,79c8da2a8bb5a8e7a620738ffb56f92c0505b91c0c0a02eb4af96a9c95bbe236,,,,,,
exclusion-qa-fia-2019-ita-8017ee00bbe3,fia-2019-ita-8017ee00bbe3,2019-ita,2019,14,Italian Grand Prix,Decision - Car 5 (leaving the track),https://www.fia.com/sites/default/files/decision-document/2019%20Italian%20Grand%20Prix%20-%20Decision%20-%20Car%205%20(leaving%20the%20track).pdf,live_standalone,False,Qualifying,secondary_qualifying,causing_collision,primary,Qualifying document did not match the frozen qualifying-impeding family.,2019|secondary_qualifying|causing_collision,1,1,fbd9603afe0afb7a5039df28163247e0e6628ef164a9e62cdcabdd3ac404d5ee,,,,,,
exclusion-qa-fia-2019-hun-13c760799f9c,fia-2019-hun-13c760799f9c,2019-hun,2019,12,Hungarian Grand Prix,Offence - Car 3 (PU elements),https://www.fia.com/sites/default/files/decision-document/2019%20Hungarian%20Grand%20Prix%20-%20Offence%20-%20Car%203%20(PU%20elements).pdf,live_standalone,False,Qualifying,secondary_qualifying,component_or_allocation,excluded,Qualifying document did not match the frozen qualifying-impeding family.,2019|secondary_qualifying|component_or_allocation,28,1,07e5875ad9803717c8167e1d41ba67f14f4dc16b98d265ae5ed6dc3ac8ab928b,,,,,,
exclusion-qa-fia-2019-esp-9c3f449071a2,fia-2019-esp-9c3f449071a2,2019-esp,2019,5,Spanish Grand Prix,Offence - Car 27 (PU Elements),https://www.fia.com/sites/default/files/decision-document/2019%20Spanish%20Grand%20Prix%20-%20Offence%20-%20Car%2027%20(PU%20Elements).pdf,live_standalone,False,Qualifying,secondary_qualifying,component_or_allocation,excluded,Qualifying document did not match the frozen qualifying-impeding family.,2019|secondary_qualifying|component_or_allocation,28,2,0d1b21aba45cd1f77e1baf2ce2caf656f74f37fad560bbe8213bb603aad64bae,,,,,,
exclusion-qa-fia-2019-fra-e5711978de6e,fia-2019-fra-e5711978de6e,2019-fra,2019,8,French Grand Prix,Offence - Car 63 - (PU elements),https://www.fia.com/sites/default/files/decision-document/2019%20French%20Grand%20Prix%20-%20Offence%20-%20Car%2063%20-%20(PU%20elements).pdf,live_standalone,False,Qualifying,secondary_qualifying,component_or_allocation,excluded,Qualifying document did not match the frozen qualifying-impeding family.,2019|secondary_qualifying|component_or_allocation,28,3,132537c9f716f3abba929d7b0be1fb29fdcb98c7862592f374716269789bcc14,,,,,,
exclusion-qa-fia-2019-ita-f957930938ee,fia-2019-ita-f957930938ee,2019-ita,2019,14,Italian Grand Prix,Corrected - Offence - Car 23 (Track Limits),https://www.fia.com/sites/default/files/decision-document/2019%20Italian%20Grand%20Prix%20-%20Corrected%20-%20Offence%20-%20Car%2023%20(Track%20Limits).pdf,live_standalone,False,Qualifying,secondary_qualifying,gaining_advantage_off_track,primary,Qualifying document did not match the frozen qualifying-impeding family.,2019|secondary_qualifying|gaining_advantage_off_track,1,1,4c97a6354e29e60b1bd6a6ee91c47063ca323c4794b60d5363a81490fbf6f587,,,,,,
exclusion-qa-fia-2019-mex-007f2ef58a84,fia-2019-mex-007f2ef58a84,2019-mex,2019,18,Mexican Grand Prix,Offence - Car 33 (failure to slow for a yellow flag),https://www.fia.com/sites/default/files/decision-document/2019%20Mexican%20Grand%20Prix%20-%20Offence%20-%20Car%2033%20(failure%20to%20slow%20for%20a%20yellow%20flag).pdf,live_standalone,False,Qualifying,secondary_qualifying,neutralization_or_flag_procedure,excluded,Qualifying document did not match the frozen qualifying-impeding family.,2019|secondary_qualifying|neutralization_or_flag_procedure,1,1,18344f8bd2cfa6ec2630a195b503db15426051e857af6f2a366cf07bd2edcfe2,,,,,,
exclusion-qa-fia-2019-aze-b4f9334f5ade,fia-2019-aze-b4f9334f5ade,2019-aze,2019,4,Azerbaijan Grand Prix,Offence - Car 88 (Suspension Setup Change),https://www.fia.com/sites/default/files/decision-document/2019%20Azerbaijan%20Grand%20Prix%20-%20Offence%20-%20Car%2088%20(Suspension%20Setup%20Change).pdf,live_standalone,False,Qualifying,secondary_qualifying,parc_ferme_or_setup,excluded,Qualifying document did not match the frozen qualifying-impeding family.,2019|secondary_qualifying|parc_ferme_or_setup,4,1,3d4ad04e91685b8dfe636b3cc4ca90c5bef74dd9791c6b8efb000d2614824fda,,,,,,
exclusion-qa-fia-2019-aut-91e449588e15,fia-2019-aut-91e449588e15,2019-aut,2019,9,Austrian Grand Prix,Offence - Car 63 (Change of frong wing assembly),https://www.fia.com/sites/default/files/decision-document/2019%20Austrian%20Grand%20Prix%20-%20Offence%20-%20Car%2063%20(Change%20of%20frong%20wing%20assembly).pdf,live_standalone,False,Qualifying,secondary_qualifying,parc_ferme_or_setup,excluded,Qualifying document did not match the frozen qualifying-impeding family.,2019|secondary_qualifying|parc_ferme_or_setup,4,2,6656a5b752104aba3de4be0a4c14c4af1513c53407757ea07fa7932ab579d4e7,,,,,,
exclusion-qa-fia-2019-mex-eac063c949d6,fia-2019-mex-eac063c949d6,2019-mex,2019,18,Mexican Grand Prix,Decision - Car 26 (alleged unsafe release),https://www.fia.com/sites/default/files/decision-document/2019%20Mexican%20Grand%20Prix%20-%20Decision%20-%20Car%2026%20(alleged%20unsafe%20release).pdf,live_standalone,False,Qualifying,secondary_qualifying,pit_lane_procedure,excluded,Qualifying document did not match the frozen qualifying-impeding family.,2019|secondary_qualifying|pit_lane_procedure,5,1,1374a4c20d96e5fc07ebb2a05486bf05794187c3033e13ba5ba6add57326e990,,,,,,
exclusion-qa-fia-2019-aus-b66fd86b0a26,fia-2019-aus-b66fd86b0a26,2019-aus,2019,1,Australian Grand Prix,Offence - Car 20 (unsafe release),https://www.fia.com/sites/default/files/decision-document/2019%20Australian%20Grand%20Prix%20-%20Offence%20-%20Car%2020%20(unsafe%20release).pdf,live_standalone,False,Qualifying,secondary_qualifying,pit_lane_procedure,excluded,Qualifying document did not match the frozen qualifying-impeding family.,2019|secondary_qualifying|pit_lane_procedure,5,2,8662f072e429b051a07856cb1552b57067ca4ab05d13cf24acc48a83a5c25a53,,,,,,
exclusion-qa-fia-2019-deu-a143d0d923e0,fia-2019-deu-a143d0d923e0,2019-deu,2019,11,German Grand Prix,Offence - Car 77 (pit lane speeding),https://www.fia.com/sites/default/files/decision-document/2019%20German%20Grand%20Prix%20-%20Offence%20-%20Car%2077%20(pit%20lane%20speeding).pdf,live_standalone,False,Qualifying,secondary_qualifying,pit_lane_speeding,excluded,Qualifying document did not match the frozen qualifying-impeding family.,2019|secondary_qualifying|pit_lane_speeding,1,1,1398c097db31d3aa506e2ac491c4559876b95573819f0534b919c7993d954f15,,,,,,
exclusion-qa-fia-2019-bhr-02ed5c4a8564,fia-2019-bhr-02ed5c4a8564,2019-bhr,2019,2,Bahrain Grand Prix,Decision - Car 5 (alleged driving unnessarily slowly on an in lap),https://www.fia.com/sites/default/files/decision-document/2019%20Bahrain%20Grand%20Prix%20-%20Decision%20-%20Car%205%20(alleged%20driving%20unnessarily%20slowly%20on%20an%20in%20lap).pdf,live_standalone,False,Qualifying,secondary_qualifying,race_direction_or_slow_driving,excluded,Qualifying document did not match the frozen qualifying-impeding family.,2019|secondary_qualifying|race_direction_or_slow_driving,4,1,383530fa6881decc9f375aa08f6ca6c5474c2173e28473d8054cd5358413ceca,,,,,,
exclusion-qa-fia-2019-ita-6e3d4b67f11e,fia-2019-ita-6e3d4b67f11e,2019-ita,2019,14,Italian Grand Prix,Offence - Car 18 (driving unnecessarily slowly),https://www.fia.com/sites/default/files/decision-document/2019%20Italian%20Grand%20Prix%20-%20Offence%20-%20Car%2018%20(driving%20unnecessarily%20slowly).pdf,live_standalone,False,Qualifying,secondary_qualifying,race_direction_or_slow_driving,excluded,Qualifying document did not match the frozen qualifying-impeding family.,2019|secondary_qualifying|race_direction_or_slow_driving,4,2,78ae7afae9c2c40de74634fb21d98297af4c44b007a6e8ea0af6d567d1ff53ea,,,,,,
exclusion-qa-fia-2019-deu-4bfae042c863,fia-2019-deu-4bfae042c863,2019-deu,2019,11,German Grand Prix,Offence - Car 88 (did not use the track at all times),https://www.fia.com/sites/default/files/decision-document/2019%20German%20Grand%20Prix%20-%20Offence%20-%20Car%2088%20(did%20not%20use%20the%20track%20at%20all%20times).pdf,live_standalone,False,Qualifying,secondary_qualifying,routine_track_limits,excluded,Qualifying document did not match the frozen qualifying-impeding family.,2019|secondary_qualifying|routine_track_limits,8,1,30641d6ee7956d9f747ca98bdc9ce5977080da3c03ee9a62f1467db8517418c3,,,,,,
exclusion-qa-fia-2019-usa-16211e2bc121,fia-2019-usa-16211e2bc121,2019-usa,2019,19,United States Grand Prix,Offence - Car 26 (Q2 track limits turn 19 deletion of lap time),https://www.fia.com/sites/default/files/decision-document/2019%20United%20States%20Grand%20Prix%20-%20Offence%20-%20Car%2026%20(Q2%20track%20limits%20turn%2019%20deletion%20of%20lap%20time).pdf,live_standalone,False,Qualifying,secondary_qualifying,routine_track_limits,excluded,Qualifying document did not match the frozen qualifying-impeding family.,2019|secondary_qualifying|routine_track_limits,8,2,52c9d7abefb3718b8b82ca44157c7490e0359b816b3ee4b25846a53fb8a038b1,,,,,,
exclusion-qa-fia-2019-chn-c847637a2546,fia-2019-chn-c847637a2546,2019-chn,2019,3,Chinese Grand Prix,Decision - Car 99 (failure to set a time in qualifying),https://www.fia.com/sites/default/files/decision-document/2019%20Chinese%20Grand%20Prix%20-%20Decision%20-%20Car%2099%20(failure%20to%20set%20a%20time%20in%20qualifying).pdf,live_standalone,True,Qualifying,secondary_qualifying,start_or_grid_permission,excluded,Qualifying document did not match the frozen qualifying-impeding family.,2019|secondary_qualifying|start_or_grid_permission,7,1,1c8679f6d729aeb24f827ae6680a8672872032a6716fa0ee6b994985939eb8bd,,,,,,
exclusion-qa-fia-2019-bra-186802089497,fia-2019-bra-186802089497,2019-bra,2019,20,Brazilian Grand Prix,Decision - Car 55 (failure to set a time in qualifying),https://www.fia.com/sites/default/files/decision-document/2019%20Brazilian%20Grand%20Prix%20-%20Decision%20-%20Car%2055%20(failure%20to%20set%20a%20time%20in%20qualifying).pdf,live_standalone,True,Qualifying,secondary_qualifying,start_or_grid_permission,excluded,Qualifying document did not match the frozen qualifying-impeding family.,2019|secondary_qualifying|start_or_grid_permission,7,2,3d659e3b48f46f4bb5366d1df846455fa3631f00764038c8f0f0bb777f74cc37,,,,,,
exclusion-qa-fia-2019-sgp-eb470da37b2c,fia-2019-sgp-eb470da37b2c,2019-sgp,2019,15,Singapore Grand Prix,Offence - Car 3 (MGU-K Power Limit),https://www.fia.com/sites/default/files/decision-document/2019%20Singapore%20Grand%20Prix%20-%20Offence%20-%20Car%203%20(MGU-K%20Power%20Limit).pdf,live_standalone,False,Qualifying,secondary_qualifying,tyre_fuel_or_scrutineering,excluded,Qualifying document did not match the frozen qualifying-impeding family.,2019|secondary_qualifying|tyre_fuel_or_scrutineering,8,1,2cf9ac8047fabb42448f232c16ef4fdce24841119bc59bb88c2bff98f92e2c09,,,,,,
exclusion-qa-fia-2019-aze-048142f8e5e9,fia-2019-aze-048142f8e5e9,2019-aze,2019,4,Azerbaijan Grand Prix,Offence - Car 10 (Fuel Flow),https://www.fia.com/sites/default/files/decision-document/2019%20Azerbaijan%20Grand%20Prix%20-%20Offence%20-%20Car%2010%20(Fuel%20Flow).pdf,live_standalone,False,Qualifying,secondary_qualifying,tyre_fuel_or_scrutineering,excluded,Qualifying document did not match the frozen qualifying-impeding family.,2019|secondary_qualifying|tyre_fuel_or_scrutineering,8,2,70bfbe3d718e9d985301d45fb8e0d5fec622e444c24ae63ed8fdf5f88772830e,,,,,,
exclusion-qa-fia-2019-jpn-398dddb74931,fia-2019-jpn-398dddb74931,2019-jpn,2019,17,Japanese Grand Prix,Decision - Car 88 (change of survival cell),https://www.fia.com/sites/default/files/decision-document/2019%20Japanese%20Grand%20Prix%20-%20Decision%20-%20Car%2088%20(change%20of%20survival%20cell).pdf,live_standalone,True,Unknown,unknown,component_or_allocation,excluded,Document matched predefined excluded offence family component_or_allocation.,2019|unknown|component_or_allocation,1,1,a45012b053e82d79185a7e77587f0b67df99d4ef13849f4737723c128bbeea18,,,,,,
exclusion-qa-fia-2019-sgp-dedc4587a396,fia-2019-sgp-dedc4587a396,2019-sgp,2019,15,Singapore Grand Prix,Decision - Pit Lane Speed Limit,https://www.fia.com/sites/default/files/decision-document/2019%20Singapore%20Grand%20Prix%20-%20Decision%20-%20Pit%20Lane%20Speed%20Limit.pdf,live_standalone,True,Unknown,unknown,pit_lane_speeding,excluded,Document matched predefined excluded offence family pit_lane_speeding.,2019|unknown|pit_lane_speeding,4,1,1bd16c50fadac2f00efd763480a222434c556b3582d68ae45eaebcd3615f3719,,,,,,
exclusion-qa-fia-2019-rus-dd5d7ed5c661,fia-2019-rus-dd5d7ed5c661,2019-rus,2019,16,Russian Grand Prix,Decision - Pit Lane Speed Limit,https://www.fia.com/sites/default/files/decision-document/2019%20Russian%20Grand%20Prix%20-%20Decision%20-%20Pit%20Lane%20Speed%20Limit.pdf,live_standalone,True,Unknown,unknown,pit_lane_speeding,excluded,Document matched predefined excluded offence family pit_lane_speeding.,2019|unknown|pit_lane_speeding,4,2,93f8654347983ace4d8f2f474db481f5e13cc3093c589eaaa88cb8bff2f320f3,,,,,,
exclusion-qa-fia-2019-chn-d9c34416e5d7,fia-2019-chn-d9c34416e5d7,2019-chn,2019,3,Chinese Grand Prix,Decision - Car 23 (Request for re-scrutineering),https://www.fia.com/sites/default/files/decision-document/2019%20Chinese%20Grand%20Prix%20-%20Decision%20-%20Car%2023%20(Request%20for%20re-scrutineering).pdf,live_standalone,True,Unknown,unknown,protest_review_or_governance,excluded,Document matched predefined excluded offence family protest_review_or_governance.,2019|unknown|protest_review_or_governance,4,1,1e760e9fac98b12e942a4e4f3eab4689cefdfae1af5d32cfe8bc974ff3509609,,,,,,
exclusion-qa-fia-2019-jpn-54a74556de2c,fia-2019-jpn-54a74556de2c,2019-jpn,2019,17,Japanese Grand Prix,Decision - SportPesa Racing Point F1 Team Protest,https://www.fia.com/sites/default/files/decision-document/2019%20Japanese%20Grand%20Prix%20-%20Decision%20-%20SportPesa%20Racing%20Point%20F1%20Team%20Protest.pdf,live_standalone,True,Unknown,unknown,protest_review_or_governance,excluded,Document matched predefined excluded offence family protest_review_or_governance.,2019|unknown|protest_review_or_governance,4,2,5653377a8cbad50583d678d7f576a23822609bb23e46ec5a138cd5fe50061bc1,,,,,,
exclusion-qa-fia-2019-deu-67777bab186f,fia-2019-deu-67777bab186f,2019-deu,2019,11,German Grand Prix,Decision - Car 5 (request to start the race),https://www.fia.com/sites/default/files/decision-document/2019%20German%20Grand%20Prix%20-%20Decision%20-%20Car%205%20(request%20to%20start%20the%20race).pdf,live_standalone,True,Unknown,unknown,start_or_grid_permission,excluded,Document matched predefined excluded offence family start_or_grid_permission.,2019|unknown|start_or_grid_permission,3,1,b61cd60b2bbef2e347bca233de809aceb1ed9febed84e94a3c03fb860178bf64,,,,,,
exclusion-qa-fia-2019-sgp-ef429af7928e,fia-2019-sgp-ef429af7928e,2019-sgp,2019,15,Singapore Grand Prix,Decision - Car 3 (permission to start the race),https://www.fia.com/sites/default/files/decision-document/2019%20Singapore%20Grand%20Prix%20-%20Decision%20-%20Car%203%20(permission%20to%20start%20the%20race).pdf,live_standalone,True,Unknown,unknown,start_or_grid_permission,excluded,Document matched predefined excluded offence family start_or_grid_permission.,2019|unknown|start_or_grid_permission,3,2,ef54cfc53407b906e54078ef26abced9fb5a37995620c698cc3849abea02af14,,,,,,
exclusion-qa-fia-2020-por-c2d4ef91f8b0,fia-2020-por-c2d4ef91f8b0,2020-por,2020,12,Portuguese Grand Prix,Decision - Car 33 - Turn 1 Incident with car 18,https://www.fia.com/sites/default/files/decision-document/2020%20Portuguese%20Grand%20Prix%20-%20Decision%20-%20Car%2033%20-%20Turn%201%20Incident%20with%20car%2018.pdf,live_standalone,False,Practice,out_of_scope_session,causing_collision,primary,Observed session is outside the frozen study scope.,2020|out_of_scope_session|causing_collision,3,1,1db61aa2fd1d7fb659faf7098cccc96eb24baae40fc09e95268f8f8fd6074856,,,,,,
exclusion-qa-fia-2020-tus-ae233fd33a42,fia-2020-tus-ae233fd33a42,2020-tus,2020,9,Tuscan Grand Prix,Offence - Car 11 - collision with car 7,https://www.fia.com/sites/default/files/decision-document/2020%20Tuscan%20Grand%20Prix%20-%20Offence%20-%20Car%2011%20-%20collision%20with%20car%207.pdf,live_standalone,False,Practice,out_of_scope_session,causing_collision,primary,Observed session is outside the frozen study scope.,2020|out_of_scope_session|causing_collision,3,2,923a698fa9a02be2c3d543e241fb59d44d6f6cb6dcbabb46c3fe29ca4b5dfebf,,,,,,
exclusion-qa-fia-2020-tur-ef255e3be05c,fia-2020-tur-ef255e3be05c,2020-tur,2020,14,Turkish Grand Prix,Offence - Car 63 - PU elements,https://www.fia.com/sites/default/files/decision-document/2020%20Turkish%20Grand%20Prix%20-%20Offence%20-%20Car%2063%20-%20PU%20elements.pdf,live_standalone,False,Practice,out_of_scope_session,component_or_allocation,excluded,Observed session is outside the frozen study scope.,2020|out_of_scope_session|component_or_allocation,5,1,135104726a13b3a03f2b32758ba85e39348d46f77e25ea5b7c130b3381ba2819,,,,,,
exclusion-qa-fia-2020-skh-386e60db09a2,fia-2020-skh-386e60db09a2,2020-skh,2020,16,Sakhir Grand Prix,Offence - Car 51 - PU Elements,https://www.fia.com/sites/default/files/decision-document/2020%20Sakhir%20Grand%20Prix%20-%20Offence%20-%20Car%2051%20-%20PU%20Elements.pdf,live_standalone,False,Practice,out_of_scope_session,component_or_allocation,excluded,Observed session is outside the frozen study scope.,2020|out_of_scope_session|component_or_allocation,5,2,210294de7f4f9ab4f1bd8d479492af3b109cce8818bcbcb3b6f36b6f3d9b8638,,,,,,
exclusion-qa-fia-2020-sty-c2ff462ce56c,fia-2020-sty-c2ff462ce56c,2020-sty,2020,2,Styrian Grand Prix,Offence - Car 4 - Overtaking car 10 under yellow flags,https://www.fia.com/sites/default/files/decision-document/2020%20Styrian%20Grand%20Prix%20-%20Offence%20-%20Car%204%20-%20Overtaking%20car%2010%20under%20yellow%20flags.pdf,live_standalone,False,Practice,out_of_scope_session,neutralization_or_flag_procedure,excluded,Observed session is outside the frozen study scope.,2020|out_of_scope_session|neutralization_or_flag_procedure,1,1,3aaf53903ffae15b86f79ad64181f058d652b84e85ea8e2868beb77e87151743,,,,,,
exclusion-qa-fia-2020-por-ce3e602732bc,fia-2020-por-ce3e602732bc,2020-por,2020,12,Portuguese Grand Prix,Offence - Car 63 - Pit Exit,https://www.fia.com/sites/default/files/decision-document/2020%20Portuguese%20Grand%20Prix%20-%20Offence%20-%20Car%2063%20-%20Pit%20Exit.pdf,live_standalone,False,Practice,out_of_scope_session,pit_lane_procedure,excluded,Observed session is outside the frozen study scope.,2020|out_of_scope_session|pit_lane_procedure,1,1,8519d339ff565910997ee1efcf7100aad08a3069bd14c7d8d8818ae9085cc585,,,,,,
exclusion-qa-fia-2020-tus-2add4e233a3b,fia-2020-tus-2add4e233a3b,2020-tus,2020,9,Tuscan Grand Prix,Offence - Car 18 - Pit lane speeding,https://www.fia.com/sites/default/files/decision-document/2020%20Tuscan%20Grand%20Prix%20-%20Offence%20-%20Car%2018%20-%20Pit%20lane%20speeding.pdf,live_standalone,False,Practice,out_of_scope_session,pit_lane_speeding,excluded,Observed session is outside the frozen study scope.,2020|out_of_scope_session|pit_lane_speeding,15,1,0b012f11259109cf37d94005bfb81e40ae909a0cde65ee9dcfea8eb9e757a350,,,,,,
exclusion-qa-fia-2020-bhr-da8e117b5a34,fia-2020-bhr-da8e117b5a34,2020-bhr,2020,15,Bahrain Grand Prix,Offence - Car 7 - Pit lane speeding,https://www.fia.com/sites/default/files/decision-document/2020%20Bahrain%20Grand%20Prix%20-%20Offence%20-%20Car%207%20-%20Pit%20lane%20speeding.pdf,live_standalone,False,Practice,out_of_scope_session,pit_lane_speeding,excluded,Observed session is outside the frozen study scope.,2020|out_of_scope_session|pit_lane_speeding,15,2,1ddf65510784c7734d197da14b26f7b3f9e52552897eecaf3b0b4d0dca5db33b,,,,,,
exclusion-qa-fia-2020-bel-0cd81c691fc7,fia-2020-bel-0cd81c691fc7,2020-bel,2020,7,Belgian Grand Prix,Corrected Offence - Car 11 - impeding car 8 in P3,https://www.fia.com/sites/default/files/decision-document/2020%20Belgian%20Grand%20Prix%20-%20Corrected%20Offence%20-%20Car%2011%20-%20impeding%20car%208%20in%20P3%20.pdf,live_standalone,False,Practice,out_of_scope_session,qualifying_impeding,secondary,Observed session is outside the frozen study scope.,2020|out_of_scope_session|qualifying_impeding,2,1,131c9c4e409d68da9d3357e2ebb72b02c5ab179b6cf3025e6b74b9563fb0ffe1,,,,,,
exclusion-qa-fia-2020-bel-f7cfe6b0d0cc,fia-2020-bel-f7cfe6b0d0cc,2020-bel,2020,7,Belgian Grand Prix,Offence - Car 11 - impeding car 8 in P3,https://www.fia.com/sites/default/files/decision-document/2020%20Belgian%20Grand%20Prix%20-%20Offence%20-%20Car%2011%20-%20impeding%20car%208%20in%20P3.pdf,live_standalone,False,Practice,out_of_scope_session,qualifying_impeding,secondary,Observed session is outside the frozen study scope.,2020|out_of_scope_session|qualifying_impeding,2,2,3d05d07f7c419faf02e83769542aec931a51d246fa11cba761e243db23a2be8d,,,,,,
exclusion-qa-fia-2020-ita-f46e78428640,fia-2020-ita-f46e78428640,2020-ita,2020,8,Italian Grand Prix,Decision - Turn 11 incident in P3,https://www.fia.com/sites/default/files/decision-document/2020%20Italian%20Grand%20Prix%20-%20Decision%20-%20Turn%2011%20incident%20in%20P3.pdf,live_standalone,False,Practice,out_of_scope_session,race_direction_or_slow_driving,excluded,Observed session is outside the frozen study scope.,2020|out_of_scope_session|race_direction_or_slow_driving,2,1,718369619105a95bc16017a9dff1cd64d7f252a981169fca80cf5e588bd877e1,,,,,,
exclusion-qa-fia-2020-bel-d4cf1e0a620f,fia-2020-bel-d4cf1e0a620f,2020-bel,2020,7,Belgian Grand Prix,Decision - Car 16 - alleged driving unnecessarily slowly,https://www.fia.com/sites/default/files/decision-document/2020%20Belgian%20Grand%20Prix%20-%20Decision%20-%20Car%2016%20-%20alleged%20driving%20unnecessarily%20slowly.pdf,live_standalone,False,Pre-session,out_of_scope_session,race_direction_or_slow_driving,excluded,Observed session is outside the frozen study scope.,2020|out_of_scope_session|race_direction_or_slow_driving,2,2,cf1f0af8da9c538352d2507abd9a9349a8825d2945dba56720047670f171d08d,,,,,,
exclusion-qa-fia-2020-aut-7862c41c3dba,fia-2020-aut-7862c41c3dba,2020-aut,2020,1,Austrian Grand Prix,Offence - Car 20 - Track Limits in turn 9,https://www.fia.com/sites/default/files/decision-document/2020%20Austrian%20Grand%20Prix%20-%20Offence%20-%20Car%2020%20-%20Track%20Limits%20in%20turn%209.pdf,live_standalone,False,Practice,out_of_scope_session,routine_track_limits,excluded,Observed session is outside the frozen study scope.,2020|out_of_scope_session|routine_track_limits,7,1,0829252fd1db2fc75c62bf1a2118beff45e6a7c5cb3257eecdcb24e9ddace16b,,,,,,
exclusion-qa-fia-2020-aut-7d2eab2a5d55,fia-2020-aut-7d2eab2a5d55,2020-aut,2020,1,Austrian Grand Prix,Offence - Car 18 - Track Limits Turn 9,https://www.fia.com/sites/default/files/decision-document/2020%20Austrian%20Grand%20Prix%20-%20Offence%20-%20Car%2018%20-%20Track%20Limits%20Turn%209.pdf,live_standalone,False,Practice,out_of_scope_session,routine_track_limits,excluded,Observed session is outside the frozen study scope.,2020|out_of_scope_session|routine_track_limits,7,2,a8c1a597c6034db31f8291cb52e298d186488e3fbc41ed045faba0589282489e,,,,,,
exclusion-qa-fia-2020-por-cd22128937ff,fia-2020-por-cd22128937ff,2020-por,2020,12,Portuguese Grand Prix,Offence - Renault - Tyre use,https://www.fia.com/sites/default/files/decision-document/2020%20Portuguese%20Grand%20Prix%20-%20Offence%20-%20Renault%20-%20Tyre%20use.pdf,live_standalone,False,Practice,out_of_scope_session,tyre_fuel_or_scrutineering,excluded,Observed session is outside the frozen study scope.,2020|out_of_scope_session|tyre_fuel_or_scrutineering,1,1,d683aa1f29657204c31d30aee57ab0bc75109929622c9c246f219b51e4f96e47,,,,,,
exclusion-qa-fia-2020-rus-6ec04d56206c,fia-2020-rus-6ec04d56206c,2020-rus,2020,10,Russian Grand Prix,Replacement for Document 47 - Offence - Car 44 - 2nd Practice Start,https://www.fia.com/sites/default/files/decision-document/2020%20Russian%20Grand%20Prix%20-%20Replacement%20for%20Document%2047%20-%20Offence%20-%20Car%2044%20-%202nd%20Practice%20Start.pdf,live_standalone,False,Pre-session,out_of_scope_session,unclassified,unclassified,Observed session is outside the frozen study scope.,2020|out_of_scope_session|unclassified,8,1,0c683daa724c6dc8eb0153c9a9243add59e2b8b3170eb694800ce5eb0cc54cc5,,,,,,
exclusion-qa-fia-2020-rus-f74b747f503c,fia-2020-rus-f74b747f503c,2020-rus,2020,10,Russian Grand Prix,Offence - Car 44 - 2nd Practice start,https://www.fia.com/sites/default/files/decision-document/2020%20Russian%20Grand%20Prix%20-%20Offence%20-%20Car%2044%20-%202nd%20Practice%20start%20.pdf,live_standalone,False,Pre-session,out_of_scope_session,unclassified,unclassified,Observed session is outside the frozen study scope.,2020|out_of_scope_session|unclassified,8,2,1a81350a8d5d49d177f8b0bc4d9f0ba0dc0af2bf9387be898b8c180acecbb236,,,,,,
exclusion-qa-fia-2020-esp-30df2e630db3,fia-2020-esp-30df2e630db3,2020-esp,2020,6,Spanish Grand Prix,Offence - Car 11 - Ignoring Blue Flags,https://www.fia.com/sites/default/files/decision-document/2020%20Spanish%20Grand%20Prix%20-%20Offence%20-%20Car%2011%20-%20Ignoring%20Blue%20Flags.pdf,live_standalone,False,Race,primary_race_sprint,neutralization_or_flag_procedure,excluded,Document matched predefined excluded offence family neutralization_or_flag_procedure.,2020|primary_race_sprint|neutralization_or_flag_procedure,5,1,0c9d2f32ea9820cf2b56b6be527f549f0437f5cbcb0d100fa70d9dbd1e113c01,,,,,,
exclusion-qa-fia-2020-por-21ca6e01940a,fia-2020-por-21ca6e01940a,2020-por,2020,12,Portuguese Grand Prix,Decision - Car 26 - alleged ignoring blue flags,https://www.fia.com/sites/default/files/decision-document/2020%20Portuguese%20Grand%20Prix%20-%20Decision%20-%20Car%2026%20-%20alleged%20ignoring%20blue%20flags.pdf,live_standalone,False,Race,primary_race_sprint,neutralization_or_flag_procedure,excluded,Document matched predefined excluded offence family neutralization_or_flag_procedure.,2020|primary_race_sprint|neutralization_or_flag_procedure,5,2,3d5da99dcebf036641aee97b20e9a379dc1570877b59a4df07ce6ae1672cf37b,,,,,,
exclusion-qa-fia-2020-tus-6fed0ae6da15,fia-2020-tus-6fed0ae6da15,2020-tus,2020,9,Tuscan Grand Prix,Offence - Car 7 - Pit entry,https://www.fia.com/sites/default/files/decision-document/2020%20Tuscan%20Grand%20Prix%20-%20Offence%20-%20Car%207%20-%20Pit%20entry.pdf,live_standalone,False,Race,primary_race_sprint,pit_lane_procedure,excluded,Document matched predefined excluded offence family pit_lane_procedure.,2020|primary_race_sprint|pit_lane_procedure,7,1,4c9f87f55e29e81f1697b9f838c98e176be2dfd15f4b0c5c56b5b7caec08891e,,,,,,
exclusion-qa-fia-2020-ita-9a80c1dd5a09,fia-2020-ita-9a80c1dd5a09,2020-ita,2020,8,Italian Grand Prix,Offence - Car 44 - Entering closed pit lane,https://www.fia.com/sites/default/files/decision-document/2020%20Italian%20Grand%20Prix%20-%20Offence%20-%20Car%2044%20-%20Entering%20closed%20pit%20lane.pdf,live_standalone,False,Race,primary_race_sprint,pit_lane_procedure,excluded,Document matched predefined excluded offence family pit_lane_procedure.,2020|primary_race_sprint|pit_lane_procedure,7,2,5b4342abee6d4a8ed5fdd5bc0ad5f93207fe3dd2e61cdcff34beb40d9fb102b8,,,,,,
exclusion-qa-fia-2020-aut-32113b619d8e,fia-2020-aut-32113b619d8e,2020-aut,2020,1,Austrian Grand Prix,Offence - Car 11 - Pit lane speeding,https://www.fia.com/sites/default/files/decision-document/2020%20Austrian%20Grand%20Prix%20-%20Offence%20-%20Car%2011%20-%20Pit%20lane%20speeding.pdf,live_standalone,False,Race,primary_race_sprint,pit_lane_speeding,excluded,Document matched predefined excluded offence family pit_lane_speeding.,2020|primary_race_sprint|pit_lane_speeding,1,1,c28b2297d97729069f94aba7e06f164a2dee74f56f3f0b65aeccce5da81a6dea,,,,,,
exclusion-qa-fia-2020-abu-2bc3d25142b0,fia-2020-abu-2bc3d25142b0,2020-abu,2020,17,Abu Dhabi Grand Prix,Decision - Car 55 - Alleged driving unnecessarily slowly in the pit lane.,https://www.fia.com/sites/default/files/decision-document/2020%20Abu%20Dhabi%20Grand%20Prix%20-%20Decision%20-%20Car%2055%20-%20Alleged%20driving%20unnecessarily%20slowly%20in%20the%20pit%20lane..pdf,live_standalone,False,Race,primary_race_sprint,race_direction_or_slow_driving,excluded,Document matched predefined excluded offence family race_direction_or_slow_driving.,2020|primary_race_sprint|race_direction_or_slow_driving,7,1,3b78c6b6ad0abe94ce8accabffe9cd38896c5558986a4e6bdea7540a2da48eb7,,,,,,
exclusion-qa-fia-2020-abu-7fd8bd33a7e6,fia-2020-abu-7fd8bd33a7e6,2020-abu,2020,17,Abu Dhabi Grand Prix,Corrected Decision - Car 55 - Alleged driving unnecessarily slowly in the pit lane.,https://www.fia.com/sites/default/files/decision-document/2020%20Abu%20Dhabi%20Grand%20Prix%20-%20Corrected%20Decision%20-%20Car%2055%20-%20Alleged%20driving%20unnecessarily%20slowly%20in%20the%20pit%20lane..pdf,live_standalone,False,Race,primary_race_sprint,race_direction_or_slow_driving,excluded,Document matched predefined excluded offence family race_direction_or_slow_driving.,2020|primary_race_sprint|race_direction_or_slow_driving,7,2,56f30f47f9cf8f43423ce019d3fc402c16a4e23a6a3f8c121c0b11ee0b8e41f5,,,,,,
exclusion-qa-fia-2020-aut-0c68b44942ce,fia-2020-aut-0c68b44942ce,2020-aut,2020,1,Austrian Grand Prix,Offence - Car 26 Track limits turn 10 2nd,https://www.fia.com/sites/default/files/decision-document/2020%20Austrian%20Grand%20Prix%20-%20Offence%20-%20Car%2026%20Track%20limits%20turn%2010%202nd.pdf,live_standalone,False,Race,primary_race_sprint,routine_track_limits,excluded,Document matched predefined excluded offence family routine_track_limits.,2020|primary_race_sprint|routine_track_limits,11,1,142b6c40fb545391b52d8aee074cc330a4bc3b7e544137c9862233336c6c4126,,,,,,
exclusion-qa-fia-2020-aut-6d8a8609fe0f,fia-2020-aut-6d8a8609fe0f,2020-aut,2020,1,Austrian Grand Prix,Offence - Car 8 - Track limits turn 9,https://www.fia.com/sites/default/files/decision-document/2020%20Austrian%20Grand%20Prix%20-%20Offence%20-%20Car%208%20-%20Track%20limits%20turn%209.pdf,live_standalone,False,Race,primary_race_sprint,routine_track_limits,excluded,Document matched predefined excluded offence family routine_track_limits.,2020|primary_race_sprint|routine_track_limits,11,2,4bd06532742142dc79abc1a38c61ac03f8fdbf66e5d44113fc6441981a784396,,,,,,
exclusion-qa-fia-2020-hun-8d5610c440c8,fia-2020-hun-8d5610c440c8,2020-hun,2020,3,Hungarian Grand Prix,Offence - Car 8 - driver aids on formation lap.,https://www.fia.com/sites/default/files/decision-document/2020%20Hungarian%20Grand%20Prix%20-%20Offence%20-%20Car%208%20-%20driver%20aids%20on%20formation%20lap..pdf,live_standalone,False,Race,primary_race_sprint,start_procedure,excluded,Document matched predefined excluded offence family start_procedure.,2020|primary_race_sprint|start_procedure,5,1,148d5212cc5af955c6834bfbefd3b33cdb5894c4c0c13c30a86e3f2dd362d0bd,,,,,,
exclusion-qa-fia-2020-hun-c25e559093ea,fia-2020-hun-c25e559093ea,2020-hun,2020,3,Hungarian Grand Prix,Offence - Car 7 - Out of position at the start,https://www.fia.com/sites/default/files/decision-document/2020%20Hungarian%20Grand%20Prix%20-%20Offence%20-%20Car%207%20-%20Out%20of%20position%20at%20the%20start.pdf,live_standalone,False,Race,primary_race_sprint,start_procedure,excluded,Document matched predefined excluded offence family start_procedure.,2020|primary_race_sprint|start_procedure,5,2,287bd94f14ad4599774020a849a2737c00bca8b3af873ee4f8a3b5d09f868f54,,,,,,
exclusion-qa-fia-2020-ita-5e7a4cd8a627,fia-2020-ita-5e7a4cd8a627,2020-ita,2020,8,Italian Grand Prix,Offence - Racing Point - Rear brake ducts of cars 18 and 11,https://www.fia.com/sites/default/files/decision-document/2020%20Italian%20Grand%20Prix%20-%20Offence%20-%20Racing%20Point%20-%20Rear%20brake%20ducts%20of%20cars%2018%20and%2011.pdf,live_standalone,False,Race,primary_race_sprint,tyre_fuel_or_scrutineering,excluded,Document matched predefined excluded offence family tyre_fuel_or_scrutineering.,2020|primary_race_sprint|tyre_fuel_or_scrutineering,6,1,619c1b5930e5c95e1b6bf381b473bf2a8dae0e6ab81606eeb9a33e410dbce5f6,,,,,,
exclusion-qa-fia-2020-esp-65c465f6f4d3,fia-2020-esp-65c465f6f4d3,2020-esp,2020,6,Spanish Grand Prix,Offence - Racing Point - Rear brake ducts of cars 18 and 11,https://www.fia.com/sites/default/files/decision-document/2020%20Spanish%20Grand%20Prix%20-%20Offence%20-%20Racing%20Point%20-%20Rear%20brake%20ducts%20of%20cars%2018%20and%2011.pdf,live_standalone,False,Race,primary_race_sprint,tyre_fuel_or_scrutineering,excluded,Document matched predefined excluded offence family tyre_fuel_or_scrutineering.,2020|primary_race_sprint|tyre_fuel_or_scrutineering,6,2,8bf57d254bb7f165d0ae7fc95ce55f4a33842728586e21e19e53cc4468829ec2,,,,,,
exclusion-qa-fia-2020-rus-7ca0c84d732b,fia-2020-rus-7ca0c84d732b,2020-rus,2020,10,Russian Grand Prix,Offence - Car 23 - Gearbox,https://www.fia.com/sites/default/files/decision-document/2020%20Russian%20Grand%20Prix%20-%20Offence%20-%20Car%2023%20-%20Gearbox.pdf,live_standalone,False,Qualifying,secondary_qualifying,component_or_allocation,excluded,Qualifying document did not match the frozen qualifying-impeding family.,2020|secondary_qualifying|component_or_allocation,5,1,2981601375d38fb7983a9776563e939ce6ab5672803d655a5fa9401b33918c53,,,,,,
exclusion-qa-fia-2020-sty-f73e12eb13f1,fia-2020-sty-f73e12eb13f1,2020-sty,2020,2,Styrian Grand Prix,Offence - Car 99 - Gearbox,https://www.fia.com/sites/default/files/decision-document/2020%20Styrian%20Grand%20Prix%20-%20Offence%20-%20Car%2099%20-%20Gearbox.pdf,live_standalone,False,Qualifying,secondary_qualifying,component_or_allocation,excluded,Qualifying document did not match the frozen qualifying-impeding family.,2020|secondary_qualifying|component_or_allocation,5,2,ab9fffd64a8f1fee476d4564136225c42951987d726b00f2b600f49978883024,,,,,,
exclusion-qa-fia-2020-tur-9b1e913dc051,fia-2020-tur-9b1e913dc051,2020-tur,2020,14,Turkish Grand Prix,Offence - Car 63 - Failure to respect double yellow flags,https://www.fia.com/sites/default/files/decision-document/2020%20Turkish%20Grand%20Prix%20-%20Offence%20-%20Car%2063%20-%20Failure%20to%20respect%20double%20yellow%20flags.pdf,live_standalone,False,Qualifying,secondary_qualifying,neutralization_or_flag_procedure,excluded,Qualifying document did not match the frozen qualifying-impeding family.,2020|secondary_qualifying|neutralization_or_flag_procedure,8,1,22e3ceef4321c68b0a66920aeadb8df58a46429730a8cc0a1b0ae28246e2d9b8,,,,,,
exclusion-qa-fia-2020-sty-e1e55e578925,fia-2020-sty-e1e55e578925,2020-sty,2020,2,Styrian Grand Prix,Decision - Car 11 - yellow flags,https://www.fia.com/sites/default/files/decision-document/2020%20Styrian%20Grand%20Prix%20-%20Decision%20-%20Car%2011%20-%20yellow%20flags.pdf,live_standalone,False,Qualifying,secondary_qualifying,neutralization_or_flag_procedure,excluded,Qualifying document did not match the frozen qualifying-impeding family.,2020|secondary_qualifying|neutralization_or_flag_procedure,8,2,3af3b289437435cabf03d4c47b41bbf3f6e0c40372c3a50a9d916233efc5c864,,,,,,
exclusion-qa-fia-2020-sty-d0ac9605d931,fia-2020-sty-d0ac9605d931,2020-sty,2020,2,Styrian Grand Prix,Offence - Car 8 Parc Ferme,https://www.fia.com/sites/default/files/decision-document/2020%20Styrian%20Grand%20Prix%20-%20Offence%20-%20Car%208%20Parc%20Ferme.pdf,live_standalone,False,Qualifying,secondary_qualifying,parc_ferme_or_setup,excluded,Qualifying document did not match the frozen qualifying-impeding family.,2020|secondary_qualifying|parc_ferme_or_setup,1,1,ae501295d7c5713137ddbf229847785d421e2998e4ef60261d536c211c9ac775,,,,,,
exclusion-qa-fia-2020-gbr-73b9b1ea3aed,fia-2020-gbr-73b9b1ea3aed,2020-gbr,2020,4,British Grand Prix,Decision - Car 16 - Alleged unsafe release,https://www.fia.com/sites/default/files/decision-document/2020%20British%20Grand%20Prix%20-%20Decision%20-%20Car%2016%20-%20Alleged%20unsafe%20release.pdf,live_standalone,False,Qualifying,secondary_qualifying,pit_lane_procedure,excluded,Qualifying document did not match the frozen qualifying-impeding family.,2020|secondary_qualifying|pit_lane_procedure,4,1,1df1d7ae4be637095a4ece2b59f80dfa85d4729a4825584e2df69e2e21a13c74,,,,,,
exclusion-qa-fia-2020-gbr-4b553a68ba89,fia-2020-gbr-4b553a68ba89,2020-gbr,2020,4,British Grand Prix,Decision - Car 18 - Alleged unsafe release,https://www.fia.com/sites/default/files/decision-document/2020%20British%20Grand%20Prix%20-%20Decision%20-%20Car%2018%20-%20Alleged%20unsafe%20release.pdf,live_standalone,False,Qualifying,secondary_qualifying,pit_lane_procedure,excluded,Qualifying document did not match the frozen qualifying-impeding family.,2020|secondary_qualifying|pit_lane_procedure,4,2,4bc1abe6473a545ae144d69d9ead33b16696a4f296907b5515890475e3949b15,,,,,,
exclusion-qa-fia-2020-aut-28ce61c71483,fia-2020-aut-28ce61c71483,2020-aut,2020,1,Austrian Grand Prix,Offence - Car 44 - Leaving the track in turn 10,https://www.fia.com/sites/default/files/decision-document/2020%20Austrian%20Grand%20Prix%20-%20Offence%20-%20Car%2044%20-%20Leaving%20the%20track%20in%20turn%2010.pdf,live_standalone,False,Qualifying,secondary_qualifying,race_direction_or_slow_driving,excluded,Qualifying document did not match the frozen qualifying-impeding family.,2020|secondary_qualifying|race_direction_or_slow_driving,1,1,ffb0a6bcb1f67ed2ff4116bf51d8f6674bc0d84e5ae1480c575ee9664da8f896,,,,,,
exclusion-qa-fia-2020-rus-af7449ccce65,fia-2020-rus-af7449ccce65,2020-rus,2020,10,Russian Grand Prix,Decision - Car 44 - Turn 2,https://www.fia.com/sites/default/files/decision-document/2020%20Russian%20Grand%20Prix%20-%20Decision%20-%20Car%2044%20-%20Turn%202%20.pdf,live_standalone,False,Qualifying,secondary_qualifying,unclassified,unclassified,Qualifying document did not match the frozen qualifying-impeding family.,2020|secondary_qualifying|unclassified,4,1,345d242930f7b2a6033dd55dc9ecd294467277a6868ce6c8f5ff23a7b360c8ed,,,,,,
exclusion-qa-fia-2020-rus-10f6a0fdde87,fia-2020-rus-10f6a0fdde87,2020-rus,2020,10,Russian Grand Prix,Decision - Car 6 - Turn 2,https://www.fia.com/sites/default/files/decision-document/2020%20Russian%20Grand%20Prix%20-%20Decision%20-%20Car%206%20-%20Turn%202.pdf,live_standalone,False,Qualifying,secondary_qualifying,unclassified,unclassified,Qualifying document did not match the frozen qualifying-impeding family.,2020|secondary_qualifying|unclassified,4,2,50ade0f39009587673cf2d03df2bfd78ea382ae353374e4375c4fad81b581585,,,,,,
exclusion-qa-fia-2020-tur-4c9cb65edd5a,fia-2020-tur-4c9cb65edd5a,2020-tur,2020,14,Turkish Grand Prix,Decision - Turn 8 single waved yellow flag incident,https://www.fia.com/sites/default/files/decision-document/2020%20Turkish%20Grand%20Prix%20-%20Decision%20-%20Turn%208%20single%20waved%20yellow%20flag%20incident.pdf,live_standalone,True,Unknown,unknown,neutralization_or_flag_procedure,excluded,Document matched predefined excluded offence family neutralization_or_flag_procedure.,2020|unknown|neutralization_or_flag_procedure,2,1,2dad25562ac87275d166bfc04d083410455c03ef6b5c28ae387234a650d88c6d,,,,,,
exclusion-qa-fia-2020-tur-bb7f27d43810,fia-2020-tur-bb7f27d43810,2020-tur,2020,14,Turkish Grand Prix,Decision - Turn 8 double waved yellow flag incident,https://www.fia.com/sites/default/files/decision-document/2020%20Turkish%20Grand%20Prix%20-%20Decision%20-%20Turn%208%20double%20waved%20yellow%20flag%20incident.pdf,live_standalone,True,Unknown,unknown,neutralization_or_flag_procedure,excluded,Document matched predefined excluded offence family neutralization_or_flag_procedure.,2020|unknown|neutralization_or_flag_procedure,2,2,a569aa5012da59d1676c457a0101b209b994fc461405c882e85126b9c6ec0036,,,,,,
exclusion-qa-fia-2020-gbr-2f715c4413c2,fia-2020-gbr-2f715c4413c2,2020-gbr,2020,4,British Grand Prix,Decision - Racing Point driver change,https://www.fia.com/sites/default/files/decision-document/2020%20British%20Grand%20Prix%20-%20Decision%20-%20Racing%20Point%20driver%20change.pdf,live_standalone,True,Unknown,unknown,procedural_or_personnel,excluded,Document matched predefined excluded offence family procedural_or_personnel.,2020|unknown|procedural_or_personnel,2,1,42bdf297d054dbb6de083cc6748596aa91e8108e0b680ef901a85ddaa82e9611,,,,,,
exclusion-qa-fia-2020-eif-867ba7ae5825,fia-2020-eif-867ba7ae5825,2020-eif,2020,11,Eifel Grand Prix,Decision - Driver change request car 18,https://www.fia.com/sites/default/files/decision-document/2020%20Eifel%20Grand%20Prix%20-%20Decision%20-%20Driver%20change%20request%20car%2018.pdf,live_standalone,True,Unknown,unknown,procedural_or_personnel,excluded,Document matched predefined excluded offence family procedural_or_personnel.,2020|unknown|procedural_or_personnel,2,2,fbad9d87d569482bd08074ad8ceaa4fefbb68b3102f906d4690d3d610d1d5938,,,,,,
exclusion-qa-fia-2020-aut-569c9e9630a3,fia-2020-aut-569c9e9630a3,2020-aut,2020,1,Austrian Grand Prix,Corrected Decision - Protest - Car 77,https://www.fia.com/sites/default/files/decision-document/2020%20Austrian%20Grand%20Prix%20-%20Corrected%20Decision%20-%20Protest%20-%20Car%2077.pdf,live_standalone,True,Unknown,unknown,protest_review_or_governance,excluded,Document matched predefined excluded offence family protest_review_or_governance.,2020|unknown|protest_review_or_governance,5,1,3f1624fdd6ef5b4540a07216726d50887931c54fda3a8aa31dcf5c3ecf557aa8,,,,,,
exclusion-qa-fia-2020-aut-16fa54538da4,fia-2020-aut-16fa54538da4,2020-aut,2020,1,Austrian Grand Prix,Decision - Protest - Car 44,https://www.fia.com/sites/default/files/decision-document/2020%20Austrian%20Grand%20Prix%20-%20Decision%20-%20Protest%20-%20Car%2044.pdf,live_standalone,True,Unknown,unknown,protest_review_or_governance,excluded,Document matched predefined excluded offence family protest_review_or_governance.,2020|unknown|protest_review_or_governance,5,2,40528ba8ac815e0663f7802d5164d415b6bd2f0bf4274f4485de331b9137c400,,,,,,
exclusion-qa-fia-2020-rus-3fc243136b8e,fia-2020-rus-3fc243136b8e,2020-rus,2020,10,Russian Grand Prix,Decision - Racing Point rear brake ducts,https://www.fia.com/sites/default/files/decision-document/2020%20Russian%20Grand%20Prix%20-%20Decision%20-%20Racing%20Point%20rear%20brake%20ducts.pdf,live_standalone,False,Unknown,unknown,tyre_fuel_or_scrutineering,excluded,Document matched predefined excluded offence family tyre_fuel_or_scrutineering.,2020|unknown|tyre_fuel_or_scrutineering,1,1,6258e028e09824fb2ffaa0e8a4eb10c823725d3951953d8c4bd3d205b76274bb,,,,,,
exclusion-qa-fia-2021-emi-1f06baad9afe,fia-2021-emi-1f06baad9afe,2021-emi,2021,2,Emilia Romagna Grand Prix,Decision - Car 11 - Incident with car 31 in turn 5,https://www.fia.com/sites/default/files/decision-document/2021%20Emilia%20Romagna%20Grand%20Prix%20-%20Decision%20-%20Car%2011%20-%20Incident%20with%20car%2031%20in%20turn%205.pdf,live_standalone,False,Practice,out_of_scope_session,causing_collision,primary,Observed session is outside the frozen study scope.,2021|out_of_scope_session|causing_collision,4,1,17708c9c71e2d98d4c929aeae9321924c10a626d2ad1766df06d2ebce5f77769,,,,,,
exclusion-qa-fia-2021-emi-6e3715c6c279,fia-2021-emi-6e3715c6c279,2021-emi,2021,2,Emilia Romagna Grand Prix,Decision - Car 31 - Incident with car 11 in turn 5,https://www.fia.com/sites/default/files/decision-document/2021%20Emilia%20Romagna%20Grand%20Prix%20-%20Decision%20-%20Car%2031%20-%20Incident%20with%20car%2011%20in%20turn%205.pdf,live_standalone,False,Practice,out_of_scope_session,causing_collision,primary,Observed session is outside the frozen study scope.,2021|out_of_scope_session|causing_collision,4,2,1e83879a7e7c0e170ae64fc95188a1479f79a2c395d434ac7b738167583e36a8,,,,,,
exclusion-qa-fia-2021-mex-8aa98e6377f8,fia-2021-mex-8aa98e6377f8,2021-mex,2021,18,Mexico City Grand Prix,Offence - Car 63 - Gearbox,https://www.fia.com/sites/default/files/decision-document/2021%20Mexican%20Grand%20Prix%20-%20Offence%20-%20Car%2063%20-%20Gearbox.pdf,live_standalone,False,Practice,out_of_scope_session,component_or_allocation,excluded,Observed session is outside the frozen study scope.,2021|out_of_scope_session|component_or_allocation,14,1,08111de51e43465248229faef9809ef9495b1630fd820838b3635843c6cf58ec,,,,,,
exclusion-qa-fia-2021-sao-8787c1c7b409,fia-2021-sao-8787c1c7b409,2021-sao,2021,19,São Paulo Grand Prix,Offence - Car 44 - PU element,https://www.fia.com/sites/default/files/decision-document/2021%20Brazilian%20Grand%20Prix%20-%20Offence%20-%20Car%2044%20-%20PU%20element.pdf,live_standalone,False,Practice,out_of_scope_session,component_or_allocation,excluded,Observed session is outside the frozen study scope.,2021|out_of_scope_session|component_or_allocation,14,2,08570579ac78315a9e302cbee3f0388002e4f8d4a358be2ae86ee4be5f05fb3d,,,,,,
exclusion-qa-fia-2021-sau-d0959312a38a,fia-2021-sau-d0959312a38a,2021-sau,2021,21,Saudi Arabian Grand Prix,Decision - Car 44 - double yellow,https://www.fia.com/sites/default/files/decision-document/2021%20Saudi%20Arabian%20Grand%20Prix%20-%20Decision%20-%20Car%2044%20-%20double%20yellow.pdf,live_standalone,False,Practice,out_of_scope_session,neutralization_or_flag_procedure,excluded,Observed session is outside the frozen study scope.,2021|out_of_scope_session|neutralization_or_flag_procedure,4,1,3bd97f1904473da68ad5f7b44f31e8a049e32c9b2701992a272414d185db35b9,,,,,,
exclusion-qa-fia-2021-qat-b22c30f30f7c,fia-2021-qat-b22c30f30f7c,2021-qat,2021,20,Qatar Grand Prix,Offence - Christian Horner,https://www.fia.com/sites/default/files/decision-document/2021%20Qatar%20Grand%20Prix%20-%20Offence%20-%20Christian%20Horner.pdf,live_standalone,False,Pre-session,out_of_scope_session,neutralization_or_flag_procedure,excluded,Observed session is outside the frozen study scope.,2021|out_of_scope_session|neutralization_or_flag_procedure,4,2,6f530ab39d9e5adee65b6346c2a1fb626918f949cd6f3d2f87c70f4bba0a4057,,,,,,
exclusion-qa-fia-2021-hun-4b5aef3ec8e4,fia-2021-hun-4b5aef3ec8e4,2021-hun,2021,11,Hungarian Grand Prix,Offence - Car 99 - unsafe release,https://www.fia.com/sites/default/files/decision-document/2021%20Hungarian%20Grand%20Prix%20-%20Offence%20-%20Car%2099%20-%20unsafe%20release.pdf,live_standalone,False,Practice,out_of_scope_session,pit_lane_procedure,excluded,Observed session is outside the frozen study scope.,2021|out_of_scope_session|pit_lane_procedure,2,1,0301fd6ff5b3487e5b37c4e48c2790d7e7bc981e6aff3b16dc53f65bf0a890c3,,,,,,
exclusion-qa-fia-2021-sty-89e7a085862c,fia-2021-sty-89e7a085862c,2021-sty,2021,8,Styrian Grand Prix,Offence - Car 77 - Pit lane incident,https://www.fia.com/sites/default/files/decision-document/2021%20Styrian%20Grand%20Prix%20-%20Offence%20-%20Car%2077%20-%20Pit%20lane%20incident.pdf,live_standalone,False,Practice,out_of_scope_session,pit_lane_procedure,excluded,Observed session is outside the frozen study scope.,2021|out_of_scope_session|pit_lane_procedure,2,2,61ae5c69441b4a60eadb900bc35e5b315b01740ee32e8f21d1dc570b7291c2ee,,,,,,
exclusion-qa-fia-2021-mco-24eacfca4fd3,fia-2021-mco-24eacfca4fd3,2021-mco,2021,5,Monaco Grand Prix,Offence - Car 3 - Pit lane speeding (P1 2nd),https://www.fia.com/sites/default/files/decision-document/2021%20Monaco%20Grand%20Prix%20-%20Offence%20-%20Car%203%20-%20Pit%20lane%20speeding%20(P1%202nd).pdf,live_standalone,False,Practice,out_of_scope_session,pit_lane_speeding,excluded,Observed session is outside the frozen study scope.,2021|out_of_scope_session|pit_lane_speeding,14,1,14918581a29e9d6b3d8c54be02188f5a26b4f1680480fbdccbc6528709cf3cf6,,,,,,
exclusion-qa-fia-2021-mco-d0cffcee3c9e,fia-2021-mco-d0cffcee3c9e,2021-mco,2021,5,Monaco Grand Prix,Offence - Car 3 - Pit lane speeding,https://www.fia.com/sites/default/files/decision-document/2021%20Monaco%20Grand%20Prix%20-%20Offence%20-%20Car%203%20-%20Pit%20lane%20speeding.pdf,live_standalone,False,Practice,out_of_scope_session,pit_lane_speeding,excluded,Observed session is outside the frozen study scope.,2021|out_of_scope_session|pit_lane_speeding,14,2,28705940a88b498b783d2ef0589af4c0ba649bf16eceadccc713b33f480ecf2f,,,,,,
exclusion-qa-fia-2021-hun-f6095a173128,fia-2021-hun-f6095a173128,2021-hun,2021,11,Hungarian Grand Prix,Offence - Car 99 - Impeding car 10,https://www.fia.com/sites/default/files/decision-document/2021%20Hungarian%20Grand%20Prix%20-%20Offence%20-%20Car%2099%20-%20Impeding%20car%2010.pdf,live_standalone,False,Practice,out_of_scope_session,qualifying_impeding,secondary,Observed session is outside the frozen study scope.,2021|out_of_scope_session|qualifying_impeding,2,1,493163b304a9287286eecd988b80553933a3dbd46826cff5870a4a30ef2b313b,,,,,,
exclusion-qa-fia-2021-sau-ad8316695e3d,fia-2021-sau-ad8316695e3d,2021-sau,2021,21,Saudi Arabian Grand Prix,Offence - Car 44 - Impeding,https://www.fia.com/sites/default/files/decision-document/2021%20Saudi%20Arabian%20Grand%20Prix%20-%20Offence%20-%20Car%2044%20-%20Impeding.pdf,live_standalone,False,Practice,out_of_scope_session,qualifying_impeding,secondary,Observed session is outside the frozen study scope.,2021|out_of_scope_session|qualifying_impeding,2,2,4d3c979c1ed40f8026aa17527a359ac152f3b305a4fbd9bb8afbc5b16a9b92c2,,,,,,
exclusion-qa-fia-2021-mex-35a296cef4eb,fia-2021-mex-35a296cef4eb,2021-mex,2021,18,Mexico City Grand Prix,Offence - Car 7 - Turn 2,https://www.fia.com/sites/default/files/decision-document/2021%20Mexican%20Grand%20Prix%20-%20Offence%20-%20Car%207%20-%20Turn%202.pdf,live_standalone,False,Practice,out_of_scope_session,race_direction_or_slow_driving,excluded,Observed session is outside the frozen study scope.,2021|out_of_scope_session|race_direction_or_slow_driving,3,1,78941ae726d2fb47b4ae3345d7486d6f16cf8005cb2f7861ad4fc07bd43278b9,,,,,,
exclusion-qa-fia-2021-mex-b2cad8c24dfe,fia-2021-mex-b2cad8c24dfe,2021-mex,2021,18,Mexico City Grand Prix,Offence - Car 9 - Turn 8 (RD Instruction),https://www.fia.com/sites/default/files/decision-document/2021%20Mexican%20Grand%20Prix%20-%20Offence%20-%20Car%209%20-%20Turn%208%20(RD%20Instruction).pdf,live_standalone,False,Practice,out_of_scope_session,race_direction_or_slow_driving,excluded,Observed session is outside the frozen study scope.,2021|out_of_scope_session|race_direction_or_slow_driving,3,2,7e12011321d510c6171fe9241a0f92ad66c455856c49605271ec89e0a4ad9882,,,,,,
exclusion-qa-fia-2021-rus-56ef27a0ca8f,fia-2021-rus-56ef27a0ca8f,2021-rus,2021,15,Russian Grand Prix,Decision - Free Practice 3,https://www.fia.com/sites/default/files/decision-document/2021%20Russian%20Grand%20Prix%20-%20Decision%20-%20Free%20Practice%203.pdf,live_standalone,True,Practice,out_of_scope_session,unclassified,unclassified,Observed session is outside the frozen study scope.,2021|out_of_scope_session|unclassified,2,1,09a18c9a7da1b8eebe6b0412802d9cd25cf4c73b8f788a90f5792b9f3ddf28d8,,,,,,
exclusion-qa-fia-2021-ned-69e6d8d5c4f5,fia-2021-ned-69e6d8d5c4f5,2021-ned,2021,13,Dutch Grand Prix,Offence - Car 31 - P1 Incident with car 4,https://www.fia.com/sites/default/files/decision-document/2021%20Dutch%20Grand%20Prix%20-%20Offence%20-%20Car%2031%20-%20P1%20Incident%20with%20car%204.pdf,live_standalone,False,Practice,out_of_scope_session,unclassified,unclassified,Observed session is outside the frozen study scope.,2021|out_of_scope_session|unclassified,2,2,5bcb34663affc87f1c75ea65c31870e73b9b761eaf99203ba9f9d48286d502c1,,,,,,
exclusion-qa-fia-2021-ita-d9ee1a47d4ca,fia-2021-ita-d9ee1a47d4ca,2021-ita,2021,14,Italian Grand Prix,Offence - Car 10 - ES change of specification,https://www.fia.com/sites/default/files/decision-document/2021%20Italian%20Grand%20Prix%20-%20Offence%20-%20Car%2010%20-%20ES%20change%20of%20specification.pdf,live_standalone,False,Sprint,primary_race_sprint,component_or_allocation,excluded,Document matched predefined excluded offence family component_or_allocation.,2021|primary_race_sprint|component_or_allocation,3,1,51ac229f641c56e723dbf0e13c7d3f8eb320d67ffb9aeaa7e335bef81d69bef4,,,,,,
exclusion-qa-fia-2021-ita-d02e1bab8dd2,fia-2021-ita-d02e1bab8dd2,2021-ita,2021,14,Italian Grand Prix,Offence - Car 10 - PU Elements,https://www.fia.com/sites/default/files/decision-document/2021%20Italian%20Grand%20Prix%20-%20Offence%20-%20Car%2010%20-%20PU%20Elements.pdf,live_standalone,False,Sprint,primary_race_sprint,component_or_allocation,excluded,Document matched predefined excluded offence family component_or_allocation.,2021|primary_race_sprint|component_or_allocation,3,2,92b496641c66a95ddccac264a50617ece995e60e11508bb40264887450b44239,,,,,,
exclusion-qa-fia-2021-aut-a6afe80580e6,fia-2021-aut-a6afe80580e6,2021-aut,2021,9,Austrian Grand Prix,Decision - Car 11 - alleged not respecting double waved yellows,https://www.fia.com/sites/default/files/decision-document/2021%20Austrian%20Grand%20Prix%20-%20Decision%20-%20Car%2011%20-%20alleged%20not%20respecting%20double%20waved%20yellows.pdf,live_standalone,False,Race,primary_race_sprint,neutralization_or_flag_procedure,excluded,Document matched predefined excluded offence family neutralization_or_flag_procedure.,2021|primary_race_sprint|neutralization_or_flag_procedure,12,1,0411560a63e322089c0a0bbda56580758f7534f49f47d6fc281c9fb7e00d2df7,,,,,,
exclusion-qa-fia-2021-aut-e2fe89524a50,fia-2021-aut-e2fe89524a50,2021-aut,2021,9,Austrian Grand Prix,Offence - Car 6 - Not respecting double waved yellow flags,https://www.fia.com/sites/default/files/decision-document/2021%20Austrian%20Grand%20Prix%20-%20Offence%20-%20Car%206%20-%20Not%20respecting%20double%20waved%20yellow%20flags.pdf,live_standalone,False,Race,primary_race_sprint,neutralization_or_flag_procedure,excluded,Document matched predefined excluded offence family neutralization_or_flag_procedure.,2021|primary_race_sprint|neutralization_or_flag_procedure,12,2,075bbf4cfbe8fa692e5e9a0250cb4f6d360012187b4d2f6c48eaba22a91d509c,,,,,,
exclusion-qa-fia-2021-gbr-e233920c25cd,fia-2021-gbr-e233920c25cd,2021-gbr,2021,10,British Grand Prix,Offence - Car 11 - rear wing and parc ferme changes,https://www.fia.com/sites/default/files/decision-document/2021%20British%20Grand%20Prix%20-%20Offence%20-%20Car%2011%20-%20rear%20wing%20and%20parc%20ferme%20changes.pdf,live_standalone,False,Sprint,primary_race_sprint,parc_ferme_or_setup,excluded,Document matched predefined excluded offence family parc_ferme_or_setup.,2021|primary_race_sprint|parc_ferme_or_setup,1,1,c7c0046081b55be7356f43c87fa153b608144112de16d9bbbc4e81ef2e1a87f3,,,,,,
exclusion-qa-fia-2021-hun-2ea79a282393,fia-2021-hun-2ea79a282393,2021-hun,2021,11,Hungarian Grand Prix,Offence - Car 7 - unsafe release,https://www.fia.com/sites/default/files/decision-document/2021%20Hungarian%20Grand%20Prix%20-%20Offence%20-%20Car%207%20-%20unsafe%20release.pdf,live_standalone,False,Race,primary_race_sprint,pit_lane_procedure,excluded,Document matched predefined excluded offence family pit_lane_procedure.,2021|primary_race_sprint|pit_lane_procedure,6,1,23df1df773d3026230a0f5fd9f66e8781f62ab4506746d0e56a375ee38a61855,,,,,,
exclusion-qa-fia-2021-aut-d75be15ebde1,fia-2021-aut-d75be15ebde1,2021-aut,2021,9,Austrian Grand Prix,Offence - Car 22 - Crossing the white line at pit entry,https://www.fia.com/sites/default/files/decision-document/2021%20Austrian%20Grand%20Prix%20-%20Offence%20-%20Car%2022%20-%20Crossing%20the%20white%20line%20at%20pit%20entry.pdf,live_standalone,False,Race,primary_race_sprint,pit_lane_procedure,excluded,Document matched predefined excluded offence family pit_lane_procedure.,2021|primary_race_sprint|pit_lane_procedure,6,2,37e699e59a8169802068aead1583bc9ef517acf04354f27c1df8ece204453276,,,,,,
exclusion-qa-fia-2021-aut-df5edf5c102f,fia-2021-aut-df5edf5c102f,2021-aut,2021,9,Austrian Grand Prix,Offence - Car 18 - Pit lane speeding,https://www.fia.com/sites/default/files/decision-document/2021%20Austrian%20Grand%20Prix%20-%20Offence%20-%20Car%2018%20-%20Pit%20lane%20speeding.pdf,live_standalone,False,Race,primary_race_sprint,pit_lane_speeding,excluded,Document matched predefined excluded offence family pit_lane_speeding.,2021|primary_race_sprint|pit_lane_speeding,3,1,4959c1963ea2c4c0f03d7a31d8a5432dd17e3b17eda42a4a4eee7b39fbae1a79,,,,,,
exclusion-qa-fia-2021-ned-dac1049e9cb0,fia-2021-ned-dac1049e9cb0,2021-ned,2021,13,Dutch Grand Prix,Offence - Car 63 - Pit lane speeding,https://www.fia.com/sites/default/files/decision-document/2021%20Dutch%20Grand%20Prix%20-%20Offence%20-%20Car%2063%20-%20Pit%20lane%20speeding.pdf,live_standalone,False,Race,primary_race_sprint,pit_lane_speeding,excluded,Document matched predefined excluded offence family pit_lane_speeding.,2021|primary_race_sprint|pit_lane_speeding,3,2,7f6731d74f6a6d8a828ec2e5c03bf10452d0daf7932b4ca06ac8614028b51336,,,,,,
exclusion-qa-fia-2021-sao-f858d11563b4,fia-2021-sao-f858d11563b4,2021-sao,2021,19,São Paulo Grand Prix,Decision - Mercedes - Right of Review,https://www.fia.com/sites/default/files/bra_doc_55_-_decision_-_mercedes_-_right_of_review_0.pdf,live_standalone,True,Race,primary_race_sprint,protest_review_or_governance,excluded,Document matched predefined excluded offence family protest_review_or_governance.,2021|primary_race_sprint|protest_review_or_governance,2,1,855632cbf27dcf638920d2d7e63f062e511ec2e21b6130d0044396f59a2b707a,,,,,,
exclusion-qa-fia-2021-hun-38b1f78934ec,fia-2021-hun-38b1f78934ec,2021-hun,2021,11,Hungarian Grand Prix,Decision - Aston Martin - Right of review,https://www.fia.com/sites/default/files/decision-document/2021%20Hungarian%20Grand%20Prix%20-%20Decision%20-%20Aston%20Martin%20-%20Right%20of%20review.pdf,live_standalone,True,Race,primary_race_sprint,protest_review_or_governance,excluded,Document matched predefined excluded offence family protest_review_or_governance.,2021|primary_race_sprint|protest_review_or_governance,2,2,876ae77f2451f0831cccac3bb4ed313792d3c15200f5f8780420e2ae07bec8df,,,,,,
exclusion-qa-fia-2021-emi-77733d5b8865,fia-2021-emi-77733d5b8865,2021-emi,2021,2,Emilia Romagna Grand Prix,Offence - Car 22 - leaving the track,https://www.fia.com/sites/default/files/decision-document/2021%20Emilia%20Romagna%20Grand%20Prix%20-%20Offence%20-%20Car%2022%20-%20leaving%20the%20track.pdf,live_standalone,False,Race,primary_race_sprint,routine_track_limits,excluded,Document matched predefined excluded offence family routine_track_limits.,2021|primary_race_sprint|routine_track_limits,1,1,2fee1125549181c3ff35265d0d8814ee5dccbe11546fad27b9add8beafdf4d3d,,,,,,
exclusion-qa-fia-2021-hun-64ebee243f0e,fia-2021-hun-64ebee243f0e,2021-hun,2021,11,Hungarian Grand Prix,Offence - Car 31 - Post-Race procedure,https://www.fia.com/sites/default/files/decision-document/2021%20Hungarian%20Grand%20Prix%20-%20Offence%20-%20Car%2031%20-%20Post-Race%20procedure.pdf,live_standalone,False,Race,primary_race_sprint,start_procedure,excluded,Document matched predefined excluded offence family start_procedure.,2021|primary_race_sprint|start_procedure,8,1,41c0a9a3b4f619521c230c9f21a58a3eb5613be4f35a7b5936b3147ddeb10f86,,,,,,
exclusion-qa-fia-2021-hun-af52053e6f0f,fia-2021-hun-af52053e6f0f,2021-hun,2021,11,Hungarian Grand Prix,Offence - Car 77 - Pre-Race procedure,https://www.fia.com/sites/default/files/decision-document/2021%20Hungarian%20Grand%20Prix%20-%20Offence%20-%20Car%2077%20-%20Pre-Race%20procedure.pdf,live_standalone,False,Race,primary_race_sprint,start_procedure,excluded,Document matched predefined excluded offence family start_procedure.,2021|primary_race_sprint|start_procedure,8,2,60864a1eac137f8dc60fcb813554eb94240ed68705f8b2145aee1dbe4e6354ee,,,,,,
exclusion-qa-fia-2021-bel-00ef0334fad4,fia-2021-bel-00ef0334fad4,2021-bel,2021,12,Belgian Grand Prix,Offence - Car 18 - rear wing assembly,https://www.fia.com/sites/default/files/decision-document/2021%20Belgian%20Grand%20Prix%20-%20Offence%20-%20Car%2018%20-%20rear%20wing%20assembly.pdf,live_standalone,False,Race,primary_race_sprint,tyre_fuel_or_scrutineering,excluded,Document matched predefined excluded offence family tyre_fuel_or_scrutineering.,2021|primary_race_sprint|tyre_fuel_or_scrutineering,5,1,2f957b1826ff9f5d2a075da36c9beb6c63b0a67ee3280d53710116e125513508,,,,,,
exclusion-qa-fia-2021-bel-a0bd5687ffa8,fia-2021-bel-a0bd5687ffa8,2021-bel,2021,12,Belgian Grand Prix,Decision - Car 16 - Tyres,https://www.fia.com/sites/default/files/decision-document/2021%20Belgian%20Grand%20Prix%20-%20Decision%20-%20Car%2016%20-%20Tyres.pdf,live_standalone,False,Race,primary_race_sprint,tyre_fuel_or_scrutineering,excluded,Document matched predefined excluded offence family tyre_fuel_or_scrutineering.,2021|primary_race_sprint|tyre_fuel_or_scrutineering,5,2,54b1c42c91144bd7a0b7bab23775b028e887950ed0a92864d046592f190af47a,,,,,,
exclusion-qa-fia-2021-rus-bdd86ae42a21,fia-2021-rus-bdd86ae42a21,2021-rus,2021,15,Russian Grand Prix,Offence - Car 6 - PU elements,https://www.fia.com/sites/default/files/decision-document/2021%20Russian%20Grand%20Prix%20-%20Offence%20-%20Car%206%20-%20PU%20elements.pdf,live_standalone,False,Qualifying,secondary_qualifying,component_or_allocation,excluded,Qualifying document did not match the frozen qualifying-impeding family.,2021|secondary_qualifying|component_or_allocation,14,1,06ab1fcc74f6d746cd09fa0366ad853cb7a489dc9e9705e9d5a4aa895b8f97fb,,,,,,
exclusion-qa-fia-2021-ned-d97e279d0f4a,fia-2021-ned-d97e279d0f4a,2021-ned,2021,13,Dutch Grand Prix,Offence - Car 6 - Gearbox,https://www.fia.com/sites/default/files/decision-document/2021%20Dutch%20Grand%20Prix%20-%20Offence%20-%20Car%206%20-%20Gearbox.pdf,live_standalone,False,Qualifying,secondary_qualifying,component_or_allocation,excluded,Qualifying document did not match the frozen qualifying-impeding family.,2021|secondary_qualifying|component_or_allocation,14,2,19e21502adef921d2ac2503108f659acf17cdbd27d7164177f88b999e9fbe30c,,,,,,
exclusion-qa-fia-2021-emi-812f22d34978,fia-2021-emi-812f22d34978,2021-emi,2021,2,Emilia Romagna Grand Prix,Decision - Car 22 - failing to set a time in qualifying,https://www.fia.com/sites/default/files/decision-document/2021%20Emilia%20Romagna%20Grand%20Prix%20-%20Decision%20-%20Car%2022%20-%20failing%20to%20set%20a%20time%20in%20qualifying.pdf,live_standalone,True,Qualifying,secondary_qualifying,lap_time_or_delta_procedure,excluded,Qualifying document did not match the frozen qualifying-impeding family.,2021|secondary_qualifying|lap_time_or_delta_procedure,1,1,78ef05b05a52534361c85ee82e26f30a47eb30798fc554c893f9c93197c695b6,,,,,,
exclusion-qa-fia-2021-bhr-2ea41f58dbb8,fia-2021-bhr-2ea41f58dbb8,2021-bhr,2021,1,Bahrain Grand Prix,Decision - Qualifying Yellow Flags,https://www.fia.com/sites/default/files/decision-document/2021%20Bahrain%20Grand%20Prix%20-%20Decision%20-%20Qualifying%20Yellow%20Flags.pdf,live_standalone,False,Qualifying,secondary_qualifying,neutralization_or_flag_procedure,excluded,Qualifying document did not match the frozen qualifying-impeding family.,2021|secondary_qualifying|neutralization_or_flag_procedure,7,1,29028099c7fec6c45df5d05fabd0277885b1fff3d38c29885b26b59a37f5b2b8,,,,,,
exclusion-qa-fia-2021-aze-cd314f049ab9,fia-2021-aze-cd314f049ab9,2021-aze,2021,6,Azerbaijan Grand Prix,Offence - Car 4 - Red Flag,https://www.fia.com/sites/default/files/decision-document/2021%20Azerbaijan%20Grand%20Prix%20-%20Offence%20-%20Car%204%20-%20Red%20Flag.pdf,live_standalone,False,Qualifying,secondary_qualifying,neutralization_or_flag_procedure,excluded,Qualifying document did not match the frozen qualifying-impeding family.,2021|secondary_qualifying|neutralization_or_flag_procedure,7,2,2e7dcbeb4a6738cd594220fee66e147c6c98b08cc4e8a18689fd702acb86b5d3,,,,,,
exclusion-qa-fia-2021-sao-586e6a4d6832,fia-2021-sao-586e6a4d6832,2021-sao,2021,19,São Paulo Grand Prix,Offence - Car 33,https://www.fia.com/sites/default/files/decision-document/2021%20Brazilian%20Grand%20Prix%20-%20Offence%20-%20Car%2033.pdf,live_standalone,False,Qualifying,secondary_qualifying,parc_ferme_or_setup,excluded,Qualifying document did not match the frozen qualifying-impeding family.,2021|secondary_qualifying|parc_ferme_or_setup,1,1,47a350a6004d08913ffd7a464e71d949097e8a252c43a2d6f11a89ca1391ada4,,,,,,
exclusion-qa-fia-2021-ita-3bd8e5b44d0d,fia-2021-ita-3bd8e5b44d0d,2021-ita,2021,14,Italian Grand Prix,Offence - Alpine - Pit lane incident,https://www.fia.com/sites/default/files/decision-document/2021%20Italian%20Grand%20Prix%20-%20Offence%20-%20Alpine%20-%20Pit%20lane%20incident.pdf,live_standalone,False,Qualifying,secondary_qualifying,pit_lane_procedure,excluded,Qualifying document did not match the frozen qualifying-impeding family.,2021|secondary_qualifying|pit_lane_procedure,5,1,217ef25240758ac4f9146d13d0a25e0722800c0f75b4d1a68bcf1baa169170f9,,,,,,
exclusion-qa-fia-2021-ita-78ffc81a9120,fia-2021-ita-78ffc81a9120,2021-ita,2021,14,Italian Grand Prix,Offence - Aston Martin - Pit lane incident,https://www.fia.com/sites/default/files/decision-document/2021%20Italian%20Grand%20Prix%20-%20Offence%20-%20Aston%20Martin%20-%20Pit%20lane%20incident.pdf,live_standalone,False,Qualifying,secondary_qualifying,pit_lane_procedure,excluded,Qualifying document did not match the frozen qualifying-impeding family.,2021|secondary_qualifying|pit_lane_procedure,5,2,65f49e49f840fadc6327e677e1dabad44bb0d324d5b61fb9bcbfb928447a31fa,,,,,,
exclusion-qa-fia-2021-emi-c9c50074d3ea,fia-2021-emi-c9c50074d3ea,2021-emi,2021,2,Emilia Romagna Grand Prix,Offence - Car 18 - Pit lane Speeding,https://www.fia.com/sites/default/files/decision-document/2021%20Emilia%20Romagna%20Grand%20Prix%20-%20Offence%20-%20Car%2018%20-%20Pit%20lane%20Speeding.pdf,live_standalone,False,Qualifying,secondary_qualifying,pit_lane_speeding,excluded,Qualifying document did not match the frozen qualifying-impeding family.,2021|secondary_qualifying|pit_lane_speeding,1,1,24e090f7c391796d35f521dea10fb44f5a1fbeb9c04f525b6f8cddde953955bc,,,,,,
exclusion-qa-fia-2021-aut-2014f7ae099a,fia-2021-aut-2014f7ae099a,2021-aut,2021,9,Austrian Grand Prix,Decision - Car 77 - Alleged driving unnecessarily slowly,https://www.fia.com/sites/default/files/decision-document/2021%20Austrian%20Grand%20Prix%20-%20Decision%20-%20Car%2077%20-%20Alleged%20driving%20unnecessarily%20slowly%20.pdf,live_standalone,False,Qualifying,secondary_qualifying,race_direction_or_slow_driving,excluded,Qualifying document did not match the frozen qualifying-impeding family.,2021|secondary_qualifying|race_direction_or_slow_driving,2,1,5a22423b6076691384fa7af2df54d0573c8ea79a23139cc9bf9e1b1b868e297e,,,,,,
exclusion-qa-fia-2021-aut-ea99543a6b14,fia-2021-aut-ea99543a6b14,2021-aut,2021,9,Austrian Grand Prix,Decision - Car 55 - Alleged driving unnecessarily slowly.,https://www.fia.com/sites/default/files/decision-document/2021%20Austrian%20Grand%20Prix%20-%20Decision%20-%20Car%2055%20-%20Alleged%20driving%20unnecessarily%20slowly..pdf,live_standalone,False,Qualifying,secondary_qualifying,race_direction_or_slow_driving,excluded,Qualifying document did not match the frozen qualifying-impeding family.,2021|secondary_qualifying|race_direction_or_slow_driving,2,2,965f331780b8cccaa0f67e5aa3c364819037fb92670e22f0218ffa8e48f7cbca,,,,,,
exclusion-qa-fia-2021-aze-d238395b82e2,fia-2021-aze-d238395b82e2,2021-aze,2021,6,Azerbaijan Grand Prix,Decision - Car 99 - Failure to set a time in qualifying,https://www.fia.com/sites/default/files/decision-document/2021%20Azerbaijan%20Grand%20Prix%20-%20Decision%20-%20Car%2099%20-%20Failure%20to%20set%20a%20time%20in%20qualifying.pdf,live_standalone,True,Qualifying,secondary_qualifying,start_or_grid_permission,excluded,Qualifying document did not match the frozen qualifying-impeding family.,2021|secondary_qualifying|start_or_grid_permission,2,1,a64d1c74aa9992fab51a9277707f1537b3acdedb57a505af53545a02a67924c9,,,,,,
exclusion-qa-fia-2021-aze-c5573d5d7ae5,fia-2021-aze-c5573d5d7ae5,2021-aze,2021,6,Azerbaijan Grand Prix,Decision - Car 18 - Failure to set a time in qualifying,https://www.fia.com/sites/default/files/decision-document/2021%20Azerbaijan%20Grand%20Prix%20-%20Decision%20-%20Car%2018%20-%20Failure%20to%20set%20a%20time%20in%20qualifying.pdf,live_standalone,True,Qualifying,secondary_qualifying,start_or_grid_permission,excluded,Qualifying document did not match the frozen qualifying-impeding family.,2021|secondary_qualifying|start_or_grid_permission,2,2,ffae7351ae92eecdb6d5028fefc84088e49e747c9397118db696fef241cc83a3,,,,,,
exclusion-qa-fia-2021-bel-7e7fc0c75cac,fia-2021-bel-7e7fc0c75cac,2021-bel,2021,12,Belgian Grand Prix,Offence - Car 7 - Rear wing assembly,https://www.fia.com/sites/default/files/decision-document/2021%20Belgian%20Grand%20Prix%20-%20Offence%20-%20Car%207%20-%20Rear%20wing%20assembly.pdf,live_standalone,False,Qualifying,secondary_qualifying,tyre_fuel_or_scrutineering,excluded,Qualifying document did not match the frozen qualifying-impeding family.,2021|secondary_qualifying|tyre_fuel_or_scrutineering,3,1,92dcf54c5a21b0e28aedd3399dde27bdb837885ea491fd62049c8acf136e2544,,,,,,
exclusion-qa-fia-2021-sao-a4d881c0cc9c,fia-2021-sao-a4d881c0cc9c,2021-sao,2021,19,São Paulo Grand Prix,Offence - Car 44 - DRS,https://www.fia.com/sites/default/files/decision-document/2021%20Brazilian%20Grand%20Prix%20-%20Offence%20-%20Car%2044%20-%20DRS.pdf,live_standalone,False,Qualifying,secondary_qualifying,tyre_fuel_or_scrutineering,excluded,Qualifying document did not match the frozen qualifying-impeding family.,2021|secondary_qualifying|tyre_fuel_or_scrutineering,3,2,c1a8311b15407621446ea3e7b63184a8ed006f07dada56e8b0211958436a04a0,,,,,,
exclusion-qa-fia-2021-ned-ccb804bfc527,fia-2021-ned-ccb804bfc527,2021-ned,2021,13,Dutch Grand Prix,Decision - Alfa Romeo request for driver change,https://www.fia.com/sites/default/files/decision-document/2021%20Dutch%20Grand%20Prix%20-%20Decision%20-%20Alfa%20Romeo%20request%20for%20driver%20change.pdf,live_standalone,True,Unknown,unknown,procedural_or_personnel,excluded,Document matched predefined excluded offence family procedural_or_personnel.,2021|unknown|procedural_or_personnel,2,1,5254452149f5436b5dc5703c6e3a2a846dbe66dd0be10a617ab542b7860c4e1b,,,,,,
exclusion-qa-fia-2021-abu-f96800d9d4dd,fia-2021-abu-f96800d9d4dd,2021-abu,2021,22,Abu Dhabi Grand Prix,Decision - Car 9 - withdrawal from the event,https://www.fia.com/sites/default/files/decision-document/2021%20Abu%20Dhabi%20Grand%20Prix%20-%20Decision%20-%20Car%209%20-%20withdrawal%20from%20the%20event.pdf,live_standalone,True,Unknown,unknown,procedural_or_personnel,excluded,Document matched predefined excluded offence family procedural_or_personnel.,2021|unknown|procedural_or_personnel,2,2,ded152a4fa7cddba8b63a5cf80b31fda3bc720c27c9bf84500450d25807e0849,,,,,,
exclusion-qa-fia-2021-hun-20ea32cbdd9b,fia-2021-hun-20ea32cbdd9b,2021-hun,2021,11,Hungarian Grand Prix,Decision - Notice of intention of appeal,https://www.fia.com/sites/default/files/decision-document/2021%20Hungarian%20Grand%20Prix%20-%20Decision%20-%20Notice%20of%20intention%20of%20appeal.pdf,live_standalone,True,Unknown,unknown,protest_review_or_governance,excluded,Document matched predefined excluded offence family protest_review_or_governance.,2021|unknown|protest_review_or_governance,5,1,07663379a3d4b41dc60ce0290bcc46a7e64d14dfca1bb9dfa2745ce5812136b8,,,,,,
exclusion-qa-fia-2021-abu-f74fae440c11,fia-2021-abu-f74fae440c11,2021-abu,2021,22,Abu Dhabi Grand Prix,Decision - Mercedes Protest Art. 48.8,https://www.fia.com/sites/default/files/decision-document/2021%20Abu%20Dhabi%20Grand%20Prix%20-%20Decision%20-%20Mercedes%20Protest%20Art.%2048.8.pdf,live_standalone,True,Unknown,unknown,protest_review_or_governance,excluded,Document matched predefined excluded offence family protest_review_or_governance.,2021|unknown|protest_review_or_governance,5,2,df5b53d07e29ffbe9956e92e4a82e5a558101791c839eed000478c0b680315b7,,,,,,
exclusion-qa-fia-2021-mco-3f88e798d58b,fia-2021-mco-3f88e798d58b,2021-mco,2021,5,Monaco Grand Prix,Decision - Car 47 - failure to set a time in Q1,https://www.fia.com/sites/default/files/decision-document/2021%20Monaco%20Grand%20Prix%20-%20Decision%20-%20Car%2047%20-%20failure%20to%20set%20a%20time%20in%20Q1.pdf,live_standalone,True,Unknown,unknown,tyre_fuel_or_scrutineering,excluded,Document matched predefined excluded offence family tyre_fuel_or_scrutineering.,2021|unknown|tyre_fuel_or_scrutineering,2,1,41e9d367ecd017a7009ef8ace7f9271abe97a527820d997be3d65db35e1fc606,,,,,,
exclusion-qa-fia-2021-hun-0718a3fc7032,fia-2021-hun-0718a3fc7032,2021-hun,2021,11,Hungarian Grand Prix,Decision - Car 47 - failure to set a time in Q1,https://www.fia.com/sites/default/files/decision-document/2021%20Hungarian%20Grand%20Prix%20-%20Decision%20-%20Car%2047%20-%20failure%20to%20set%20a%20time%20in%20Q1.pdf,live_standalone,True,Unknown,unknown,tyre_fuel_or_scrutineering,excluded,Document matched predefined excluded offence family tyre_fuel_or_scrutineering.,2021|unknown|tyre_fuel_or_scrutineering,2,2,b4e61e9103ed245934e69554e672e964100af87ac9705179051b7da58729f12a,,,,,,
exclusion-qa-fia-2022-bel-b3335be58766,fia-2022-bel-b3335be58766,2022-bel,2022,14,Belgian Grand Prix,Offence - Car 16 - RNC Changes,https://www.fia.com/sites/default/files/decision-document/2022%20Belgian%20Grand%20Prix%20-%20Offence%20-%20Car%2016%20-%20RNC%20Changes_0.pdf,live_standalone,False,Practice,out_of_scope_session,component_or_allocation,excluded,Observed session is outside the frozen study scope.,2022|out_of_scope_session|component_or_allocation,34,1,05673743b13ad508f3bd691ed1cd25ee6a231626b8bfcb027ae6e15ca4909a79,,,,,,
exclusion-qa-fia-2022-ita-914a50df462b,fia-2022-ita-914a50df462b,2022-ita,2022,16,Italian Grand Prix,Offence - Car 47 - PU elements,https://www.fia.com/sites/default/files/decision-document/2022%20Italian%20Grand%20Prix%20-%20Offence%20-%20Car%2047%20-%20PU%20elements.pdf,live_standalone,False,Practice,out_of_scope_session,component_or_allocation,excluded,Observed session is outside the frozen study scope.,2022|out_of_scope_session|component_or_allocation,34,2,06177fe3251d7291916226569f8fd31a3e0e72e5e901b40462bafe5eb31586c5,,,,,,
exclusion-qa-fia-2022-sao-3c5ce64afa46,fia-2022-sao-3c5ce64afa46,2022-sao,2022,21,São Paulo Grand Prix,Offence - Car 55 - PU element,https://www.fia.com/sites/default/files/decision-document/2022%20Brazilian%20Grand%20Prix%20-%20Offence%20-%20Car%2055%20-%20PU%20element.pdf,live_standalone,False,Practice,out_of_scope_session,component_or_allocation,excluded,Observed session is outside the frozen study scope.,2022|out_of_scope_session|component_or_allocation,34,3,0fb580e26ddeb068902cf6bfcb9db8d96ab425839a81b87dbef72966025d83ff,,,,,,
exclusion-qa-fia-2022-ita-0e22ad481261,fia-2022-ita-0e22ad481261,2022-ita,2022,16,Italian Grand Prix,Offence - Car 55 - RNC Changes,https://www.fia.com/sites/default/files/decision-document/2022%20Italian%20Grand%20Prix%20-%20Offence%20-%20Car%2055%20-%20RNC%20Changes.pdf,live_standalone,False,Practice,out_of_scope_session,component_or_allocation,excluded,Observed session is outside the frozen study scope.,2022|out_of_scope_session|component_or_allocation,34,4,193576247a0f4c1c0eb841fe940ee7c4284416fa3a24c2fe68b8931b5c58b825,,,,,,
exclusion-qa-fia-2022-ita-8d8a85826b91,fia-2022-ita-8d8a85826b91,2022-ita,2022,16,Italian Grand Prix,Offence - Car 22 - Failing to slow under yellow flags,https://www.fia.com/sites/default/files/decision-document/2022%20Italian%20Grand%20Prix%20-%20Offence%20-%20Car%2022%20-%20Failing%20to%20slow%20under%20yellow%20flags.pdf,live_standalone,False,Practice,out_of_scope_session,neutralization_or_flag_procedure,excluded,Observed session is outside the frozen study scope.,2022|out_of_scope_session|neutralization_or_flag_procedure,2,1,24ca23caf8c4c608ba0aab804dddbbafe3553fcb6b01dc806705c48753680d72,,,,,,
exclusion-qa-fia-2022-abu-e06354e851ca,fia-2022-abu-e06354e851ca,2022-abu,2022,22,Abu Dhabi Grand Prix,Decision - Car 44 - Red Flag,https://www.fia.com/sites/default/files/decision-document/2022%20Abu%20Dhabi%20Grand%20Prix%20-%20Decision%20-%20Car%2044%20-%20Red%20Flag_0.pdf,live_standalone,False,Practice,out_of_scope_session,neutralization_or_flag_procedure,excluded,Observed session is outside the frozen study scope.,2022|out_of_scope_session|neutralization_or_flag_procedure,2,2,63d5ff9f9adbd0e84c9fe23e6808aa25acaf39286202c683bc1b0a338dce8653,,,,,,
exclusion-qa-fia-2022-can-5809d322647c,fia-2022-can-5809d322647c,2022-can,2022,9,Canadian Grand Prix,Offence - Car 5 - Unsafe release,https://www.fia.com/sites/default/files/decision-document/2022%20Canadian%20Grand%20Prix%20-%20Offence%20-%20Car%205%20-%20Unsafe%20release.pdf,live_standalone,False,Practice,out_of_scope_session,pit_lane_procedure,excluded,Observed session is outside the frozen study scope.,2022|out_of_scope_session|pit_lane_procedure,4,1,833f1db2e52f78b9bb232dd4642253bc811b36a982306bf52b9287f6767fee4f,,,,,,
exclusion-qa-fia-2022-sgp-e83b322e26b8,fia-2022-sgp-e83b322e26b8,2022-sgp,2022,17,Singapore Grand Prix,Decision - Car 47 - alleged release in an unsafe condition,https://www.fia.com/sites/default/files/decision-document/2022%20Singapore%20Grand%20Prix%20-%20Decision%20-%20Car%2047%20-%20alleged%20release%20in%20an%20unsafe%20condition.pdf,live_standalone,False,Practice,out_of_scope_session,pit_lane_procedure,excluded,Observed session is outside the frozen study scope.,2022|out_of_scope_session|pit_lane_procedure,4,2,c25c3096a415ea0a50cd45afadf0960a8c845d851e3b7c57dc640bddb6fd4c0a,,,,,,
exclusion-qa-fia-2022-mco-15a9fc9931d5,fia-2022-mco-15a9fc9931d5,2022-mco,2022,7,Monaco Grand Prix,Offence - Car 77 - Pit lane speeding,https://www.fia.com/sites/default/files/decision-document/2022%20Monaco%20Grand%20Prix%20-%20Offence%20-%20Car%2077%20-%20Pit%20lane%20speeding.pdf,live_standalone,False,Practice,out_of_scope_session,pit_lane_speeding,excluded,Observed session is outside the frozen study scope.,2022|out_of_scope_session|pit_lane_speeding,18,1,15672df91f191640271c67eda6e08f067ca1cab36fd3df4a77e9d1c10e84c3db,,,,,,
exclusion-qa-fia-2022-bel-9491fa02568c,fia-2022-bel-9491fa02568c,2022-bel,2022,14,Belgian Grand Prix,Offence - Car 10 - Pit lane speeding,https://www.fia.com/sites/default/files/decision-document/2022%20Belgian%20Grand%20Prix%20-%20Offence%20-%20Car%2010%20-%20Pit%20lane%20speeding.pdf,live_standalone,False,Pre-session,out_of_scope_session,pit_lane_speeding,excluded,Observed session is outside the frozen study scope.,2022|out_of_scope_session|pit_lane_speeding,18,2,252e5d805ebed234ae880e618c29475e653c7fb688497e5750cb07971fa34e8d,,,,,,
exclusion-qa-fia-2022-sgp-739324057fc3,fia-2022-sgp-739324057fc3,2022-sgp,2022,17,Singapore Grand Prix,Decision - Car 44 - Breach of Appendix L,https://www.fia.com/sites/default/files/decision-document/2022%20Singapore%20Grand%20Prix%20-%20Decision%20-%20Car%2044%20-%20Breach%20of%20Appendix%20L.pdf,live_standalone,False,Practice,out_of_scope_session,procedural_or_personnel,excluded,Observed session is outside the frozen study scope.,2022|out_of_scope_session|procedural_or_personnel,1,1,0cb3bae3ddaa4c55bfb8b942770e3eff3350bd698d2efd091bc5738e6dc27e1d,,,,,,
exclusion-qa-fia-2022-aus-7169a2a75f0e,fia-2022-aus-7169a2a75f0e,2022-aus,2022,3,Australian Grand Prix,Decision - Car 18 - Alleged impeding of Car 55 at turn 13,https://www.fia.com/sites/default/files/decision-document/2022%20Australian%20Grand%20Prix%20-%20Decision%20-%20Car%2018%20-%20Alleged%20impeding%20of%20Car%2055%20at%20turn%2013.pdf,live_standalone,False,Practice,out_of_scope_session,qualifying_impeding,secondary,Observed session is outside the frozen study scope.,2022|out_of_scope_session|qualifying_impeding,18,1,063a8fbb85b819ecf0d3a0719ab9b5d720b3ac3081ec1bced2ba9ab6d1308677,,,,,,
exclusion-qa-fia-2022-aus-b6d62c97ab1f,fia-2022-aus-b6d62c97ab1f,2022-aus,2022,3,Australian Grand Prix,Decision - Car 18 - Alleged impeding of Car 20 at turn 3,https://www.fia.com/sites/default/files/decision-document/2022%20Australian%20Grand%20Prix%20-%20Decision%20-%20Car%2018%20-%20Alleged%20impeding%20of%20Car%2020%20at%20turn%203.pdf,live_standalone,False,Practice,out_of_scope_session,qualifying_impeding,secondary,Observed session is outside the frozen study scope.,2022|out_of_scope_session|qualifying_impeding,18,2,338de1a6758e729219c997625fe5728dadb8c0f0bf67f8edf6586ba82afe8f41,,,,,,
exclusion-qa-fia-2022-mex-0839721c3b0c,fia-2022-mex-0839721c3b0c,2022-mex,2022,20,Mexico City Grand Prix,Offence - Car 6 - Driving Slowly on recon lap,https://www.fia.com/sites/default/files/decision-document/2022%20Mexican%20Grand%20Prix%20-%20Offence%20-%20Car%206%20-%20Driving%20Slowly%20on%20recon%20lap.pdf,live_standalone,False,Pre-session,out_of_scope_session,race_direction_or_slow_driving,excluded,Observed session is outside the frozen study scope.,2022|out_of_scope_session|race_direction_or_slow_driving,6,1,008e9f3422c97c261d47c1a226dd40c001c71af1f5c626d1e2c60a3b36bcf107,,,,,,
exclusion-qa-fia-2022-can-4576f3d0e351,fia-2022-can-4576f3d0e351,2022-can,2022,9,Canadian Grand Prix,Offence - Car 5 - Failure to follow RD Event Notes,https://www.fia.com/sites/default/files/decision-document/2022%20Canadian%20Grand%20Prix%20-%20Offence%20-%20Car%205%20-%20Failure%20to%20follow%20RD%20Event%20Notes.pdf,live_standalone,False,Practice,out_of_scope_session,race_direction_or_slow_driving,excluded,Observed session is outside the frozen study scope.,2022|out_of_scope_session|race_direction_or_slow_driving,6,2,2b59c741d69a90d992492a6eb398c6599881a82ed3347b911deab00370fe45cc,,,,,,
exclusion-qa-fia-2022-sgp-adf427781fe3,fia-2022-sgp-adf427781fe3,2022-sgp,2022,17,Singapore Grand Prix,Offence - Car 24 - Electronic Return of Tyres,https://www.fia.com/sites/default/files/decision-document/2022%20Singapore%20Grand%20Prix%20-%20Offence%20-%20Car%2024%20-%20Electronic%20Return%20of%20Tyres.pdf,live_standalone,False,Practice,out_of_scope_session,tyre_fuel_or_scrutineering,excluded,Observed session is outside the frozen study scope.,2022|out_of_scope_session|tyre_fuel_or_scrutineering,3,1,67d1485166702344722da4d5e728ec7f3f188913710adcdfd2d693e6399bc836,,,,,,
exclusion-qa-fia-2022-jpn-a0075f67a678,fia-2022-jpn-a0075f67a678,2022-jpn,2022,18,Japanese Grand Prix,Offence - Wiliams - Car 23 use of tyres,https://www.fia.com/sites/default/files/decision-document/2022%20Japanese%20Grand%20Prix%20-%20Offence%20-%20Wiliams%20-%20Car%2023%20use%20of%20tyres.pdf,live_standalone,False,Practice,out_of_scope_session,tyre_fuel_or_scrutineering,excluded,Observed session is outside the frozen study scope.,2022|out_of_scope_session|tyre_fuel_or_scrutineering,3,2,aaf41ac9762069a982627d19532595b5db14956ac941e032fa31f269325a5266,,,,,,
exclusion-qa-fia-2022-mia-6070b78ae653,fia-2022-mia-6070b78ae653,2022-mia,2022,5,Miami Grand Prix,Decision - Car 3 - Incident between T16-T17,https://www.fia.com/sites/default/files/decision-document/2022%20Miami%20Grand%20Prix%20-%20Decision%20-%20Car%203%20-%20Incident%20between%20T16-T17.pdf,live_standalone,False,Practice,out_of_scope_session,unclassified,unclassified,Observed session is outside the frozen study scope.,2022|out_of_scope_session|unclassified,4,1,764549d69b52de5028f96def658793f10b66ca39a815805cc1e2cb0bbc68f016,,,,,,
exclusion-qa-fia-2022-aus-4287d27d6c0a,fia-2022-aus-4287d27d6c0a,2022-aus,2022,3,Australian Grand Prix,Offence - Car 5 - Unauthorised use of a scooter on the track,https://www.fia.com/sites/default/files/decision-document/2022%20Australian%20Grand%20Prix%20-%20Offence%20-%20Car%205%20-%20Unauthorised%20use%20of%20a%20scooter%20on%20the%20track.pdf,live_standalone,False,Practice,out_of_scope_session,unclassified,unclassified,Observed session is outside the frozen study scope.,2022|out_of_scope_session|unclassified,4,2,94d576455679e3ca292ec7aca556ef91e3093b11c8188319f0153b600336946a,,,,,,
exclusion-qa-fia-2022-aut-d4cdccad44c4,fia-2022-aut-d4cdccad44c4,2022-aut,2022,11,Austrian Grand Prix,Offence - Car 77 - PU elements,https://www.fia.com/sites/default/files/decision-document/2022%20Austrian%20Grand%20Prix%20-%20Offence%20-%20Car%2077%20-%20PU%20elements_0.pdf,live_standalone,False,Sprint,primary_race_sprint,component_or_allocation,excluded,Document matched predefined excluded offence family component_or_allocation.,2022|primary_race_sprint|component_or_allocation,3,1,08183934bc648e46ccba4be336cffd11d82e1f54ee0a43b94de3205ca7752e2b,,,,,,
exclusion-qa-fia-2022-aut-cc294d3123f2,fia-2022-aut-cc294d3123f2,2022-aut,2022,11,Austrian Grand Prix,Offence - Car 14 - PU elements,https://www.fia.com/sites/default/files/decision-document/2022%20Austrian%20Grand%20Prix%20-%20Offence%20-%20Car%2014%20-%20PU%20elements.pdf,live_standalone,False,Sprint,primary_race_sprint,component_or_allocation,excluded,Document matched predefined excluded offence family component_or_allocation.,2022|primary_race_sprint|component_or_allocation,3,2,b147fef8a55256c81d00df6a97143668f1067219f8cb852dc443b45ac0511c5e,,,,,,
exclusion-qa-fia-2022-aus-844037a92be6,fia-2022-aus-844037a92be6,2022-aus,2022,3,Australian Grand Prix,Decision - Car 10 - Incident behind the Safety Car,https://www.fia.com/sites/default/files/decision-document/2022%20Australian%20Grand%20Prix%20-%20Decision%20-%20Car%2010%20-%20Incident%20behind%20the%20Safety%20Car.pdf,live_standalone,False,Race,primary_race_sprint,neutralization_or_flag_procedure,excluded,Document matched predefined excluded offence family neutralization_or_flag_procedure.,2022|primary_race_sprint|neutralization_or_flag_procedure,14,1,068784ea4831613280dea0c7424cbc36aebd4776dff20f421e7c6e96405a7e34,,,,,,
exclusion-qa-fia-2022-sgp-2ae74217fc5b,fia-2022-sgp-2ae74217fc5b,2022-sgp,2022,17,Singapore Grand Prix,Offence - Car 11 - SC Infringement,https://www.fia.com/sites/default/files/decision-document/2022%20Singapore%20Grand%20Prix%20-%20Offence%20-%20Car%2011%20-%20SC%20Infringement%20.pdf,live_standalone,False,Race,primary_race_sprint,neutralization_or_flag_procedure,excluded,Document matched predefined excluded offence family neutralization_or_flag_procedure.,2022|primary_race_sprint|neutralization_or_flag_procedure,14,2,08c17bd2b0619c440bc5a861f60d6b12be50d14f9992c758b4167dbe6e7c50d0,,,,,,
exclusion-qa-fia-2022-sao-f5f90caa37e2,fia-2022-sao-f5f90caa37e2,2022-sao,2022,21,São Paulo Grand Prix,Offence - Car 22 - Changes under Parc Ferme,https://www.fia.com/sites/default/files/decision-document/2022%20Brazilian%20Grand%20Prix%20-%20Offence%20-%20Car%2022%20-%20Changes%20under%20Parc%20Ferme.pdf,live_standalone,False,Sprint,primary_race_sprint,parc_ferme_or_setup,excluded,Document matched predefined excluded offence family parc_ferme_or_setup.,2022|primary_race_sprint|parc_ferme_or_setup,6,1,20118e158d106ee8eb0eae9f1582ac2d2c06c67b93c2989438d621307e728ed7,,,,,,
exclusion-qa-fia-2022-emi-6c1e7b1bc382,fia-2022-emi-6c1e7b1bc382,2022-emi,2022,4,Emilia Romagna Grand Prix,Offence - Car 24 - Parc Ferme,https://www.fia.com/sites/default/files/decision-document/2022%20Emilia%20Romagna%20Grand%20Prix%20-%20Offence%20-%20Car%2024%20-%20Parc%20Ferme.pdf,live_standalone,False,Sprint,primary_race_sprint,parc_ferme_or_setup,excluded,Document matched predefined excluded offence family parc_ferme_or_setup.,2022|primary_race_sprint|parc_ferme_or_setup,6,2,5a53d9d95bb6b3a59091cbcc45ae27a0aa45cf219ac978c4d8eb0e42ccc76594,,,,,,
exclusion-qa-fia-2022-ned-9b31ef5002bf,fia-2022-ned-9b31ef5002bf,2022-ned,2022,15,Dutch Grand Prix,Offence - Car 55 - Unsafe release,https://www.fia.com/sites/default/files/decision-document/2022%20Dutch%20Grand%20Prix%20-%20Offence%20-%20Car%2055%20-%20Unsafe%20release.pdf,live_standalone,False,Race,primary_race_sprint,pit_lane_procedure,excluded,Document matched predefined excluded offence family pit_lane_procedure.,2022|primary_race_sprint|pit_lane_procedure,6,1,1ac0f5c40540b2307b3b9d55bed361434796171af723a2fce5951c57d2873879,,,,,,
exclusion-qa-fia-2022-ned-8fc41f623b76,fia-2022-ned-8fc41f623b76,2022-ned,2022,15,Dutch Grand Prix,Decision - Car 11 - Alleged Pit Lane Infringement,https://www.fia.com/sites/default/files/decision-document/2022%20Dutch%20Grand%20Prix%20-%20Decision%20-%20Car%2011%20-%20Alleged%20Pit%20Lane%20Infringement.pdf,live_standalone,False,Race,primary_race_sprint,pit_lane_procedure,excluded,Document matched predefined excluded offence family pit_lane_procedure.,2022|primary_race_sprint|pit_lane_procedure,6,2,5fe7b5d32f3481f3ba3ee9af1ae7a5f72f996585b8277740330ca0ce783e8e84,,,,,,
exclusion-qa-fia-2022-ned-2366e41cae70,fia-2022-ned-2366e41cae70,2022-ned,2022,15,Dutch Grand Prix,Offence - Car 24 - Pit lane speeding,https://www.fia.com/sites/default/files/decision-document/2022%20Dutch%20Grand%20Prix%20-%20Offence%20-%20Car%2024%20-%20Pit%20lane%20speeding.pdf,live_standalone,False,Race,primary_race_sprint,pit_lane_speeding,excluded,Document matched predefined excluded offence family pit_lane_speeding.,2022|primary_race_sprint|pit_lane_speeding,4,1,2b2e975b789b9a967e31b4aa7ffe29649193a349559ea5fb843f7d4aab6e3347,,,,,,
exclusion-qa-fia-2022-sao-6ad847227bec,fia-2022-sao-6ad847227bec,2022-sao,2022,21,São Paulo Grand Prix,Offence - Car 10 - Pit lane speeding,https://www.fia.com/sites/default/files/decision-document/2022%20Brazilian%20Grand%20Prix%20-%20Offence%20-%20Car%2010%20-%20Pit%20lane%20speeding.pdf,live_standalone,False,Race,primary_race_sprint,pit_lane_speeding,excluded,Document matched predefined excluded offence family pit_lane_speeding.,2022|primary_race_sprint|pit_lane_speeding,4,2,54ac8781660ebe723ebe43cf97ebc77b5d691ca950ce0bad62f73a2487176e0d,,,,,,
exclusion-qa-fia-2022-bel-818b3b6e77e7,fia-2022-bel-818b3b6e77e7,2022-bel,2022,14,Belgian Grand Prix,Offence - Car 44 - Refusal to visit Medical Centre,https://www.fia.com/sites/default/files/decision-document/2022%20Belgian%20Grand%20Prix%20-%20Offence%20-%20Car%2044%20-%20Refusal%20to%20visit%20Medical%20Centre.pdf,live_standalone,False,Race,primary_race_sprint,procedural_or_personnel,excluded,Document matched predefined excluded offence family procedural_or_personnel.,2022|primary_race_sprint|procedural_or_personnel,3,1,62321b078f25968c59e11e2f7dc14e1b3fc75374f817a939b1cb13a7850f4a8a,,,,,,
exclusion-qa-fia-2022-sao-282e9967151e,fia-2022-sao-282e9967151e,2022-sao,2022,21,São Paulo Grand Prix,Offence - Alfa Romeo Team Personnel in Pit Lane,https://www.fia.com/sites/default/files/decision-document/2022%20Brazilian%20Grand%20Prix%20-%20Offence%20-%20Alfa%20Romeo%20Team%20Personnel%20in%20Pit%20Lane.pdf,live_standalone,False,Race,primary_race_sprint,procedural_or_personnel,excluded,Document matched predefined excluded offence family procedural_or_personnel.,2022|primary_race_sprint|procedural_or_personnel,3,2,b59002ea1477a989124b84c0e348d4c04c55d0389abb1f2249f7101c8139ebb8,,,,,,
exclusion-qa-fia-2022-ita-6f1c8cba7425,fia-2022-ita-6f1c8cba7425,2022-ita,2022,16,Italian Grand Prix,Offence - Car 45 - Driving Erratically,https://www.fia.com/sites/default/files/decision-document/2022%20Italian%20Grand%20Prix%20-%20Offence%20-%20Car%2045%20-%20Driving%20Erratically.pdf,live_standalone,False,Race,primary_race_sprint,race_direction_or_slow_driving,excluded,Document matched predefined excluded offence family race_direction_or_slow_driving.,2022|primary_race_sprint|race_direction_or_slow_driving,3,1,75fb26b2d808bc01a9f31def29ab80a71b2f00482c4268857996aebfdf90dbe8,,,,,,
exclusion-qa-fia-2022-aut-930666fb5b35,fia-2022-aut-930666fb5b35,2022-aut,2022,11,Austrian Grand Prix,Decision - Car 14 - Alleged unsafe condition,https://www.fia.com/sites/default/files/decision-document/2022%20Austrian%20Grand%20Prix%20-%20Decision%20-%20Car%2014%20-%20Alleged%20unsafe%20condition.pdf,live_standalone,False,Race,primary_race_sprint,race_direction_or_slow_driving,excluded,Document matched predefined excluded offence family race_direction_or_slow_driving.,2022|primary_race_sprint|race_direction_or_slow_driving,3,2,836010769618fcfb49511186fa7d81e8ca663177a30ffae50c60d657887c404e,,,,,,
exclusion-qa-fia-2022-aut-960db87614e9,fia-2022-aut-960db87614e9,2022-aut,2022,11,Austrian Grand Prix,Offence - Car 4 - Track Limits,https://www.fia.com/sites/default/files/decision-document/2022%20Austrian%20Grand%20Prix%20-%20Offence%20-%20Car%204%20-%20Track%20Limits.pdf,live_standalone,False,Race,primary_race_sprint,routine_track_limits,excluded,Document matched predefined excluded offence family routine_track_limits.,2022|primary_race_sprint|routine_track_limits,5,1,1957a71de6d18663df82b0fc6eac55888d79c608068d05ab243f8b680ce3588c,,,,,,
exclusion-qa-fia-2022-aut-0beaf93a2224,fia-2022-aut-0beaf93a2224,2022-aut,2022,11,Austrian Grand Prix,Offence - Car 10 - Track Limits,https://www.fia.com/sites/default/files/decision-document/2022%20Austrian%20Grand%20Prix%20-%20Offence%20-%20Car%2010%20-%20Track%20Limits.pdf,live_standalone,False,Race,primary_race_sprint,routine_track_limits,excluded,Document matched predefined excluded offence family routine_track_limits.,2022|primary_race_sprint|routine_track_limits,5,2,1e3b987be1cf3e432f1100880ad112fad8cafd14220a598f2aeb246e0c2a6d07,,,,,,
exclusion-qa-fia-2022-sau-343f6f90bd67,fia-2022-sau-343f6f90bd67,2022-sau,2022,2,Saudi Arabian Grand Prix,Offence - Car 24 - Not serving penalty,https://www.fia.com/sites/default/files/decision-document/2022%20Saudi%20Arabian%20Grand%20Prix%20-%20Offence%20-%20Car%2024%20-%20Not%20serving%20penalty.pdf,live_standalone,False,Race,primary_race_sprint,sanction_service,excluded,Document matched predefined excluded offence family sanction_service.,2022|primary_race_sprint|sanction_service,2,1,1c2a60bf40e13f9b3d6f2b4808c6de5435ee8668084e00743891ea73986f1fc6,,,,,,
exclusion-qa-fia-2022-usa-deb6e9dd453a,fia-2022-usa-deb6e9dd453a,2022-usa,2022,19,United States Grand Prix,Offence - Car 10 - Failure to serve a penalty,https://www.fia.com/sites/default/files/decision-document/2022%20United%20States%20Grand%20Prix%20-%20Offence%20-%20Car%2010%20-%20Failure%20to%20serve%20a%20penalty.pdf,live_standalone,False,Race,primary_race_sprint,sanction_service,excluded,Document matched predefined excluded offence family sanction_service.,2022|primary_race_sprint|sanction_service,2,2,99992e52a74c4d99219ea31f1605983ef8be42d574a8aecb1a7a25eab66e80f4,,,,,,
exclusion-qa-fia-2022-aze-f1d89bebce18,fia-2022-aze-f1d89bebce18,2022-aze,2022,8,Azerbaijan Grand Prix,Offence - Car 6 - Starting Grid Infringement,https://www.fia.com/sites/default/files/decision-document/2022%20Azerbaijan%20Grand%20Prix%20-%20Offence%20-%20Car%206%20-%20Starting%20Grid%20Infringement.pdf,live_standalone,False,Race,primary_race_sprint,start_procedure,excluded,Document matched predefined excluded offence family start_procedure.,2022|primary_race_sprint|start_procedure,1,1,4fff31b9b0e7f88f3c91bc1be7f4e39c8001c98ea184cdc652d8b1110a99b4a9,,,,,,
exclusion-qa-fia-2022-ned-15b76885ae1f,fia-2022-ned-15b76885ae1f,2022-ned,2022,15,Dutch Grand Prix,Offence - Car 22 - Unsafe condition,https://www.fia.com/sites/default/files/decision-document/2022%20Dutch%20Grand%20Prix%20-%20Offence%20-%20Car%2022%20-%20Unsafe%20condition.pdf,live_standalone,False,Race,primary_race_sprint,tyre_fuel_or_scrutineering,excluded,Document matched predefined excluded offence family tyre_fuel_or_scrutineering.,2022|primary_race_sprint|tyre_fuel_or_scrutineering,1,1,84e78353414cd20a88b013a705ff2b4b4611e0fdc3095f63552f677dfbec2f92,,,,,,
exclusion-qa-fia-2022-aus-ca58d2732592,fia-2022-aus-ca58d2732592,2022-aus,2022,3,Australian Grand Prix,Offence - Car 18 - Causing a collision,https://www.fia.com/sites/default/files/decision-document/2022%20Australian%20Grand%20Prix%20-%20Offence%20-%20Car%2018%20-%20Causing%20a%20collision.pdf,live_standalone,False,Qualifying,secondary_qualifying,causing_collision,primary,Qualifying document did not match the frozen qualifying-impeding family.,2022|secondary_qualifying|causing_collision,1,1,e1fef6755b61ada149b36a5e934d7ae204a65671b22aaf9eb8094e3719aedc80,,,,,,
exclusion-qa-fia-2022-sgp-93ad0d77ac83,fia-2022-sgp-93ad0d77ac83,2022-sgp,2022,17,Singapore Grand Prix,Offence - Car 63 - PU elements,https://www.fia.com/sites/default/files/decision-document/2022%20Singapore%20Grand%20Prix%20-%20Offence%20-%20Car%2063%20-%20PU%20elements.pdf,live_standalone,False,Qualifying,secondary_qualifying,component_or_allocation,excluded,Qualifying document did not match the frozen qualifying-impeding family.,2022|secondary_qualifying|component_or_allocation,4,1,20df71c4f4aff43b72b8fb5b109c1ebd4b22a5d7cc53075e9377a3c93e7aa2b8,,,,,,
exclusion-qa-fia-2022-usa-9edda8e52f97,fia-2022-usa-9edda8e52f97,2022-usa,2022,19,United States Grand Prix,Offence - Car 22 - RNC Changes,https://www.fia.com/sites/default/files/decision-document/2022%20United%20States%20Grand%20Prix%20-%20Offence%20-%20Car%2022%20-%20RNC%20Changes.pdf,live_standalone,False,Qualifying,secondary_qualifying,component_or_allocation,excluded,Qualifying document did not match the frozen qualifying-impeding family.,2022|secondary_qualifying|component_or_allocation,4,2,3b28f678ebb16dd15f56c133a6903c3cffd7a871e5eee1e0b2c49c5c08424ed1,,,,,,
exclusion-qa-fia-2022-sau-c21c543f1370,fia-2022-sau-c21c543f1370,2022-sau,2022,2,Saudi Arabian Grand Prix,Decision - Car 22 - failing to set a time in qualifying,https://www.fia.com/sites/default/files/decision-document/2022%20Saudi%20Arabian%20Grand%20Prix%20-%20Decision%20-%20Car%2022%20-%20failing%20to%20set%20a%20time%20in%20qualifying.pdf,live_standalone,True,Qualifying,secondary_qualifying,lap_time_or_delta_procedure,excluded,Qualifying document did not match the frozen qualifying-impeding family.,2022|secondary_qualifying|lap_time_or_delta_procedure,1,1,da0ea68fc22ab3699187a39959c835a1ee1f6bd7b1da2a401116bf4e9b6eaa09,,,,,,
exclusion-qa-fia-2022-aus-b8ce8027db35,fia-2022-aus-b8ce8027db35,2022-aus,2022,3,Australian Grand Prix,Decision - Car 11 - alleged failure to slow for yellow flags,https://www.fia.com/sites/default/files/decision-document/2022%20Australian%20Grand%20Prix%20-%20Decision%20-%20Car%2011%20-%20alleged%20failure%20to%20slow%20for%20yellow%20flags.pdf,live_standalone,False,Qualifying,secondary_qualifying,neutralization_or_flag_procedure,excluded,Qualifying document did not match the frozen qualifying-impeding family.,2022|secondary_qualifying|neutralization_or_flag_procedure,1,1,ecb1fd41e56f2c47b2cc2a3f02f32aea9367134f5bbf1bdca3513e0dc6c1c65f,,,,,,
exclusion-qa-fia-2022-jpn-80a52741a9c3,fia-2022-jpn-80a52741a9c3,2022-jpn,2022,18,Japanese Grand Prix,Offence - Car 10 - Changes under Parc Ferme,https://www.fia.com/sites/default/files/decision-document/2022%20Japanese%20Grand%20Prix%20-%20Offence%20-%20Car%2010%20-%20Changes%20under%20Parc%20Ferme.pdf,live_standalone,False,Qualifying,secondary_qualifying,parc_ferme_or_setup,excluded,Qualifying document did not match the frozen qualifying-impeding family.,2022|secondary_qualifying|parc_ferme_or_setup,1,1,662935874a6b2f1ce3c5ff2a1f3d2f4af1cd3ffd28e8eac6e82801e63bc31d80,,,,,,
exclusion-qa-fia-2022-sau-2192d1c94793,fia-2022-sau-2192d1c94793,2022-sau,2022,2,Saudi Arabian Grand Prix,Decision - Car 20 - Pit Lane Incident,https://www.fia.com/sites/default/files/decision-document/2022%20Saudi%20Arabian%20Grand%20Prix%20-%20Decision%20-%20Car%2020%20-%20Pit%20Lane%20Incident%20.pdf,live_standalone,False,Qualifying,secondary_qualifying,pit_lane_procedure,excluded,Qualifying document did not match the frozen qualifying-impeding family.,2022|secondary_qualifying|pit_lane_procedure,6,1,03d246e5ae9b54bd8dace52207d844a0d88f451991d05624b8482b60bfaa6480,,,,,,
exclusion-qa-fia-2022-esp-8637c0cbb908,fia-2022-esp-8637c0cbb908,2022-esp,2022,6,Spanish Grand Prix,Offence - Car 18 - Unsafe release,https://www.fia.com/sites/default/files/decision-document/2022%20Spanish%20Grand%20Prix%20-%20Offence%20-%20Car%2018%20-%20Unsafe%20release.pdf,live_standalone,False,Qualifying,secondary_qualifying,pit_lane_procedure,excluded,Qualifying document did not match the frozen qualifying-impeding family.,2022|secondary_qualifying|pit_lane_procedure,6,2,729c05dc709440c7fa4ed6d9d59b840a223d536b1e44656e041058513cb657ee,,,,,,
exclusion-qa-fia-2022-aus-47b41600ea44,fia-2022-aus-47b41600ea44,2022-aus,2022,3,Australian Grand Prix,Offence - Car 5 - Pit lane speeding,https://www.fia.com/sites/default/files/decision-document/2022%20Australian%20Grand%20Prix%20-%20Offence%20-%20Car%205%20-%20Pit%20lane%20speeding.pdf,live_standalone,False,Qualifying,secondary_qualifying,pit_lane_speeding,excluded,Qualifying document did not match the frozen qualifying-impeding family.,2022|secondary_qualifying|pit_lane_speeding,6,1,15c715ed04c3aa66f511b653ca2216ae4aa6a3b9a83419fa7e9e12af3091b1f8,,,,,,
exclusion-qa-fia-2022-ned-d0f0905d57b1,fia-2022-ned-d0f0905d57b1,2022-ned,2022,15,Dutch Grand Prix,Offence - Car 77 - Pit lane speeding,https://www.fia.com/sites/default/files/decision-document/2022%20Dutch%20Grand%20Prix%20-%20Offence%20-%20Car%2077%20-%20Pit%20lane%20speeding.pdf,live_standalone,False,Qualifying,secondary_qualifying,pit_lane_speeding,excluded,Qualifying document did not match the frozen qualifying-impeding family.,2022|secondary_qualifying|pit_lane_speeding,6,2,4b1103124f997c1efa120e8876ae56fc04558768382ac42f93a69abd2a8aa646,,,,,,
exclusion-qa-fia-2022-aut-4b55902ee0d1,fia-2022-aut-4b55902ee0d1,2022-aut,2022,11,Austrian Grand Prix,Offence - Car 5 - Behaviour in Drivers' Meeting,https://www.fia.com/sites/default/files/decision-document/2022%20Austrian%20Grand%20Prix%20-%20Offence%20-%20Car%205%20-%20Behaviour%20in%20Drivers'%20Meeting.pdf,live_standalone,False,Qualifying,secondary_qualifying,procedural_or_personnel,excluded,Qualifying document did not match the frozen qualifying-impeding family.,2022|secondary_qualifying|procedural_or_personnel,2,1,acc938ce8b0633da75fa091e44f0d403f88984996a6c03f29a36689f74f38577,,,,,,
exclusion-qa-fia-2022-aut-2476e2d08b2f,fia-2022-aut-2476e2d08b2f,2022-aut,2022,11,Austrian Grand Prix,Offence - Car 63 - Entered the track on foot,https://www.fia.com/sites/default/files/decision-document/2022%20Austrian%20Grand%20Prix%20-%20Offence%20-%20Car%2063%20-%20Entered%20the%20track%20on%20foot.pdf,live_standalone,False,Qualifying,secondary_qualifying,procedural_or_personnel,excluded,Qualifying document did not match the frozen qualifying-impeding family.,2022|secondary_qualifying|procedural_or_personnel,2,2,cbb9e3e3e7eac07f454b3d3ebf39959b3d85bf84b2d25333d764ead7582fb3fe,,,,,,
exclusion-qa-fia-2022-aus-812292ce09ec,fia-2022-aus-812292ce09ec,2022-aus,2022,3,Australian Grand Prix,Offence - Car 22 - Driving unnecessarily slowly on an in-lap,https://www.fia.com/sites/default/files/decision-document/2022%20Australian%20Grand%20Prix%20-%20Offence%20-%20Car%2022%20-%20Driving%20unnecessarily%20slowly%20on%20an%20in-lap.pdf,live_standalone,False,Qualifying,secondary_qualifying,race_direction_or_slow_driving,excluded,Qualifying document did not match the frozen qualifying-impeding family.,2022|secondary_qualifying|race_direction_or_slow_driving,12,1,0b4b67c9edf117e7ab56d9a9fad7dbfc9c341d96ce2a87ae110283eeb0fae9d9,,,,,,
exclusion-qa-fia-2022-aze-c48e07026613,fia-2022-aze-c48e07026613,2022-aze,2022,8,Azerbaijan Grand Prix,Decision - Car 4 - Allegedly driving unnecessarily slowly during Qualifying,https://www.fia.com/sites/default/files/decision-document/2022%20Azerbaijan%20Grand%20Prix%20-%20Decision%20-%20Car%204%20-%20Allegedly%20driving%20unnecessarily%20slowly%20during%20Qualifying.pdf,live_standalone,False,Qualifying,secondary_qualifying,race_direction_or_slow_driving,excluded,Qualifying document did not match the frozen qualifying-impeding family.,2022|secondary_qualifying|race_direction_or_slow_driving,12,2,0e3219198a8fa8968a9fb200551fadf4eed913e613f980d8da296ad0e1f2abf6,,,,,,
exclusion-qa-fia-2022-aut-7eedde121ccc,fia-2022-aut-7eedde121ccc,2022-aut,2022,11,Austrian Grand Prix,Offence - Car 11 - Track Limits,https://www.fia.com/sites/default/files/decision-document/2022%20Austrian%20Grand%20Prix%20-%20Offence%20-%20Car%2011%20-%20Track%20Limits.pdf,live_standalone,False,Qualifying,secondary_qualifying,routine_track_limits,excluded,Qualifying document did not match the frozen qualifying-impeding family.,2022|secondary_qualifying|routine_track_limits,1,1,8631a160b6560216f2015f14a349d2973266dad3a538e119de9a9bf021dd9671,,,,,,
exclusion-qa-fia-2022-aus-240fa5f46b6a,fia-2022-aus-240fa5f46b6a,2022-aus,2022,3,Australian Grand Prix,Offence - Car 23 - Fuel sample,https://www.fia.com/sites/default/files/decision-document/2022%20Australian%20Grand%20Prix%20-%20Offence%20-%20Car%2023%20-%20Fuel%20sample.pdf,live_standalone,False,Qualifying,secondary_qualifying,technical_nonconformity,excluded,Qualifying document did not match the frozen qualifying-impeding family.,2022|secondary_qualifying|technical_nonconformity,1,1,2fcecb010c47114e22a4becb9bb5368f72d52734bdbf169cf9e1aedf4e70252e,,,,,,
exclusion-qa-fia-2022-hun-2df5eb066775,fia-2022-hun-2df5eb066775,2022-hun,2022,13,Hungarian Grand Prix,Offence - Car 23 - Use of electronically returned tyres,https://www.fia.com/sites/default/files/decision-document/2022%20Hungarian%20Grand%20Prix%20-%20Offence%20-%20Car%2023%20-%20Use%20of%20electronically%20returned%20tyres.pdf,live_standalone,False,Qualifying,secondary_qualifying,tyre_fuel_or_scrutineering,excluded,Qualifying document did not match the frozen qualifying-impeding family.,2022|secondary_qualifying|tyre_fuel_or_scrutineering,1,1,86b831999114dbc36fc36eed99142ecf64a2dc0acbfff410ded7d79958f21234,,,,,,
exclusion-qa-fia-2022-jpn-3a0d0693f6cc,fia-2022-jpn-3a0d0693f6cc,2022-jpn,2022,18,Japanese Grand Prix,Offence - Car 1 - T15 Incident with car 4,https://www.fia.com/sites/default/files/decision-document/2022%20Japanese%20Grand%20Prix%20-%20Offence%20-%20Car%201%20-%20T15%20Incident%20with%20car%204.pdf,live_standalone,False,Qualifying,secondary_qualifying,unclassified,unclassified,Qualifying document did not match the frozen qualifying-impeding family.,2022|secondary_qualifying|unclassified,1,1,74193436eead5d3ea00953078e7b2bcaf8fc898cb68afb7bed2a11d18f35e104,,,,,,
exclusion-qa-fia-2022-sau-85e4c9970be2,fia-2022-sau-85e4c9970be2,2022-sau,2022,2,Saudi Arabian Grand Prix,Decision - Car 47 - Withdrawal,https://www.fia.com/sites/default/files/decision-document/2022%20Saudi%20Arabian%20Grand%20Prix%20-%20Decision%20-%20Car%2047%20-%20Withdrawal.pdf,live_standalone,True,Unknown,unknown,procedural_or_personnel,excluded,Document matched predefined excluded offence family procedural_or_personnel.,2022|unknown|procedural_or_personnel,4,1,286fe0cbe3d7d8ec6c0f52573ca62c6e7121a474f5efff9e4852a00a0cda5e75,,,,,,
exclusion-qa-fia-2022-mia-497680f2cbe8,fia-2022-mia-497680f2cbe8,2022-mia,2022,5,Miami Grand Prix,Decision - Car 20 - Cover on period,https://www.fia.com/sites/default/files/decision-document/2022%20Miami%20Grand%20Prix%20-%20Decision%20-%20Car%2020%20-%20Cover%20on%20period.pdf,live_standalone,True,Unknown,unknown,procedural_or_personnel,excluded,Document matched predefined excluded offence family procedural_or_personnel.,2022|unknown|procedural_or_personnel,4,2,aa633f565a073f58cfe2ee3872b195703622e884644307dc8411d81b5169edde,,,,,,
exclusion-qa-fia-2022-ned-dfaf94f0d589,fia-2022-ned-dfaf94f0d589,2022-ned,2022,15,Dutch Grand Prix,Decision - Change of Schedule,https://www.fia.com/sites/default/files/decision-document/2022%20Dutch%20Grand%20Prix%20-%20Decision%20-%20Change%20of%20Schedule.pdf,live_standalone,True,Unknown,unknown,protest_review_or_governance,excluded,Document matched predefined excluded offence family protest_review_or_governance.,2022|unknown|protest_review_or_governance,6,1,2c7d634e484d5d33248c3e1194f7b1f316dc21e353cb2775f5bd8e0b40791e6e,,,,,,
exclusion-qa-fia-2022-usa-3572718ca0be,fia-2022-usa-3572718ca0be,2022-usa,2022,19,United States Grand Prix,Decision - Haas Protest - Car 11,https://www.fia.com/sites/default/files/decision-document/2022%20United%20States%20Grand%20Prix%20-%20Decision%20-%20Haas%20Protest%20-%20Car%2011.pdf,live_standalone,True,Unknown,unknown,protest_review_or_governance,excluded,Document matched predefined excluded offence family protest_review_or_governance.,2022|unknown|protest_review_or_governance,6,2,691f6eda78c3edc3609c6517657ab30902a7fe0333473b107d6aadc87fb5a7d6,,,,,,
exclusion-qa-fia-2022-aus-5154695ddb1e,fia-2022-aus-5154695ddb1e,2022-aus,2022,3,Australian Grand Prix,Decision - Car 18 - Permission to start the Race,https://www.fia.com/sites/default/files/decision-document/2022%20Australian%20Grand%20Prix%20-%20Decision%20-%20Car%2018%20-%20Permission%20to%20start%20the%20Race.pdf,live_standalone,True,Unknown,unknown,start_or_grid_permission,excluded,Document matched predefined excluded offence family start_or_grid_permission.,2022|unknown|start_or_grid_permission,2,1,7bfdbaa59b3764e891a14932b127e7d0994aeb3a2c2267cf6f551ddf5f41b3c2,,,,,,
exclusion-qa-fia-2022-mia-dbf2827fd067,fia-2022-mia-dbf2827fd067,2022-mia,2022,5,Miami Grand Prix,Decision - Car 31 - Permission to start the Race,https://www.fia.com/sites/default/files/decision-document/2022%20Miami%20Grand%20Prix%20-%20Decision%20-%20Car%2031%20-%20Permission%20to%20start%20the%20Race.pdf,live_standalone,True,Unknown,unknown,start_or_grid_permission,excluded,Document matched predefined excluded offence family start_or_grid_permission.,2022|unknown|start_or_grid_permission,2,2,ea1c997574eb29e8fc72f4206ff635e92edfb4b5ed069af917078c139fe411bb,,,,,,
exclusion-qa-fia-2022-sao-5584c73c900e,fia-2022-sao-5584c73c900e,2022-sao,2022,21,São Paulo Grand Prix,Decision - Starting procedure,https://www.fia.com/sites/default/files/decision-document/2022%20Brazilian%20Grand%20Prix%20-%20Decision%20-%20Starting%20procedure.pdf,live_standalone,True,Unknown,unknown,start_procedure,excluded,Document matched predefined excluded offence family start_procedure.,2022|unknown|start_procedure,1,1,b70bd5f6be1d979efa2fdacb65061ef0690ddd37e5a089ffa288935d6f9ac922,,,,,,
exclusion-qa-fia-2022-sgp-20333ef43f5d,fia-2022-sgp-20333ef43f5d,2022-sgp,2022,17,Singapore Grand Prix,Offence - Mercedes - Inaccurate Scrutineering Form,https://www.fia.com/sites/default/files/decision-document/2022%20Singapore%20Grand%20Prix%20-%20Offence%20-%20Mercedes%20-%20Inaccurate%20Scrutineering%20Form.pdf,live_standalone,False,Unknown,unknown,tyre_fuel_or_scrutineering,excluded,Document matched predefined excluded offence family tyre_fuel_or_scrutineering.,2022|unknown|tyre_fuel_or_scrutineering,1,1,691841119730d6b0f06bf5f11f51259d71399aa88d90b6a677cc81e8537d6cd1,,,,,,
exclusion-qa-fia-2023-sao-fccfec5fc5ef,fia-2023-sao-fccfec5fc5ef,2023-sao,2023,20,São Paulo Grand Prix,Decision - Car 27 - Alleged contact with Car 4,https://www.fia.com/sites/default/files/decision-document/2023%20S%C3%A3o%20Paulo%20Grand%20Prix%20-%20Decision%20-%20Car%2027%20-%20Alleged%20contact%20with%20Car%204.pdf,live_standalone,False,Practice,out_of_scope_session,causing_collision,primary,Observed session is outside the frozen study scope.,2023|out_of_scope_session|causing_collision,2,1,02ac68001015895be6a1a18f8ddd44ae506e71bbc13cb8f419bd67de6cf12fe0,,,,,,
exclusion-qa-fia-2023-sao-d31ec5947358,fia-2023-sao-d31ec5947358,2023-sao,2023,20,São Paulo Grand Prix,Decision - Car 4 - Alleged contact with Car 27,https://www.fia.com/sites/default/files/decision-document/2023%20S%C3%A3o%20Paulo%20Grand%20Prix%20-%20Decision%20-%20Car%204%20-%20Alleged%20contact%20with%20Car%2027.pdf,live_standalone,False,Practice,out_of_scope_session,causing_collision,primary,Observed session is outside the frozen study scope.,2023|out_of_scope_session|causing_collision,2,2,670f2600427be8eec40591a102229df0ce76f9d70c4f9d9332be968fbb7dcaf2,,,,,,
exclusion-qa-fia-2023-lvs-915eb5d1a06b,fia-2023-lvs-915eb5d1a06b,2023-lvs,2023,21,Las Vegas Grand Prix,Infringement - Car 55 - PU Element,https://www.fia.com/sites/default/files/decision-document/2023%20Las%20Vegas%20Grand%20Prix%20-%20Infringement%20-%20Car%2055%20-%20PU%20Element.pdf,live_standalone,False,Practice,out_of_scope_session,component_or_allocation,excluded,Observed session is outside the frozen study scope.,2023|out_of_scope_session|component_or_allocation,3,1,9afd4bc4e28d50f51f305ee939409b21b5fcd9db082e6df6b24d70ebc4d77468,,,,,,
exclusion-qa-fia-2023-sau-6508e0282d6f,fia-2023-sau-6508e0282d6f,2023-sau,2023,2,Saudi Arabian Grand Prix,Offence - Car 16 - PU elements,https://www.fia.com/sites/default/files/decision-document/2023%20Saudi%20Arabian%20Grand%20Prix%20-%20Offence%20-%20Car%2016%20-%20PU%20elements.pdf,live_standalone,False,Practice,out_of_scope_session,component_or_allocation,excluded,Observed session is outside the frozen study scope.,2023|out_of_scope_session|component_or_allocation,3,2,c3f77494b16647c6b688dea3c564ecc3807de60bffbf3f5f485137a028d7e9e0,,,,,,
exclusion-qa-fia-2023-lvs-32bfac1fc0f5,fia-2023-lvs-32bfac1fc0f5,2023-lvs,2023,21,Las Vegas Grand Prix,Infringement - Car 18 - Overtaking under Yellow Flags,https://www.fia.com/sites/default/files/decision-document/2023%20Las%20Vegas%20Grand%20Prix%20-%20Infringement%20-%20Car%2018%20-%20Overtaking%20under%20Yellow%20Flags.pdf,live_standalone,False,Practice,out_of_scope_session,neutralization_or_flag_procedure,excluded,Observed session is outside the frozen study scope.,2023|out_of_scope_session|neutralization_or_flag_procedure,1,1,1ca597a145bfdec55049d3121555bcd369a4bb99effe0ad902db3afdbc60eb0c,,,,,,
exclusion-qa-fia-2023-bhr-0f2ad2b7e445,fia-2023-bhr-0f2ad2b7e445,2023-bhr,2023,1,Bahrain Grand Prix,Decision - Car 21 - Alleged unsafe release,https://www.fia.com/sites/default/files/decision-document/2023%20Bahrain%20Grand%20Prix%20-%20Decision%20-%20Car%2021%20-%20Alleged%20unsafe%20release.pdf,live_standalone,False,Practice,out_of_scope_session,pit_lane_procedure,excluded,Observed session is outside the frozen study scope.,2023|out_of_scope_session|pit_lane_procedure,2,1,076fffb5b06bbe4b4bbf03ab11c7b304c029b32173b89f689190620cdf9ea00c,,,,,,
exclusion-qa-fia-2023-gbr-4878572f50a0,fia-2023-gbr-4878572f50a0,2023-gbr,2023,10,British Grand Prix,Infringement - McLaren - Pit Lane Incident,https://www.fia.com/sites/default/files/decision-document/2023%20British%20Grand%20Prix%20-%20Infringement%20-%20McLaren%20-%20Pit%20Lane%20Incident.pdf,live_standalone,False,Practice,out_of_scope_session,pit_lane_procedure,excluded,Observed session is outside the frozen study scope.,2023|out_of_scope_session|pit_lane_procedure,2,2,9b07198c8a7469915f53ecd999d3d40290979d60250b34901744a39807ddb54a,,,,,,
exclusion-qa-fia-2023-can-f4e19aab76c9,fia-2023-can-f4e19aab76c9,2023-can,2023,8,Canadian Grand Prix,Infringement - Car 22 - Pit Lane Speeding,https://www.fia.com/sites/default/files/decision-document/2023%20Canadian%20Grand%20Prix%20-%20Infringement%20-%20Car%2022%20-%20Pit%20Lane%20Speeding.pdf,live_standalone,False,Practice,out_of_scope_session,pit_lane_speeding,excluded,Observed session is outside the frozen study scope.,2023|out_of_scope_session|pit_lane_speeding,26,1,105baa8f8c92a463acfdb6be0718c7521862e4006c25fd8c671c0542d12b61f2,,,,,,
exclusion-qa-fia-2023-aus-16cd6be8a530,fia-2023-aus-16cd6be8a530,2023-aus,2023,3,Australian Grand Prix,Offence - Car 18 - Pit lane speeding,https://www.fia.com/sites/default/files/decision-document/2023%20Australian%20Grand%20Prix%20-%20Offence%20-%20Car%2018%20-%20Pit%20lane%20speeding.pdf,live_standalone,False,Practice,out_of_scope_session,pit_lane_speeding,excluded,Observed session is outside the frozen study scope.,2023|out_of_scope_session|pit_lane_speeding,26,2,197beaee439d874c68443efff8b57f7a85a2a567a59c3a84db99da311e35a3c9,,,,,,
exclusion-qa-fia-2023-aut-897ed650d76f,fia-2023-aut-897ed650d76f,2023-aut,2023,9,Austrian Grand Prix,Infringement - Car 14 - Pit Lane Speeding,https://www.fia.com/sites/default/files/decision-document/2023%20Austrian%20Grand%20Prix%20-%20Infringement%20-%20Car%2014%20-%20Pit%20Lane%20Speeding.pdf,live_standalone,False,Practice,out_of_scope_session,pit_lane_speeding,excluded,Observed session is outside the frozen study scope.,2023|out_of_scope_session|pit_lane_speeding,26,3,1ee60d76a3b074078a71f2252ca3b5e6b5960837fd38818fe9b52fc5e46576c7,,,,,,
exclusion-qa-fia-2023-aus-bbf5dfa2354f,fia-2023-aus-bbf5dfa2354f,2023-aus,2023,3,Australian Grand Prix,Decision - Mercedes - Inaccurate Self Scrutineering Form,https://www.fia.com/sites/default/files/decision-document/2023%20Australian%20Grand%20Prix%20-%20Decision%20-%20Mercedes%20-%20Inaccurate%20Self%20Scrutineering%20Form.pdf,live_standalone,False,Practice,out_of_scope_session,procedural_or_personnel,excluded,Observed session is outside the frozen study scope.,2023|out_of_scope_session|procedural_or_personnel,1,1,0007cceefd25a72cb39b04c84dca03d1e3a8bbd2531110a41e33c25ea1d393ef,,,,,,
exclusion-qa-fia-2023-can-6bea4dcb48a0,fia-2023-can-6bea4dcb48a0,2023-can,2023,8,Canadian Grand Prix,Decision - Car 55 - Alleged impeding of Car 23,https://www.fia.com/sites/default/files/decision-document/2023%20Canadian%20Grand%20Prix%20-%20Decision%20-%20Car%2055%20-%20Alleged%20impeding%20of%20Car%2023.pdf,live_standalone,False,Practice,out_of_scope_session,qualifying_impeding,secondary,Observed session is outside the frozen study scope.,2023|out_of_scope_session|qualifying_impeding,2,1,3ac5dc8a9cf604b3d948061fae0dd4bba4690dde0fc848a13f263eb12f717e44,,,,,,
exclusion-qa-fia-2023-ned-8b57014099b8,fia-2023-ned-8b57014099b8,2023-ned,2023,13,Dutch Grand Prix,Decision - Car 27 - Alleged impedding,https://www.fia.com/sites/default/files/decision-document/2023%20Dutch%20Grand%20Prix%20-%20Decision%20-%20Car%2027%20-%20Alleged%20impedding.pdf,live_standalone,False,Practice,out_of_scope_session,qualifying_impeding,secondary,Observed session is outside the frozen study scope.,2023|out_of_scope_session|qualifying_impeding,2,2,58a588a4954a74416f1ddcfc3d5f97b92f53d8287ec3177e8f77e9d102602293,,,,,,
exclusion-qa-fia-2023-abu-58f81cce4d9a,fia-2023-abu-58f81cce4d9a,2023-abu,2023,22,Abu Dhabi Grand Prix,Infringement - Car 18 - Alleged driving unnecessarily slowly,https://www.fia.com/sites/default/files/decision-document/2023%20Abu%20Dhabi%20Grand%20Prix%20-%20Infringement%20-%20Car%2018%20-%20Alleged%20driving%20unnecessarily%20slowly.pdf,live_standalone,False,Practice,out_of_scope_session,race_direction_or_slow_driving,excluded,Observed session is outside the frozen study scope.,2023|out_of_scope_session|race_direction_or_slow_driving,3,1,22bb387899daedc7f5f3ed19c0053525d92e6237387f8527264f7ddb6da7fae2,,,,,,
exclusion-qa-fia-2023-aus-bc6490928cb7,fia-2023-aus-bc6490928cb7,2023-aus,2023,3,Australian Grand Prix,Offence - Car 81 - Failure to follow RD Event Notes,https://www.fia.com/sites/default/files/decision-document/2023%20Australian%20Grand%20Prix%20-%20Offence%20-%20Car%2081%20-%20Failure%20to%20follow%20RD%20Event%20Notes.pdf,live_standalone,False,Practice,out_of_scope_session,race_direction_or_slow_driving,excluded,Observed session is outside the frozen study scope.,2023|out_of_scope_session|race_direction_or_slow_driving,3,2,708b3b58713014f20701bf494cd4f47eb6e48f526fdc8b8f8ccf7ee351e87373,,,,,,
exclusion-qa-fia-2023-usa-b82d93bffa10,fia-2023-usa-b82d93bffa10,2023-usa,2023,18,United States Grand Prix,Decision - Car 18 - Not entering Pit Lane,https://www.fia.com/sites/default/files/decision-document/2023%20United%20States%20Grand%20Prix%20-%20Decision%20-%20Car%2018%20-%20Not%20entering%20Pit%20Lane.pdf,live_standalone,False,Pre-session,out_of_scope_session,unclassified,unclassified,Observed session is outside the frozen study scope.,2023|out_of_scope_session|unclassified,8,1,62fe9d1c513b1ac7cd75f16a4ad97f254d18b3be9dd1bc82608c1257211cc06c,,,,,,
exclusion-qa-fia-2023-can-bee4f824dc01,fia-2023-can-bee4f824dc01,2023-can,2023,8,Canadian Grand Prix,Decision - Free Practice 2,https://www.fia.com/sites/default/files/decision-document/2023%20Canadian%20Grand%20Prix%20-%20Decision%20-%20Free%20Practice%202.pdf,live_standalone,True,Practice,out_of_scope_session,unclassified,unclassified,Observed session is outside the frozen study scope.,2023|out_of_scope_session|unclassified,8,2,67d1c5a791348c5073b954c2725434a3adee7aaa0b74effbcfe786cffe9505a0,,,,,,
exclusion-qa-fia-2023-aus-6e7e51f4e9a8,fia-2023-aus-6e7e51f4e9a8,2023-aus,2023,3,Australian Grand Prix,Decision - First Restart Procedure,https://www.fia.com/sites/default/files/decision-document/2023%20Australian%20Grand%20Prix%20-%20Decision%20-%20First%20Restart%20Procedure.pdf,live_standalone,False,Race,primary_race_sprint,neutralization_or_flag_procedure,excluded,Document matched predefined excluded offence family neutralization_or_flag_procedure.,2023|primary_race_sprint|neutralization_or_flag_procedure,4,1,43dad83522d435d800069810caaf1198c13fa5eacf9c9f0a6bcf7e1d8190226b,,,,,,
exclusion-qa-fia-2023-sgp-5e57c6746d5e,fia-2023-sgp-5e57c6746d5e,2023-sgp,2023,15,Singapore Grand Prix,Decision - Car 23 - Alleged overtaking of Car 11 under VSC,https://www.fia.com/sites/default/files/decision-document/2023%20Singapore%20Grand%20Prix%20-%20Decision%20-%20Car%2023%20-%20Alleged%20overtaking%20of%20Car%2011%20under%20VSC.pdf,live_standalone,False,Race,primary_race_sprint,neutralization_or_flag_procedure,excluded,Document matched predefined excluded offence family neutralization_or_flag_procedure.,2023|primary_race_sprint|neutralization_or_flag_procedure,4,2,58dde739d814c05037746800e6ff4be4836346146cee4273b93ab84d575ba193,,,,,,
exclusion-qa-fia-2023-usa-2fcadf214939,fia-2023-usa-2fcadf214939,2023-usa,2023,18,United States Grand Prix,Infringement - Car 20 - Changes made during Parc Ferme,https://www.fia.com/sites/default/files/decision-document/2023%20United%20States%20Grand%20Prix%20-%20Infringement%20-%20Car%2020%20-%20Changes%20made%20during%20Parc%20Ferme.pdf,live_standalone,False,Sprint,primary_race_sprint,parc_ferme_or_setup,excluded,Document matched predefined excluded offence family parc_ferme_or_setup.,2023|primary_race_sprint|parc_ferme_or_setup,7,1,0b1a0852042082c2c0e6d0eb29818fa6690433c5fabc60345c87fe17b136b356,,,,,,
exclusion-qa-fia-2023-usa-411567cca2f8,fia-2023-usa-411567cca2f8,2023-usa,2023,18,United States Grand Prix,Infringement - Car 14 - Changes made during Parc Ferme,https://www.fia.com/sites/default/files/decision-document/2023%20United%20States%20Grand%20Prix%20-%20Infringement%20-%20Car%2014%20-%20Changes%20made%20during%20Parc%20Ferme.pdf,live_standalone,False,Sprint,primary_race_sprint,parc_ferme_or_setup,excluded,Document matched predefined excluded offence family parc_ferme_or_setup.,2023|primary_race_sprint|parc_ferme_or_setup,7,2,13a5d39dbe01435bd63c26d66bd660f97d4269eb5d9f1b1d2f1738e324dda34d,,,,,,
exclusion-qa-fia-2023-aze-6d015004381a,fia-2023-aze-6d015004381a,2023-aze,2023,4,Azerbaijan Grand Prix,Offence - Car 22 - Car Released in an Unsafe Condition,https://www.fia.com/sites/default/files/decision-document/2023%20Azerbaijan%20Grand%20Prix%20-%20Offence%20-%20Car%2022%20-%20Car%20Released%20in%20an%20Unsafe%20Condition.pdf,live_standalone,False,Sprint,primary_race_sprint,pit_lane_procedure,excluded,Document matched predefined excluded offence family pit_lane_procedure.,2023|primary_race_sprint|pit_lane_procedure,6,1,06aee71f934b161b60d2a2079d6e3a25fc75ca6e000e6ad6abeccb3aafcd94d5,,,,,,
exclusion-qa-fia-2023-can-1691710936b2,fia-2023-can-1691710936b2,2023-can,2023,8,Canadian Grand Prix,Decision - Car 4 - Alleged Unsafe Release,https://www.fia.com/sites/default/files/decision-document/2023%20Canadian%20Grand%20Prix%20-%20Decision%20-%20Car%204%20-%20Alleged%20Unsafe%20Release.pdf,live_standalone,False,Race,primary_race_sprint,pit_lane_procedure,excluded,Document matched predefined excluded offence family pit_lane_procedure.,2023|primary_race_sprint|pit_lane_procedure,6,2,06cf9c1cd0a8a807223ae45c1529b5d9989c9a0a8e1997103c66a65f58f0401b,,,,,,
exclusion-qa-fia-2023-mco-5d53541c8a21,fia-2023-mco-5d53541c8a21,2023-mco,2023,6,Monaco Grand Prix,Infringement - Car 2 - Pit Lane Speeding,https://www.fia.com/sites/default/files/decision-document/2023%20Monaco%20Grand%20Prix%20-%20Infringement%20-%20Car%202%20-%20Pit%20Lane%20Speeding_0.pdf,live_standalone,False,Race,primary_race_sprint,pit_lane_speeding,excluded,Document matched predefined excluded offence family pit_lane_speeding.,2023|primary_race_sprint|pit_lane_speeding,7,1,2baf959f5dcf649ac2ba70289fb6604926282a60ab1f83e51bb0b4e4df2f0f77,,,,,,
exclusion-qa-fia-2023-ned-d03b0199c71a,fia-2023-ned-d03b0199c71a,2023-ned,2023,13,Dutch Grand Prix,Infringement - Car 10 - Pit Lane Speeding,https://www.fia.com/sites/default/files/decision-document/2023%20Dutch%20Grand%20Prix%20-%20Infringement%20-%20Car%2010%20-%20Pit%20Lane%20Speeding.pdf,live_standalone,False,Race,primary_race_sprint,pit_lane_speeding,excluded,Document matched predefined excluded offence family pit_lane_speeding.,2023|primary_race_sprint|pit_lane_speeding,7,2,3fd885a758205af655d06ea9e3d2eae4fe3fcea8c5b2368c3154625eb0fbb80d,,,,,,
exclusion-qa-fia-2023-abu-c3ad2d36db9a,fia-2023-abu-c3ad2d36db9a,2023-abu,2023,22,Abu Dhabi Grand Prix,Infringement - Car 11 - Team Radio Communication,https://www.fia.com/sites/default/files/decision-document/2023%20Abu%20Dhabi%20Grand%20Prix%20-%20Infringement%20-%20Car%2011%20-%20Team%20Radio%20Communication.pdf,live_standalone,False,Race,primary_race_sprint,procedural_or_personnel,excluded,Document matched predefined excluded offence family procedural_or_personnel.,2023|primary_race_sprint|procedural_or_personnel,4,1,54f4a32e222db94b5c594dfad8b3a212f552582de333f049ee6cf1c0d3c48731,,,,,,
exclusion-qa-fia-2023-qat-5aab4db50c37,fia-2023-qat-5aab4db50c37,2023-qat,2023,17,Qatar Grand Prix,Infringement - Car 44 - Crossing the track,https://www.fia.com/sites/default/files/decision-document/2023%20Qatar%20Grand%20Prix%20-%20Infringement%20-%20Car%2044%20-%20Crossing%20the%20track.pdf,live_standalone,False,Race,primary_race_sprint,procedural_or_personnel,excluded,Document matched predefined excluded offence family procedural_or_personnel.,2023|primary_race_sprint|procedural_or_personnel,4,2,8749a8727726d8a30b973d4532ff1dfb449f64fb023b2480164bad21815d4863,,,,,,
exclusion-qa-fia-2023-sao-d106d330c035,fia-2023-sao-d106d330c035,2023-sao,2023,20,São Paulo Grand Prix,Decision - São Paulo F1 Organisation,https://www.fia.com/sites/default/files/decision-document/2023%20S%C3%A3o%20Paulo%20Grand%20Prix%20-%20Decision%20-%20S%C3%A3o%20Paulo%20F1%20Organisation.pdf,live_standalone,True,Race,primary_race_sprint,protest_review_or_governance,excluded,Document matched predefined excluded offence family protest_review_or_governance.,2023|primary_race_sprint|protest_review_or_governance,2,1,0ae632adb13a2d97c5dbbc64ac62348567a6d3d952ee8007bd35a8748bc75867,,,,,,
exclusion-qa-fia-2023-aus-fe43f76f08f0,fia-2023-aus-fe43f76f08f0,2023-aus,2023,3,Australian Grand Prix,Decision - AGPC,https://www.fia.com/sites/default/files/decision-document/2023%20Australian%20Grand%20Prix%20-%20Decision%20-%20AGPC.pdf,live_standalone,True,Race,primary_race_sprint,protest_review_or_governance,excluded,Document matched predefined excluded offence family protest_review_or_governance.,2023|primary_race_sprint|protest_review_or_governance,2,2,40638fff8cd90d6faf7b382794b5419f6c3fbfc34ad4226e1eec8c70782a6107,,,,,,
exclusion-qa-fia-2023-ned-f47432809469,fia-2023-ned-f47432809469,2023-ned,2023,13,Dutch Grand Prix,Infringement - Car 40 - Impeding of Car 20,https://www.fia.com/sites/default/files/decision-document/2023%20Dutch%20Grand%20Prix%20-%20Infringement%20-%20Car%2040%20-%20Impeding%20of%20Car%2020.pdf,live_standalone,False,Race,primary_race_sprint,qualifying_impeding,secondary,Incident family was recognized but the observed session is outside that population.,2023|primary_race_sprint|qualifying_impeding,1,1,ecd0f7b3406e02327d8e69e42efe9a5e75a9e19f1e4755e83111e62ace94c1d4,,,,,,
exclusion-qa-fia-2023-mex-20429e9bcf88,fia-2023-mex-20429e9bcf88,2023-mex,2023,19,Mexico City Grand Prix,Decision - Car 16 - Alleged driving a car in an unsafe condition,https://www.fia.com/sites/default/files/decision-document/2023%20Mexico%20City%20Grand%20Prix%20-%20Decision%20-%20Car%2016%20-%20Alleged%20driving%20a%20car%20in%20an%20unsafe%20condition.pdf,live_standalone,False,Race,primary_race_sprint,race_direction_or_slow_driving,excluded,Document matched predefined excluded offence family race_direction_or_slow_driving.,2023|primary_race_sprint|race_direction_or_slow_driving,1,1,3e417f6bf3eec9886c1b4c833a0bd91b17768a319f6297da1b635c527572240a,,,,,,
exclusion-qa-fia-2023-usa-3ebfcb1c7824,fia-2023-usa-3ebfcb1c7824,2023-usa,2023,18,United States Grand Prix,Infringement - Car 23 - Leaving the track multiple times,https://www.fia.com/sites/default/files/decision-document/2023%20United%20States%20Grand%20Prix%20-%20Infringement%20-%20Car%2023%20-%20Leaving%20the%20track%20multiple%20times.pdf,live_standalone,False,Race,primary_race_sprint,routine_track_limits,excluded,Document matched predefined excluded offence family routine_track_limits.,2023|primary_race_sprint|routine_track_limits,25,1,09739f292f79d10d84a1e154e71fb3bb53ea6b28886d35fe8657e812d1050dd4,,,,,,
exclusion-qa-fia-2023-qat-61c77d72269b,fia-2023-qat-61c77d72269b,2023-qat,2023,17,Qatar Grand Prix,Infringement - Car 18 - Leaving the track multiple times,https://www.fia.com/sites/default/files/decision-document/2023%20Qatar%20Grand%20Prix%20-%20Infringement%20-%20Car%2018%20-%20Leaving%20the%20track%20multiple%20times_0.pdf,live_standalone,False,Race,primary_race_sprint,routine_track_limits,excluded,Document matched predefined excluded offence family routine_track_limits.,2023|primary_race_sprint|routine_track_limits,25,2,09e22a41c087d5f08f3fd3e96c45676e1c9b933146c4288bd64c5cb9ff3ba6d5,,,,,,
exclusion-qa-fia-2023-qat-c63cd3372266,fia-2023-qat-c63cd3372266,2023-qat,2023,17,Qatar Grand Prix,Infringement - Car 23 - Leaving the track multiple times (second),https://www.fia.com/sites/default/files/decision-document/2023%20Qatar%20Grand%20Prix%20-%20Infringement%20-%20Car%2023%20-%20Leaving%20the%20track%20multiple%20times%20(second).pdf,live_standalone,False,Race,primary_race_sprint,routine_track_limits,excluded,Document matched predefined excluded offence family routine_track_limits.,2023|primary_race_sprint|routine_track_limits,25,3,0ac8cff50efda42589be07e5dc528c665bb9e914462901fa9dbd08c07a363b7c,,,,,,
exclusion-qa-fia-2023-sau-a5ebf9d52dfd,fia-2023-sau-a5ebf9d52dfd,2023-sau,2023,2,Saudi Arabian Grand Prix,Offence - Car 14 - Failure to Serve a Penalty,https://www.fia.com/sites/default/files/decision-document/2023%20Saudi%20Arabian%20Grand%20Prix%20-%20Offence%20-%20Car%2014%20-%20Failure%20to%20Serve%20a%20Penalty%20.pdf,live_standalone,False,Race,primary_race_sprint,sanction_service,excluded,Document matched predefined excluded offence family sanction_service.,2023|primary_race_sprint|sanction_service,3,1,393c3006cf0818c55d0c0248da563687c12cd9bc4b498d8ce43605ae6b5a4c50,,,,,,
exclusion-qa-fia-2023-mco-390dae6504d4,fia-2023-mco-390dae6504d4,2023-mco,2023,6,Monaco Grand Prix,Infringement - Car 27 - Failure to Serve a Penalty,https://www.fia.com/sites/default/files/decision-document/2023%20Monaco%20Grand%20Prix%20-%20Infringement%20-%20Car%2027%20-%20Failure%20to%20Serve%20a%20Penalty.pdf,live_standalone,False,Race,primary_race_sprint,sanction_service,excluded,Document matched predefined excluded offence family sanction_service.,2023|primary_race_sprint|sanction_service,3,2,425f5d5ff61b0daa608d74191f17a025658188dd22609e8761f2e6062fa66591,,,,,,
exclusion-qa-fia-2023-sau-850342293531,fia-2023-sau-850342293531,2023-sau,2023,2,Saudi Arabian Grand Prix,Offence - Car 14 - Incorrect Starting Location,https://www.fia.com/sites/default/files/decision-document/2023%20Saudi%20Arabian%20Grand%20Prix%20-%20Offence%20-%20Car%2014%20-%20Incorrect%20Starting%20Location.pdf,live_standalone,False,Race,primary_race_sprint,start_procedure,excluded,Document matched predefined excluded offence family start_procedure.,2023|primary_race_sprint|start_procedure,3,1,8b6a9af5cc2595e7dea4f5b68587b3748748124319f232cc63dadad487c84c37,,,,,,
exclusion-qa-fia-2023-qat-e848832ba7cd,fia-2023-qat-e848832ba7cd,2023-qat,2023,17,Qatar Grand Prix,Infringement - Car 27 - Incorrect starting location,https://www.fia.com/sites/default/files/decision-document/2023%20Qatar%20Grand%20Prix%20-%20Infringement%20-%20Car%2027%20-%20Incorrect%20starting%20location.pdf,live_standalone,False,Race,primary_race_sprint,start_procedure,excluded,Document matched predefined excluded offence family start_procedure.,2023|primary_race_sprint|start_procedure,3,2,dd954f4e9116b7d785fdaefe4719db4ad24f7da7db8810d05c5190c4263f8b31,,,,,,
exclusion-qa-fia-2023-usa-4d2fc857036d,fia-2023-usa-4d2fc857036d,2023-usa,2023,18,United States Grand Prix,Infringement - Car 44 - Technical non-compliance (Plank),https://www.fia.com/sites/default/files/decision-document/2023%20United%20States%20Grand%20Prix%20-%20Infringement%20-%20Car%2044%20-%20Technical%20non-compliance%20(Plank).pdf,live_standalone,False,Race,primary_race_sprint,technical_nonconformity,excluded,Document matched predefined excluded offence family technical_nonconformity.,2023|primary_race_sprint|technical_nonconformity,2,1,ada520a2901dfb72e470e4efe4b4018efe719bbef70fa067fa0df4276453bf36,,,,,,
exclusion-qa-fia-2023-usa-95b7f1c88619,fia-2023-usa-95b7f1c88619,2023-usa,2023,18,United States Grand Prix,Infringement - Car 16 - Technical non-compliance (Plank),https://www.fia.com/sites/default/files/decision-document/2023_united_states_grand_prix_-_infringement_-_car_16_-_technical_non-compliance_plank_0.pdf,live_standalone,False,Race,primary_race_sprint,technical_nonconformity,excluded,Document matched predefined excluded offence family technical_nonconformity.,2023|primary_race_sprint|technical_nonconformity,2,2,f7dbd30ad0e9245c4a49b9a154af6f229cb81f646b25a8ae90d51aa622472dcf,,,,,,
exclusion-qa-fia-2023-sao-32b828dcdfbd,fia-2023-sao-32b828dcdfbd,2023-sao,2023,20,São Paulo Grand Prix,Decision - Alleged contact with Car 14,https://www.fia.com/sites/default/files/decision-document/2023%20S%C3%A3o%20Paulo%20Grand%20Prix%20-%20Decision%20-%20Alleged%20contact%20with%20Car%2014.pdf,live_standalone,False,Sprint Shootout,secondary_qualifying,causing_collision,primary,Qualifying document did not match the frozen qualifying-impeding family.,2023|secondary_qualifying|causing_collision,1,1,a66f9c47ce0deb68965d3c9a70011bbb21a181e54811e70feb298cc33e0443e7,,,,,,
exclusion-qa-fia-2023-sgp-196b6a005460,fia-2023-sgp-196b6a005460,2023-sgp,2023,15,Singapore Grand Prix,Infringement - Car 24 - Changes made during Parc Ferme (PU),https://www.fia.com/sites/default/files/decision-document/2023%20Singapore%20Grand%20Prix%20-%20Infringement%20-%20Car%2024%20-%20Changes%20made%20during%20Parc%20Ferme%20(PU).pdf,live_standalone,False,Qualifying,secondary_qualifying,component_or_allocation,excluded,Qualifying document did not match the frozen qualifying-impeding family.,2023|secondary_qualifying|component_or_allocation,9,1,283b7c70fe1407e8200331531d83736822e70d271a5dbb093b90a4d106562b74,,,,,,
exclusion-qa-fia-2023-aut-6dbd90ed9e21,fia-2023-aut-6dbd90ed9e21,2023-aut,2023,9,Austrian Grand Prix,Infringement - Car 21 - Changes made during Parc Ferme,https://www.fia.com/sites/default/files/decision-document/2023%20Austrian%20Grand%20Prix%20-%20Infringement%20-%20Car%2021%20-%20Changes%20made%20during%20Parc%20Ferme.pdf,live_standalone,False,Qualifying,secondary_qualifying,component_or_allocation,excluded,Qualifying document did not match the frozen qualifying-impeding family.,2023|secondary_qualifying|component_or_allocation,9,2,6a15467358d384c6a672b52ef9fecae46d954c0a53e0eb43fc78526f267cc4d3,,,,,,
exclusion-qa-fia-2023-qat-0a8f48581932,fia-2023-qat-0a8f48581932,2023-qat,2023,17,Qatar Grand Prix,Decision - Sprint Shootout SC2-SC1 Times,https://www.fia.com/sites/default/files/decision-document/2023%20Qatar%20Grand%20Prix%20-%20Decision%20-%20Sprint%20Shootout%20SC2-SC1%20Times.pdf,live_standalone,False,Sprint Shootout,secondary_qualifying,lap_time_or_delta_procedure,excluded,Qualifying document did not match the frozen qualifying-impeding family.,2023|secondary_qualifying|lap_time_or_delta_procedure,7,1,063324b8ec3ffec87b98ab56d594d8d4c89cec0de54e45581818f9253d222954,,,,,,
exclusion-qa-fia-2023-lvs-dbe1c538d466,fia-2023-lvs-dbe1c538d466,2023-lvs,2023,21,Las Vegas Grand Prix,Decision - Qualifying SC2-SC1 Times,https://www.fia.com/sites/default/files/decision-document/2023%20Las%20Vegas%20Grand%20Prix%20-%20Decision%20-%20Qualifying%20SC2-SC1%20Times.pdf,live_standalone,False,Qualifying,secondary_qualifying,lap_time_or_delta_procedure,excluded,Qualifying document did not match the frozen qualifying-impeding family.,2023|secondary_qualifying|lap_time_or_delta_procedure,7,2,313feda3cc6b41411fbc2341e5aa07d1ea105831d87490ea63f56012f9f5f930,,,,,,
exclusion-qa-fia-2023-mex-c4539f54bf6f,fia-2023-mex-c4539f54bf6f,2023-mex,2023,19,Mexico City Grand Prix,Infringement - Car 2 - Overtaking under Yellow Flags,https://www.fia.com/sites/default/files/decision-document/2023%20Mexico%20City%20Grand%20Prix%20-%20Infringement%20-%20Car%202%20-%20Overtaking%20under%20Yellow%20Flags.pdf,live_standalone,False,Qualifying,secondary_qualifying,neutralization_or_flag_procedure,excluded,Qualifying document did not match the frozen qualifying-impeding family.,2023|secondary_qualifying|neutralization_or_flag_procedure,4,1,33a002819a90dc94bac96d2e74766f84614b4af324efdefbb5c89a72a0657ca9,,,,,,
exclusion-qa-fia-2023-can-69b533e69a00,fia-2023-can-69b533e69a00,2023-can,2023,8,Canadian Grand Prix,Infringement - Car 27 - Qualifying Red Flag,https://www.fia.com/sites/default/files/decision-document/2023%20Canadian%20Grand%20Prix%20-%20Infringement%20-%20Car%2027%20-%20Qualifying%20Red%20Flag.pdf,live_standalone,False,Qualifying,secondary_qualifying,neutralization_or_flag_procedure,excluded,Qualifying document did not match the frozen qualifying-impeding family.,2023|secondary_qualifying|neutralization_or_flag_procedure,4,2,5c1c7ff6a0f434d4d63820b77b9b17bd71c56df3db64deb1184ca64e4de4a4a0,,,,,,
exclusion-qa-fia-2023-esp-4d715cae2393,fia-2023-esp-4d715cae2393,2023-esp,2023,7,Spanish Grand Prix,Infringement - Car 2 - Changes made during Parc Ferme,https://www.fia.com/sites/default/files/decision-document/2023%20Spanish%20Grand%20Prix%20-%20Infringement%20-%20Car%202%20-%20Changes%20made%20during%20Parc%20Ferme.pdf,live_standalone,False,Qualifying,secondary_qualifying,parc_ferme_or_setup,excluded,Qualifying document did not match the frozen qualifying-impeding family.,2023|secondary_qualifying|parc_ferme_or_setup,7,1,3713bef6df8f447dd0cb94650e8a23cbe40df9b6e52f25c82d9fd382c64ea44e,,,,,,
exclusion-qa-fia-2023-esp-f5bad24ff30e,fia-2023-esp-f5bad24ff30e,2023-esp,2023,7,Spanish Grand Prix,Infringement - Car 16 - Changes made during Parc Ferme,https://www.fia.com/sites/default/files/decision-document/2023%20Spanish%20Grand%20Prix%20-%20Infringement%20-%20Car%2016%20-%20Changes%20made%20during%20Parc%20Ferme.pdf,live_standalone,False,Qualifying,secondary_qualifying,parc_ferme_or_setup,excluded,Qualifying document did not match the frozen qualifying-impeding family.,2023|secondary_qualifying|parc_ferme_or_setup,7,2,7bbbb63d6471afa5c2a9b6b6ee77f6357093e528e787684d309e18a4a603e74d,,,,,,
exclusion-qa-fia-2023-gbr-fde5047b5204,fia-2023-gbr-fde5047b5204,2023-gbr,2023,10,British Grand Prix,Infringement - Car 21 - Unsafe release,https://www.fia.com/sites/default/files/decision-document/2023%20British%20Grand%20Prix%20-%20Infringement%20-%20Car%2021%20-%20Unsafe%20release.pdf,live_standalone,False,Qualifying,secondary_qualifying,pit_lane_procedure,excluded,Qualifying document did not match the frozen qualifying-impeding family.,2023|secondary_qualifying|pit_lane_procedure,3,1,778e83cd2a5af7a7336a5b172f6482c9f3900e66dd9962eef215f397f9f65ac1,,,,,,
exclusion-qa-fia-2023-mex-30d44b1db9f4,fia-2023-mex-30d44b1db9f4,2023-mex,2023,19,Mexico City Grand Prix,Infringement - Williams - Equipment in Pit Lane,https://www.fia.com/sites/default/files/decision-document/2023%20Mexico%20City%20Grand%20Prix%20-%20Infringement%20-%20Williams%20-%20Equipment%20in%20Pit%20Lane.pdf,live_standalone,False,Qualifying,secondary_qualifying,pit_lane_procedure,excluded,Qualifying document did not match the frozen qualifying-impeding family.,2023|secondary_qualifying|pit_lane_procedure,3,2,a82eb1cdb5433472edc6b9eabbd0c468d89f828e76287892bffcac8c63f31a4d,,,,,,
exclusion-qa-fia-2023-ned-350bd604b4e0,fia-2023-ned-350bd604b4e0,2023-ned,2023,13,Dutch Grand Prix,Infringement - Car 55 - Pit Lane Speeding,https://www.fia.com/sites/default/files/decision-document/2023%20Dutch%20Grand%20Prix%20-%20Infringement%20-%20Car%2055%20-%20Pit%20Lane%20Speeding.pdf,live_standalone,False,Qualifying,secondary_qualifying,pit_lane_speeding,excluded,Qualifying document did not match the frozen qualifying-impeding family.,2023|secondary_qualifying|pit_lane_speeding,3,1,4c1206e919889fcd8d0a9ebd99634fd28ec477a7417596048fa387b8e40d3e5e,,,,,,
exclusion-qa-fia-2023-bhr-bc51998cbf07,fia-2023-bhr-bc51998cbf07,2023-bhr,2023,1,Bahrain Grand Prix,Offence - Car 10 - Pit lane speeding,https://www.fia.com/sites/default/files/decision-document/2023%20Bahrain%20Grand%20Prix%20-%20Offence%20-%20Car%2010%20-%20Pit%20lane%20speeding.pdf,live_standalone,False,Qualifying,secondary_qualifying,pit_lane_speeding,excluded,Qualifying document did not match the frozen qualifying-impeding family.,2023|secondary_qualifying|pit_lane_speeding,3,2,bb7a26f7fea66e7aae89bde26dbfab4ec99c4ecbe93baef51de767a21df62d15,,,,,,
exclusion-qa-fia-2023-qat-e28ad7b84695,fia-2023-qat-e28ad7b84695,2023-qat,2023,17,Qatar Grand Prix,Decision - Track Familiarisation,https://www.fia.com/sites/default/files/decision-document/2023%20Qatar%20Grand%20Prix%20-%20Decision%20-%20Track%20Familiarisation.pdf,live_standalone,True,Sprint Shootout,secondary_qualifying,protest_review_or_governance,excluded,Qualifying document did not match the frozen qualifying-impeding family.,2023|secondary_qualifying|protest_review_or_governance,1,1,92423f70bacc9a127fe97ad9ccb7098757ceb000361da5d7d091518166bac9f8,,,,,,
exclusion-qa-fia-2023-qat-056643c4320d,fia-2023-qat-056643c4320d,2023-qat,2023,17,Qatar Grand Prix,Infringement - Car 55 - Erratic Driving,https://www.fia.com/sites/default/files/decision-document/2023%20Qatar%20Grand%20Prix%20-%20Infringement%20-%20Car%2055%20-%20Erratic%20Driving.pdf,live_standalone,False,Qualifying,secondary_qualifying,race_direction_or_slow_driving,excluded,Qualifying document did not match the frozen qualifying-impeding family.,2023|secondary_qualifying|race_direction_or_slow_driving,3,1,4f838a4499529428a2b6677a51d92eec7b8960719d413859d81504cb89afe5e7,,,,,,
exclusion-qa-fia-2023-sao-0bb7aa5f8819,fia-2023-sao-0bb7aa5f8819,2023-sao,2023,20,São Paulo Grand Prix,Infringement - Car 22 - Failure to follow Race Director's instructions,https://www.fia.com/sites/default/files/decision-document/2023%20S%C3%A3o%20Paulo%20Grand%20Prix%20-%20Infringement%20-%20Car%2022%20-%20Failure%20to%20follow%20Race%20Director's%20instructions.pdf,live_standalone,False,Sprint Shootout,secondary_qualifying,race_direction_or_slow_driving,excluded,Qualifying document did not match the frozen qualifying-impeding family.,2023|secondary_qualifying|race_direction_or_slow_driving,3,2,7c9bbba0c810702508c8598edca8b24e5633bd1cc797997877b638069523fb33,,,,,,
exclusion-qa-fia-2023-gbr-573b6eb19af7,fia-2023-gbr-573b6eb19af7,2023-gbr,2023,10,British Grand Prix,Infringement - Car 77 - Failure to provide a fuel sample,https://www.fia.com/sites/default/files/decision-document/2023%20British%20Grand%20Prix%20-%20Infringement%20-%20Car%2077%20-%20Failure%20to%20provide%20a%20fuel%20sample.pdf,live_standalone,False,Qualifying,secondary_qualifying,technical_nonconformity,excluded,Qualifying document did not match the frozen qualifying-impeding family.,2023|secondary_qualifying|technical_nonconformity,1,1,e7d6dc65079ddc1b10d686ecbf3b1cd6335792f75713e302492cd7fca0b5da86,,,,,,
exclusion-qa-fia-2023-hun-7f5941cc32d9,fia-2023-hun-7f5941cc32d9,2023-hun,2023,11,Hungarian Grand Prix,Infringement - Haas - Car 27 Tyre Returns,https://www.fia.com/sites/default/files/decision-document/2023%20Hungarian%20Grand%20Prix%20-%20Infringement%20-%20Haas%20-%20Car%2027%20Tyre%20Returns.pdf,live_standalone,False,Qualifying,secondary_qualifying,tyre_fuel_or_scrutineering,excluded,Qualifying document did not match the frozen qualifying-impeding family.,2023|secondary_qualifying|tyre_fuel_or_scrutineering,5,1,2931d9c6af7e45e2ec72ac22d568b4d91edea0c24f9de751cfb4ee0eada6746c,,,,,,
exclusion-qa-fia-2023-can-cc79a217a859,fia-2023-can-cc79a217a859,2023-can,2023,8,Canadian Grand Prix,Infringement - Car 2 - Tyre Return after P3,https://www.fia.com/sites/default/files/decision-document/2023%20Canadian%20Grand%20Prix%20-%20Infringement%20-%20Car%202%20-%20Tyre%20Return%20after%20P3.pdf,live_standalone,False,Qualifying,secondary_qualifying,tyre_fuel_or_scrutineering,excluded,Qualifying document did not match the frozen qualifying-impeding family.,2023|secondary_qualifying|tyre_fuel_or_scrutineering,5,2,2da3c8122631ca69f18c8a615b590a5fdaeec327f84b5868ea0d289bb89e7861,,,,,,
exclusion-qa-fia-2023-esp-8a230fb3670d,fia-2023-esp-8a230fb3670d,2023-esp,2023,7,Spanish Grand Prix,Infringement - Car 63 - Abnormal change of direction,https://www.fia.com/sites/default/files/decision-document/2023%20Spanish%20Grand%20Prix%20-%20Infringement%20-%20Car%2063%20-%20Abnormal%20change%20of%20direction.pdf,live_standalone,False,Qualifying,secondary_qualifying,unclassified,unclassified,Qualifying document did not match the frozen qualifying-impeding family.,2023|secondary_qualifying|unclassified,5,1,1cd5e2c40037aef884f9569ba85a3d807b80e1cd25a7deeabec0af429b237475,,,,,,
exclusion-qa-fia-2023-mia-cf2d22afd70f,fia-2023-mia-cf2d22afd70f,2023-mia,2023,5,Miami Grand Prix,Decision - Car 20 - Turn 17 Incident,https://www.fia.com/sites/default/files/decision-document/2023%20Miami%20Grand%20Prix%20-%20Decision%20-%20Car%2020%20-%20Turn%2017%20Incident.pdf,live_standalone,False,Qualifying,secondary_qualifying,unclassified,unclassified,Qualifying document did not match the frozen qualifying-impeding family.,2023|secondary_qualifying|unclassified,5,2,56a2af9d9ed0c538cc10c9eb558f1f94d078039b7eb4d467cdf5a15eb6d51075,,,,,,
exclusion-qa-fia-2023-bel-c2481e5e8d92,fia-2023-bel-c2481e5e8d92,2023-bel,2023,12,Belgian Grand Prix,Infringement - Car 23 - Rejoining unsafely,https://www.fia.com/sites/default/files/decision-document/2023%20Belgian%20Grand%20Prix%20-%20Infringement%20-%20Car%2023%20-%20Rejoining%20unsafely.pdf,live_standalone,False,Qualifying,secondary_qualifying,unsafe_rejoin,primary,Qualifying document did not match the frozen qualifying-impeding family.,2023|secondary_qualifying|unsafe_rejoin,2,1,03e46e8b493c3fe93cbd4a05ef6164fc83acda81c84b6ee22b1a170cbdbd32e3,,,,,,
exclusion-qa-fia-2023-bel-1cc242888182,fia-2023-bel-1cc242888182,2023-bel,2023,12,Belgian Grand Prix,Decision - Car 44 - Rejoining unsafely,https://www.fia.com/sites/default/files/decision-document/2023%20Belgian%20Grand%20Prix%20-%20Decision%20-%20Car%2044%20-%20Rejoining%20unsafely.pdf,live_standalone,False,Qualifying,secondary_qualifying,unsafe_rejoin,primary,Qualifying document did not match the frozen qualifying-impeding family.,2023|secondary_qualifying|unsafe_rejoin,2,2,9b181b90e2e0bf7489d9ab6d0edbc092af3d08bc1639661db64c5fa19967cc8b,,,,,,
exclusion-qa-fia-2023-lvs-cefbdc8a50a3,fia-2023-lvs-cefbdc8a50a3,2023-lvs,2023,21,Las Vegas Grand Prix,Decision - Car 55 - Replacement Components,https://www.fia.com/sites/default/files/decision-document/2023%20Las%20Vegas%20Grand%20Prix%20-%20Decision%20-%20Car%2055%20-%20Replacement%20Components.pdf,live_standalone,True,Unknown,unknown,component_or_allocation,excluded,Document matched predefined excluded offence family component_or_allocation.,2023|unknown|component_or_allocation,1,1,5505cc11d6c1723a8c42c0ed35f652345abd3ce5452fd33c22cb8b4ea8d4b877,,,,,,
exclusion-qa-fia-2023-mex-0484bdd694f6,fia-2023-mex-0484bdd694f6,2023-mex,2023,19,Mexico City Grand Prix,Decision - Car 2 - Failing to set a lap time within 107%,https://www.fia.com/sites/default/files/decision-document/2023%20Mexico%20City%20Grand%20Prix%20-%20Decision%20-%20Car%202%20-%20Failing%20to%20set%20a%20lap%20time%20within%20107%.pdf,live_standalone,True,Unknown,unknown,lap_time_or_delta_procedure,excluded,Document matched predefined excluded offence family lap_time_or_delta_procedure.,2023|unknown|lap_time_or_delta_procedure,8,1,05fc27594b0ae6d70db9be3c7dec9120e0bb8374f064659cf8d8aae7ad02c2b1,,,,,,
exclusion-qa-fia-2023-abu-03ab67575370,fia-2023-abu-03ab67575370,2023-abu,2023,22,Abu Dhabi Grand Prix,Decision - Car 2 - Failing to set a lap time within 107%,https://www.fia.com/sites/default/files/decision-document/2023%20Abu%20Dhabi%20Grand%20Prix%20-%20Decision%20-%20Car%202%20-%20Failing%20to%20set%20a%20lap%20time%20within%20107%.pdf,live_standalone,True,Unknown,unknown,lap_time_or_delta_procedure,excluded,Document matched predefined excluded offence family lap_time_or_delta_procedure.,2023|unknown|lap_time_or_delta_procedure,8,2,1151952ca15f5823fc610b7afb9f6dd6c7533f33fea5120812d7e33175da41b4,,,,,,
exclusion-qa-fia-2023-gbr-c76bf0c0cdd4,fia-2023-gbr-c76bf0c0cdd4,2023-gbr,2023,10,British Grand Prix,Infringement - Mercedes - Thursday Press Conference,https://www.fia.com/sites/default/files/decision-document/2023%20British%20Grand%20Prix%20-%20Infringement%20-%20Mercedes%20-%20Thursday%20Press%20Conference.pdf,live_standalone,False,Unknown,unknown,procedural_or_personnel,excluded,Document matched predefined excluded offence family procedural_or_personnel.,2023|unknown|procedural_or_personnel,12,1,092ff4355b7764f85ef8760b0183510a7ccea2abe9d1696641ff0d1dc9578fcd,,,,,,
exclusion-qa-fia-2023-lvs-9cd61b7a2729,fia-2023-lvs-9cd61b7a2729,2023-lvs,2023,21,Las Vegas Grand Prix,Decision - Drivers Meeting,https://www.fia.com/sites/default/files/decision-document/2023%20Las%20Vegas%20Grand%20Prix%20-%20Decision%20-%20Drivers%20Meeting.pdf,live_standalone,True,Unknown,unknown,procedural_or_personnel,excluded,Document matched predefined excluded offence family procedural_or_personnel.,2023|unknown|procedural_or_personnel,12,2,149dc35cbd691a6bc9dcf0f74cf194707bb4c84b571535f608c8d75be67a715c,,,,,,
exclusion-qa-fia-2023-aut-e252f5c963aa,fia-2023-aut-e252f5c963aa,2023-aut,2023,9,Austrian Grand Prix,Decision - McLaren - Right of Review,https://www.fia.com/sites/default/files/decision-document/2023%20Austrian%20Grand%20Prix%20-%20Decision%20-%20McLaren%20-%20Right%20of%20Review.pdf,live_standalone,True,Unknown,unknown,protest_review_or_governance,excluded,Document matched predefined excluded offence family protest_review_or_governance.,2023|unknown|protest_review_or_governance,8,1,07bca4b7afe97d23d107879c79bab38a3450251574eb0227da73ea8cdc10cfae,,,,,,
exclusion-qa-fia-2023-esp-6dc3dd3f9a15,fia-2023-esp-6dc3dd3f9a15,2023-esp,2023,7,Spanish Grand Prix,Decision - Stewards Panel,https://www.fia.com/sites/default/files/decision-document/2023%20Spanish%20Grand%20Prix%20-%20Decision%20-%20Stewards%20Panel.pdf,live_standalone,True,Unknown,unknown,protest_review_or_governance,excluded,Document matched predefined excluded offence family protest_review_or_governance.,2023|unknown|protest_review_or_governance,8,2,24d478a9c5643e438200976236cf81e455dc31d00fcaeca3e3fcd61344b731c8,,,,,,
exclusion-qa-fia-2024-esp-085ce8d9ad34,fia-2024-esp-085ce8d9ad34,2024-esp,2024,10,Spanish Grand Prix,Doc 30 - Infringement - Car 16 - Incident with Car 4,https://www.fia.com/sites/default/files/decision-document/2024%20Spanish%20Grand%20Prix%20-%20Infringement%20-%20Car%2016%20-%20Incident%20with%20Car%204.pdf,live_standalone,False,Practice,out_of_scope_session,causing_collision,primary,Observed session is outside the frozen study scope.,2024|out_of_scope_session|causing_collision,1,1,4710decd73a12ee2e50881d536c17f21ac233379839d8cfcdf5649b5702a0f5f,,,,,,
exclusion-qa-fia-2024-lvs-ddf76666ee6b,fia-2024-lvs-ddf76666ee6b,2024-lvs,2024,22,Las Vegas Grand Prix,Doc 12 - Infringement - Car 77 - PU elements,https://www.fia.com/sites/default/files/decision-document/2024%20Las%20Vegas%20Grand%20Prix%20-%20Infringement%20-%20Car%2077%20-%20PU%20elements.pdf,live_standalone,False,Practice,out_of_scope_session,component_or_allocation,excluded,Observed session is outside the frozen study scope.,2024|out_of_scope_session|component_or_allocation,10,1,18d646630f2f79dca9e04286129d0c5a87666cbbee12ced5138f0d4c0574a1cc,,,,,,
exclusion-qa-fia-2024-usa-23d06a48f0da,fia-2024-usa-23d06a48f0da,2024-usa,2024,19,United States Grand Prix,Doc 17 - Infringement - Car 30 - PU elements,https://www.fia.com/sites/default/files/decision-document/2024%20United%20States%20Grand%20Prix%20-%20Infringement%20-%20Car%2030%20-%20PU%20elements.pdf,live_standalone,False,Practice,out_of_scope_session,component_or_allocation,excluded,Observed session is outside the frozen study scope.,2024|out_of_scope_session|component_or_allocation,10,2,1969f7bb6cc3828529fd7249056863db564e95ecbf5ed01abd7e89281f6629f7,,,,,,
exclusion-qa-fia-2024-usa-e7560e723c5f,fia-2024-usa-e7560e723c5f,2024-usa,2024,19,United States Grand Prix,Doc 42 - Decision - Sprint Reconnaissance Laps SC2-SC1 Times,https://www.fia.com/sites/default/files/decision-document/2024%20United%20States%20Grand%20Prix%20-%20Decision%20-%20Sprint%20Reconnaissance%20Laps%20SC2-SC1%20Times.pdf,live_standalone,False,Pre-session,out_of_scope_session,lap_time_or_delta_procedure,excluded,Observed session is outside the frozen study scope.,2024|out_of_scope_session|lap_time_or_delta_procedure,2,1,6b5bebcf6d2770205e98504f2b109b5014e3850c52902cdd1aa7609ed19f752d,,,,,,
exclusion-qa-fia-2024-qat-c2a8dc94fac6,fia-2024-qat-c2a8dc94fac6,2024-qat,2024,23,Qatar Grand Prix,Doc 36 - Decision - Car 24 - Alleged failure to follow Race Director's instructions (SC2-SC1 Time),https://www.fia.com/sites/default/files/decision-document/2024%20Qatar%20Grand%20Prix%20-%20Decision%20-%20Car%2024%20-%20Alleged%20failure%20to%20follow%20Race%20Director's%20instructions%20(SC2-SC1%20Time).pdf,live_standalone,False,Pre-session,out_of_scope_session,lap_time_or_delta_procedure,excluded,Observed session is outside the frozen study scope.,2024|out_of_scope_session|lap_time_or_delta_procedure,2,2,9d03e6dd382b11fe7a1c863f08918700e9aab09c69e2cfd8081ab443d1a71383,,,,,,
exclusion-qa-fia-2024-mex-6284f76e5dae,fia-2024-mex-6284f76e5dae,2024-mex,2024,20,Mexico City Grand Prix,Doc 17 - Decision - Car 97 - Overtaking under yellow flags,https://www.fia.com/sites/default/files/decision-document/2024%20Mexico%20City%20Grand%20Prix%20-%20Decision%20-%20Car%2097%20-%20Overtaking%20under%20yellow%20flags.pdf,live_standalone,False,Practice,out_of_scope_session,neutralization_or_flag_procedure,excluded,Observed session is outside the frozen study scope.,2024|out_of_scope_session|neutralization_or_flag_procedure,2,1,3d29e44311318181ffd87031fb50494d67d1bb4886451a73069ea73a755b2ead,,,,,,
exclusion-qa-fia-2024-aze-4b45e943905b,fia-2024-aze-4b45e943905b,2024-aze,2024,17,Azerbaijan Grand Prix,Doc 29 - Infringement - Car 16 - Failing to slow under yellow flags,https://www.fia.com/sites/default/files/decision-document/2024%20Azerbaijan%20Grand%20Prix%20-%20Infringement%20-%20Car%2016%20-%20Failing%20to%20slow%20under%20yellow%20flags.pdf,live_standalone,False,Practice,out_of_scope_session,neutralization_or_flag_procedure,excluded,Observed session is outside the frozen study scope.,2024|out_of_scope_session|neutralization_or_flag_procedure,2,2,77ba7b39dfbe57f686d9711cdd63821b686b8a47657612f171335f6296b4785b,,,,,,
exclusion-qa-fia-2024-qat-4667afe50c82,fia-2024-qat-4667afe50c82,2024-qat,2024,23,Qatar Grand Prix,Doc 69 - Infringement - Car 81 - Pit entry incident (reconnaissance laps),https://www.fia.com/sites/default/files/decision-document/2024%20Qatar%20Grand%20Prix%20-%20Infringement%20-%20Car%2081%20-%20Pit%20entry%20incident%20(reconnaissance%20laps).pdf,live_standalone,False,Pre-session,out_of_scope_session,pit_lane_procedure,excluded,Observed session is outside the frozen study scope.,2024|out_of_scope_session|pit_lane_procedure,6,1,72eb81d16846378d2f31868052b88adfc25866d78353cb6fb15a1b93fda05c1b,,,,,,
exclusion-qa-fia-2024-ned-27134388f365,fia-2024-ned-27134388f365,2024-ned,2024,15,Dutch Grand Prix,Doc 22 - Infringement - Car 24 - Unsafe release,https://www.fia.com/sites/default/files/decision-document/2024%20Dutch%20Grand%20Prix%20-%20Infringement%20-%20Car%2024%20-%20Unsafe%20release.pdf,live_standalone,False,Practice,out_of_scope_session,pit_lane_procedure,excluded,Observed session is outside the frozen study scope.,2024|out_of_scope_session|pit_lane_procedure,6,2,ab8e04b191c493b0a2c9cbfb1e47914593f53ea8538f03cb5b0f641ce18dbb41,,,,,,
exclusion-qa-fia-2024-mco-e3568cfe291e,fia-2024-mco-e3568cfe291e,2024-mco,2024,8,Monaco Grand Prix,Infringement - Car 18 - Pit Lane Speeding,https://www.fia.com/sites/default/files/decision-document/2024%20Monaco%20Grand%20Prix%20-%20Infringement%20-%20Car%2018%20-%20Pit%20Lane%20Speeding.pdf,live_standalone,False,Practice,out_of_scope_session,pit_lane_speeding,excluded,Observed session is outside the frozen study scope.,2024|out_of_scope_session|pit_lane_speeding,16,1,0bb6f9c56362d97b1dd4ef3d8db3cd1831d846c2dc915ba4b9a76dd7d56f29d1,,,,,,
exclusion-qa-fia-2024-mia-8860cb461fb7,fia-2024-mia-8860cb461fb7,2024-mia,2024,6,Miami Grand Prix,Infringement - Car 18 - Pit Lane Speeding,https://www.fia.com/sites/default/files/decision-document/2024%20Miami%20Grand%20Prix%20-%20Infringement%20-%20Car%2018%20-%20Pit%20Lane%20Speeding.pdf,live_standalone,False,Practice,out_of_scope_session,pit_lane_speeding,excluded,Observed session is outside the frozen study scope.,2024|out_of_scope_session|pit_lane_speeding,16,2,0ce4805b10d80be00e944e23743527e3d7a30568c35ec06bba5128e92a648589,,,,,,
exclusion-qa-fia-2024-sao-8aa94a597083,fia-2024-sao-8aa94a597083,2024-sao,2024,21,São Paulo Grand Prix,Doc 28 - Infringement - Car 16 - Press Conference Language,https://www.fia.com/sites/default/files/decision-document/2024%20S%C3%A3o%20Paulo%20Grand%20Prix%20-%20Infringement%20-%20Car%2016%20-%20Press%20Conference%20Language.pdf,live_standalone,False,Other,out_of_scope_session,procedural_or_personnel,excluded,Observed session is outside the frozen study scope.,2024|out_of_scope_session|procedural_or_personnel,2,1,13d12d0691d9c923773b0a6686a0b73571f06dc6f745cb07ba28511687a243d6,,,,,,
exclusion-qa-fia-2024-sgp-060f86396738,fia-2024-sgp-060f86396738,2024-sgp,2024,18,Singapore Grand Prix,Doc 15 - Infringement - Car 1 - Press Conference Language,https://www.fia.com/sites/default/files/decision-document/2024%20Singapore%20Grand%20Prix%20-%20Infringement%20-%20Car%201%20-%20Press%20Conference%20Language.pdf,live_standalone,False,Other,out_of_scope_session,procedural_or_personnel,excluded,Observed session is outside the frozen study scope.,2024|out_of_scope_session|procedural_or_personnel,2,2,acd1c1723edab0d922faecd59f4928184a644a7909ca6a3eb6f8dbc73db6aa48,,,,,,
exclusion-qa-fia-2024-gbr-50babf41557e,fia-2024-gbr-50babf41557e,2024-gbr,2024,12,British Grand Prix,Doc 19 - infringement - Car 37 - Impeding of Car 4,https://www.fia.com/sites/default/files/decision-document/2024%20British%20Grand%20Prix%20-%20infringement%20-%20Car%2037%20-%20Impeding%20of%20Car%204.pdf,live_standalone,False,Practice,out_of_scope_session,qualifying_impeding,secondary,Observed session is outside the frozen study scope.,2024|out_of_scope_session|qualifying_impeding,9,1,06730fee841b6c3660d8db3f1d96ff9c444650ecb09fc503f714f4ab181e7f96,,,,,,
exclusion-qa-fia-2024-emi-6d9d1d191632,fia-2024-emi-6d9d1d191632,2024-emi,2024,7,Emilia Romagna Grand Prix,Decision - Car 11 - Alleged impeding of Car 16,https://www.fia.com/sites/default/files/decision-document/2024%20Emilia%20Romagna%20Grand%20Prix%20-%20Decision%20-%20Car%2011%20-%20Alleged%20impeding%20of%20Car%2016.pdf,live_standalone,False,Practice,out_of_scope_session,qualifying_impeding,secondary,Observed session is outside the frozen study scope.,2024|out_of_scope_session|qualifying_impeding,9,2,1163982349e3d567c1b955ef975ec7c2768294a4c2aafc9b94fe25ad8bb58966,,,,,,
exclusion-qa-fia-2024-can-bdd911bab835,fia-2024-can-bdd911bab835,2024-can,2024,9,Canadian Grand Prix,Decision - Car 4 - Alleged failure to follow Race Director's instructions,https://www.fia.com/sites/default/files/decision-document/2024%20Canadian%20Grand%20Prix%20-%20Decision%20-%20Car%204%20-%20Alleged%20failure%20to%20follow%20Race%20Director's%20instructions.pdf,live_standalone,False,Practice,out_of_scope_session,race_direction_or_slow_driving,excluded,Observed session is outside the frozen study scope.,2024|out_of_scope_session|race_direction_or_slow_driving,8,1,6f66c72214fa4a172c7c971e7f5ec4c52b42d5a9d12da213322b4901790bb008,,,,,,
exclusion-qa-fia-2024-ned-70eb35355136,fia-2024-ned-70eb35355136,2024-ned,2024,15,Dutch Grand Prix,Doc 30 - Infringement - Car 27 - Driving in an Unsafe Condition,https://www.fia.com/sites/default/files/decision-document/2024%20Dutch%20Grand%20Prix%20-%20Infringement%20-%20Car%2027%20-%20Driving%20in%20an%20Unsafe%20Condition.pdf,live_standalone,False,Practice,out_of_scope_session,race_direction_or_slow_driving,excluded,Observed session is outside the frozen study scope.,2024|out_of_scope_session|race_direction_or_slow_driving,8,2,756a093cdf099bf1d9896f72cc904a7ae99a33f821c2cb6adf9bc8f174d5b0a7,,,,,,
exclusion-qa-fia-2024-sgp-2cd43c1a22da,fia-2024-sgp-2cd43c1a22da,2024-sgp,2024,18,Singapore Grand Prix,Doc 28 - Infringement - Car 16 - Tyre Operating Procedures,https://www.fia.com/sites/default/files/decision-document/2024%20Singapore%20Grand%20Prix%20-%20Infringement%20-%20Car%2016%20-%20Tyre%20Operating%20Procedures.pdf,live_standalone,False,Practice,out_of_scope_session,tyre_fuel_or_scrutineering,excluded,Observed session is outside the frozen study scope.,2024|out_of_scope_session|tyre_fuel_or_scrutineering,2,1,3352d23718f3065e315ad06cd5b944f083d488e3d443bdf36a5cf2aa142ee256,,,,,,
exclusion-qa-fia-2024-can-81a968916c16,fia-2024-can-81a968916c16,2024-can,2024,9,Canadian Grand Prix,Infringement - Car 16 - Tyre Usage,https://www.fia.com/sites/default/files/decision-document/2024%20Canadian%20Grand%20Prix%20-%20Infringement%20-%20Car%2016%20-%20Tyre%20Usage.pdf,live_standalone,False,Practice,out_of_scope_session,tyre_fuel_or_scrutineering,excluded,Observed session is outside the frozen study scope.,2024|out_of_scope_session|tyre_fuel_or_scrutineering,2,2,e420f9c90a82734f5c2c1297103f5008a88cb6e7b6bb179b88efd4e1986ac358,,,,,,
exclusion-qa-fia-2024-can-14bcb065880d,fia-2024-can-14bcb065880d,2024-can,2024,9,Canadian Grand Prix,Infringement - Car 22 - Late attendance of National Anthem,https://www.fia.com/sites/default/files/decision-document/2024%20Canadian%20Grand%20Prix%20-%20Infringement%20-%20Car%2022%20-%20Late%20attendance%20of%20National%20Anthem.pdf,live_standalone,False,Pre-session,out_of_scope_session,unclassified,unclassified,Observed session is outside the frozen study scope.,2024|out_of_scope_session|unclassified,8,1,1dc3517925d71d0aa8b1153c55ad27c9e1e46402e6a403d443d1a365ae00a5ff,,,,,,
exclusion-qa-fia-2024-esp-f9f01783ac0c,fia-2024-esp-f9f01783ac0c,2024-esp,2024,10,Spanish Grand Prix,Doc 29 - Infringement - Car 18 - Incident with Car 44,https://www.fia.com/sites/default/files/decision-document/2024%20Spanish%20Grand%20Prix%20-%20Infringement%20-%20Car%2018%20-%20Incident%20with%20Car%2044.pdf,live_standalone,False,Practice,out_of_scope_session,unclassified,unclassified,Observed session is outside the frozen study scope.,2024|out_of_scope_session|unclassified,8,2,200cd6039dd9fb4a987f97e9f79d260cd58e7b6478d0aa8826d584c585e7b486,,,,,,
exclusion-qa-fia-2024-gbr-9349c29dfe0f,fia-2024-gbr-9349c29dfe0f,2024-gbr,2024,12,British Grand Prix,Doc 51 - Infringement - Race Deleted Lap Times,https://www.fia.com/sites/default/files/decision-document/2024%20British%20Grand%20Prix%20-%20Infringement%20-%20Race%20Deleted%20Lap%20Times.pdf,live_standalone,True,Race,primary_race_sprint,lap_time_or_delta_procedure,excluded,Document matched predefined excluded offence family lap_time_or_delta_procedure.,2024|primary_race_sprint|lap_time_or_delta_procedure,15,1,06cf9b92434302d08d96205aebf8967c2773602d31501bc1770d637125a9aece,,,,,,
exclusion-qa-fia-2024-ned-e09b98b5d3ba,fia-2024-ned-e09b98b5d3ba,2024-ned,2024,15,Dutch Grand Prix,Doc 52 - Infringement - Race Deleted Lap Times,https://www.fia.com/sites/default/files/decision-document/2024%20Dutch%20Grand%20Prix%20-%20Infringement%20-%20Race%20Deleted%20Lap%20Times.pdf,live_standalone,True,Race,primary_race_sprint,lap_time_or_delta_procedure,excluded,Document matched predefined excluded offence family lap_time_or_delta_procedure.,2024|primary_race_sprint|lap_time_or_delta_procedure,15,2,0f6af935dcf024b6fbdfc2c0516e589cd9b318d73ea59200c655bd7c777485a6,,,,,,
exclusion-qa-fia-2024-mia-582d6e664b14,fia-2024-mia-582d6e664b14,2024-mia,2024,6,Miami Grand Prix,Infringement - Car 20 - Entering pit lane under Safety Car conditions,https://www.fia.com/sites/default/files/decision-document/2024%20Miami%20Grand%20Prix%20-%20Infringement%20-%20Car%2020%20-%20Entering%20pit%20lane%20under%20Safety%20Car%20conditions.pdf,live_standalone,False,Race,primary_race_sprint,neutralization_or_flag_procedure,excluded,Document matched predefined excluded offence family neutralization_or_flag_procedure.,2024|primary_race_sprint|neutralization_or_flag_procedure,10,1,3a5afbc60caecb020f60dee69ceefa0827e798aee6b9c140478182161438d08c,,,,,,
exclusion-qa-fia-2024-aze-324e8636e7f7,fia-2024-aze-324e8636e7f7,2024-aze,2024,17,Azerbaijan Grand Prix,Doc 67 - Infringement - Car 1 - Virtual Safety Car infringement,https://www.fia.com/sites/default/files/decision-document/2024%20Azerbaijan%20Grand%20Prix%20-%20Infringement%20-%20Car%201%20-%20Virtual%20Safety%20Car%20infringement.pdf,live_standalone,False,Race,primary_race_sprint,neutralization_or_flag_procedure,excluded,Document matched predefined excluded offence family neutralization_or_flag_procedure.,2024|primary_race_sprint|neutralization_or_flag_procedure,10,2,93477d70473cc680aec857c18daf6a79f315ba83808f603cc9a85e97943805b5,,,,,,
exclusion-qa-fia-2024-sau-45b26388f733,fia-2024-sau-45b26388f733,2024-sau,2024,2,Saudi Arabian Grand Prix,Infringement - Car 11 - Unsafe release,https://www.fia.com/sites/default/files/decision-document/2024%20Saudi%20Arabian%20Grand%20Prix%20-%20Infringement%20-%20Car%2011%20-%20Unsafe%20release.pdf,live_standalone,False,Race,primary_race_sprint,pit_lane_procedure,excluded,Document matched predefined excluded offence family pit_lane_procedure.,2024|primary_race_sprint|pit_lane_procedure,12,1,1a2c0b52541c09c99985610604ac7de4ce553388d8fd8707cbadcc235e76374a,,,,,,
exclusion-qa-fia-2024-aut-2f36fae3431e,fia-2024-aut-2f36fae3431e,2024-aut,2024,11,Austrian Grand Prix,Doc 67 - Decision - Car 1 - Alleged unsafe release,https://www.fia.com/sites/default/files/decision-document/2024%20Austrian%20Grand%20Prix%20-%20Decision%20-%20Car%201%20-%20Alleged%20unsafe%20release.pdf,live_standalone,False,Race,primary_race_sprint,pit_lane_procedure,excluded,Document matched predefined excluded offence family pit_lane_procedure.,2024|primary_race_sprint|pit_lane_procedure,12,2,1f44015c22c2cb188031efcc64284973c8e8a3f13a3f22e37296f20a611b9c87,,,,,,
exclusion-qa-fia-2024-qat-b9f2c6dd3c2a,fia-2024-qat-b9f2c6dd3c2a,2024-qat,2024,23,Qatar Grand Prix,Doc 60 - Infringement - Car 44 - Speeding in the Pit Lane,https://www.fia.com/sites/default/files/decision-document/2024%20Qatar%20Grand%20Prix%20-%20Infringement%20-%20Car%2044%20-%20Speeding%20in%20the%20Pit%20Lane.pdf,live_standalone,False,Race,primary_race_sprint,pit_lane_speeding,excluded,Document matched predefined excluded offence family pit_lane_speeding.,2024|primary_race_sprint|pit_lane_speeding,6,1,0068d39cb02df332dbfee1d27fac3557cfc4cd83caa5a89758de7ad5dd148028,,,,,,
exclusion-qa-fia-2024-mia-a383b88eb097,fia-2024-mia-a383b88eb097,2024-mia,2024,6,Miami Grand Prix,Infringement - Car 44 - Pit Lane Speeding,https://www.fia.com/sites/default/files/decision-document/2024%20Miami%20Grand%20Prix%20-%20Infringement%20-%20Car%2044%20-%20Pit%20Lane%20Speeding.pdf,live_standalone,False,Sprint,primary_race_sprint,pit_lane_speeding,excluded,Document matched predefined excluded offence family pit_lane_speeding.,2024|primary_race_sprint|pit_lane_speeding,6,2,0c09cbd84c9a59f9255f45b1ca31486a20fb7953ce2e7ef116e24f67ddfb494f,,,,,,
exclusion-qa-fia-2024-usa-07500b232adc,fia-2024-usa-07500b232adc,2024-usa,2024,19,United States Grand Prix,Doc 75 - Infringement - Organiser and Promoter - Track Invasion,https://www.fia.com/sites/default/files/decision-document/2024%20United%20States%20Grand%20Prix%20-%20Infringement%20-%20Organiser%20and%20Promoter%20-%20Track%20Invasion.pdf,live_standalone,True,Race,primary_race_sprint,procedural_or_personnel,excluded,Document matched predefined excluded offence family procedural_or_personnel.,2024|primary_race_sprint|procedural_or_personnel,6,1,257d513d3816348e9a728bf5bf01dcf359222382f93601c4aac690a658a7a8ff,,,,,,
exclusion-qa-fia-2024-mia-e414e6683bc2,fia-2024-mia-e414e6683bc2,2024-mia,2024,6,Miami Grand Prix,Infringement - Car 4 - Crossing the track,https://www.fia.com/sites/default/files/decision-document/2024%20Miami%20Grand%20Prix%20-%20Infringement%20-%20Car%204%20-%20Crossing%20the%20track.pdf,live_standalone,False,Sprint,primary_race_sprint,procedural_or_personnel,excluded,Document matched predefined excluded offence family procedural_or_personnel.,2024|primary_race_sprint|procedural_or_personnel,6,2,49844e57bd0702979eaf7cd64939f6d948e92874b76167d11bb436f4980a0507,,,,,,
exclusion-qa-fia-2024-can-69bd5e9f2aff,fia-2024-can-69bd5e9f2aff,2024-can,2024,9,Canadian Grand Prix,Decision - Octane Racing Group,https://www.fia.com/sites/default/files/decision-document/2024%20Canadian%20Grand%20Prix%20-%20Decision%20-%20Octane%20Racing%20Group.pdf,live_standalone,True,Race,primary_race_sprint,protest_review_or_governance,excluded,Document matched predefined excluded offence family protest_review_or_governance.,2024|primary_race_sprint|protest_review_or_governance,1,1,f73f80adc5dafebe7d189d90f88efff0d4af7f3ea3309fa1858e0d950c9465ff,,,,,,
exclusion-qa-fia-2024-usa-f8f18c7521ff,fia-2024-usa-f8f18c7521ff,2024-usa,2024,19,United States Grand Prix,Doc 40 - Decision - Car 4 - Alleged driving erratically,https://www.fia.com/sites/default/files/decision-document/2024%20United%20States%20Grand%20Prix%20-%20Decision%20-%20Car%204%20-%20Alleged%20driving%20erratically.pdf,live_standalone,False,Sprint,primary_race_sprint,race_direction_or_slow_driving,excluded,Document matched predefined excluded offence family race_direction_or_slow_driving.,2024|primary_race_sprint|race_direction_or_slow_driving,4,1,ac18219ce3c7efb01ed9c5d0c9908a7a8d9babaf2935d475bc319d56b1cc537c,,,,,,
exclusion-qa-fia-2024-qat-c75fce8750eb,fia-2024-qat-c75fce8750eb,2024-qat,2024,23,Qatar Grand Prix,Doc 67 - Decision - Car 11 - Alleged dangerous driving,https://www.fia.com/sites/default/files/decision-document/2024%20Qatar%20Grand%20Prix%20-%20Decision%20-%20Car%2011%20-%20Alleged%20dangerous%20driving.pdf,live_standalone,False,Race,primary_race_sprint,race_direction_or_slow_driving,excluded,Document matched predefined excluded offence family race_direction_or_slow_driving.,2024|primary_race_sprint|race_direction_or_slow_driving,4,2,b76c79b4b62761551472a1d8449f1d147119857cfe23bffeeb85dfcc5667260c,,,,,,
exclusion-qa-fia-2024-mia-0e90dac6bbef,fia-2024-mia-0e90dac6bbef,2024-mia,2024,6,Miami Grand Prix,Infringement - Car 20 - Leaving the track without a justifiable reason multiple times.,https://www.fia.com/sites/default/files/decision-document/2024%20Miami%20Grand%20Prix%20-%20Infringement%20-%20Car%2020%20-%20Leaving%20the%20track%20without%20a%20justifiable%20reason%20multiple%20times..pdf,live_standalone,False,Sprint,primary_race_sprint,routine_track_limits,excluded,Document matched predefined excluded offence family routine_track_limits.,2024|primary_race_sprint|routine_track_limits,3,1,7d7e7a9c1c38f1c863ead70c256528896cf1beb98f359137f865b2fd4e207720,,,,,,
exclusion-qa-fia-2024-abu-eb0837a9a920,fia-2024-abu-eb0837a9a920,2024-abu,2024,24,Abu Dhabi Grand Prix,Doc 52 - Infringement - Car 18 - Leaving the track without a justifiable reason multiple times,https://www.fia.com/sites/default/files/decision-document/2024%20Abu%20Dhabi%20Grand%20Prix%20-%20Infringement%20-%20Car%2018%20-%20Leaving%20the%20track%20without%20a%20justifiable%20reason%20multiple%20times.pdf,live_standalone,False,Race,primary_race_sprint,routine_track_limits,excluded,Document matched predefined excluded offence family routine_track_limits.,2024|primary_race_sprint|routine_track_limits,3,2,bea1d709c87a931992784b76de94c03d4876e8b4d2e011a46e0825e7d3ce3f1b,,,,,,
exclusion-qa-fia-2024-ita-9e221293b1f2,fia-2024-ita-9e221293b1f2,2024-ita,2024,16,Italian Grand Prix,Doc 56 - Infringement - Car 3 - Failing to serve time penalty correctly,https://www.fia.com/sites/default/files/decision-document/2024%20Italian%20Grand%20Prix%20-%20Infringement%20-%20Car%203%20-%20Failing%20to%20serve%20time%20penalty%20correctly.pdf,live_standalone,False,Race,primary_race_sprint,sanction_service,excluded,Document matched predefined excluded offence family sanction_service.,2024|primary_race_sprint|sanction_service,1,1,6c826367b5a9efef8f6d7367202433e6ac9dee71b9ea93c4e0e31083e8d4530b,,,,,,
exclusion-qa-fia-2024-sao-d254befe630f,fia-2024-sao-d254befe630f,2024-sao,2024,21,São Paulo Grand Prix,Doc 85 - Infringement - Car 63 - Aborted Start incident,https://www.fia.com/sites/default/files/decision-document/2024%20S%C3%A3o%20Paulo%20Grand%20Prix%20-%20Infringement%20-%20Car%2063%20-%20Aborted%20Start%20incident.pdf,live_standalone,False,Race,primary_race_sprint,start_procedure,excluded,Document matched predefined excluded offence family start_procedure.,2024|primary_race_sprint|start_procedure,11,1,1023919e8069d319eb63c8e32c508793dc1175296f63cf1b52d7c2c690da2b4f,,,,,,
exclusion-qa-fia-2024-sau-4320874b073f,fia-2024-sau-4320874b073f,2024-sau,2024,2,Saudi Arabian Grand Prix,Decision - Car 4 - Alleged false start,https://www.fia.com/sites/default/files/decision-document/2024%20Saudi%20Arabian%20Grand%20Prix%20-%20Decision%20-%20Car%204%20-%20Alleged%20false%20start.pdf,live_standalone,False,Race,primary_race_sprint,start_procedure,excluded,Document matched predefined excluded offence family start_procedure.,2024|primary_race_sprint|start_procedure,11,2,15fc6607d5a63ef1a53187b990e3a8019449e4c216b169e076c52e472cd584f4,,,,,,
exclusion-qa-fia-2024-bel-64e381513160,fia-2024-bel-64e381513160,2024-bel,2024,14,Belgian Grand Prix,Doc 44 - Infringement - Car 63 - Technical non-compliance (Weight),https://www.fia.com/sites/default/files/decision-document/2024%20Belgian%20Grand%20Prix%20-%20Infringement%20-%20Car%2063%20-%20Technical%20non-compliance%20(Weight).pdf,live_standalone,False,Race,primary_race_sprint,technical_nonconformity,excluded,Document matched predefined excluded offence family technical_nonconformity.,2024|primary_race_sprint|technical_nonconformity,1,1,cb7572e0b73ad2078ade3fded73444ea0e79938267e4b276c24a1a6415a115b7,,,,,,
exclusion-qa-fia-2024-can-17bc4176b9a7,fia-2024-can-17bc4176b9a7,2024-can,2024,9,Canadian Grand Prix,Infringement - Car 11 - Unsafe condition,https://www.fia.com/sites/default/files/decision-document/2024%20Canadian%20Grand%20Prix%20-%20Infringement%20-%20Car%2011%20-%20Unsafe%20condition.pdf,live_standalone,False,Race,primary_race_sprint,tyre_fuel_or_scrutineering,excluded,Document matched predefined excluded offence family tyre_fuel_or_scrutineering.,2024|primary_race_sprint|tyre_fuel_or_scrutineering,3,1,06e1c3aef329eded4d8e7bc4b2faa67a89cb6882cd5ad53adc82c84da34eb4d6,,,,,,
exclusion-qa-fia-2024-sao-fe72852013f9,fia-2024-sao-fe72852013f9,2024-sao,2024,21,São Paulo Grand Prix,Doc 81 - Infringement - Car 44 - Tyre Pressure Checks,https://www.fia.com/sites/default/files/decision-document/2024%20S%C3%A3o%20Paulo%20Grand%20Prix%20-%20Infringement%20-%20Car%2044%20-%20Tyre%20Pressure%20Checks.pdf,live_standalone,False,Race,primary_race_sprint,tyre_fuel_or_scrutineering,excluded,Document matched predefined excluded offence family tyre_fuel_or_scrutineering.,2024|primary_race_sprint|tyre_fuel_or_scrutineering,3,2,5210dc42bd0620b8657e8443ce4cb5b90a834d127b4999b73af64d2d73f362a1,,,,,,
exclusion-qa-fia-2024-usa-1537c9008780,fia-2024-usa-1537c9008780,2024-usa,2024,19,United States Grand Prix,Doc 28 - Infringement - Car 24 - PU elements,https://www.fia.com/sites/default/files/decision-document/2024%20United%20States%20Grand%20Prix%20-%20Infringement%20-%20Car%2024%20-%20PU%20elements.pdf,live_standalone,False,Sprint Qualifying,secondary_qualifying,component_or_allocation,excluded,Qualifying document did not match the frozen qualifying-impeding family.,2024|secondary_qualifying|component_or_allocation,10,1,02c8a568586d8b8afb1e555d01ca30950841613cde17b981921cd906df43e4af,,,,,,
exclusion-qa-fia-2024-aze-da5f787f0aec,fia-2024-aze-da5f787f0aec,2024-aze,2024,17,Azerbaijan Grand Prix,Doc 50 - Infringement - Car 31 - Changes made during Parc Ferme,https://www.fia.com/sites/default/files/decision-document/2024%20Azerbaijan%20Grand%20Prix%20-%20Infringement%20-%20Car%2031%20-%20Changes%20made%20during%20Parc%20Ferme.pdf,live_standalone,False,Qualifying,secondary_qualifying,component_or_allocation,excluded,Qualifying document did not match the frozen qualifying-impeding family.,2024|secondary_qualifying|component_or_allocation,10,2,24ae7a557f925f39b348517b9e73620353ca6ea7b12066513b43aca532fc90e6,,,,,,
exclusion-qa-fia-2024-aze-5e974cd72742,fia-2024-aze-5e974cd72742,2024-aze,2024,17,Azerbaijan Grand Prix,Doc 35 - Infringement - Qualifying Deleted Lap Times - Yellow Flags,https://www.fia.com/sites/default/files/decision-document/2024%20Azerbaijan%20Grand%20Prix%20-%20Infringement%20-%20Qualifying%20Deleted%20Lap%20Times%20-%20Yellow%20Flags.pdf,live_standalone,True,Qualifying,secondary_qualifying,lap_time_or_delta_procedure,excluded,Qualifying document did not match the frozen qualifying-impeding family.,2024|secondary_qualifying|lap_time_or_delta_procedure,37,1,108ff85e9fb730bc6c66ee97c99328ab6a2a2e011f74d345dc04f9b8557dedb9,,,,,,
exclusion-qa-fia-2024-hun-f5455272a37e,fia-2024-hun-f5455272a37e,2024-hun,2024,13,Hungarian Grand Prix,Doc 23 - Infringement - Qualifying Deleted Lap Times,https://www.fia.com/sites/default/files/decision-document/2024%20Hungarian%20Grand%20Prix%20-%20Infringement%20-%20Qualifying%20Deleted%20Lap%20Times.pdf,live_standalone,True,Qualifying,secondary_qualifying,lap_time_or_delta_procedure,excluded,Qualifying document did not match the frozen qualifying-impeding family.,2024|secondary_qualifying|lap_time_or_delta_procedure,37,2,1b505d11589437d04f2cc139d7153a75e5b1e24b33531369cc456300d76d3d3d,,,,,,
exclusion-qa-fia-2024-abu-c94ebc56b4c2,fia-2024-abu-c94ebc56b4c2,2024-abu,2024,24,Abu Dhabi Grand Prix,Doc 35 - Infringement - Qualifying Deleted Lap Times,https://www.fia.com/sites/default/files/decision-document/2024%20Abu%20Dhabi%20Grand%20Prix%20-%20Infringement%20-%20Qualifying%20Deleted%20Lap%20Times.pdf,live_standalone,True,Qualifying,secondary_qualifying,lap_time_or_delta_procedure,excluded,Qualifying document did not match the frozen qualifying-impeding family.,2024|secondary_qualifying|lap_time_or_delta_procedure,37,3,2b1ad6666c327809ff169169d698844175eedf9117ae7659baa03c6bddd6c98e,,,,,,
exclusion-qa-fia-2024-jpn-2338f33123f5,fia-2024-jpn-2338f33123f5,2024-jpn,2024,4,Japanese Grand Prix,Decision - Qualifying SC2-SC1 Times,https://www.fia.com/sites/default/files/decision-document/2024%20Japanese%20Grand%20Prix%20-%20Decision%20-%20Qualifying%20SC2-SC1%20Times.pdf,live_standalone,False,Qualifying,secondary_qualifying,lap_time_or_delta_procedure,excluded,Qualifying document did not match the frozen qualifying-impeding family.,2024|secondary_qualifying|lap_time_or_delta_procedure,37,4,31cb7dce9b84263101c54e26f42f0129070cef511659bb830e0aa7e60ab96d0a,,,,,,
exclusion-qa-fia-2024-aze-51f07849c577,fia-2024-aze-51f07849c577,2024-aze,2024,17,Azerbaijan Grand Prix,Doc 43 - Infringement - Car 63 - Failing to slow for yellow flags,https://www.fia.com/sites/default/files/decision-document/2024%20Azerbaijan%20Grand%20Prix%20-%20Infringement%20-%20Car%2063%20-%20Failing%20to%20slow%20for%20yellow%20flags.pdf,live_standalone,False,Qualifying,secondary_qualifying,neutralization_or_flag_procedure,excluded,Qualifying document did not match the frozen qualifying-impeding family.,2024|secondary_qualifying|neutralization_or_flag_procedure,1,1,62614f3beae262a4fc690a788209157dc145648b338524c066d06e24eed695ae,,,,,,
exclusion-qa-fia-2024-can-97553d90cb77,fia-2024-can-97553d90cb77,2024-can,2024,9,Canadian Grand Prix,Infringement - Car 24 - Changes made during Parc Ferme,https://www.fia.com/sites/default/files/decision-document/2024%20Canadian%20Grand%20Prix%20-%20Infringement%20-%20Car%2024%20-%20Changes%20made%20during%20Parc%20Ferme.pdf,live_standalone,False,Qualifying,secondary_qualifying,parc_ferme_or_setup,excluded,Qualifying document did not match the frozen qualifying-impeding family.,2024|secondary_qualifying|parc_ferme_or_setup,14,1,12c9dde48ee33dbb2bf4b91ee7bdaa69729b581e458bc68968018708d4797994,,,,,,
exclusion-qa-fia-2024-aut-f7acd0741321,fia-2024-aut-f7acd0741321,2024-aut,2024,11,Austrian Grand Prix,Doc 29 - Infringement - Car 23 - Changes made during Parc Ferme,https://www.fia.com/sites/default/files/decision-document/2024%20Austrian%20Grand%20Prix%20-%20Infringement%20-%20Car%2023%20-%20Changes%20made%20during%20Parc%20Ferme.pdf,live_standalone,False,Sprint Qualifying,secondary_qualifying,parc_ferme_or_setup,excluded,Qualifying document did not match the frozen qualifying-impeding family.,2024|secondary_qualifying|parc_ferme_or_setup,14,2,37dd3cc0d4797e94a90b9c19ee212d48f50ed3b092f5baf097a8c811bfdd2746,,,,,,
exclusion-qa-fia-2024-aut-11ef51d301ca,fia-2024-aut-11ef51d301ca,2024-aut,2024,11,Austrian Grand Prix,Doc 49 - Infringement - Car 44 - Unsafe release,https://www.fia.com/sites/default/files/decision-document/2024%20Austrian%20Grand%20Prix%20-%20Infringement%20-%20Car%2044%20-%20Unsafe%20release.pdf,live_standalone,False,Qualifying,secondary_qualifying,pit_lane_procedure,excluded,Qualifying document did not match the frozen qualifying-impeding family.,2024|secondary_qualifying|pit_lane_procedure,17,1,179e356014ef53fccb7b636f254ba6b6ebf295740c41f0aae22bcd8f345e4203,,,,,,
exclusion-qa-fia-2024-abu-9a96fa8898f6,fia-2024-abu-9a96fa8898f6,2024-abu,2024,24,Abu Dhabi Grand Prix,Doc 37 - Infringement - Car 27 - Alleged failure to follow Race Director's instructions (Pit Exit Road),https://www.fia.com/sites/default/files/decision-document/2024%20Abu%20Dhabi%20Grand%20Prix%20-%20Infringement%20-%20Car%2027%20-%20Alleged%20failure%20to%20follow%20Race%20Director's%20instructions%20(Pit%20Exit%20Road).pdf,live_standalone,False,Qualifying,secondary_qualifying,pit_lane_procedure,excluded,Qualifying document did not match the frozen qualifying-impeding family.,2024|secondary_qualifying|pit_lane_procedure,17,2,1b15155b6819e9e2f4c4d34f4f1007764aa156432e0b09208e731bf6119bfaee,,,,,,
exclusion-qa-fia-2024-aze-1857a580dac8,fia-2024-aze-1857a580dac8,2024-aze,2024,17,Azerbaijan Grand Prix,Doc 30 - Infringement - Car 22 - Pit Lane Speeding,https://www.fia.com/sites/default/files/decision-document/2024%20Azerbaijan%20Grand%20Prix%20-%20Infringement%20-%20Car%2022%20-%20Pit%20Lane%20Speeding.pdf,live_standalone,False,Qualifying,secondary_qualifying,pit_lane_speeding,excluded,Qualifying document did not match the frozen qualifying-impeding family.,2024|secondary_qualifying|pit_lane_speeding,1,1,df70aa1d29289a3192ba6132e24129c8734f35549c3c8f923ec09033f8da81c4,,,,,,
exclusion-qa-fia-2024-sgp-6a8a548ef641,fia-2024-sgp-6a8a548ef641,2024-sgp,2024,18,Singapore Grand Prix,Doc 35 - Infringement - Car 55 - Crossing the track,https://www.fia.com/sites/default/files/decision-document/2024%20Singapore%20Grand%20Prix%20-%20Infringement%20-%20Car%2055%20-%20Crossing%20the%20track.pdf,live_standalone,False,Qualifying,secondary_qualifying,procedural_or_personnel,excluded,Qualifying document did not match the frozen qualifying-impeding family.,2024|secondary_qualifying|procedural_or_personnel,3,1,33c4f12bf384a0be399ce5d3d7841a5270571fb9dba3bc8234044754b55155f0,,,,,,
exclusion-qa-fia-2024-aut-801a15a468e3,fia-2024-aut-801a15a468e3,2024-aut,2024,11,Austrian Grand Prix,Doc 53 - Infringement - Car 22 - Team Radio comments,https://www.fia.com/sites/default/files/decision-document/2024%20Austrian%20Grand%20Prix%20-%20Infringement%20-%20Car%2022%20-%20Team%20Radio%20comments.pdf,live_standalone,False,Qualifying,secondary_qualifying,procedural_or_personnel,excluded,Qualifying document did not match the frozen qualifying-impeding family.,2024|secondary_qualifying|procedural_or_personnel,3,2,c4910b614bc223c69d395947b7a46a12b535162b93e0572f494d74cfcfe60d41,,,,,,
exclusion-qa-fia-2024-chn-c688ecee96b3,fia-2024-chn-c688ecee96b3,2024-chn,2024,5,Chinese Grand Prix,Decision - Aston Martin Protest,https://www.fia.com/sites/default/files/decision-document/2024%20Chinese%20Grand%20Prix%20-%20Decision%20-%20Aston%20Martin%20Protest.pdf,live_standalone,True,Qualifying,secondary_qualifying,protest_review_or_governance,excluded,Qualifying document did not match the frozen qualifying-impeding family.,2024|secondary_qualifying|protest_review_or_governance,1,1,3ca377780e663fa064445435137e5df192d0e2d2d597bb5980c2501e96d5eb15,,,,,,
exclusion-qa-fia-2024-qat-911e84480fd2,fia-2024-qat-911e84480fd2,2024-qat,2024,23,Qatar Grand Prix,Doc 49 - Infringement - Car 1 - Alleged driving unnecessarily slowly,https://www.fia.com/sites/default/files/decision-document/2024%20Qatar%20Grand%20Prix%20-%20Infringement%20-%20Car%201%20-%20Alleged%20driving%20unnecessarily%20slowly.pdf,live_standalone,False,Qualifying,secondary_qualifying,race_direction_or_slow_driving,excluded,Qualifying document did not match the frozen qualifying-impeding family.,2024|secondary_qualifying|race_direction_or_slow_driving,3,1,0413bd4cf602cc6da6de1f4c91dccbc6c04a4bdc75efcae4a9f1e34261fd0272,,,,,,
exclusion-qa-fia-2024-aut-d585161a4549,fia-2024-aut-d585161a4549,2024-aut,2024,11,Austrian Grand Prix,Doc 50 - Decision - Car 1 - Alleged driving unnecessarily slowly,https://www.fia.com/sites/default/files/decision-document/2024%20Austrian%20Grand%20Prix%20-%20Decision%20-%20Car%201%20-%20Alleged%20driving%20unnecessarily%20slowly.pdf,live_standalone,False,Qualifying,secondary_qualifying,race_direction_or_slow_driving,excluded,Qualifying document did not match the frozen qualifying-impeding family.,2024|secondary_qualifying|race_direction_or_slow_driving,3,2,8449f6786b3ba8ddad12f224240348ab1fe28ac01b546533e165f486f36b8cfd,,,,,,
exclusion-qa-fia-2024-aze-280714881717,fia-2024-aze-280714881717,2024-aze,2024,17,Azerbaijan Grand Prix,Doc 42 - Infringement - Car 10 - Technical non-compliance (Fuel Flow Mass),https://www.fia.com/sites/default/files/decision-document/2024%20Azerbaijan%20Grand%20Prix%20-%20Infringement%20-%20Car%2010%20-%20Technical%20non-compliance%20(Fuel%20Flow%20Mass).pdf,live_standalone,False,Qualifying,secondary_qualifying,technical_nonconformity,excluded,Qualifying document did not match the frozen qualifying-impeding family.,2024|secondary_qualifying|technical_nonconformity,4,1,3ef8b6e34fcf13e21ec30fd65578eecd1e4ff16a811e73c45c74ff5625ff60fe,,,,,,
exclusion-qa-fia-2024-mco-f3517f1b0176,fia-2024-mco-f3517f1b0176,2024-mco,2024,8,Monaco Grand Prix,Infringement - Car 20 - Technical non-compliance,https://www.fia.com/sites/default/files/decision-document/2024%20Monaco%20Grand%20Prix%20-%20Infringement%20-%20Car%2020%20-%20Technical%20non-compliance.pdf,live_standalone,False,Qualifying,secondary_qualifying,technical_nonconformity,excluded,Qualifying document did not match the frozen qualifying-impeding family.,2024|secondary_qualifying|technical_nonconformity,4,2,4b4a074ad9a93cfdb301cbf8d7800385e4767324bb854af4a83385797bafb0d8,,,,,,
exclusion-qa-fia-2024-mia-d310890fcdad,fia-2024-mia-d310890fcdad,2024-mia,2024,6,Miami Grand Prix,Infringement - Car 77 - Incident with Car 81 in SQ1,https://www.fia.com/sites/default/files/decision-document/2024%20Miami%20Grand%20Prix%20-%20Infringement%20-%20Car%2077%20-%20Incident%20with%20Car%2081%20in%20SQ1.pdf,live_standalone,False,Sprint Qualifying,secondary_qualifying,unclassified,unclassified,Qualifying document did not match the frozen qualifying-impeding family.,2024|secondary_qualifying|unclassified,2,1,1f14d090f443c780be6d49da7cbcbb8e915498cf62b8c44a78dd877815707b24,,,,,,
exclusion-qa-fia-2024-gbr-65808ceab39c,fia-2024-gbr-65808ceab39c,2024-gbr,2024,12,British Grand Prix,Doc 35 - Decision - Car 14 - Alleged working in the fast lane,https://www.fia.com/sites/default/files/decision-document/2024%20British%20Grand%20Prix%20-%20Decision%20-%20Car%2014%20-%20Alleged%20working%20in%20the%20fast%20lane.pdf,live_standalone,False,Qualifying,secondary_qualifying,unclassified,unclassified,Qualifying document did not match the frozen qualifying-impeding family.,2024|secondary_qualifying|unclassified,2,2,6e5911c148ea318ef3e1fe12e8a5bf6d07a9b3494b2d6b27085ef8ed3e819630,,,,,,
exclusion-qa-fia-2024-ned-84c063f227fe,fia-2024-ned-84c063f227fe,2024-ned,2024,15,Dutch Grand Prix,Doc 47 - Infringement - Car 20 - Changes made during Parc Ferme,https://www.fia.com/sites/default/files/decision-document/2024%20Dutch%20Grand%20Prix%20-%20Infringement%20-%20Car%2020%20-%20Changes%20made%20during%20Parc%20Ferme.pdf,live_standalone,False,Unknown,unknown,component_or_allocation,excluded,Document matched predefined excluded offence family component_or_allocation.,2024|unknown|component_or_allocation,1,1,841ef876277850edfd2f874c3ea9d9914b0f975f37daa2ca2d5b01ac9eaa3c55,,,,,,
exclusion-qa-fia-2024-emi-6a844f94ddfa,fia-2024-emi-6a844f94ddfa,2024-emi,2024,7,Emilia Romagna Grand Prix,Decision - Car 2 - Failing to set a lap time within 107%,https://www.fia.com/sites/default/files/decision-document/2024%20Emilia%20Romagna%20Grand%20Prix%20-%20Decision%20-%20Car%202%20-%20Failing%20to%20set%20a%20lap%20time%20within%20107%.pdf,live_standalone,True,Unknown,unknown,lap_time_or_delta_procedure,excluded,Document matched predefined excluded offence family lap_time_or_delta_procedure.,2024|unknown|lap_time_or_delta_procedure,3,1,3c8d74b6cd84b7a249ba5fd6e3ac190c21bcadea6e3fbe04fd9efd3e1f19ba26,,,,,,
exclusion-qa-fia-2024-sau-a2edc58887f2,fia-2024-sau-a2edc58887f2,2024-sau,2024,2,Saudi Arabian Grand Prix,Decision - Car 24 - Failing to set a lap time within 107%,https://www.fia.com/sites/default/files/decision-document/2024%20Saudi%20Arabian%20Grand%20Prix%20-%20Decision%20-%20Car%2024%20-%20Failing%20to%20set%20a%20lap%20time%20within%20107%.pdf,live_standalone,True,Unknown,unknown,lap_time_or_delta_procedure,excluded,Document matched predefined excluded offence family lap_time_or_delta_procedure.,2024|unknown|lap_time_or_delta_procedure,3,2,a68e554f4552c11026fc0aeb2952ba948ec0717db428fb62fd39beb3078da50a,,,,,,
exclusion-qa-fia-2024-esp-3478bb26d73a,fia-2024-esp-3478bb26d73a,2024-esp,2024,10,Spanish Grand Prix,Doc 18 - Infringement - Car 18 - Fan Engagement Activity,https://www.fia.com/sites/default/files/decision-document/2024%20Spanish%20Grand%20Prix%20-%20Infringement%20-%20Car%2018%20-%20Fan%20Engagement%20Activity.pdf,live_standalone,False,Unknown,unknown,procedural_or_personnel,excluded,Document matched predefined excluded offence family procedural_or_personnel.,2024|unknown|procedural_or_personnel,7,1,1c533f410fdf338b473a1fad7422667cfffa7084a5ff0effda03da4544fef3e3,,,,,,
exclusion-qa-fia-2024-usa-59d01f67d29e,fia-2024-usa-59d01f67d29e,2024-usa,2024,19,United States Grand Prix,Doc 27 - Decision - Williams - Failure to attend Drivers' meeting,https://www.fia.com/sites/default/files/decision-document/2024%20United%20States%20Grand%20Prix%20-%20Decision%20-%20Williams%20-%20Failure%20to%20attend%20Drivers'%20meeting.pdf,live_standalone,False,Unknown,unknown,procedural_or_personnel,excluded,Document matched predefined excluded offence family procedural_or_personnel.,2024|unknown|procedural_or_personnel,7,2,23e678650c60f92bc9fdb6c6443191f242fea41ff2f3265e8c53bb15d2e7758f,,,,,,
exclusion-qa-fia-2024-sau-948a64003062,fia-2024-sau-948a64003062,2024-sau,2024,2,Saudi Arabian Grand Prix,Decision - Schedule Clarification,https://www.fia.com/sites/default/files/decision-document/2024%20Saudi%20Arabian%20Grand%20Prix%20-%20Decision%20-%20Schedule%20Clarification.pdf,live_standalone,True,Unknown,unknown,protest_review_or_governance,excluded,Document matched predefined excluded offence family protest_review_or_governance.,2024|unknown|protest_review_or_governance,7,1,3ed4733e12e6d0888c8a3b5bb9c0f0bbf3f49446b1b7ed69b08284a5ce4454c6,,,,,,
exclusion-qa-fia-2024-usa-96e398d02639,fia-2024-usa-96e398d02639,2024-usa,2024,19,United States Grand Prix,DOC 84 - Decision - COTA - Right of Review,https://www.fia.com/sites/default/files/decision-document/usa_doc_84_-_decision_-_cota_-_right_of_review.pdf,live_standalone,True,Unknown,unknown,protest_review_or_governance,excluded,Document matched predefined excluded offence family protest_review_or_governance.,2024|unknown|protest_review_or_governance,7,2,58ba702428e07c8092e92481f195e893e9183aaf66d02e94b70d7e242d1f41f5,,,,,,
exclusion-qa-fia-2024-ned-795a938ebbe3,fia-2024-ned-795a938ebbe3,2024-ned,2024,15,Dutch Grand Prix,Doc 36 - Decision - Car 2 - 107% Time,https://www.fia.com/sites/default/files/decision-document/2024%20Dutch%20Grand%20Prix%20-%20Decision%20-%20Car%202%20-%20107%%20Time.pdf,live_standalone,True,Unknown,unknown,start_or_grid_permission,excluded,Document matched predefined excluded offence family start_or_grid_permission.,2024|unknown|start_or_grid_permission,1,1,6fb3c6ac7e15298559e34bdc4ea237e1559b4788b8b60e2e16bda6b5a7aa8cde,,,,,,
exclusion-qa-fia-2024-sao-de8a7b9efdc6,fia-2024-sao-de8a7b9efdc6,2024-sao,2024,21,São Paulo Grand Prix,Doc 66 - Tyre Pressure Checking Infringement,https://www.fia.com/sites/default/files/decision-document/2024%20S%C3%A3o%20Paulo%20Grand%20Prix%20-%20Tyre%20Pressure%20Checking%20Infringement.pdf,live_standalone,True,Unknown,unknown,tyre_fuel_or_scrutineering,excluded,Document matched predefined excluded offence family tyre_fuel_or_scrutineering.,2024|unknown|tyre_fuel_or_scrutineering,1,1,edef666100d7c6c081a4f3ee9f65e007b490013bbc9f95fcd236cb4c3cdf006c,,,,,,
exclusion-qa-fia-2025-gbr-3452c60bcc6f,fia-2025-gbr-3452c60bcc6f,2025-gbr,2025,12,British Grand Prix,Doc 16 - Infringement - Car 55 - Dangerous driving,https://www.fia.com/system/files/decision-document/2025_british_grand_prix_-_infringement_-_car_55_-_dangerous_driving.pdf,live_standalone,False,Practice,out_of_scope_session,causing_collision,primary,Observed session is outside the frozen study scope.,2025|out_of_scope_session|causing_collision,2,1,077e132c82880a21550719b0e100493f4ad79871e955e0f344164776c101e8e7,,,,,,
exclusion-qa-fia-2025-abu-7281167dc058,fia-2025-abu-7281167dc058,2025-abu,2025,24,Abu Dhabi Grand Prix,Doc 32 - Infringement - Car 12 - Unsafe Release From Garage,https://www.fia.com/system/files/decision-document/2025_abu_dhabi_grand_prix_-_infringement_-_car_12_-_unsafe_release_from_garage.pdf,live_standalone,False,Practice,out_of_scope_session,causing_collision,primary,Observed session is outside the frozen study scope.,2025|out_of_scope_session|causing_collision,2,2,4939285be45bd44c3e7c5b11505cf80acc1a59eca13025695fc746096404ba98,,,,,,
exclusion-qa-fia-2025-sao-4a36fc3e9f2e,fia-2025-sao-4a36fc3e9f2e,2025-sao,2025,21,São Paulo Grand Prix,Doc 38 - Decision - Sprint Reconnaissance Laps SC2-SC1 Times,https://www.fia.com/system/files/decision-document/2025_sao_paulo_grand_prix_-_decision_-_sprint_reconnaissance_laps_sc2-sc1_times.pdf,live_standalone,False,Pre-session,out_of_scope_session,lap_time_or_delta_procedure,excluded,Observed session is outside the frozen study scope.,2025|out_of_scope_session|lap_time_or_delta_procedure,3,1,6fe84a0d82249406ac8aac2a966be596bf4639848f74909bfcf418e9cc98ad25,,,,,,
exclusion-qa-fia-2025-ned-8dd5e56626db,fia-2025-ned-8dd5e56626db,2025-ned,2025,15,Dutch Grand Prix,Doc 56 - Decision - Reconnaissance Laps SC2-SC1 Times,https://www.fia.com/system/files/decision-document/2025_dutch_grand_prix_-_decision_-_reconnaissance_laps_sc2-sc1_times.pdf,live_standalone,False,Pre-session,out_of_scope_session,lap_time_or_delta_procedure,excluded,Observed session is outside the frozen study scope.,2025|out_of_scope_session|lap_time_or_delta_procedure,3,2,a4855baefee1a34ce18816c1d1d3fd97f08c51cdb2f718248bdfc21c8fd302b3,,,,,,
exclusion-qa-fia-2025-ita-299063d66407,fia-2025-ita-299063d66407,2025-ita,2025,16,Italian Grand Prix,Doc 16 - Decision - Car 81 - Failure to follow Race Directors instructions - Fast Lane,https://www.fia.com/system/files/decision-document/2025_italian_grand_prix_-_decision_-_car_81_-_failure_to_follow_race_directors_instructions_-_fast_lane.pdf,live_standalone,False,Practice,out_of_scope_session,neutralization_or_flag_procedure,excluded,Observed session is outside the frozen study scope.,2025|out_of_scope_session|neutralization_or_flag_procedure,13,1,01eab061e3bc4a18a7505141d92fa844bae776b0605d25ed2a0bf956f7becdf5,,,,,,
exclusion-qa-fia-2025-can-d310f9b54281,fia-2025-can-d310f9b54281,2025-can,2025,10,Canadian Grand Prix,Doc 29 - Decision - Car 5 - Alleged red flag infringement,https://www.fia.com/system/files/decision-document/2025_canadian_grand_prix_-_decision_-_car_5_-_alleged_red_flag_infringement.pdf,live_standalone,False,Practice,out_of_scope_session,neutralization_or_flag_procedure,excluded,Observed session is outside the frozen study scope.,2025|out_of_scope_session|neutralization_or_flag_procedure,13,2,066283333199613dabffff6c186f5e56056a2ec597da425df0ed0bd258570be2,,,,,,
exclusion-qa-fia-2025-hun-a0757b53af2b,fia-2025-hun-a0757b53af2b,2025-hun,2025,14,Hungarian Grand Prix,Doc 15 - Decision - Car 1 - Alleged unsafe release,https://www.fia.com/system/files/decision-document/2025_hungarian_grand_prix_-_decision_-_car_1_-_alleged_unsafe_release.pdf,live_standalone,True,Practice,out_of_scope_session,pit_lane_procedure,excluded,Observed session is outside the frozen study scope.,2025|out_of_scope_session|pit_lane_procedure,11,1,0084609a20815ee2725d4dc375984eb8dcc94a924142387d1fd26e6d46e02181,,,,,,
exclusion-qa-fia-2025-sau-a582c5bce75d,fia-2025-sau-a582c5bce75d,2025-sau,2025,5,Saudi Arabian Grand Prix,Doc 13 - Infringement - Car 30 - Failure to follow Race Director's instructions (Pit Entry - 1st time),https://www.fia.com/system/files/decision-document/2025_saudi_arabian_grand_prix_-_infringement_-_car_30_-_failure_to_follow_race_directors_instructions_pit_entry_-_1st_time.pdf,live_standalone,False,Practice,out_of_scope_session,pit_lane_procedure,excluded,Observed session is outside the frozen study scope.,2025|out_of_scope_session|pit_lane_procedure,11,2,0b853df2a29733282ba6812cc58afc39287c76850577a5a1eb28667d6254e08d,,,,,,
exclusion-qa-fia-2025-can-228f3901a41b,fia-2025-can-228f3901a41b,2025-can,2025,10,Canadian Grand Prix,Doc 11 - Infringement - Car 81 - Pit Lane Speeding,https://www.fia.com/system/files/decision-document/2025_canadian_grand_prix_-_infringement_-_car_81_-_pit_lane_speeding.pdf,live_standalone,False,Practice,out_of_scope_session,pit_lane_speeding,excluded,Observed session is outside the frozen study scope.,2025|out_of_scope_session|pit_lane_speeding,11,1,0bb7c64c95c3ede313f53e3bbd31e81a1b8f89125ea9735a69a6530d4c2d295e,,,,,,
exclusion-qa-fia-2025-emi-a6d416b09af8,fia-2025-emi-a6d416b09af8,2025-emi,2025,7,Emilia Romagna Grand Prix,Doc 25 - Infringement - Car 43 - Pit Lane Speeding,https://www.fia.com/system/files/decision-document/2025_emilia_romagna_grand_prix_-_infringement_-_car_43_-_pit_lane_speeding.pdf,live_standalone,False,Practice,out_of_scope_session,pit_lane_speeding,excluded,Observed session is outside the frozen study scope.,2025|out_of_scope_session|pit_lane_speeding,11,2,27c924ac51a04a252be40b0f45c419017c71ef5e628efa6e39ea3895f448feee,,,,,,
exclusion-qa-fia-2025-mia-9235f97f25a1,fia-2025-mia-9235f97f25a1,2025-mia,2025,6,Miami Grand Prix,Doc 20 - Infringement - Car 31 - Impeding car 4,https://www.fia.com/system/files/decision-document/2025_miami_grand_prix_-_infringement_-_car_31_-_impeding_car_4.pdf,live_standalone,False,Practice,out_of_scope_session,qualifying_impeding,secondary,Observed session is outside the frozen study scope.,2025|out_of_scope_session|qualifying_impeding,7,1,0b5bc4d35ea165a86c3fc47c784993ecb3f530acacc103eb58ac225ef72bdeb4,,,,,,
exclusion-qa-fia-2025-aut-68151dd10e85,fia-2025-aut-68151dd10e85,2025-aut,2025,11,Austrian Grand Prix,Doc 18 - Infringement - Car 44 - Impeding of Car 12,https://www.fia.com/system/files/decision-document/2025_austrian_grand_prix_-_infringement_-_car_44_-_impeding_of_car_12.pdf,live_standalone,False,Practice,out_of_scope_session,qualifying_impeding,secondary,Observed session is outside the frozen study scope.,2025|out_of_scope_session|qualifying_impeding,7,2,1c2d8bbe14835e966069c4579fe694bf017681cb8cf6f8734c0016580d3bbf4f,,,,,,
exclusion-qa-fia-2025-can-9390f75c8ae2,fia-2025-can-9390f75c8ae2,2025-can,2025,10,Canadian Grand Prix,Doc 18 - Infringement - Car 63 - Failed to follow Race Director Instruction,https://www.fia.com/system/files/decision-document/2025_canadian_grand_prix_-_infringement_-_car_63_-_failed_to_follow_race_director_instruction.pdf,live_standalone,False,Practice,out_of_scope_session,race_direction_or_slow_driving,excluded,Observed session is outside the frozen study scope.,2025|out_of_scope_session|race_direction_or_slow_driving,7,1,0a26413c3c393c1d6196c69280012ba3baa6b194bb89a8d0e87f3f704f08db4a,,,,,,
exclusion-qa-fia-2025-ita-f7b49dac95a2,fia-2025-ita-f7b49dac95a2,2025-ita,2025,16,Italian Grand Prix,Doc 22 - Infringement - Car 6 - Failing to follow Race Directors Instructions,https://www.fia.com/system/files/decision-document/2025_italian_grand_prix_-_infringement_-_car_6_-_failing_to_follow_race_directors_instructions.pdf,live_standalone,False,Practice,out_of_scope_session,race_direction_or_slow_driving,excluded,Observed session is outside the frozen study scope.,2025|out_of_scope_session|race_direction_or_slow_driving,7,2,0eca33b00db87a65b831f7913cd76b976300a08f6c2531f0adc867659cc70dc1,,,,,,
exclusion-qa-fia-2025-emi-029b7a2eb470,fia-2025-emi-029b7a2eb470,2025-emi,2025,7,Emilia Romagna Grand Prix,Doc 16 - Infringement - Car 16 - Tyre Operating Procedures,https://www.fia.com/system/files/decision-document/2025_emilia_romagna_grand_prix_-_infringement_-_car_16_-_tyre_operating_procedures.pdf,live_standalone,False,Practice,out_of_scope_session,tyre_fuel_or_scrutineering,excluded,Observed session is outside the frozen study scope.,2025|out_of_scope_session|tyre_fuel_or_scrutineering,2,1,b197641bcf33878071ce9b716fcb6739061c3b8486ad40a81f5e731553fc5729,,,,,,
exclusion-qa-fia-2025-chn-aa2bc819240e,fia-2025-chn-aa2bc819240e,2025-chn,2025,2,Chinese Grand Prix,Doc 41 - Infringement - Atlassian Williams Racing - Technical Regulations (Video Footage),https://www.fia.com/system/files/decision-document/2025_chinese_grand_prix_-_infringement_-_atlassian_williams_racing_-_technical_regulations_video_footage.pdf,live_standalone,False,Practice,out_of_scope_session,tyre_fuel_or_scrutineering,excluded,Observed session is outside the frozen study scope.,2025|out_of_scope_session|tyre_fuel_or_scrutineering,2,2,b5d3720904469346762c8168757289280072ad8b040db59d5164b167350493b5,,,,,,
exclusion-qa-fia-2025-chn-fde842590993,fia-2025-chn-fde842590993,2025-chn,2025,2,Chinese Grand Prix,Doc 76 - Infringement - Car 27 - Practice Start,https://www.fia.com/system/files/decision-document/2025_chinese_grand_prix_-_infringement_-_car_27_-_practice_start.pdf,live_standalone,False,Pre-session,out_of_scope_session,unclassified,unclassified,Observed session is outside the frozen study scope.,2025|out_of_scope_session|unclassified,6,1,3282b5409033e7d4e914a99e1d459147541dfe7d5e47d65943cdab373fb71fc3,,,,,,
exclusion-qa-fia-2025-chn-30a35216b55b,fia-2025-chn-30a35216b55b,2025-chn,2025,2,Chinese Grand Prix,Doc 73 - Infringement - Car 5 - Practice Start,https://www.fia.com/system/files/decision-document/2025_chinese_grand_prix_-_infringement_-_car_5_-_practice_start.pdf,live_standalone,False,Pre-session,out_of_scope_session,unclassified,unclassified,Observed session is outside the frozen study scope.,2025|out_of_scope_session|unclassified,6,2,42fb06c38cb05b90a39ce7f594ec9d6608a4f3ca1d249b8410a0a4b2b8c9f431,,,,,,
exclusion-qa-fia-2025-usa-4954a1603361,fia-2025-usa-4954a1603361,2025-usa,2025,19,United States Grand Prix,Doc 35 - Infringement - Sprint Deleted Lap Times,https://www.fia.com/system/files/decision-document/2025_united_states_grand_prix_-_infringement_-_sprint_deleted_lap_times.pdf,live_standalone,True,Sprint,primary_race_sprint,lap_time_or_delta_procedure,excluded,Document matched predefined excluded offence family lap_time_or_delta_procedure.,2025|primary_race_sprint|lap_time_or_delta_procedure,19,1,26cfdcd3b0398798242fd287e3ee5700ffc748c2ab0c9240106a0b190b2747ac,,,,,,
exclusion-qa-fia-2025-emi-690b260a1b91,fia-2025-emi-690b260a1b91,2025-emi,2025,7,Emilia Romagna Grand Prix,Doc 42 - Infringement - Race Deleted Lap Times,https://www.fia.com/system/files/decision-document/2025_emilia_romagna_grand_prix_-_infringement_-_race_deleted_lap_times.pdf,live_standalone,True,Race,primary_race_sprint,lap_time_or_delta_procedure,excluded,Document matched predefined excluded offence family lap_time_or_delta_procedure.,2025|primary_race_sprint|lap_time_or_delta_procedure,19,2,2c1d8e9eaa888221e97d4c4f0f5398ce7cb74d3f956b49874817a9fa1971a4b2,,,,,,
exclusion-qa-fia-2025-can-1a51d7125be1,fia-2025-can-1a51d7125be1,2025-can,2025,10,Canadian Grand Prix,Doc 66 - Infringement - Car 12 - Safety Car Procedure,https://www.fia.com/system/files/decision-document/2025_canadian_grand_prix_-_infringement_-_car_12_-_safety_car_procedure.pdf,live_standalone,False,Race,primary_race_sprint,neutralization_or_flag_procedure,excluded,Document matched predefined excluded offence family neutralization_or_flag_procedure.,2025|primary_race_sprint|neutralization_or_flag_procedure,14,1,15b62c38475686fe2445ab80f276f109fd5189047cef970d3502b34387189648,,,,,,
exclusion-qa-fia-2025-aus-e037d756a80b,fia-2025-aus-e037d756a80b,2025-aus,2025,1,Australian Grand Prix,Doc 38 - Decision - Car 22 - Failing to maintain distance behind the Safety Car,https://www.fia.com/system/files/decision-document/2025_australian_grand_prix_-_decision_-_car_22_-_failing_to_maintain_distance_behind_the_safety_car.pdf,live_standalone,False,Race,primary_race_sprint,neutralization_or_flag_procedure,excluded,Document matched predefined excluded offence family neutralization_or_flag_procedure.,2025|primary_race_sprint|neutralization_or_flag_procedure,14,2,202822b860d76cf98da266fbf545226a0ebb4b193478ba80ce06b80461f66b46,,,,,,
exclusion-qa-fia-2025-bel-82dd0e61ab0d,fia-2025-bel-82dd0e61ab0d,2025-bel,2025,13,Belgian Grand Prix,Doc 35 - Infringement - Car 43 - Changes made during Parc Ferme,https://www.fia.com/system/files/decision-document/2025_belgian_grand_prix_-_infringement_-_car_43_-_changes_made_during_parc_ferme.pdf,live_standalone,False,Sprint,primary_race_sprint,parc_ferme_or_setup,excluded,Document matched predefined excluded offence family parc_ferme_or_setup.,2025|primary_race_sprint|parc_ferme_or_setup,1,1,dcaac1ada81617d45aca03eec053b9f24c4dcdcb1b9c180cc7f1f1a83832d6d7,,,,,,
exclusion-qa-fia-2025-qat-7b55d1bf033f,fia-2025-qat-7b55d1bf033f,2025-qat,2025,23,Qatar Grand Prix,Doc 65 - Infringement - Car 87 - Released in an unsafe condition,https://www.fia.com/system/files/decision-document/2025_qatar_grand_prix_-_infringement_-_car_87_-_released_in_an_unsafe_condition.pdf,corrected_successor,False,Race,primary_race_sprint,pit_lane_procedure,excluded,Document matched predefined excluded offence family pit_lane_procedure.,2025|primary_race_sprint|pit_lane_procedure,9,1,13fc61a387cc3fbed28136d982e2477ba28d14f339730c4f2f2726e769d7fb2b,,,,,,
exclusion-qa-fia-2025-mia-4c456afdac0b,fia-2025-mia-4c456afdac0b,2025-mia,2025,6,Miami Grand Prix,Doc 48 - Infringement - Car 1 - Unsafe Release from a pit stop,https://www.fia.com/system/files/decision-document/2025_miami_grand_prix_-_infringement_-_car_1_-_unsafe_release_from_a_pit_stop.pdf,live_standalone,False,Sprint,primary_race_sprint,pit_lane_procedure,excluded,Document matched predefined excluded offence family pit_lane_procedure.,2025|primary_race_sprint|pit_lane_procedure,9,2,1d9289f8bbed02b3d509fac1b296b54203bb33c9b02e8026b2f9fb151e837b6d,,,,,,
exclusion-qa-fia-2025-abu-eb450b1efd28,fia-2025-abu-eb450b1efd28,2025-abu,2025,24,Abu Dhabi Grand Prix,Doc 47 - Infringement - Car 23 - Pit Lane Speeding,https://www.fia.com/system/files/decision-document/2025_abu_dhabi_grand_prix_-_infringement_-_car_23_-_pit_lane_speeding.pdf,live_standalone,False,Race,primary_race_sprint,pit_lane_speeding,excluded,Document matched predefined excluded offence family pit_lane_speeding.,2025|primary_race_sprint|pit_lane_speeding,6,1,2777f0ad47b41719e783fca393c6d1285b201351176dd88829eec0bffd5d9768,,,,,,
exclusion-qa-fia-2025-ned-e158d088d5ef,fia-2025-ned-e158d088d5ef,2025-ned,2025,15,Dutch Grand Prix,Doc 52 - Decision - Car 12 - Pit Lane Speeding,https://www.fia.com/system/files/decision-document/2025_dutch_grand_prix_-_decision_-_car_12_-_pit_lane_speeding.pdf,live_standalone,False,Race,primary_race_sprint,pit_lane_speeding,excluded,Document matched predefined excluded offence family pit_lane_speeding.,2025|primary_race_sprint|pit_lane_speeding,6,2,5732863fefc573bd1ed55faab26e3227612c371e0a0b268882159c06bb401620,,,,,,
exclusion-qa-fia-2025-ned-49e5357793e5,fia-2025-ned-49e5357793e5,2025-ned,2025,15,Dutch Grand Prix,Doc 64 - Decision - Williams Petition for Right of Review,https://www.fia.com/system/files/decision-document/2025_dutch_grand_prix_-_decision_-_williams_petition_for_right_of_review_.pdf,live_standalone,True,Race,primary_race_sprint,protest_review_or_governance,excluded,Document matched predefined excluded offence family protest_review_or_governance.,2025|primary_race_sprint|protest_review_or_governance,1,1,eb09bbdebe1506f06e75b1101dff6c647fbdca0e751628b90ff106b449c635fd,,,,,,
exclusion-qa-fia-2025-qat-c09917db9f0d,fia-2025-qat-c09917db9f0d,2025-qat,2025,23,Qatar Grand Prix,Doc 67 - Decision - Car 6 - Alleged driving in an unsafe condition,https://www.fia.com/system/files/decision-document/2025_qatar_grand_prix_-_decision_-_car_6_-_alleged_driving_in_an_unsafe_condition.pdf,live_standalone,False,Race,primary_race_sprint,race_direction_or_slow_driving,excluded,Document matched predefined excluded offence family race_direction_or_slow_driving.,2025|primary_race_sprint|race_direction_or_slow_driving,10,1,003c45476324fa6075c7420dc426e259df09f52c2a7dec0e87f80a4d0a2818c4,,,,,,
exclusion-qa-fia-2025-mex-facab9ff533b,fia-2025-mex-facab9ff533b,2025-mex,2025,20,Mexico City Grand Prix,Doc 37 - Decision - Car 44 - Alleged failing to follow Race Directors instructions,https://www.fia.com/system/files/decision-document/2025_mexico_city_grand_prix_-_decision_-_car_44_-_alleged_failing_to_follow_race_directors_instructions.pdf,live_standalone,False,Race,primary_race_sprint,race_direction_or_slow_driving,excluded,Document matched predefined excluded offence family race_direction_or_slow_driving.,2025|primary_race_sprint|race_direction_or_slow_driving,10,2,082b99c82bd28932794f2404dc92932df07bfde154a95ffebf3c8486018f1088,,,,,,
exclusion-qa-fia-2025-bhr-70ee92f4956d,fia-2025-bhr-70ee92f4956d,2025-bhr,2025,4,Bahrain Grand Prix,Doc 50 - Infringement - Car 7 - Leaving the track without a justifiable reason multiple times,https://www.fia.com/system/files/decision-document/2025_bahrain_grand_prix_-_infringement_-_car_7_-_leaving_the_track_without_a_justifiable_reason_multiple_times.pdf,live_standalone,False,Race,primary_race_sprint,routine_track_limits,excluded,Document matched predefined excluded offence family routine_track_limits.,2025|primary_race_sprint|routine_track_limits,5,1,3545fc11067f8596e2942bc5b618939f68ab5cd684152e8d6b47a110c185d478,,,,,,
exclusion-qa-fia-2025-sgp-1074008cb6c9,fia-2025-sgp-1074008cb6c9,2025-sgp,2025,18,Singapore Grand Prix,Doc 60 - Infringement - Car 44 - Leaving the track without a justifiable reason multiple times,https://www.fia.com/system/files/decision-document/2025_singapore_grand_prix_-_infringement_-_car_44_-_leaving_the_track_without_a_justifiable_reason_multiple_times.pdf,live_standalone,False,Race,primary_race_sprint,routine_track_limits,excluded,Document matched predefined excluded offence family routine_track_limits.,2025|primary_race_sprint|routine_track_limits,5,2,35c7b3d544a17b24785e48cb0c7af9b1dc79f0a4bf9d86c23e2002aae9c87f00,,,,,,
exclusion-qa-fia-2025-sao-53bcd28f562a,fia-2025-sao-53bcd28f562a,2025-sao,2025,21,São Paulo Grand Prix,Doc 60 - Infringement - Car 22 - Failure to serve a time penalty during a pit stop,https://www.fia.com/system/files/decision-document/2025_sao_paulo_grand_prix_-_infringement_-_car_22_-_failure_to_serve_a_time_penalty_during_a_pit_stop.pdf,live_standalone,False,Race,primary_race_sprint,sanction_service,excluded,Document matched predefined excluded offence family sanction_service.,2025|primary_race_sprint|sanction_service,1,1,1cb188e8176ac1f58472b078c7c89396b837956864f94b2bb7e52a7c5c829312,,,,,,
exclusion-qa-fia-2025-qat-dda7375ab829,fia-2025-qat-dda7375ab829,2025-qat,2025,23,Qatar Grand Prix,Doc 59 - Infringement - Car 31 - False start - Moving before signal,https://www.fia.com/system/files/decision-document/2025_qatar_grand_prix_-_infringement_-_car_31_-_false_start_-_moving_before_signal.pdf,live_standalone,False,Race,primary_race_sprint,start_procedure,excluded,Document matched predefined excluded offence family start_procedure.,2025|primary_race_sprint|start_procedure,6,1,0428f5782ee97f5d64ff2d3a675437ca9579ae2d716e1c49eb719634ee4bfe53,,,,,,
exclusion-qa-fia-2025-aze-36031802c7a9,fia-2025-aze-36031802c7a9,2025-aze,2025,17,Azerbaijan Grand Prix,Doc 43 - Infringement - Car 14 False start - Moving before signal,https://www.fia.com/system/files/decision-document/2025_azerbaijan_grand_prix_-_infringement_-_car_14_false_start_-_moving_before_signal.pdf,live_standalone,False,Race,primary_race_sprint,start_procedure,excluded,Document matched predefined excluded offence family start_procedure.,2025|primary_race_sprint|start_procedure,6,2,120fa84302353ffddaa606d06f3d6986241de1026f58d69c6923de44e6009363,,,,,,
exclusion-qa-fia-2025-chn-9c293a878e03,fia-2025-chn-9c293a878e03,2025-chn,2025,2,Chinese Grand Prix,Doc 84 - Infringement - Car 44 - Technical non-compliance (Plank Assembly),https://www.fia.com/system/files/decision-document/2025_chinese_grand_prix_-_infringement_-_car_44_-_technical_non-compliance_plank_assembly.pdf,live_standalone,False,Race,primary_race_sprint,technical_nonconformity,excluded,Document matched predefined excluded offence family technical_nonconformity.,2025|primary_race_sprint|technical_nonconformity,6,1,219e61ea3dc1d2c3d1d3954cfd86292637f8a10534491d79de7f61a7090b321b,,,,,,
exclusion-qa-fia-2025-chn-f8b63c96f52e,fia-2025-chn-f8b63c96f52e,2025-chn,2025,2,Chinese Grand Prix,Doc 87 - Infringement - Car 16 - Technical non-compliance (Weight)),https://www.fia.com/system/files/decision-document/2025_chinese_grand_prix_-_infringement_-_car_16_-_technical_non-compliance_weight.pdf,corrected_successor,False,Race,primary_race_sprint,technical_nonconformity,excluded,Document matched predefined excluded offence family technical_nonconformity.,2025|primary_race_sprint|technical_nonconformity,6,2,3c6a9222b7c523b02ae20389fdf58287affee2887ea3b1be478e345a0842b460,,,,,,
exclusion-qa-fia-2025-bhr-bace4e62747f,fia-2025-bhr-bace4e62747f,2025-bhr,2025,4,Bahrain Grand Prix,Doc 54 - Infringement - Car 63 - Alleged DRS Infringement,https://www.fia.com/system/files/decision-document/2025_bahrain_grand_prix_-_infringement_-_car_63_-_alleged_drs_infringement.pdf,live_standalone,False,Race,primary_race_sprint,tyre_fuel_or_scrutineering,excluded,Document matched predefined excluded offence family tyre_fuel_or_scrutineering.,2025|primary_race_sprint|tyre_fuel_or_scrutineering,1,1,519d7e5cfbe556377c47c59371dfa8936f0bc623cb2f6998d3ad3d64b370a8b5,,,,,,
exclusion-qa-fia-2025-can-abc3fd6adae9,fia-2025-can-abc3fd6adae9,2025-can,2025,10,Canadian Grand Prix,Doc 46 - Infringement - Car 30 - PU elements and changes made during Parc Ferme,https://www.fia.com/system/files/decision-document/2025_canadian_grand_prix_-_infringement_-_car_30_-_pu_elements_and_changes_made_during_parc_ferme.pdf,live_standalone,False,Qualifying,secondary_qualifying,component_or_allocation,excluded,Qualifying document did not match the frozen qualifying-impeding family.,2025|secondary_qualifying|component_or_allocation,14,1,1c4794f179ad879cb75eb6a8c2597767edd4a1b844afebf138d0e208168d55a8,,,,,,
exclusion-qa-fia-2025-ita-e7d81ceca43f,fia-2025-ita-e7d81ceca43f,2025-ita,2025,16,Italian Grand Prix,Doc 35 - Infringement - Car 10 - Changes made during Parc Ferme,https://www.fia.com/system/files/decision-document/2025_italian_grand_prix_-_infringement_-_car_10_-_changes_made_during_parc_ferme.pdf,live_standalone,False,Qualifying,secondary_qualifying,component_or_allocation,excluded,Qualifying document did not match the frozen qualifying-impeding family.,2025|secondary_qualifying|component_or_allocation,14,2,49a7f59af0fa4c830c101f83c3f7ba0e23b64db5bcb5f280800110bd3600b143,,,,,,
exclusion-qa-fia-2025-aze-c2c08eb95fff,fia-2025-aze-c2c08eb95fff,2025-aze,2025,17,Azerbaijan Grand Prix,Doc 28 - Infringement - Qualifying Deleted Lap Times,https://www.fia.com/system/files/decision-document/2025_azerbaijan_grand_prix_-_infringement_-_qualifying_deleted_lap_times.pdf,live_standalone,True,Qualifying,secondary_qualifying,lap_time_or_delta_procedure,excluded,Qualifying document did not match the frozen qualifying-impeding family.,2025|secondary_qualifying|lap_time_or_delta_procedure,51,1,02d3c7e8fcc660ccecf5dbeccd634fc994852d1eb9cfbb44b3a45f2b9e28c2d9,,,,,,
exclusion-qa-fia-2025-abu-356ff28cf61c,fia-2025-abu-356ff28cf61c,2025-abu,2025,24,Abu Dhabi Grand Prix,Doc 34 - Decision - Qualifying SC2-SC1 Times,https://www.fia.com/system/files/decision-document/2025_abu_dhabi_grand_prix_-_decision_-_qualifying_sc2-sc1_times.pdf,live_standalone,False,Qualifying,secondary_qualifying,lap_time_or_delta_procedure,excluded,Qualifying document did not match the frozen qualifying-impeding family.,2025|secondary_qualifying|lap_time_or_delta_procedure,51,2,0941ad2caf3b98e027f5c444ab62dcda96d99ed67ed52bea3ca63f6788170ad6,,,,,,
exclusion-qa-fia-2025-qat-21f5916ca6fb,fia-2025-qat-21f5916ca6fb,2025-qat,2025,23,Qatar Grand Prix,Doc 46 - Decision - Qualifying SC2-SC1 Times,https://www.fia.com/system/files/decision-document/2025_qatar_grand_prix_-_decision_-_qualifying_sc2-sc1_times.pdf,live_standalone,False,Qualifying,secondary_qualifying,lap_time_or_delta_procedure,excluded,Qualifying document did not match the frozen qualifying-impeding family.,2025|secondary_qualifying|lap_time_or_delta_procedure,51,3,110fef00513a121fa9b6375f33770b375c86ec3c4161b9275742469cfdff45fd,,,,,,
exclusion-qa-fia-2025-lvs-d1901a02d132,fia-2025-lvs-d1901a02d132,2025-lvs,2025,22,Las Vegas Grand Prix,Doc 33 - Infringement - Qualifying Deleted Lap Times,https://www.fia.com/system/files/decision-document/2025_las_vegas_grand_prix_-_infringement_-_qualifying_deleted_lap_times.pdf,live_standalone,True,Qualifying,secondary_qualifying,lap_time_or_delta_procedure,excluded,Qualifying document did not match the frozen qualifying-impeding family.,2025|secondary_qualifying|lap_time_or_delta_procedure,51,4,12a03ab9e053deead309c32b815137df7191a23dd8573e386d35612e306fad82,,,,,,
exclusion-qa-fia-2025-bel-9f6208eb2be2,fia-2025-bel-9f6208eb2be2,2025-bel,2025,13,Belgian Grand Prix,Doc 27 - Decision - Sprint Qualifying Deleted Lap Times,https://www.fia.com/system/files/decision-document/2025_belgian_grand_prix_-_decision_-_sprint_qualifying_deleted_lap_times.pdf,live_standalone,True,Sprint Qualifying,secondary_qualifying,lap_time_or_delta_procedure,excluded,Qualifying document did not match the frozen qualifying-impeding family.,2025|secondary_qualifying|lap_time_or_delta_procedure,51,5,14476cd424e268185f42ff5f4d40f1259979d057fd62ed1181d6ca22b00e300a,,,,,,
exclusion-qa-fia-2025-aze-91c9f893a4f3,fia-2025-aze-91c9f893a4f3,2025-aze,2025,17,Azerbaijan Grand Prix,Doc 30 - Decision - Qualifying SC2-SC1 Times,https://www.fia.com/system/files/decision-document/2025_azerbaijan_grand_prix_-_decision_-_qualifying_sc2-sc1_times.pdf,live_standalone,False,Qualifying,secondary_qualifying,lap_time_or_delta_procedure,excluded,Qualifying document did not match the frozen qualifying-impeding family.,2025|secondary_qualifying|lap_time_or_delta_procedure,51,6,161b0a3d281c9cb21d18f53c711df81d37b4ba0e53da67f8fb96aa910a497f6d,,,,,,
exclusion-qa-fia-2025-aze-ceaeecc652be,fia-2025-aze-ceaeecc652be,2025-aze,2025,17,Azerbaijan Grand Prix,Doc 25 - Infringement - Car 12 - Failure to slow under yellow flags,https://www.fia.com/system/files/decision-document/2025_azerbaijan_grand_prix_-_infringement_-_car_12_-_failure_to_slow_under_yellow_flags.pdf,live_standalone,False,Qualifying,secondary_qualifying,neutralization_or_flag_procedure,excluded,Qualifying document did not match the frozen qualifying-impeding family.,2025|secondary_qualifying|neutralization_or_flag_procedure,6,1,0fe81aa85321e422f533f294544f8621e6aeb45175111889cb8d73105d151966,,,,,,
exclusion-qa-fia-2025-sgp-9a2dc33c12f9,fia-2025-sgp-9a2dc33c12f9,2025-sgp,2025,18,Singapore Grand Prix,Doc 39 - Decision - Car 27 - Alleged yellow flag infringement,https://www.fia.com/system/files/decision-document/2025_singapore_grand_prix_-_decision_-_car_27_-_alleged_yellow_flag_infringement.pdf,live_standalone,False,Qualifying,secondary_qualifying,neutralization_or_flag_procedure,excluded,Qualifying document did not match the frozen qualifying-impeding family.,2025|secondary_qualifying|neutralization_or_flag_procedure,6,2,4723ba9a2a635a8ca2024f264fbcae7f1a8e70b0596cbdd966ac5a9aa8d4b1ab,,,,,,
exclusion-qa-fia-2025-qat-997ceab6d75d,fia-2025-qat-997ceab6d75d,2025-qat,2025,23,Qatar Grand Prix,Doc 29 - Infringement - Car 18 - Changes made during Parc Ferme,https://www.fia.com/system/files/decision-document/2025_qatar_grand_prix_-_infringement_-_car_18_-_changes_made_during_parc_ferme.pdf,live_standalone,False,Sprint Qualifying,secondary_qualifying,parc_ferme_or_setup,excluded,Qualifying document did not match the frozen qualifying-impeding family.,2025|secondary_qualifying|parc_ferme_or_setup,17,1,088099de5983118da85a9e2b86f2de772176fe2d91a714a0fa954abde9adfeff,,,,,,
exclusion-qa-fia-2025-qat-c743eba52f0f,fia-2025-qat-c743eba52f0f,2025-qat,2025,23,Qatar Grand Prix,Doc 55 - Infringement - Car 43 - Changes made during Parc Ferme,https://www.fia.com/system/files/decision-document/2025_qatar_grand_prix_-_infringement_-_car_43_-_changes_made_during_parc_ferme_0.pdf,live_standalone,False,Qualifying,secondary_qualifying,parc_ferme_or_setup,excluded,Qualifying document did not match the frozen qualifying-impeding family.,2025|secondary_qualifying|parc_ferme_or_setup,17,2,0efa9e86640f78ceb706d6fddc03d2eea7030086ee3b86871ed6f359bba11cc0,,,,,,
exclusion-qa-fia-2025-qat-8492543a0bcd,fia-2025-qat-8492543a0bcd,2025-qat,2025,23,Qatar Grand Prix,Doc 47 - Infringement - Car 55 - Unsafe release,https://www.fia.com/system/files/decision-document/2025_qatar_grand_prix_-_infringement_-_car_55_-_unsafe_release.pdf,live_standalone,False,Qualifying,secondary_qualifying,pit_lane_procedure,excluded,Qualifying document did not match the frozen qualifying-impeding family.,2025|secondary_qualifying|pit_lane_procedure,5,1,5da2f63342b8cd5365d2e307d60602055eb9a5df504f2dc8f90b717d8eefe076,,,,,,
exclusion-qa-fia-2025-aut-22159fe033fb,fia-2025-aut-22159fe033fb,2025-aut,2025,11,Austrian Grand Prix,Doc 28 - Infringement - Car 63 - Pit Lane Incident,https://www.fia.com/system/files/decision-document/2025_austrian_grand_prix_-_infringement_-_car_63_-_pit_lane_incident.pdf,live_standalone,False,Qualifying,secondary_qualifying,pit_lane_procedure,excluded,Qualifying document did not match the frozen qualifying-impeding family.,2025|secondary_qualifying|pit_lane_procedure,5,2,b148a2a41c172c47e19caff7eb54886399136a1c329fa407bada85c60c1d3f5c,,,,,,
exclusion-qa-fia-2025-usa-0d0255f52838,fia-2025-usa-0d0255f52838,2025-usa,2025,19,United States Grand Prix,Doc 43 - Infringement - Car 5 - Pit Lane Speeding,https://www.fia.com/system/files/decision-document/2025_united_states_grand_prix_-_infringement_-_car_5_-_pit_lane_speeding.pdf,corrected_successor,False,Qualifying,secondary_qualifying,pit_lane_speeding,excluded,Qualifying document did not match the frozen qualifying-impeding family.,2025|secondary_qualifying|pit_lane_speeding,1,1,0fa13158e5eed963893f342dd35cbdc9f356a72ebfcad53bff396d435543d9cb,,,,,,
exclusion-qa-fia-2025-bhr-cdd5c375a054,fia-2025-bhr-cdd5c375a054,2025-bhr,2025,4,Bahrain Grand Prix,Doc 34 - Infringement - Car 12 - Alleged failure to follow Race Director's instructions (Fast lane),https://www.fia.com/system/files/decision-document/2025_bahrain_grand_prix_-_infringement_-_car_12_-_alleged_failure_to_follow_race_directors_instructions_fast_lane.pdf,live_standalone,False,Qualifying,secondary_qualifying,race_direction_or_slow_driving,excluded,Qualifying document did not match the frozen qualifying-impeding family.,2025|secondary_qualifying|race_direction_or_slow_driving,7,1,0a82ca61ce856f2f5bb4b14da1338da8ea310419ef50146c5805c287853a2098,,,,,,
exclusion-qa-fia-2025-qat-bd47e8ca8962,fia-2025-qat-bd47e8ca8962,2025-qat,2025,23,Qatar Grand Prix,Doc 18 - Infringement - Car 27 - Failure to follow Race Director's Instructions,https://www.fia.com/system/files/decision-document/2025_qatar_grand_prix_-_infringement_-_car_27_-_failure_to_follow_race_directors_instructions.pdf,live_standalone,False,Sprint Qualifying,secondary_qualifying,race_direction_or_slow_driving,excluded,Qualifying document did not match the frozen qualifying-impeding family.,2025|secondary_qualifying|race_direction_or_slow_driving,7,2,2382788d0d9b91d966665c8bdff27d076655c8fcfe66a1245f65c5a56ff87ca3,,,,,,
exclusion-qa-fia-2025-bhr-b17713f733b9,fia-2025-bhr-b17713f733b9,2025-bhr,2025,4,Bahrain Grand Prix,Doc 31 - Infringement - Car 27 - Track Limits,https://www.fia.com/system/files/decision-document/2025_bahrain_grand_prix_-_infringement_-_car_27_-_track_limits.pdf,live_standalone,False,Qualifying,secondary_qualifying,routine_track_limits,excluded,Qualifying document did not match the frozen qualifying-impeding family.,2025|secondary_qualifying|routine_track_limits,1,1,39fdff1086fee36149758d26f7bc974ab2de6ccbcc57decad6117aaa30e2dad8,,,,,,
exclusion-qa-fia-2025-aze-33273cf1abb6,fia-2025-aze-33273cf1abb6,2025-aze,2025,17,Azerbaijan Grand Prix,Doc 31 - Infringement - Car 31 - Failure of rear wing main plane tip deflection test.,https://www.fia.com/system/files/decision-document/2025_azerbaijan_grand_prix_-_infringement_-_car_31_-_failure_of_rear_wing_main_plane_tip_deflection_test.pdf,live_standalone,False,Qualifying,secondary_qualifying,tyre_fuel_or_scrutineering,excluded,Qualifying document did not match the frozen qualifying-impeding family.,2025|secondary_qualifying|tyre_fuel_or_scrutineering,7,1,66c5a974d752fe0e26f82ddfab8d83e2351c090a6b357f2387ffc269b2e36503,,,,,,
exclusion-qa-fia-2025-sgp-21aa53f53b0e,fia-2025-sgp-21aa53f53b0e,2025-sgp,2025,18,Singapore Grand Prix,Doc 42 - Infringement - Car 23 - Technical Regulations (DRS),https://www.fia.com/system/files/decision-document/2025_singapore_grand_prix_-_infringement_-_car_23_-_technical_regulations_drs.pdf,live_standalone,False,Qualifying,secondary_qualifying,tyre_fuel_or_scrutineering,excluded,Qualifying document did not match the frozen qualifying-impeding family.,2025|secondary_qualifying|tyre_fuel_or_scrutineering,7,2,7dbae8d2fc1a037b2af78d9d892ba10e6e0661088b0644ff108c115ebab1e258,,,,,,
exclusion-qa-fia-2025-lvs-9b14759db1a0,fia-2025-lvs-9b14759db1a0,2025-lvs,2025,22,Las Vegas Grand Prix,Doc 35 - Decision - Car 55 - Alleged rejoining the track unsafely,https://www.fia.com/system/files/decision-document/2025_las_vegas_grand_prix_-_decision_-_car_55_-_alleged_rejoining_the_track_unsafely.pdf,live_standalone,False,Qualifying,secondary_qualifying,unclassified,unclassified,Qualifying document did not match the frozen qualifying-impeding family.,2025|secondary_qualifying|unclassified,1,1,bc2d7c18efd0c57909017f6192ca3c29fae4d20ec34950b8373cc10d8eaed519,,,,,,
exclusion-qa-fia-2025-ned-1002d40e6ddc,fia-2025-ned-1002d40e6ddc,2025-ned,2025,15,Dutch Grand Prix,Doc 33 - Decision - Car 18 - Failing to set a lap time within 107%,https://www.fia.com/system/files/decision-document/2025_dutch_grand_prix_-_decision_-_car_18_-_failing_to_set_a_lap_time_within_107.pdf,live_standalone,True,Unknown,unknown,lap_time_or_delta_procedure,excluded,Document matched predefined excluded offence family lap_time_or_delta_procedure.,2025|unknown|lap_time_or_delta_procedure,8,1,4334b312e72ac36cbcf6a7c8037a20e8711148c1a7d3669f339ae3ecc32032f2,,,,,,
exclusion-qa-fia-2025-sao-6f3255219741,fia-2025-sao-6f3255219741,2025-sao,2025,21,São Paulo Grand Prix,Doc 46 - Decision - Car 5 - Failing to set a lap time within 107%,https://www.fia.com/system/files/decision-document/2025_sao_paulo_grand_prix_-_decision_-_car_5_-_failing_to_set_a_lap_time_within_107.pdf,live_standalone,True,Unknown,unknown,lap_time_or_delta_procedure,excluded,Document matched predefined excluded offence family lap_time_or_delta_procedure.,2025|unknown|lap_time_or_delta_procedure,8,2,4e9b50a5e4e4caa62aabe7fc8462b15e9ccf15fc020b5c1f448a229750548c3a,,,,,,
exclusion-qa-fia-2025-lvs-68c6bd1e7271,fia-2025-lvs-68c6bd1e7271,2025-lvs,2025,22,Las Vegas Grand Prix,Doc 12 - Decision - Car 5 - Alleged failure to slow for yellow flags,https://www.fia.com/system/files/decision-document/2025_las_vegas_grand_prix_-_decision_-_car_5_-_alleged_failure_to_slow_for_yellow_flags.pdf,live_standalone,False,Unknown,unknown,neutralization_or_flag_procedure,excluded,Document matched predefined excluded offence family neutralization_or_flag_procedure.,2025|unknown|neutralization_or_flag_procedure,1,1,96c70929bee458b43656b2c9911f55e592042893a9467fc1e882cf1f6730dda7,,,,,,
exclusion-qa-fia-2025-lvs-f1eff9098333,fia-2025-lvs-f1eff9098333,2025-lvs,2025,22,Las Vegas Grand Prix,Doc 50 - Infringement - Car 23 - Exceeded speed limit when leaving the grid,https://www.fia.com/system/files/decision-document/2025_las_vegas_grand_prix_-_infringement_-_car_23_-_exceeded_speed_limit_when_leaving_the_grid.pdf,live_standalone,False,Unknown,unknown,pit_lane_speeding,excluded,Document matched predefined excluded offence family pit_lane_speeding.,2025|unknown|pit_lane_speeding,1,1,4979efb033b41c50bd514ce4a66626267aa6f17c00ca37d94bf3111cdfdf2339,,,,,,
exclusion-qa-fia-2025-chn-c71fa63dbf1f,fia-2025-chn-c71fa63dbf1f,2025-chn,2025,2,Chinese Grand Prix,Doc 13 - Decision - Cufrew,https://www.fia.com/system/files/decision-document/2025_chinese_grand_prix_-_decision_-_cufrew.pdf,live_standalone,True,Unknown,unknown,procedural_or_personnel,excluded,Document matched predefined excluded offence family procedural_or_personnel.,2025|unknown|procedural_or_personnel,4,1,15bd082f8d19987cc65ebb4bbcefcf719c63b6e85564df88d1cc88009f5d3268,,,,,,
exclusion-qa-fia-2025-abu-12b8c031f065,fia-2025-abu-12b8c031f065,2025-abu,2025,24,Abu Dhabi Grand Prix,Doc 22 - Infringement - Car 14 - Fan Engagement Activity,https://www.fia.com/system/files/decision-document/2025_abu_dhabi_grand_prix_-_infringement_-_car_14_-_fan_engagement_activity.pdf,live_standalone,False,Unknown,unknown,procedural_or_personnel,excluded,Document matched predefined excluded offence family procedural_or_personnel.,2025|unknown|procedural_or_personnel,4,2,3abb3467a252c3044a46e5616aa6d9640b712cf8f40a7c3c819e239d2a6a4d83,,,,,,
exclusion-qa-fia-2025-mia-42cbe69aae02,fia-2025-mia-42cbe69aae02,2025-mia,2025,6,Miami Grand Prix,Doc 84 - Decision - Red Bull - Protest against Car 63,https://www.fia.com/system/files/decision-document/2025_miami_grand_prix_-_decision_-_red_bull_-_protest_against_car_63.pdf,live_standalone,True,Unknown,unknown,protest_review_or_governance,excluded,Document matched predefined excluded offence family protest_review_or_governance.,2025|unknown|protest_review_or_governance,3,1,6219baa41542eb916f5b3d2e719b8076c66c2c7d0375f0ef1fd63a161aa5a7fb,,,,,,
exclusion-qa-fia-2025-can-a3a62e0f3106,fia-2025-can-a3a62e0f3106,2025-can,2025,10,Canadian Grand Prix,Doc 73 - Decision - Red Bull - Protest against Car 63,https://www.fia.com/system/files/decision-document/2025_canadian_grand_prix_-_decision_-_red_bull_-_protest_against_car_63.pdf,live_standalone,True,Unknown,unknown,protest_review_or_governance,excluded,Document matched predefined excluded offence family protest_review_or_governance.,2025|unknown|protest_review_or_governance,3,2,65de8625fec6f68c1123973cdcf01448c3a07d609950dfeefd7a715cbedb2b4b,,,,,,
exclusion-qa-fia-2025-aze-763ad7276654,fia-2025-aze-763ad7276654,2025-aze,2025,17,Azerbaijan Grand Prix,Doc 33 - Decision - Request for car 31 to start the race,https://www.fia.com/system/files/decision-document/2025_azerbaijan_grand_prix_-_decision_-_request_for_car_31_to_start_the_race.pdf,live_standalone,True,Unknown,unknown,start_or_grid_permission,excluded,Document matched predefined excluded offence family start_or_grid_permission.,2025|unknown|start_or_grid_permission,1,1,2aedd44e33ad498b42299a1253eff134b6749a08b11267d6b615820aa37534d2,,,,,,
exclusion-qa-fia-2025-sgp-3a7e5d7170ce,fia-2025-sgp-3a7e5d7170ce,2025-sgp,2025,18,Singapore Grand Prix,Doc 31 - DRS Infringement,https://www.fia.com/system/files/decision-document/2025_singapore_grand_prix_-_drs_infringement.pdf,live_standalone,True,Unknown,unknown,tyre_fuel_or_scrutineering,excluded,Document matched predefined excluded offence family tyre_fuel_or_scrutineering.,2025|unknown|tyre_fuel_or_scrutineering,3,1,502889fe73d4f80b6de39ba8590061187cb4fb18174ce79d3db6dc3b7c17a0a5,,,,,,
exclusion-qa-fia-2025-esp-19fda5a552bb,fia-2025-esp-19fda5a552bb,2025-esp,2025,9,Spanish Grand Prix,Doc 17 - Decision - Car 43 - Allegedly leaving the Pit Lane with a Technical Issue,https://www.fia.com/system/files/decision-document/2025_spanish_grand_prix_-_decision_-_car_43_-_allegedly_leaving_the_pit_lane_with_a_technical_issue.pdf,live_standalone,False,Unknown,unknown,tyre_fuel_or_scrutineering,excluded,Document matched predefined excluded offence family tyre_fuel_or_scrutineering.,2025|unknown|tyre_fuel_or_scrutineering,3,2,bfd56fb0cb8a0c65e5ada7df02c2ef05686e303461de4f83d86991586ed51e6a,,,,,,
