adjudication_instance_id,adjudication_id,incident_id,neighbor_rank,neighbor_adjudication_instance_id,neighbor_adjudication_id,neighbor_incident_id,distance,fully_compared_context_fields,compared_fields,neighbor_sanction_outcome,neighbor_outcome_family,neighbor_penalty_seconds,neighbor_penalty_points,neighbor_grid_places,match_stage,sanction_outcome,different_sanction_outcome,interpretation
adjudication-seed-fia-2018-abu-18bc30990ea3-01,adj-b68335d3407c00bc,incident-src-b68335d3407c00bc,1,adjudication-seed-fia-2018-abu-e3bd8959c0f4-01,adj-9a44d3fc12f61d17,incident-src-9a44d3fc12f61d17,0.0,3,first_lap_candidate|wet_track_candidate|safety_car_restart_candidate,True,time_penalty,5,1,,pre_review_feasibility,True,False,review_priority_only_pending_context_and_conduct_review
adjudication-seed-fia-2018-abu-18bc30990ea3-01,adj-b68335d3407c00bc,incident-src-b68335d3407c00bc,2,adjudication-seed-fia-2018-aut-6376daf466a5-01,adj-b25c86494efcda3c,incident-src-b25c86494efcda3c,0.0,3,first_lap_candidate|wet_track_candidate|safety_car_restart_candidate,False,no_further_action,,,,pre_review_feasibility,True,True,review_priority_only_pending_context_and_conduct_review
adjudication-seed-fia-2018-abu-18bc30990ea3-01,adj-b68335d3407c00bc,incident-src-b68335d3407c00bc,3,adjudication-seed-fia-2018-jpn-af0be8505555-01,adj-590d4355a3039791,incident-src-590d4355a3039791,0.0,3,first_lap_candidate|wet_track_candidate|safety_car_restart_candidate,True,time_penalty,5,1,,pre_review_feasibility,True,False,review_priority_only_pending_context_and_conduct_review
adjudication-seed-fia-2018-abu-18bc30990ea3-01,adj-b68335d3407c00bc,incident-src-b68335d3407c00bc,4,adjudication-seed-fia-2019-ita-e4746c5c634f-01,adj-c74375d6086c31ed,incident-src-c74375d6086c31ed,0.0,3,first_lap_candidate|wet_track_candidate|safety_car_restart_candidate,True,time_penalty,5,1,,pre_review_feasibility,True,False,review_priority_only_pending_context_and_conduct_review
adjudication-seed-fia-2018-abu-18bc30990ea3-01,adj-b68335d3407c00bc,incident-src-b68335d3407c00bc,5,adjudication-seed-fia-2019-mco-b0bed801d3e3-01,adj-1647a94a71c5efa4,incident-src-1647a94a71c5efa4,0.0,3,first_lap_candidate|wet_track_candidate|safety_car_restart_candidate,True,time_penalty,5,1,,pre_review_feasibility,True,False,review_priority_only_pending_context_and_conduct_review
adjudication-seed-fia-2018-abu-754824eaae10-01,adj-58eaa3eee308cb80,incident-src-58eaa3eee308cb80,1,adjudication-seed-fia-2018-abu-e3bd8959c0f4-01,adj-9a44d3fc12f61d17,incident-src-9a44d3fc12f61d17,0.0,3,first_lap_candidate|wet_track_candidate|safety_car_restart_candidate,True,time_penalty,5,1,,pre_review_feasibility,True,False,review_priority_only_pending_context_and_conduct_review
adjudication-seed-fia-2018-abu-754824eaae10-01,adj-58eaa3eee308cb80,incident-src-58eaa3eee308cb80,2,adjudication-seed-fia-2018-aut-6376daf466a5-01,adj-b25c86494efcda3c,incident-src-b25c86494efcda3c,0.0,3,first_lap_candidate|wet_track_candidate|safety_car_restart_candidate,False,no_further_action,,,,pre_review_feasibility,True,True,review_priority_only_pending_context_and_conduct_review
adjudication-seed-fia-2018-abu-754824eaae10-01,adj-58eaa3eee308cb80,incident-src-58eaa3eee308cb80,3,adjudication-seed-fia-2018-jpn-af0be8505555-01,adj-590d4355a3039791,incident-src-590d4355a3039791,0.0,3,first_lap_candidate|wet_track_candidate|safety_car_restart_candidate,True,time_penalty,5,1,,pre_review_feasibility,True,False,review_priority_only_pending_context_and_conduct_review
adjudication-seed-fia-2018-abu-754824eaae10-01,adj-58eaa3eee308cb80,incident-src-58eaa3eee308cb80,4,adjudication-seed-fia-2019-ita-e4746c5c634f-01,adj-c74375d6086c31ed,incident-src-c74375d6086c31ed,0.0,3,first_lap_candidate|wet_track_candidate|safety_car_restart_candidate,True,time_penalty,5,1,,pre_review_feasibility,True,False,review_priority_only_pending_context_and_conduct_review
adjudication-seed-fia-2018-abu-754824eaae10-01,adj-58eaa3eee308cb80,incident-src-58eaa3eee308cb80,5,adjudication-seed-fia-2019-mco-b0bed801d3e3-01,adj-1647a94a71c5efa4,incident-src-1647a94a71c5efa4,0.0,3,first_lap_candidate|wet_track_candidate|safety_car_restart_candidate,True,time_penalty,5,1,,pre_review_feasibility,True,False,review_priority_only_pending_context_and_conduct_review
adjudication-seed-fia-2018-abu-b67f80da207e-01,adj-2082537af6db5e25,incident-src-2082537af6db5e25,1,adjudication-seed-fia-2018-aze-23f8b0b5b715-01,adj-cbb36a04e5932d9a,incident-src-cbb36a04e5932d9a,0.0,3,first_lap_candidate|wet_track_candidate|safety_car_restart_candidate,True,time_penalty,10,2,,pre_review_feasibility,False,True,review_priority_only_pending_context_and_conduct_review
adjudication-seed-fia-2018-abu-b67f80da207e-01,adj-2082537af6db5e25,incident-src-2082537af6db5e25,2,adjudication-seed-fia-2018-aze-4fbe7e105140-01,adj-915feddd8ae6b043,incident-src-915feddd8ae6b043,0.0,3,first_lap_candidate|wet_track_candidate|safety_car_restart_candidate,True,grid_penalty,,2,3,pre_review_feasibility,False,True,review_priority_only_pending_context_and_conduct_review
adjudication-seed-fia-2018-abu-b67f80da207e-01,adj-2082537af6db5e25,incident-src-2082537af6db5e25,3,adjudication-seed-fia-2018-bel-5f9336c3c23e-01,adj-dad7e6d1095a4d05,incident-src-dad7e6d1095a4d05,0.0,3,first_lap_candidate|wet_track_candidate|safety_car_restart_candidate,True,time_penalty,5,2,,pre_review_feasibility,False,True,review_priority_only_pending_context_and_conduct_review
adjudication-seed-fia-2018-abu-b67f80da207e-01,adj-2082537af6db5e25,incident-src-2082537af6db5e25,4,adjudication-seed-fia-2018-bel-6346000a9777-01,adj-f2430a8dcab51295,incident-src-f2430a8dcab51295,0.0,3,first_lap_candidate|wet_track_candidate|safety_car_restart_candidate,True,grid_penalty,,3,10,pre_review_feasibility,False,True,review_priority_only_pending_context_and_conduct_review
adjudication-seed-fia-2018-abu-b67f80da207e-01,adj-2082537af6db5e25,incident-src-2082537af6db5e25,5,adjudication-seed-fia-2018-bhr-37959695abd9-01,adj-f085f5d8e175f3e4,incident-src-f085f5d8e175f3e4,0.0,3,first_lap_candidate|wet_track_candidate|safety_car_restart_candidate,True,time_penalty,10,2,,pre_review_feasibility,False,True,review_priority_only_pending_context_and_conduct_review
adjudication-seed-fia-2018-abu-ba74bbf1e4a2-01,adj-e83d46d8daf5ec73,incident-src-e83d46d8daf5ec73,1,adjudication-seed-fia-2018-abu-e3bd8959c0f4-01,adj-9a44d3fc12f61d17,incident-src-9a44d3fc12f61d17,0.0,3,first_lap_candidate|wet_track_candidate|safety_car_restart_candidate,True,time_penalty,5,1,,pre_review_feasibility,True,False,review_priority_only_pending_context_and_conduct_review
adjudication-seed-fia-2018-abu-ba74bbf1e4a2-01,adj-e83d46d8daf5ec73,incident-src-e83d46d8daf5ec73,2,adjudication-seed-fia-2018-aut-6376daf466a5-01,adj-b25c86494efcda3c,incident-src-b25c86494efcda3c,0.0,3,first_lap_candidate|wet_track_candidate|safety_car_restart_candidate,False,no_further_action,,,,pre_review_feasibility,True,True,review_priority_only_pending_context_and_conduct_review
adjudication-seed-fia-2018-abu-ba74bbf1e4a2-01,adj-e83d46d8daf5ec73,incident-src-e83d46d8daf5ec73,3,adjudication-seed-fia-2018-jpn-af0be8505555-01,adj-590d4355a3039791,incident-src-590d4355a3039791,0.0,3,first_lap_candidate|wet_track_candidate|safety_car_restart_candidate,True,time_penalty,5,1,,pre_review_feasibility,True,False,review_priority_only_pending_context_and_conduct_review
adjudication-seed-fia-2018-abu-ba74bbf1e4a2-01,adj-e83d46d8daf5ec73,incident-src-e83d46d8daf5ec73,4,adjudication-seed-fia-2019-ita-e4746c5c634f-01,adj-c74375d6086c31ed,incident-src-c74375d6086c31ed,0.0,3,first_lap_candidate|wet_track_candidate|safety_car_restart_candidate,True,time_penalty,5,1,,pre_review_feasibility,True,False,review_priority_only_pending_context_and_conduct_review
adjudication-seed-fia-2018-abu-ba74bbf1e4a2-01,adj-e83d46d8daf5ec73,incident-src-e83d46d8daf5ec73,5,adjudication-seed-fia-2019-mco-b0bed801d3e3-01,adj-1647a94a71c5efa4,incident-src-1647a94a71c5efa4,0.0,3,first_lap_candidate|wet_track_candidate|safety_car_restart_candidate,True,time_penalty,5,1,,pre_review_feasibility,True,False,review_priority_only_pending_context_and_conduct_review
adjudication-seed-fia-2018-abu-e3bd8959c0f4-01,adj-9a44d3fc12f61d17,incident-src-9a44d3fc12f61d17,1,adjudication-seed-fia-2018-abu-18bc30990ea3-01,adj-b68335d3407c00bc,incident-src-b68335d3407c00bc,0.0,3,first_lap_candidate|wet_track_candidate|safety_car_restart_candidate,True,time_penalty,5,1,,pre_review_feasibility,True,False,review_priority_only_pending_context_and_conduct_review
adjudication-seed-fia-2018-abu-e3bd8959c0f4-01,adj-9a44d3fc12f61d17,incident-src-9a44d3fc12f61d17,2,adjudication-seed-fia-2018-abu-754824eaae10-01,adj-58eaa3eee308cb80,incident-src-58eaa3eee308cb80,0.0,3,first_lap_candidate|wet_track_candidate|safety_car_restart_candidate,True,time_penalty,5,1,,pre_review_feasibility,True,False,review_priority_only_pending_context_and_conduct_review
adjudication-seed-fia-2018-abu-e3bd8959c0f4-01,adj-9a44d3fc12f61d17,incident-src-9a44d3fc12f61d17,3,adjudication-seed-fia-2018-abu-ba74bbf1e4a2-01,adj-e83d46d8daf5ec73,incident-src-e83d46d8daf5ec73,0.0,3,first_lap_candidate|wet_track_candidate|safety_car_restart_candidate,True,time_penalty,5,1,,pre_review_feasibility,True,False,review_priority_only_pending_context_and_conduct_review
adjudication-seed-fia-2018-abu-e3bd8959c0f4-01,adj-9a44d3fc12f61d17,incident-src-9a44d3fc12f61d17,4,adjudication-seed-fia-2018-aut-6376daf466a5-01,adj-b25c86494efcda3c,incident-src-b25c86494efcda3c,0.0,3,first_lap_candidate|wet_track_candidate|safety_car_restart_candidate,False,no_further_action,,,,pre_review_feasibility,True,True,review_priority_only_pending_context_and_conduct_review
adjudication-seed-fia-2018-abu-e3bd8959c0f4-01,adj-9a44d3fc12f61d17,incident-src-9a44d3fc12f61d17,5,adjudication-seed-fia-2018-jpn-af0be8505555-01,adj-590d4355a3039791,incident-src-590d4355a3039791,0.0,3,first_lap_candidate|wet_track_candidate|safety_car_restart_candidate,True,time_penalty,5,1,,pre_review_feasibility,True,False,review_priority_only_pending_context_and_conduct_review
adjudication-seed-fia-2018-aut-6376daf466a5-01,adj-b25c86494efcda3c,incident-src-b25c86494efcda3c,1,adjudication-seed-fia-2018-abu-18bc30990ea3-01,adj-b68335d3407c00bc,incident-src-b68335d3407c00bc,0.0,3,first_lap_candidate|wet_track_candidate|safety_car_restart_candidate,True,time_penalty,5,1,,pre_review_feasibility,False,True,review_priority_only_pending_context_and_conduct_review
adjudication-seed-fia-2018-aut-6376daf466a5-01,adj-b25c86494efcda3c,incident-src-b25c86494efcda3c,2,adjudication-seed-fia-2018-abu-754824eaae10-01,adj-58eaa3eee308cb80,incident-src-58eaa3eee308cb80,0.0,3,first_lap_candidate|wet_track_candidate|safety_car_restart_candidate,True,time_penalty,5,1,,pre_review_feasibility,False,True,review_priority_only_pending_context_and_conduct_review
adjudication-seed-fia-2018-aut-6376daf466a5-01,adj-b25c86494efcda3c,incident-src-b25c86494efcda3c,3,adjudication-seed-fia-2018-abu-ba74bbf1e4a2-01,adj-e83d46d8daf5ec73,incident-src-e83d46d8daf5ec73,0.0,3,first_lap_candidate|wet_track_candidate|safety_car_restart_candidate,True,time_penalty,5,1,,pre_review_feasibility,False,True,review_priority_only_pending_context_and_conduct_review
adjudication-seed-fia-2018-aut-6376daf466a5-01,adj-b25c86494efcda3c,incident-src-b25c86494efcda3c,4,adjudication-seed-fia-2018-abu-e3bd8959c0f4-01,adj-9a44d3fc12f61d17,incident-src-9a44d3fc12f61d17,0.0,3,first_lap_candidate|wet_track_candidate|safety_car_restart_candidate,True,time_penalty,5,1,,pre_review_feasibility,False,True,review_priority_only_pending_context_and_conduct_review
adjudication-seed-fia-2018-aut-6376daf466a5-01,adj-b25c86494efcda3c,incident-src-b25c86494efcda3c,5,adjudication-seed-fia-2018-jpn-af0be8505555-01,adj-590d4355a3039791,incident-src-590d4355a3039791,0.0,3,first_lap_candidate|wet_track_candidate|safety_car_restart_candidate,True,time_penalty,5,1,,pre_review_feasibility,False,True,review_priority_only_pending_context_and_conduct_review
adjudication-seed-fia-2018-aut-9c50973f6716-01,adj-42055c7ca321d011,incident-src-42055c7ca321d011,1,adjudication-seed-fia-2018-jpn-a4bf4fc25a1f-01,adj-98570c1c2d9d82a6,incident-src-98570c1c2d9d82a6,0.3333333333333333,3,first_lap_candidate|wet_track_candidate|safety_car_restart_candidate,True,time_penalty,5,2,,pre_review_feasibility,False,True,review_priority_only_pending_context_and_conduct_review
adjudication-seed-fia-2018-aut-9c50973f6716-01,adj-42055c7ca321d011,incident-src-42055c7ca321d011,2,adjudication-seed-fia-2018-mex-3075233c69d9-01,adj-f55b2703a638bc6a,incident-src-f55b2703a638bc6a,0.3333333333333333,3,first_lap_candidate|wet_track_candidate|safety_car_restart_candidate,False,no_further_action,,,,pre_review_feasibility,False,False,review_priority_only_pending_context_and_conduct_review
adjudication-seed-fia-2018-aut-9c50973f6716-01,adj-42055c7ca321d011,incident-src-42055c7ca321d011,3,adjudication-seed-fia-2018-sgp-329a49e8cbe6-01,adj-e07caee25859dbf7,incident-src-e07caee25859dbf7,0.3333333333333333,3,first_lap_candidate|wet_track_candidate|safety_car_restart_candidate,True,time_penalty,5,2,,pre_review_feasibility,False,True,review_priority_only_pending_context_and_conduct_review
adjudication-seed-fia-2018-aut-9c50973f6716-01,adj-42055c7ca321d011,incident-src-42055c7ca321d011,4,adjudication-seed-fia-2019-bel-0c5b8806e8e5-01,adj-12ea78eb0fa53af2,incident-src-12ea78eb0fa53af2,0.3333333333333333,3,first_lap_candidate|wet_track_candidate|safety_car_restart_candidate,False,no_further_action,,,,pre_review_feasibility,False,False,review_priority_only_pending_context_and_conduct_review
adjudication-seed-fia-2018-aut-9c50973f6716-01,adj-42055c7ca321d011,incident-src-42055c7ca321d011,5,adjudication-seed-fia-2020-ita-5e5acd0fdb41-01,adj-0b5349f408329019,incident-src-0b5349f408329019,0.3333333333333333,3,first_lap_candidate|wet_track_candidate|safety_car_restart_candidate,False,no_further_action,,,,pre_review_feasibility,False,False,review_priority_only_pending_context_and_conduct_review
adjudication-seed-fia-2018-aze-1bbf84530187-01,adj-e467c6122d516580,incident-src-e467c6122d516580,1,adjudication-seed-fia-2018-aze-b6df36c282b7-01,adj-b5b3a795e56fb51d,incident-src-b5b3a795e56fb51d,0.0,3,first_lap_candidate|wet_track_candidate|safety_car_restart_candidate,True,time_penalty,10,2,,pre_review_feasibility,False,True,review_priority_only_pending_context_and_conduct_review
adjudication-seed-fia-2018-aze-1bbf84530187-01,adj-e467c6122d516580,incident-src-e467c6122d516580,2,adjudication-seed-fia-2018-bra-1cf7293f9bee-01,adj-39523131c9d9684d,incident-src-39523131c9d9684d,0.0,3,first_lap_candidate|wet_track_candidate|safety_car_restart_candidate,True,stop_go,,3,,pre_review_feasibility,False,True,review_priority_only_pending_context_and_conduct_review
adjudication-seed-fia-2018-aze-1bbf84530187-01,adj-e467c6122d516580,incident-src-e467c6122d516580,3,adjudication-seed-fia-2018-chn-ad3c0076d583-01,adj-171323b01c7fd2e4,incident-src-171323b01c7fd2e4,0.0,3,first_lap_candidate|wet_track_candidate|safety_car_restart_candidate,True,time_penalty,10,2,,pre_review_feasibility,False,True,review_priority_only_pending_context_and_conduct_review
adjudication-seed-fia-2018-aze-1bbf84530187-01,adj-e467c6122d516580,incident-src-e467c6122d516580,4,adjudication-seed-fia-2018-chn-e98fbe4695b8-01,adj-04b290c26ab9e55d,incident-src-04b290c26ab9e55d,0.0,3,first_lap_candidate|wet_track_candidate|safety_car_restart_candidate,True,time_penalty,10,2,,pre_review_feasibility,False,True,review_priority_only_pending_context_and_conduct_review
adjudication-seed-fia-2018-aze-1bbf84530187-01,adj-e467c6122d516580,incident-src-e467c6122d516580,5,adjudication-seed-fia-2018-gbr-33466a876bdd-01,adj-f0f6dfe8d6cd5cc8,incident-src-f0f6dfe8d6cd5cc8,0.0,3,first_lap_candidate|wet_track_candidate|safety_car_restart_candidate,True,time_penalty,5,2,,pre_review_feasibility,False,True,review_priority_only_pending_context_and_conduct_review
adjudication-seed-fia-2018-aze-23f8b0b5b715-01,adj-cbb36a04e5932d9a,incident-src-cbb36a04e5932d9a,1,adjudication-seed-fia-2018-abu-b67f80da207e-01,adj-2082537af6db5e25,incident-src-2082537af6db5e25,0.0,3,first_lap_candidate|wet_track_candidate|safety_car_restart_candidate,False,no_further_action,,,,pre_review_feasibility,True,True,review_priority_only_pending_context_and_conduct_review
adjudication-seed-fia-2018-aze-23f8b0b5b715-01,adj-cbb36a04e5932d9a,incident-src-cbb36a04e5932d9a,2,adjudication-seed-fia-2018-aze-4fbe7e105140-01,adj-915feddd8ae6b043,incident-src-915feddd8ae6b043,0.0,3,first_lap_candidate|wet_track_candidate|safety_car_restart_candidate,True,grid_penalty,,2,3,pre_review_feasibility,True,False,review_priority_only_pending_context_and_conduct_review
adjudication-seed-fia-2018-aze-23f8b0b5b715-01,adj-cbb36a04e5932d9a,incident-src-cbb36a04e5932d9a,3,adjudication-seed-fia-2018-bel-5f9336c3c23e-01,adj-dad7e6d1095a4d05,incident-src-dad7e6d1095a4d05,0.0,3,first_lap_candidate|wet_track_candidate|safety_car_restart_candidate,True,time_penalty,5,2,,pre_review_feasibility,True,False,review_priority_only_pending_context_and_conduct_review
adjudication-seed-fia-2018-aze-23f8b0b5b715-01,adj-cbb36a04e5932d9a,incident-src-cbb36a04e5932d9a,4,adjudication-seed-fia-2018-bel-6346000a9777-01,adj-f2430a8dcab51295,incident-src-f2430a8dcab51295,0.0,3,first_lap_candidate|wet_track_candidate|safety_car_restart_candidate,True,grid_penalty,,3,10,pre_review_feasibility,True,False,review_priority_only_pending_context_and_conduct_review
adjudication-seed-fia-2018-aze-23f8b0b5b715-01,adj-cbb36a04e5932d9a,incident-src-cbb36a04e5932d9a,5,adjudication-seed-fia-2018-bhr-37959695abd9-01,adj-f085f5d8e175f3e4,incident-src-f085f5d8e175f3e4,0.0,3,first_lap_candidate|wet_track_candidate|safety_car_restart_candidate,True,time_penalty,10,2,,pre_review_feasibility,True,False,review_priority_only_pending_context_and_conduct_review
adjudication-seed-fia-2018-aze-3e59a6773794-01,adj-2244116a8d1885ec,incident-src-2244116a8d1885ec,1,adjudication-seed-fia-2018-fra-e65d0d06dbb7-01,adj-2528c2aa99cc8fa3,incident-src-2528c2aa99cc8fa3,0.0,4,attacker_line_candidate|first_lap_candidate|wet_track_candidate|safety_car_restart_candidate,True,time_penalty,5,2,,pre_review_feasibility,False,True,review_priority_only_pending_context_and_conduct_review
adjudication-seed-fia-2018-aze-3e59a6773794-01,adj-2244116a8d1885ec,incident-src-2244116a8d1885ec,2,adjudication-seed-fia-2018-gbr-f20a2f7cd356-01,adj-5384303bfd85706c,incident-src-5384303bfd85706c,0.0,4,attacker_line_candidate|first_lap_candidate|wet_track_candidate|safety_car_restart_candidate,True,time_penalty,10,2,,pre_review_feasibility,False,True,review_priority_only_pending_context_and_conduct_review
adjudication-seed-fia-2018-aze-3e59a6773794-01,adj-2244116a8d1885ec,incident-src-2244116a8d1885ec,3,adjudication-seed-fia-2019-sgp-d456f4419d4f-01,adj-2863482e9bf6ad20,incident-group-baa04254fb857cd2,0.0,4,attacker_line_candidate|first_lap_candidate|wet_track_candidate|safety_car_restart_candidate,False,no_further_action,,,,pre_review_feasibility,False,False,review_priority_only_pending_context_and_conduct_review
adjudication-seed-fia-2018-aze-3e59a6773794-01,adj-2244116a8d1885ec,incident-src-2244116a8d1885ec,4,adjudication-seed-fia-2019-sgp-e6c461804492-01,adj-a7bd7c94072cc013,incident-group-baa04254fb857cd2,0.0,4,attacker_line_candidate|first_lap_candidate|wet_track_candidate|safety_car_restart_candidate,False,no_further_action,,,,pre_review_feasibility,False,False,review_priority_only_pending_context_and_conduct_review
adjudication-seed-fia-2018-aze-3e59a6773794-01,adj-2244116a8d1885ec,incident-src-2244116a8d1885ec,5,adjudication-seed-fia-2021-gbr-2edd347d5de5-01,adj-a02457481a461185,incident-src-a02457481a461185,0.0,4,attacker_line_candidate|first_lap_candidate|wet_track_candidate|safety_car_restart_candidate,True,time_penalty,10,2,,pre_review_feasibility,False,True,review_priority_only_pending_context_and_conduct_review
adjudication-seed-fia-2018-aze-4fbe7e105140-01,adj-915feddd8ae6b043,incident-src-915feddd8ae6b043,1,adjudication-seed-fia-2018-abu-b67f80da207e-01,adj-2082537af6db5e25,incident-src-2082537af6db5e25,0.0,3,first_lap_candidate|wet_track_candidate|safety_car_restart_candidate,False,no_further_action,,,,pre_review_feasibility,True,True,review_priority_only_pending_context_and_conduct_review
adjudication-seed-fia-2018-aze-4fbe7e105140-01,adj-915feddd8ae6b043,incident-src-915feddd8ae6b043,2,adjudication-seed-fia-2018-aze-23f8b0b5b715-01,adj-cbb36a04e5932d9a,incident-src-cbb36a04e5932d9a,0.0,3,first_lap_candidate|wet_track_candidate|safety_car_restart_candidate,True,time_penalty,10,2,,pre_review_feasibility,True,False,review_priority_only_pending_context_and_conduct_review
adjudication-seed-fia-2018-aze-4fbe7e105140-01,adj-915feddd8ae6b043,incident-src-915feddd8ae6b043,3,adjudication-seed-fia-2018-bel-5f9336c3c23e-01,adj-dad7e6d1095a4d05,incident-src-dad7e6d1095a4d05,0.0,3,first_lap_candidate|wet_track_candidate|safety_car_restart_candidate,True,time_penalty,5,2,,pre_review_feasibility,True,False,review_priority_only_pending_context_and_conduct_review
adjudication-seed-fia-2018-aze-4fbe7e105140-01,adj-915feddd8ae6b043,incident-src-915feddd8ae6b043,4,adjudication-seed-fia-2018-bel-6346000a9777-01,adj-f2430a8dcab51295,incident-src-f2430a8dcab51295,0.0,3,first_lap_candidate|wet_track_candidate|safety_car_restart_candidate,True,grid_penalty,,3,10,pre_review_feasibility,True,False,review_priority_only_pending_context_and_conduct_review
adjudication-seed-fia-2018-aze-4fbe7e105140-01,adj-915feddd8ae6b043,incident-src-915feddd8ae6b043,5,adjudication-seed-fia-2018-bhr-37959695abd9-01,adj-f085f5d8e175f3e4,incident-src-f085f5d8e175f3e4,0.0,3,first_lap_candidate|wet_track_candidate|safety_car_restart_candidate,True,time_penalty,10,2,,pre_review_feasibility,True,False,review_priority_only_pending_context_and_conduct_review
adjudication-seed-fia-2018-aze-94399ce60452-01,adj-fb216d7f0fbf8ff1,incident-src-fb216d7f0fbf8ff1,1,adjudication-seed-fia-2018-aze-b6df36c282b7-01,adj-b5b3a795e56fb51d,incident-src-b5b3a795e56fb51d,0.0,3,first_lap_candidate|wet_track_candidate|safety_car_restart_candidate,True,time_penalty,10,2,,pre_review_feasibility,False,True,review_priority_only_pending_context_and_conduct_review
adjudication-seed-fia-2018-aze-94399ce60452-01,adj-fb216d7f0fbf8ff1,incident-src-fb216d7f0fbf8ff1,2,adjudication-seed-fia-2018-bra-1cf7293f9bee-01,adj-39523131c9d9684d,incident-src-39523131c9d9684d,0.0,3,first_lap_candidate|wet_track_candidate|safety_car_restart_candidate,True,stop_go,,3,,pre_review_feasibility,False,True,review_priority_only_pending_context_and_conduct_review
adjudication-seed-fia-2018-aze-94399ce60452-01,adj-fb216d7f0fbf8ff1,incident-src-fb216d7f0fbf8ff1,3,adjudication-seed-fia-2018-chn-ad3c0076d583-01,adj-171323b01c7fd2e4,incident-src-171323b01c7fd2e4,0.0,3,first_lap_candidate|wet_track_candidate|safety_car_restart_candidate,True,time_penalty,10,2,,pre_review_feasibility,False,True,review_priority_only_pending_context_and_conduct_review
adjudication-seed-fia-2018-aze-94399ce60452-01,adj-fb216d7f0fbf8ff1,incident-src-fb216d7f0fbf8ff1,4,adjudication-seed-fia-2018-chn-e98fbe4695b8-01,adj-04b290c26ab9e55d,incident-src-04b290c26ab9e55d,0.0,3,first_lap_candidate|wet_track_candidate|safety_car_restart_candidate,True,time_penalty,10,2,,pre_review_feasibility,False,True,review_priority_only_pending_context_and_conduct_review
adjudication-seed-fia-2018-aze-94399ce60452-01,adj-fb216d7f0fbf8ff1,incident-src-fb216d7f0fbf8ff1,5,adjudication-seed-fia-2018-gbr-33466a876bdd-01,adj-f0f6dfe8d6cd5cc8,incident-src-f0f6dfe8d6cd5cc8,0.0,3,first_lap_candidate|wet_track_candidate|safety_car_restart_candidate,True,time_penalty,5,2,,pre_review_feasibility,False,True,review_priority_only_pending_context_and_conduct_review
adjudication-seed-fia-2018-aze-b6df36c282b7-01,adj-b5b3a795e56fb51d,incident-src-b5b3a795e56fb51d,1,adjudication-seed-fia-2018-aze-1bbf84530187-01,adj-e467c6122d516580,incident-src-e467c6122d516580,0.0,3,first_lap_candidate|wet_track_candidate|safety_car_restart_candidate,True,reprimand,,,,pre_review_feasibility,True,False,review_priority_only_pending_context_and_conduct_review
adjudication-seed-fia-2018-aze-b6df36c282b7-01,adj-b5b3a795e56fb51d,incident-src-b5b3a795e56fb51d,2,adjudication-seed-fia-2018-aze-94399ce60452-01,adj-fb216d7f0fbf8ff1,incident-src-fb216d7f0fbf8ff1,0.0,3,first_lap_candidate|wet_track_candidate|safety_car_restart_candidate,True,reprimand,,,,pre_review_feasibility,True,False,review_priority_only_pending_context_and_conduct_review
adjudication-seed-fia-2018-aze-b6df36c282b7-01,adj-b5b3a795e56fb51d,incident-src-b5b3a795e56fb51d,3,adjudication-seed-fia-2018-bra-1cf7293f9bee-01,adj-39523131c9d9684d,incident-src-39523131c9d9684d,0.0,3,first_lap_candidate|wet_track_candidate|safety_car_restart_candidate,True,stop_go,,3,,pre_review_feasibility,True,False,review_priority_only_pending_context_and_conduct_review
adjudication-seed-fia-2018-aze-b6df36c282b7-01,adj-b5b3a795e56fb51d,incident-src-b5b3a795e56fb51d,4,adjudication-seed-fia-2018-chn-ad3c0076d583-01,adj-171323b01c7fd2e4,incident-src-171323b01c7fd2e4,0.0,3,first_lap_candidate|wet_track_candidate|safety_car_restart_candidate,True,time_penalty,10,2,,pre_review_feasibility,True,False,review_priority_only_pending_context_and_conduct_review
adjudication-seed-fia-2018-aze-b6df36c282b7-01,adj-b5b3a795e56fb51d,incident-src-b5b3a795e56fb51d,5,adjudication-seed-fia-2018-chn-e98fbe4695b8-01,adj-04b290c26ab9e55d,incident-src-04b290c26ab9e55d,0.0,3,first_lap_candidate|wet_track_candidate|safety_car_restart_candidate,True,time_penalty,10,2,,pre_review_feasibility,True,False,review_priority_only_pending_context_and_conduct_review
adjudication-seed-fia-2018-bel-5f9336c3c23e-01,adj-dad7e6d1095a4d05,incident-src-dad7e6d1095a4d05,1,adjudication-seed-fia-2018-abu-b67f80da207e-01,adj-2082537af6db5e25,incident-src-2082537af6db5e25,0.0,3,first_lap_candidate|wet_track_candidate|safety_car_restart_candidate,False,no_further_action,,,,pre_review_feasibility,True,True,review_priority_only_pending_context_and_conduct_review
adjudication-seed-fia-2018-bel-5f9336c3c23e-01,adj-dad7e6d1095a4d05,incident-src-dad7e6d1095a4d05,2,adjudication-seed-fia-2018-aze-23f8b0b5b715-01,adj-cbb36a04e5932d9a,incident-src-cbb36a04e5932d9a,0.0,3,first_lap_candidate|wet_track_candidate|safety_car_restart_candidate,True,time_penalty,10,2,,pre_review_feasibility,True,False,review_priority_only_pending_context_and_conduct_review
adjudication-seed-fia-2018-bel-5f9336c3c23e-01,adj-dad7e6d1095a4d05,incident-src-dad7e6d1095a4d05,3,adjudication-seed-fia-2018-aze-4fbe7e105140-01,adj-915feddd8ae6b043,incident-src-915feddd8ae6b043,0.0,3,first_lap_candidate|wet_track_candidate|safety_car_restart_candidate,True,grid_penalty,,2,3,pre_review_feasibility,True,False,review_priority_only_pending_context_and_conduct_review
adjudication-seed-fia-2018-bel-5f9336c3c23e-01,adj-dad7e6d1095a4d05,incident-src-dad7e6d1095a4d05,4,adjudication-seed-fia-2018-bel-6346000a9777-01,adj-f2430a8dcab51295,incident-src-f2430a8dcab51295,0.0,3,first_lap_candidate|wet_track_candidate|safety_car_restart_candidate,True,grid_penalty,,3,10,pre_review_feasibility,True,False,review_priority_only_pending_context_and_conduct_review
adjudication-seed-fia-2018-bel-5f9336c3c23e-01,adj-dad7e6d1095a4d05,incident-src-dad7e6d1095a4d05,5,adjudication-seed-fia-2018-bhr-37959695abd9-01,adj-f085f5d8e175f3e4,incident-src-f085f5d8e175f3e4,0.0,3,first_lap_candidate|wet_track_candidate|safety_car_restart_candidate,True,time_penalty,10,2,,pre_review_feasibility,True,False,review_priority_only_pending_context_and_conduct_review
adjudication-seed-fia-2018-bel-6346000a9777-01,adj-f2430a8dcab51295,incident-src-f2430a8dcab51295,1,adjudication-seed-fia-2018-abu-b67f80da207e-01,adj-2082537af6db5e25,incident-src-2082537af6db5e25,0.0,3,first_lap_candidate|wet_track_candidate|safety_car_restart_candidate,False,no_further_action,,,,pre_review_feasibility,True,True,review_priority_only_pending_context_and_conduct_review
adjudication-seed-fia-2018-bel-6346000a9777-01,adj-f2430a8dcab51295,incident-src-f2430a8dcab51295,2,adjudication-seed-fia-2018-aze-23f8b0b5b715-01,adj-cbb36a04e5932d9a,incident-src-cbb36a04e5932d9a,0.0,3,first_lap_candidate|wet_track_candidate|safety_car_restart_candidate,True,time_penalty,10,2,,pre_review_feasibility,True,False,review_priority_only_pending_context_and_conduct_review
adjudication-seed-fia-2018-bel-6346000a9777-01,adj-f2430a8dcab51295,incident-src-f2430a8dcab51295,3,adjudication-seed-fia-2018-aze-4fbe7e105140-01,adj-915feddd8ae6b043,incident-src-915feddd8ae6b043,0.0,3,first_lap_candidate|wet_track_candidate|safety_car_restart_candidate,True,grid_penalty,,2,3,pre_review_feasibility,True,False,review_priority_only_pending_context_and_conduct_review
adjudication-seed-fia-2018-bel-6346000a9777-01,adj-f2430a8dcab51295,incident-src-f2430a8dcab51295,4,adjudication-seed-fia-2018-bel-5f9336c3c23e-01,adj-dad7e6d1095a4d05,incident-src-dad7e6d1095a4d05,0.0,3,first_lap_candidate|wet_track_candidate|safety_car_restart_candidate,True,time_penalty,5,2,,pre_review_feasibility,True,False,review_priority_only_pending_context_and_conduct_review
adjudication-seed-fia-2018-bel-6346000a9777-01,adj-f2430a8dcab51295,incident-src-f2430a8dcab51295,5,adjudication-seed-fia-2018-bhr-37959695abd9-01,adj-f085f5d8e175f3e4,incident-src-f085f5d8e175f3e4,0.0,3,first_lap_candidate|wet_track_candidate|safety_car_restart_candidate,True,time_penalty,10,2,,pre_review_feasibility,True,False,review_priority_only_pending_context_and_conduct_review
adjudication-seed-fia-2018-bhr-37959695abd9-01,adj-f085f5d8e175f3e4,incident-src-f085f5d8e175f3e4,1,adjudication-seed-fia-2018-abu-b67f80da207e-01,adj-2082537af6db5e25,incident-src-2082537af6db5e25,0.0,3,first_lap_candidate|wet_track_candidate|safety_car_restart_candidate,False,no_further_action,,,,pre_review_feasibility,True,True,review_priority_only_pending_context_and_conduct_review
adjudication-seed-fia-2018-bhr-37959695abd9-01,adj-f085f5d8e175f3e4,incident-src-f085f5d8e175f3e4,2,adjudication-seed-fia-2018-aze-23f8b0b5b715-01,adj-cbb36a04e5932d9a,incident-src-cbb36a04e5932d9a,0.0,3,first_lap_candidate|wet_track_candidate|safety_car_restart_candidate,True,time_penalty,10,2,,pre_review_feasibility,True,False,review_priority_only_pending_context_and_conduct_review
adjudication-seed-fia-2018-bhr-37959695abd9-01,adj-f085f5d8e175f3e4,incident-src-f085f5d8e175f3e4,3,adjudication-seed-fia-2018-aze-4fbe7e105140-01,adj-915feddd8ae6b043,incident-src-915feddd8ae6b043,0.0,3,first_lap_candidate|wet_track_candidate|safety_car_restart_candidate,True,grid_penalty,,2,3,pre_review_feasibility,True,False,review_priority_only_pending_context_and_conduct_review
adjudication-seed-fia-2018-bhr-37959695abd9-01,adj-f085f5d8e175f3e4,incident-src-f085f5d8e175f3e4,4,adjudication-seed-fia-2018-bel-5f9336c3c23e-01,adj-dad7e6d1095a4d05,incident-src-dad7e6d1095a4d05,0.0,3,first_lap_candidate|wet_track_candidate|safety_car_restart_candidate,True,time_penalty,5,2,,pre_review_feasibility,True,False,review_priority_only_pending_context_and_conduct_review
adjudication-seed-fia-2018-bhr-37959695abd9-01,adj-f085f5d8e175f3e4,incident-src-f085f5d8e175f3e4,5,adjudication-seed-fia-2018-bel-6346000a9777-01,adj-f2430a8dcab51295,incident-src-f2430a8dcab51295,0.0,3,first_lap_candidate|wet_track_candidate|safety_car_restart_candidate,True,grid_penalty,,3,10,pre_review_feasibility,True,False,review_priority_only_pending_context_and_conduct_review
adjudication-seed-fia-2018-bra-1cf7293f9bee-01,adj-39523131c9d9684d,incident-src-39523131c9d9684d,1,adjudication-seed-fia-2018-aze-1bbf84530187-01,adj-e467c6122d516580,incident-src-e467c6122d516580,0.0,3,first_lap_candidate|wet_track_candidate|safety_car_restart_candidate,True,reprimand,,,,pre_review_feasibility,True,False,review_priority_only_pending_context_and_conduct_review
adjudication-seed-fia-2018-bra-1cf7293f9bee-01,adj-39523131c9d9684d,incident-src-39523131c9d9684d,2,adjudication-seed-fia-2018-aze-94399ce60452-01,adj-fb216d7f0fbf8ff1,incident-src-fb216d7f0fbf8ff1,0.0,3,first_lap_candidate|wet_track_candidate|safety_car_restart_candidate,True,reprimand,,,,pre_review_feasibility,True,False,review_priority_only_pending_context_and_conduct_review
adjudication-seed-fia-2018-bra-1cf7293f9bee-01,adj-39523131c9d9684d,incident-src-39523131c9d9684d,3,adjudication-seed-fia-2018-aze-b6df36c282b7-01,adj-b5b3a795e56fb51d,incident-src-b5b3a795e56fb51d,0.0,3,first_lap_candidate|wet_track_candidate|safety_car_restart_candidate,True,time_penalty,10,2,,pre_review_feasibility,True,False,review_priority_only_pending_context_and_conduct_review
adjudication-seed-fia-2018-bra-1cf7293f9bee-01,adj-39523131c9d9684d,incident-src-39523131c9d9684d,4,adjudication-seed-fia-2018-chn-ad3c0076d583-01,adj-171323b01c7fd2e4,incident-src-171323b01c7fd2e4,0.0,3,first_lap_candidate|wet_track_candidate|safety_car_restart_candidate,True,time_penalty,10,2,,pre_review_feasibility,True,False,review_priority_only_pending_context_and_conduct_review
adjudication-seed-fia-2018-bra-1cf7293f9bee-01,adj-39523131c9d9684d,incident-src-39523131c9d9684d,5,adjudication-seed-fia-2018-chn-e98fbe4695b8-01,adj-04b290c26ab9e55d,incident-src-04b290c26ab9e55d,0.0,3,first_lap_candidate|wet_track_candidate|safety_car_restart_candidate,True,time_penalty,10,2,,pre_review_feasibility,True,False,review_priority_only_pending_context_and_conduct_review
adjudication-seed-fia-2018-can-6ea0e0275da8-01,adj-1bf13c58d15a0c62,incident-src-1bf13c58d15a0c62,1,adjudication-seed-fia-2018-abu-b67f80da207e-01,adj-2082537af6db5e25,incident-src-2082537af6db5e25,0.0,3,first_lap_candidate|wet_track_candidate|safety_car_restart_candidate,False,no_further_action,,,,pre_review_feasibility,False,False,review_priority_only_pending_context_and_conduct_review
adjudication-seed-fia-2018-can-6ea0e0275da8-01,adj-1bf13c58d15a0c62,incident-src-1bf13c58d15a0c62,2,adjudication-seed-fia-2018-aze-23f8b0b5b715-01,adj-cbb36a04e5932d9a,incident-src-cbb36a04e5932d9a,0.0,3,first_lap_candidate|wet_track_candidate|safety_car_restart_candidate,True,time_penalty,10,2,,pre_review_feasibility,False,True,review_priority_only_pending_context_and_conduct_review
adjudication-seed-fia-2018-can-6ea0e0275da8-01,adj-1bf13c58d15a0c62,incident-src-1bf13c58d15a0c62,3,adjudication-seed-fia-2018-aze-4fbe7e105140-01,adj-915feddd8ae6b043,incident-src-915feddd8ae6b043,0.0,3,first_lap_candidate|wet_track_candidate|safety_car_restart_candidate,True,grid_penalty,,2,3,pre_review_feasibility,False,True,review_priority_only_pending_context_and_conduct_review
adjudication-seed-fia-2018-can-6ea0e0275da8-01,adj-1bf13c58d15a0c62,incident-src-1bf13c58d15a0c62,4,adjudication-seed-fia-2018-bel-5f9336c3c23e-01,adj-dad7e6d1095a4d05,incident-src-dad7e6d1095a4d05,0.0,3,first_lap_candidate|wet_track_candidate|safety_car_restart_candidate,True,time_penalty,5,2,,pre_review_feasibility,False,True,review_priority_only_pending_context_and_conduct_review
adjudication-seed-fia-2018-can-6ea0e0275da8-01,adj-1bf13c58d15a0c62,incident-src-1bf13c58d15a0c62,5,adjudication-seed-fia-2018-bel-6346000a9777-01,adj-f2430a8dcab51295,incident-src-f2430a8dcab51295,0.0,3,first_lap_candidate|wet_track_candidate|safety_car_restart_candidate,True,grid_penalty,,3,10,pre_review_feasibility,False,True,review_priority_only_pending_context_and_conduct_review
adjudication-seed-fia-2018-can-fa41432364aa-01,adj-f0841610b6a2725d,incident-src-f0841610b6a2725d,1,adjudication-seed-fia-2020-aut-61b974e38056-01,adj-f6450ff6c230f5e0,incident-src-f6450ff6c230f5e0,0.0,4,overlap_candidate|first_lap_candidate|wet_track_candidate|safety_car_restart_candidate,True,time_penalty,5,2,,pre_review_feasibility,False,True,review_priority_only_pending_context_and_conduct_review
adjudication-seed-fia-2018-can-fa41432364aa-01,adj-f0841610b6a2725d,incident-src-f0841610b6a2725d,2,adjudication-seed-fia-2021-ita-4c12fa91b10c-01,adj-e4fd8aefb1774911,incident-src-e4fd8aefb1774911,0.0,4,overlap_candidate|first_lap_candidate|wet_track_candidate|safety_car_restart_candidate,True,time_penalty,5,1,,pre_review_feasibility,False,True,review_priority_only_pending_context_and_conduct_review
adjudication-seed-fia-2018-can-fa41432364aa-01,adj-f0841610b6a2725d,incident-src-f0841610b6a2725d,3,adjudication-seed-fia-2021-ita-d726c5d4355d-01,adj-1b5a174b1f09dff2,incident-src-1b5a174b1f09dff2,0.0,4,overlap_candidate|first_lap_candidate|wet_track_candidate|safety_car_restart_candidate,True,grid_penalty,,2,3,pre_review_feasibility,False,True,review_priority_only_pending_context_and_conduct_review
adjudication-seed-fia-2018-can-fa41432364aa-01,adj-f0841610b6a2725d,incident-src-f0841610b6a2725d,4,adjudication-seed-fia-2019-aut-529bae08f480-01,adj-524c6675088fdc18,incident-src-524c6675088fdc18,0.1,4,overlap_candidate|first_lap_candidate|wet_track_candidate|safety_car_restart_candidate,False,no_further_action,,,,pre_review_feasibility,False,False,review_priority_only_pending_context_and_conduct_review
adjudication-seed-fia-2018-can-fa41432364aa-01,adj-f0841610b6a2725d,incident-src-f0841610b6a2725d,5,adjudication-seed-fia-2019-aut-f8011f674d7f-01,adj-a7a3ac083e4cb040,incident-src-a7a3ac083e4cb040,0.1,4,overlap_candidate|first_lap_candidate|wet_track_candidate|safety_car_restart_candidate,False,no_further_action,,,,pre_review_feasibility,False,False,review_priority_only_pending_context_and_conduct_review
adjudication-seed-fia-2018-chn-ad3c0076d583-01,adj-171323b01c7fd2e4,incident-src-171323b01c7fd2e4,1,adjudication-seed-fia-2018-aze-1bbf84530187-01,adj-e467c6122d516580,incident-src-e467c6122d516580,0.0,3,first_lap_candidate|wet_track_candidate|safety_car_restart_candidate,True,reprimand,,,,pre_review_feasibility,True,False,review_priority_only_pending_context_and_conduct_review
adjudication-seed-fia-2018-chn-ad3c0076d583-01,adj-171323b01c7fd2e4,incident-src-171323b01c7fd2e4,2,adjudication-seed-fia-2018-aze-94399ce60452-01,adj-fb216d7f0fbf8ff1,incident-src-fb216d7f0fbf8ff1,0.0,3,first_lap_candidate|wet_track_candidate|safety_car_restart_candidate,True,reprimand,,,,pre_review_feasibility,True,False,review_priority_only_pending_context_and_conduct_review
adjudication-seed-fia-2018-chn-ad3c0076d583-01,adj-171323b01c7fd2e4,incident-src-171323b01c7fd2e4,3,adjudication-seed-fia-2018-aze-b6df36c282b7-01,adj-b5b3a795e56fb51d,incident-src-b5b3a795e56fb51d,0.0,3,first_lap_candidate|wet_track_candidate|safety_car_restart_candidate,True,time_penalty,10,2,,pre_review_feasibility,True,False,review_priority_only_pending_context_and_conduct_review
adjudication-seed-fia-2018-chn-ad3c0076d583-01,adj-171323b01c7fd2e4,incident-src-171323b01c7fd2e4,4,adjudication-seed-fia-2018-bra-1cf7293f9bee-01,adj-39523131c9d9684d,incident-src-39523131c9d9684d,0.0,3,first_lap_candidate|wet_track_candidate|safety_car_restart_candidate,True,stop_go,,3,,pre_review_feasibility,True,False,review_priority_only_pending_context_and_conduct_review
adjudication-seed-fia-2018-chn-ad3c0076d583-01,adj-171323b01c7fd2e4,incident-src-171323b01c7fd2e4,5,adjudication-seed-fia-2018-chn-e98fbe4695b8-01,adj-04b290c26ab9e55d,incident-src-04b290c26ab9e55d,0.0,3,first_lap_candidate|wet_track_candidate|safety_car_restart_candidate,True,time_penalty,10,2,,pre_review_feasibility,True,False,review_priority_only_pending_context_and_conduct_review
adjudication-seed-fia-2018-chn-e98fbe4695b8-01,adj-04b290c26ab9e55d,incident-src-04b290c26ab9e55d,1,adjudication-seed-fia-2018-aze-1bbf84530187-01,adj-e467c6122d516580,incident-src-e467c6122d516580,0.0,3,first_lap_candidate|wet_track_candidate|safety_car_restart_candidate,True,reprimand,,,,pre_review_feasibility,True,False,review_priority_only_pending_context_and_conduct_review
adjudication-seed-fia-2018-chn-e98fbe4695b8-01,adj-04b290c26ab9e55d,incident-src-04b290c26ab9e55d,2,adjudication-seed-fia-2018-aze-94399ce60452-01,adj-fb216d7f0fbf8ff1,incident-src-fb216d7f0fbf8ff1,0.0,3,first_lap_candidate|wet_track_candidate|safety_car_restart_candidate,True,reprimand,,,,pre_review_feasibility,True,False,review_priority_only_pending_context_and_conduct_review
adjudication-seed-fia-2018-chn-e98fbe4695b8-01,adj-04b290c26ab9e55d,incident-src-04b290c26ab9e55d,3,adjudication-seed-fia-2018-aze-b6df36c282b7-01,adj-b5b3a795e56fb51d,incident-src-b5b3a795e56fb51d,0.0,3,first_lap_candidate|wet_track_candidate|safety_car_restart_candidate,True,time_penalty,10,2,,pre_review_feasibility,True,False,review_priority_only_pending_context_and_conduct_review
adjudication-seed-fia-2018-chn-e98fbe4695b8-01,adj-04b290c26ab9e55d,incident-src-04b290c26ab9e55d,4,adjudication-seed-fia-2018-bra-1cf7293f9bee-01,adj-39523131c9d9684d,incident-src-39523131c9d9684d,0.0,3,first_lap_candidate|wet_track_candidate|safety_car_restart_candidate,True,stop_go,,3,,pre_review_feasibility,True,False,review_priority_only_pending_context_and_conduct_review
adjudication-seed-fia-2018-chn-e98fbe4695b8-01,adj-04b290c26ab9e55d,incident-src-04b290c26ab9e55d,5,adjudication-seed-fia-2018-chn-ad3c0076d583-01,adj-171323b01c7fd2e4,incident-src-171323b01c7fd2e4,0.0,3,first_lap_candidate|wet_track_candidate|safety_car_restart_candidate,True,time_penalty,10,2,,pre_review_feasibility,True,False,review_priority_only_pending_context_and_conduct_review
adjudication-seed-fia-2018-esp-231d287cafcd-01,adj-9fe86942c422bf75,incident-src-9fe86942c422bf75,1,adjudication-seed-fia-2018-abu-b67f80da207e-01,adj-2082537af6db5e25,incident-src-2082537af6db5e25,0.0,3,first_lap_candidate|wet_track_candidate|safety_car_restart_candidate,False,no_further_action,,,,pre_review_feasibility,True,True,review_priority_only_pending_context_and_conduct_review
adjudication-seed-fia-2018-esp-231d287cafcd-01,adj-9fe86942c422bf75,incident-src-9fe86942c422bf75,2,adjudication-seed-fia-2018-aze-23f8b0b5b715-01,adj-cbb36a04e5932d9a,incident-src-cbb36a04e5932d9a,0.0,3,first_lap_candidate|wet_track_candidate|safety_car_restart_candidate,True,time_penalty,10,2,,pre_review_feasibility,True,False,review_priority_only_pending_context_and_conduct_review
adjudication-seed-fia-2018-esp-231d287cafcd-01,adj-9fe86942c422bf75,incident-src-9fe86942c422bf75,3,adjudication-seed-fia-2018-aze-4fbe7e105140-01,adj-915feddd8ae6b043,incident-src-915feddd8ae6b043,0.0,3,first_lap_candidate|wet_track_candidate|safety_car_restart_candidate,True,grid_penalty,,2,3,pre_review_feasibility,True,False,review_priority_only_pending_context_and_conduct_review
adjudication-seed-fia-2018-esp-231d287cafcd-01,adj-9fe86942c422bf75,incident-src-9fe86942c422bf75,4,adjudication-seed-fia-2018-bel-5f9336c3c23e-01,adj-dad7e6d1095a4d05,incident-src-dad7e6d1095a4d05,0.0,3,first_lap_candidate|wet_track_candidate|safety_car_restart_candidate,True,time_penalty,5,2,,pre_review_feasibility,True,False,review_priority_only_pending_context_and_conduct_review
adjudication-seed-fia-2018-esp-231d287cafcd-01,adj-9fe86942c422bf75,incident-src-9fe86942c422bf75,5,adjudication-seed-fia-2018-bel-6346000a9777-01,adj-f2430a8dcab51295,incident-src-f2430a8dcab51295,0.0,3,first_lap_candidate|wet_track_candidate|safety_car_restart_candidate,True,grid_penalty,,3,10,pre_review_feasibility,True,False,review_priority_only_pending_context_and_conduct_review
adjudication-seed-fia-2018-fra-505561fd0edc-01,adj-7f9ab5cd4940bce4,incident-src-7f9ab5cd4940bce4,1,adjudication-seed-fia-2018-abu-b67f80da207e-01,adj-2082537af6db5e25,incident-src-2082537af6db5e25,0.0,3,first_lap_candidate|wet_track_candidate|safety_car_restart_candidate,False,no_further_action,,,,pre_review_feasibility,False,False,review_priority_only_pending_context_and_conduct_review
adjudication-seed-fia-2018-fra-505561fd0edc-01,adj-7f9ab5cd4940bce4,incident-src-7f9ab5cd4940bce4,2,adjudication-seed-fia-2018-aze-23f8b0b5b715-01,adj-cbb36a04e5932d9a,incident-src-cbb36a04e5932d9a,0.0,3,first_lap_candidate|wet_track_candidate|safety_car_restart_candidate,True,time_penalty,10,2,,pre_review_feasibility,False,True,review_priority_only_pending_context_and_conduct_review
adjudication-seed-fia-2018-fra-505561fd0edc-01,adj-7f9ab5cd4940bce4,incident-src-7f9ab5cd4940bce4,3,adjudication-seed-fia-2018-aze-4fbe7e105140-01,adj-915feddd8ae6b043,incident-src-915feddd8ae6b043,0.0,3,first_lap_candidate|wet_track_candidate|safety_car_restart_candidate,True,grid_penalty,,2,3,pre_review_feasibility,False,True,review_priority_only_pending_context_and_conduct_review
adjudication-seed-fia-2018-fra-505561fd0edc-01,adj-7f9ab5cd4940bce4,incident-src-7f9ab5cd4940bce4,4,adjudication-seed-fia-2018-bel-5f9336c3c23e-01,adj-dad7e6d1095a4d05,incident-src-dad7e6d1095a4d05,0.0,3,first_lap_candidate|wet_track_candidate|safety_car_restart_candidate,True,time_penalty,5,2,,pre_review_feasibility,False,True,review_priority_only_pending_context_and_conduct_review
adjudication-seed-fia-2018-fra-505561fd0edc-01,adj-7f9ab5cd4940bce4,incident-src-7f9ab5cd4940bce4,5,adjudication-seed-fia-2018-bel-6346000a9777-01,adj-f2430a8dcab51295,incident-src-f2430a8dcab51295,0.0,3,first_lap_candidate|wet_track_candidate|safety_car_restart_candidate,True,grid_penalty,,3,10,pre_review_feasibility,False,True,review_priority_only_pending_context_and_conduct_review
adjudication-seed-fia-2018-fra-80f5d9447315-01,adj-edac40e1e7230ec7,incident-src-edac40e1e7230ec7,1,adjudication-seed-fia-2018-abu-b67f80da207e-01,adj-2082537af6db5e25,incident-src-2082537af6db5e25,0.0,3,first_lap_candidate|wet_track_candidate|safety_car_restart_candidate,False,no_further_action,,,,pre_review_feasibility,True,True,review_priority_only_pending_context_and_conduct_review
adjudication-seed-fia-2018-fra-80f5d9447315-01,adj-edac40e1e7230ec7,incident-src-edac40e1e7230ec7,2,adjudication-seed-fia-2018-aze-23f8b0b5b715-01,adj-cbb36a04e5932d9a,incident-src-cbb36a04e5932d9a,0.0,3,first_lap_candidate|wet_track_candidate|safety_car_restart_candidate,True,time_penalty,10,2,,pre_review_feasibility,True,False,review_priority_only_pending_context_and_conduct_review
adjudication-seed-fia-2018-fra-80f5d9447315-01,adj-edac40e1e7230ec7,incident-src-edac40e1e7230ec7,3,adjudication-seed-fia-2018-aze-4fbe7e105140-01,adj-915feddd8ae6b043,incident-src-915feddd8ae6b043,0.0,3,first_lap_candidate|wet_track_candidate|safety_car_restart_candidate,True,grid_penalty,,2,3,pre_review_feasibility,True,False,review_priority_only_pending_context_and_conduct_review
adjudication-seed-fia-2018-fra-80f5d9447315-01,adj-edac40e1e7230ec7,incident-src-edac40e1e7230ec7,4,adjudication-seed-fia-2018-bel-5f9336c3c23e-01,adj-dad7e6d1095a4d05,incident-src-dad7e6d1095a4d05,0.0,3,first_lap_candidate|wet_track_candidate|safety_car_restart_candidate,True,time_penalty,5,2,,pre_review_feasibility,True,False,review_priority_only_pending_context_and_conduct_review
adjudication-seed-fia-2018-fra-80f5d9447315-01,adj-edac40e1e7230ec7,incident-src-edac40e1e7230ec7,5,adjudication-seed-fia-2018-bel-6346000a9777-01,adj-f2430a8dcab51295,incident-src-f2430a8dcab51295,0.0,3,first_lap_candidate|wet_track_candidate|safety_car_restart_candidate,True,grid_penalty,,3,10,pre_review_feasibility,True,False,review_priority_only_pending_context_and_conduct_review
adjudication-seed-fia-2018-fra-db6e1870bc40-01,adj-ff2eb72501ff888f,incident-src-ff2eb72501ff888f,1,adjudication-seed-fia-2018-abu-b67f80da207e-01,adj-2082537af6db5e25,incident-src-2082537af6db5e25,0.0,3,first_lap_candidate|wet_track_candidate|safety_car_restart_candidate,False,no_further_action,,,,pre_review_feasibility,False,False,review_priority_only_pending_context_and_conduct_review
adjudication-seed-fia-2018-fra-db6e1870bc40-01,adj-ff2eb72501ff888f,incident-src-ff2eb72501ff888f,2,adjudication-seed-fia-2018-aze-23f8b0b5b715-01,adj-cbb36a04e5932d9a,incident-src-cbb36a04e5932d9a,0.0,3,first_lap_candidate|wet_track_candidate|safety_car_restart_candidate,True,time_penalty,10,2,,pre_review_feasibility,False,True,review_priority_only_pending_context_and_conduct_review
adjudication-seed-fia-2018-fra-db6e1870bc40-01,adj-ff2eb72501ff888f,incident-src-ff2eb72501ff888f,3,adjudication-seed-fia-2018-aze-4fbe7e105140-01,adj-915feddd8ae6b043,incident-src-915feddd8ae6b043,0.0,3,first_lap_candidate|wet_track_candidate|safety_car_restart_candidate,True,grid_penalty,,2,3,pre_review_feasibility,False,True,review_priority_only_pending_context_and_conduct_review
adjudication-seed-fia-2018-fra-db6e1870bc40-01,adj-ff2eb72501ff888f,incident-src-ff2eb72501ff888f,4,adjudication-seed-fia-2018-bel-5f9336c3c23e-01,adj-dad7e6d1095a4d05,incident-src-dad7e6d1095a4d05,0.0,3,first_lap_candidate|wet_track_candidate|safety_car_restart_candidate,True,time_penalty,5,2,,pre_review_feasibility,False,True,review_priority_only_pending_context_and_conduct_review
adjudication-seed-fia-2018-fra-db6e1870bc40-01,adj-ff2eb72501ff888f,incident-src-ff2eb72501ff888f,5,adjudication-seed-fia-2018-bel-6346000a9777-01,adj-f2430a8dcab51295,incident-src-f2430a8dcab51295,0.0,3,first_lap_candidate|wet_track_candidate|safety_car_restart_candidate,True,grid_penalty,,3,10,pre_review_feasibility,False,True,review_priority_only_pending_context_and_conduct_review
adjudication-seed-fia-2018-fra-e65d0d06dbb7-01,adj-2528c2aa99cc8fa3,incident-src-2528c2aa99cc8fa3,1,adjudication-seed-fia-2018-aze-3e59a6773794-01,adj-2244116a8d1885ec,incident-src-2244116a8d1885ec,0.0,4,attacker_line_candidate|first_lap_candidate|wet_track_candidate|safety_car_restart_candidate,False,no_further_action,,,,pre_review_feasibility,True,True,review_priority_only_pending_context_and_conduct_review
adjudication-seed-fia-2018-fra-e65d0d06dbb7-01,adj-2528c2aa99cc8fa3,incident-src-2528c2aa99cc8fa3,2,adjudication-seed-fia-2018-gbr-f20a2f7cd356-01,adj-5384303bfd85706c,incident-src-5384303bfd85706c,0.0,4,attacker_line_candidate|first_lap_candidate|wet_track_candidate|safety_car_restart_candidate,True,time_penalty,10,2,,pre_review_feasibility,True,False,review_priority_only_pending_context_and_conduct_review
adjudication-seed-fia-2018-fra-e65d0d06dbb7-01,adj-2528c2aa99cc8fa3,incident-src-2528c2aa99cc8fa3,3,adjudication-seed-fia-2019-sgp-d456f4419d4f-01,adj-2863482e9bf6ad20,incident-group-baa04254fb857cd2,0.0,4,attacker_line_candidate|first_lap_candidate|wet_track_candidate|safety_car_restart_candidate,False,no_further_action,,,,pre_review_feasibility,True,True,review_priority_only_pending_context_and_conduct_review
adjudication-seed-fia-2018-fra-e65d0d06dbb7-01,adj-2528c2aa99cc8fa3,incident-src-2528c2aa99cc8fa3,4,adjudication-seed-fia-2019-sgp-e6c461804492-01,adj-a7bd7c94072cc013,incident-group-baa04254fb857cd2,0.0,4,attacker_line_candidate|first_lap_candidate|wet_track_candidate|safety_car_restart_candidate,False,no_further_action,,,,pre_review_feasibility,True,True,review_priority_only_pending_context_and_conduct_review
adjudication-seed-fia-2018-fra-e65d0d06dbb7-01,adj-2528c2aa99cc8fa3,incident-src-2528c2aa99cc8fa3,5,adjudication-seed-fia-2021-gbr-2edd347d5de5-01,adj-a02457481a461185,incident-src-a02457481a461185,0.0,4,attacker_line_candidate|first_lap_candidate|wet_track_candidate|safety_car_restart_candidate,True,time_penalty,10,2,,pre_review_feasibility,True,False,review_priority_only_pending_context_and_conduct_review
adjudication-seed-fia-2018-gbr-33466a876bdd-01,adj-f0f6dfe8d6cd5cc8,incident-src-f0f6dfe8d6cd5cc8,1,adjudication-seed-fia-2018-aze-1bbf84530187-01,adj-e467c6122d516580,incident-src-e467c6122d516580,0.0,3,first_lap_candidate|wet_track_candidate|safety_car_restart_candidate,True,reprimand,,,,pre_review_feasibility,True,False,review_priority_only_pending_context_and_conduct_review
adjudication-seed-fia-2018-gbr-33466a876bdd-01,adj-f0f6dfe8d6cd5cc8,incident-src-f0f6dfe8d6cd5cc8,2,adjudication-seed-fia-2018-aze-94399ce60452-01,adj-fb216d7f0fbf8ff1,incident-src-fb216d7f0fbf8ff1,0.0,3,first_lap_candidate|wet_track_candidate|safety_car_restart_candidate,True,reprimand,,,,pre_review_feasibility,True,False,review_priority_only_pending_context_and_conduct_review
adjudication-seed-fia-2018-gbr-33466a876bdd-01,adj-f0f6dfe8d6cd5cc8,incident-src-f0f6dfe8d6cd5cc8,3,adjudication-seed-fia-2018-aze-b6df36c282b7-01,adj-b5b3a795e56fb51d,incident-src-b5b3a795e56fb51d,0.0,3,first_lap_candidate|wet_track_candidate|safety_car_restart_candidate,True,time_penalty,10,2,,pre_review_feasibility,True,False,review_priority_only_pending_context_and_conduct_review
adjudication-seed-fia-2018-gbr-33466a876bdd-01,adj-f0f6dfe8d6cd5cc8,incident-src-f0f6dfe8d6cd5cc8,4,adjudication-seed-fia-2018-bra-1cf7293f9bee-01,adj-39523131c9d9684d,incident-src-39523131c9d9684d,0.0,3,first_lap_candidate|wet_track_candidate|safety_car_restart_candidate,True,stop_go,,3,,pre_review_feasibility,True,False,review_priority_only_pending_context_and_conduct_review
adjudication-seed-fia-2018-gbr-33466a876bdd-01,adj-f0f6dfe8d6cd5cc8,incident-src-f0f6dfe8d6cd5cc8,5,adjudication-seed-fia-2018-chn-ad3c0076d583-01,adj-171323b01c7fd2e4,incident-src-171323b01c7fd2e4,0.0,3,first_lap_candidate|wet_track_candidate|safety_car_restart_candidate,True,time_penalty,10,2,,pre_review_feasibility,True,False,review_priority_only_pending_context_and_conduct_review
adjudication-seed-fia-2018-gbr-70534cc8d2b4-01,adj-e2c907d5f1895cff,incident-src-e2c907d5f1895cff,1,adjudication-seed-fia-2018-hun-4bfaca494290-01,adj-dd118f0c5b27dc3e,incident-src-dd118f0c5b27dc3e,0.0,4,attacker_line_candidate|first_lap_candidate|wet_track_candidate|safety_car_restart_candidate,True,time_penalty,10,2,,pre_review_feasibility,False,True,review_priority_only_pending_context_and_conduct_review
adjudication-seed-fia-2018-gbr-70534cc8d2b4-01,adj-e2c907d5f1895cff,incident-src-e2c907d5f1895cff,2,adjudication-seed-fia-2019-esp-1de5310a284d-01,adj-93a2deb70e9576d9,incident-src-93a2deb70e9576d9,0.1,4,attacker_line_candidate|first_lap_candidate|wet_track_candidate|safety_car_restart_candidate,False,no_further_action,,,,pre_review_feasibility,False,False,review_priority_only_pending_context_and_conduct_review
adjudication-seed-fia-2018-gbr-70534cc8d2b4-01,adj-e2c907d5f1895cff,incident-src-e2c907d5f1895cff,3,adjudication-seed-fia-2019-esp-c8e31ce09c58-01,adj-08067a85a17122aa,incident-src-08067a85a17122aa,0.1,4,attacker_line_candidate|first_lap_candidate|wet_track_candidate|safety_car_restart_candidate,False,no_further_action,,,,pre_review_feasibility,False,False,review_priority_only_pending_context_and_conduct_review
adjudication-seed-fia-2018-gbr-70534cc8d2b4-01,adj-e2c907d5f1895cff,incident-src-e2c907d5f1895cff,4,adjudication-seed-fia-2018-aze-1bbf84530187-01,adj-e467c6122d516580,incident-src-e467c6122d516580,0.125,3,first_lap_candidate|wet_track_candidate|safety_car_restart_candidate,True,reprimand,,,,pre_review_feasibility,False,True,review_priority_only_pending_context_and_conduct_review
adjudication-seed-fia-2018-gbr-70534cc8d2b4-01,adj-e2c907d5f1895cff,incident-src-e2c907d5f1895cff,5,adjudication-seed-fia-2018-aze-94399ce60452-01,adj-fb216d7f0fbf8ff1,incident-src-fb216d7f0fbf8ff1,0.125,3,first_lap_candidate|wet_track_candidate|safety_car_restart_candidate,True,reprimand,,,,pre_review_feasibility,False,True,review_priority_only_pending_context_and_conduct_review
adjudication-seed-fia-2018-gbr-c4ec3bfd58d1-01,adj-71bfdbf175be2808,incident-group-5f15a97b01053cd7,1,adjudication-seed-fia-2018-abu-b67f80da207e-01,adj-2082537af6db5e25,incident-src-2082537af6db5e25,0.0,3,first_lap_candidate|wet_track_candidate|safety_car_restart_candidate,False,no_further_action,,,,pre_review_feasibility,False,False,review_priority_only_pending_context_and_conduct_review
adjudication-seed-fia-2018-gbr-c4ec3bfd58d1-01,adj-71bfdbf175be2808,incident-group-5f15a97b01053cd7,2,adjudication-seed-fia-2018-aze-23f8b0b5b715-01,adj-cbb36a04e5932d9a,incident-src-cbb36a04e5932d9a,0.0,3,first_lap_candidate|wet_track_candidate|safety_car_restart_candidate,True,time_penalty,10,2,,pre_review_feasibility,False,True,review_priority_only_pending_context_and_conduct_review
adjudication-seed-fia-2018-gbr-c4ec3bfd58d1-01,adj-71bfdbf175be2808,incident-group-5f15a97b01053cd7,3,adjudication-seed-fia-2018-aze-4fbe7e105140-01,adj-915feddd8ae6b043,incident-src-915feddd8ae6b043,0.0,3,first_lap_candidate|wet_track_candidate|safety_car_restart_candidate,True,grid_penalty,,2,3,pre_review_feasibility,False,True,review_priority_only_pending_context_and_conduct_review
adjudication-seed-fia-2018-gbr-c4ec3bfd58d1-01,adj-71bfdbf175be2808,incident-group-5f15a97b01053cd7,4,adjudication-seed-fia-2018-bel-5f9336c3c23e-01,adj-dad7e6d1095a4d05,incident-src-dad7e6d1095a4d05,0.0,3,first_lap_candidate|wet_track_candidate|safety_car_restart_candidate,True,time_penalty,5,2,,pre_review_feasibility,False,True,review_priority_only_pending_context_and_conduct_review
adjudication-seed-fia-2018-gbr-c4ec3bfd58d1-01,adj-71bfdbf175be2808,incident-group-5f15a97b01053cd7,5,adjudication-seed-fia-2018-bel-6346000a9777-01,adj-f2430a8dcab51295,incident-src-f2430a8dcab51295,0.0,3,first_lap_candidate|wet_track_candidate|safety_car_restart_candidate,True,grid_penalty,,3,10,pre_review_feasibility,False,True,review_priority_only_pending_context_and_conduct_review
adjudication-seed-fia-2018-gbr-dbd297e3a1ec-01,adj-5085c3b16294abcf,incident-group-5f15a97b01053cd7,1,adjudication-seed-fia-2018-abu-b67f80da207e-01,adj-2082537af6db5e25,incident-src-2082537af6db5e25,0.0,3,first_lap_candidate|wet_track_candidate|safety_car_restart_candidate,False,no_further_action,,,,pre_review_feasibility,False,False,review_priority_only_pending_context_and_conduct_review
adjudication-seed-fia-2018-gbr-dbd297e3a1ec-01,adj-5085c3b16294abcf,incident-group-5f15a97b01053cd7,2,adjudication-seed-fia-2018-aze-23f8b0b5b715-01,adj-cbb36a04e5932d9a,incident-src-cbb36a04e5932d9a,0.0,3,first_lap_candidate|wet_track_candidate|safety_car_restart_candidate,True,time_penalty,10,2,,pre_review_feasibility,False,True,review_priority_only_pending_context_and_conduct_review
adjudication-seed-fia-2018-gbr-dbd297e3a1ec-01,adj-5085c3b16294abcf,incident-group-5f15a97b01053cd7,3,adjudication-seed-fia-2018-aze-4fbe7e105140-01,adj-915feddd8ae6b043,incident-src-915feddd8ae6b043,0.0,3,first_lap_candidate|wet_track_candidate|safety_car_restart_candidate,True,grid_penalty,,2,3,pre_review_feasibility,False,True,review_priority_only_pending_context_and_conduct_review
adjudication-seed-fia-2018-gbr-dbd297e3a1ec-01,adj-5085c3b16294abcf,incident-group-5f15a97b01053cd7,4,adjudication-seed-fia-2018-bel-5f9336c3c23e-01,adj-dad7e6d1095a4d05,incident-src-dad7e6d1095a4d05,0.0,3,first_lap_candidate|wet_track_candidate|safety_car_restart_candidate,True,time_penalty,5,2,,pre_review_feasibility,False,True,review_priority_only_pending_context_and_conduct_review
adjudication-seed-fia-2018-gbr-dbd297e3a1ec-01,adj-5085c3b16294abcf,incident-group-5f15a97b01053cd7,5,adjudication-seed-fia-2018-bel-6346000a9777-01,adj-f2430a8dcab51295,incident-src-f2430a8dcab51295,0.0,3,first_lap_candidate|wet_track_candidate|safety_car_restart_candidate,True,grid_penalty,,3,10,pre_review_feasibility,False,True,review_priority_only_pending_context_and_conduct_review
adjudication-seed-fia-2018-gbr-f20a2f7cd356-01,adj-5384303bfd85706c,incident-src-5384303bfd85706c,1,adjudication-seed-fia-2018-aze-3e59a6773794-01,adj-2244116a8d1885ec,incident-src-2244116a8d1885ec,0.0,4,attacker_line_candidate|first_lap_candidate|wet_track_candidate|safety_car_restart_candidate,False,no_further_action,,,,pre_review_feasibility,True,True,review_priority_only_pending_context_and_conduct_review
adjudication-seed-fia-2018-gbr-f20a2f7cd356-01,adj-5384303bfd85706c,incident-src-5384303bfd85706c,2,adjudication-seed-fia-2018-fra-e65d0d06dbb7-01,adj-2528c2aa99cc8fa3,incident-src-2528c2aa99cc8fa3,0.0,4,attacker_line_candidate|first_lap_candidate|wet_track_candidate|safety_car_restart_candidate,True,time_penalty,5,2,,pre_review_feasibility,True,False,review_priority_only_pending_context_and_conduct_review
adjudication-seed-fia-2018-gbr-f20a2f7cd356-01,adj-5384303bfd85706c,incident-src-5384303bfd85706c,3,adjudication-seed-fia-2019-sgp-d456f4419d4f-01,adj-2863482e9bf6ad20,incident-group-baa04254fb857cd2,0.0,4,attacker_line_candidate|first_lap_candidate|wet_track_candidate|safety_car_restart_candidate,False,no_further_action,,,,pre_review_feasibility,True,True,review_priority_only_pending_context_and_conduct_review
adjudication-seed-fia-2018-gbr-f20a2f7cd356-01,adj-5384303bfd85706c,incident-src-5384303bfd85706c,4,adjudication-seed-fia-2019-sgp-e6c461804492-01,adj-a7bd7c94072cc013,incident-group-baa04254fb857cd2,0.0,4,attacker_line_candidate|first_lap_candidate|wet_track_candidate|safety_car_restart_candidate,False,no_further_action,,,,pre_review_feasibility,True,True,review_priority_only_pending_context_and_conduct_review
adjudication-seed-fia-2018-gbr-f20a2f7cd356-01,adj-5384303bfd85706c,incident-src-5384303bfd85706c,5,adjudication-seed-fia-2021-gbr-2edd347d5de5-01,adj-a02457481a461185,incident-src-a02457481a461185,0.0,4,attacker_line_candidate|first_lap_candidate|wet_track_candidate|safety_car_restart_candidate,True,time_penalty,10,2,,pre_review_feasibility,True,False,review_priority_only_pending_context_and_conduct_review
adjudication-seed-fia-2018-hun-4bfaca494290-01,adj-dd118f0c5b27dc3e,incident-src-dd118f0c5b27dc3e,1,adjudication-seed-fia-2018-gbr-70534cc8d2b4-01,adj-e2c907d5f1895cff,incident-src-e2c907d5f1895cff,0.0,4,attacker_line_candidate|first_lap_candidate|wet_track_candidate|safety_car_restart_candidate,False,no_further_action,,,,pre_review_feasibility,True,True,review_priority_only_pending_context_and_conduct_review
adjudication-seed-fia-2018-hun-4bfaca494290-01,adj-dd118f0c5b27dc3e,incident-src-dd118f0c5b27dc3e,2,adjudication-seed-fia-2019-esp-1de5310a284d-01,adj-93a2deb70e9576d9,incident-src-93a2deb70e9576d9,0.1,4,attacker_line_candidate|first_lap_candidate|wet_track_candidate|safety_car_restart_candidate,False,no_further_action,,,,pre_review_feasibility,True,True,review_priority_only_pending_context_and_conduct_review
adjudication-seed-fia-2018-hun-4bfaca494290-01,adj-dd118f0c5b27dc3e,incident-src-dd118f0c5b27dc3e,3,adjudication-seed-fia-2019-esp-c8e31ce09c58-01,adj-08067a85a17122aa,incident-src-08067a85a17122aa,0.1,4,attacker_line_candidate|first_lap_candidate|wet_track_candidate|safety_car_restart_candidate,False,no_further_action,,,,pre_review_feasibility,True,True,review_priority_only_pending_context_and_conduct_review
adjudication-seed-fia-2018-hun-4bfaca494290-01,adj-dd118f0c5b27dc3e,incident-src-dd118f0c5b27dc3e,4,adjudication-seed-fia-2018-aze-1bbf84530187-01,adj-e467c6122d516580,incident-src-e467c6122d516580,0.125,3,first_lap_candidate|wet_track_candidate|safety_car_restart_candidate,True,reprimand,,,,pre_review_feasibility,True,False,review_priority_only_pending_context_and_conduct_review
adjudication-seed-fia-2018-hun-4bfaca494290-01,adj-dd118f0c5b27dc3e,incident-src-dd118f0c5b27dc3e,5,adjudication-seed-fia-2018-aze-94399ce60452-01,adj-fb216d7f0fbf8ff1,incident-src-fb216d7f0fbf8ff1,0.125,3,first_lap_candidate|wet_track_candidate|safety_car_restart_candidate,True,reprimand,,,,pre_review_feasibility,True,False,review_priority_only_pending_context_and_conduct_review
adjudication-seed-fia-2018-ita-46eec3615f40-01,adj-baf8a03a8e84a2b5,incident-group-dc038f07ea0cd46a,1,adjudication-seed-fia-2018-abu-b67f80da207e-01,adj-2082537af6db5e25,incident-src-2082537af6db5e25,0.0,3,first_lap_candidate|wet_track_candidate|safety_car_restart_candidate,False,no_further_action,,,,pre_review_feasibility,False,False,review_priority_only_pending_context_and_conduct_review
adjudication-seed-fia-2018-ita-46eec3615f40-01,adj-baf8a03a8e84a2b5,incident-group-dc038f07ea0cd46a,2,adjudication-seed-fia-2018-aze-23f8b0b5b715-01,adj-cbb36a04e5932d9a,incident-src-cbb36a04e5932d9a,0.0,3,first_lap_candidate|wet_track_candidate|safety_car_restart_candidate,True,time_penalty,10,2,,pre_review_feasibility,False,True,review_priority_only_pending_context_and_conduct_review
adjudication-seed-fia-2018-ita-46eec3615f40-01,adj-baf8a03a8e84a2b5,incident-group-dc038f07ea0cd46a,3,adjudication-seed-fia-2018-aze-4fbe7e105140-01,adj-915feddd8ae6b043,incident-src-915feddd8ae6b043,0.0,3,first_lap_candidate|wet_track_candidate|safety_car_restart_candidate,True,grid_penalty,,2,3,pre_review_feasibility,False,True,review_priority_only_pending_context_and_conduct_review
adjudication-seed-fia-2018-ita-46eec3615f40-01,adj-baf8a03a8e84a2b5,incident-group-dc038f07ea0cd46a,4,adjudication-seed-fia-2018-bel-5f9336c3c23e-01,adj-dad7e6d1095a4d05,incident-src-dad7e6d1095a4d05,0.0,3,first_lap_candidate|wet_track_candidate|safety_car_restart_candidate,True,time_penalty,5,2,,pre_review_feasibility,False,True,review_priority_only_pending_context_and_conduct_review
adjudication-seed-fia-2018-ita-46eec3615f40-01,adj-baf8a03a8e84a2b5,incident-group-dc038f07ea0cd46a,5,adjudication-seed-fia-2018-bel-6346000a9777-01,adj-f2430a8dcab51295,incident-src-f2430a8dcab51295,0.0,3,first_lap_candidate|wet_track_candidate|safety_car_restart_candidate,True,grid_penalty,,3,10,pre_review_feasibility,False,True,review_priority_only_pending_context_and_conduct_review
adjudication-seed-fia-2018-ita-4bcc40bb113b-01,adj-87372849846bf17f,incident-src-87372849846bf17f,1,adjudication-seed-fia-2018-aze-1bbf84530187-01,adj-e467c6122d516580,incident-src-e467c6122d516580,0.0,3,first_lap_candidate|wet_track_candidate|safety_car_restart_candidate,True,reprimand,,,,pre_review_feasibility,True,False,review_priority_only_pending_context_and_conduct_review
adjudication-seed-fia-2018-ita-4bcc40bb113b-01,adj-87372849846bf17f,incident-src-87372849846bf17f,2,adjudication-seed-fia-2018-aze-94399ce60452-01,adj-fb216d7f0fbf8ff1,incident-src-fb216d7f0fbf8ff1,0.0,3,first_lap_candidate|wet_track_candidate|safety_car_restart_candidate,True,reprimand,,,,pre_review_feasibility,True,False,review_priority_only_pending_context_and_conduct_review
adjudication-seed-fia-2018-ita-4bcc40bb113b-01,adj-87372849846bf17f,incident-src-87372849846bf17f,3,adjudication-seed-fia-2018-aze-b6df36c282b7-01,adj-b5b3a795e56fb51d,incident-src-b5b3a795e56fb51d,0.0,3,first_lap_candidate|wet_track_candidate|safety_car_restart_candidate,True,time_penalty,10,2,,pre_review_feasibility,True,False,review_priority_only_pending_context_and_conduct_review
adjudication-seed-fia-2018-ita-4bcc40bb113b-01,adj-87372849846bf17f,incident-src-87372849846bf17f,4,adjudication-seed-fia-2018-bra-1cf7293f9bee-01,adj-39523131c9d9684d,incident-src-39523131c9d9684d,0.0,3,first_lap_candidate|wet_track_candidate|safety_car_restart_candidate,True,stop_go,,3,,pre_review_feasibility,True,False,review_priority_only_pending_context_and_conduct_review
adjudication-seed-fia-2018-ita-4bcc40bb113b-01,adj-87372849846bf17f,incident-src-87372849846bf17f,5,adjudication-seed-fia-2018-chn-ad3c0076d583-01,adj-171323b01c7fd2e4,incident-src-171323b01c7fd2e4,0.0,3,first_lap_candidate|wet_track_candidate|safety_car_restart_candidate,True,time_penalty,10,2,,pre_review_feasibility,True,False,review_priority_only_pending_context_and_conduct_review
adjudication-seed-fia-2018-ita-a3456e32915c-01,adj-3d3f08ac55cefb43,incident-group-dc038f07ea0cd46a,1,adjudication-seed-fia-2018-abu-b67f80da207e-01,adj-2082537af6db5e25,incident-src-2082537af6db5e25,0.0,3,first_lap_candidate|wet_track_candidate|safety_car_restart_candidate,False,no_further_action,,,,pre_review_feasibility,False,False,review_priority_only_pending_context_and_conduct_review
adjudication-seed-fia-2018-ita-a3456e32915c-01,adj-3d3f08ac55cefb43,incident-group-dc038f07ea0cd46a,2,adjudication-seed-fia-2018-aze-23f8b0b5b715-01,adj-cbb36a04e5932d9a,incident-src-cbb36a04e5932d9a,0.0,3,first_lap_candidate|wet_track_candidate|safety_car_restart_candidate,True,time_penalty,10,2,,pre_review_feasibility,False,True,review_priority_only_pending_context_and_conduct_review
adjudication-seed-fia-2018-ita-a3456e32915c-01,adj-3d3f08ac55cefb43,incident-group-dc038f07ea0cd46a,3,adjudication-seed-fia-2018-aze-4fbe7e105140-01,adj-915feddd8ae6b043,incident-src-915feddd8ae6b043,0.0,3,first_lap_candidate|wet_track_candidate|safety_car_restart_candidate,True,grid_penalty,,2,3,pre_review_feasibility,False,True,review_priority_only_pending_context_and_conduct_review
adjudication-seed-fia-2018-ita-a3456e32915c-01,adj-3d3f08ac55cefb43,incident-group-dc038f07ea0cd46a,4,adjudication-seed-fia-2018-bel-5f9336c3c23e-01,adj-dad7e6d1095a4d05,incident-src-dad7e6d1095a4d05,0.0,3,first_lap_candidate|wet_track_candidate|safety_car_restart_candidate,True,time_penalty,5,2,,pre_review_feasibility,False,True,review_priority_only_pending_context_and_conduct_review
adjudication-seed-fia-2018-ita-a3456e32915c-01,adj-3d3f08ac55cefb43,incident-group-dc038f07ea0cd46a,5,adjudication-seed-fia-2018-bel-6346000a9777-01,adj-f2430a8dcab51295,incident-src-f2430a8dcab51295,0.0,3,first_lap_candidate|wet_track_candidate|safety_car_restart_candidate,True,grid_penalty,,3,10,pre_review_feasibility,False,True,review_priority_only_pending_context_and_conduct_review
adjudication-seed-fia-2018-jpn-81677672dab7-01,adj-ee4d64c6c65cfaa2,incident-src-ee4d64c6c65cfaa2,1,adjudication-seed-fia-2018-aze-1bbf84530187-01,adj-e467c6122d516580,incident-src-e467c6122d516580,0.0,3,first_lap_candidate|wet_track_candidate|safety_car_restart_candidate,True,reprimand,,,,pre_review_feasibility,False,True,review_priority_only_pending_context_and_conduct_review
adjudication-seed-fia-2018-jpn-81677672dab7-01,adj-ee4d64c6c65cfaa2,incident-src-ee4d64c6c65cfaa2,2,adjudication-seed-fia-2018-aze-94399ce60452-01,adj-fb216d7f0fbf8ff1,incident-src-fb216d7f0fbf8ff1,0.0,3,first_lap_candidate|wet_track_candidate|safety_car_restart_candidate,True,reprimand,,,,pre_review_feasibility,False,True,review_priority_only_pending_context_and_conduct_review
adjudication-seed-fia-2018-jpn-81677672dab7-01,adj-ee4d64c6c65cfaa2,incident-src-ee4d64c6c65cfaa2,3,adjudication-seed-fia-2018-aze-b6df36c282b7-01,adj-b5b3a795e56fb51d,incident-src-b5b3a795e56fb51d,0.0,3,first_lap_candidate|wet_track_candidate|safety_car_restart_candidate,True,time_penalty,10,2,,pre_review_feasibility,False,True,review_priority_only_pending_context_and_conduct_review
adjudication-seed-fia-2018-jpn-81677672dab7-01,adj-ee4d64c6c65cfaa2,incident-src-ee4d64c6c65cfaa2,4,adjudication-seed-fia-2018-bra-1cf7293f9bee-01,adj-39523131c9d9684d,incident-src-39523131c9d9684d,0.0,3,first_lap_candidate|wet_track_candidate|safety_car_restart_candidate,True,stop_go,,3,,pre_review_feasibility,False,True,review_priority_only_pending_context_and_conduct_review
adjudication-seed-fia-2018-jpn-81677672dab7-01,adj-ee4d64c6c65cfaa2,incident-src-ee4d64c6c65cfaa2,5,adjudication-seed-fia-2018-chn-ad3c0076d583-01,adj-171323b01c7fd2e4,incident-src-171323b01c7fd2e4,0.0,3,first_lap_candidate|wet_track_candidate|safety_car_restart_candidate,True,time_penalty,10,2,,pre_review_feasibility,False,True,review_priority_only_pending_context_and_conduct_review
adjudication-seed-fia-2018-jpn-a4bf4fc25a1f-01,adj-98570c1c2d9d82a6,incident-src-98570c1c2d9d82a6,1,adjudication-seed-fia-2018-mex-3075233c69d9-01,adj-f55b2703a638bc6a,incident-src-f55b2703a638bc6a,0.0,3,first_lap_candidate|wet_track_candidate|safety_car_restart_candidate,False,no_further_action,,,,pre_review_feasibility,True,True,review_priority_only_pending_context_and_conduct_review
adjudication-seed-fia-2018-jpn-a4bf4fc25a1f-01,adj-98570c1c2d9d82a6,incident-src-98570c1c2d9d82a6,2,adjudication-seed-fia-2018-sgp-329a49e8cbe6-01,adj-e07caee25859dbf7,incident-src-e07caee25859dbf7,0.0,3,first_lap_candidate|wet_track_candidate|safety_car_restart_candidate,True,time_penalty,5,2,,pre_review_feasibility,True,False,review_priority_only_pending_context_and_conduct_review
adjudication-seed-fia-2018-jpn-a4bf4fc25a1f-01,adj-98570c1c2d9d82a6,incident-src-98570c1c2d9d82a6,3,adjudication-seed-fia-2019-bel-0c5b8806e8e5-01,adj-12ea78eb0fa53af2,incident-src-12ea78eb0fa53af2,0.0,3,first_lap_candidate|wet_track_candidate|safety_car_restart_candidate,False,no_further_action,,,,pre_review_feasibility,True,True,review_priority_only_pending_context_and_conduct_review
adjudication-seed-fia-2018-jpn-a4bf4fc25a1f-01,adj-98570c1c2d9d82a6,incident-src-98570c1c2d9d82a6,4,adjudication-seed-fia-2020-ita-5e5acd0fdb41-01,adj-0b5349f408329019,incident-src-0b5349f408329019,0.0,3,first_lap_candidate|wet_track_candidate|safety_car_restart_candidate,False,no_further_action,,,,pre_review_feasibility,True,True,review_priority_only_pending_context_and_conduct_review
adjudication-seed-fia-2018-jpn-a4bf4fc25a1f-01,adj-98570c1c2d9d82a6,incident-src-98570c1c2d9d82a6,5,adjudication-seed-fia-2019-fra-457ded17de98-01,adj-ea059e019eeba972,incident-src-ea059e019eeba972,0.125,3,first_lap_candidate|wet_track_candidate|safety_car_restart_candidate,True,time_penalty,5,2,,pre_review_feasibility,True,False,review_priority_only_pending_context_and_conduct_review
adjudication-seed-fia-2018-jpn-af0be8505555-01,adj-590d4355a3039791,incident-src-590d4355a3039791,1,adjudication-seed-fia-2018-abu-18bc30990ea3-01,adj-b68335d3407c00bc,incident-src-b68335d3407c00bc,0.0,3,first_lap_candidate|wet_track_candidate|safety_car_restart_candidate,True,time_penalty,5,1,,pre_review_feasibility,True,False,review_priority_only_pending_context_and_conduct_review
adjudication-seed-fia-2018-jpn-af0be8505555-01,adj-590d4355a3039791,incident-src-590d4355a3039791,2,adjudication-seed-fia-2018-abu-754824eaae10-01,adj-58eaa3eee308cb80,incident-src-58eaa3eee308cb80,0.0,3,first_lap_candidate|wet_track_candidate|safety_car_restart_candidate,True,time_penalty,5,1,,pre_review_feasibility,True,False,review_priority_only_pending_context_and_conduct_review
adjudication-seed-fia-2018-jpn-af0be8505555-01,adj-590d4355a3039791,incident-src-590d4355a3039791,3,adjudication-seed-fia-2018-abu-ba74bbf1e4a2-01,adj-e83d46d8daf5ec73,incident-src-e83d46d8daf5ec73,0.0,3,first_lap_candidate|wet_track_candidate|safety_car_restart_candidate,True,time_penalty,5,1,,pre_review_feasibility,True,False,review_priority_only_pending_context_and_conduct_review
adjudication-seed-fia-2018-jpn-af0be8505555-01,adj-590d4355a3039791,incident-src-590d4355a3039791,4,adjudication-seed-fia-2018-abu-e3bd8959c0f4-01,adj-9a44d3fc12f61d17,incident-src-9a44d3fc12f61d17,0.0,3,first_lap_candidate|wet_track_candidate|safety_car_restart_candidate,True,time_penalty,5,1,,pre_review_feasibility,True,False,review_priority_only_pending_context_and_conduct_review
adjudication-seed-fia-2018-jpn-af0be8505555-01,adj-590d4355a3039791,incident-src-590d4355a3039791,5,adjudication-seed-fia-2018-aut-6376daf466a5-01,adj-b25c86494efcda3c,incident-src-b25c86494efcda3c,0.0,3,first_lap_candidate|wet_track_candidate|safety_car_restart_candidate,False,no_further_action,,,,pre_review_feasibility,True,True,review_priority_only_pending_context_and_conduct_review
adjudication-seed-fia-2018-jpn-b456aafdefec-01,adj-00d141181cb75914,incident-src-00d141181cb75914,1,adjudication-seed-fia-2018-aze-1bbf84530187-01,adj-e467c6122d516580,incident-src-e467c6122d516580,0.0,3,first_lap_candidate|wet_track_candidate|safety_car_restart_candidate,True,reprimand,,,,pre_review_feasibility,False,True,review_priority_only_pending_context_and_conduct_review
adjudication-seed-fia-2018-jpn-b456aafdefec-01,adj-00d141181cb75914,incident-src-00d141181cb75914,2,adjudication-seed-fia-2018-aze-94399ce60452-01,adj-fb216d7f0fbf8ff1,incident-src-fb216d7f0fbf8ff1,0.0,3,first_lap_candidate|wet_track_candidate|safety_car_restart_candidate,True,reprimand,,,,pre_review_feasibility,False,True,review_priority_only_pending_context_and_conduct_review
adjudication-seed-fia-2018-jpn-b456aafdefec-01,adj-00d141181cb75914,incident-src-00d141181cb75914,3,adjudication-seed-fia-2018-aze-b6df36c282b7-01,adj-b5b3a795e56fb51d,incident-src-b5b3a795e56fb51d,0.0,3,first_lap_candidate|wet_track_candidate|safety_car_restart_candidate,True,time_penalty,10,2,,pre_review_feasibility,False,True,review_priority_only_pending_context_and_conduct_review
adjudication-seed-fia-2018-jpn-b456aafdefec-01,adj-00d141181cb75914,incident-src-00d141181cb75914,4,adjudication-seed-fia-2018-bra-1cf7293f9bee-01,adj-39523131c9d9684d,incident-src-39523131c9d9684d,0.0,3,first_lap_candidate|wet_track_candidate|safety_car_restart_candidate,True,stop_go,,3,,pre_review_feasibility,False,True,review_priority_only_pending_context_and_conduct_review
adjudication-seed-fia-2018-jpn-b456aafdefec-01,adj-00d141181cb75914,incident-src-00d141181cb75914,5,adjudication-seed-fia-2018-chn-ad3c0076d583-01,adj-171323b01c7fd2e4,incident-src-171323b01c7fd2e4,0.0,3,first_lap_candidate|wet_track_candidate|safety_car_restart_candidate,True,time_penalty,10,2,,pre_review_feasibility,False,True,review_priority_only_pending_context_and_conduct_review
adjudication-seed-fia-2018-jpn-d5d56e0426c6-01,adj-d87dc3e3ddc100a9,incident-src-d87dc3e3ddc100a9,1,adjudication-seed-fia-2019-can-dceb9101c747-01,adj-5a2a22f5fc1a849d,incident-src-5a2a22f5fc1a849d,0.0,3,first_lap_candidate|wet_track_candidate|safety_car_restart_candidate,True,time_penalty,5,2,,pre_review_feasibility,True,False,review_priority_only_pending_context_and_conduct_review
adjudication-seed-fia-2018-jpn-d5d56e0426c6-01,adj-d87dc3e3ddc100a9,incident-src-d87dc3e3ddc100a9,2,adjudication-seed-fia-2019-ita-ef49a857f7de-01,adj-fce27d672a231903,incident-src-fce27d672a231903,0.0,3,first_lap_candidate|wet_track_candidate|safety_car_restart_candidate,True,drive_through,,2,,pre_review_feasibility,True,False,review_priority_only_pending_context_and_conduct_review
adjudication-seed-fia-2018-jpn-d5d56e0426c6-01,adj-d87dc3e3ddc100a9,incident-src-d87dc3e3ddc100a9,3,adjudication-seed-fia-2020-70a-2f908d545c9e-01,adj-70745e64b862fd6a,incident-src-70745e64b862fd6a,0.125,3,first_lap_candidate|wet_track_candidate|safety_car_restart_candidate,True,time_penalty,5,2,,pre_review_feasibility,True,False,review_priority_only_pending_context_and_conduct_review
adjudication-seed-fia-2018-jpn-d5d56e0426c6-01,adj-d87dc3e3ddc100a9,incident-src-d87dc3e3ddc100a9,4,adjudication-seed-fia-2021-ita-7df29923e8ce-01,adj-fca50105e4c6d3fe,incident-src-fca50105e4c6d3fe,0.3333333333333333,3,first_lap_candidate|wet_track_candidate|safety_car_restart_candidate,True,time_penalty,5,1,,pre_review_feasibility,True,False,review_priority_only_pending_context_and_conduct_review
adjudication-seed-fia-2018-mco-a3c31b11ff12-01,adj-1e31200d5298f217,incident-src-1e31200d5298f217,1,adjudication-seed-fia-2018-aze-1bbf84530187-01,adj-e467c6122d516580,incident-src-e467c6122d516580,0.0,3,first_lap_candidate|wet_track_candidate|safety_car_restart_candidate,True,reprimand,,,,pre_review_feasibility,False,True,review_priority_only_pending_context_and_conduct_review
adjudication-seed-fia-2018-mco-a3c31b11ff12-01,adj-1e31200d5298f217,incident-src-1e31200d5298f217,2,adjudication-seed-fia-2018-aze-94399ce60452-01,adj-fb216d7f0fbf8ff1,incident-src-fb216d7f0fbf8ff1,0.0,3,first_lap_candidate|wet_track_candidate|safety_car_restart_candidate,True,reprimand,,,,pre_review_feasibility,False,True,review_priority_only_pending_context_and_conduct_review
adjudication-seed-fia-2018-mco-a3c31b11ff12-01,adj-1e31200d5298f217,incident-src-1e31200d5298f217,3,adjudication-seed-fia-2018-aze-b6df36c282b7-01,adj-b5b3a795e56fb51d,incident-src-b5b3a795e56fb51d,0.0,3,first_lap_candidate|wet_track_candidate|safety_car_restart_candidate,True,time_penalty,10,2,,pre_review_feasibility,False,True,review_priority_only_pending_context_and_conduct_review
adjudication-seed-fia-2018-mco-a3c31b11ff12-01,adj-1e31200d5298f217,incident-src-1e31200d5298f217,4,adjudication-seed-fia-2018-bra-1cf7293f9bee-01,adj-39523131c9d9684d,incident-src-39523131c9d9684d,0.0,3,first_lap_candidate|wet_track_candidate|safety_car_restart_candidate,True,stop_go,,3,,pre_review_feasibility,False,True,review_priority_only_pending_context_and_conduct_review
adjudication-seed-fia-2018-mco-a3c31b11ff12-01,adj-1e31200d5298f217,incident-src-1e31200d5298f217,5,adjudication-seed-fia-2018-chn-ad3c0076d583-01,adj-171323b01c7fd2e4,incident-src-171323b01c7fd2e4,0.0,3,first_lap_candidate|wet_track_candidate|safety_car_restart_candidate,True,time_penalty,10,2,,pre_review_feasibility,False,True,review_priority_only_pending_context_and_conduct_review
adjudication-seed-fia-2018-mex-3075233c69d9-01,adj-f55b2703a638bc6a,incident-src-f55b2703a638bc6a,1,adjudication-seed-fia-2018-jpn-a4bf4fc25a1f-01,adj-98570c1c2d9d82a6,incident-src-98570c1c2d9d82a6,0.0,3,first_lap_candidate|wet_track_candidate|safety_car_restart_candidate,True,time_penalty,5,2,,pre_review_feasibility,False,True,review_priority_only_pending_context_and_conduct_review
adjudication-seed-fia-2018-mex-3075233c69d9-01,adj-f55b2703a638bc6a,incident-src-f55b2703a638bc6a,2,adjudication-seed-fia-2018-sgp-329a49e8cbe6-01,adj-e07caee25859dbf7,incident-src-e07caee25859dbf7,0.0,3,first_lap_candidate|wet_track_candidate|safety_car_restart_candidate,True,time_penalty,5,2,,pre_review_feasibility,False,True,review_priority_only_pending_context_and_conduct_review
adjudication-seed-fia-2018-mex-3075233c69d9-01,adj-f55b2703a638bc6a,incident-src-f55b2703a638bc6a,3,adjudication-seed-fia-2019-bel-0c5b8806e8e5-01,adj-12ea78eb0fa53af2,incident-src-12ea78eb0fa53af2,0.0,3,first_lap_candidate|wet_track_candidate|safety_car_restart_candidate,False,no_further_action,,,,pre_review_feasibility,False,False,review_priority_only_pending_context_and_conduct_review
adjudication-seed-fia-2018-mex-3075233c69d9-01,adj-f55b2703a638bc6a,incident-src-f55b2703a638bc6a,4,adjudication-seed-fia-2020-ita-5e5acd0fdb41-01,adj-0b5349f408329019,incident-src-0b5349f408329019,0.0,3,first_lap_candidate|wet_track_candidate|safety_car_restart_candidate,False,no_further_action,,,,pre_review_feasibility,False,False,review_priority_only_pending_context_and_conduct_review
adjudication-seed-fia-2018-mex-3075233c69d9-01,adj-f55b2703a638bc6a,incident-src-f55b2703a638bc6a,5,adjudication-seed-fia-2019-fra-457ded17de98-01,adj-ea059e019eeba972,incident-src-ea059e019eeba972,0.125,3,first_lap_candidate|wet_track_candidate|safety_car_restart_candidate,True,time_penalty,5,2,,pre_review_feasibility,False,True,review_priority_only_pending_context_and_conduct_review
adjudication-seed-fia-2018-mex-9fdf8480489c-01,adj-ed88cdc8e4ae5c06,incident-src-ed88cdc8e4ae5c06,1,adjudication-seed-fia-2018-aze-1bbf84530187-01,adj-e467c6122d516580,incident-src-e467c6122d516580,0.0,3,first_lap_candidate|wet_track_candidate|safety_car_restart_candidate,True,reprimand,,,,pre_review_feasibility,True,False,review_priority_only_pending_context_and_conduct_review
adjudication-seed-fia-2018-mex-9fdf8480489c-01,adj-ed88cdc8e4ae5c06,incident-src-ed88cdc8e4ae5c06,2,adjudication-seed-fia-2018-aze-94399ce60452-01,adj-fb216d7f0fbf8ff1,incident-src-fb216d7f0fbf8ff1,0.0,3,first_lap_candidate|wet_track_candidate|safety_car_restart_candidate,True,reprimand,,,,pre_review_feasibility,True,False,review_priority_only_pending_context_and_conduct_review
adjudication-seed-fia-2018-mex-9fdf8480489c-01,adj-ed88cdc8e4ae5c06,incident-src-ed88cdc8e4ae5c06,3,adjudication-seed-fia-2018-aze-b6df36c282b7-01,adj-b5b3a795e56fb51d,incident-src-b5b3a795e56fb51d,0.0,3,first_lap_candidate|wet_track_candidate|safety_car_restart_candidate,True,time_penalty,10,2,,pre_review_feasibility,True,False,review_priority_only_pending_context_and_conduct_review
adjudication-seed-fia-2018-mex-9fdf8480489c-01,adj-ed88cdc8e4ae5c06,incident-src-ed88cdc8e4ae5c06,4,adjudication-seed-fia-2018-bra-1cf7293f9bee-01,adj-39523131c9d9684d,incident-src-39523131c9d9684d,0.0,3,first_lap_candidate|wet_track_candidate|safety_car_restart_candidate,True,stop_go,,3,,pre_review_feasibility,True,False,review_priority_only_pending_context_and_conduct_review
adjudication-seed-fia-2018-mex-9fdf8480489c-01,adj-ed88cdc8e4ae5c06,incident-src-ed88cdc8e4ae5c06,5,adjudication-seed-fia-2018-chn-ad3c0076d583-01,adj-171323b01c7fd2e4,incident-src-171323b01c7fd2e4,0.0,3,first_lap_candidate|wet_track_candidate|safety_car_restart_candidate,True,time_penalty,10,2,,pre_review_feasibility,True,False,review_priority_only_pending_context_and_conduct_review
adjudication-seed-fia-2018-sgp-21e75b934044-01,adj-793e772ff47ab03e,incident-src-793e772ff47ab03e,1,adjudication-seed-fia-2018-aze-1bbf84530187-01,adj-e467c6122d516580,incident-src-e467c6122d516580,0.0,3,first_lap_candidate|wet_track_candidate|safety_car_restart_candidate,True,reprimand,,,,pre_review_feasibility,False,True,review_priority_only_pending_context_and_conduct_review
adjudication-seed-fia-2018-sgp-21e75b934044-01,adj-793e772ff47ab03e,incident-src-793e772ff47ab03e,2,adjudication-seed-fia-2018-aze-94399ce60452-01,adj-fb216d7f0fbf8ff1,incident-src-fb216d7f0fbf8ff1,0.0,3,first_lap_candidate|wet_track_candidate|safety_car_restart_candidate,True,reprimand,,,,pre_review_feasibility,False,True,review_priority_only_pending_context_and_conduct_review
adjudication-seed-fia-2018-sgp-21e75b934044-01,adj-793e772ff47ab03e,incident-src-793e772ff47ab03e,3,adjudication-seed-fia-2018-aze-b6df36c282b7-01,adj-b5b3a795e56fb51d,incident-src-b5b3a795e56fb51d,0.0,3,first_lap_candidate|wet_track_candidate|safety_car_restart_candidate,True,time_penalty,10,2,,pre_review_feasibility,False,True,review_priority_only_pending_context_and_conduct_review
adjudication-seed-fia-2018-sgp-21e75b934044-01,adj-793e772ff47ab03e,incident-src-793e772ff47ab03e,4,adjudication-seed-fia-2018-bra-1cf7293f9bee-01,adj-39523131c9d9684d,incident-src-39523131c9d9684d,0.0,3,first_lap_candidate|wet_track_candidate|safety_car_restart_candidate,True,stop_go,,3,,pre_review_feasibility,False,True,review_priority_only_pending_context_and_conduct_review
adjudication-seed-fia-2018-sgp-21e75b934044-01,adj-793e772ff47ab03e,incident-src-793e772ff47ab03e,5,adjudication-seed-fia-2018-chn-ad3c0076d583-01,adj-171323b01c7fd2e4,incident-src-171323b01c7fd2e4,0.0,3,first_lap_candidate|wet_track_candidate|safety_car_restart_candidate,True,time_penalty,10,2,,pre_review_feasibility,False,True,review_priority_only_pending_context_and_conduct_review
adjudication-seed-fia-2018-sgp-329a49e8cbe6-01,adj-e07caee25859dbf7,incident-src-e07caee25859dbf7,1,adjudication-seed-fia-2018-jpn-a4bf4fc25a1f-01,adj-98570c1c2d9d82a6,incident-src-98570c1c2d9d82a6,0.0,3,first_lap_candidate|wet_track_candidate|safety_car_restart_candidate,True,time_penalty,5,2,,pre_review_feasibility,True,False,review_priority_only_pending_context_and_conduct_review
adjudication-seed-fia-2018-sgp-329a49e8cbe6-01,adj-e07caee25859dbf7,incident-src-e07caee25859dbf7,2,adjudication-seed-fia-2018-mex-3075233c69d9-01,adj-f55b2703a638bc6a,incident-src-f55b2703a638bc6a,0.0,3,first_lap_candidate|wet_track_candidate|safety_car_restart_candidate,False,no_further_action,,,,pre_review_feasibility,True,True,review_priority_only_pending_context_and_conduct_review
adjudication-seed-fia-2018-sgp-329a49e8cbe6-01,adj-e07caee25859dbf7,incident-src-e07caee25859dbf7,3,adjudication-seed-fia-2019-bel-0c5b8806e8e5-01,adj-12ea78eb0fa53af2,incident-src-12ea78eb0fa53af2,0.0,3,first_lap_candidate|wet_track_candidate|safety_car_restart_candidate,False,no_further_action,,,,pre_review_feasibility,True,True,review_priority_only_pending_context_and_conduct_review
adjudication-seed-fia-2018-sgp-329a49e8cbe6-01,adj-e07caee25859dbf7,incident-src-e07caee25859dbf7,4,adjudication-seed-fia-2020-ita-5e5acd0fdb41-01,adj-0b5349f408329019,incident-src-0b5349f408329019,0.0,3,first_lap_candidate|wet_track_candidate|safety_car_restart_candidate,False,no_further_action,,,,pre_review_feasibility,True,True,review_priority_only_pending_context_and_conduct_review
adjudication-seed-fia-2018-sgp-329a49e8cbe6-01,adj-e07caee25859dbf7,incident-src-e07caee25859dbf7,5,adjudication-seed-fia-2019-fra-457ded17de98-01,adj-ea059e019eeba972,incident-src-ea059e019eeba972,0.125,3,first_lap_candidate|wet_track_candidate|safety_car_restart_candidate,True,time_penalty,5,2,,pre_review_feasibility,True,False,review_priority_only_pending_context_and_conduct_review
adjudication-seed-fia-2018-sgp-bcfc0b21409a-01,adj-153d9abced4119b1,incident-src-153d9abced4119b1,1,adjudication-seed-fia-2020-tus-3299714baba8-01,adj-ca80459eed6f3310,incident-src-ca80459eed6f3310,0.0,4,overlap_candidate|first_lap_candidate|wet_track_candidate|safety_car_restart_candidate,False,no_further_action,,,,pre_review_feasibility,False,False,review_priority_only_pending_context_and_conduct_review
adjudication-seed-fia-2018-sgp-bcfc0b21409a-01,adj-153d9abced4119b1,incident-src-153d9abced4119b1,2,adjudication-seed-fia-2020-tus-65bfe923f953-01,adj-fe001d9ef4550a20,incident-src-fe001d9ef4550a20,0.0,4,overlap_candidate|first_lap_candidate|wet_track_candidate|safety_car_restart_candidate,False,no_further_action,,,,pre_review_feasibility,False,False,review_priority_only_pending_context_and_conduct_review
adjudication-seed-fia-2018-sgp-bcfc0b21409a-01,adj-153d9abced4119b1,incident-src-153d9abced4119b1,3,adjudication-seed-fia-2020-tus-8b2908d46c54-01,adj-3bbbd293cbbdc303,incident-src-3bbbd293cbbdc303,0.0,4,overlap_candidate|first_lap_candidate|wet_track_candidate|safety_car_restart_candidate,False,no_further_action,,,,pre_review_feasibility,False,False,review_priority_only_pending_context_and_conduct_review
adjudication-seed-fia-2018-sgp-bcfc0b21409a-01,adj-153d9abced4119b1,incident-src-153d9abced4119b1,4,adjudication-seed-fia-2020-tus-8f4aa7153d82-01,adj-d8273ef853fc3e35,incident-src-d8273ef853fc3e35,0.0,4,overlap_candidate|first_lap_candidate|wet_track_candidate|safety_car_restart_candidate,False,no_further_action,,,,pre_review_feasibility,False,False,review_priority_only_pending_context_and_conduct_review
adjudication-seed-fia-2018-sgp-bcfc0b21409a-01,adj-153d9abced4119b1,incident-src-153d9abced4119b1,5,adjudication-seed-fia-2019-jpn-4a022963168d-01,adj-44686757f581c309,incident-group-dee3045f08ed8de7,0.1,4,overlap_candidate|first_lap_candidate|wet_track_candidate|safety_car_restart_candidate,True,time_penalty,5,2,,pre_review_feasibility,False,True,review_priority_only_pending_context_and_conduct_review
adjudication-seed-fia-2018-sgp-d22646811c1a-01,adj-3ca06449fb896289,incident-src-3ca06449fb896289,1,adjudication-seed-fia-2018-aze-1bbf84530187-01,adj-e467c6122d516580,incident-src-e467c6122d516580,0.0,3,first_lap_candidate|wet_track_candidate|safety_car_restart_candidate,True,reprimand,,,,pre_review_feasibility,True,False,review_priority_only_pending_context_and_conduct_review
adjudication-seed-fia-2018-sgp-d22646811c1a-01,adj-3ca06449fb896289,incident-src-3ca06449fb896289,2,adjudication-seed-fia-2018-aze-94399ce60452-01,adj-fb216d7f0fbf8ff1,incident-src-fb216d7f0fbf8ff1,0.0,3,first_lap_candidate|wet_track_candidate|safety_car_restart_candidate,True,reprimand,,,,pre_review_feasibility,True,False,review_priority_only_pending_context_and_conduct_review
adjudication-seed-fia-2018-sgp-d22646811c1a-01,adj-3ca06449fb896289,incident-src-3ca06449fb896289,3,adjudication-seed-fia-2018-aze-b6df36c282b7-01,adj-b5b3a795e56fb51d,incident-src-b5b3a795e56fb51d,0.0,3,first_lap_candidate|wet_track_candidate|safety_car_restart_candidate,True,time_penalty,10,2,,pre_review_feasibility,True,False,review_priority_only_pending_context_and_conduct_review
adjudication-seed-fia-2018-sgp-d22646811c1a-01,adj-3ca06449fb896289,incident-src-3ca06449fb896289,4,adjudication-seed-fia-2018-bra-1cf7293f9bee-01,adj-39523131c9d9684d,incident-src-39523131c9d9684d,0.0,3,first_lap_candidate|wet_track_candidate|safety_car_restart_candidate,True,stop_go,,3,,pre_review_feasibility,True,False,review_priority_only_pending_context_and_conduct_review
adjudication-seed-fia-2018-sgp-d22646811c1a-01,adj-3ca06449fb896289,incident-src-3ca06449fb896289,5,adjudication-seed-fia-2018-chn-ad3c0076d583-01,adj-171323b01c7fd2e4,incident-src-171323b01c7fd2e4,0.0,3,first_lap_candidate|wet_track_candidate|safety_car_restart_candidate,True,time_penalty,10,2,,pre_review_feasibility,True,False,review_priority_only_pending_context_and_conduct_review
adjudication-seed-fia-2018-usa-2f4f21fa003f-01,adj-f66c13b6dc6edb50,incident-src-f66c13b6dc6edb50,1,adjudication-seed-fia-2018-abu-b67f80da207e-01,adj-2082537af6db5e25,incident-src-2082537af6db5e25,0.0,3,first_lap_candidate|wet_track_candidate|safety_car_restart_candidate,False,no_further_action,,,,pre_review_feasibility,True,True,review_priority_only_pending_context_and_conduct_review
adjudication-seed-fia-2018-usa-2f4f21fa003f-01,adj-f66c13b6dc6edb50,incident-src-f66c13b6dc6edb50,2,adjudication-seed-fia-2018-aze-23f8b0b5b715-01,adj-cbb36a04e5932d9a,incident-src-cbb36a04e5932d9a,0.0,3,first_lap_candidate|wet_track_candidate|safety_car_restart_candidate,True,time_penalty,10,2,,pre_review_feasibility,True,False,review_priority_only_pending_context_and_conduct_review
adjudication-seed-fia-2018-usa-2f4f21fa003f-01,adj-f66c13b6dc6edb50,incident-src-f66c13b6dc6edb50,3,adjudication-seed-fia-2018-aze-4fbe7e105140-01,adj-915feddd8ae6b043,incident-src-915feddd8ae6b043,0.0,3,first_lap_candidate|wet_track_candidate|safety_car_restart_candidate,True,grid_penalty,,2,3,pre_review_feasibility,True,False,review_priority_only_pending_context_and_conduct_review
adjudication-seed-fia-2018-usa-2f4f21fa003f-01,adj-f66c13b6dc6edb50,incident-src-f66c13b6dc6edb50,4,adjudication-seed-fia-2018-bel-5f9336c3c23e-01,adj-dad7e6d1095a4d05,incident-src-dad7e6d1095a4d05,0.0,3,first_lap_candidate|wet_track_candidate|safety_car_restart_candidate,True,time_penalty,5,2,,pre_review_feasibility,True,False,review_priority_only_pending_context_and_conduct_review
adjudication-seed-fia-2018-usa-2f4f21fa003f-01,adj-f66c13b6dc6edb50,incident-src-f66c13b6dc6edb50,5,adjudication-seed-fia-2018-bel-6346000a9777-01,adj-f2430a8dcab51295,incident-src-f2430a8dcab51295,0.0,3,first_lap_candidate|wet_track_candidate|safety_car_restart_candidate,True,grid_penalty,,3,10,pre_review_feasibility,True,False,review_priority_only_pending_context_and_conduct_review
adjudication-seed-fia-2018-usa-49d225f5fb07-01,adj-8c049b3df629e78e,incident-src-8c049b3df629e78e,1,adjudication-seed-fia-2019-fra-a0c241fafdd8-01,adj-d573e773779fee7e,incident-src-d573e773779fee7e,0.0,3,first_lap_candidate|wet_track_candidate|safety_car_restart_candidate,True,time_penalty,5,1,,pre_review_feasibility,True,False,review_priority_only_pending_context_and_conduct_review
adjudication-seed-fia-2018-usa-49d225f5fb07-01,adj-8c049b3df629e78e,incident-src-8c049b3df629e78e,2,adjudication-seed-fia-2018-abu-18bc30990ea3-01,adj-b68335d3407c00bc,incident-src-b68335d3407c00bc,0.3333333333333333,3,first_lap_candidate|wet_track_candidate|safety_car_restart_candidate,True,time_penalty,5,1,,pre_review_feasibility,True,False,review_priority_only_pending_context_and_conduct_review
adjudication-seed-fia-2018-usa-49d225f5fb07-01,adj-8c049b3df629e78e,incident-src-8c049b3df629e78e,3,adjudication-seed-fia-2018-abu-754824eaae10-01,adj-58eaa3eee308cb80,incident-src-58eaa3eee308cb80,0.3333333333333333,3,first_lap_candidate|wet_track_candidate|safety_car_restart_candidate,True,time_penalty,5,1,,pre_review_feasibility,True,False,review_priority_only_pending_context_and_conduct_review
adjudication-seed-fia-2018-usa-49d225f5fb07-01,adj-8c049b3df629e78e,incident-src-8c049b3df629e78e,4,adjudication-seed-fia-2018-abu-ba74bbf1e4a2-01,adj-e83d46d8daf5ec73,incident-src-e83d46d8daf5ec73,0.3333333333333333,3,first_lap_candidate|wet_track_candidate|safety_car_restart_candidate,True,time_penalty,5,1,,pre_review_feasibility,True,False,review_priority_only_pending_context_and_conduct_review
adjudication-seed-fia-2018-usa-49d225f5fb07-01,adj-8c049b3df629e78e,incident-src-8c049b3df629e78e,5,adjudication-seed-fia-2018-abu-e3bd8959c0f4-01,adj-9a44d3fc12f61d17,incident-src-9a44d3fc12f61d17,0.3333333333333333,3,first_lap_candidate|wet_track_candidate|safety_car_restart_candidate,True,time_penalty,5,1,,pre_review_feasibility,True,False,review_priority_only_pending_context_and_conduct_review
adjudication-seed-fia-2018-usa-856ae8b1622a-01,adj-e7b2995ef053dcc6,incident-src-e7b2995ef053dcc6,1,adjudication-seed-fia-2018-abu-b67f80da207e-01,adj-2082537af6db5e25,incident-src-2082537af6db5e25,0.0,3,first_lap_candidate|wet_track_candidate|safety_car_restart_candidate,False,no_further_action,,,,pre_review_feasibility,True,True,review_priority_only_pending_context_and_conduct_review
adjudication-seed-fia-2018-usa-856ae8b1622a-01,adj-e7b2995ef053dcc6,incident-src-e7b2995ef053dcc6,2,adjudication-seed-fia-2018-aze-23f8b0b5b715-01,adj-cbb36a04e5932d9a,incident-src-cbb36a04e5932d9a,0.0,3,first_lap_candidate|wet_track_candidate|safety_car_restart_candidate,True,time_penalty,10,2,,pre_review_feasibility,True,False,review_priority_only_pending_context_and_conduct_review
adjudication-seed-fia-2018-usa-856ae8b1622a-01,adj-e7b2995ef053dcc6,incident-src-e7b2995ef053dcc6,3,adjudication-seed-fia-2018-aze-4fbe7e105140-01,adj-915feddd8ae6b043,incident-src-915feddd8ae6b043,0.0,3,first_lap_candidate|wet_track_candidate|safety_car_restart_candidate,True,grid_penalty,,2,3,pre_review_feasibility,True,False,review_priority_only_pending_context_and_conduct_review
adjudication-seed-fia-2018-usa-856ae8b1622a-01,adj-e7b2995ef053dcc6,incident-src-e7b2995ef053dcc6,4,adjudication-seed-fia-2018-bel-5f9336c3c23e-01,adj-dad7e6d1095a4d05,incident-src-dad7e6d1095a4d05,0.0,3,first_lap_candidate|wet_track_candidate|safety_car_restart_candidate,True,time_penalty,5,2,,pre_review_feasibility,True,False,review_priority_only_pending_context_and_conduct_review
adjudication-seed-fia-2018-usa-856ae8b1622a-01,adj-e7b2995ef053dcc6,incident-src-e7b2995ef053dcc6,5,adjudication-seed-fia-2018-bel-6346000a9777-01,adj-f2430a8dcab51295,incident-src-f2430a8dcab51295,0.0,3,first_lap_candidate|wet_track_candidate|safety_car_restart_candidate,True,grid_penalty,,3,10,pre_review_feasibility,True,False,review_priority_only_pending_context_and_conduct_review
adjudication-seed-fia-2018-usa-b97b2be7b15e-01,adj-225ff90f36c849d0,incident-src-225ff90f36c849d0,1,adjudication-seed-fia-2018-abu-b67f80da207e-01,adj-2082537af6db5e25,incident-src-2082537af6db5e25,0.0,3,first_lap_candidate|wet_track_candidate|safety_car_restart_candidate,False,no_further_action,,,,pre_review_feasibility,False,False,review_priority_only_pending_context_and_conduct_review
adjudication-seed-fia-2018-usa-b97b2be7b15e-01,adj-225ff90f36c849d0,incident-src-225ff90f36c849d0,2,adjudication-seed-fia-2018-aze-23f8b0b5b715-01,adj-cbb36a04e5932d9a,incident-src-cbb36a04e5932d9a,0.0,3,first_lap_candidate|wet_track_candidate|safety_car_restart_candidate,True,time_penalty,10,2,,pre_review_feasibility,False,True,review_priority_only_pending_context_and_conduct_review
adjudication-seed-fia-2018-usa-b97b2be7b15e-01,adj-225ff90f36c849d0,incident-src-225ff90f36c849d0,3,adjudication-seed-fia-2018-aze-4fbe7e105140-01,adj-915feddd8ae6b043,incident-src-915feddd8ae6b043,0.0,3,first_lap_candidate|wet_track_candidate|safety_car_restart_candidate,True,grid_penalty,,2,3,pre_review_feasibility,False,True,review_priority_only_pending_context_and_conduct_review
adjudication-seed-fia-2018-usa-b97b2be7b15e-01,adj-225ff90f36c849d0,incident-src-225ff90f36c849d0,4,adjudication-seed-fia-2018-bel-5f9336c3c23e-01,adj-dad7e6d1095a4d05,incident-src-dad7e6d1095a4d05,0.0,3,first_lap_candidate|wet_track_candidate|safety_car_restart_candidate,True,time_penalty,5,2,,pre_review_feasibility,False,True,review_priority_only_pending_context_and_conduct_review
adjudication-seed-fia-2018-usa-b97b2be7b15e-01,adj-225ff90f36c849d0,incident-src-225ff90f36c849d0,5,adjudication-seed-fia-2018-bel-6346000a9777-01,adj-f2430a8dcab51295,incident-src-f2430a8dcab51295,0.0,3,first_lap_candidate|wet_track_candidate|safety_car_restart_candidate,True,grid_penalty,,3,10,pre_review_feasibility,False,True,review_priority_only_pending_context_and_conduct_review
adjudication-seed-fia-2018-usa-dc3270dd6cb6-01,adj-99ac5bce501847b9,incident-src-99ac5bce501847b9,1,adjudication-seed-fia-2018-abu-b67f80da207e-01,adj-2082537af6db5e25,incident-src-2082537af6db5e25,0.0,3,first_lap_candidate|wet_track_candidate|safety_car_restart_candidate,False,no_further_action,,,,pre_review_feasibility,False,False,review_priority_only_pending_context_and_conduct_review
adjudication-seed-fia-2018-usa-dc3270dd6cb6-01,adj-99ac5bce501847b9,incident-src-99ac5bce501847b9,2,adjudication-seed-fia-2018-aze-23f8b0b5b715-01,adj-cbb36a04e5932d9a,incident-src-cbb36a04e5932d9a,0.0,3,first_lap_candidate|wet_track_candidate|safety_car_restart_candidate,True,time_penalty,10,2,,pre_review_feasibility,False,True,review_priority_only_pending_context_and_conduct_review
adjudication-seed-fia-2018-usa-dc3270dd6cb6-01,adj-99ac5bce501847b9,incident-src-99ac5bce501847b9,3,adjudication-seed-fia-2018-aze-4fbe7e105140-01,adj-915feddd8ae6b043,incident-src-915feddd8ae6b043,0.0,3,first_lap_candidate|wet_track_candidate|safety_car_restart_candidate,True,grid_penalty,,2,3,pre_review_feasibility,False,True,review_priority_only_pending_context_and_conduct_review
adjudication-seed-fia-2018-usa-dc3270dd6cb6-01,adj-99ac5bce501847b9,incident-src-99ac5bce501847b9,4,adjudication-seed-fia-2018-bel-5f9336c3c23e-01,adj-dad7e6d1095a4d05,incident-src-dad7e6d1095a4d05,0.0,3,first_lap_candidate|wet_track_candidate|safety_car_restart_candidate,True,time_penalty,5,2,,pre_review_feasibility,False,True,review_priority_only_pending_context_and_conduct_review
adjudication-seed-fia-2018-usa-dc3270dd6cb6-01,adj-99ac5bce501847b9,incident-src-99ac5bce501847b9,5,adjudication-seed-fia-2018-bel-6346000a9777-01,adj-f2430a8dcab51295,incident-src-f2430a8dcab51295,0.0,3,first_lap_candidate|wet_track_candidate|safety_car_restart_candidate,True,grid_penalty,,3,10,pre_review_feasibility,False,True,review_priority_only_pending_context_and_conduct_review
adjudication-seed-fia-2019-abu-e94aca06904a-01,adj-995c2c2bf5c5a2da,incident-group-8adf0ddcdc980b9a,1,adjudication-seed-fia-2018-aze-1bbf84530187-01,adj-e467c6122d516580,incident-src-e467c6122d516580,0.0,3,first_lap_candidate|wet_track_candidate|safety_car_restart_candidate,True,reprimand,,,,pre_review_feasibility,False,True,review_priority_only_pending_context_and_conduct_review
adjudication-seed-fia-2019-abu-e94aca06904a-01,adj-995c2c2bf5c5a2da,incident-group-8adf0ddcdc980b9a,2,adjudication-seed-fia-2018-aze-94399ce60452-01,adj-fb216d7f0fbf8ff1,incident-src-fb216d7f0fbf8ff1,0.0,3,first_lap_candidate|wet_track_candidate|safety_car_restart_candidate,True,reprimand,,,,pre_review_feasibility,False,True,review_priority_only_pending_context_and_conduct_review
adjudication-seed-fia-2019-abu-e94aca06904a-01,adj-995c2c2bf5c5a2da,incident-group-8adf0ddcdc980b9a,3,adjudication-seed-fia-2018-aze-b6df36c282b7-01,adj-b5b3a795e56fb51d,incident-src-b5b3a795e56fb51d,0.0,3,first_lap_candidate|wet_track_candidate|safety_car_restart_candidate,True,time_penalty,10,2,,pre_review_feasibility,False,True,review_priority_only_pending_context_and_conduct_review
adjudication-seed-fia-2019-abu-e94aca06904a-01,adj-995c2c2bf5c5a2da,incident-group-8adf0ddcdc980b9a,4,adjudication-seed-fia-2018-bra-1cf7293f9bee-01,adj-39523131c9d9684d,incident-src-39523131c9d9684d,0.0,3,first_lap_candidate|wet_track_candidate|safety_car_restart_candidate,True,stop_go,,3,,pre_review_feasibility,False,True,review_priority_only_pending_context_and_conduct_review
adjudication-seed-fia-2019-abu-e94aca06904a-01,adj-995c2c2bf5c5a2da,incident-group-8adf0ddcdc980b9a,5,adjudication-seed-fia-2018-chn-ad3c0076d583-01,adj-171323b01c7fd2e4,incident-src-171323b01c7fd2e4,0.0,3,first_lap_candidate|wet_track_candidate|safety_car_restart_candidate,True,time_penalty,10,2,,pre_review_feasibility,False,True,review_priority_only_pending_context_and_conduct_review
adjudication-seed-fia-2019-abu-eed6b57f5b3f-01,adj-bff9e3e79b9d2b32,incident-group-8adf0ddcdc980b9a,1,adjudication-seed-fia-2018-aze-1bbf84530187-01,adj-e467c6122d516580,incident-src-e467c6122d516580,0.0,3,first_lap_candidate|wet_track_candidate|safety_car_restart_candidate,True,reprimand,,,,pre_review_feasibility,False,True,review_priority_only_pending_context_and_conduct_review
adjudication-seed-fia-2019-abu-eed6b57f5b3f-01,adj-bff9e3e79b9d2b32,incident-group-8adf0ddcdc980b9a,2,adjudication-seed-fia-2018-aze-94399ce60452-01,adj-fb216d7f0fbf8ff1,incident-src-fb216d7f0fbf8ff1,0.0,3,first_lap_candidate|wet_track_candidate|safety_car_restart_candidate,True,reprimand,,,,pre_review_feasibility,False,True,review_priority_only_pending_context_and_conduct_review
adjudication-seed-fia-2019-abu-eed6b57f5b3f-01,adj-bff9e3e79b9d2b32,incident-group-8adf0ddcdc980b9a,3,adjudication-seed-fia-2018-aze-b6df36c282b7-01,adj-b5b3a795e56fb51d,incident-src-b5b3a795e56fb51d,0.0,3,first_lap_candidate|wet_track_candidate|safety_car_restart_candidate,True,time_penalty,10,2,,pre_review_feasibility,False,True,review_priority_only_pending_context_and_conduct_review
adjudication-seed-fia-2019-abu-eed6b57f5b3f-01,adj-bff9e3e79b9d2b32,incident-group-8adf0ddcdc980b9a,4,adjudication-seed-fia-2018-bra-1cf7293f9bee-01,adj-39523131c9d9684d,incident-src-39523131c9d9684d,0.0,3,first_lap_candidate|wet_track_candidate|safety_car_restart_candidate,True,stop_go,,3,,pre_review_feasibility,False,True,review_priority_only_pending_context_and_conduct_review
adjudication-seed-fia-2019-abu-eed6b57f5b3f-01,adj-bff9e3e79b9d2b32,incident-group-8adf0ddcdc980b9a,5,adjudication-seed-fia-2018-chn-ad3c0076d583-01,adj-171323b01c7fd2e4,incident-src-171323b01c7fd2e4,0.0,3,first_lap_candidate|wet_track_candidate|safety_car_restart_candidate,True,time_penalty,10,2,,pre_review_feasibility,False,True,review_priority_only_pending_context_and_conduct_review
adjudication-seed-fia-2019-aut-529bae08f480-01,adj-524c6675088fdc18,incident-src-524c6675088fdc18,1,adjudication-seed-fia-2020-por-69db98466a96-01,adj-51812139587add7e,incident-src-51812139587add7e,0.0,5,attacker_line_candidate|overlap_candidate|first_lap_candidate|wet_track_candidate|safety_car_restart_candidate,True,time_penalty,5,2,,pre_review_feasibility,False,True,review_priority_only_pending_context_and_conduct_review
adjudication-seed-fia-2019-aut-529bae08f480-01,adj-524c6675088fdc18,incident-src-524c6675088fdc18,2,adjudication-seed-fia-2018-can-fa41432364aa-01,adj-f0841610b6a2725d,incident-src-f0841610b6a2725d,0.1,4,overlap_candidate|first_lap_candidate|wet_track_candidate|safety_car_restart_candidate,False,no_further_action,,,,pre_review_feasibility,False,False,review_priority_only_pending_context_and_conduct_review
adjudication-seed-fia-2019-aut-529bae08f480-01,adj-524c6675088fdc18,incident-src-524c6675088fdc18,3,adjudication-seed-fia-2019-bra-810d6e70c069-01,adj-7a979b9c5e405e83,incident-src-7a979b9c5e405e83,0.1,4,attacker_line_candidate|first_lap_candidate|wet_track_candidate|safety_car_restart_candidate,True,time_penalty,5,2,,pre_review_feasibility,False,True,review_priority_only_pending_context_and_conduct_review
adjudication-seed-fia-2019-aut-529bae08f480-01,adj-524c6675088fdc18,incident-src-524c6675088fdc18,4,adjudication-seed-fia-2019-mco-93dff725c78b-01,adj-76f534567702afe9,incident-src-76f534567702afe9,0.1,4,attacker_line_candidate|first_lap_candidate|wet_track_candidate|safety_car_restart_candidate,False,no_further_action,,,,pre_review_feasibility,False,False,review_priority_only_pending_context_and_conduct_review
adjudication-seed-fia-2019-aut-529bae08f480-01,adj-524c6675088fdc18,incident-src-524c6675088fdc18,5,adjudication-seed-fia-2019-mco-bf9eeec70400-01,adj-675739cef230a725,incident-src-675739cef230a725,0.1,4,attacker_line_candidate|first_lap_candidate|wet_track_candidate|safety_car_restart_candidate,False,no_further_action,,,,pre_review_feasibility,False,False,review_priority_only_pending_context_and_conduct_review
adjudication-seed-fia-2019-aut-f8011f674d7f-01,adj-a7a3ac083e4cb040,incident-src-a7a3ac083e4cb040,1,adjudication-seed-fia-2020-por-69db98466a96-01,adj-51812139587add7e,incident-src-51812139587add7e,0.0,5,attacker_line_candidate|overlap_candidate|first_lap_candidate|wet_track_candidate|safety_car_restart_candidate,True,time_penalty,5,2,,pre_review_feasibility,False,True,review_priority_only_pending_context_and_conduct_review
adjudication-seed-fia-2019-aut-f8011f674d7f-01,adj-a7a3ac083e4cb040,incident-src-a7a3ac083e4cb040,2,adjudication-seed-fia-2018-can-fa41432364aa-01,adj-f0841610b6a2725d,incident-src-f0841610b6a2725d,0.1,4,overlap_candidate|first_lap_candidate|wet_track_candidate|safety_car_restart_candidate,False,no_further_action,,,,pre_review_feasibility,False,False,review_priority_only_pending_context_and_conduct_review
adjudication-seed-fia-2019-aut-f8011f674d7f-01,adj-a7a3ac083e4cb040,incident-src-a7a3ac083e4cb040,3,adjudication-seed-fia-2019-bra-810d6e70c069-01,adj-7a979b9c5e405e83,incident-src-7a979b9c5e405e83,0.1,4,attacker_line_candidate|first_lap_candidate|wet_track_candidate|safety_car_restart_candidate,True,time_penalty,5,2,,pre_review_feasibility,False,True,review_priority_only_pending_context_and_conduct_review
adjudication-seed-fia-2019-aut-f8011f674d7f-01,adj-a7a3ac083e4cb040,incident-src-a7a3ac083e4cb040,4,adjudication-seed-fia-2019-mco-93dff725c78b-01,adj-76f534567702afe9,incident-src-76f534567702afe9,0.1,4,attacker_line_candidate|first_lap_candidate|wet_track_candidate|safety_car_restart_candidate,False,no_further_action,,,,pre_review_feasibility,False,False,review_priority_only_pending_context_and_conduct_review
adjudication-seed-fia-2019-aut-f8011f674d7f-01,adj-a7a3ac083e4cb040,incident-src-a7a3ac083e4cb040,5,adjudication-seed-fia-2019-mco-bf9eeec70400-01,adj-675739cef230a725,incident-src-675739cef230a725,0.1,4,attacker_line_candidate|first_lap_candidate|wet_track_candidate|safety_car_restart_candidate,False,no_further_action,,,,pre_review_feasibility,False,False,review_priority_only_pending_context_and_conduct_review
adjudication-seed-fia-2019-aze-9a6772a3acaf-01,adj-58045adf2d642c7b,incident-src-58045adf2d642c7b,1,adjudication-seed-fia-2018-aze-1bbf84530187-01,adj-e467c6122d516580,incident-src-e467c6122d516580,0.0,3,first_lap_candidate|wet_track_candidate|safety_car_restart_candidate,True,reprimand,,,,pre_review_feasibility,True,False,review_priority_only_pending_context_and_conduct_review
adjudication-seed-fia-2019-aze-9a6772a3acaf-01,adj-58045adf2d642c7b,incident-src-58045adf2d642c7b,2,adjudication-seed-fia-2018-aze-94399ce60452-01,adj-fb216d7f0fbf8ff1,incident-src-fb216d7f0fbf8ff1,0.0,3,first_lap_candidate|wet_track_candidate|safety_car_restart_candidate,True,reprimand,,,,pre_review_feasibility,True,False,review_priority_only_pending_context_and_conduct_review
adjudication-seed-fia-2019-aze-9a6772a3acaf-01,adj-58045adf2d642c7b,incident-src-58045adf2d642c7b,3,adjudication-seed-fia-2018-aze-b6df36c282b7-01,adj-b5b3a795e56fb51d,incident-src-b5b3a795e56fb51d,0.0,3,first_lap_candidate|wet_track_candidate|safety_car_restart_candidate,True,time_penalty,10,2,,pre_review_feasibility,True,False,review_priority_only_pending_context_and_conduct_review
adjudication-seed-fia-2019-aze-9a6772a3acaf-01,adj-58045adf2d642c7b,incident-src-58045adf2d642c7b,4,adjudication-seed-fia-2018-bra-1cf7293f9bee-01,adj-39523131c9d9684d,incident-src-39523131c9d9684d,0.0,3,first_lap_candidate|wet_track_candidate|safety_car_restart_candidate,True,stop_go,,3,,pre_review_feasibility,True,False,review_priority_only_pending_context_and_conduct_review
adjudication-seed-fia-2019-aze-9a6772a3acaf-01,adj-58045adf2d642c7b,incident-src-58045adf2d642c7b,5,adjudication-seed-fia-2018-chn-ad3c0076d583-01,adj-171323b01c7fd2e4,incident-src-171323b01c7fd2e4,0.0,3,first_lap_candidate|wet_track_candidate|safety_car_restart_candidate,True,time_penalty,10,2,,pre_review_feasibility,True,False,review_priority_only_pending_context_and_conduct_review
adjudication-seed-fia-2019-bel-0c5b8806e8e5-01,adj-12ea78eb0fa53af2,incident-src-12ea78eb0fa53af2,1,adjudication-seed-fia-2018-jpn-a4bf4fc25a1f-01,adj-98570c1c2d9d82a6,incident-src-98570c1c2d9d82a6,0.0,3,first_lap_candidate|wet_track_candidate|safety_car_restart_candidate,True,time_penalty,5,2,,pre_review_feasibility,False,True,review_priority_only_pending_context_and_conduct_review
adjudication-seed-fia-2019-bel-0c5b8806e8e5-01,adj-12ea78eb0fa53af2,incident-src-12ea78eb0fa53af2,2,adjudication-seed-fia-2018-mex-3075233c69d9-01,adj-f55b2703a638bc6a,incident-src-f55b2703a638bc6a,0.0,3,first_lap_candidate|wet_track_candidate|safety_car_restart_candidate,False,no_further_action,,,,pre_review_feasibility,False,False,review_priority_only_pending_context_and_conduct_review
adjudication-seed-fia-2019-bel-0c5b8806e8e5-01,adj-12ea78eb0fa53af2,incident-src-12ea78eb0fa53af2,3,adjudication-seed-fia-2018-sgp-329a49e8cbe6-01,adj-e07caee25859dbf7,incident-src-e07caee25859dbf7,0.0,3,first_lap_candidate|wet_track_candidate|safety_car_restart_candidate,True,time_penalty,5,2,,pre_review_feasibility,False,True,review_priority_only_pending_context_and_conduct_review
adjudication-seed-fia-2019-bel-0c5b8806e8e5-01,adj-12ea78eb0fa53af2,incident-src-12ea78eb0fa53af2,4,adjudication-seed-fia-2020-ita-5e5acd0fdb41-01,adj-0b5349f408329019,incident-src-0b5349f408329019,0.0,3,first_lap_candidate|wet_track_candidate|safety_car_restart_candidate,False,no_further_action,,,,pre_review_feasibility,False,False,review_priority_only_pending_context_and_conduct_review
adjudication-seed-fia-2019-bel-0c5b8806e8e5-01,adj-12ea78eb0fa53af2,incident-src-12ea78eb0fa53af2,5,adjudication-seed-fia-2019-fra-457ded17de98-01,adj-ea059e019eeba972,incident-src-ea059e019eeba972,0.125,3,first_lap_candidate|wet_track_candidate|safety_car_restart_candidate,True,time_penalty,5,2,,pre_review_feasibility,False,True,review_priority_only_pending_context_and_conduct_review
adjudication-seed-fia-2019-bhr-132a9d8aa9de-01,adj-8f6c033b94586d1e,incident-src-8f6c033b94586d1e,1,adjudication-seed-fia-2018-aze-1bbf84530187-01,adj-e467c6122d516580,incident-src-e467c6122d516580,0.0,3,first_lap_candidate|wet_track_candidate|safety_car_restart_candidate,True,reprimand,,,,pre_review_feasibility,False,True,review_priority_only_pending_context_and_conduct_review
adjudication-seed-fia-2019-bhr-132a9d8aa9de-01,adj-8f6c033b94586d1e,incident-src-8f6c033b94586d1e,2,adjudication-seed-fia-2018-aze-94399ce60452-01,adj-fb216d7f0fbf8ff1,incident-src-fb216d7f0fbf8ff1,0.0,3,first_lap_candidate|wet_track_candidate|safety_car_restart_candidate,True,reprimand,,,,pre_review_feasibility,False,True,review_priority_only_pending_context_and_conduct_review
adjudication-seed-fia-2019-bhr-132a9d8aa9de-01,adj-8f6c033b94586d1e,incident-src-8f6c033b94586d1e,3,adjudication-seed-fia-2018-aze-b6df36c282b7-01,adj-b5b3a795e56fb51d,incident-src-b5b3a795e56fb51d,0.0,3,first_lap_candidate|wet_track_candidate|safety_car_restart_candidate,True,time_penalty,10,2,,pre_review_feasibility,False,True,review_priority_only_pending_context_and_conduct_review
adjudication-seed-fia-2019-bhr-132a9d8aa9de-01,adj-8f6c033b94586d1e,incident-src-8f6c033b94586d1e,4,adjudication-seed-fia-2018-bra-1cf7293f9bee-01,adj-39523131c9d9684d,incident-src-39523131c9d9684d,0.0,3,first_lap_candidate|wet_track_candidate|safety_car_restart_candidate,True,stop_go,,3,,pre_review_feasibility,False,True,review_priority_only_pending_context_and_conduct_review
adjudication-seed-fia-2019-bhr-132a9d8aa9de-01,adj-8f6c033b94586d1e,incident-src-8f6c033b94586d1e,5,adjudication-seed-fia-2018-chn-ad3c0076d583-01,adj-171323b01c7fd2e4,incident-src-171323b01c7fd2e4,0.0,3,first_lap_candidate|wet_track_candidate|safety_car_restart_candidate,True,time_penalty,10,2,,pre_review_feasibility,False,True,review_priority_only_pending_context_and_conduct_review
adjudication-seed-fia-2019-bhr-1365948cf7e0-01,adj-8ac64d49533b4e49,incident-src-8ac64d49533b4e49,1,adjudication-seed-fia-2018-aze-1bbf84530187-01,adj-e467c6122d516580,incident-src-e467c6122d516580,0.0,3,first_lap_candidate|wet_track_candidate|safety_car_restart_candidate,True,reprimand,,,,pre_review_feasibility,False,True,review_priority_only_pending_context_and_conduct_review
adjudication-seed-fia-2019-bhr-1365948cf7e0-01,adj-8ac64d49533b4e49,incident-src-8ac64d49533b4e49,2,adjudication-seed-fia-2018-aze-94399ce60452-01,adj-fb216d7f0fbf8ff1,incident-src-fb216d7f0fbf8ff1,0.0,3,first_lap_candidate|wet_track_candidate|safety_car_restart_candidate,True,reprimand,,,,pre_review_feasibility,False,True,review_priority_only_pending_context_and_conduct_review
adjudication-seed-fia-2019-bhr-1365948cf7e0-01,adj-8ac64d49533b4e49,incident-src-8ac64d49533b4e49,3,adjudication-seed-fia-2018-aze-b6df36c282b7-01,adj-b5b3a795e56fb51d,incident-src-b5b3a795e56fb51d,0.0,3,first_lap_candidate|wet_track_candidate|safety_car_restart_candidate,True,time_penalty,10,2,,pre_review_feasibility,False,True,review_priority_only_pending_context_and_conduct_review
adjudication-seed-fia-2019-bhr-1365948cf7e0-01,adj-8ac64d49533b4e49,incident-src-8ac64d49533b4e49,4,adjudication-seed-fia-2018-bra-1cf7293f9bee-01,adj-39523131c9d9684d,incident-src-39523131c9d9684d,0.0,3,first_lap_candidate|wet_track_candidate|safety_car_restart_candidate,True,stop_go,,3,,pre_review_feasibility,False,True,review_priority_only_pending_context_and_conduct_review
adjudication-seed-fia-2019-bhr-1365948cf7e0-01,adj-8ac64d49533b4e49,incident-src-8ac64d49533b4e49,5,adjudication-seed-fia-2018-chn-ad3c0076d583-01,adj-171323b01c7fd2e4,incident-src-171323b01c7fd2e4,0.0,3,first_lap_candidate|wet_track_candidate|safety_car_restart_candidate,True,time_penalty,10,2,,pre_review_feasibility,False,True,review_priority_only_pending_context_and_conduct_review
adjudication-seed-fia-2019-bhr-2a5a65873384-01,adj-5375e3c95251badb,incident-src-5375e3c95251badb,1,adjudication-seed-fia-2018-aze-1bbf84530187-01,adj-e467c6122d516580,incident-src-e467c6122d516580,0.0,3,first_lap_candidate|wet_track_candidate|safety_car_restart_candidate,True,reprimand,,,,pre_review_feasibility,False,True,review_priority_only_pending_context_and_conduct_review
adjudication-seed-fia-2019-bhr-2a5a65873384-01,adj-5375e3c95251badb,incident-src-5375e3c95251badb,2,adjudication-seed-fia-2018-aze-94399ce60452-01,adj-fb216d7f0fbf8ff1,incident-src-fb216d7f0fbf8ff1,0.0,3,first_lap_candidate|wet_track_candidate|safety_car_restart_candidate,True,reprimand,,,,pre_review_feasibility,False,True,review_priority_only_pending_context_and_conduct_review
adjudication-seed-fia-2019-bhr-2a5a65873384-01,adj-5375e3c95251badb,incident-src-5375e3c95251badb,3,adjudication-seed-fia-2018-aze-b6df36c282b7-01,adj-b5b3a795e56fb51d,incident-src-b5b3a795e56fb51d,0.0,3,first_lap_candidate|wet_track_candidate|safety_car_restart_candidate,True,time_penalty,10,2,,pre_review_feasibility,False,True,review_priority_only_pending_context_and_conduct_review
adjudication-seed-fia-2019-bhr-2a5a65873384-01,adj-5375e3c95251badb,incident-src-5375e3c95251badb,4,adjudication-seed-fia-2018-bra-1cf7293f9bee-01,adj-39523131c9d9684d,incident-src-39523131c9d9684d,0.0,3,first_lap_candidate|wet_track_candidate|safety_car_restart_candidate,True,stop_go,,3,,pre_review_feasibility,False,True,review_priority_only_pending_context_and_conduct_review
adjudication-seed-fia-2019-bhr-2a5a65873384-01,adj-5375e3c95251badb,incident-src-5375e3c95251badb,5,adjudication-seed-fia-2018-chn-ad3c0076d583-01,adj-171323b01c7fd2e4,incident-src-171323b01c7fd2e4,0.0,3,first_lap_candidate|wet_track_candidate|safety_car_restart_candidate,True,time_penalty,10,2,,pre_review_feasibility,False,True,review_priority_only_pending_context_and_conduct_review
adjudication-seed-fia-2019-bhr-afcfec60fa35-01,adj-a2465e3be559632e,incident-src-a2465e3be559632e,1,adjudication-seed-fia-2018-aze-1bbf84530187-01,adj-e467c6122d516580,incident-src-e467c6122d516580,0.0,3,first_lap_candidate|wet_track_candidate|safety_car_restart_candidate,True,reprimand,,,,pre_review_feasibility,False,True,review_priority_only_pending_context_and_conduct_review
adjudication-seed-fia-2019-bhr-afcfec60fa35-01,adj-a2465e3be559632e,incident-src-a2465e3be559632e,2,adjudication-seed-fia-2018-aze-94399ce60452-01,adj-fb216d7f0fbf8ff1,incident-src-fb216d7f0fbf8ff1,0.0,3,first_lap_candidate|wet_track_candidate|safety_car_restart_candidate,True,reprimand,,,,pre_review_feasibility,False,True,review_priority_only_pending_context_and_conduct_review
adjudication-seed-fia-2019-bhr-afcfec60fa35-01,adj-a2465e3be559632e,incident-src-a2465e3be559632e,3,adjudication-seed-fia-2018-aze-b6df36c282b7-01,adj-b5b3a795e56fb51d,incident-src-b5b3a795e56fb51d,0.0,3,first_lap_candidate|wet_track_candidate|safety_car_restart_candidate,True,time_penalty,10,2,,pre_review_feasibility,False,True,review_priority_only_pending_context_and_conduct_review
adjudication-seed-fia-2019-bhr-afcfec60fa35-01,adj-a2465e3be559632e,incident-src-a2465e3be559632e,4,adjudication-seed-fia-2018-bra-1cf7293f9bee-01,adj-39523131c9d9684d,incident-src-39523131c9d9684d,0.0,3,first_lap_candidate|wet_track_candidate|safety_car_restart_candidate,True,stop_go,,3,,pre_review_feasibility,False,True,review_priority_only_pending_context_and_conduct_review
adjudication-seed-fia-2019-bhr-afcfec60fa35-01,adj-a2465e3be559632e,incident-src-a2465e3be559632e,5,adjudication-seed-fia-2018-chn-ad3c0076d583-01,adj-171323b01c7fd2e4,incident-src-171323b01c7fd2e4,0.0,3,first_lap_candidate|wet_track_candidate|safety_car_restart_candidate,True,time_penalty,10,2,,pre_review_feasibility,False,True,review_priority_only_pending_context_and_conduct_review
adjudication-seed-fia-2019-bra-0197a870d5b2-01,adj-bb68ecdf3fcd7591,incident-group-0717c3bfd5f08779,1,adjudication-seed-fia-2018-aze-1bbf84530187-01,adj-e467c6122d516580,incident-src-e467c6122d516580,0.0,3,first_lap_candidate|wet_track_candidate|safety_car_restart_candidate,True,reprimand,,,,pre_review_feasibility,False,True,review_priority_only_pending_context_and_conduct_review
adjudication-seed-fia-2019-bra-0197a870d5b2-01,adj-bb68ecdf3fcd7591,incident-group-0717c3bfd5f08779,2,adjudication-seed-fia-2018-aze-94399ce60452-01,adj-fb216d7f0fbf8ff1,incident-src-fb216d7f0fbf8ff1,0.0,3,first_lap_candidate|wet_track_candidate|safety_car_restart_candidate,True,reprimand,,,,pre_review_feasibility,False,True,review_priority_only_pending_context_and_conduct_review
adjudication-seed-fia-2019-bra-0197a870d5b2-01,adj-bb68ecdf3fcd7591,incident-group-0717c3bfd5f08779,3,adjudication-seed-fia-2018-aze-b6df36c282b7-01,adj-b5b3a795e56fb51d,incident-src-b5b3a795e56fb51d,0.0,3,first_lap_candidate|wet_track_candidate|safety_car_restart_candidate,True,time_penalty,10,2,,pre_review_feasibility,False,True,review_priority_only_pending_context_and_conduct_review
adjudication-seed-fia-2019-bra-0197a870d5b2-01,adj-bb68ecdf3fcd7591,incident-group-0717c3bfd5f08779,4,adjudication-seed-fia-2018-bra-1cf7293f9bee-01,adj-39523131c9d9684d,incident-src-39523131c9d9684d,0.0,3,first_lap_candidate|wet_track_candidate|safety_car_restart_candidate,True,stop_go,,3,,pre_review_feasibility,False,True,review_priority_only_pending_context_and_conduct_review
adjudication-seed-fia-2019-bra-0197a870d5b2-01,adj-bb68ecdf3fcd7591,incident-group-0717c3bfd5f08779,5,adjudication-seed-fia-2018-chn-ad3c0076d583-01,adj-171323b01c7fd2e4,incident-src-171323b01c7fd2e4,0.0,3,first_lap_candidate|wet_track_candidate|safety_car_restart_candidate,True,time_penalty,10,2,,pre_review_feasibility,False,True,review_priority_only_pending_context_and_conduct_review
adjudication-seed-fia-2019-bra-38ee05c4fb59-01,adj-14f4d4ae4c61c0d1,incident-group-0717c3bfd5f08779,1,adjudication-seed-fia-2018-aze-1bbf84530187-01,adj-e467c6122d516580,incident-src-e467c6122d516580,0.0,3,first_lap_candidate|wet_track_candidate|safety_car_restart_candidate,True,reprimand,,,,pre_review_feasibility,False,True,review_priority_only_pending_context_and_conduct_review
adjudication-seed-fia-2019-bra-38ee05c4fb59-01,adj-14f4d4ae4c61c0d1,incident-group-0717c3bfd5f08779,2,adjudication-seed-fia-2018-aze-94399ce60452-01,adj-fb216d7f0fbf8ff1,incident-src-fb216d7f0fbf8ff1,0.0,3,first_lap_candidate|wet_track_candidate|safety_car_restart_candidate,True,reprimand,,,,pre_review_feasibility,False,True,review_priority_only_pending_context_and_conduct_review
adjudication-seed-fia-2019-bra-38ee05c4fb59-01,adj-14f4d4ae4c61c0d1,incident-group-0717c3bfd5f08779,3,adjudication-seed-fia-2018-aze-b6df36c282b7-01,adj-b5b3a795e56fb51d,incident-src-b5b3a795e56fb51d,0.0,3,first_lap_candidate|wet_track_candidate|safety_car_restart_candidate,True,time_penalty,10,2,,pre_review_feasibility,False,True,review_priority_only_pending_context_and_conduct_review
adjudication-seed-fia-2019-bra-38ee05c4fb59-01,adj-14f4d4ae4c61c0d1,incident-group-0717c3bfd5f08779,4,adjudication-seed-fia-2018-bra-1cf7293f9bee-01,adj-39523131c9d9684d,incident-src-39523131c9d9684d,0.0,3,first_lap_candidate|wet_track_candidate|safety_car_restart_candidate,True,stop_go,,3,,pre_review_feasibility,False,True,review_priority_only_pending_context_and_conduct_review
adjudication-seed-fia-2019-bra-38ee05c4fb59-01,adj-14f4d4ae4c61c0d1,incident-group-0717c3bfd5f08779,5,adjudication-seed-fia-2018-chn-ad3c0076d583-01,adj-171323b01c7fd2e4,incident-src-171323b01c7fd2e4,0.0,3,first_lap_candidate|wet_track_candidate|safety_car_restart_candidate,True,time_penalty,10,2,,pre_review_feasibility,False,True,review_priority_only_pending_context_and_conduct_review
adjudication-seed-fia-2019-bra-810d6e70c069-01,adj-7a979b9c5e405e83,incident-src-7a979b9c5e405e83,1,adjudication-seed-fia-2019-mco-93dff725c78b-01,adj-76f534567702afe9,incident-src-76f534567702afe9,0.0,4,attacker_line_candidate|first_lap_candidate|wet_track_candidate|safety_car_restart_candidate,False,no_further_action,,,,pre_review_feasibility,True,True,review_priority_only_pending_context_and_conduct_review
adjudication-seed-fia-2019-bra-810d6e70c069-01,adj-7a979b9c5e405e83,incident-src-7a979b9c5e405e83,2,adjudication-seed-fia-2019-mco-bf9eeec70400-01,adj-675739cef230a725,incident-src-675739cef230a725,0.0,4,attacker_line_candidate|first_lap_candidate|wet_track_candidate|safety_car_restart_candidate,False,no_further_action,,,,pre_review_feasibility,True,True,review_priority_only_pending_context_and_conduct_review
adjudication-seed-fia-2019-bra-810d6e70c069-01,adj-7a979b9c5e405e83,incident-src-7a979b9c5e405e83,3,adjudication-seed-fia-2020-eif-3377de36ccd9-01,adj-cd5bc15f552b8092,incident-src-cd5bc15f552b8092,0.0,4,attacker_line_candidate|first_lap_candidate|wet_track_candidate|safety_car_restart_candidate,True,time_penalty,10,2,,pre_review_feasibility,True,False,review_priority_only_pending_context_and_conduct_review
adjudication-seed-fia-2019-bra-810d6e70c069-01,adj-7a979b9c5e405e83,incident-src-7a979b9c5e405e83,4,adjudication-seed-fia-2020-gbr-319c8c2d52b9-01,adj-fcd4a7df5c2a7599,incident-src-fcd4a7df5c2a7599,0.0,4,attacker_line_candidate|first_lap_candidate|wet_track_candidate|safety_car_restart_candidate,True,time_penalty,5,2,,pre_review_feasibility,True,False,review_priority_only_pending_context_and_conduct_review
adjudication-seed-fia-2019-bra-810d6e70c069-01,adj-7a979b9c5e405e83,incident-src-7a979b9c5e405e83,5,adjudication-seed-fia-2021-sao-2a5ecda10fa1-01,adj-3036462c60f0a464,incident-src-3036462c60f0a464,0.0,4,attacker_line_candidate|first_lap_candidate|wet_track_candidate|safety_car_restart_candidate,True,time_penalty,10,2,,pre_review_feasibility,True,False,review_priority_only_pending_context_and_conduct_review
adjudication-seed-fia-2019-bra-b956905dbc4f-01,adj-75ad7140f56a82b0,incident-src-75ad7140f56a82b0,1,adjudication-seed-fia-2018-aze-1bbf84530187-01,adj-e467c6122d516580,incident-src-e467c6122d516580,0.0,3,first_lap_candidate|wet_track_candidate|safety_car_restart_candidate,True,reprimand,,,,pre_review_feasibility,True,False,review_priority_only_pending_context_and_conduct_review
adjudication-seed-fia-2019-bra-b956905dbc4f-01,adj-75ad7140f56a82b0,incident-src-75ad7140f56a82b0,2,adjudication-seed-fia-2018-aze-94399ce60452-01,adj-fb216d7f0fbf8ff1,incident-src-fb216d7f0fbf8ff1,0.0,3,first_lap_candidate|wet_track_candidate|safety_car_restart_candidate,True,reprimand,,,,pre_review_feasibility,True,False,review_priority_only_pending_context_and_conduct_review
adjudication-seed-fia-2019-bra-b956905dbc4f-01,adj-75ad7140f56a82b0,incident-src-75ad7140f56a82b0,3,adjudication-seed-fia-2018-aze-b6df36c282b7-01,adj-b5b3a795e56fb51d,incident-src-b5b3a795e56fb51d,0.0,3,first_lap_candidate|wet_track_candidate|safety_car_restart_candidate,True,time_penalty,10,2,,pre_review_feasibility,True,False,review_priority_only_pending_context_and_conduct_review
adjudication-seed-fia-2019-bra-b956905dbc4f-01,adj-75ad7140f56a82b0,incident-src-75ad7140f56a82b0,4,adjudication-seed-fia-2018-bra-1cf7293f9bee-01,adj-39523131c9d9684d,incident-src-39523131c9d9684d,0.0,3,first_lap_candidate|wet_track_candidate|safety_car_restart_candidate,True,stop_go,,3,,pre_review_feasibility,True,False,review_priority_only_pending_context_and_conduct_review
adjudication-seed-fia-2019-bra-b956905dbc4f-01,adj-75ad7140f56a82b0,incident-src-75ad7140f56a82b0,5,adjudication-seed-fia-2018-chn-ad3c0076d583-01,adj-171323b01c7fd2e4,incident-src-171323b01c7fd2e4,0.0,3,first_lap_candidate|wet_track_candidate|safety_car_restart_candidate,True,time_penalty,10,2,,pre_review_feasibility,True,False,review_priority_only_pending_context_and_conduct_review
adjudication-seed-fia-2019-can-dceb9101c747-01,adj-5a2a22f5fc1a849d,incident-src-5a2a22f5fc1a849d,1,adjudication-seed-fia-2018-jpn-d5d56e0426c6-01,adj-d87dc3e3ddc100a9,incident-src-d87dc3e3ddc100a9,0.0,3,first_lap_candidate|wet_track_candidate|safety_car_restart_candidate,True,time_penalty,5,1,,pre_review_feasibility,True,False,review_priority_only_pending_context_and_conduct_review
adjudication-seed-fia-2019-can-dceb9101c747-01,adj-5a2a22f5fc1a849d,incident-src-5a2a22f5fc1a849d,2,adjudication-seed-fia-2019-ita-ef49a857f7de-01,adj-fce27d672a231903,incident-src-fce27d672a231903,0.0,3,first_lap_candidate|wet_track_candidate|safety_car_restart_candidate,True,drive_through,,2,,pre_review_feasibility,True,False,review_priority_only_pending_context_and_conduct_review
adjudication-seed-fia-2019-can-dceb9101c747-01,adj-5a2a22f5fc1a849d,incident-src-5a2a22f5fc1a849d,3,adjudication-seed-fia-2020-70a-2f908d545c9e-01,adj-70745e64b862fd6a,incident-src-70745e64b862fd6a,0.125,3,first_lap_candidate|wet_track_candidate|safety_car_restart_candidate,True,time_penalty,5,2,,pre_review_feasibility,True,False,review_priority_only_pending_context_and_conduct_review
adjudication-seed-fia-2019-can-dceb9101c747-01,adj-5a2a22f5fc1a849d,incident-src-5a2a22f5fc1a849d,4,adjudication-seed-fia-2021-ita-7df29923e8ce-01,adj-fca50105e4c6d3fe,incident-src-fca50105e4c6d3fe,0.3333333333333333,3,first_lap_candidate|wet_track_candidate|safety_car_restart_candidate,True,time_penalty,5,1,,pre_review_feasibility,True,False,review_priority_only_pending_context_and_conduct_review
adjudication-seed-fia-2019-chn-50a2b4dfbc09-01,adj-fb33cf1dee9a141c,incident-src-fb33cf1dee9a141c,1,adjudication-seed-fia-2018-abu-b67f80da207e-01,adj-2082537af6db5e25,incident-src-2082537af6db5e25,0.0,3,first_lap_candidate|wet_track_candidate|safety_car_restart_candidate,False,no_further_action,,,,pre_review_feasibility,True,True,review_priority_only_pending_context_and_conduct_review
adjudication-seed-fia-2019-chn-50a2b4dfbc09-01,adj-fb33cf1dee9a141c,incident-src-fb33cf1dee9a141c,2,adjudication-seed-fia-2018-aze-23f8b0b5b715-01,adj-cbb36a04e5932d9a,incident-src-cbb36a04e5932d9a,0.0,3,first_lap_candidate|wet_track_candidate|safety_car_restart_candidate,True,time_penalty,10,2,,pre_review_feasibility,True,False,review_priority_only_pending_context_and_conduct_review
adjudication-seed-fia-2019-chn-50a2b4dfbc09-01,adj-fb33cf1dee9a141c,incident-src-fb33cf1dee9a141c,3,adjudication-seed-fia-2018-aze-4fbe7e105140-01,adj-915feddd8ae6b043,incident-src-915feddd8ae6b043,0.0,3,first_lap_candidate|wet_track_candidate|safety_car_restart_candidate,True,grid_penalty,,2,3,pre_review_feasibility,True,False,review_priority_only_pending_context_and_conduct_review
adjudication-seed-fia-2019-chn-50a2b4dfbc09-01,adj-fb33cf1dee9a141c,incident-src-fb33cf1dee9a141c,4,adjudication-seed-fia-2018-bel-5f9336c3c23e-01,adj-dad7e6d1095a4d05,incident-src-dad7e6d1095a4d05,0.0,3,first_lap_candidate|wet_track_candidate|safety_car_restart_candidate,True,time_penalty,5,2,,pre_review_feasibility,True,False,review_priority_only_pending_context_and_conduct_review
adjudication-seed-fia-2019-chn-50a2b4dfbc09-01,adj-fb33cf1dee9a141c,incident-src-fb33cf1dee9a141c,5,adjudication-seed-fia-2018-bel-6346000a9777-01,adj-f2430a8dcab51295,incident-src-f2430a8dcab51295,0.0,3,first_lap_candidate|wet_track_candidate|safety_car_restart_candidate,True,grid_penalty,,3,10,pre_review_feasibility,True,False,review_priority_only_pending_context_and_conduct_review
adjudication-seed-fia-2019-deu-439337838994-01,adj-f35eb28ba1d26794,incident-src-f35eb28ba1d26794,1,adjudication-seed-fia-2018-aze-1bbf84530187-01,adj-e467c6122d516580,incident-src-e467c6122d516580,0.0,3,first_lap_candidate|wet_track_candidate|safety_car_restart_candidate,True,reprimand,,,,pre_review_feasibility,False,True,review_priority_only_pending_context_and_conduct_review
adjudication-seed-fia-2019-deu-439337838994-01,adj-f35eb28ba1d26794,incident-src-f35eb28ba1d26794,2,adjudication-seed-fia-2018-aze-94399ce60452-01,adj-fb216d7f0fbf8ff1,incident-src-fb216d7f0fbf8ff1,0.0,3,first_lap_candidate|wet_track_candidate|safety_car_restart_candidate,True,reprimand,,,,pre_review_feasibility,False,True,review_priority_only_pending_context_and_conduct_review
adjudication-seed-fia-2019-deu-439337838994-01,adj-f35eb28ba1d26794,incident-src-f35eb28ba1d26794,3,adjudication-seed-fia-2018-aze-b6df36c282b7-01,adj-b5b3a795e56fb51d,incident-src-b5b3a795e56fb51d,0.0,3,first_lap_candidate|wet_track_candidate|safety_car_restart_candidate,True,time_penalty,10,2,,pre_review_feasibility,False,True,review_priority_only_pending_context_and_conduct_review
adjudication-seed-fia-2019-deu-439337838994-01,adj-f35eb28ba1d26794,incident-src-f35eb28ba1d26794,4,adjudication-seed-fia-2018-bra-1cf7293f9bee-01,adj-39523131c9d9684d,incident-src-39523131c9d9684d,0.0,3,first_lap_candidate|wet_track_candidate|safety_car_restart_candidate,True,stop_go,,3,,pre_review_feasibility,False,True,review_priority_only_pending_context_and_conduct_review
adjudication-seed-fia-2019-deu-439337838994-01,adj-f35eb28ba1d26794,incident-src-f35eb28ba1d26794,5,adjudication-seed-fia-2018-chn-ad3c0076d583-01,adj-171323b01c7fd2e4,incident-src-171323b01c7fd2e4,0.0,3,first_lap_candidate|wet_track_candidate|safety_car_restart_candidate,True,time_penalty,10,2,,pre_review_feasibility,False,True,review_priority_only_pending_context_and_conduct_review
adjudication-seed-fia-2019-esp-1de5310a284d-01,adj-93a2deb70e9576d9,incident-src-93a2deb70e9576d9,1,adjudication-seed-fia-2018-can-fa41432364aa-01,adj-f0841610b6a2725d,incident-src-f0841610b6a2725d,0.1,4,overlap_candidate|first_lap_candidate|wet_track_candidate|safety_car_restart_candidate,False,no_further_action,,,,pre_review_feasibility,False,False,review_priority_only_pending_context_and_conduct_review
adjudication-seed-fia-2019-esp-1de5310a284d-01,adj-93a2deb70e9576d9,incident-src-93a2deb70e9576d9,2,adjudication-seed-fia-2018-gbr-70534cc8d2b4-01,adj-e2c907d5f1895cff,incident-src-e2c907d5f1895cff,0.1,4,attacker_line_candidate|first_lap_candidate|wet_track_candidate|safety_car_restart_candidate,False,no_further_action,,,,pre_review_feasibility,False,False,review_priority_only_pending_context_and_conduct_review
adjudication-seed-fia-2019-esp-1de5310a284d-01,adj-93a2deb70e9576d9,incident-src-93a2deb70e9576d9,3,adjudication-seed-fia-2018-hun-4bfaca494290-01,adj-dd118f0c5b27dc3e,incident-src-dd118f0c5b27dc3e,0.1,4,attacker_line_candidate|first_lap_candidate|wet_track_candidate|safety_car_restart_candidate,True,time_penalty,10,2,,pre_review_feasibility,False,True,review_priority_only_pending_context_and_conduct_review
adjudication-seed-fia-2019-esp-1de5310a284d-01,adj-93a2deb70e9576d9,incident-src-93a2deb70e9576d9,4,adjudication-seed-fia-2020-aut-61b974e38056-01,adj-f6450ff6c230f5e0,incident-src-f6450ff6c230f5e0,0.1,4,overlap_candidate|first_lap_candidate|wet_track_candidate|safety_car_restart_candidate,True,time_penalty,5,2,,pre_review_feasibility,False,True,review_priority_only_pending_context_and_conduct_review
adjudication-seed-fia-2019-esp-1de5310a284d-01,adj-93a2deb70e9576d9,incident-src-93a2deb70e9576d9,5,adjudication-seed-fia-2021-ita-4c12fa91b10c-01,adj-e4fd8aefb1774911,incident-src-e4fd8aefb1774911,0.1,4,overlap_candidate|first_lap_candidate|wet_track_candidate|safety_car_restart_candidate,True,time_penalty,5,1,,pre_review_feasibility,False,True,review_priority_only_pending_context_and_conduct_review
adjudication-seed-fia-2019-esp-c8e31ce09c58-01,adj-08067a85a17122aa,incident-src-08067a85a17122aa,1,adjudication-seed-fia-2018-can-fa41432364aa-01,adj-f0841610b6a2725d,incident-src-f0841610b6a2725d,0.1,4,overlap_candidate|first_lap_candidate|wet_track_candidate|safety_car_restart_candidate,False,no_further_action,,,,pre_review_feasibility,False,False,review_priority_only_pending_context_and_conduct_review
adjudication-seed-fia-2019-esp-c8e31ce09c58-01,adj-08067a85a17122aa,incident-src-08067a85a17122aa,2,adjudication-seed-fia-2018-gbr-70534cc8d2b4-01,adj-e2c907d5f1895cff,incident-src-e2c907d5f1895cff,0.1,4,attacker_line_candidate|first_lap_candidate|wet_track_candidate|safety_car_restart_candidate,False,no_further_action,,,,pre_review_feasibility,False,False,review_priority_only_pending_context_and_conduct_review
adjudication-seed-fia-2019-esp-c8e31ce09c58-01,adj-08067a85a17122aa,incident-src-08067a85a17122aa,3,adjudication-seed-fia-2018-hun-4bfaca494290-01,adj-dd118f0c5b27dc3e,incident-src-dd118f0c5b27dc3e,0.1,4,attacker_line_candidate|first_lap_candidate|wet_track_candidate|safety_car_restart_candidate,True,time_penalty,10,2,,pre_review_feasibility,False,True,review_priority_only_pending_context_and_conduct_review
adjudication-seed-fia-2019-esp-c8e31ce09c58-01,adj-08067a85a17122aa,incident-src-08067a85a17122aa,4,adjudication-seed-fia-2020-aut-61b974e38056-01,adj-f6450ff6c230f5e0,incident-src-f6450ff6c230f5e0,0.1,4,overlap_candidate|first_lap_candidate|wet_track_candidate|safety_car_restart_candidate,True,time_penalty,5,2,,pre_review_feasibility,False,True,review_priority_only_pending_context_and_conduct_review
adjudication-seed-fia-2019-esp-c8e31ce09c58-01,adj-08067a85a17122aa,incident-src-08067a85a17122aa,5,adjudication-seed-fia-2021-ita-4c12fa91b10c-01,adj-e4fd8aefb1774911,incident-src-e4fd8aefb1774911,0.1,4,overlap_candidate|first_lap_candidate|wet_track_candidate|safety_car_restart_candidate,True,time_penalty,5,1,,pre_review_feasibility,False,True,review_priority_only_pending_context_and_conduct_review
adjudication-seed-fia-2019-fra-457ded17de98-01,adj-ea059e019eeba972,incident-src-ea059e019eeba972,1,adjudication-seed-fia-2021-esp-fee027bbec83-01,adj-6e832bed12ff975e,incident-src-6e832bed12ff975e,0.0,4,attacker_line_candidate|first_lap_candidate|wet_track_candidate|safety_car_restart_candidate,False,no_further_action,,,,pre_review_feasibility,True,True,review_priority_only_pending_context_and_conduct_review
adjudication-seed-fia-2019-fra-457ded17de98-01,adj-ea059e019eeba972,incident-src-ea059e019eeba972,2,adjudication-seed-fia-2018-jpn-a4bf4fc25a1f-01,adj-98570c1c2d9d82a6,incident-src-98570c1c2d9d82a6,0.125,3,first_lap_candidate|wet_track_candidate|safety_car_restart_candidate,True,time_penalty,5,2,,pre_review_feasibility,True,False,review_priority_only_pending_context_and_conduct_review
adjudication-seed-fia-2019-fra-457ded17de98-01,adj-ea059e019eeba972,incident-src-ea059e019eeba972,3,adjudication-seed-fia-2018-mex-3075233c69d9-01,adj-f55b2703a638bc6a,incident-src-f55b2703a638bc6a,0.125,3,first_lap_candidate|wet_track_candidate|safety_car_restart_candidate,False,no_further_action,,,,pre_review_feasibility,True,True,review_priority_only_pending_context_and_conduct_review
adjudication-seed-fia-2019-fra-457ded17de98-01,adj-ea059e019eeba972,incident-src-ea059e019eeba972,4,adjudication-seed-fia-2018-sgp-329a49e8cbe6-01,adj-e07caee25859dbf7,incident-src-e07caee25859dbf7,0.125,3,first_lap_candidate|wet_track_candidate|safety_car_restart_candidate,True,time_penalty,5,2,,pre_review_feasibility,True,False,review_priority_only_pending_context_and_conduct_review
adjudication-seed-fia-2019-fra-457ded17de98-01,adj-ea059e019eeba972,incident-src-ea059e019eeba972,5,adjudication-seed-fia-2019-bel-0c5b8806e8e5-01,adj-12ea78eb0fa53af2,incident-src-12ea78eb0fa53af2,0.125,3,first_lap_candidate|wet_track_candidate|safety_car_restart_candidate,False,no_further_action,,,,pre_review_feasibility,True,True,review_priority_only_pending_context_and_conduct_review
adjudication-seed-fia-2019-fra-a0c241fafdd8-01,adj-d573e773779fee7e,incident-src-d573e773779fee7e,1,adjudication-seed-fia-2018-usa-49d225f5fb07-01,adj-8c049b3df629e78e,incident-src-8c049b3df629e78e,0.0,3,first_lap_candidate|wet_track_candidate|safety_car_restart_candidate,True,time_penalty,5,1,,pre_review_feasibility,True,False,review_priority_only_pending_context_and_conduct_review
adjudication-seed-fia-2019-fra-a0c241fafdd8-01,adj-d573e773779fee7e,incident-src-d573e773779fee7e,2,adjudication-seed-fia-2018-abu-18bc30990ea3-01,adj-b68335d3407c00bc,incident-src-b68335d3407c00bc,0.3333333333333333,3,first_lap_candidate|wet_track_candidate|safety_car_restart_candidate,True,time_penalty,5,1,,pre_review_feasibility,True,False,review_priority_only_pending_context_and_conduct_review
adjudication-seed-fia-2019-fra-a0c241fafdd8-01,adj-d573e773779fee7e,incident-src-d573e773779fee7e,3,adjudication-seed-fia-2018-abu-754824eaae10-01,adj-58eaa3eee308cb80,incident-src-58eaa3eee308cb80,0.3333333333333333,3,first_lap_candidate|wet_track_candidate|safety_car_restart_candidate,True,time_penalty,5,1,,pre_review_feasibility,True,False,review_priority_only_pending_context_and_conduct_review
adjudication-seed-fia-2019-fra-a0c241fafdd8-01,adj-d573e773779fee7e,incident-src-d573e773779fee7e,4,adjudication-seed-fia-2018-abu-ba74bbf1e4a2-01,adj-e83d46d8daf5ec73,incident-src-e83d46d8daf5ec73,0.3333333333333333,3,first_lap_candidate|wet_track_candidate|safety_car_restart_candidate,True,time_penalty,5,1,,pre_review_feasibility,True,False,review_priority_only_pending_context_and_conduct_review
adjudication-seed-fia-2019-fra-a0c241fafdd8-01,adj-d573e773779fee7e,incident-src-d573e773779fee7e,5,adjudication-seed-fia-2018-abu-e3bd8959c0f4-01,adj-9a44d3fc12f61d17,incident-src-9a44d3fc12f61d17,0.3333333333333333,3,first_lap_candidate|wet_track_candidate|safety_car_restart_candidate,True,time_penalty,5,1,,pre_review_feasibility,True,False,review_priority_only_pending_context_and_conduct_review
adjudication-seed-fia-2019-fra-a2fbe5bfb237-01,adj-9cc41bec5ee322a6,incident-src-9cc41bec5ee322a6,1,adjudication-seed-fia-2019-mco-6d869f39c68e-01,adj-a0cb65d072c5b6a8,incident-src-a0cb65d072c5b6a8,0.0,4,overlap_candidate|first_lap_candidate|wet_track_candidate|safety_car_restart_candidate,True,time_penalty,5,1,,pre_review_feasibility,True,False,review_priority_only_pending_context_and_conduct_review
adjudication-seed-fia-2019-fra-a2fbe5bfb237-01,adj-9cc41bec5ee322a6,incident-src-9cc41bec5ee322a6,2,adjudication-seed-fia-2018-abu-18bc30990ea3-01,adj-b68335d3407c00bc,incident-src-b68335d3407c00bc,0.125,3,first_lap_candidate|wet_track_candidate|safety_car_restart_candidate,True,time_penalty,5,1,,pre_review_feasibility,True,False,review_priority_only_pending_context_and_conduct_review
adjudication-seed-fia-2019-fra-a2fbe5bfb237-01,adj-9cc41bec5ee322a6,incident-src-9cc41bec5ee322a6,3,adjudication-seed-fia-2018-abu-754824eaae10-01,adj-58eaa3eee308cb80,incident-src-58eaa3eee308cb80,0.125,3,first_lap_candidate|wet_track_candidate|safety_car_restart_candidate,True,time_penalty,5,1,,pre_review_feasibility,True,False,review_priority_only_pending_context_and_conduct_review
adjudication-seed-fia-2019-fra-a2fbe5bfb237-01,adj-9cc41bec5ee322a6,incident-src-9cc41bec5ee322a6,4,adjudication-seed-fia-2018-abu-ba74bbf1e4a2-01,adj-e83d46d8daf5ec73,incident-src-e83d46d8daf5ec73,0.125,3,first_lap_candidate|wet_track_candidate|safety_car_restart_candidate,True,time_penalty,5,1,,pre_review_feasibility,True,False,review_priority_only_pending_context_and_conduct_review
adjudication-seed-fia-2019-fra-a2fbe5bfb237-01,adj-9cc41bec5ee322a6,incident-src-9cc41bec5ee322a6,5,adjudication-seed-fia-2018-abu-e3bd8959c0f4-01,adj-9a44d3fc12f61d17,incident-src-9a44d3fc12f61d17,0.125,3,first_lap_candidate|wet_track_candidate|safety_car_restart_candidate,True,time_penalty,5,1,,pre_review_feasibility,True,False,review_priority_only_pending_context_and_conduct_review
adjudication-seed-fia-2019-gbr-9cce23a29f05-01,adj-4ae27a945be232f3,incident-src-4ae27a945be232f3,1,adjudication-seed-fia-2018-aze-1bbf84530187-01,adj-e467c6122d516580,incident-src-e467c6122d516580,0.0,3,first_lap_candidate|wet_track_candidate|safety_car_restart_candidate,True,reprimand,,,,pre_review_feasibility,True,False,review_priority_only_pending_context_and_conduct_review
adjudication-seed-fia-2019-gbr-9cce23a29f05-01,adj-4ae27a945be232f3,incident-src-4ae27a945be232f3,2,adjudication-seed-fia-2018-aze-94399ce60452-01,adj-fb216d7f0fbf8ff1,incident-src-fb216d7f0fbf8ff1,0.0,3,first_lap_candidate|wet_track_candidate|safety_car_restart_candidate,True,reprimand,,,,pre_review_feasibility,True,False,review_priority_only_pending_context_and_conduct_review
adjudication-seed-fia-2019-gbr-9cce23a29f05-01,adj-4ae27a945be232f3,incident-src-4ae27a945be232f3,3,adjudication-seed-fia-2018-aze-b6df36c282b7-01,adj-b5b3a795e56fb51d,incident-src-b5b3a795e56fb51d,0.0,3,first_lap_candidate|wet_track_candidate|safety_car_restart_candidate,True,time_penalty,10,2,,pre_review_feasibility,True,False,review_priority_only_pending_context_and_conduct_review
adjudication-seed-fia-2019-gbr-9cce23a29f05-01,adj-4ae27a945be232f3,incident-src-4ae27a945be232f3,4,adjudication-seed-fia-2018-bra-1cf7293f9bee-01,adj-39523131c9d9684d,incident-src-39523131c9d9684d,0.0,3,first_lap_candidate|wet_track_candidate|safety_car_restart_candidate,True,stop_go,,3,,pre_review_feasibility,True,False,review_priority_only_pending_context_and_conduct_review
adjudication-seed-fia-2019-gbr-9cce23a29f05-01,adj-4ae27a945be232f3,incident-src-4ae27a945be232f3,5,adjudication-seed-fia-2018-chn-ad3c0076d583-01,adj-171323b01c7fd2e4,incident-src-171323b01c7fd2e4,0.0,3,first_lap_candidate|wet_track_candidate|safety_car_restart_candidate,True,time_penalty,10,2,,pre_review_feasibility,True,False,review_priority_only_pending_context_and_conduct_review
adjudication-seed-fia-2019-ita-5d8bd476d009-01,adj-0a2995f1d6aad572,incident-src-0a2995f1d6aad572,1,adjudication-seed-fia-2018-aze-1bbf84530187-01,adj-e467c6122d516580,incident-src-e467c6122d516580,0.0,3,first_lap_candidate|wet_track_candidate|safety_car_restart_candidate,True,reprimand,,,,pre_review_feasibility,True,False,review_priority_only_pending_context_and_conduct_review
adjudication-seed-fia-2019-ita-5d8bd476d009-01,adj-0a2995f1d6aad572,incident-src-0a2995f1d6aad572,2,adjudication-seed-fia-2018-aze-94399ce60452-01,adj-fb216d7f0fbf8ff1,incident-src-fb216d7f0fbf8ff1,0.0,3,first_lap_candidate|wet_track_candidate|safety_car_restart_candidate,True,reprimand,,,,pre_review_feasibility,True,False,review_priority_only_pending_context_and_conduct_review
adjudication-seed-fia-2019-ita-5d8bd476d009-01,adj-0a2995f1d6aad572,incident-src-0a2995f1d6aad572,3,adjudication-seed-fia-2018-aze-b6df36c282b7-01,adj-b5b3a795e56fb51d,incident-src-b5b3a795e56fb51d,0.0,3,first_lap_candidate|wet_track_candidate|safety_car_restart_candidate,True,time_penalty,10,2,,pre_review_feasibility,True,False,review_priority_only_pending_context_and_conduct_review
adjudication-seed-fia-2019-ita-5d8bd476d009-01,adj-0a2995f1d6aad572,incident-src-0a2995f1d6aad572,4,adjudication-seed-fia-2018-bra-1cf7293f9bee-01,adj-39523131c9d9684d,incident-src-39523131c9d9684d,0.0,3,first_lap_candidate|wet_track_candidate|safety_car_restart_candidate,True,stop_go,,3,,pre_review_feasibility,True,False,review_priority_only_pending_context_and_conduct_review
adjudication-seed-fia-2019-ita-5d8bd476d009-01,adj-0a2995f1d6aad572,incident-src-0a2995f1d6aad572,5,adjudication-seed-fia-2018-chn-ad3c0076d583-01,adj-171323b01c7fd2e4,incident-src-171323b01c7fd2e4,0.0,3,first_lap_candidate|wet_track_candidate|safety_car_restart_candidate,True,time_penalty,10,2,,pre_review_feasibility,True,False,review_priority_only_pending_context_and_conduct_review
adjudication-seed-fia-2019-ita-e4746c5c634f-01,adj-c74375d6086c31ed,incident-src-c74375d6086c31ed,1,adjudication-seed-fia-2018-abu-18bc30990ea3-01,adj-b68335d3407c00bc,incident-src-b68335d3407c00bc,0.0,3,first_lap_candidate|wet_track_candidate|safety_car_restart_candidate,True,time_penalty,5,1,,pre_review_feasibility,True,False,review_priority_only_pending_context_and_conduct_review
adjudication-seed-fia-2019-ita-e4746c5c634f-01,adj-c74375d6086c31ed,incident-src-c74375d6086c31ed,2,adjudication-seed-fia-2018-abu-754824eaae10-01,adj-58eaa3eee308cb80,incident-src-58eaa3eee308cb80,0.0,3,first_lap_candidate|wet_track_candidate|safety_car_restart_candidate,True,time_penalty,5,1,,pre_review_feasibility,True,False,review_priority_only_pending_context_and_conduct_review
adjudication-seed-fia-2019-ita-e4746c5c634f-01,adj-c74375d6086c31ed,incident-src-c74375d6086c31ed,3,adjudication-seed-fia-2018-abu-ba74bbf1e4a2-01,adj-e83d46d8daf5ec73,incident-src-e83d46d8daf5ec73,0.0,3,first_lap_candidate|wet_track_candidate|safety_car_restart_candidate,True,time_penalty,5,1,,pre_review_feasibility,True,False,review_priority_only_pending_context_and_conduct_review
adjudication-seed-fia-2019-ita-e4746c5c634f-01,adj-c74375d6086c31ed,incident-src-c74375d6086c31ed,4,adjudication-seed-fia-2018-abu-e3bd8959c0f4-01,adj-9a44d3fc12f61d17,incident-src-9a44d3fc12f61d17,0.0,3,first_lap_candidate|wet_track_candidate|safety_car_restart_candidate,True,time_penalty,5,1,,pre_review_feasibility,True,False,review_priority_only_pending_context_and_conduct_review
adjudication-seed-fia-2019-ita-e4746c5c634f-01,adj-c74375d6086c31ed,incident-src-c74375d6086c31ed,5,adjudication-seed-fia-2018-aut-6376daf466a5-01,adj-b25c86494efcda3c,incident-src-b25c86494efcda3c,0.0,3,first_lap_candidate|wet_track_candidate|safety_car_restart_candidate,False,no_further_action,,,,pre_review_feasibility,True,True,review_priority_only_pending_context_and_conduct_review
adjudication-seed-fia-2019-ita-ef49a857f7de-01,adj-fce27d672a231903,incident-src-fce27d672a231903,1,adjudication-seed-fia-2018-jpn-d5d56e0426c6-01,adj-d87dc3e3ddc100a9,incident-src-d87dc3e3ddc100a9,0.0,3,first_lap_candidate|wet_track_candidate|safety_car_restart_candidate,True,time_penalty,5,1,,pre_review_feasibility,True,False,review_priority_only_pending_context_and_conduct_review
adjudication-seed-fia-2019-ita-ef49a857f7de-01,adj-fce27d672a231903,incident-src-fce27d672a231903,2,adjudication-seed-fia-2019-can-dceb9101c747-01,adj-5a2a22f5fc1a849d,incident-src-5a2a22f5fc1a849d,0.0,3,first_lap_candidate|wet_track_candidate|safety_car_restart_candidate,True,time_penalty,5,2,,pre_review_feasibility,True,False,review_priority_only_pending_context_and_conduct_review
adjudication-seed-fia-2019-ita-ef49a857f7de-01,adj-fce27d672a231903,incident-src-fce27d672a231903,3,adjudication-seed-fia-2020-70a-2f908d545c9e-01,adj-70745e64b862fd6a,incident-src-70745e64b862fd6a,0.125,3,first_lap_candidate|wet_track_candidate|safety_car_restart_candidate,True,time_penalty,5,2,,pre_review_feasibility,True,False,review_priority_only_pending_context_and_conduct_review
adjudication-seed-fia-2019-ita-ef49a857f7de-01,adj-fce27d672a231903,incident-src-fce27d672a231903,4,adjudication-seed-fia-2021-ita-7df29923e8ce-01,adj-fca50105e4c6d3fe,incident-src-fca50105e4c6d3fe,0.3333333333333333,3,first_lap_candidate|wet_track_candidate|safety_car_restart_candidate,True,time_penalty,5,1,,pre_review_feasibility,True,False,review_priority_only_pending_context_and_conduct_review
adjudication-seed-fia-2019-jpn-4a022963168d-01,adj-44686757f581c309,incident-group-dee3045f08ed8de7,1,adjudication-seed-fia-2018-aze-3e59a6773794-01,adj-2244116a8d1885ec,incident-src-2244116a8d1885ec,0.1,4,attacker_line_candidate|first_lap_candidate|wet_track_candidate|safety_car_restart_candidate,False,no_further_action,,,,pre_review_feasibility,True,True,review_priority_only_pending_context_and_conduct_review
adjudication-seed-fia-2019-jpn-4a022963168d-01,adj-44686757f581c309,incident-group-dee3045f08ed8de7,2,adjudication-seed-fia-2018-fra-e65d0d06dbb7-01,adj-2528c2aa99cc8fa3,incident-src-2528c2aa99cc8fa3,0.1,4,attacker_line_candidate|first_lap_candidate|wet_track_candidate|safety_car_restart_candidate,True,time_penalty,5,2,,pre_review_feasibility,True,False,review_priority_only_pending_context_and_conduct_review
adjudication-seed-fia-2019-jpn-4a022963168d-01,adj-44686757f581c309,incident-group-dee3045f08ed8de7,3,adjudication-seed-fia-2018-gbr-f20a2f7cd356-01,adj-5384303bfd85706c,incident-src-5384303bfd85706c,0.1,4,attacker_line_candidate|first_lap_candidate|wet_track_candidate|safety_car_restart_candidate,True,time_penalty,10,2,,pre_review_feasibility,True,False,review_priority_only_pending_context_and_conduct_review
adjudication-seed-fia-2019-jpn-4a022963168d-01,adj-44686757f581c309,incident-group-dee3045f08ed8de7,4,adjudication-seed-fia-2018-sgp-bcfc0b21409a-01,adj-153d9abced4119b1,incident-src-153d9abced4119b1,0.1,4,overlap_candidate|first_lap_candidate|wet_track_candidate|safety_car_restart_candidate,False,no_further_action,,,,pre_review_feasibility,True,True,review_priority_only_pending_context_and_conduct_review
adjudication-seed-fia-2019-jpn-4a022963168d-01,adj-44686757f581c309,incident-group-dee3045f08ed8de7,5,adjudication-seed-fia-2019-sgp-d456f4419d4f-01,adj-2863482e9bf6ad20,incident-group-baa04254fb857cd2,0.1,4,attacker_line_candidate|first_lap_candidate|wet_track_candidate|safety_car_restart_candidate,False,no_further_action,,,,pre_review_feasibility,True,True,review_priority_only_pending_context_and_conduct_review
adjudication-seed-fia-2019-jpn-8f4df880b95b-01,adj-667d6bb8743116ef,incident-group-9d7ca07e87909a4b,1,adjudication-seed-fia-2019-sgp-6c9e26d4cab3-01,adj-cde123f133b0c826,incident-group-3e6d04cc117846eb,0.0,5,attacker_line_candidate|overlap_candidate|first_lap_candidate|wet_track_candidate|safety_car_restart_candidate,False,no_further_action,,,,pre_review_feasibility,False,False,review_priority_only_pending_context_and_conduct_review
adjudication-seed-fia-2019-jpn-8f4df880b95b-01,adj-667d6bb8743116ef,incident-group-9d7ca07e87909a4b,2,adjudication-seed-fia-2019-sgp-6db2310a0bec-01,adj-46676d59c4b4733c,incident-group-3e6d04cc117846eb,0.0,5,attacker_line_candidate|overlap_candidate|first_lap_candidate|wet_track_candidate|safety_car_restart_candidate,False,no_further_action,,,,pre_review_feasibility,False,False,review_priority_only_pending_context_and_conduct_review
adjudication-seed-fia-2019-jpn-8f4df880b95b-01,adj-667d6bb8743116ef,incident-group-9d7ca07e87909a4b,3,adjudication-seed-fia-2018-can-fa41432364aa-01,adj-f0841610b6a2725d,incident-src-f0841610b6a2725d,0.1,4,overlap_candidate|first_lap_candidate|wet_track_candidate|safety_car_restart_candidate,False,no_further_action,,,,pre_review_feasibility,False,False,review_priority_only_pending_context_and_conduct_review
adjudication-seed-fia-2019-jpn-8f4df880b95b-01,adj-667d6bb8743116ef,incident-group-9d7ca07e87909a4b,4,adjudication-seed-fia-2020-aut-61b974e38056-01,adj-f6450ff6c230f5e0,incident-src-f6450ff6c230f5e0,0.1,4,overlap_candidate|first_lap_candidate|wet_track_candidate|safety_car_restart_candidate,True,time_penalty,5,2,,pre_review_feasibility,False,True,review_priority_only_pending_context_and_conduct_review
adjudication-seed-fia-2019-jpn-8f4df880b95b-01,adj-667d6bb8743116ef,incident-group-9d7ca07e87909a4b,5,adjudication-seed-fia-2021-ita-4c12fa91b10c-01,adj-e4fd8aefb1774911,incident-src-e4fd8aefb1774911,0.1,4,overlap_candidate|first_lap_candidate|wet_track_candidate|safety_car_restart_candidate,True,time_penalty,5,1,,pre_review_feasibility,False,True,review_priority_only_pending_context_and_conduct_review
adjudication-seed-fia-2019-jpn-9be40f8bba4d-01,adj-634036e33dc05333,incident-group-dee3045f08ed8de7,1,adjudication-seed-fia-2018-aze-3e59a6773794-01,adj-2244116a8d1885ec,incident-src-2244116a8d1885ec,0.1,4,attacker_line_candidate|first_lap_candidate|wet_track_candidate|safety_car_restart_candidate,False,no_further_action,,,,pre_review_feasibility,False,False,review_priority_only_pending_context_and_conduct_review
adjudication-seed-fia-2019-jpn-9be40f8bba4d-01,adj-634036e33dc05333,incident-group-dee3045f08ed8de7,2,adjudication-seed-fia-2018-fra-e65d0d06dbb7-01,adj-2528c2aa99cc8fa3,incident-src-2528c2aa99cc8fa3,0.1,4,attacker_line_candidate|first_lap_candidate|wet_track_candidate|safety_car_restart_candidate,True,time_penalty,5,2,,pre_review_feasibility,False,True,review_priority_only_pending_context_and_conduct_review
adjudication-seed-fia-2019-jpn-9be40f8bba4d-01,adj-634036e33dc05333,incident-group-dee3045f08ed8de7,3,adjudication-seed-fia-2018-gbr-f20a2f7cd356-01,adj-5384303bfd85706c,incident-src-5384303bfd85706c,0.1,4,attacker_line_candidate|first_lap_candidate|wet_track_candidate|safety_car_restart_candidate,True,time_penalty,10,2,,pre_review_feasibility,False,True,review_priority_only_pending_context_and_conduct_review
adjudication-seed-fia-2019-jpn-9be40f8bba4d-01,adj-634036e33dc05333,incident-group-dee3045f08ed8de7,4,adjudication-seed-fia-2018-sgp-bcfc0b21409a-01,adj-153d9abced4119b1,incident-src-153d9abced4119b1,0.1,4,overlap_candidate|first_lap_candidate|wet_track_candidate|safety_car_restart_candidate,False,no_further_action,,,,pre_review_feasibility,False,False,review_priority_only_pending_context_and_conduct_review
adjudication-seed-fia-2019-jpn-9be40f8bba4d-01,adj-634036e33dc05333,incident-group-dee3045f08ed8de7,5,adjudication-seed-fia-2019-sgp-d456f4419d4f-01,adj-2863482e9bf6ad20,incident-group-baa04254fb857cd2,0.1,4,attacker_line_candidate|first_lap_candidate|wet_track_candidate|safety_car_restart_candidate,False,no_further_action,,,,pre_review_feasibility,False,False,review_priority_only_pending_context_and_conduct_review
adjudication-seed-fia-2019-jpn-ddc6b3eef5b1-01,adj-acc76c36ad0d55b6,incident-group-9d7ca07e87909a4b,1,adjudication-seed-fia-2019-sgp-6c9e26d4cab3-01,adj-cde123f133b0c826,incident-group-3e6d04cc117846eb,0.0,5,attacker_line_candidate|overlap_candidate|first_lap_candidate|wet_track_candidate|safety_car_restart_candidate,False,no_further_action,,,,pre_review_feasibility,False,False,review_priority_only_pending_context_and_conduct_review
adjudication-seed-fia-2019-jpn-ddc6b3eef5b1-01,adj-acc76c36ad0d55b6,incident-group-9d7ca07e87909a4b,2,adjudication-seed-fia-2019-sgp-6db2310a0bec-01,adj-46676d59c4b4733c,incident-group-3e6d04cc117846eb,0.0,5,attacker_line_candidate|overlap_candidate|first_lap_candidate|wet_track_candidate|safety_car_restart_candidate,False,no_further_action,,,,pre_review_feasibility,False,False,review_priority_only_pending_context_and_conduct_review
adjudication-seed-fia-2019-jpn-ddc6b3eef5b1-01,adj-acc76c36ad0d55b6,incident-group-9d7ca07e87909a4b,3,adjudication-seed-fia-2018-can-fa41432364aa-01,adj-f0841610b6a2725d,incident-src-f0841610b6a2725d,0.1,4,overlap_candidate|first_lap_candidate|wet_track_candidate|safety_car_restart_candidate,False,no_further_action,,,,pre_review_feasibility,False,False,review_priority_only_pending_context_and_conduct_review
adjudication-seed-fia-2019-jpn-ddc6b3eef5b1-01,adj-acc76c36ad0d55b6,incident-group-9d7ca07e87909a4b,4,adjudication-seed-fia-2020-aut-61b974e38056-01,adj-f6450ff6c230f5e0,incident-src-f6450ff6c230f5e0,0.1,4,overlap_candidate|first_lap_candidate|wet_track_candidate|safety_car_restart_candidate,True,time_penalty,5,2,,pre_review_feasibility,False,True,review_priority_only_pending_context_and_conduct_review
adjudication-seed-fia-2019-jpn-ddc6b3eef5b1-01,adj-acc76c36ad0d55b6,incident-group-9d7ca07e87909a4b,5,adjudication-seed-fia-2021-ita-4c12fa91b10c-01,adj-e4fd8aefb1774911,incident-src-e4fd8aefb1774911,0.1,4,overlap_candidate|first_lap_candidate|wet_track_candidate|safety_car_restart_candidate,True,time_penalty,5,1,,pre_review_feasibility,False,True,review_priority_only_pending_context_and_conduct_review
adjudication-seed-fia-2019-mco-6d869f39c68e-01,adj-a0cb65d072c5b6a8,incident-src-a0cb65d072c5b6a8,1,adjudication-seed-fia-2019-fra-a2fbe5bfb237-01,adj-9cc41bec5ee322a6,incident-src-9cc41bec5ee322a6,0.0,4,overlap_candidate|first_lap_candidate|wet_track_candidate|safety_car_restart_candidate,True,time_penalty,5,1,,pre_review_feasibility,True,False,review_priority_only_pending_context_and_conduct_review
adjudication-seed-fia-2019-mco-6d869f39c68e-01,adj-a0cb65d072c5b6a8,incident-src-a0cb65d072c5b6a8,2,adjudication-seed-fia-2018-abu-18bc30990ea3-01,adj-b68335d3407c00bc,incident-src-b68335d3407c00bc,0.125,3,first_lap_candidate|wet_track_candidate|safety_car_restart_candidate,True,time_penalty,5,1,,pre_review_feasibility,True,False,review_priority_only_pending_context_and_conduct_review
adjudication-seed-fia-2019-mco-6d869f39c68e-01,adj-a0cb65d072c5b6a8,incident-src-a0cb65d072c5b6a8,3,adjudication-seed-fia-2018-abu-754824eaae10-01,adj-58eaa3eee308cb80,incident-src-58eaa3eee308cb80,0.125,3,first_lap_candidate|wet_track_candidate|safety_car_restart_candidate,True,time_penalty,5,1,,pre_review_feasibility,True,False,review_priority_only_pending_context_and_conduct_review
adjudication-seed-fia-2019-mco-6d869f39c68e-01,adj-a0cb65d072c5b6a8,incident-src-a0cb65d072c5b6a8,4,adjudication-seed-fia-2018-abu-ba74bbf1e4a2-01,adj-e83d46d8daf5ec73,incident-src-e83d46d8daf5ec73,0.125,3,first_lap_candidate|wet_track_candidate|safety_car_restart_candidate,True,time_penalty,5,1,,pre_review_feasibility,True,False,review_priority_only_pending_context_and_conduct_review
adjudication-seed-fia-2019-mco-6d869f39c68e-01,adj-a0cb65d072c5b6a8,incident-src-a0cb65d072c5b6a8,5,adjudication-seed-fia-2018-abu-e3bd8959c0f4-01,adj-9a44d3fc12f61d17,incident-src-9a44d3fc12f61d17,0.125,3,first_lap_candidate|wet_track_candidate|safety_car_restart_candidate,True,time_penalty,5,1,,pre_review_feasibility,True,False,review_priority_only_pending_context_and_conduct_review
adjudication-seed-fia-2019-mco-8441c7d5dbef-01,adj-d5ff9f7e1e5e3e46,incident-src-d5ff9f7e1e5e3e46,1,adjudication-seed-fia-2018-aze-1bbf84530187-01,adj-e467c6122d516580,incident-src-e467c6122d516580,0.0,3,first_lap_candidate|wet_track_candidate|safety_car_restart_candidate,True,reprimand,,,,pre_review_feasibility,True,False,review_priority_only_pending_context_and_conduct_review
adjudication-seed-fia-2019-mco-8441c7d5dbef-01,adj-d5ff9f7e1e5e3e46,incident-src-d5ff9f7e1e5e3e46,2,adjudication-seed-fia-2018-aze-94399ce60452-01,adj-fb216d7f0fbf8ff1,incident-src-fb216d7f0fbf8ff1,0.0,3,first_lap_candidate|wet_track_candidate|safety_car_restart_candidate,True,reprimand,,,,pre_review_feasibility,True,False,review_priority_only_pending_context_and_conduct_review
adjudication-seed-fia-2019-mco-8441c7d5dbef-01,adj-d5ff9f7e1e5e3e46,incident-src-d5ff9f7e1e5e3e46,3,adjudication-seed-fia-2018-aze-b6df36c282b7-01,adj-b5b3a795e56fb51d,incident-src-b5b3a795e56fb51d,0.0,3,first_lap_candidate|wet_track_candidate|safety_car_restart_candidate,True,time_penalty,10,2,,pre_review_feasibility,True,False,review_priority_only_pending_context_and_conduct_review
adjudication-seed-fia-2019-mco-8441c7d5dbef-01,adj-d5ff9f7e1e5e3e46,incident-src-d5ff9f7e1e5e3e46,4,adjudication-seed-fia-2018-bra-1cf7293f9bee-01,adj-39523131c9d9684d,incident-src-39523131c9d9684d,0.0,3,first_lap_candidate|wet_track_candidate|safety_car_restart_candidate,True,stop_go,,3,,pre_review_feasibility,True,False,review_priority_only_pending_context_and_conduct_review
adjudication-seed-fia-2019-mco-8441c7d5dbef-01,adj-d5ff9f7e1e5e3e46,incident-src-d5ff9f7e1e5e3e46,5,adjudication-seed-fia-2018-chn-ad3c0076d583-01,adj-171323b01c7fd2e4,incident-src-171323b01c7fd2e4,0.0,3,first_lap_candidate|wet_track_candidate|safety_car_restart_candidate,True,time_penalty,10,2,,pre_review_feasibility,True,False,review_priority_only_pending_context_and_conduct_review
adjudication-seed-fia-2019-mco-93dff725c78b-01,adj-76f534567702afe9,incident-src-76f534567702afe9,1,adjudication-seed-fia-2019-bra-810d6e70c069-01,adj-7a979b9c5e405e83,incident-src-7a979b9c5e405e83,0.0,4,attacker_line_candidate|first_lap_candidate|wet_track_candidate|safety_car_restart_candidate,True,time_penalty,5,2,,pre_review_feasibility,False,True,review_priority_only_pending_context_and_conduct_review
adjudication-seed-fia-2019-mco-93dff725c78b-01,adj-76f534567702afe9,incident-src-76f534567702afe9,2,adjudication-seed-fia-2020-eif-3377de36ccd9-01,adj-cd5bc15f552b8092,incident-src-cd5bc15f552b8092,0.0,4,attacker_line_candidate|first_lap_candidate|wet_track_candidate|safety_car_restart_candidate,True,time_penalty,10,2,,pre_review_feasibility,False,True,review_priority_only_pending_context_and_conduct_review
adjudication-seed-fia-2019-mco-93dff725c78b-01,adj-76f534567702afe9,incident-src-76f534567702afe9,3,adjudication-seed-fia-2020-gbr-319c8c2d52b9-01,adj-fcd4a7df5c2a7599,incident-src-fcd4a7df5c2a7599,0.0,4,attacker_line_candidate|first_lap_candidate|wet_track_candidate|safety_car_restart_candidate,True,time_penalty,5,2,,pre_review_feasibility,False,True,review_priority_only_pending_context_and_conduct_review
adjudication-seed-fia-2019-mco-93dff725c78b-01,adj-76f534567702afe9,incident-src-76f534567702afe9,4,adjudication-seed-fia-2021-sao-2a5ecda10fa1-01,adj-3036462c60f0a464,incident-src-3036462c60f0a464,0.0,4,attacker_line_candidate|first_lap_candidate|wet_track_candidate|safety_car_restart_candidate,True,time_penalty,10,2,,pre_review_feasibility,False,True,review_priority_only_pending_context_and_conduct_review
adjudication-seed-fia-2019-mco-93dff725c78b-01,adj-76f534567702afe9,incident-src-76f534567702afe9,5,adjudication-seed-fia-2019-aut-529bae08f480-01,adj-524c6675088fdc18,incident-src-524c6675088fdc18,0.1,4,attacker_line_candidate|first_lap_candidate|wet_track_candidate|safety_car_restart_candidate,False,no_further_action,,,,pre_review_feasibility,False,False,review_priority_only_pending_context_and_conduct_review
adjudication-seed-fia-2019-mco-b0bed801d3e3-01,adj-1647a94a71c5efa4,incident-src-1647a94a71c5efa4,1,adjudication-seed-fia-2018-abu-18bc30990ea3-01,adj-b68335d3407c00bc,incident-src-b68335d3407c00bc,0.0,3,first_lap_candidate|wet_track_candidate|safety_car_restart_candidate,True,time_penalty,5,1,,pre_review_feasibility,True,False,review_priority_only_pending_context_and_conduct_review
adjudication-seed-fia-2019-mco-b0bed801d3e3-01,adj-1647a94a71c5efa4,incident-src-1647a94a71c5efa4,2,adjudication-seed-fia-2018-abu-754824eaae10-01,adj-58eaa3eee308cb80,incident-src-58eaa3eee308cb80,0.0,3,first_lap_candidate|wet_track_candidate|safety_car_restart_candidate,True,time_penalty,5,1,,pre_review_feasibility,True,False,review_priority_only_pending_context_and_conduct_review
adjudication-seed-fia-2019-mco-b0bed801d3e3-01,adj-1647a94a71c5efa4,incident-src-1647a94a71c5efa4,3,adjudication-seed-fia-2018-abu-ba74bbf1e4a2-01,adj-e83d46d8daf5ec73,incident-src-e83d46d8daf5ec73,0.0,3,first_lap_candidate|wet_track_candidate|safety_car_restart_candidate,True,time_penalty,5,1,,pre_review_feasibility,True,False,review_priority_only_pending_context_and_conduct_review
adjudication-seed-fia-2019-mco-b0bed801d3e3-01,adj-1647a94a71c5efa4,incident-src-1647a94a71c5efa4,4,adjudication-seed-fia-2018-abu-e3bd8959c0f4-01,adj-9a44d3fc12f61d17,incident-src-9a44d3fc12f61d17,0.0,3,first_lap_candidate|wet_track_candidate|safety_car_restart_candidate,True,time_penalty,5,1,,pre_review_feasibility,True,False,review_priority_only_pending_context_and_conduct_review
adjudication-seed-fia-2019-mco-b0bed801d3e3-01,adj-1647a94a71c5efa4,incident-src-1647a94a71c5efa4,5,adjudication-seed-fia-2018-aut-6376daf466a5-01,adj-b25c86494efcda3c,incident-src-b25c86494efcda3c,0.0,3,first_lap_candidate|wet_track_candidate|safety_car_restart_candidate,False,no_further_action,,,,pre_review_feasibility,True,True,review_priority_only_pending_context_and_conduct_review
adjudication-seed-fia-2019-mco-bf9eeec70400-01,adj-675739cef230a725,incident-src-675739cef230a725,1,adjudication-seed-fia-2019-bra-810d6e70c069-01,adj-7a979b9c5e405e83,incident-src-7a979b9c5e405e83,0.0,4,attacker_line_candidate|first_lap_candidate|wet_track_candidate|safety_car_restart_candidate,True,time_penalty,5,2,,pre_review_feasibility,False,True,review_priority_only_pending_context_and_conduct_review
adjudication-seed-fia-2019-mco-bf9eeec70400-01,adj-675739cef230a725,incident-src-675739cef230a725,2,adjudication-seed-fia-2020-eif-3377de36ccd9-01,adj-cd5bc15f552b8092,incident-src-cd5bc15f552b8092,0.0,4,attacker_line_candidate|first_lap_candidate|wet_track_candidate|safety_car_restart_candidate,True,time_penalty,10,2,,pre_review_feasibility,False,True,review_priority_only_pending_context_and_conduct_review
adjudication-seed-fia-2019-mco-bf9eeec70400-01,adj-675739cef230a725,incident-src-675739cef230a725,3,adjudication-seed-fia-2020-gbr-319c8c2d52b9-01,adj-fcd4a7df5c2a7599,incident-src-fcd4a7df5c2a7599,0.0,4,attacker_line_candidate|first_lap_candidate|wet_track_candidate|safety_car_restart_candidate,True,time_penalty,5,2,,pre_review_feasibility,False,True,review_priority_only_pending_context_and_conduct_review
adjudication-seed-fia-2019-mco-bf9eeec70400-01,adj-675739cef230a725,incident-src-675739cef230a725,4,adjudication-seed-fia-2021-sao-2a5ecda10fa1-01,adj-3036462c60f0a464,incident-src-3036462c60f0a464,0.0,4,attacker_line_candidate|first_lap_candidate|wet_track_candidate|safety_car_restart_candidate,True,time_penalty,10,2,,pre_review_feasibility,False,True,review_priority_only_pending_context_and_conduct_review
adjudication-seed-fia-2019-mco-bf9eeec70400-01,adj-675739cef230a725,incident-src-675739cef230a725,5,adjudication-seed-fia-2019-aut-529bae08f480-01,adj-524c6675088fdc18,incident-src-524c6675088fdc18,0.1,4,attacker_line_candidate|first_lap_candidate|wet_track_candidate|safety_car_restart_candidate,False,no_further_action,,,,pre_review_feasibility,False,False,review_priority_only_pending_context_and_conduct_review
adjudication-seed-fia-2019-mex-9a84e5496c6b-01,adj-f96f03bc3f42ded4,incident-src-f96f03bc3f42ded4,1,adjudication-seed-fia-2018-aze-1bbf84530187-01,adj-e467c6122d516580,incident-src-e467c6122d516580,0.0,3,first_lap_candidate|wet_track_candidate|safety_car_restart_candidate,True,reprimand,,,,pre_review_feasibility,True,False,review_priority_only_pending_context_and_conduct_review
adjudication-seed-fia-2019-mex-9a84e5496c6b-01,adj-f96f03bc3f42ded4,incident-src-f96f03bc3f42ded4,2,adjudication-seed-fia-2018-aze-94399ce60452-01,adj-fb216d7f0fbf8ff1,incident-src-fb216d7f0fbf8ff1,0.0,3,first_lap_candidate|wet_track_candidate|safety_car_restart_candidate,True,reprimand,,,,pre_review_feasibility,True,False,review_priority_only_pending_context_and_conduct_review
adjudication-seed-fia-2019-mex-9a84e5496c6b-01,adj-f96f03bc3f42ded4,incident-src-f96f03bc3f42ded4,3,adjudication-seed-fia-2018-aze-b6df36c282b7-01,adj-b5b3a795e56fb51d,incident-src-b5b3a795e56fb51d,0.0,3,first_lap_candidate|wet_track_candidate|safety_car_restart_candidate,True,time_penalty,10,2,,pre_review_feasibility,True,False,review_priority_only_pending_context_and_conduct_review
adjudication-seed-fia-2019-mex-9a84e5496c6b-01,adj-f96f03bc3f42ded4,incident-src-f96f03bc3f42ded4,4,adjudication-seed-fia-2018-bra-1cf7293f9bee-01,adj-39523131c9d9684d,incident-src-39523131c9d9684d,0.0,3,first_lap_candidate|wet_track_candidate|safety_car_restart_candidate,True,stop_go,,3,,pre_review_feasibility,True,False,review_priority_only_pending_context_and_conduct_review
adjudication-seed-fia-2019-mex-9a84e5496c6b-01,adj-f96f03bc3f42ded4,incident-src-f96f03bc3f42ded4,5,adjudication-seed-fia-2018-chn-ad3c0076d583-01,adj-171323b01c7fd2e4,incident-src-171323b01c7fd2e4,0.0,3,first_lap_candidate|wet_track_candidate|safety_car_restart_candidate,True,time_penalty,10,2,,pre_review_feasibility,True,False,review_priority_only_pending_context_and_conduct_review
adjudication-seed-fia-2019-sgp-4f116694a24c-01,adj-dc7143e62d2b209e,incident-group-17fe6df1bdd9aad8,1,adjudication-seed-fia-2018-aze-1bbf84530187-01,adj-e467c6122d516580,incident-src-e467c6122d516580,0.0,3,first_lap_candidate|wet_track_candidate|safety_car_restart_candidate,True,reprimand,,,,pre_review_feasibility,False,True,review_priority_only_pending_context_and_conduct_review
adjudication-seed-fia-2019-sgp-4f116694a24c-01,adj-dc7143e62d2b209e,incident-group-17fe6df1bdd9aad8,2,adjudication-seed-fia-2018-aze-94399ce60452-01,adj-fb216d7f0fbf8ff1,incident-src-fb216d7f0fbf8ff1,0.0,3,first_lap_candidate|wet_track_candidate|safety_car_restart_candidate,True,reprimand,,,,pre_review_feasibility,False,True,review_priority_only_pending_context_and_conduct_review
adjudication-seed-fia-2019-sgp-4f116694a24c-01,adj-dc7143e62d2b209e,incident-group-17fe6df1bdd9aad8,3,adjudication-seed-fia-2018-aze-b6df36c282b7-01,adj-b5b3a795e56fb51d,incident-src-b5b3a795e56fb51d,0.0,3,first_lap_candidate|wet_track_candidate|safety_car_restart_candidate,True,time_penalty,10,2,,pre_review_feasibility,False,True,review_priority_only_pending_context_and_conduct_review
adjudication-seed-fia-2019-sgp-4f116694a24c-01,adj-dc7143e62d2b209e,incident-group-17fe6df1bdd9aad8,4,adjudication-seed-fia-2018-bra-1cf7293f9bee-01,adj-39523131c9d9684d,incident-src-39523131c9d9684d,0.0,3,first_lap_candidate|wet_track_candidate|safety_car_restart_candidate,True,stop_go,,3,,pre_review_feasibility,False,True,review_priority_only_pending_context_and_conduct_review
adjudication-seed-fia-2019-sgp-4f116694a24c-01,adj-dc7143e62d2b209e,incident-group-17fe6df1bdd9aad8,5,adjudication-seed-fia-2018-chn-ad3c0076d583-01,adj-171323b01c7fd2e4,incident-src-171323b01c7fd2e4,0.0,3,first_lap_candidate|wet_track_candidate|safety_car_restart_candidate,True,time_penalty,10,2,,pre_review_feasibility,False,True,review_priority_only_pending_context_and_conduct_review
adjudication-seed-fia-2019-sgp-6c9e26d4cab3-01,adj-cde123f133b0c826,incident-group-3e6d04cc117846eb,1,adjudication-seed-fia-2019-jpn-8f4df880b95b-01,adj-667d6bb8743116ef,incident-group-9d7ca07e87909a4b,0.0,5,attacker_line_candidate|overlap_candidate|first_lap_candidate|wet_track_candidate|safety_car_restart_candidate,False,no_further_action,,,,pre_review_feasibility,False,False,review_priority_only_pending_context_and_conduct_review
adjudication-seed-fia-2019-sgp-6c9e26d4cab3-01,adj-cde123f133b0c826,incident-group-3e6d04cc117846eb,2,adjudication-seed-fia-2019-jpn-ddc6b3eef5b1-01,adj-acc76c36ad0d55b6,incident-group-9d7ca07e87909a4b,0.0,5,attacker_line_candidate|overlap_candidate|first_lap_candidate|wet_track_candidate|safety_car_restart_candidate,False,no_further_action,,,,pre_review_feasibility,False,False,review_priority_only_pending_context_and_conduct_review
adjudication-seed-fia-2019-sgp-6c9e26d4cab3-01,adj-cde123f133b0c826,incident-group-3e6d04cc117846eb,3,adjudication-seed-fia-2018-can-fa41432364aa-01,adj-f0841610b6a2725d,incident-src-f0841610b6a2725d,0.1,4,overlap_candidate|first_lap_candidate|wet_track_candidate|safety_car_restart_candidate,False,no_further_action,,,,pre_review_feasibility,False,False,review_priority_only_pending_context_and_conduct_review
adjudication-seed-fia-2019-sgp-6c9e26d4cab3-01,adj-cde123f133b0c826,incident-group-3e6d04cc117846eb,4,adjudication-seed-fia-2020-aut-61b974e38056-01,adj-f6450ff6c230f5e0,incident-src-f6450ff6c230f5e0,0.1,4,overlap_candidate|first_lap_candidate|wet_track_candidate|safety_car_restart_candidate,True,time_penalty,5,2,,pre_review_feasibility,False,True,review_priority_only_pending_context_and_conduct_review
adjudication-seed-fia-2019-sgp-6c9e26d4cab3-01,adj-cde123f133b0c826,incident-group-3e6d04cc117846eb,5,adjudication-seed-fia-2021-ita-4c12fa91b10c-01,adj-e4fd8aefb1774911,incident-src-e4fd8aefb1774911,0.1,4,overlap_candidate|first_lap_candidate|wet_track_candidate|safety_car_restart_candidate,True,time_penalty,5,1,,pre_review_feasibility,False,True,review_priority_only_pending_context_and_conduct_review
adjudication-seed-fia-2019-sgp-6db2310a0bec-01,adj-46676d59c4b4733c,incident-group-3e6d04cc117846eb,1,adjudication-seed-fia-2019-jpn-8f4df880b95b-01,adj-667d6bb8743116ef,incident-group-9d7ca07e87909a4b,0.0,5,attacker_line_candidate|overlap_candidate|first_lap_candidate|wet_track_candidate|safety_car_restart_candidate,False,no_further_action,,,,pre_review_feasibility,False,False,review_priority_only_pending_context_and_conduct_review
adjudication-seed-fia-2019-sgp-6db2310a0bec-01,adj-46676d59c4b4733c,incident-group-3e6d04cc117846eb,2,adjudication-seed-fia-2019-jpn-ddc6b3eef5b1-01,adj-acc76c36ad0d55b6,incident-group-9d7ca07e87909a4b,0.0,5,attacker_line_candidate|overlap_candidate|first_lap_candidate|wet_track_candidate|safety_car_restart_candidate,False,no_further_action,,,,pre_review_feasibility,False,False,review_priority_only_pending_context_and_conduct_review
adjudication-seed-fia-2019-sgp-6db2310a0bec-01,adj-46676d59c4b4733c,incident-group-3e6d04cc117846eb,3,adjudication-seed-fia-2018-can-fa41432364aa-01,adj-f0841610b6a2725d,incident-src-f0841610b6a2725d,0.1,4,overlap_candidate|first_lap_candidate|wet_track_candidate|safety_car_restart_candidate,False,no_further_action,,,,pre_review_feasibility,False,False,review_priority_only_pending_context_and_conduct_review
adjudication-seed-fia-2019-sgp-6db2310a0bec-01,adj-46676d59c4b4733c,incident-group-3e6d04cc117846eb,4,adjudication-seed-fia-2020-aut-61b974e38056-01,adj-f6450ff6c230f5e0,incident-src-f6450ff6c230f5e0,0.1,4,overlap_candidate|first_lap_candidate|wet_track_candidate|safety_car_restart_candidate,True,time_penalty,5,2,,pre_review_feasibility,False,True,review_priority_only_pending_context_and_conduct_review
adjudication-seed-fia-2019-sgp-6db2310a0bec-01,adj-46676d59c4b4733c,incident-group-3e6d04cc117846eb,5,adjudication-seed-fia-2021-ita-4c12fa91b10c-01,adj-e4fd8aefb1774911,incident-src-e4fd8aefb1774911,0.1,4,overlap_candidate|first_lap_candidate|wet_track_candidate|safety_car_restart_candidate,True,time_penalty,5,1,,pre_review_feasibility,False,True,review_priority_only_pending_context_and_conduct_review
adjudication-seed-fia-2019-sgp-ab76599fc615-01,adj-90a21a4d4da139bd,incident-group-17fe6df1bdd9aad8,1,adjudication-seed-fia-2018-aze-1bbf84530187-01,adj-e467c6122d516580,incident-src-e467c6122d516580,0.0,3,first_lap_candidate|wet_track_candidate|safety_car_restart_candidate,True,reprimand,,,,pre_review_feasibility,False,True,review_priority_only_pending_context_and_conduct_review
adjudication-seed-fia-2019-sgp-ab76599fc615-01,adj-90a21a4d4da139bd,incident-group-17fe6df1bdd9aad8,2,adjudication-seed-fia-2018-aze-94399ce60452-01,adj-fb216d7f0fbf8ff1,incident-src-fb216d7f0fbf8ff1,0.0,3,first_lap_candidate|wet_track_candidate|safety_car_restart_candidate,True,reprimand,,,,pre_review_feasibility,False,True,review_priority_only_pending_context_and_conduct_review
adjudication-seed-fia-2019-sgp-ab76599fc615-01,adj-90a21a4d4da139bd,incident-group-17fe6df1bdd9aad8,3,adjudication-seed-fia-2018-aze-b6df36c282b7-01,adj-b5b3a795e56fb51d,incident-src-b5b3a795e56fb51d,0.0,3,first_lap_candidate|wet_track_candidate|safety_car_restart_candidate,True,time_penalty,10,2,,pre_review_feasibility,False,True,review_priority_only_pending_context_and_conduct_review
adjudication-seed-fia-2019-sgp-ab76599fc615-01,adj-90a21a4d4da139bd,incident-group-17fe6df1bdd9aad8,4,adjudication-seed-fia-2018-bra-1cf7293f9bee-01,adj-39523131c9d9684d,incident-src-39523131c9d9684d,0.0,3,first_lap_candidate|wet_track_candidate|safety_car_restart_candidate,True,stop_go,,3,,pre_review_feasibility,False,True,review_priority_only_pending_context_and_conduct_review
adjudication-seed-fia-2019-sgp-ab76599fc615-01,adj-90a21a4d4da139bd,incident-group-17fe6df1bdd9aad8,5,adjudication-seed-fia-2018-chn-ad3c0076d583-01,adj-171323b01c7fd2e4,incident-src-171323b01c7fd2e4,0.0,3,first_lap_candidate|wet_track_candidate|safety_car_restart_candidate,True,time_penalty,10,2,,pre_review_feasibility,False,True,review_priority_only_pending_context_and_conduct_review
adjudication-seed-fia-2019-sgp-d456f4419d4f-01,adj-2863482e9bf6ad20,incident-group-baa04254fb857cd2,1,adjudication-seed-fia-2018-aze-3e59a6773794-01,adj-2244116a8d1885ec,incident-src-2244116a8d1885ec,0.0,4,attacker_line_candidate|first_lap_candidate|wet_track_candidate|safety_car_restart_candidate,False,no_further_action,,,,pre_review_feasibility,False,False,review_priority_only_pending_context_and_conduct_review
adjudication-seed-fia-2019-sgp-d456f4419d4f-01,adj-2863482e9bf6ad20,incident-group-baa04254fb857cd2,2,adjudication-seed-fia-2018-fra-e65d0d06dbb7-01,adj-2528c2aa99cc8fa3,incident-src-2528c2aa99cc8fa3,0.0,4,attacker_line_candidate|first_lap_candidate|wet_track_candidate|safety_car_restart_candidate,True,time_penalty,5,2,,pre_review_feasibility,False,True,review_priority_only_pending_context_and_conduct_review
adjudication-seed-fia-2019-sgp-d456f4419d4f-01,adj-2863482e9bf6ad20,incident-group-baa04254fb857cd2,3,adjudication-seed-fia-2018-gbr-f20a2f7cd356-01,adj-5384303bfd85706c,incident-src-5384303bfd85706c,0.0,4,attacker_line_candidate|first_lap_candidate|wet_track_candidate|safety_car_restart_candidate,True,time_penalty,10,2,,pre_review_feasibility,False,True,review_priority_only_pending_context_and_conduct_review
adjudication-seed-fia-2019-sgp-d456f4419d4f-01,adj-2863482e9bf6ad20,incident-group-baa04254fb857cd2,4,adjudication-seed-fia-2021-gbr-2edd347d5de5-01,adj-a02457481a461185,incident-src-a02457481a461185,0.0,4,attacker_line_candidate|first_lap_candidate|wet_track_candidate|safety_car_restart_candidate,True,time_penalty,10,2,,pre_review_feasibility,False,True,review_priority_only_pending_context_and_conduct_review
adjudication-seed-fia-2019-sgp-d456f4419d4f-01,adj-2863482e9bf6ad20,incident-group-baa04254fb857cd2,5,adjudication-seed-fia-2019-jpn-4a022963168d-01,adj-44686757f581c309,incident-group-dee3045f08ed8de7,0.1,4,attacker_line_candidate|first_lap_candidate|wet_track_candidate|safety_car_restart_candidate,True,time_penalty,5,2,,pre_review_feasibility,False,True,review_priority_only_pending_context_and_conduct_review
adjudication-seed-fia-2019-sgp-e6c461804492-01,adj-a7bd7c94072cc013,incident-group-baa04254fb857cd2,1,adjudication-seed-fia-2018-aze-3e59a6773794-01,adj-2244116a8d1885ec,incident-src-2244116a8d1885ec,0.0,4,attacker_line_candidate|first_lap_candidate|wet_track_candidate|safety_car_restart_candidate,False,no_further_action,,,,pre_review_feasibility,False,False,review_priority_only_pending_context_and_conduct_review
adjudication-seed-fia-2019-sgp-e6c461804492-01,adj-a7bd7c94072cc013,incident-group-baa04254fb857cd2,2,adjudication-seed-fia-2018-fra-e65d0d06dbb7-01,adj-2528c2aa99cc8fa3,incident-src-2528c2aa99cc8fa3,0.0,4,attacker_line_candidate|first_lap_candidate|wet_track_candidate|safety_car_restart_candidate,True,time_penalty,5,2,,pre_review_feasibility,False,True,review_priority_only_pending_context_and_conduct_review
adjudication-seed-fia-2019-sgp-e6c461804492-01,adj-a7bd7c94072cc013,incident-group-baa04254fb857cd2,3,adjudication-seed-fia-2018-gbr-f20a2f7cd356-01,adj-5384303bfd85706c,incident-src-5384303bfd85706c,0.0,4,attacker_line_candidate|first_lap_candidate|wet_track_candidate|safety_car_restart_candidate,True,time_penalty,10,2,,pre_review_feasibility,False,True,review_priority_only_pending_context_and_conduct_review
adjudication-seed-fia-2019-sgp-e6c461804492-01,adj-a7bd7c94072cc013,incident-group-baa04254fb857cd2,4,adjudication-seed-fia-2021-gbr-2edd347d5de5-01,adj-a02457481a461185,incident-src-a02457481a461185,0.0,4,attacker_line_candidate|first_lap_candidate|wet_track_candidate|safety_car_restart_candidate,True,time_penalty,10,2,,pre_review_feasibility,False,True,review_priority_only_pending_context_and_conduct_review
adjudication-seed-fia-2019-sgp-e6c461804492-01,adj-a7bd7c94072cc013,incident-group-baa04254fb857cd2,5,adjudication-seed-fia-2019-jpn-4a022963168d-01,adj-44686757f581c309,incident-group-dee3045f08ed8de7,0.1,4,attacker_line_candidate|first_lap_candidate|wet_track_candidate|safety_car_restart_candidate,True,time_penalty,5,2,,pre_review_feasibility,False,True,review_priority_only_pending_context_and_conduct_review
adjudication-seed-fia-2019-usa-d3bdd32ef24c-01,adj-da2c95f3aa831f34,incident-src-da2c95f3aa831f34,1,adjudication-seed-fia-2018-aze-1bbf84530187-01,adj-e467c6122d516580,incident-src-e467c6122d516580,0.0,3,first_lap_candidate|wet_track_candidate|safety_car_restart_candidate,True,reprimand,,,,pre_review_feasibility,True,False,review_priority_only_pending_context_and_conduct_review
adjudication-seed-fia-2019-usa-d3bdd32ef24c-01,adj-da2c95f3aa831f34,incident-src-da2c95f3aa831f34,2,adjudication-seed-fia-2018-aze-94399ce60452-01,adj-fb216d7f0fbf8ff1,incident-src-fb216d7f0fbf8ff1,0.0,3,first_lap_candidate|wet_track_candidate|safety_car_restart_candidate,True,reprimand,,,,pre_review_feasibility,True,False,review_priority_only_pending_context_and_conduct_review
adjudication-seed-fia-2019-usa-d3bdd32ef24c-01,adj-da2c95f3aa831f34,incident-src-da2c95f3aa831f34,3,adjudication-seed-fia-2018-aze-b6df36c282b7-01,adj-b5b3a795e56fb51d,incident-src-b5b3a795e56fb51d,0.0,3,first_lap_candidate|wet_track_candidate|safety_car_restart_candidate,True,time_penalty,10,2,,pre_review_feasibility,True,False,review_priority_only_pending_context_and_conduct_review
adjudication-seed-fia-2019-usa-d3bdd32ef24c-01,adj-da2c95f3aa831f34,incident-src-da2c95f3aa831f34,4,adjudication-seed-fia-2018-bra-1cf7293f9bee-01,adj-39523131c9d9684d,incident-src-39523131c9d9684d,0.0,3,first_lap_candidate|wet_track_candidate|safety_car_restart_candidate,True,stop_go,,3,,pre_review_feasibility,True,False,review_priority_only_pending_context_and_conduct_review
adjudication-seed-fia-2019-usa-d3bdd32ef24c-01,adj-da2c95f3aa831f34,incident-src-da2c95f3aa831f34,5,adjudication-seed-fia-2018-chn-ad3c0076d583-01,adj-171323b01c7fd2e4,incident-src-171323b01c7fd2e4,0.0,3,first_lap_candidate|wet_track_candidate|safety_car_restart_candidate,True,time_penalty,10,2,,pre_review_feasibility,True,False,review_priority_only_pending_context_and_conduct_review
adjudication-seed-fia-2019-usa-e8891601d008-01,adj-8fa5a7f8737d47e9,incident-src-8fa5a7f8737d47e9,1,adjudication-seed-fia-2018-abu-b67f80da207e-01,adj-2082537af6db5e25,incident-src-2082537af6db5e25,0.0,3,first_lap_candidate|wet_track_candidate|safety_car_restart_candidate,False,no_further_action,,,,pre_review_feasibility,False,False,review_priority_only_pending_context_and_conduct_review
adjudication-seed-fia-2019-usa-e8891601d008-01,adj-8fa5a7f8737d47e9,incident-src-8fa5a7f8737d47e9,2,adjudication-seed-fia-2018-aze-23f8b0b5b715-01,adj-cbb36a04e5932d9a,incident-src-cbb36a04e5932d9a,0.0,3,first_lap_candidate|wet_track_candidate|safety_car_restart_candidate,True,time_penalty,10,2,,pre_review_feasibility,False,True,review_priority_only_pending_context_and_conduct_review
adjudication-seed-fia-2019-usa-e8891601d008-01,adj-8fa5a7f8737d47e9,incident-src-8fa5a7f8737d47e9,3,adjudication-seed-fia-2018-aze-4fbe7e105140-01,adj-915feddd8ae6b043,incident-src-915feddd8ae6b043,0.0,3,first_lap_candidate|wet_track_candidate|safety_car_restart_candidate,True,grid_penalty,,2,3,pre_review_feasibility,False,True,review_priority_only_pending_context_and_conduct_review
adjudication-seed-fia-2019-usa-e8891601d008-01,adj-8fa5a7f8737d47e9,incident-src-8fa5a7f8737d47e9,4,adjudication-seed-fia-2018-bel-5f9336c3c23e-01,adj-dad7e6d1095a4d05,incident-src-dad7e6d1095a4d05,0.0,3,first_lap_candidate|wet_track_candidate|safety_car_restart_candidate,True,time_penalty,5,2,,pre_review_feasibility,False,True,review_priority_only_pending_context_and_conduct_review
adjudication-seed-fia-2019-usa-e8891601d008-01,adj-8fa5a7f8737d47e9,incident-src-8fa5a7f8737d47e9,5,adjudication-seed-fia-2018-bel-6346000a9777-01,adj-f2430a8dcab51295,incident-src-f2430a8dcab51295,0.0,3,first_lap_candidate|wet_track_candidate|safety_car_restart_candidate,True,grid_penalty,,3,10,pre_review_feasibility,False,True,review_priority_only_pending_context_and_conduct_review
adjudication-seed-fia-2020-70a-2f908d545c9e-01,adj-70745e64b862fd6a,incident-src-70745e64b862fd6a,1,adjudication-seed-fia-2018-jpn-d5d56e0426c6-01,adj-d87dc3e3ddc100a9,incident-src-d87dc3e3ddc100a9,0.125,3,first_lap_candidate|wet_track_candidate|safety_car_restart_candidate,True,time_penalty,5,1,,pre_review_feasibility,True,False,review_priority_only_pending_context_and_conduct_review
adjudication-seed-fia-2020-70a-2f908d545c9e-01,adj-70745e64b862fd6a,incident-src-70745e64b862fd6a,2,adjudication-seed-fia-2019-can-dceb9101c747-01,adj-5a2a22f5fc1a849d,incident-src-5a2a22f5fc1a849d,0.125,3,first_lap_candidate|wet_track_candidate|safety_car_restart_candidate,True,time_penalty,5,2,,pre_review_feasibility,True,False,review_priority_only_pending_context_and_conduct_review
adjudication-seed-fia-2020-70a-2f908d545c9e-01,adj-70745e64b862fd6a,incident-src-70745e64b862fd6a,3,adjudication-seed-fia-2019-ita-ef49a857f7de-01,adj-fce27d672a231903,incident-src-fce27d672a231903,0.125,3,first_lap_candidate|wet_track_candidate|safety_car_restart_candidate,True,drive_through,,2,,pre_review_feasibility,True,False,review_priority_only_pending_context_and_conduct_review
adjudication-seed-fia-2020-70a-2f908d545c9e-01,adj-70745e64b862fd6a,incident-src-70745e64b862fd6a,4,adjudication-seed-fia-2021-ita-7df29923e8ce-01,adj-fca50105e4c6d3fe,incident-src-fca50105e4c6d3fe,0.375,3,first_lap_candidate|wet_track_candidate|safety_car_restart_candidate,True,time_penalty,5,1,,pre_review_feasibility,True,False,review_priority_only_pending_context_and_conduct_review
adjudication-seed-fia-2020-aut-61b974e38056-01,adj-f6450ff6c230f5e0,incident-src-f6450ff6c230f5e0,1,adjudication-seed-fia-2018-can-fa41432364aa-01,adj-f0841610b6a2725d,incident-src-f0841610b6a2725d,0.0,4,overlap_candidate|first_lap_candidate|wet_track_candidate|safety_car_restart_candidate,False,no_further_action,,,,pre_review_feasibility,True,True,review_priority_only_pending_context_and_conduct_review
adjudication-seed-fia-2020-aut-61b974e38056-01,adj-f6450ff6c230f5e0,incident-src-f6450ff6c230f5e0,2,adjudication-seed-fia-2021-ita-4c12fa91b10c-01,adj-e4fd8aefb1774911,incident-src-e4fd8aefb1774911,0.0,4,overlap_candidate|first_lap_candidate|wet_track_candidate|safety_car_restart_candidate,True,time_penalty,5,1,,pre_review_feasibility,True,False,review_priority_only_pending_context_and_conduct_review
adjudication-seed-fia-2020-aut-61b974e38056-01,adj-f6450ff6c230f5e0,incident-src-f6450ff6c230f5e0,3,adjudication-seed-fia-2021-ita-d726c5d4355d-01,adj-1b5a174b1f09dff2,incident-src-1b5a174b1f09dff2,0.0,4,overlap_candidate|first_lap_candidate|wet_track_candidate|safety_car_restart_candidate,True,grid_penalty,,2,3,pre_review_feasibility,True,False,review_priority_only_pending_context_and_conduct_review
adjudication-seed-fia-2020-aut-61b974e38056-01,adj-f6450ff6c230f5e0,incident-src-f6450ff6c230f5e0,4,adjudication-seed-fia-2019-aut-529bae08f480-01,adj-524c6675088fdc18,incident-src-524c6675088fdc18,0.1,4,overlap_candidate|first_lap_candidate|wet_track_candidate|safety_car_restart_candidate,False,no_further_action,,,,pre_review_feasibility,True,True,review_priority_only_pending_context_and_conduct_review
adjudication-seed-fia-2020-aut-61b974e38056-01,adj-f6450ff6c230f5e0,incident-src-f6450ff6c230f5e0,5,adjudication-seed-fia-2019-aut-f8011f674d7f-01,adj-a7a3ac083e4cb040,incident-src-a7a3ac083e4cb040,0.1,4,overlap_candidate|first_lap_candidate|wet_track_candidate|safety_car_restart_candidate,False,no_further_action,,,,pre_review_feasibility,True,True,review_priority_only_pending_context_and_conduct_review
adjudication-seed-fia-2020-bhr-5b520e69cfdd-01,adj-f43e6ce41cf9c965,incident-src-f43e6ce41cf9c965,1,adjudication-seed-fia-2018-aze-1bbf84530187-01,adj-e467c6122d516580,incident-src-e467c6122d516580,0.0,3,first_lap_candidate|wet_track_candidate|safety_car_restart_candidate,True,reprimand,,,,pre_review_feasibility,True,False,review_priority_only_pending_context_and_conduct_review
adjudication-seed-fia-2020-bhr-5b520e69cfdd-01,adj-f43e6ce41cf9c965,incident-src-f43e6ce41cf9c965,2,adjudication-seed-fia-2018-aze-94399ce60452-01,adj-fb216d7f0fbf8ff1,incident-src-fb216d7f0fbf8ff1,0.0,3,first_lap_candidate|wet_track_candidate|safety_car_restart_candidate,True,reprimand,,,,pre_review_feasibility,True,False,review_priority_only_pending_context_and_conduct_review
adjudication-seed-fia-2020-bhr-5b520e69cfdd-01,adj-f43e6ce41cf9c965,incident-src-f43e6ce41cf9c965,3,adjudication-seed-fia-2018-aze-b6df36c282b7-01,adj-b5b3a795e56fb51d,incident-src-b5b3a795e56fb51d,0.0,3,first_lap_candidate|wet_track_candidate|safety_car_restart_candidate,True,time_penalty,10,2,,pre_review_feasibility,True,False,review_priority_only_pending_context_and_conduct_review
adjudication-seed-fia-2020-bhr-5b520e69cfdd-01,adj-f43e6ce41cf9c965,incident-src-f43e6ce41cf9c965,4,adjudication-seed-fia-2018-bra-1cf7293f9bee-01,adj-39523131c9d9684d,incident-src-39523131c9d9684d,0.0,3,first_lap_candidate|wet_track_candidate|safety_car_restart_candidate,True,stop_go,,3,,pre_review_feasibility,True,False,review_priority_only_pending_context_and_conduct_review
adjudication-seed-fia-2020-bhr-5b520e69cfdd-01,adj-f43e6ce41cf9c965,incident-src-f43e6ce41cf9c965,5,adjudication-seed-fia-2018-chn-ad3c0076d583-01,adj-171323b01c7fd2e4,incident-src-171323b01c7fd2e4,0.0,3,first_lap_candidate|wet_track_candidate|safety_car_restart_candidate,True,time_penalty,10,2,,pre_review_feasibility,True,False,review_priority_only_pending_context_and_conduct_review
adjudication-seed-fia-2020-eif-3377de36ccd9-01,adj-cd5bc15f552b8092,incident-src-cd5bc15f552b8092,1,adjudication-seed-fia-2019-bra-810d6e70c069-01,adj-7a979b9c5e405e83,incident-src-7a979b9c5e405e83,0.0,4,attacker_line_candidate|first_lap_candidate|wet_track_candidate|safety_car_restart_candidate,True,time_penalty,5,2,,pre_review_feasibility,True,False,review_priority_only_pending_context_and_conduct_review
adjudication-seed-fia-2020-eif-3377de36ccd9-01,adj-cd5bc15f552b8092,incident-src-cd5bc15f552b8092,2,adjudication-seed-fia-2019-mco-93dff725c78b-01,adj-76f534567702afe9,incident-src-76f534567702afe9,0.0,4,attacker_line_candidate|first_lap_candidate|wet_track_candidate|safety_car_restart_candidate,False,no_further_action,,,,pre_review_feasibility,True,True,review_priority_only_pending_context_and_conduct_review
adjudication-seed-fia-2020-eif-3377de36ccd9-01,adj-cd5bc15f552b8092,incident-src-cd5bc15f552b8092,3,adjudication-seed-fia-2019-mco-bf9eeec70400-01,adj-675739cef230a725,incident-src-675739cef230a725,0.0,4,attacker_line_candidate|first_lap_candidate|wet_track_candidate|safety_car_restart_candidate,False,no_further_action,,,,pre_review_feasibility,True,True,review_priority_only_pending_context_and_conduct_review
adjudication-seed-fia-2020-eif-3377de36ccd9-01,adj-cd5bc15f552b8092,incident-src-cd5bc15f552b8092,4,adjudication-seed-fia-2020-gbr-319c8c2d52b9-01,adj-fcd4a7df5c2a7599,incident-src-fcd4a7df5c2a7599,0.0,4,attacker_line_candidate|first_lap_candidate|wet_track_candidate|safety_car_restart_candidate,True,time_penalty,5,2,,pre_review_feasibility,True,False,review_priority_only_pending_context_and_conduct_review
adjudication-seed-fia-2020-eif-3377de36ccd9-01,adj-cd5bc15f552b8092,incident-src-cd5bc15f552b8092,5,adjudication-seed-fia-2021-sao-2a5ecda10fa1-01,adj-3036462c60f0a464,incident-src-3036462c60f0a464,0.0,4,attacker_line_candidate|first_lap_candidate|wet_track_candidate|safety_car_restart_candidate,True,time_penalty,10,2,,pre_review_feasibility,True,False,review_priority_only_pending_context_and_conduct_review
adjudication-seed-fia-2020-eif-588d347b498e-01,adj-334b6200470cb5bc,incident-src-334b6200470cb5bc,1,adjudication-seed-fia-2018-aze-1bbf84530187-01,adj-e467c6122d516580,incident-src-e467c6122d516580,0.0,3,first_lap_candidate|wet_track_candidate|safety_car_restart_candidate,True,reprimand,,,,pre_review_feasibility,True,False,review_priority_only_pending_context_and_conduct_review
adjudication-seed-fia-2020-eif-588d347b498e-01,adj-334b6200470cb5bc,incident-src-334b6200470cb5bc,2,adjudication-seed-fia-2018-aze-94399ce60452-01,adj-fb216d7f0fbf8ff1,incident-src-fb216d7f0fbf8ff1,0.0,3,first_lap_candidate|wet_track_candidate|safety_car_restart_candidate,True,reprimand,,,,pre_review_feasibility,True,False,review_priority_only_pending_context_and_conduct_review
adjudication-seed-fia-2020-eif-588d347b498e-01,adj-334b6200470cb5bc,incident-src-334b6200470cb5bc,3,adjudication-seed-fia-2018-aze-b6df36c282b7-01,adj-b5b3a795e56fb51d,incident-src-b5b3a795e56fb51d,0.0,3,first_lap_candidate|wet_track_candidate|safety_car_restart_candidate,True,time_penalty,10,2,,pre_review_feasibility,True,False,review_priority_only_pending_context_and_conduct_review
adjudication-seed-fia-2020-eif-588d347b498e-01,adj-334b6200470cb5bc,incident-src-334b6200470cb5bc,4,adjudication-seed-fia-2018-bra-1cf7293f9bee-01,adj-39523131c9d9684d,incident-src-39523131c9d9684d,0.0,3,first_lap_candidate|wet_track_candidate|safety_car_restart_candidate,True,stop_go,,3,,pre_review_feasibility,True,False,review_priority_only_pending_context_and_conduct_review
adjudication-seed-fia-2020-eif-588d347b498e-01,adj-334b6200470cb5bc,incident-src-334b6200470cb5bc,5,adjudication-seed-fia-2018-chn-ad3c0076d583-01,adj-171323b01c7fd2e4,incident-src-171323b01c7fd2e4,0.0,3,first_lap_candidate|wet_track_candidate|safety_car_restart_candidate,True,time_penalty,10,2,,pre_review_feasibility,True,False,review_priority_only_pending_context_and_conduct_review
adjudication-seed-fia-2020-emi-399ca2a328b0-01,adj-1b1da487e3a306a9,incident-src-1b1da487e3a306a9,1,adjudication-seed-fia-2018-abu-b67f80da207e-01,adj-2082537af6db5e25,incident-src-2082537af6db5e25,0.0,3,first_lap_candidate|wet_track_candidate|safety_car_restart_candidate,False,no_further_action,,,,pre_review_feasibility,False,False,review_priority_only_pending_context_and_conduct_review
adjudication-seed-fia-2020-emi-399ca2a328b0-01,adj-1b1da487e3a306a9,incident-src-1b1da487e3a306a9,2,adjudication-seed-fia-2018-aze-23f8b0b5b715-01,adj-cbb36a04e5932d9a,incident-src-cbb36a04e5932d9a,0.0,3,first_lap_candidate|wet_track_candidate|safety_car_restart_candidate,True,time_penalty,10,2,,pre_review_feasibility,False,True,review_priority_only_pending_context_and_conduct_review
adjudication-seed-fia-2020-emi-399ca2a328b0-01,adj-1b1da487e3a306a9,incident-src-1b1da487e3a306a9,3,adjudication-seed-fia-2018-aze-4fbe7e105140-01,adj-915feddd8ae6b043,incident-src-915feddd8ae6b043,0.0,3,first_lap_candidate|wet_track_candidate|safety_car_restart_candidate,True,grid_penalty,,2,3,pre_review_feasibility,False,True,review_priority_only_pending_context_and_conduct_review
adjudication-seed-fia-2020-emi-399ca2a328b0-01,adj-1b1da487e3a306a9,incident-src-1b1da487e3a306a9,4,adjudication-seed-fia-2018-bel-5f9336c3c23e-01,adj-dad7e6d1095a4d05,incident-src-dad7e6d1095a4d05,0.0,3,first_lap_candidate|wet_track_candidate|safety_car_restart_candidate,True,time_penalty,5,2,,pre_review_feasibility,False,True,review_priority_only_pending_context_and_conduct_review
adjudication-seed-fia-2020-emi-399ca2a328b0-01,adj-1b1da487e3a306a9,incident-src-1b1da487e3a306a9,5,adjudication-seed-fia-2018-bel-6346000a9777-01,adj-f2430a8dcab51295,incident-src-f2430a8dcab51295,0.0,3,first_lap_candidate|wet_track_candidate|safety_car_restart_candidate,True,grid_penalty,,3,10,pre_review_feasibility,False,True,review_priority_only_pending_context_and_conduct_review
adjudication-seed-fia-2020-esp-bc594cf0008c-01,adj-c1cfa4c6f7b7d14c,incident-src-c1cfa4c6f7b7d14c,1,adjudication-seed-fia-2020-sty-965461bfbe13-01,adj-e29cbda3e8d0967d,incident-src-e29cbda3e8d0967d,0.0,4,attacker_line_candidate|first_lap_candidate|wet_track_candidate|safety_car_restart_candidate,False,no_further_action,,,,pre_review_feasibility,False,False,review_priority_only_pending_context_and_conduct_review
adjudication-seed-fia-2020-esp-bc594cf0008c-01,adj-c1cfa4c6f7b7d14c,incident-src-c1cfa4c6f7b7d14c,2,adjudication-seed-fia-2021-gbr-74d32cf58767-01,adj-ef78b859db624c3b,incident-src-ef78b859db624c3b,0.1,4,attacker_line_candidate|first_lap_candidate|wet_track_candidate|safety_car_restart_candidate,False,no_further_action,,,,pre_review_feasibility,False,False,review_priority_only_pending_context_and_conduct_review
adjudication-seed-fia-2020-esp-bc594cf0008c-01,adj-c1cfa4c6f7b7d14c,incident-src-c1cfa4c6f7b7d14c,3,adjudication-seed-fia-2018-jpn-a4bf4fc25a1f-01,adj-98570c1c2d9d82a6,incident-src-98570c1c2d9d82a6,0.125,3,first_lap_candidate|wet_track_candidate|safety_car_restart_candidate,True,time_penalty,5,2,,pre_review_feasibility,False,True,review_priority_only_pending_context_and_conduct_review
adjudication-seed-fia-2020-esp-bc594cf0008c-01,adj-c1cfa4c6f7b7d14c,incident-src-c1cfa4c6f7b7d14c,4,adjudication-seed-fia-2018-mex-3075233c69d9-01,adj-f55b2703a638bc6a,incident-src-f55b2703a638bc6a,0.125,3,first_lap_candidate|wet_track_candidate|safety_car_restart_candidate,False,no_further_action,,,,pre_review_feasibility,False,False,review_priority_only_pending_context_and_conduct_review
adjudication-seed-fia-2020-esp-bc594cf0008c-01,adj-c1cfa4c6f7b7d14c,incident-src-c1cfa4c6f7b7d14c,5,adjudication-seed-fia-2018-sgp-329a49e8cbe6-01,adj-e07caee25859dbf7,incident-src-e07caee25859dbf7,0.125,3,first_lap_candidate|wet_track_candidate|safety_car_restart_candidate,True,time_penalty,5,2,,pre_review_feasibility,False,True,review_priority_only_pending_context_and_conduct_review
adjudication-seed-fia-2020-gbr-09d0b07d741a-01,adj-e605aead612094fc,incident-src-e605aead612094fc,1,adjudication-seed-fia-2021-aut-634bfff34401-01,adj-54aa1906bbba2dd4,incident-src-54aa1906bbba2dd4,0.0,3,first_lap_candidate|wet_track_candidate|safety_car_restart_candidate,False,no_further_action,,,,pre_review_feasibility,False,False,review_priority_only_pending_context_and_conduct_review
adjudication-seed-fia-2020-gbr-319c8c2d52b9-01,adj-fcd4a7df5c2a7599,incident-src-fcd4a7df5c2a7599,1,adjudication-seed-fia-2019-bra-810d6e70c069-01,adj-7a979b9c5e405e83,incident-src-7a979b9c5e405e83,0.0,4,attacker_line_candidate|first_lap_candidate|wet_track_candidate|safety_car_restart_candidate,True,time_penalty,5,2,,pre_review_feasibility,True,False,review_priority_only_pending_context_and_conduct_review
adjudication-seed-fia-2020-gbr-319c8c2d52b9-01,adj-fcd4a7df5c2a7599,incident-src-fcd4a7df5c2a7599,2,adjudication-seed-fia-2019-mco-93dff725c78b-01,adj-76f534567702afe9,incident-src-76f534567702afe9,0.0,4,attacker_line_candidate|first_lap_candidate|wet_track_candidate|safety_car_restart_candidate,False,no_further_action,,,,pre_review_feasibility,True,True,review_priority_only_pending_context_and_conduct_review
adjudication-seed-fia-2020-gbr-319c8c2d52b9-01,adj-fcd4a7df5c2a7599,incident-src-fcd4a7df5c2a7599,3,adjudication-seed-fia-2019-mco-bf9eeec70400-01,adj-675739cef230a725,incident-src-675739cef230a725,0.0,4,attacker_line_candidate|first_lap_candidate|wet_track_candidate|safety_car_restart_candidate,False,no_further_action,,,,pre_review_feasibility,True,True,review_priority_only_pending_context_and_conduct_review
adjudication-seed-fia-2020-gbr-319c8c2d52b9-01,adj-fcd4a7df5c2a7599,incident-src-fcd4a7df5c2a7599,4,adjudication-seed-fia-2020-eif-3377de36ccd9-01,adj-cd5bc15f552b8092,incident-src-cd5bc15f552b8092,0.0,4,attacker_line_candidate|first_lap_candidate|wet_track_candidate|safety_car_restart_candidate,True,time_penalty,10,2,,pre_review_feasibility,True,False,review_priority_only_pending_context_and_conduct_review
adjudication-seed-fia-2020-gbr-319c8c2d52b9-01,adj-fcd4a7df5c2a7599,incident-src-fcd4a7df5c2a7599,5,adjudication-seed-fia-2021-sao-2a5ecda10fa1-01,adj-3036462c60f0a464,incident-src-3036462c60f0a464,0.0,4,attacker_line_candidate|first_lap_candidate|wet_track_candidate|safety_car_restart_candidate,True,time_penalty,10,2,,pre_review_feasibility,True,False,review_priority_only_pending_context_and_conduct_review
adjudication-seed-fia-2020-ita-3d5494c6edc8-01,adj-c473006e0e821fa8,incident-src-c473006e0e821fa8,1,adjudication-seed-fia-2018-aze-1bbf84530187-01,adj-e467c6122d516580,incident-src-e467c6122d516580,0.0,3,first_lap_candidate|wet_track_candidate|safety_car_restart_candidate,True,reprimand,,,,pre_review_feasibility,True,False,review_priority_only_pending_context_and_conduct_review
adjudication-seed-fia-2020-ita-3d5494c6edc8-01,adj-c473006e0e821fa8,incident-src-c473006e0e821fa8,2,adjudication-seed-fia-2018-aze-94399ce60452-01,adj-fb216d7f0fbf8ff1,incident-src-fb216d7f0fbf8ff1,0.0,3,first_lap_candidate|wet_track_candidate|safety_car_restart_candidate,True,reprimand,,,,pre_review_feasibility,True,False,review_priority_only_pending_context_and_conduct_review
adjudication-seed-fia-2020-ita-3d5494c6edc8-01,adj-c473006e0e821fa8,incident-src-c473006e0e821fa8,3,adjudication-seed-fia-2018-aze-b6df36c282b7-01,adj-b5b3a795e56fb51d,incident-src-b5b3a795e56fb51d,0.0,3,first_lap_candidate|wet_track_candidate|safety_car_restart_candidate,True,time_penalty,10,2,,pre_review_feasibility,True,False,review_priority_only_pending_context_and_conduct_review
adjudication-seed-fia-2020-ita-3d5494c6edc8-01,adj-c473006e0e821fa8,incident-src-c473006e0e821fa8,4,adjudication-seed-fia-2018-bra-1cf7293f9bee-01,adj-39523131c9d9684d,incident-src-39523131c9d9684d,0.0,3,first_lap_candidate|wet_track_candidate|safety_car_restart_candidate,True,stop_go,,3,,pre_review_feasibility,True,False,review_priority_only_pending_context_and_conduct_review
adjudication-seed-fia-2020-ita-3d5494c6edc8-01,adj-c473006e0e821fa8,incident-src-c473006e0e821fa8,5,adjudication-seed-fia-2018-chn-ad3c0076d583-01,adj-171323b01c7fd2e4,incident-src-171323b01c7fd2e4,0.0,3,first_lap_candidate|wet_track_candidate|safety_car_restart_candidate,True,time_penalty,10,2,,pre_review_feasibility,True,False,review_priority_only_pending_context_and_conduct_review
adjudication-seed-fia-2020-ita-5e5acd0fdb41-01,adj-0b5349f408329019,incident-src-0b5349f408329019,1,adjudication-seed-fia-2018-jpn-a4bf4fc25a1f-01,adj-98570c1c2d9d82a6,incident-src-98570c1c2d9d82a6,0.0,3,first_lap_candidate|wet_track_candidate|safety_car_restart_candidate,True,time_penalty,5,2,,pre_review_feasibility,False,True,review_priority_only_pending_context_and_conduct_review
adjudication-seed-fia-2020-ita-5e5acd0fdb41-01,adj-0b5349f408329019,incident-src-0b5349f408329019,2,adjudication-seed-fia-2018-mex-3075233c69d9-01,adj-f55b2703a638bc6a,incident-src-f55b2703a638bc6a,0.0,3,first_lap_candidate|wet_track_candidate|safety_car_restart_candidate,False,no_further_action,,,,pre_review_feasibility,False,False,review_priority_only_pending_context_and_conduct_review
adjudication-seed-fia-2020-ita-5e5acd0fdb41-01,adj-0b5349f408329019,incident-src-0b5349f408329019,3,adjudication-seed-fia-2018-sgp-329a49e8cbe6-01,adj-e07caee25859dbf7,incident-src-e07caee25859dbf7,0.0,3,first_lap_candidate|wet_track_candidate|safety_car_restart_candidate,True,time_penalty,5,2,,pre_review_feasibility,False,True,review_priority_only_pending_context_and_conduct_review
adjudication-seed-fia-2020-ita-5e5acd0fdb41-01,adj-0b5349f408329019,incident-src-0b5349f408329019,4,adjudication-seed-fia-2019-bel-0c5b8806e8e5-01,adj-12ea78eb0fa53af2,incident-src-12ea78eb0fa53af2,0.0,3,first_lap_candidate|wet_track_candidate|safety_car_restart_candidate,False,no_further_action,,,,pre_review_feasibility,False,False,review_priority_only_pending_context_and_conduct_review
adjudication-seed-fia-2020-ita-5e5acd0fdb41-01,adj-0b5349f408329019,incident-src-0b5349f408329019,5,adjudication-seed-fia-2019-fra-457ded17de98-01,adj-ea059e019eeba972,incident-src-ea059e019eeba972,0.125,3,first_lap_candidate|wet_track_candidate|safety_car_restart_candidate,True,time_penalty,5,2,,pre_review_feasibility,False,True,review_priority_only_pending_context_and_conduct_review
adjudication-seed-fia-2020-por-69db98466a96-01,adj-51812139587add7e,incident-src-51812139587add7e,1,adjudication-seed-fia-2019-aut-529bae08f480-01,adj-524c6675088fdc18,incident-src-524c6675088fdc18,0.0,5,attacker_line_candidate|overlap_candidate|first_lap_candidate|wet_track_candidate|safety_car_restart_candidate,False,no_further_action,,,,pre_review_feasibility,True,True,review_priority_only_pending_context_and_conduct_review
adjudication-seed-fia-2020-por-69db98466a96-01,adj-51812139587add7e,incident-src-51812139587add7e,2,adjudication-seed-fia-2019-aut-f8011f674d7f-01,adj-a7a3ac083e4cb040,incident-src-a7a3ac083e4cb040,0.0,5,attacker_line_candidate|overlap_candidate|first_lap_candidate|wet_track_candidate|safety_car_restart_candidate,False,no_further_action,,,,pre_review_feasibility,True,True,review_priority_only_pending_context_and_conduct_review
adjudication-seed-fia-2020-por-69db98466a96-01,adj-51812139587add7e,incident-src-51812139587add7e,3,adjudication-seed-fia-2018-can-fa41432364aa-01,adj-f0841610b6a2725d,incident-src-f0841610b6a2725d,0.1,4,overlap_candidate|first_lap_candidate|wet_track_candidate|safety_car_restart_candidate,False,no_further_action,,,,pre_review_feasibility,True,True,review_priority_only_pending_context_and_conduct_review
adjudication-seed-fia-2020-por-69db98466a96-01,adj-51812139587add7e,incident-src-51812139587add7e,4,adjudication-seed-fia-2019-bra-810d6e70c069-01,adj-7a979b9c5e405e83,incident-src-7a979b9c5e405e83,0.1,4,attacker_line_candidate|first_lap_candidate|wet_track_candidate|safety_car_restart_candidate,True,time_penalty,5,2,,pre_review_feasibility,True,False,review_priority_only_pending_context_and_conduct_review
adjudication-seed-fia-2020-por-69db98466a96-01,adj-51812139587add7e,incident-src-51812139587add7e,5,adjudication-seed-fia-2019-mco-93dff725c78b-01,adj-76f534567702afe9,incident-src-76f534567702afe9,0.1,4,attacker_line_candidate|first_lap_candidate|wet_track_candidate|safety_car_restart_candidate,False,no_further_action,,,,pre_review_feasibility,True,True,review_priority_only_pending_context_and_conduct_review
adjudication-seed-fia-2020-skh-9e2651e5d5ba-01,adj-f1add43ec601d687,incident-src-f1add43ec601d687,1,adjudication-seed-fia-2018-abu-b67f80da207e-01,adj-2082537af6db5e25,incident-src-2082537af6db5e25,0.0,3,first_lap_candidate|wet_track_candidate|safety_car_restart_candidate,False,no_further_action,,,,pre_review_feasibility,True,True,review_priority_only_pending_context_and_conduct_review
adjudication-seed-fia-2020-skh-9e2651e5d5ba-01,adj-f1add43ec601d687,incident-src-f1add43ec601d687,2,adjudication-seed-fia-2018-aze-23f8b0b5b715-01,adj-cbb36a04e5932d9a,incident-src-cbb36a04e5932d9a,0.0,3,first_lap_candidate|wet_track_candidate|safety_car_restart_candidate,True,time_penalty,10,2,,pre_review_feasibility,True,False,review_priority_only_pending_context_and_conduct_review
adjudication-seed-fia-2020-skh-9e2651e5d5ba-01,adj-f1add43ec601d687,incident-src-f1add43ec601d687,3,adjudication-seed-fia-2018-aze-4fbe7e105140-01,adj-915feddd8ae6b043,incident-src-915feddd8ae6b043,0.0,3,first_lap_candidate|wet_track_candidate|safety_car_restart_candidate,True,grid_penalty,,2,3,pre_review_feasibility,True,False,review_priority_only_pending_context_and_conduct_review
adjudication-seed-fia-2020-skh-9e2651e5d5ba-01,adj-f1add43ec601d687,incident-src-f1add43ec601d687,4,adjudication-seed-fia-2018-bel-5f9336c3c23e-01,adj-dad7e6d1095a4d05,incident-src-dad7e6d1095a4d05,0.0,3,first_lap_candidate|wet_track_candidate|safety_car_restart_candidate,True,time_penalty,5,2,,pre_review_feasibility,True,False,review_priority_only_pending_context_and_conduct_review
adjudication-seed-fia-2020-skh-9e2651e5d5ba-01,adj-f1add43ec601d687,incident-src-f1add43ec601d687,5,adjudication-seed-fia-2018-bel-6346000a9777-01,adj-f2430a8dcab51295,incident-src-f2430a8dcab51295,0.0,3,first_lap_candidate|wet_track_candidate|safety_car_restart_candidate,True,grid_penalty,,3,10,pre_review_feasibility,True,False,review_priority_only_pending_context_and_conduct_review
adjudication-seed-fia-2020-sty-965461bfbe13-01,adj-e29cbda3e8d0967d,incident-src-e29cbda3e8d0967d,1,adjudication-seed-fia-2020-esp-bc594cf0008c-01,adj-c1cfa4c6f7b7d14c,incident-src-c1cfa4c6f7b7d14c,0.0,4,attacker_line_candidate|first_lap_candidate|wet_track_candidate|safety_car_restart_candidate,False,no_further_action,,,,pre_review_feasibility,False,False,review_priority_only_pending_context_and_conduct_review
adjudication-seed-fia-2020-sty-965461bfbe13-01,adj-e29cbda3e8d0967d,incident-src-e29cbda3e8d0967d,2,adjudication-seed-fia-2021-gbr-74d32cf58767-01,adj-ef78b859db624c3b,incident-src-ef78b859db624c3b,0.1,4,attacker_line_candidate|first_lap_candidate|wet_track_candidate|safety_car_restart_candidate,False,no_further_action,,,,pre_review_feasibility,False,False,review_priority_only_pending_context_and_conduct_review
adjudication-seed-fia-2020-sty-965461bfbe13-01,adj-e29cbda3e8d0967d,incident-src-e29cbda3e8d0967d,3,adjudication-seed-fia-2018-jpn-a4bf4fc25a1f-01,adj-98570c1c2d9d82a6,incident-src-98570c1c2d9d82a6,0.125,3,first_lap_candidate|wet_track_candidate|safety_car_restart_candidate,True,time_penalty,5,2,,pre_review_feasibility,False,True,review_priority_only_pending_context_and_conduct_review
adjudication-seed-fia-2020-sty-965461bfbe13-01,adj-e29cbda3e8d0967d,incident-src-e29cbda3e8d0967d,4,adjudication-seed-fia-2018-mex-3075233c69d9-01,adj-f55b2703a638bc6a,incident-src-f55b2703a638bc6a,0.125,3,first_lap_candidate|wet_track_candidate|safety_car_restart_candidate,False,no_further_action,,,,pre_review_feasibility,False,False,review_priority_only_pending_context_and_conduct_review
adjudication-seed-fia-2020-sty-965461bfbe13-01,adj-e29cbda3e8d0967d,incident-src-e29cbda3e8d0967d,5,adjudication-seed-fia-2018-sgp-329a49e8cbe6-01,adj-e07caee25859dbf7,incident-src-e07caee25859dbf7,0.125,3,first_lap_candidate|wet_track_candidate|safety_car_restart_candidate,True,time_penalty,5,2,,pre_review_feasibility,False,True,review_priority_only_pending_context_and_conduct_review
adjudication-seed-fia-2020-tus-3299714baba8-01,adj-ca80459eed6f3310,incident-src-ca80459eed6f3310,1,adjudication-seed-fia-2018-sgp-bcfc0b21409a-01,adj-153d9abced4119b1,incident-src-153d9abced4119b1,0.0,4,overlap_candidate|first_lap_candidate|wet_track_candidate|safety_car_restart_candidate,False,no_further_action,,,,pre_review_feasibility,False,False,review_priority_only_pending_context_and_conduct_review
adjudication-seed-fia-2020-tus-3299714baba8-01,adj-ca80459eed6f3310,incident-src-ca80459eed6f3310,2,adjudication-seed-fia-2019-jpn-4a022963168d-01,adj-44686757f581c309,incident-group-dee3045f08ed8de7,0.1,4,overlap_candidate|first_lap_candidate|wet_track_candidate|safety_car_restart_candidate,True,time_penalty,5,2,,pre_review_feasibility,False,True,review_priority_only_pending_context_and_conduct_review
adjudication-seed-fia-2020-tus-3299714baba8-01,adj-ca80459eed6f3310,incident-src-ca80459eed6f3310,3,adjudication-seed-fia-2019-jpn-9be40f8bba4d-01,adj-634036e33dc05333,incident-group-dee3045f08ed8de7,0.1,4,overlap_candidate|first_lap_candidate|wet_track_candidate|safety_car_restart_candidate,False,no_further_action,,,,pre_review_feasibility,False,False,review_priority_only_pending_context_and_conduct_review
adjudication-seed-fia-2020-tus-3299714baba8-01,adj-ca80459eed6f3310,incident-src-ca80459eed6f3310,4,adjudication-seed-fia-2018-abu-b67f80da207e-01,adj-2082537af6db5e25,incident-src-2082537af6db5e25,0.125,3,first_lap_candidate|wet_track_candidate|safety_car_restart_candidate,False,no_further_action,,,,pre_review_feasibility,False,False,review_priority_only_pending_context_and_conduct_review
adjudication-seed-fia-2020-tus-3299714baba8-01,adj-ca80459eed6f3310,incident-src-ca80459eed6f3310,5,adjudication-seed-fia-2018-aze-23f8b0b5b715-01,adj-cbb36a04e5932d9a,incident-src-cbb36a04e5932d9a,0.125,3,first_lap_candidate|wet_track_candidate|safety_car_restart_candidate,True,time_penalty,10,2,,pre_review_feasibility,False,True,review_priority_only_pending_context_and_conduct_review
adjudication-seed-fia-2020-tus-65bfe923f953-01,adj-fe001d9ef4550a20,incident-src-fe001d9ef4550a20,1,adjudication-seed-fia-2018-sgp-bcfc0b21409a-01,adj-153d9abced4119b1,incident-src-153d9abced4119b1,0.0,4,overlap_candidate|first_lap_candidate|wet_track_candidate|safety_car_restart_candidate,False,no_further_action,,,,pre_review_feasibility,False,False,review_priority_only_pending_context_and_conduct_review
adjudication-seed-fia-2020-tus-65bfe923f953-01,adj-fe001d9ef4550a20,incident-src-fe001d9ef4550a20,2,adjudication-seed-fia-2019-jpn-4a022963168d-01,adj-44686757f581c309,incident-group-dee3045f08ed8de7,0.1,4,overlap_candidate|first_lap_candidate|wet_track_candidate|safety_car_restart_candidate,True,time_penalty,5,2,,pre_review_feasibility,False,True,review_priority_only_pending_context_and_conduct_review
adjudication-seed-fia-2020-tus-65bfe923f953-01,adj-fe001d9ef4550a20,incident-src-fe001d9ef4550a20,3,adjudication-seed-fia-2019-jpn-9be40f8bba4d-01,adj-634036e33dc05333,incident-group-dee3045f08ed8de7,0.1,4,overlap_candidate|first_lap_candidate|wet_track_candidate|safety_car_restart_candidate,False,no_further_action,,,,pre_review_feasibility,False,False,review_priority_only_pending_context_and_conduct_review
adjudication-seed-fia-2020-tus-65bfe923f953-01,adj-fe001d9ef4550a20,incident-src-fe001d9ef4550a20,4,adjudication-seed-fia-2018-abu-b67f80da207e-01,adj-2082537af6db5e25,incident-src-2082537af6db5e25,0.125,3,first_lap_candidate|wet_track_candidate|safety_car_restart_candidate,False,no_further_action,,,,pre_review_feasibility,False,False,review_priority_only_pending_context_and_conduct_review
adjudication-seed-fia-2020-tus-65bfe923f953-01,adj-fe001d9ef4550a20,incident-src-fe001d9ef4550a20,5,adjudication-seed-fia-2018-aze-23f8b0b5b715-01,adj-cbb36a04e5932d9a,incident-src-cbb36a04e5932d9a,0.125,3,first_lap_candidate|wet_track_candidate|safety_car_restart_candidate,True,time_penalty,10,2,,pre_review_feasibility,False,True,review_priority_only_pending_context_and_conduct_review
adjudication-seed-fia-2020-tus-8b2908d46c54-01,adj-3bbbd293cbbdc303,incident-src-3bbbd293cbbdc303,1,adjudication-seed-fia-2018-sgp-bcfc0b21409a-01,adj-153d9abced4119b1,incident-src-153d9abced4119b1,0.0,4,overlap_candidate|first_lap_candidate|wet_track_candidate|safety_car_restart_candidate,False,no_further_action,,,,pre_review_feasibility,False,False,review_priority_only_pending_context_and_conduct_review
adjudication-seed-fia-2020-tus-8b2908d46c54-01,adj-3bbbd293cbbdc303,incident-src-3bbbd293cbbdc303,2,adjudication-seed-fia-2019-jpn-4a022963168d-01,adj-44686757f581c309,incident-group-dee3045f08ed8de7,0.1,4,overlap_candidate|first_lap_candidate|wet_track_candidate|safety_car_restart_candidate,True,time_penalty,5,2,,pre_review_feasibility,False,True,review_priority_only_pending_context_and_conduct_review
adjudication-seed-fia-2020-tus-8b2908d46c54-01,adj-3bbbd293cbbdc303,incident-src-3bbbd293cbbdc303,3,adjudication-seed-fia-2019-jpn-9be40f8bba4d-01,adj-634036e33dc05333,incident-group-dee3045f08ed8de7,0.1,4,overlap_candidate|first_lap_candidate|wet_track_candidate|safety_car_restart_candidate,False,no_further_action,,,,pre_review_feasibility,False,False,review_priority_only_pending_context_and_conduct_review
adjudication-seed-fia-2020-tus-8b2908d46c54-01,adj-3bbbd293cbbdc303,incident-src-3bbbd293cbbdc303,4,adjudication-seed-fia-2018-abu-b67f80da207e-01,adj-2082537af6db5e25,incident-src-2082537af6db5e25,0.125,3,first_lap_candidate|wet_track_candidate|safety_car_restart_candidate,False,no_further_action,,,,pre_review_feasibility,False,False,review_priority_only_pending_context_and_conduct_review
adjudication-seed-fia-2020-tus-8b2908d46c54-01,adj-3bbbd293cbbdc303,incident-src-3bbbd293cbbdc303,5,adjudication-seed-fia-2018-aze-23f8b0b5b715-01,adj-cbb36a04e5932d9a,incident-src-cbb36a04e5932d9a,0.125,3,first_lap_candidate|wet_track_candidate|safety_car_restart_candidate,True,time_penalty,10,2,,pre_review_feasibility,False,True,review_priority_only_pending_context_and_conduct_review
adjudication-seed-fia-2020-tus-8f4aa7153d82-01,adj-d8273ef853fc3e35,incident-src-d8273ef853fc3e35,1,adjudication-seed-fia-2018-sgp-bcfc0b21409a-01,adj-153d9abced4119b1,incident-src-153d9abced4119b1,0.0,4,overlap_candidate|first_lap_candidate|wet_track_candidate|safety_car_restart_candidate,False,no_further_action,,,,pre_review_feasibility,False,False,review_priority_only_pending_context_and_conduct_review
adjudication-seed-fia-2020-tus-8f4aa7153d82-01,adj-d8273ef853fc3e35,incident-src-d8273ef853fc3e35,2,adjudication-seed-fia-2019-jpn-4a022963168d-01,adj-44686757f581c309,incident-group-dee3045f08ed8de7,0.1,4,overlap_candidate|first_lap_candidate|wet_track_candidate|safety_car_restart_candidate,True,time_penalty,5,2,,pre_review_feasibility,False,True,review_priority_only_pending_context_and_conduct_review
adjudication-seed-fia-2020-tus-8f4aa7153d82-01,adj-d8273ef853fc3e35,incident-src-d8273ef853fc3e35,3,adjudication-seed-fia-2019-jpn-9be40f8bba4d-01,adj-634036e33dc05333,incident-group-dee3045f08ed8de7,0.1,4,overlap_candidate|first_lap_candidate|wet_track_candidate|safety_car_restart_candidate,False,no_further_action,,,,pre_review_feasibility,False,False,review_priority_only_pending_context_and_conduct_review
adjudication-seed-fia-2020-tus-8f4aa7153d82-01,adj-d8273ef853fc3e35,incident-src-d8273ef853fc3e35,4,adjudication-seed-fia-2018-abu-b67f80da207e-01,adj-2082537af6db5e25,incident-src-2082537af6db5e25,0.125,3,first_lap_candidate|wet_track_candidate|safety_car_restart_candidate,False,no_further_action,,,,pre_review_feasibility,False,False,review_priority_only_pending_context_and_conduct_review
adjudication-seed-fia-2020-tus-8f4aa7153d82-01,adj-d8273ef853fc3e35,incident-src-d8273ef853fc3e35,5,adjudication-seed-fia-2018-aze-23f8b0b5b715-01,adj-cbb36a04e5932d9a,incident-src-cbb36a04e5932d9a,0.125,3,first_lap_candidate|wet_track_candidate|safety_car_restart_candidate,True,time_penalty,10,2,,pre_review_feasibility,False,True,review_priority_only_pending_context_and_conduct_review
adjudication-seed-fia-2021-aut-01e04f2a38ce-01,adj-abdb85bbc64ee3ce,incident-src-abdb85bbc64ee3ce,1,adjudication-seed-fia-2021-aut-5c20f18ec25e-01,adj-49f9f1c21c411724,incident-src-49f9f1c21c411724,0.0,4,overlap_candidate|first_lap_candidate|wet_track_candidate|safety_car_restart_candidate,True,time_penalty,5,2,,pre_review_feasibility,True,False,review_priority_only_pending_context_and_conduct_review
adjudication-seed-fia-2021-aut-01e04f2a38ce-01,adj-abdb85bbc64ee3ce,incident-src-abdb85bbc64ee3ce,2,adjudication-seed-fia-2021-aut-f412d61f822f-01,adj-1e536209371259a3,incident-src-1e536209371259a3,0.0,4,overlap_candidate|first_lap_candidate|wet_track_candidate|safety_car_restart_candidate,True,time_penalty,5,2,,pre_review_feasibility,True,False,review_priority_only_pending_context_and_conduct_review
adjudication-seed-fia-2021-aut-01e04f2a38ce-01,adj-abdb85bbc64ee3ce,incident-src-abdb85bbc64ee3ce,3,adjudication-seed-fia-2021-gbr-74d32cf58767-01,adj-ef78b859db624c3b,incident-src-ef78b859db624c3b,0.1,4,overlap_candidate|first_lap_candidate|wet_track_candidate|safety_car_restart_candidate,False,no_further_action,,,,pre_review_feasibility,True,True,review_priority_only_pending_context_and_conduct_review
adjudication-seed-fia-2021-aut-01e04f2a38ce-01,adj-abdb85bbc64ee3ce,incident-src-abdb85bbc64ee3ce,4,adjudication-seed-fia-2018-jpn-a4bf4fc25a1f-01,adj-98570c1c2d9d82a6,incident-src-98570c1c2d9d82a6,0.125,3,first_lap_candidate|wet_track_candidate|safety_car_restart_candidate,True,time_penalty,5,2,,pre_review_feasibility,True,False,review_priority_only_pending_context_and_conduct_review
adjudication-seed-fia-2021-aut-01e04f2a38ce-01,adj-abdb85bbc64ee3ce,incident-src-abdb85bbc64ee3ce,5,adjudication-seed-fia-2018-mex-3075233c69d9-01,adj-f55b2703a638bc6a,incident-src-f55b2703a638bc6a,0.125,3,first_lap_candidate|wet_track_candidate|safety_car_restart_candidate,False,no_further_action,,,,pre_review_feasibility,True,True,review_priority_only_pending_context_and_conduct_review
adjudication-seed-fia-2021-aut-5bb9fcd0e3b6-01,adj-777fb475fb7ad14e,incident-src-777fb475fb7ad14e,1,adjudication-seed-fia-2018-aze-1bbf84530187-01,adj-e467c6122d516580,incident-src-e467c6122d516580,0.0,3,first_lap_candidate|wet_track_candidate|safety_car_restart_candidate,True,reprimand,,,,pre_review_feasibility,True,False,review_priority_only_pending_context_and_conduct_review
adjudication-seed-fia-2021-aut-5bb9fcd0e3b6-01,adj-777fb475fb7ad14e,incident-src-777fb475fb7ad14e,2,adjudication-seed-fia-2018-aze-94399ce60452-01,adj-fb216d7f0fbf8ff1,incident-src-fb216d7f0fbf8ff1,0.0,3,first_lap_candidate|wet_track_candidate|safety_car_restart_candidate,True,reprimand,,,,pre_review_feasibility,True,False,review_priority_only_pending_context_and_conduct_review
adjudication-seed-fia-2021-aut-5bb9fcd0e3b6-01,adj-777fb475fb7ad14e,incident-src-777fb475fb7ad14e,3,adjudication-seed-fia-2018-aze-b6df36c282b7-01,adj-b5b3a795e56fb51d,incident-src-b5b3a795e56fb51d,0.0,3,first_lap_candidate|wet_track_candidate|safety_car_restart_candidate,True,time_penalty,10,2,,pre_review_feasibility,True,False,review_priority_only_pending_context_and_conduct_review
adjudication-seed-fia-2021-aut-5bb9fcd0e3b6-01,adj-777fb475fb7ad14e,incident-src-777fb475fb7ad14e,4,adjudication-seed-fia-2018-bra-1cf7293f9bee-01,adj-39523131c9d9684d,incident-src-39523131c9d9684d,0.0,3,first_lap_candidate|wet_track_candidate|safety_car_restart_candidate,True,stop_go,,3,,pre_review_feasibility,True,False,review_priority_only_pending_context_and_conduct_review
adjudication-seed-fia-2021-aut-5bb9fcd0e3b6-01,adj-777fb475fb7ad14e,incident-src-777fb475fb7ad14e,5,adjudication-seed-fia-2018-chn-ad3c0076d583-01,adj-171323b01c7fd2e4,incident-src-171323b01c7fd2e4,0.0,3,first_lap_candidate|wet_track_candidate|safety_car_restart_candidate,True,time_penalty,10,2,,pre_review_feasibility,True,False,review_priority_only_pending_context_and_conduct_review
adjudication-seed-fia-2021-aut-5c20f18ec25e-01,adj-49f9f1c21c411724,incident-src-49f9f1c21c411724,1,adjudication-seed-fia-2021-aut-01e04f2a38ce-01,adj-abdb85bbc64ee3ce,incident-src-abdb85bbc64ee3ce,0.0,4,overlap_candidate|first_lap_candidate|wet_track_candidate|safety_car_restart_candidate,True,time_penalty,5,2,,pre_review_feasibility,True,False,review_priority_only_pending_context_and_conduct_review
adjudication-seed-fia-2021-aut-5c20f18ec25e-01,adj-49f9f1c21c411724,incident-src-49f9f1c21c411724,2,adjudication-seed-fia-2021-aut-f412d61f822f-01,adj-1e536209371259a3,incident-src-1e536209371259a3,0.0,4,overlap_candidate|first_lap_candidate|wet_track_candidate|safety_car_restart_candidate,True,time_penalty,5,2,,pre_review_feasibility,True,False,review_priority_only_pending_context_and_conduct_review
adjudication-seed-fia-2021-aut-5c20f18ec25e-01,adj-49f9f1c21c411724,incident-src-49f9f1c21c411724,3,adjudication-seed-fia-2021-gbr-74d32cf58767-01,adj-ef78b859db624c3b,incident-src-ef78b859db624c3b,0.1,4,overlap_candidate|first_lap_candidate|wet_track_candidate|safety_car_restart_candidate,False,no_further_action,,,,pre_review_feasibility,True,True,review_priority_only_pending_context_and_conduct_review
adjudication-seed-fia-2021-aut-5c20f18ec25e-01,adj-49f9f1c21c411724,incident-src-49f9f1c21c411724,4,adjudication-seed-fia-2018-jpn-a4bf4fc25a1f-01,adj-98570c1c2d9d82a6,incident-src-98570c1c2d9d82a6,0.125,3,first_lap_candidate|wet_track_candidate|safety_car_restart_candidate,True,time_penalty,5,2,,pre_review_feasibility,True,False,review_priority_only_pending_context_and_conduct_review
adjudication-seed-fia-2021-aut-5c20f18ec25e-01,adj-49f9f1c21c411724,incident-src-49f9f1c21c411724,5,adjudication-seed-fia-2018-mex-3075233c69d9-01,adj-f55b2703a638bc6a,incident-src-f55b2703a638bc6a,0.125,3,first_lap_candidate|wet_track_candidate|safety_car_restart_candidate,False,no_further_action,,,,pre_review_feasibility,True,True,review_priority_only_pending_context_and_conduct_review
adjudication-seed-fia-2021-aut-634bfff34401-01,adj-54aa1906bbba2dd4,incident-src-54aa1906bbba2dd4,1,adjudication-seed-fia-2020-gbr-09d0b07d741a-01,adj-e605aead612094fc,incident-src-e605aead612094fc,0.0,3,first_lap_candidate|wet_track_candidate|safety_car_restart_candidate,True,warning,,,,pre_review_feasibility,False,True,review_priority_only_pending_context_and_conduct_review
adjudication-seed-fia-2021-aut-f412d61f822f-01,adj-1e536209371259a3,incident-src-1e536209371259a3,1,adjudication-seed-fia-2021-aut-01e04f2a38ce-01,adj-abdb85bbc64ee3ce,incident-src-abdb85bbc64ee3ce,0.0,4,overlap_candidate|first_lap_candidate|wet_track_candidate|safety_car_restart_candidate,True,time_penalty,5,2,,pre_review_feasibility,True,False,review_priority_only_pending_context_and_conduct_review
adjudication-seed-fia-2021-aut-f412d61f822f-01,adj-1e536209371259a3,incident-src-1e536209371259a3,2,adjudication-seed-fia-2021-aut-5c20f18ec25e-01,adj-49f9f1c21c411724,incident-src-49f9f1c21c411724,0.0,4,overlap_candidate|first_lap_candidate|wet_track_candidate|safety_car_restart_candidate,True,time_penalty,5,2,,pre_review_feasibility,True,False,review_priority_only_pending_context_and_conduct_review
adjudication-seed-fia-2021-aut-f412d61f822f-01,adj-1e536209371259a3,incident-src-1e536209371259a3,3,adjudication-seed-fia-2021-gbr-74d32cf58767-01,adj-ef78b859db624c3b,incident-src-ef78b859db624c3b,0.1,4,overlap_candidate|first_lap_candidate|wet_track_candidate|safety_car_restart_candidate,False,no_further_action,,,,pre_review_feasibility,True,True,review_priority_only_pending_context_and_conduct_review
adjudication-seed-fia-2021-aut-f412d61f822f-01,adj-1e536209371259a3,incident-src-1e536209371259a3,4,adjudication-seed-fia-2018-jpn-a4bf4fc25a1f-01,adj-98570c1c2d9d82a6,incident-src-98570c1c2d9d82a6,0.125,3,first_lap_candidate|wet_track_candidate|safety_car_restart_candidate,True,time_penalty,5,2,,pre_review_feasibility,True,False,review_priority_only_pending_context_and_conduct_review
adjudication-seed-fia-2021-aut-f412d61f822f-01,adj-1e536209371259a3,incident-src-1e536209371259a3,5,adjudication-seed-fia-2018-mex-3075233c69d9-01,adj-f55b2703a638bc6a,incident-src-f55b2703a638bc6a,0.125,3,first_lap_candidate|wet_track_candidate|safety_car_restart_candidate,False,no_further_action,,,,pre_review_feasibility,True,True,review_priority_only_pending_context_and_conduct_review
adjudication-seed-fia-2021-bhr-4c375a5d45e3-01,adj-fee2caa67a10b6f2,incident-src-fee2caa67a10b6f2,1,adjudication-seed-fia-2018-aze-1bbf84530187-01,adj-e467c6122d516580,incident-src-e467c6122d516580,0.0,3,first_lap_candidate|wet_track_candidate|safety_car_restart_candidate,True,reprimand,,,,pre_review_feasibility,True,False,review_priority_only_pending_context_and_conduct_review
adjudication-seed-fia-2021-bhr-4c375a5d45e3-01,adj-fee2caa67a10b6f2,incident-src-fee2caa67a10b6f2,2,adjudication-seed-fia-2018-aze-94399ce60452-01,adj-fb216d7f0fbf8ff1,incident-src-fb216d7f0fbf8ff1,0.0,3,first_lap_candidate|wet_track_candidate|safety_car_restart_candidate,True,reprimand,,,,pre_review_feasibility,True,False,review_priority_only_pending_context_and_conduct_review
adjudication-seed-fia-2021-bhr-4c375a5d45e3-01,adj-fee2caa67a10b6f2,incident-src-fee2caa67a10b6f2,3,adjudication-seed-fia-2018-aze-b6df36c282b7-01,adj-b5b3a795e56fb51d,incident-src-b5b3a795e56fb51d,0.0,3,first_lap_candidate|wet_track_candidate|safety_car_restart_candidate,True,time_penalty,10,2,,pre_review_feasibility,True,False,review_priority_only_pending_context_and_conduct_review
adjudication-seed-fia-2021-bhr-4c375a5d45e3-01,adj-fee2caa67a10b6f2,incident-src-fee2caa67a10b6f2,4,adjudication-seed-fia-2018-bra-1cf7293f9bee-01,adj-39523131c9d9684d,incident-src-39523131c9d9684d,0.0,3,first_lap_candidate|wet_track_candidate|safety_car_restart_candidate,True,stop_go,,3,,pre_review_feasibility,True,False,review_priority_only_pending_context_and_conduct_review
adjudication-seed-fia-2021-bhr-4c375a5d45e3-01,adj-fee2caa67a10b6f2,incident-src-fee2caa67a10b6f2,5,adjudication-seed-fia-2018-chn-ad3c0076d583-01,adj-171323b01c7fd2e4,incident-src-171323b01c7fd2e4,0.0,3,first_lap_candidate|wet_track_candidate|safety_car_restart_candidate,True,time_penalty,10,2,,pre_review_feasibility,True,False,review_priority_only_pending_context_and_conduct_review
adjudication-seed-fia-2021-emi-791fd6e0a7e9-01,adj-3651fb62c9bcfb6e,incident-src-3651fb62c9bcfb6e,1,adjudication-seed-fia-2018-abu-18bc30990ea3-01,adj-b68335d3407c00bc,incident-src-b68335d3407c00bc,0.3333333333333333,3,first_lap_candidate|wet_track_candidate|safety_car_restart_candidate,True,time_penalty,5,1,,pre_review_feasibility,True,False,review_priority_only_pending_context_and_conduct_review
adjudication-seed-fia-2021-emi-791fd6e0a7e9-01,adj-3651fb62c9bcfb6e,incident-src-3651fb62c9bcfb6e,2,adjudication-seed-fia-2018-abu-754824eaae10-01,adj-58eaa3eee308cb80,incident-src-58eaa3eee308cb80,0.3333333333333333,3,first_lap_candidate|wet_track_candidate|safety_car_restart_candidate,True,time_penalty,5,1,,pre_review_feasibility,True,False,review_priority_only_pending_context_and_conduct_review
adjudication-seed-fia-2021-emi-791fd6e0a7e9-01,adj-3651fb62c9bcfb6e,incident-src-3651fb62c9bcfb6e,3,adjudication-seed-fia-2018-abu-ba74bbf1e4a2-01,adj-e83d46d8daf5ec73,incident-src-e83d46d8daf5ec73,0.3333333333333333,3,first_lap_candidate|wet_track_candidate|safety_car_restart_candidate,True,time_penalty,5,1,,pre_review_feasibility,True,False,review_priority_only_pending_context_and_conduct_review
adjudication-seed-fia-2021-emi-791fd6e0a7e9-01,adj-3651fb62c9bcfb6e,incident-src-3651fb62c9bcfb6e,4,adjudication-seed-fia-2018-abu-e3bd8959c0f4-01,adj-9a44d3fc12f61d17,incident-src-9a44d3fc12f61d17,0.3333333333333333,3,first_lap_candidate|wet_track_candidate|safety_car_restart_candidate,True,time_penalty,5,1,,pre_review_feasibility,True,False,review_priority_only_pending_context_and_conduct_review
adjudication-seed-fia-2021-emi-791fd6e0a7e9-01,adj-3651fb62c9bcfb6e,incident-src-3651fb62c9bcfb6e,5,adjudication-seed-fia-2018-aut-6376daf466a5-01,adj-b25c86494efcda3c,incident-src-b25c86494efcda3c,0.3333333333333333,3,first_lap_candidate|wet_track_candidate|safety_car_restart_candidate,False,no_further_action,,,,pre_review_feasibility,True,True,review_priority_only_pending_context_and_conduct_review
adjudication-seed-fia-2021-emi-ac5240ba7d02-01,adj-7ff377c3d8f5c74c,incident-src-7ff377c3d8f5c74c,1,adjudication-seed-fia-2018-aze-1bbf84530187-01,adj-e467c6122d516580,incident-src-e467c6122d516580,0.3333333333333333,3,first_lap_candidate|wet_track_candidate|safety_car_restart_candidate,True,reprimand,,,,pre_review_feasibility,False,True,review_priority_only_pending_context_and_conduct_review
adjudication-seed-fia-2021-emi-ac5240ba7d02-01,adj-7ff377c3d8f5c74c,incident-src-7ff377c3d8f5c74c,2,adjudication-seed-fia-2018-aze-94399ce60452-01,adj-fb216d7f0fbf8ff1,incident-src-fb216d7f0fbf8ff1,0.3333333333333333,3,first_lap_candidate|wet_track_candidate|safety_car_restart_candidate,True,reprimand,,,,pre_review_feasibility,False,True,review_priority_only_pending_context_and_conduct_review
adjudication-seed-fia-2021-emi-ac5240ba7d02-01,adj-7ff377c3d8f5c74c,incident-src-7ff377c3d8f5c74c,3,adjudication-seed-fia-2018-aze-b6df36c282b7-01,adj-b5b3a795e56fb51d,incident-src-b5b3a795e56fb51d,0.3333333333333333,3,first_lap_candidate|wet_track_candidate|safety_car_restart_candidate,True,time_penalty,10,2,,pre_review_feasibility,False,True,review_priority_only_pending_context_and_conduct_review
adjudication-seed-fia-2021-emi-ac5240ba7d02-01,adj-7ff377c3d8f5c74c,incident-src-7ff377c3d8f5c74c,4,adjudication-seed-fia-2018-bra-1cf7293f9bee-01,adj-39523131c9d9684d,incident-src-39523131c9d9684d,0.3333333333333333,3,first_lap_candidate|wet_track_candidate|safety_car_restart_candidate,True,stop_go,,3,,pre_review_feasibility,False,True,review_priority_only_pending_context_and_conduct_review
adjudication-seed-fia-2021-emi-ac5240ba7d02-01,adj-7ff377c3d8f5c74c,incident-src-7ff377c3d8f5c74c,5,adjudication-seed-fia-2018-chn-ad3c0076d583-01,adj-171323b01c7fd2e4,incident-src-171323b01c7fd2e4,0.3333333333333333,3,first_lap_candidate|wet_track_candidate|safety_car_restart_candidate,True,time_penalty,10,2,,pre_review_feasibility,False,True,review_priority_only_pending_context_and_conduct_review
adjudication-seed-fia-2021-esp-fee027bbec83-01,adj-6e832bed12ff975e,incident-src-6e832bed12ff975e,1,adjudication-seed-fia-2019-fra-457ded17de98-01,adj-ea059e019eeba972,incident-src-ea059e019eeba972,0.0,4,attacker_line_candidate|first_lap_candidate|wet_track_candidate|safety_car_restart_candidate,True,time_penalty,5,2,,pre_review_feasibility,False,True,review_priority_only_pending_context_and_conduct_review
adjudication-seed-fia-2021-esp-fee027bbec83-01,adj-6e832bed12ff975e,incident-src-6e832bed12ff975e,2,adjudication-seed-fia-2018-jpn-a4bf4fc25a1f-01,adj-98570c1c2d9d82a6,incident-src-98570c1c2d9d82a6,0.125,3,first_lap_candidate|wet_track_candidate|safety_car_restart_candidate,True,time_penalty,5,2,,pre_review_feasibility,False,True,review_priority_only_pending_context_and_conduct_review
adjudication-seed-fia-2021-esp-fee027bbec83-01,adj-6e832bed12ff975e,incident-src-6e832bed12ff975e,3,adjudication-seed-fia-2018-mex-3075233c69d9-01,adj-f55b2703a638bc6a,incident-src-f55b2703a638bc6a,0.125,3,first_lap_candidate|wet_track_candidate|safety_car_restart_candidate,False,no_further_action,,,,pre_review_feasibility,False,False,review_priority_only_pending_context_and_conduct_review
adjudication-seed-fia-2021-esp-fee027bbec83-01,adj-6e832bed12ff975e,incident-src-6e832bed12ff975e,4,adjudication-seed-fia-2018-sgp-329a49e8cbe6-01,adj-e07caee25859dbf7,incident-src-e07caee25859dbf7,0.125,3,first_lap_candidate|wet_track_candidate|safety_car_restart_candidate,True,time_penalty,5,2,,pre_review_feasibility,False,True,review_priority_only_pending_context_and_conduct_review
adjudication-seed-fia-2021-esp-fee027bbec83-01,adj-6e832bed12ff975e,incident-src-6e832bed12ff975e,5,adjudication-seed-fia-2019-bel-0c5b8806e8e5-01,adj-12ea78eb0fa53af2,incident-src-12ea78eb0fa53af2,0.125,3,first_lap_candidate|wet_track_candidate|safety_car_restart_candidate,False,no_further_action,,,,pre_review_feasibility,False,False,review_priority_only_pending_context_and_conduct_review
adjudication-seed-fia-2021-gbr-2edd347d5de5-01,adj-a02457481a461185,incident-src-a02457481a461185,1,adjudication-seed-fia-2018-aze-3e59a6773794-01,adj-2244116a8d1885ec,incident-src-2244116a8d1885ec,0.0,4,attacker_line_candidate|first_lap_candidate|wet_track_candidate|safety_car_restart_candidate,False,no_further_action,,,,pre_review_feasibility,True,True,review_priority_only_pending_context_and_conduct_review
adjudication-seed-fia-2021-gbr-2edd347d5de5-01,adj-a02457481a461185,incident-src-a02457481a461185,2,adjudication-seed-fia-2018-fra-e65d0d06dbb7-01,adj-2528c2aa99cc8fa3,incident-src-2528c2aa99cc8fa3,0.0,4,attacker_line_candidate|first_lap_candidate|wet_track_candidate|safety_car_restart_candidate,True,time_penalty,5,2,,pre_review_feasibility,True,False,review_priority_only_pending_context_and_conduct_review
adjudication-seed-fia-2021-gbr-2edd347d5de5-01,adj-a02457481a461185,incident-src-a02457481a461185,3,adjudication-seed-fia-2018-gbr-f20a2f7cd356-01,adj-5384303bfd85706c,incident-src-5384303bfd85706c,0.0,4,attacker_line_candidate|first_lap_candidate|wet_track_candidate|safety_car_restart_candidate,True,time_penalty,10,2,,pre_review_feasibility,True,False,review_priority_only_pending_context_and_conduct_review
adjudication-seed-fia-2021-gbr-2edd347d5de5-01,adj-a02457481a461185,incident-src-a02457481a461185,4,adjudication-seed-fia-2019-sgp-d456f4419d4f-01,adj-2863482e9bf6ad20,incident-group-baa04254fb857cd2,0.0,4,attacker_line_candidate|first_lap_candidate|wet_track_candidate|safety_car_restart_candidate,False,no_further_action,,,,pre_review_feasibility,True,True,review_priority_only_pending_context_and_conduct_review
adjudication-seed-fia-2021-gbr-2edd347d5de5-01,adj-a02457481a461185,incident-src-a02457481a461185,5,adjudication-seed-fia-2019-sgp-e6c461804492-01,adj-a7bd7c94072cc013,incident-group-baa04254fb857cd2,0.0,4,attacker_line_candidate|first_lap_candidate|wet_track_candidate|safety_car_restart_candidate,False,no_further_action,,,,pre_review_feasibility,True,True,review_priority_only_pending_context_and_conduct_review
adjudication-seed-fia-2021-gbr-74d32cf58767-01,adj-ef78b859db624c3b,incident-src-ef78b859db624c3b,1,adjudication-seed-fia-2020-esp-bc594cf0008c-01,adj-c1cfa4c6f7b7d14c,incident-src-c1cfa4c6f7b7d14c,0.1,4,attacker_line_candidate|first_lap_candidate|wet_track_candidate|safety_car_restart_candidate,False,no_further_action,,,,pre_review_feasibility,False,False,review_priority_only_pending_context_and_conduct_review
adjudication-seed-fia-2021-gbr-74d32cf58767-01,adj-ef78b859db624c3b,incident-src-ef78b859db624c3b,2,adjudication-seed-fia-2020-sty-965461bfbe13-01,adj-e29cbda3e8d0967d,incident-src-e29cbda3e8d0967d,0.1,4,attacker_line_candidate|first_lap_candidate|wet_track_candidate|safety_car_restart_candidate,False,no_further_action,,,,pre_review_feasibility,False,False,review_priority_only_pending_context_and_conduct_review
adjudication-seed-fia-2021-gbr-74d32cf58767-01,adj-ef78b859db624c3b,incident-src-ef78b859db624c3b,3,adjudication-seed-fia-2021-aut-01e04f2a38ce-01,adj-abdb85bbc64ee3ce,incident-src-abdb85bbc64ee3ce,0.1,4,overlap_candidate|first_lap_candidate|wet_track_candidate|safety_car_restart_candidate,True,time_penalty,5,2,,pre_review_feasibility,False,True,review_priority_only_pending_context_and_conduct_review
adjudication-seed-fia-2021-gbr-74d32cf58767-01,adj-ef78b859db624c3b,incident-src-ef78b859db624c3b,4,adjudication-seed-fia-2021-aut-5c20f18ec25e-01,adj-49f9f1c21c411724,incident-src-49f9f1c21c411724,0.1,4,overlap_candidate|first_lap_candidate|wet_track_candidate|safety_car_restart_candidate,True,time_penalty,5,2,,pre_review_feasibility,False,True,review_priority_only_pending_context_and_conduct_review
adjudication-seed-fia-2021-gbr-74d32cf58767-01,adj-ef78b859db624c3b,incident-src-ef78b859db624c3b,5,adjudication-seed-fia-2021-aut-f412d61f822f-01,adj-1e536209371259a3,incident-src-1e536209371259a3,0.1,4,overlap_candidate|first_lap_candidate|wet_track_candidate|safety_car_restart_candidate,True,time_penalty,5,2,,pre_review_feasibility,False,True,review_priority_only_pending_context_and_conduct_review
adjudication-seed-fia-2021-hun-06f5959922b8-01,adj-9cf492ef26deae16,incident-src-9cf492ef26deae16,1,adjudication-seed-fia-2018-abu-b67f80da207e-01,adj-2082537af6db5e25,incident-src-2082537af6db5e25,0.0,3,first_lap_candidate|wet_track_candidate|safety_car_restart_candidate,False,no_further_action,,,,pre_review_feasibility,True,True,review_priority_only_pending_context_and_conduct_review
adjudication-seed-fia-2021-hun-06f5959922b8-01,adj-9cf492ef26deae16,incident-src-9cf492ef26deae16,2,adjudication-seed-fia-2018-aze-23f8b0b5b715-01,adj-cbb36a04e5932d9a,incident-src-cbb36a04e5932d9a,0.0,3,first_lap_candidate|wet_track_candidate|safety_car_restart_candidate,True,time_penalty,10,2,,pre_review_feasibility,True,False,review_priority_only_pending_context_and_conduct_review
adjudication-seed-fia-2021-hun-06f5959922b8-01,adj-9cf492ef26deae16,incident-src-9cf492ef26deae16,3,adjudication-seed-fia-2018-aze-4fbe7e105140-01,adj-915feddd8ae6b043,incident-src-915feddd8ae6b043,0.0,3,first_lap_candidate|wet_track_candidate|safety_car_restart_candidate,True,grid_penalty,,2,3,pre_review_feasibility,True,False,review_priority_only_pending_context_and_conduct_review
adjudication-seed-fia-2021-hun-06f5959922b8-01,adj-9cf492ef26deae16,incident-src-9cf492ef26deae16,4,adjudication-seed-fia-2018-bel-5f9336c3c23e-01,adj-dad7e6d1095a4d05,incident-src-dad7e6d1095a4d05,0.0,3,first_lap_candidate|wet_track_candidate|safety_car_restart_candidate,True,time_penalty,5,2,,pre_review_feasibility,True,False,review_priority_only_pending_context_and_conduct_review
adjudication-seed-fia-2021-hun-06f5959922b8-01,adj-9cf492ef26deae16,incident-src-9cf492ef26deae16,5,adjudication-seed-fia-2018-bel-6346000a9777-01,adj-f2430a8dcab51295,incident-src-f2430a8dcab51295,0.0,3,first_lap_candidate|wet_track_candidate|safety_car_restart_candidate,True,grid_penalty,,3,10,pre_review_feasibility,True,False,review_priority_only_pending_context_and_conduct_review
adjudication-seed-fia-2021-hun-62b291657006-01,adj-3bb833a815e06668,incident-src-3bb833a815e06668,1,adjudication-seed-fia-2018-abu-b67f80da207e-01,adj-2082537af6db5e25,incident-src-2082537af6db5e25,0.0,3,first_lap_candidate|wet_track_candidate|safety_car_restart_candidate,False,no_further_action,,,,pre_review_feasibility,True,True,review_priority_only_pending_context_and_conduct_review
adjudication-seed-fia-2021-hun-62b291657006-01,adj-3bb833a815e06668,incident-src-3bb833a815e06668,2,adjudication-seed-fia-2018-aze-23f8b0b5b715-01,adj-cbb36a04e5932d9a,incident-src-cbb36a04e5932d9a,0.0,3,first_lap_candidate|wet_track_candidate|safety_car_restart_candidate,True,time_penalty,10,2,,pre_review_feasibility,True,False,review_priority_only_pending_context_and_conduct_review
adjudication-seed-fia-2021-hun-62b291657006-01,adj-3bb833a815e06668,incident-src-3bb833a815e06668,3,adjudication-seed-fia-2018-aze-4fbe7e105140-01,adj-915feddd8ae6b043,incident-src-915feddd8ae6b043,0.0,3,first_lap_candidate|wet_track_candidate|safety_car_restart_candidate,True,grid_penalty,,2,3,pre_review_feasibility,True,False,review_priority_only_pending_context_and_conduct_review
adjudication-seed-fia-2021-hun-62b291657006-01,adj-3bb833a815e06668,incident-src-3bb833a815e06668,4,adjudication-seed-fia-2018-bel-5f9336c3c23e-01,adj-dad7e6d1095a4d05,incident-src-dad7e6d1095a4d05,0.0,3,first_lap_candidate|wet_track_candidate|safety_car_restart_candidate,True,time_penalty,5,2,,pre_review_feasibility,True,False,review_priority_only_pending_context_and_conduct_review
adjudication-seed-fia-2021-hun-62b291657006-01,adj-3bb833a815e06668,incident-src-3bb833a815e06668,5,adjudication-seed-fia-2018-bel-6346000a9777-01,adj-f2430a8dcab51295,incident-src-f2430a8dcab51295,0.0,3,first_lap_candidate|wet_track_candidate|safety_car_restart_candidate,True,grid_penalty,,3,10,pre_review_feasibility,True,False,review_priority_only_pending_context_and_conduct_review
adjudication-seed-fia-2021-ita-4c12fa91b10c-01,adj-e4fd8aefb1774911,incident-src-e4fd8aefb1774911,1,adjudication-seed-fia-2018-can-fa41432364aa-01,adj-f0841610b6a2725d,incident-src-f0841610b6a2725d,0.0,4,overlap_candidate|first_lap_candidate|wet_track_candidate|safety_car_restart_candidate,False,no_further_action,,,,pre_review_feasibility,True,True,review_priority_only_pending_context_and_conduct_review
adjudication-seed-fia-2021-ita-4c12fa91b10c-01,adj-e4fd8aefb1774911,incident-src-e4fd8aefb1774911,2,adjudication-seed-fia-2020-aut-61b974e38056-01,adj-f6450ff6c230f5e0,incident-src-f6450ff6c230f5e0,0.0,4,overlap_candidate|first_lap_candidate|wet_track_candidate|safety_car_restart_candidate,True,time_penalty,5,2,,pre_review_feasibility,True,False,review_priority_only_pending_context_and_conduct_review
adjudication-seed-fia-2021-ita-4c12fa91b10c-01,adj-e4fd8aefb1774911,incident-src-e4fd8aefb1774911,3,adjudication-seed-fia-2021-ita-d726c5d4355d-01,adj-1b5a174b1f09dff2,incident-src-1b5a174b1f09dff2,0.0,4,overlap_candidate|first_lap_candidate|wet_track_candidate|safety_car_restart_candidate,True,grid_penalty,,2,3,pre_review_feasibility,True,False,review_priority_only_pending_context_and_conduct_review
adjudication-seed-fia-2021-ita-4c12fa91b10c-01,adj-e4fd8aefb1774911,incident-src-e4fd8aefb1774911,4,adjudication-seed-fia-2019-aut-529bae08f480-01,adj-524c6675088fdc18,incident-src-524c6675088fdc18,0.1,4,overlap_candidate|first_lap_candidate|wet_track_candidate|safety_car_restart_candidate,False,no_further_action,,,,pre_review_feasibility,True,True,review_priority_only_pending_context_and_conduct_review
adjudication-seed-fia-2021-ita-4c12fa91b10c-01,adj-e4fd8aefb1774911,incident-src-e4fd8aefb1774911,5,adjudication-seed-fia-2019-aut-f8011f674d7f-01,adj-a7a3ac083e4cb040,incident-src-a7a3ac083e4cb040,0.1,4,overlap_candidate|first_lap_candidate|wet_track_candidate|safety_car_restart_candidate,False,no_further_action,,,,pre_review_feasibility,True,True,review_priority_only_pending_context_and_conduct_review
adjudication-seed-fia-2021-ita-7d9dacc5104e-01,adj-f60d03c08c0d59ec,incident-src-f60d03c08c0d59ec,1,adjudication-seed-fia-2018-abu-18bc30990ea3-01,adj-b68335d3407c00bc,incident-src-b68335d3407c00bc,0.0,3,first_lap_candidate|wet_track_candidate|safety_car_restart_candidate,True,time_penalty,5,1,,pre_review_feasibility,True,False,review_priority_only_pending_context_and_conduct_review
adjudication-seed-fia-2021-ita-7d9dacc5104e-01,adj-f60d03c08c0d59ec,incident-src-f60d03c08c0d59ec,2,adjudication-seed-fia-2018-abu-754824eaae10-01,adj-58eaa3eee308cb80,incident-src-58eaa3eee308cb80,0.0,3,first_lap_candidate|wet_track_candidate|safety_car_restart_candidate,True,time_penalty,5,1,,pre_review_feasibility,True,False,review_priority_only_pending_context_and_conduct_review
adjudication-seed-fia-2021-ita-7d9dacc5104e-01,adj-f60d03c08c0d59ec,incident-src-f60d03c08c0d59ec,3,adjudication-seed-fia-2018-abu-ba74bbf1e4a2-01,adj-e83d46d8daf5ec73,incident-src-e83d46d8daf5ec73,0.0,3,first_lap_candidate|wet_track_candidate|safety_car_restart_candidate,True,time_penalty,5,1,,pre_review_feasibility,True,False,review_priority_only_pending_context_and_conduct_review
adjudication-seed-fia-2021-ita-7d9dacc5104e-01,adj-f60d03c08c0d59ec,incident-src-f60d03c08c0d59ec,4,adjudication-seed-fia-2018-abu-e3bd8959c0f4-01,adj-9a44d3fc12f61d17,incident-src-9a44d3fc12f61d17,0.0,3,first_lap_candidate|wet_track_candidate|safety_car_restart_candidate,True,time_penalty,5,1,,pre_review_feasibility,True,False,review_priority_only_pending_context_and_conduct_review
adjudication-seed-fia-2021-ita-7d9dacc5104e-01,adj-f60d03c08c0d59ec,incident-src-f60d03c08c0d59ec,5,adjudication-seed-fia-2018-aut-6376daf466a5-01,adj-b25c86494efcda3c,incident-src-b25c86494efcda3c,0.0,3,first_lap_candidate|wet_track_candidate|safety_car_restart_candidate,False,no_further_action,,,,pre_review_feasibility,True,True,review_priority_only_pending_context_and_conduct_review
adjudication-seed-fia-2021-ita-7df29923e8ce-01,adj-fca50105e4c6d3fe,incident-src-fca50105e4c6d3fe,1,adjudication-seed-fia-2018-jpn-d5d56e0426c6-01,adj-d87dc3e3ddc100a9,incident-src-d87dc3e3ddc100a9,0.3333333333333333,3,first_lap_candidate|wet_track_candidate|safety_car_restart_candidate,True,time_penalty,5,1,,pre_review_feasibility,True,False,review_priority_only_pending_context_and_conduct_review
adjudication-seed-fia-2021-ita-7df29923e8ce-01,adj-fca50105e4c6d3fe,incident-src-fca50105e4c6d3fe,2,adjudication-seed-fia-2019-can-dceb9101c747-01,adj-5a2a22f5fc1a849d,incident-src-5a2a22f5fc1a849d,0.3333333333333333,3,first_lap_candidate|wet_track_candidate|safety_car_restart_candidate,True,time_penalty,5,2,,pre_review_feasibility,True,False,review_priority_only_pending_context_and_conduct_review
adjudication-seed-fia-2021-ita-7df29923e8ce-01,adj-fca50105e4c6d3fe,incident-src-fca50105e4c6d3fe,3,adjudication-seed-fia-2019-ita-ef49a857f7de-01,adj-fce27d672a231903,incident-src-fce27d672a231903,0.3333333333333333,3,first_lap_candidate|wet_track_candidate|safety_car_restart_candidate,True,drive_through,,2,,pre_review_feasibility,True,False,review_priority_only_pending_context_and_conduct_review
adjudication-seed-fia-2021-ita-7df29923e8ce-01,adj-fca50105e4c6d3fe,incident-src-fca50105e4c6d3fe,4,adjudication-seed-fia-2020-70a-2f908d545c9e-01,adj-70745e64b862fd6a,incident-src-70745e64b862fd6a,0.375,3,first_lap_candidate|wet_track_candidate|safety_car_restart_candidate,True,time_penalty,5,2,,pre_review_feasibility,True,False,review_priority_only_pending_context_and_conduct_review
adjudication-seed-fia-2021-ita-92b2944f6398-01,adj-23f9ed84ba3379b7,incident-src-23f9ed84ba3379b7,1,adjudication-seed-fia-2018-aze-1bbf84530187-01,adj-e467c6122d516580,incident-src-e467c6122d516580,0.0,3,first_lap_candidate|wet_track_candidate|safety_car_restart_candidate,True,reprimand,,,,pre_review_feasibility,True,False,review_priority_only_pending_context_and_conduct_review
adjudication-seed-fia-2021-ita-92b2944f6398-01,adj-23f9ed84ba3379b7,incident-src-23f9ed84ba3379b7,2,adjudication-seed-fia-2018-aze-94399ce60452-01,adj-fb216d7f0fbf8ff1,incident-src-fb216d7f0fbf8ff1,0.0,3,first_lap_candidate|wet_track_candidate|safety_car_restart_candidate,True,reprimand,,,,pre_review_feasibility,True,False,review_priority_only_pending_context_and_conduct_review
adjudication-seed-fia-2021-ita-92b2944f6398-01,adj-23f9ed84ba3379b7,incident-src-23f9ed84ba3379b7,3,adjudication-seed-fia-2018-aze-b6df36c282b7-01,adj-b5b3a795e56fb51d,incident-src-b5b3a795e56fb51d,0.0,3,first_lap_candidate|wet_track_candidate|safety_car_restart_candidate,True,time_penalty,10,2,,pre_review_feasibility,True,False,review_priority_only_pending_context_and_conduct_review
adjudication-seed-fia-2021-ita-92b2944f6398-01,adj-23f9ed84ba3379b7,incident-src-23f9ed84ba3379b7,4,adjudication-seed-fia-2018-bra-1cf7293f9bee-01,adj-39523131c9d9684d,incident-src-39523131c9d9684d,0.0,3,first_lap_candidate|wet_track_candidate|safety_car_restart_candidate,True,stop_go,,3,,pre_review_feasibility,True,False,review_priority_only_pending_context_and_conduct_review
adjudication-seed-fia-2021-ita-92b2944f6398-01,adj-23f9ed84ba3379b7,incident-src-23f9ed84ba3379b7,5,adjudication-seed-fia-2018-chn-ad3c0076d583-01,adj-171323b01c7fd2e4,incident-src-171323b01c7fd2e4,0.0,3,first_lap_candidate|wet_track_candidate|safety_car_restart_candidate,True,time_penalty,10,2,,pre_review_feasibility,True,False,review_priority_only_pending_context_and_conduct_review
adjudication-seed-fia-2021-ita-d726c5d4355d-01,adj-1b5a174b1f09dff2,incident-src-1b5a174b1f09dff2,1,adjudication-seed-fia-2018-can-fa41432364aa-01,adj-f0841610b6a2725d,incident-src-f0841610b6a2725d,0.0,4,overlap_candidate|first_lap_candidate|wet_track_candidate|safety_car_restart_candidate,False,no_further_action,,,,pre_review_feasibility,True,True,review_priority_only_pending_context_and_conduct_review
adjudication-seed-fia-2021-ita-d726c5d4355d-01,adj-1b5a174b1f09dff2,incident-src-1b5a174b1f09dff2,2,adjudication-seed-fia-2020-aut-61b974e38056-01,adj-f6450ff6c230f5e0,incident-src-f6450ff6c230f5e0,0.0,4,overlap_candidate|first_lap_candidate|wet_track_candidate|safety_car_restart_candidate,True,time_penalty,5,2,,pre_review_feasibility,True,False,review_priority_only_pending_context_and_conduct_review
adjudication-seed-fia-2021-ita-d726c5d4355d-01,adj-1b5a174b1f09dff2,incident-src-1b5a174b1f09dff2,3,adjudication-seed-fia-2021-ita-4c12fa91b10c-01,adj-e4fd8aefb1774911,incident-src-e4fd8aefb1774911,0.0,4,overlap_candidate|first_lap_candidate|wet_track_candidate|safety_car_restart_candidate,True,time_penalty,5,1,,pre_review_feasibility,True,False,review_priority_only_pending_context_and_conduct_review
adjudication-seed-fia-2021-ita-d726c5d4355d-01,adj-1b5a174b1f09dff2,incident-src-1b5a174b1f09dff2,4,adjudication-seed-fia-2019-aut-529bae08f480-01,adj-524c6675088fdc18,incident-src-524c6675088fdc18,0.1,4,overlap_candidate|first_lap_candidate|wet_track_candidate|safety_car_restart_candidate,False,no_further_action,,,,pre_review_feasibility,True,True,review_priority_only_pending_context_and_conduct_review
adjudication-seed-fia-2021-ita-d726c5d4355d-01,adj-1b5a174b1f09dff2,incident-src-1b5a174b1f09dff2,5,adjudication-seed-fia-2019-aut-f8011f674d7f-01,adj-a7a3ac083e4cb040,incident-src-a7a3ac083e4cb040,0.1,4,overlap_candidate|first_lap_candidate|wet_track_candidate|safety_car_restart_candidate,False,no_further_action,,,,pre_review_feasibility,True,True,review_priority_only_pending_context_and_conduct_review
adjudication-seed-fia-2021-rus-cc74bb905576-01,adj-a2fb74b22534188a,incident-src-a2fb74b22534188a,1,adjudication-seed-fia-2018-aze-1bbf84530187-01,adj-e467c6122d516580,incident-src-e467c6122d516580,0.0,3,first_lap_candidate|wet_track_candidate|safety_car_restart_candidate,True,reprimand,,,,pre_review_feasibility,True,False,review_priority_only_pending_context_and_conduct_review
adjudication-seed-fia-2021-rus-cc74bb905576-01,adj-a2fb74b22534188a,incident-src-a2fb74b22534188a,2,adjudication-seed-fia-2018-aze-94399ce60452-01,adj-fb216d7f0fbf8ff1,incident-src-fb216d7f0fbf8ff1,0.0,3,first_lap_candidate|wet_track_candidate|safety_car_restart_candidate,True,reprimand,,,,pre_review_feasibility,True,False,review_priority_only_pending_context_and_conduct_review
adjudication-seed-fia-2021-rus-cc74bb905576-01,adj-a2fb74b22534188a,incident-src-a2fb74b22534188a,3,adjudication-seed-fia-2018-aze-b6df36c282b7-01,adj-b5b3a795e56fb51d,incident-src-b5b3a795e56fb51d,0.0,3,first_lap_candidate|wet_track_candidate|safety_car_restart_candidate,True,time_penalty,10,2,,pre_review_feasibility,True,False,review_priority_only_pending_context_and_conduct_review
adjudication-seed-fia-2021-rus-cc74bb905576-01,adj-a2fb74b22534188a,incident-src-a2fb74b22534188a,4,adjudication-seed-fia-2018-bra-1cf7293f9bee-01,adj-39523131c9d9684d,incident-src-39523131c9d9684d,0.0,3,first_lap_candidate|wet_track_candidate|safety_car_restart_candidate,True,stop_go,,3,,pre_review_feasibility,True,False,review_priority_only_pending_context_and_conduct_review
adjudication-seed-fia-2021-rus-cc74bb905576-01,adj-a2fb74b22534188a,incident-src-a2fb74b22534188a,5,adjudication-seed-fia-2018-chn-ad3c0076d583-01,adj-171323b01c7fd2e4,incident-src-171323b01c7fd2e4,0.0,3,first_lap_candidate|wet_track_candidate|safety_car_restart_candidate,True,time_penalty,10,2,,pre_review_feasibility,True,False,review_priority_only_pending_context_and_conduct_review
adjudication-seed-fia-2021-sao-2a5ecda10fa1-01,adj-3036462c60f0a464,incident-src-3036462c60f0a464,1,adjudication-seed-fia-2019-bra-810d6e70c069-01,adj-7a979b9c5e405e83,incident-src-7a979b9c5e405e83,0.0,4,attacker_line_candidate|first_lap_candidate|wet_track_candidate|safety_car_restart_candidate,True,time_penalty,5,2,,pre_review_feasibility,True,False,review_priority_only_pending_context_and_conduct_review
adjudication-seed-fia-2021-sao-2a5ecda10fa1-01,adj-3036462c60f0a464,incident-src-3036462c60f0a464,2,adjudication-seed-fia-2019-mco-93dff725c78b-01,adj-76f534567702afe9,incident-src-76f534567702afe9,0.0,4,attacker_line_candidate|first_lap_candidate|wet_track_candidate|safety_car_restart_candidate,False,no_further_action,,,,pre_review_feasibility,True,True,review_priority_only_pending_context_and_conduct_review
adjudication-seed-fia-2021-sao-2a5ecda10fa1-01,adj-3036462c60f0a464,incident-src-3036462c60f0a464,3,adjudication-seed-fia-2019-mco-bf9eeec70400-01,adj-675739cef230a725,incident-src-675739cef230a725,0.0,4,attacker_line_candidate|first_lap_candidate|wet_track_candidate|safety_car_restart_candidate,False,no_further_action,,,,pre_review_feasibility,True,True,review_priority_only_pending_context_and_conduct_review
adjudication-seed-fia-2021-sao-2a5ecda10fa1-01,adj-3036462c60f0a464,incident-src-3036462c60f0a464,4,adjudication-seed-fia-2020-eif-3377de36ccd9-01,adj-cd5bc15f552b8092,incident-src-cd5bc15f552b8092,0.0,4,attacker_line_candidate|first_lap_candidate|wet_track_candidate|safety_car_restart_candidate,True,time_penalty,10,2,,pre_review_feasibility,True,False,review_priority_only_pending_context_and_conduct_review
adjudication-seed-fia-2021-sao-2a5ecda10fa1-01,adj-3036462c60f0a464,incident-src-3036462c60f0a464,5,adjudication-seed-fia-2020-gbr-319c8c2d52b9-01,adj-fcd4a7df5c2a7599,incident-src-fcd4a7df5c2a7599,0.0,4,attacker_line_candidate|first_lap_candidate|wet_track_candidate|safety_car_restart_candidate,True,time_penalty,5,2,,pre_review_feasibility,True,False,review_priority_only_pending_context_and_conduct_review
adjudication-seed-fia-2021-sau-0959688f5106-01,adj-02b95aa6fb08b86f,incident-src-02b95aa6fb08b86f,1,adjudication-seed-fia-2018-aze-1bbf84530187-01,adj-e467c6122d516580,incident-src-e467c6122d516580,0.0,3,first_lap_candidate|wet_track_candidate|safety_car_restart_candidate,True,reprimand,,,,pre_review_feasibility,True,False,review_priority_only_pending_context_and_conduct_review
adjudication-seed-fia-2021-sau-0959688f5106-01,adj-02b95aa6fb08b86f,incident-src-02b95aa6fb08b86f,2,adjudication-seed-fia-2018-aze-94399ce60452-01,adj-fb216d7f0fbf8ff1,incident-src-fb216d7f0fbf8ff1,0.0,3,first_lap_candidate|wet_track_candidate|safety_car_restart_candidate,True,reprimand,,,,pre_review_feasibility,True,False,review_priority_only_pending_context_and_conduct_review
adjudication-seed-fia-2021-sau-0959688f5106-01,adj-02b95aa6fb08b86f,incident-src-02b95aa6fb08b86f,3,adjudication-seed-fia-2018-aze-b6df36c282b7-01,adj-b5b3a795e56fb51d,incident-src-b5b3a795e56fb51d,0.0,3,first_lap_candidate|wet_track_candidate|safety_car_restart_candidate,True,time_penalty,10,2,,pre_review_feasibility,True,False,review_priority_only_pending_context_and_conduct_review
adjudication-seed-fia-2021-sau-0959688f5106-01,adj-02b95aa6fb08b86f,incident-src-02b95aa6fb08b86f,4,adjudication-seed-fia-2018-bra-1cf7293f9bee-01,adj-39523131c9d9684d,incident-src-39523131c9d9684d,0.0,3,first_lap_candidate|wet_track_candidate|safety_car_restart_candidate,True,stop_go,,3,,pre_review_feasibility,True,False,review_priority_only_pending_context_and_conduct_review
adjudication-seed-fia-2021-sau-0959688f5106-01,adj-02b95aa6fb08b86f,incident-src-02b95aa6fb08b86f,5,adjudication-seed-fia-2018-chn-ad3c0076d583-01,adj-171323b01c7fd2e4,incident-src-171323b01c7fd2e4,0.0,3,first_lap_candidate|wet_track_candidate|safety_car_restart_candidate,True,time_penalty,10,2,,pre_review_feasibility,True,False,review_priority_only_pending_context_and_conduct_review
adjudication-seed-fia-2021-sau-d305cebeff15-01,adj-f21c53526f851c56,incident-src-f21c53526f851c56,1,adjudication-seed-fia-2018-aze-1bbf84530187-01,adj-e467c6122d516580,incident-src-e467c6122d516580,0.0,3,first_lap_candidate|wet_track_candidate|safety_car_restart_candidate,True,reprimand,,,,pre_review_feasibility,False,True,review_priority_only_pending_context_and_conduct_review
adjudication-seed-fia-2021-sau-d305cebeff15-01,adj-f21c53526f851c56,incident-src-f21c53526f851c56,2,adjudication-seed-fia-2018-aze-94399ce60452-01,adj-fb216d7f0fbf8ff1,incident-src-fb216d7f0fbf8ff1,0.0,3,first_lap_candidate|wet_track_candidate|safety_car_restart_candidate,True,reprimand,,,,pre_review_feasibility,False,True,review_priority_only_pending_context_and_conduct_review
adjudication-seed-fia-2021-sau-d305cebeff15-01,adj-f21c53526f851c56,incident-src-f21c53526f851c56,3,adjudication-seed-fia-2018-aze-b6df36c282b7-01,adj-b5b3a795e56fb51d,incident-src-b5b3a795e56fb51d,0.0,3,first_lap_candidate|wet_track_candidate|safety_car_restart_candidate,True,time_penalty,10,2,,pre_review_feasibility,False,True,review_priority_only_pending_context_and_conduct_review
adjudication-seed-fia-2021-sau-d305cebeff15-01,adj-f21c53526f851c56,incident-src-f21c53526f851c56,4,adjudication-seed-fia-2018-bra-1cf7293f9bee-01,adj-39523131c9d9684d,incident-src-39523131c9d9684d,0.0,3,first_lap_candidate|wet_track_candidate|safety_car_restart_candidate,True,stop_go,,3,,pre_review_feasibility,False,True,review_priority_only_pending_context_and_conduct_review
adjudication-seed-fia-2021-sau-d305cebeff15-01,adj-f21c53526f851c56,incident-src-f21c53526f851c56,5,adjudication-seed-fia-2018-chn-ad3c0076d583-01,adj-171323b01c7fd2e4,incident-src-171323b01c7fd2e4,0.0,3,first_lap_candidate|wet_track_candidate|safety_car_restart_candidate,True,time_penalty,10,2,,pre_review_feasibility,False,True,review_priority_only_pending_context_and_conduct_review
adjudication-seed-fia-2021-sau-df60d44ca35e-01,adj-d7f3f0f646ff62ac,incident-src-d7f3f0f646ff62ac,1,adjudication-seed-fia-2018-aze-1bbf84530187-01,adj-e467c6122d516580,incident-src-e467c6122d516580,0.0,3,first_lap_candidate|wet_track_candidate|safety_car_restart_candidate,True,reprimand,,,,pre_review_feasibility,True,False,review_priority_only_pending_context_and_conduct_review
adjudication-seed-fia-2021-sau-df60d44ca35e-01,adj-d7f3f0f646ff62ac,incident-src-d7f3f0f646ff62ac,2,adjudication-seed-fia-2018-aze-94399ce60452-01,adj-fb216d7f0fbf8ff1,incident-src-fb216d7f0fbf8ff1,0.0,3,first_lap_candidate|wet_track_candidate|safety_car_restart_candidate,True,reprimand,,,,pre_review_feasibility,True,False,review_priority_only_pending_context_and_conduct_review
adjudication-seed-fia-2021-sau-df60d44ca35e-01,adj-d7f3f0f646ff62ac,incident-src-d7f3f0f646ff62ac,3,adjudication-seed-fia-2018-aze-b6df36c282b7-01,adj-b5b3a795e56fb51d,incident-src-b5b3a795e56fb51d,0.0,3,first_lap_candidate|wet_track_candidate|safety_car_restart_candidate,True,time_penalty,10,2,,pre_review_feasibility,True,False,review_priority_only_pending_context_and_conduct_review
adjudication-seed-fia-2021-sau-df60d44ca35e-01,adj-d7f3f0f646ff62ac,incident-src-d7f3f0f646ff62ac,4,adjudication-seed-fia-2018-bra-1cf7293f9bee-01,adj-39523131c9d9684d,incident-src-39523131c9d9684d,0.0,3,first_lap_candidate|wet_track_candidate|safety_car_restart_candidate,True,stop_go,,3,,pre_review_feasibility,True,False,review_priority_only_pending_context_and_conduct_review
adjudication-seed-fia-2021-sau-df60d44ca35e-01,adj-d7f3f0f646ff62ac,incident-src-d7f3f0f646ff62ac,5,adjudication-seed-fia-2018-chn-ad3c0076d583-01,adj-171323b01c7fd2e4,incident-src-171323b01c7fd2e4,0.0,3,first_lap_candidate|wet_track_candidate|safety_car_restart_candidate,True,time_penalty,10,2,,pre_review_feasibility,True,False,review_priority_only_pending_context_and_conduct_review
adjudication-seed-fia-2021-sau-e76c180b19e5-01,adj-d4ae4911fc1c3cf8,incident-src-d4ae4911fc1c3cf8,1,adjudication-seed-fia-2018-abu-18bc30990ea3-01,adj-b68335d3407c00bc,incident-src-b68335d3407c00bc,0.0,3,first_lap_candidate|wet_track_candidate|safety_car_restart_candidate,True,time_penalty,5,1,,pre_review_feasibility,True,False,review_priority_only_pending_context_and_conduct_review
adjudication-seed-fia-2021-sau-e76c180b19e5-01,adj-d4ae4911fc1c3cf8,incident-src-d4ae4911fc1c3cf8,2,adjudication-seed-fia-2018-abu-754824eaae10-01,adj-58eaa3eee308cb80,incident-src-58eaa3eee308cb80,0.0,3,first_lap_candidate|wet_track_candidate|safety_car_restart_candidate,True,time_penalty,5,1,,pre_review_feasibility,True,False,review_priority_only_pending_context_and_conduct_review
adjudication-seed-fia-2021-sau-e76c180b19e5-01,adj-d4ae4911fc1c3cf8,incident-src-d4ae4911fc1c3cf8,3,adjudication-seed-fia-2018-abu-ba74bbf1e4a2-01,adj-e83d46d8daf5ec73,incident-src-e83d46d8daf5ec73,0.0,3,first_lap_candidate|wet_track_candidate|safety_car_restart_candidate,True,time_penalty,5,1,,pre_review_feasibility,True,False,review_priority_only_pending_context_and_conduct_review
adjudication-seed-fia-2021-sau-e76c180b19e5-01,adj-d4ae4911fc1c3cf8,incident-src-d4ae4911fc1c3cf8,4,adjudication-seed-fia-2018-abu-e3bd8959c0f4-01,adj-9a44d3fc12f61d17,incident-src-9a44d3fc12f61d17,0.0,3,first_lap_candidate|wet_track_candidate|safety_car_restart_candidate,True,time_penalty,5,1,,pre_review_feasibility,True,False,review_priority_only_pending_context_and_conduct_review
adjudication-seed-fia-2021-sau-e76c180b19e5-01,adj-d4ae4911fc1c3cf8,incident-src-d4ae4911fc1c3cf8,5,adjudication-seed-fia-2018-aut-6376daf466a5-01,adj-b25c86494efcda3c,incident-src-b25c86494efcda3c,0.0,3,first_lap_candidate|wet_track_candidate|safety_car_restart_candidate,False,no_further_action,,,,pre_review_feasibility,True,True,review_priority_only_pending_context_and_conduct_review
adjudication-seed-fia-2021-tur-8316f5ba45fb-01,adj-2c5dc6cc5a2cbef7,incident-src-2c5dc6cc5a2cbef7,1,adjudication-seed-fia-2018-aze-1bbf84530187-01,adj-e467c6122d516580,incident-src-e467c6122d516580,0.0,3,first_lap_candidate|wet_track_candidate|safety_car_restart_candidate,True,reprimand,,,,pre_review_feasibility,True,False,review_priority_only_pending_context_and_conduct_review
adjudication-seed-fia-2021-tur-8316f5ba45fb-01,adj-2c5dc6cc5a2cbef7,incident-src-2c5dc6cc5a2cbef7,2,adjudication-seed-fia-2018-aze-94399ce60452-01,adj-fb216d7f0fbf8ff1,incident-src-fb216d7f0fbf8ff1,0.0,3,first_lap_candidate|wet_track_candidate|safety_car_restart_candidate,True,reprimand,,,,pre_review_feasibility,True,False,review_priority_only_pending_context_and_conduct_review
adjudication-seed-fia-2021-tur-8316f5ba45fb-01,adj-2c5dc6cc5a2cbef7,incident-src-2c5dc6cc5a2cbef7,3,adjudication-seed-fia-2018-aze-b6df36c282b7-01,adj-b5b3a795e56fb51d,incident-src-b5b3a795e56fb51d,0.0,3,first_lap_candidate|wet_track_candidate|safety_car_restart_candidate,True,time_penalty,10,2,,pre_review_feasibility,True,False,review_priority_only_pending_context_and_conduct_review
adjudication-seed-fia-2021-tur-8316f5ba45fb-01,adj-2c5dc6cc5a2cbef7,incident-src-2c5dc6cc5a2cbef7,4,adjudication-seed-fia-2018-bra-1cf7293f9bee-01,adj-39523131c9d9684d,incident-src-39523131c9d9684d,0.0,3,first_lap_candidate|wet_track_candidate|safety_car_restart_candidate,True,stop_go,,3,,pre_review_feasibility,True,False,review_priority_only_pending_context_and_conduct_review
adjudication-seed-fia-2021-tur-8316f5ba45fb-01,adj-2c5dc6cc5a2cbef7,incident-src-2c5dc6cc5a2cbef7,5,adjudication-seed-fia-2018-chn-ad3c0076d583-01,adj-171323b01c7fd2e4,incident-src-171323b01c7fd2e4,0.0,3,first_lap_candidate|wet_track_candidate|safety_car_restart_candidate,True,time_penalty,10,2,,pre_review_feasibility,True,False,review_priority_only_pending_context_and_conduct_review
adjudication-seed-fia-2021-tur-93d16b7d94df-01,adj-b778b990971d2a47,incident-src-b778b990971d2a47,1,adjudication-seed-fia-2018-abu-b67f80da207e-01,adj-2082537af6db5e25,incident-src-2082537af6db5e25,0.125,3,first_lap_candidate|wet_track_candidate|safety_car_restart_candidate,False,no_further_action,,,,pre_review_feasibility,True,True,review_priority_only_pending_context_and_conduct_review
adjudication-seed-fia-2021-tur-93d16b7d94df-01,adj-b778b990971d2a47,incident-src-b778b990971d2a47,2,adjudication-seed-fia-2018-aze-23f8b0b5b715-01,adj-cbb36a04e5932d9a,incident-src-cbb36a04e5932d9a,0.125,3,first_lap_candidate|wet_track_candidate|safety_car_restart_candidate,True,time_penalty,10,2,,pre_review_feasibility,True,False,review_priority_only_pending_context_and_conduct_review
adjudication-seed-fia-2021-tur-93d16b7d94df-01,adj-b778b990971d2a47,incident-src-b778b990971d2a47,3,adjudication-seed-fia-2018-aze-4fbe7e105140-01,adj-915feddd8ae6b043,incident-src-915feddd8ae6b043,0.125,3,first_lap_candidate|wet_track_candidate|safety_car_restart_candidate,True,grid_penalty,,2,3,pre_review_feasibility,True,False,review_priority_only_pending_context_and_conduct_review
adjudication-seed-fia-2021-tur-93d16b7d94df-01,adj-b778b990971d2a47,incident-src-b778b990971d2a47,4,adjudication-seed-fia-2018-bel-5f9336c3c23e-01,adj-dad7e6d1095a4d05,incident-src-dad7e6d1095a4d05,0.125,3,first_lap_candidate|wet_track_candidate|safety_car_restart_candidate,True,time_penalty,5,2,,pre_review_feasibility,True,False,review_priority_only_pending_context_and_conduct_review
adjudication-seed-fia-2021-tur-93d16b7d94df-01,adj-b778b990971d2a47,incident-src-b778b990971d2a47,5,adjudication-seed-fia-2018-bel-6346000a9777-01,adj-f2430a8dcab51295,incident-src-f2430a8dcab51295,0.125,3,first_lap_candidate|wet_track_candidate|safety_car_restart_candidate,True,grid_penalty,,3,10,pre_review_feasibility,True,False,review_priority_only_pending_context_and_conduct_review
adjudication-seed-fia-2022-abu-6afd5d82f378-01,adj-5c847c13b64952f6,incident-src-5c847c13b64952f6,1,adjudication-seed-fia-2022-fra-5b00af9baee5-01,adj-895a772a98e8bd31,incident-src-895a772a98e8bd31,0.0,3,first_lap_candidate|wet_track_candidate|safety_car_restart_candidate,True,time_penalty,5,2,,pre_review_feasibility,True,False,review_priority_only_pending_context_and_conduct_review
adjudication-seed-fia-2022-abu-6afd5d82f378-01,adj-5c847c13b64952f6,incident-src-5c847c13b64952f6,2,adjudication-seed-fia-2022-gbr-81e6a9badf51-01,adj-2f0e84f6cc910eed,incident-src-2f0e84f6cc910eed,0.0,3,first_lap_candidate|wet_track_candidate|safety_car_restart_candidate,True,time_penalty,5,2,,pre_review_feasibility,True,False,review_priority_only_pending_context_and_conduct_review
adjudication-seed-fia-2022-abu-6afd5d82f378-01,adj-5c847c13b64952f6,incident-src-5c847c13b64952f6,3,adjudication-seed-fia-2022-mex-9975b4f5dd0e-01,adj-2642da4344825f6e,incident-src-2642da4344825f6e,0.0,3,first_lap_candidate|wet_track_candidate|safety_car_restart_candidate,True,time_penalty,10,2,,pre_review_feasibility,True,False,review_priority_only_pending_context_and_conduct_review
adjudication-seed-fia-2022-abu-6afd5d82f378-01,adj-5c847c13b64952f6,incident-src-5c847c13b64952f6,4,adjudication-seed-fia-2022-mia-200cbc833915-01,adj-28c62e2652e40363,incident-src-28c62e2652e40363,0.0,3,first_lap_candidate|wet_track_candidate|safety_car_restart_candidate,False,no_further_action,,,,pre_review_feasibility,True,True,review_priority_only_pending_context_and_conduct_review
adjudication-seed-fia-2022-abu-6afd5d82f378-01,adj-5c847c13b64952f6,incident-src-5c847c13b64952f6,5,adjudication-seed-fia-2022-mia-2f9a772ddfb1-01,adj-d7bbf8b8f5834a44,incident-src-d7bbf8b8f5834a44,0.0,3,first_lap_candidate|wet_track_candidate|safety_car_restart_candidate,False,no_further_action,,,,pre_review_feasibility,True,True,review_priority_only_pending_context_and_conduct_review
adjudication-seed-fia-2022-aus-49ed71794697-01,adj-e9708326fa11c315,incident-src-e9708326fa11c315,1,adjudication-seed-fia-2022-can-cf2e6248bf5e-01,adj-ce81011ac9b394b9,incident-src-ce81011ac9b394b9,0.125,3,first_lap_candidate|wet_track_candidate|safety_car_restart_candidate,True,time_penalty,5,1,,pre_review_feasibility,True,False,review_priority_only_pending_context_and_conduct_review
adjudication-seed-fia-2022-aus-60118fcf81d1-01,adj-752796dd8601031a,incident-src-752796dd8601031a,1,adjudication-seed-fia-2022-bhr-3f720bfded90-01,adj-005169f6535a0e91,incident-src-005169f6535a0e91,0.0,4,overlap_candidate|first_lap_candidate|wet_track_candidate|safety_car_restart_candidate,False,no_further_action,,,,pre_review_feasibility,False,False,review_priority_only_pending_context_and_conduct_review
adjudication-seed-fia-2022-aus-60118fcf81d1-01,adj-752796dd8601031a,incident-src-752796dd8601031a,2,adjudication-seed-fia-2024-chn-4196fcc2964f-01,adj-d73632383a18fd68,incident-src-d73632383a18fd68,0.0,4,overlap_candidate|first_lap_candidate|wet_track_candidate|safety_car_restart_candidate,False,no_further_action,,,,pre_review_feasibility,False,False,review_priority_only_pending_context_and_conduct_review
adjudication-seed-fia-2022-aus-60118fcf81d1-01,adj-752796dd8601031a,incident-src-752796dd8601031a,3,adjudication-seed-fia-2024-chn-b693963070bc-01,adj-f8191026c986c048,incident-src-f8191026c986c048,0.0,4,overlap_candidate|first_lap_candidate|wet_track_candidate|safety_car_restart_candidate,False,no_further_action,,,,pre_review_feasibility,False,False,review_priority_only_pending_context_and_conduct_review
adjudication-seed-fia-2022-aus-60118fcf81d1-01,adj-752796dd8601031a,incident-src-752796dd8601031a,4,adjudication-seed-fia-2024-mex-11839f036c68-01,adj-90ff433e4a6ee78a,incident-src-90ff433e4a6ee78a,0.1,4,overlap_candidate|first_lap_candidate|wet_track_candidate|safety_car_restart_candidate,False,no_further_action,,,,pre_review_feasibility,False,False,review_priority_only_pending_context_and_conduct_review
adjudication-seed-fia-2022-aus-60118fcf81d1-01,adj-752796dd8601031a,incident-src-752796dd8601031a,5,adjudication-seed-fia-2023-esp-d60c194c8ff7-01,adj-b762034ba93ba8b3,incident-src-b762034ba93ba8b3,0.125,3,first_lap_candidate|wet_track_candidate|safety_car_restart_candidate,True,time_penalty,5,1,,pre_review_feasibility,False,True,review_priority_only_pending_context_and_conduct_review
adjudication-seed-fia-2022-aut-0b612be0b626-01,adj-ea983bef6c710033,incident-src-ea983bef6c710033,1,adjudication-seed-fia-2022-esp-9eba7bd2599a-01,adj-b1443a946b9a7bc7,incident-src-b1443a946b9a7bc7,0.0,5,attacker_line_candidate|overlap_candidate|first_lap_candidate|wet_track_candidate|safety_car_restart_candidate,True,time_penalty,5,2,,pre_review_feasibility,True,False,review_priority_only_pending_context_and_conduct_review
adjudication-seed-fia-2022-aut-0b612be0b626-01,adj-ea983bef6c710033,incident-src-ea983bef6c710033,2,adjudication-seed-fia-2023-jpn-ce0c4d6ce752-01,adj-ac7b841c1ea1648e,incident-src-ac7b841c1ea1648e,0.0,5,attacker_line_candidate|overlap_candidate|first_lap_candidate|wet_track_candidate|safety_car_restart_candidate,True,time_penalty,5,2,,pre_review_feasibility,True,False,review_priority_only_pending_context_and_conduct_review
adjudication-seed-fia-2022-aut-0b612be0b626-01,adj-ea983bef6c710033,incident-src-ea983bef6c710033,3,adjudication-seed-fia-2024-can-2d45bb0945a9-01,adj-08975f5bf7e53df4,incident-group-1f0e1655ef842f90,0.0,5,attacker_line_candidate|overlap_candidate|first_lap_candidate|wet_track_candidate|safety_car_restart_candidate,False,no_further_action,,,,pre_review_feasibility,True,True,review_priority_only_pending_context_and_conduct_review
adjudication-seed-fia-2022-aut-0b612be0b626-01,adj-ea983bef6c710033,incident-src-ea983bef6c710033,4,adjudication-seed-fia-2024-can-546aad3f9319-01,adj-d710238ee5f893bf,incident-group-1f0e1655ef842f90,0.0,5,attacker_line_candidate|overlap_candidate|first_lap_candidate|wet_track_candidate|safety_car_restart_candidate,False,no_further_action,,,,pre_review_feasibility,True,True,review_priority_only_pending_context_and_conduct_review
adjudication-seed-fia-2022-aut-0b612be0b626-01,adj-ea983bef6c710033,incident-src-ea983bef6c710033,5,adjudication-seed-fia-2024-mex-c52d53ba8a48-01,adj-c66b11904508fc88,incident-src-c66b11904508fc88,0.0,5,attacker_line_candidate|overlap_candidate|first_lap_candidate|wet_track_candidate|safety_car_restart_candidate,True,time_penalty,10,2,,pre_review_feasibility,True,False,review_priority_only_pending_context_and_conduct_review
adjudication-seed-fia-2022-aut-116bb7866055-01,adj-4336ab73c4471912,incident-src-4336ab73c4471912,1,adjudication-seed-fia-2024-jpn-9cf103b985c9-01,adj-7a872dc58411ce68,incident-src-7a872dc58411ce68,0.1,4,attacker_line_candidate|first_lap_candidate|wet_track_candidate|safety_car_restart_candidate,False,no_further_action,,,,pre_review_feasibility,True,True,review_priority_only_pending_context_and_conduct_review
adjudication-seed-fia-2022-aut-116bb7866055-01,adj-4336ab73c4471912,incident-src-4336ab73c4471912,2,adjudication-seed-fia-2022-aut-0b612be0b626-01,adj-ea983bef6c710033,incident-src-ea983bef6c710033,0.2,5,attacker_line_candidate|overlap_candidate|first_lap_candidate|wet_track_candidate|safety_car_restart_candidate,True,time_penalty,5,2,,pre_review_feasibility,True,False,review_priority_only_pending_context_and_conduct_review
adjudication-seed-fia-2022-aut-116bb7866055-01,adj-4336ab73c4471912,incident-src-4336ab73c4471912,3,adjudication-seed-fia-2022-esp-9eba7bd2599a-01,adj-b1443a946b9a7bc7,incident-src-b1443a946b9a7bc7,0.2,5,attacker_line_candidate|overlap_candidate|first_lap_candidate|wet_track_candidate|safety_car_restart_candidate,True,time_penalty,5,2,,pre_review_feasibility,True,False,review_priority_only_pending_context_and_conduct_review
adjudication-seed-fia-2022-aut-116bb7866055-01,adj-4336ab73c4471912,incident-src-4336ab73c4471912,4,adjudication-seed-fia-2023-jpn-ce0c4d6ce752-01,adj-ac7b841c1ea1648e,incident-src-ac7b841c1ea1648e,0.2,5,attacker_line_candidate|overlap_candidate|first_lap_candidate|wet_track_candidate|safety_car_restart_candidate,True,time_penalty,5,2,,pre_review_feasibility,True,False,review_priority_only_pending_context_and_conduct_review
adjudication-seed-fia-2022-aut-116bb7866055-01,adj-4336ab73c4471912,incident-src-4336ab73c4471912,5,adjudication-seed-fia-2024-abu-4ec5bc83f9fa-01,adj-8ca9eb32832537c5,incident-src-8ca9eb32832537c5,0.2,5,attacker_line_candidate|overlap_candidate|first_lap_candidate|wet_track_candidate|safety_car_restart_candidate,True,time_penalty,10,2,,pre_review_feasibility,True,False,review_priority_only_pending_context_and_conduct_review
adjudication-seed-fia-2022-aut-ab1a77f87104-01,adj-543da3861599debe,incident-src-543da3861599debe,1,adjudication-seed-fia-2023-usa-cf78524f4683-01,adj-b34bfbde37e56841,incident-src-b34bfbde37e56841,0.1,4,overlap_candidate|first_lap_candidate|wet_track_candidate|safety_car_restart_candidate,False,no_further_action,,,,pre_review_feasibility,True,True,review_priority_only_pending_context_and_conduct_review
adjudication-seed-fia-2022-aut-ab1a77f87104-01,adj-543da3861599debe,incident-src-543da3861599debe,2,adjudication-seed-fia-2022-sao-002711fb5ae0-01,adj-a3a7fbd881640e16,incident-src-a3a7fbd881640e16,0.2,3,first_lap_candidate|wet_track_candidate|safety_car_restart_candidate,True,time_penalty,10,3,,pre_review_feasibility,True,False,review_priority_only_pending_context_and_conduct_review
adjudication-seed-fia-2022-aut-ab1a77f87104-01,adj-543da3861599debe,incident-src-543da3861599debe,3,adjudication-seed-fia-2024-aut-1386e9236666-01,adj-f388f903abd92138,incident-src-f388f903abd92138,0.2,3,first_lap_candidate|wet_track_candidate|safety_car_restart_candidate,True,time_penalty,10,2,,pre_review_feasibility,True,False,review_priority_only_pending_context_and_conduct_review
adjudication-seed-fia-2022-aut-ab1a77f87104-01,adj-543da3861599debe,incident-src-543da3861599debe,4,adjudication-seed-fia-2024-usa-4828e63a6c32-01,adj-649fecee52ee4f6f,incident-src-649fecee52ee4f6f,0.3,4,attacker_line_candidate|first_lap_candidate|wet_track_candidate|safety_car_restart_candidate,True,time_penalty,5,,,pre_review_feasibility,True,False,review_priority_only_pending_context_and_conduct_review
adjudication-seed-fia-2022-bel-dac27d1c3f36-01,adj-6f98ef40918eece1,incident-src-6f98ef40918eece1,1,adjudication-seed-fia-2023-mco-4b0df1c86e92-01,adj-dddf2d8d47ab0fc0,incident-src-dddf2d8d47ab0fc0,0.0,4,attacker_line_candidate|first_lap_candidate|wet_track_candidate|safety_car_restart_candidate,True,time_penalty,5,2,,pre_review_feasibility,False,True,review_priority_only_pending_context_and_conduct_review
adjudication-seed-fia-2022-bel-dac27d1c3f36-01,adj-6f98ef40918eece1,incident-src-6f98ef40918eece1,2,adjudication-seed-fia-2024-abu-62aed0693198-01,adj-5b76f9299c3d25a5,incident-src-5b76f9299c3d25a5,0.0,4,attacker_line_candidate|first_lap_candidate|wet_track_candidate|safety_car_restart_candidate,True,time_penalty,10,2,,pre_review_feasibility,False,True,review_priority_only_pending_context_and_conduct_review
adjudication-seed-fia-2022-bel-dac27d1c3f36-01,adj-6f98ef40918eece1,incident-src-6f98ef40918eece1,3,adjudication-seed-fia-2024-abu-4ec5bc83f9fa-01,adj-8ca9eb32832537c5,incident-src-8ca9eb32832537c5,0.1,4,attacker_line_candidate|first_lap_candidate|wet_track_candidate|safety_car_restart_candidate,True,time_penalty,10,2,,pre_review_feasibility,False,True,review_priority_only_pending_context_and_conduct_review
adjudication-seed-fia-2022-bel-dac27d1c3f36-01,adj-6f98ef40918eece1,incident-src-6f98ef40918eece1,4,adjudication-seed-fia-2022-bhr-139703df6539-01,adj-f0d0f579c2d29f95,incident-src-f0d0f579c2d29f95,0.125,3,first_lap_candidate|wet_track_candidate|safety_car_restart_candidate,True,time_penalty,5,2,,pre_review_feasibility,False,True,review_priority_only_pending_context_and_conduct_review
adjudication-seed-fia-2022-bel-dac27d1c3f36-01,adj-6f98ef40918eece1,incident-src-6f98ef40918eece1,5,adjudication-seed-fia-2022-sao-b61d2a302ed0-01,adj-3700ca1e1401e213,incident-src-3700ca1e1401e213,0.125,3,first_lap_candidate|wet_track_candidate|safety_car_restart_candidate,True,grid_penalty,,2,3,pre_review_feasibility,False,True,review_priority_only_pending_context_and_conduct_review
adjudication-seed-fia-2022-bhr-139703df6539-01,adj-f0d0f579c2d29f95,incident-src-f0d0f579c2d29f95,1,adjudication-seed-fia-2022-sao-b61d2a302ed0-01,adj-3700ca1e1401e213,incident-src-3700ca1e1401e213,0.0,3,first_lap_candidate|wet_track_candidate|safety_car_restart_candidate,True,grid_penalty,,2,3,pre_review_feasibility,True,False,review_priority_only_pending_context_and_conduct_review
adjudication-seed-fia-2022-bhr-139703df6539-01,adj-f0d0f579c2d29f95,incident-src-f0d0f579c2d29f95,2,adjudication-seed-fia-2022-sgp-43a8ea523d85-01,adj-f74ed9090eea7d2d,incident-src-f74ed9090eea7d2d,0.0,3,first_lap_candidate|wet_track_candidate|safety_car_restart_candidate,False,no_further_action,,,,pre_review_feasibility,True,True,review_priority_only_pending_context_and_conduct_review
adjudication-seed-fia-2022-bhr-139703df6539-01,adj-f0d0f579c2d29f95,incident-src-f0d0f579c2d29f95,3,adjudication-seed-fia-2022-usa-77995d83458f-01,adj-9c5057e738e04730,incident-src-9c5057e738e04730,0.0,3,first_lap_candidate|wet_track_candidate|safety_car_restart_candidate,True,time_penalty,5,2,,pre_review_feasibility,True,False,review_priority_only_pending_context_and_conduct_review
adjudication-seed-fia-2022-bhr-139703df6539-01,adj-f0d0f579c2d29f95,incident-src-f0d0f579c2d29f95,4,adjudication-seed-fia-2023-aus-0144b2323236-01,adj-3ccb9c1bd9cedb01,incident-group-fba25307a3d5ad50,0.0,3,first_lap_candidate|wet_track_candidate|safety_car_restart_candidate,False,no_further_action,,,,pre_review_feasibility,True,True,review_priority_only_pending_context_and_conduct_review
adjudication-seed-fia-2022-bhr-139703df6539-01,adj-f0d0f579c2d29f95,incident-src-f0d0f579c2d29f95,5,adjudication-seed-fia-2023-aus-039df3ca41c2-01,adj-844c3eb0fcd476be,incident-src-844c3eb0fcd476be,0.0,3,first_lap_candidate|wet_track_candidate|safety_car_restart_candidate,True,time_penalty,5,2,,pre_review_feasibility,True,False,review_priority_only_pending_context_and_conduct_review
adjudication-seed-fia-2022-bhr-3f720bfded90-01,adj-005169f6535a0e91,incident-src-005169f6535a0e91,1,adjudication-seed-fia-2022-aus-60118fcf81d1-01,adj-752796dd8601031a,incident-src-752796dd8601031a,0.0,4,overlap_candidate|first_lap_candidate|wet_track_candidate|safety_car_restart_candidate,False,no_further_action,,,,pre_review_feasibility,False,False,review_priority_only_pending_context_and_conduct_review
adjudication-seed-fia-2022-bhr-3f720bfded90-01,adj-005169f6535a0e91,incident-src-005169f6535a0e91,2,adjudication-seed-fia-2024-chn-4196fcc2964f-01,adj-d73632383a18fd68,incident-src-d73632383a18fd68,0.0,4,overlap_candidate|first_lap_candidate|wet_track_candidate|safety_car_restart_candidate,False,no_further_action,,,,pre_review_feasibility,False,False,review_priority_only_pending_context_and_conduct_review
adjudication-seed-fia-2022-bhr-3f720bfded90-01,adj-005169f6535a0e91,incident-src-005169f6535a0e91,3,adjudication-seed-fia-2024-chn-b693963070bc-01,adj-f8191026c986c048,incident-src-f8191026c986c048,0.0,4,overlap_candidate|first_lap_candidate|wet_track_candidate|safety_car_restart_candidate,False,no_further_action,,,,pre_review_feasibility,False,False,review_priority_only_pending_context_and_conduct_review
adjudication-seed-fia-2022-bhr-3f720bfded90-01,adj-005169f6535a0e91,incident-src-005169f6535a0e91,4,adjudication-seed-fia-2024-mex-11839f036c68-01,adj-90ff433e4a6ee78a,incident-src-90ff433e4a6ee78a,0.1,4,overlap_candidate|first_lap_candidate|wet_track_candidate|safety_car_restart_candidate,False,no_further_action,,,,pre_review_feasibility,False,False,review_priority_only_pending_context_and_conduct_review
adjudication-seed-fia-2022-bhr-3f720bfded90-01,adj-005169f6535a0e91,incident-src-005169f6535a0e91,5,adjudication-seed-fia-2023-esp-d60c194c8ff7-01,adj-b762034ba93ba8b3,incident-src-b762034ba93ba8b3,0.125,3,first_lap_candidate|wet_track_candidate|safety_car_restart_candidate,True,time_penalty,5,1,,pre_review_feasibility,False,True,review_priority_only_pending_context_and_conduct_review
adjudication-seed-fia-2022-can-cf2e6248bf5e-01,adj-ce81011ac9b394b9,incident-src-ce81011ac9b394b9,1,adjudication-seed-fia-2022-aus-49ed71794697-01,adj-e9708326fa11c315,incident-src-e9708326fa11c315,0.125,3,first_lap_candidate|wet_track_candidate|safety_car_restart_candidate,True,time_penalty,5,1,,pre_review_feasibility,True,False,review_priority_only_pending_context_and_conduct_review
adjudication-seed-fia-2022-esp-9eba7bd2599a-01,adj-b1443a946b9a7bc7,incident-src-b1443a946b9a7bc7,1,adjudication-seed-fia-2022-aut-0b612be0b626-01,adj-ea983bef6c710033,incident-src-ea983bef6c710033,0.0,5,attacker_line_candidate|overlap_candidate|first_lap_candidate|wet_track_candidate|safety_car_restart_candidate,True,time_penalty,5,2,,pre_review_feasibility,True,False,review_priority_only_pending_context_and_conduct_review
adjudication-seed-fia-2022-esp-9eba7bd2599a-01,adj-b1443a946b9a7bc7,incident-src-b1443a946b9a7bc7,2,adjudication-seed-fia-2023-jpn-ce0c4d6ce752-01,adj-ac7b841c1ea1648e,incident-src-ac7b841c1ea1648e,0.0,5,attacker_line_candidate|overlap_candidate|first_lap_candidate|wet_track_candidate|safety_car_restart_candidate,True,time_penalty,5,2,,pre_review_feasibility,True,False,review_priority_only_pending_context_and_conduct_review
adjudication-seed-fia-2022-esp-9eba7bd2599a-01,adj-b1443a946b9a7bc7,incident-src-b1443a946b9a7bc7,3,adjudication-seed-fia-2024-can-2d45bb0945a9-01,adj-08975f5bf7e53df4,incident-group-1f0e1655ef842f90,0.0,5,attacker_line_candidate|overlap_candidate|first_lap_candidate|wet_track_candidate|safety_car_restart_candidate,False,no_further_action,,,,pre_review_feasibility,True,True,review_priority_only_pending_context_and_conduct_review
adjudication-seed-fia-2022-esp-9eba7bd2599a-01,adj-b1443a946b9a7bc7,incident-src-b1443a946b9a7bc7,4,adjudication-seed-fia-2024-can-546aad3f9319-01,adj-d710238ee5f893bf,incident-group-1f0e1655ef842f90,0.0,5,attacker_line_candidate|overlap_candidate|first_lap_candidate|wet_track_candidate|safety_car_restart_candidate,False,no_further_action,,,,pre_review_feasibility,True,True,review_priority_only_pending_context_and_conduct_review
adjudication-seed-fia-2022-esp-9eba7bd2599a-01,adj-b1443a946b9a7bc7,incident-src-b1443a946b9a7bc7,5,adjudication-seed-fia-2024-mex-c52d53ba8a48-01,adj-c66b11904508fc88,incident-src-c66b11904508fc88,0.0,5,attacker_line_candidate|overlap_candidate|first_lap_candidate|wet_track_candidate|safety_car_restart_candidate,True,time_penalty,10,2,,pre_review_feasibility,True,False,review_priority_only_pending_context_and_conduct_review
adjudication-seed-fia-2022-fra-21ed142c13a0-01,adj-7d3d410e6a4ba360,incident-src-7d3d410e6a4ba360,1,adjudication-seed-fia-2022-hun-3dec8ba58233-01,adj-4a51b4c5ae3b893d,incident-src-4a51b4c5ae3b893d,0.0,4,attacker_line_candidate|first_lap_candidate|wet_track_candidate|safety_car_restart_candidate,True,time_penalty,5,2,,pre_review_feasibility,True,False,review_priority_only_pending_context_and_conduct_review
adjudication-seed-fia-2022-fra-21ed142c13a0-01,adj-7d3d410e6a4ba360,incident-src-7d3d410e6a4ba360,2,adjudication-seed-fia-2022-sao-912114518455-01,adj-40c4f3d12c15506c,incident-src-40c4f3d12c15506c,0.0,4,attacker_line_candidate|first_lap_candidate|wet_track_candidate|safety_car_restart_candidate,True,time_penalty,5,2,,pre_review_feasibility,True,False,review_priority_only_pending_context_and_conduct_review
adjudication-seed-fia-2022-fra-21ed142c13a0-01,adj-7d3d410e6a4ba360,incident-src-7d3d410e6a4ba360,3,adjudication-seed-fia-2022-aut-0b612be0b626-01,adj-ea983bef6c710033,incident-src-ea983bef6c710033,0.1,4,attacker_line_candidate|first_lap_candidate|wet_track_candidate|safety_car_restart_candidate,True,time_penalty,5,2,,pre_review_feasibility,True,False,review_priority_only_pending_context_and_conduct_review
adjudication-seed-fia-2022-fra-21ed142c13a0-01,adj-7d3d410e6a4ba360,incident-src-7d3d410e6a4ba360,4,adjudication-seed-fia-2022-esp-9eba7bd2599a-01,adj-b1443a946b9a7bc7,incident-src-b1443a946b9a7bc7,0.1,4,attacker_line_candidate|first_lap_candidate|wet_track_candidate|safety_car_restart_candidate,True,time_penalty,5,2,,pre_review_feasibility,True,False,review_priority_only_pending_context_and_conduct_review
adjudication-seed-fia-2022-fra-21ed142c13a0-01,adj-7d3d410e6a4ba360,incident-src-7d3d410e6a4ba360,5,adjudication-seed-fia-2023-jpn-ce0c4d6ce752-01,adj-ac7b841c1ea1648e,incident-src-ac7b841c1ea1648e,0.1,4,attacker_line_candidate|first_lap_candidate|wet_track_candidate|safety_car_restart_candidate,True,time_penalty,5,2,,pre_review_feasibility,True,False,review_priority_only_pending_context_and_conduct_review
adjudication-seed-fia-2022-fra-5b00af9baee5-01,adj-895a772a98e8bd31,incident-src-895a772a98e8bd31,1,adjudication-seed-fia-2022-abu-6afd5d82f378-01,adj-5c847c13b64952f6,incident-src-5c847c13b64952f6,0.0,3,first_lap_candidate|wet_track_candidate|safety_car_restart_candidate,True,time_penalty,5,2,,pre_review_feasibility,True,False,review_priority_only_pending_context_and_conduct_review
adjudication-seed-fia-2022-fra-5b00af9baee5-01,adj-895a772a98e8bd31,incident-src-895a772a98e8bd31,2,adjudication-seed-fia-2022-gbr-81e6a9badf51-01,adj-2f0e84f6cc910eed,incident-src-2f0e84f6cc910eed,0.0,3,first_lap_candidate|wet_track_candidate|safety_car_restart_candidate,True,time_penalty,5,2,,pre_review_feasibility,True,False,review_priority_only_pending_context_and_conduct_review
adjudication-seed-fia-2022-fra-5b00af9baee5-01,adj-895a772a98e8bd31,incident-src-895a772a98e8bd31,3,adjudication-seed-fia-2022-mex-9975b4f5dd0e-01,adj-2642da4344825f6e,incident-src-2642da4344825f6e,0.0,3,first_lap_candidate|wet_track_candidate|safety_car_restart_candidate,True,time_penalty,10,2,,pre_review_feasibility,True,False,review_priority_only_pending_context_and_conduct_review
adjudication-seed-fia-2022-fra-5b00af9baee5-01,adj-895a772a98e8bd31,incident-src-895a772a98e8bd31,4,adjudication-seed-fia-2022-mia-200cbc833915-01,adj-28c62e2652e40363,incident-src-28c62e2652e40363,0.0,3,first_lap_candidate|wet_track_candidate|safety_car_restart_candidate,False,no_further_action,,,,pre_review_feasibility,True,True,review_priority_only_pending_context_and_conduct_review
adjudication-seed-fia-2022-fra-5b00af9baee5-01,adj-895a772a98e8bd31,incident-src-895a772a98e8bd31,5,adjudication-seed-fia-2022-mia-2f9a772ddfb1-01,adj-d7bbf8b8f5834a44,incident-src-d7bbf8b8f5834a44,0.0,3,first_lap_candidate|wet_track_candidate|safety_car_restart_candidate,False,no_further_action,,,,pre_review_feasibility,True,True,review_priority_only_pending_context_and_conduct_review
adjudication-seed-fia-2022-fra-832a818ac903-01,adj-91bd2176be4c7ceb,incident-group-57d76c19243d2b20,1,adjudication-seed-fia-2023-ned-26a60af9f412-01,adj-43692d4605090feb,incident-src-43692d4605090feb,0.0,4,attacker_line_candidate|first_lap_candidate|wet_track_candidate|safety_car_restart_candidate,True,time_penalty,5,2,,pre_review_feasibility,False,True,review_priority_only_pending_context_and_conduct_review
adjudication-seed-fia-2022-fra-832a818ac903-01,adj-91bd2176be4c7ceb,incident-group-57d76c19243d2b20,2,adjudication-seed-fia-2024-mia-bb1a3715e072-01,adj-1e58e40badf7452a,incident-src-1e58e40badf7452a,0.1,4,attacker_line_candidate|first_lap_candidate|wet_track_candidate|safety_car_restart_candidate,True,time_penalty,10,2,,pre_review_feasibility,False,True,review_priority_only_pending_context_and_conduct_review
adjudication-seed-fia-2022-fra-832a818ac903-01,adj-91bd2176be4c7ceb,incident-group-57d76c19243d2b20,3,adjudication-seed-fia-2022-abu-6afd5d82f378-01,adj-5c847c13b64952f6,incident-src-5c847c13b64952f6,0.125,3,first_lap_candidate|wet_track_candidate|safety_car_restart_candidate,True,time_penalty,5,2,,pre_review_feasibility,False,True,review_priority_only_pending_context_and_conduct_review
adjudication-seed-fia-2022-fra-832a818ac903-01,adj-91bd2176be4c7ceb,incident-group-57d76c19243d2b20,4,adjudication-seed-fia-2022-fra-5b00af9baee5-01,adj-895a772a98e8bd31,incident-src-895a772a98e8bd31,0.125,3,first_lap_candidate|wet_track_candidate|safety_car_restart_candidate,True,time_penalty,5,2,,pre_review_feasibility,False,True,review_priority_only_pending_context_and_conduct_review
adjudication-seed-fia-2022-fra-832a818ac903-01,adj-91bd2176be4c7ceb,incident-group-57d76c19243d2b20,5,adjudication-seed-fia-2022-gbr-81e6a9badf51-01,adj-2f0e84f6cc910eed,incident-src-2f0e84f6cc910eed,0.125,3,first_lap_candidate|wet_track_candidate|safety_car_restart_candidate,True,time_penalty,5,2,,pre_review_feasibility,False,True,review_priority_only_pending_context_and_conduct_review
adjudication-seed-fia-2022-fra-f29d68ccd9b0-01,adj-285944dc1f5d725d,incident-group-57d76c19243d2b20,1,adjudication-seed-fia-2023-ned-26a60af9f412-01,adj-43692d4605090feb,incident-src-43692d4605090feb,0.0,4,attacker_line_candidate|first_lap_candidate|wet_track_candidate|safety_car_restart_candidate,True,time_penalty,5,2,,pre_review_feasibility,False,True,review_priority_only_pending_context_and_conduct_review
adjudication-seed-fia-2022-fra-f29d68ccd9b0-01,adj-285944dc1f5d725d,incident-group-57d76c19243d2b20,2,adjudication-seed-fia-2024-mia-bb1a3715e072-01,adj-1e58e40badf7452a,incident-src-1e58e40badf7452a,0.1,4,attacker_line_candidate|first_lap_candidate|wet_track_candidate|safety_car_restart_candidate,True,time_penalty,10,2,,pre_review_feasibility,False,True,review_priority_only_pending_context_and_conduct_review
adjudication-seed-fia-2022-fra-f29d68ccd9b0-01,adj-285944dc1f5d725d,incident-group-57d76c19243d2b20,3,adjudication-seed-fia-2022-abu-6afd5d82f378-01,adj-5c847c13b64952f6,incident-src-5c847c13b64952f6,0.125,3,first_lap_candidate|wet_track_candidate|safety_car_restart_candidate,True,time_penalty,5,2,,pre_review_feasibility,False,True,review_priority_only_pending_context_and_conduct_review
adjudication-seed-fia-2022-fra-f29d68ccd9b0-01,adj-285944dc1f5d725d,incident-group-57d76c19243d2b20,4,adjudication-seed-fia-2022-fra-5b00af9baee5-01,adj-895a772a98e8bd31,incident-src-895a772a98e8bd31,0.125,3,first_lap_candidate|wet_track_candidate|safety_car_restart_candidate,True,time_penalty,5,2,,pre_review_feasibility,False,True,review_priority_only_pending_context_and_conduct_review
adjudication-seed-fia-2022-fra-f29d68ccd9b0-01,adj-285944dc1f5d725d,incident-group-57d76c19243d2b20,5,adjudication-seed-fia-2022-gbr-81e6a9badf51-01,adj-2f0e84f6cc910eed,incident-src-2f0e84f6cc910eed,0.125,3,first_lap_candidate|wet_track_candidate|safety_car_restart_candidate,True,time_penalty,5,2,,pre_review_feasibility,False,True,review_priority_only_pending_context_and_conduct_review
adjudication-seed-fia-2022-gbr-81e6a9badf51-01,adj-2f0e84f6cc910eed,incident-src-2f0e84f6cc910eed,1,adjudication-seed-fia-2022-abu-6afd5d82f378-01,adj-5c847c13b64952f6,incident-src-5c847c13b64952f6,0.0,3,first_lap_candidate|wet_track_candidate|safety_car_restart_candidate,True,time_penalty,5,2,,pre_review_feasibility,True,False,review_priority_only_pending_context_and_conduct_review
adjudication-seed-fia-2022-gbr-81e6a9badf51-01,adj-2f0e84f6cc910eed,incident-src-2f0e84f6cc910eed,2,adjudication-seed-fia-2022-fra-5b00af9baee5-01,adj-895a772a98e8bd31,incident-src-895a772a98e8bd31,0.0,3,first_lap_candidate|wet_track_candidate|safety_car_restart_candidate,True,time_penalty,5,2,,pre_review_feasibility,True,False,review_priority_only_pending_context_and_conduct_review
adjudication-seed-fia-2022-gbr-81e6a9badf51-01,adj-2f0e84f6cc910eed,incident-src-2f0e84f6cc910eed,3,adjudication-seed-fia-2022-mex-9975b4f5dd0e-01,adj-2642da4344825f6e,incident-src-2642da4344825f6e,0.0,3,first_lap_candidate|wet_track_candidate|safety_car_restart_candidate,True,time_penalty,10,2,,pre_review_feasibility,True,False,review_priority_only_pending_context_and_conduct_review
adjudication-seed-fia-2022-gbr-81e6a9badf51-01,adj-2f0e84f6cc910eed,incident-src-2f0e84f6cc910eed,4,adjudication-seed-fia-2022-mia-200cbc833915-01,adj-28c62e2652e40363,incident-src-28c62e2652e40363,0.0,3,first_lap_candidate|wet_track_candidate|safety_car_restart_candidate,False,no_further_action,,,,pre_review_feasibility,True,True,review_priority_only_pending_context_and_conduct_review
adjudication-seed-fia-2022-gbr-81e6a9badf51-01,adj-2f0e84f6cc910eed,incident-src-2f0e84f6cc910eed,5,adjudication-seed-fia-2022-mia-2f9a772ddfb1-01,adj-d7bbf8b8f5834a44,incident-src-d7bbf8b8f5834a44,0.0,3,first_lap_candidate|wet_track_candidate|safety_car_restart_candidate,False,no_further_action,,,,pre_review_feasibility,True,True,review_priority_only_pending_context_and_conduct_review
adjudication-seed-fia-2022-hun-12e2b5910b5d-01,adj-c2798a8076b05840,incident-src-c2798a8076b05840,1,adjudication-seed-fia-2023-usa-4b0f79bc4886-01,adj-0b22a250d896b161,incident-src-0b22a250d896b161,0.0,5,attacker_line_candidate|overlap_candidate|first_lap_candidate|wet_track_candidate|safety_car_restart_candidate,False,no_further_action,,,,pre_review_feasibility,False,False,review_priority_only_pending_context_and_conduct_review
adjudication-seed-fia-2022-hun-12e2b5910b5d-01,adj-c2798a8076b05840,incident-src-c2798a8076b05840,2,adjudication-seed-fia-2022-mia-3a5e6c955052-01,adj-c2b66e044c2c2a46,incident-src-c2b66e044c2c2a46,0.1,4,overlap_candidate|first_lap_candidate|wet_track_candidate|safety_car_restart_candidate,True,time_penalty,5,1,,pre_review_feasibility,False,True,review_priority_only_pending_context_and_conduct_review
adjudication-seed-fia-2022-hun-12e2b5910b5d-01,adj-c2798a8076b05840,incident-src-c2798a8076b05840,3,adjudication-seed-fia-2022-jpn-786e23bdcd54-01,adj-b8d4324786805037,incident-src-b8d4324786805037,0.2,3,first_lap_candidate|wet_track_candidate|safety_car_restart_candidate,True,time_penalty,5,1,,pre_review_feasibility,False,True,review_priority_only_pending_context_and_conduct_review
adjudication-seed-fia-2022-hun-12e2b5910b5d-01,adj-c2798a8076b05840,incident-src-c2798a8076b05840,4,adjudication-seed-fia-2022-mco-a85320aa2719-01,adj-a3cd03fc1f19e87d,incident-src-a3cd03fc1f19e87d,0.2,3,first_lap_candidate|wet_track_candidate|safety_car_restart_candidate,True,time_penalty,5,1,,pre_review_feasibility,False,True,review_priority_only_pending_context_and_conduct_review
adjudication-seed-fia-2022-hun-12e2b5910b5d-01,adj-c2798a8076b05840,incident-src-c2798a8076b05840,5,adjudication-seed-fia-2022-mex-0c20b3af2f45-01,adj-e25cec29abffafb1,incident-src-e25cec29abffafb1,0.2,3,first_lap_candidate|wet_track_candidate|safety_car_restart_candidate,True,time_penalty,5,1,,pre_review_feasibility,False,True,review_priority_only_pending_context_and_conduct_review
adjudication-seed-fia-2022-hun-3dec8ba58233-01,adj-4a51b4c5ae3b893d,incident-src-4a51b4c5ae3b893d,1,adjudication-seed-fia-2022-fra-21ed142c13a0-01,adj-7d3d410e6a4ba360,incident-src-7d3d410e6a4ba360,0.0,4,attacker_line_candidate|first_lap_candidate|wet_track_candidate|safety_car_restart_candidate,True,time_penalty,5,2,,pre_review_feasibility,True,False,review_priority_only_pending_context_and_conduct_review
adjudication-seed-fia-2022-hun-3dec8ba58233-01,adj-4a51b4c5ae3b893d,incident-src-4a51b4c5ae3b893d,2,adjudication-seed-fia-2022-sao-912114518455-01,adj-40c4f3d12c15506c,incident-src-40c4f3d12c15506c,0.0,4,attacker_line_candidate|first_lap_candidate|wet_track_candidate|safety_car_restart_candidate,True,time_penalty,5,2,,pre_review_feasibility,True,False,review_priority_only_pending_context_and_conduct_review
adjudication-seed-fia-2022-hun-3dec8ba58233-01,adj-4a51b4c5ae3b893d,incident-src-4a51b4c5ae3b893d,3,adjudication-seed-fia-2022-aut-0b612be0b626-01,adj-ea983bef6c710033,incident-src-ea983bef6c710033,0.1,4,attacker_line_candidate|first_lap_candidate|wet_track_candidate|safety_car_restart_candidate,True,time_penalty,5,2,,pre_review_feasibility,True,False,review_priority_only_pending_context_and_conduct_review
adjudication-seed-fia-2022-hun-3dec8ba58233-01,adj-4a51b4c5ae3b893d,incident-src-4a51b4c5ae3b893d,4,adjudication-seed-fia-2022-esp-9eba7bd2599a-01,adj-b1443a946b9a7bc7,incident-src-b1443a946b9a7bc7,0.1,4,attacker_line_candidate|first_lap_candidate|wet_track_candidate|safety_car_restart_candidate,True,time_penalty,5,2,,pre_review_feasibility,True,False,review_priority_only_pending_context_and_conduct_review
adjudication-seed-fia-2022-hun-3dec8ba58233-01,adj-4a51b4c5ae3b893d,incident-src-4a51b4c5ae3b893d,5,adjudication-seed-fia-2023-jpn-ce0c4d6ce752-01,adj-ac7b841c1ea1648e,incident-src-ac7b841c1ea1648e,0.1,4,attacker_line_candidate|first_lap_candidate|wet_track_candidate|safety_car_restart_candidate,True,time_penalty,5,2,,pre_review_feasibility,True,False,review_priority_only_pending_context_and_conduct_review
adjudication-seed-fia-2022-ita-cd52e475af6e-01,adj-fddccc34ecc40f6c,incident-src-fddccc34ecc40f6c,1,adjudication-seed-fia-2024-aut-4b3df85c59ad-01,adj-330069d582c20001,incident-src-330069d582c20001,0.125,3,first_lap_candidate|wet_track_candidate|safety_car_restart_candidate,False,no_further_action,,,,pre_review_feasibility,True,True,review_priority_only_pending_context_and_conduct_review
adjudication-seed-fia-2022-ita-cd52e475af6e-01,adj-fddccc34ecc40f6c,incident-src-fddccc34ecc40f6c,2,adjudication-seed-fia-2024-hun-3048d0b101d3-01,adj-776eb15ec333fda5,incident-src-776eb15ec333fda5,0.125,3,first_lap_candidate|wet_track_candidate|safety_car_restart_candidate,False,no_further_action,,,,pre_review_feasibility,True,True,review_priority_only_pending_context_and_conduct_review
adjudication-seed-fia-2022-ita-cd52e475af6e-01,adj-fddccc34ecc40f6c,incident-src-fddccc34ecc40f6c,3,adjudication-seed-fia-2022-jpn-786e23bdcd54-01,adj-b8d4324786805037,incident-src-b8d4324786805037,0.3333333333333333,3,first_lap_candidate|wet_track_candidate|safety_car_restart_candidate,True,time_penalty,5,1,,pre_review_feasibility,True,False,review_priority_only_pending_context_and_conduct_review
adjudication-seed-fia-2022-ita-cd52e475af6e-01,adj-fddccc34ecc40f6c,incident-src-fddccc34ecc40f6c,4,adjudication-seed-fia-2022-mco-a85320aa2719-01,adj-a3cd03fc1f19e87d,incident-src-a3cd03fc1f19e87d,0.3333333333333333,3,first_lap_candidate|wet_track_candidate|safety_car_restart_candidate,True,time_penalty,5,1,,pre_review_feasibility,True,False,review_priority_only_pending_context_and_conduct_review
adjudication-seed-fia-2022-ita-cd52e475af6e-01,adj-fddccc34ecc40f6c,incident-src-fddccc34ecc40f6c,5,adjudication-seed-fia-2022-mex-0c20b3af2f45-01,adj-e25cec29abffafb1,incident-src-e25cec29abffafb1,0.3333333333333333,3,first_lap_candidate|wet_track_candidate|safety_car_restart_candidate,True,time_penalty,5,1,,pre_review_feasibility,True,False,review_priority_only_pending_context_and_conduct_review
adjudication-seed-fia-2022-jpn-786e23bdcd54-01,adj-b8d4324786805037,incident-src-b8d4324786805037,1,adjudication-seed-fia-2022-mco-a85320aa2719-01,adj-a3cd03fc1f19e87d,incident-src-a3cd03fc1f19e87d,0.0,3,first_lap_candidate|wet_track_candidate|safety_car_restart_candidate,True,time_penalty,5,1,,pre_review_feasibility,True,False,review_priority_only_pending_context_and_conduct_review
adjudication-seed-fia-2022-jpn-786e23bdcd54-01,adj-b8d4324786805037,incident-src-b8d4324786805037,2,adjudication-seed-fia-2022-mex-0c20b3af2f45-01,adj-e25cec29abffafb1,incident-src-e25cec29abffafb1,0.0,3,first_lap_candidate|wet_track_candidate|safety_car_restart_candidate,True,time_penalty,5,1,,pre_review_feasibility,True,False,review_priority_only_pending_context_and_conduct_review
adjudication-seed-fia-2022-jpn-786e23bdcd54-01,adj-b8d4324786805037,incident-src-b8d4324786805037,3,adjudication-seed-fia-2022-mia-3ef5fd2c5510-01,adj-a738d13a55b1a41c,incident-src-a738d13a55b1a41c,0.0,3,first_lap_candidate|wet_track_candidate|safety_car_restart_candidate,True,time_penalty,5,1,,pre_review_feasibility,True,False,review_priority_only_pending_context_and_conduct_review
adjudication-seed-fia-2022-jpn-786e23bdcd54-01,adj-b8d4324786805037,incident-src-b8d4324786805037,4,adjudication-seed-fia-2022-mia-bbafb6bcc091-01,adj-edbdab17f12114c7,incident-src-edbdab17f12114c7,0.0,3,first_lap_candidate|wet_track_candidate|safety_car_restart_candidate,False,no_further_action,,,,pre_review_feasibility,True,True,review_priority_only_pending_context_and_conduct_review
adjudication-seed-fia-2022-jpn-786e23bdcd54-01,adj-b8d4324786805037,incident-src-b8d4324786805037,5,adjudication-seed-fia-2022-sau-fa0b9513331c-01,adj-9cb2c84260f7e56e,incident-src-9cb2c84260f7e56e,0.0,3,first_lap_candidate|wet_track_candidate|safety_car_restart_candidate,True,time_penalty,5,1,,pre_review_feasibility,True,False,review_priority_only_pending_context_and_conduct_review
adjudication-seed-fia-2022-mco-97b07e9513b1-01,adj-c7417e575dc4ccd4,incident-src-c7417e575dc4ccd4,1,adjudication-seed-fia-2023-abu-bceb18192f57-01,adj-476ced553759f1d7,incident-src-476ced553759f1d7,0.0,4,overlap_candidate|first_lap_candidate|wet_track_candidate|safety_car_restart_candidate,True,time_penalty,5,2,,pre_review_feasibility,True,False,review_priority_only_pending_context_and_conduct_review
adjudication-seed-fia-2022-mco-97b07e9513b1-01,adj-c7417e575dc4ccd4,incident-src-c7417e575dc4ccd4,2,adjudication-seed-fia-2023-lvs-a4a270ae6fd0-01,adj-13ca9edd8c45db6f,incident-src-13ca9edd8c45db6f,0.0,4,overlap_candidate|first_lap_candidate|wet_track_candidate|safety_car_restart_candidate,True,time_penalty,5,2,,pre_review_feasibility,True,False,review_priority_only_pending_context_and_conduct_review
adjudication-seed-fia-2022-mco-97b07e9513b1-01,adj-c7417e575dc4ccd4,incident-src-c7417e575dc4ccd4,3,adjudication-seed-fia-2023-mex-6b86d52dd897-01,adj-2d49e6748d813e58,incident-src-2d49e6748d813e58,0.0,4,overlap_candidate|first_lap_candidate|wet_track_candidate|safety_car_restart_candidate,False,no_further_action,,,,pre_review_feasibility,True,True,review_priority_only_pending_context_and_conduct_review
adjudication-seed-fia-2022-mco-97b07e9513b1-01,adj-c7417e575dc4ccd4,incident-src-c7417e575dc4ccd4,4,adjudication-seed-fia-2023-mex-9aa5ef85abc1-01,adj-ad1abaf93ca48981,incident-src-ad1abaf93ca48981,0.0,4,overlap_candidate|first_lap_candidate|wet_track_candidate|safety_car_restart_candidate,False,no_further_action,,,,pre_review_feasibility,True,True,review_priority_only_pending_context_and_conduct_review
adjudication-seed-fia-2022-mco-97b07e9513b1-01,adj-c7417e575dc4ccd4,incident-src-c7417e575dc4ccd4,5,adjudication-seed-fia-2024-aut-0da607b84c40-01,adj-5005242a503c9174,incident-src-5005242a503c9174,0.0,4,overlap_candidate|first_lap_candidate|wet_track_candidate|safety_car_restart_candidate,True,time_penalty,10,2,,pre_review_feasibility,True,False,review_priority_only_pending_context_and_conduct_review
adjudication-seed-fia-2022-mco-a85320aa2719-01,adj-a3cd03fc1f19e87d,incident-src-a3cd03fc1f19e87d,1,adjudication-seed-fia-2022-jpn-786e23bdcd54-01,adj-b8d4324786805037,incident-src-b8d4324786805037,0.0,3,first_lap_candidate|wet_track_candidate|safety_car_restart_candidate,True,time_penalty,5,1,,pre_review_feasibility,True,False,review_priority_only_pending_context_and_conduct_review
adjudication-seed-fia-2022-mco-a85320aa2719-01,adj-a3cd03fc1f19e87d,incident-src-a3cd03fc1f19e87d,2,adjudication-seed-fia-2022-mex-0c20b3af2f45-01,adj-e25cec29abffafb1,incident-src-e25cec29abffafb1,0.0,3,first_lap_candidate|wet_track_candidate|safety_car_restart_candidate,True,time_penalty,5,1,,pre_review_feasibility,True,False,review_priority_only_pending_context_and_conduct_review
adjudication-seed-fia-2022-mco-a85320aa2719-01,adj-a3cd03fc1f19e87d,incident-src-a3cd03fc1f19e87d,3,adjudication-seed-fia-2022-mia-3ef5fd2c5510-01,adj-a738d13a55b1a41c,incident-src-a738d13a55b1a41c,0.0,3,first_lap_candidate|wet_track_candidate|safety_car_restart_candidate,True,time_penalty,5,1,,pre_review_feasibility,True,False,review_priority_only_pending_context_and_conduct_review
adjudication-seed-fia-2022-mco-a85320aa2719-01,adj-a3cd03fc1f19e87d,incident-src-a3cd03fc1f19e87d,4,adjudication-seed-fia-2022-mia-bbafb6bcc091-01,adj-edbdab17f12114c7,incident-src-edbdab17f12114c7,0.0,3,first_lap_candidate|wet_track_candidate|safety_car_restart_candidate,False,no_further_action,,,,pre_review_feasibility,True,True,review_priority_only_pending_context_and_conduct_review
adjudication-seed-fia-2022-mco-a85320aa2719-01,adj-a3cd03fc1f19e87d,incident-src-a3cd03fc1f19e87d,5,adjudication-seed-fia-2022-sau-fa0b9513331c-01,adj-9cb2c84260f7e56e,incident-src-9cb2c84260f7e56e,0.0,3,first_lap_candidate|wet_track_candidate|safety_car_restart_candidate,True,time_penalty,5,1,,pre_review_feasibility,True,False,review_priority_only_pending_context_and_conduct_review
adjudication-seed-fia-2022-mex-0c20b3af2f45-01,adj-e25cec29abffafb1,incident-src-e25cec29abffafb1,1,adjudication-seed-fia-2022-jpn-786e23bdcd54-01,adj-b8d4324786805037,incident-src-b8d4324786805037,0.0,3,first_lap_candidate|wet_track_candidate|safety_car_restart_candidate,True,time_penalty,5,1,,pre_review_feasibility,True,False,review_priority_only_pending_context_and_conduct_review
adjudication-seed-fia-2022-mex-0c20b3af2f45-01,adj-e25cec29abffafb1,incident-src-e25cec29abffafb1,2,adjudication-seed-fia-2022-mco-a85320aa2719-01,adj-a3cd03fc1f19e87d,incident-src-a3cd03fc1f19e87d,0.0,3,first_lap_candidate|wet_track_candidate|safety_car_restart_candidate,True,time_penalty,5,1,,pre_review_feasibility,True,False,review_priority_only_pending_context_and_conduct_review
adjudication-seed-fia-2022-mex-0c20b3af2f45-01,adj-e25cec29abffafb1,incident-src-e25cec29abffafb1,3,adjudication-seed-fia-2022-mia-3ef5fd2c5510-01,adj-a738d13a55b1a41c,incident-src-a738d13a55b1a41c,0.0,3,first_lap_candidate|wet_track_candidate|safety_car_restart_candidate,True,time_penalty,5,1,,pre_review_feasibility,True,False,review_priority_only_pending_context_and_conduct_review
adjudication-seed-fia-2022-mex-0c20b3af2f45-01,adj-e25cec29abffafb1,incident-src-e25cec29abffafb1,4,adjudication-seed-fia-2022-mia-bbafb6bcc091-01,adj-edbdab17f12114c7,incident-src-edbdab17f12114c7,0.0,3,first_lap_candidate|wet_track_candidate|safety_car_restart_candidate,False,no_further_action,,,,pre_review_feasibility,True,True,review_priority_only_pending_context_and_conduct_review
adjudication-seed-fia-2022-mex-0c20b3af2f45-01,adj-e25cec29abffafb1,incident-src-e25cec29abffafb1,5,adjudication-seed-fia-2022-sau-fa0b9513331c-01,adj-9cb2c84260f7e56e,incident-src-9cb2c84260f7e56e,0.0,3,first_lap_candidate|wet_track_candidate|safety_car_restart_candidate,True,time_penalty,5,1,,pre_review_feasibility,True,False,review_priority_only_pending_context_and_conduct_review
adjudication-seed-fia-2022-mex-9975b4f5dd0e-01,adj-2642da4344825f6e,incident-src-2642da4344825f6e,1,adjudication-seed-fia-2022-abu-6afd5d82f378-01,adj-5c847c13b64952f6,incident-src-5c847c13b64952f6,0.0,3,first_lap_candidate|wet_track_candidate|safety_car_restart_candidate,True,time_penalty,5,2,,pre_review_feasibility,True,False,review_priority_only_pending_context_and_conduct_review
adjudication-seed-fia-2022-mex-9975b4f5dd0e-01,adj-2642da4344825f6e,incident-src-2642da4344825f6e,2,adjudication-seed-fia-2022-fra-5b00af9baee5-01,adj-895a772a98e8bd31,incident-src-895a772a98e8bd31,0.0,3,first_lap_candidate|wet_track_candidate|safety_car_restart_candidate,True,time_penalty,5,2,,pre_review_feasibility,True,False,review_priority_only_pending_context_and_conduct_review
adjudication-seed-fia-2022-mex-9975b4f5dd0e-01,adj-2642da4344825f6e,incident-src-2642da4344825f6e,3,adjudication-seed-fia-2022-gbr-81e6a9badf51-01,adj-2f0e84f6cc910eed,incident-src-2f0e84f6cc910eed,0.0,3,first_lap_candidate|wet_track_candidate|safety_car_restart_candidate,True,time_penalty,5,2,,pre_review_feasibility,True,False,review_priority_only_pending_context_and_conduct_review
adjudication-seed-fia-2022-mex-9975b4f5dd0e-01,adj-2642da4344825f6e,incident-src-2642da4344825f6e,4,adjudication-seed-fia-2022-mia-200cbc833915-01,adj-28c62e2652e40363,incident-src-28c62e2652e40363,0.0,3,first_lap_candidate|wet_track_candidate|safety_car_restart_candidate,False,no_further_action,,,,pre_review_feasibility,True,True,review_priority_only_pending_context_and_conduct_review
adjudication-seed-fia-2022-mex-9975b4f5dd0e-01,adj-2642da4344825f6e,incident-src-2642da4344825f6e,5,adjudication-seed-fia-2022-mia-2f9a772ddfb1-01,adj-d7bbf8b8f5834a44,incident-src-d7bbf8b8f5834a44,0.0,3,first_lap_candidate|wet_track_candidate|safety_car_restart_candidate,False,no_further_action,,,,pre_review_feasibility,True,True,review_priority_only_pending_context_and_conduct_review
adjudication-seed-fia-2022-mia-200cbc833915-01,adj-28c62e2652e40363,incident-src-28c62e2652e40363,1,adjudication-seed-fia-2022-abu-6afd5d82f378-01,adj-5c847c13b64952f6,incident-src-5c847c13b64952f6,0.0,3,first_lap_candidate|wet_track_candidate|safety_car_restart_candidate,True,time_penalty,5,2,,pre_review_feasibility,False,True,review_priority_only_pending_context_and_conduct_review
adjudication-seed-fia-2022-mia-200cbc833915-01,adj-28c62e2652e40363,incident-src-28c62e2652e40363,2,adjudication-seed-fia-2022-fra-5b00af9baee5-01,adj-895a772a98e8bd31,incident-src-895a772a98e8bd31,0.0,3,first_lap_candidate|wet_track_candidate|safety_car_restart_candidate,True,time_penalty,5,2,,pre_review_feasibility,False,True,review_priority_only_pending_context_and_conduct_review
adjudication-seed-fia-2022-mia-200cbc833915-01,adj-28c62e2652e40363,incident-src-28c62e2652e40363,3,adjudication-seed-fia-2022-gbr-81e6a9badf51-01,adj-2f0e84f6cc910eed,incident-src-2f0e84f6cc910eed,0.0,3,first_lap_candidate|wet_track_candidate|safety_car_restart_candidate,True,time_penalty,5,2,,pre_review_feasibility,False,True,review_priority_only_pending_context_and_conduct_review
adjudication-seed-fia-2022-mia-200cbc833915-01,adj-28c62e2652e40363,incident-src-28c62e2652e40363,4,adjudication-seed-fia-2022-mex-9975b4f5dd0e-01,adj-2642da4344825f6e,incident-src-2642da4344825f6e,0.0,3,first_lap_candidate|wet_track_candidate|safety_car_restart_candidate,True,time_penalty,10,2,,pre_review_feasibility,False,True,review_priority_only_pending_context_and_conduct_review
adjudication-seed-fia-2022-mia-200cbc833915-01,adj-28c62e2652e40363,incident-src-28c62e2652e40363,5,adjudication-seed-fia-2022-mia-4865bb704728-01,adj-03184f34ac76878c,incident-src-03184f34ac76878c,0.0,3,first_lap_candidate|wet_track_candidate|safety_car_restart_candidate,True,time_penalty,5,2,,pre_review_feasibility,False,True,review_priority_only_pending_context_and_conduct_review
adjudication-seed-fia-2022-mia-2f9a772ddfb1-01,adj-d7bbf8b8f5834a44,incident-src-d7bbf8b8f5834a44,1,adjudication-seed-fia-2022-abu-6afd5d82f378-01,adj-5c847c13b64952f6,incident-src-5c847c13b64952f6,0.0,3,first_lap_candidate|wet_track_candidate|safety_car_restart_candidate,True,time_penalty,5,2,,pre_review_feasibility,False,True,review_priority_only_pending_context_and_conduct_review
adjudication-seed-fia-2022-mia-2f9a772ddfb1-01,adj-d7bbf8b8f5834a44,incident-src-d7bbf8b8f5834a44,2,adjudication-seed-fia-2022-fra-5b00af9baee5-01,adj-895a772a98e8bd31,incident-src-895a772a98e8bd31,0.0,3,first_lap_candidate|wet_track_candidate|safety_car_restart_candidate,True,time_penalty,5,2,,pre_review_feasibility,False,True,review_priority_only_pending_context_and_conduct_review
adjudication-seed-fia-2022-mia-2f9a772ddfb1-01,adj-d7bbf8b8f5834a44,incident-src-d7bbf8b8f5834a44,3,adjudication-seed-fia-2022-gbr-81e6a9badf51-01,adj-2f0e84f6cc910eed,incident-src-2f0e84f6cc910eed,0.0,3,first_lap_candidate|wet_track_candidate|safety_car_restart_candidate,True,time_penalty,5,2,,pre_review_feasibility,False,True,review_priority_only_pending_context_and_conduct_review
adjudication-seed-fia-2022-mia-2f9a772ddfb1-01,adj-d7bbf8b8f5834a44,incident-src-d7bbf8b8f5834a44,4,adjudication-seed-fia-2022-mex-9975b4f5dd0e-01,adj-2642da4344825f6e,incident-src-2642da4344825f6e,0.0,3,first_lap_candidate|wet_track_candidate|safety_car_restart_candidate,True,time_penalty,10,2,,pre_review_feasibility,False,True,review_priority_only_pending_context_and_conduct_review
adjudication-seed-fia-2022-mia-2f9a772ddfb1-01,adj-d7bbf8b8f5834a44,incident-src-d7bbf8b8f5834a44,5,adjudication-seed-fia-2022-mia-4865bb704728-01,adj-03184f34ac76878c,incident-src-03184f34ac76878c,0.0,3,first_lap_candidate|wet_track_candidate|safety_car_restart_candidate,True,time_penalty,5,2,,pre_review_feasibility,False,True,review_priority_only_pending_context_and_conduct_review
adjudication-seed-fia-2022-mia-36df1eeb5c9c-01,adj-ec1cbeb429741336,incident-src-ec1cbeb429741336,1,adjudication-seed-fia-2022-abu-6afd5d82f378-01,adj-5c847c13b64952f6,incident-src-5c847c13b64952f6,0.0,3,first_lap_candidate|wet_track_candidate|safety_car_restart_candidate,True,time_penalty,5,2,,pre_review_feasibility,True,False,review_priority_only_pending_context_and_conduct_review
adjudication-seed-fia-2022-mia-36df1eeb5c9c-01,adj-ec1cbeb429741336,incident-src-ec1cbeb429741336,2,adjudication-seed-fia-2022-fra-5b00af9baee5-01,adj-895a772a98e8bd31,incident-src-895a772a98e8bd31,0.0,3,first_lap_candidate|wet_track_candidate|safety_car_restart_candidate,True,time_penalty,5,2,,pre_review_feasibility,True,False,review_priority_only_pending_context_and_conduct_review
adjudication-seed-fia-2022-mia-36df1eeb5c9c-01,adj-ec1cbeb429741336,incident-src-ec1cbeb429741336,3,adjudication-seed-fia-2022-gbr-81e6a9badf51-01,adj-2f0e84f6cc910eed,incident-src-2f0e84f6cc910eed,0.0,3,first_lap_candidate|wet_track_candidate|safety_car_restart_candidate,True,time_penalty,5,2,,pre_review_feasibility,True,False,review_priority_only_pending_context_and_conduct_review
adjudication-seed-fia-2022-mia-36df1eeb5c9c-01,adj-ec1cbeb429741336,incident-src-ec1cbeb429741336,4,adjudication-seed-fia-2022-mex-9975b4f5dd0e-01,adj-2642da4344825f6e,incident-src-2642da4344825f6e,0.0,3,first_lap_candidate|wet_track_candidate|safety_car_restart_candidate,True,time_penalty,10,2,,pre_review_feasibility,True,False,review_priority_only_pending_context_and_conduct_review
adjudication-seed-fia-2022-mia-36df1eeb5c9c-01,adj-ec1cbeb429741336,incident-src-ec1cbeb429741336,5,adjudication-seed-fia-2022-mia-4865bb704728-01,adj-03184f34ac76878c,incident-src-03184f34ac76878c,0.0,3,first_lap_candidate|wet_track_candidate|safety_car_restart_candidate,True,time_penalty,5,2,,pre_review_feasibility,True,False,review_priority_only_pending_context_and_conduct_review
adjudication-seed-fia-2022-mia-3a5e6c955052-01,adj-c2b66e044c2c2a46,incident-src-c2b66e044c2c2a46,1,adjudication-seed-fia-2022-hun-12e2b5910b5d-01,adj-c2798a8076b05840,incident-src-c2798a8076b05840,0.1,4,overlap_candidate|first_lap_candidate|wet_track_candidate|safety_car_restart_candidate,False,no_further_action,,,,pre_review_feasibility,True,True,review_priority_only_pending_context_and_conduct_review
adjudication-seed-fia-2022-mia-3a5e6c955052-01,adj-c2b66e044c2c2a46,incident-src-c2b66e044c2c2a46,2,adjudication-seed-fia-2023-usa-4b0f79bc4886-01,adj-0b22a250d896b161,incident-src-0b22a250d896b161,0.1,4,overlap_candidate|first_lap_candidate|wet_track_candidate|safety_car_restart_candidate,False,no_further_action,,,,pre_review_feasibility,True,True,review_priority_only_pending_context_and_conduct_review
adjudication-seed-fia-2022-mia-3a5e6c955052-01,adj-c2b66e044c2c2a46,incident-src-c2b66e044c2c2a46,3,adjudication-seed-fia-2022-jpn-786e23bdcd54-01,adj-b8d4324786805037,incident-src-b8d4324786805037,0.125,3,first_lap_candidate|wet_track_candidate|safety_car_restart_candidate,True,time_penalty,5,1,,pre_review_feasibility,True,False,review_priority_only_pending_context_and_conduct_review
adjudication-seed-fia-2022-mia-3a5e6c955052-01,adj-c2b66e044c2c2a46,incident-src-c2b66e044c2c2a46,4,adjudication-seed-fia-2022-mco-a85320aa2719-01,adj-a3cd03fc1f19e87d,incident-src-a3cd03fc1f19e87d,0.125,3,first_lap_candidate|wet_track_candidate|safety_car_restart_candidate,True,time_penalty,5,1,,pre_review_feasibility,True,False,review_priority_only_pending_context_and_conduct_review
adjudication-seed-fia-2022-mia-3a5e6c955052-01,adj-c2b66e044c2c2a46,incident-src-c2b66e044c2c2a46,5,adjudication-seed-fia-2022-mex-0c20b3af2f45-01,adj-e25cec29abffafb1,incident-src-e25cec29abffafb1,0.125,3,first_lap_candidate|wet_track_candidate|safety_car_restart_candidate,True,time_penalty,5,1,,pre_review_feasibility,True,False,review_priority_only_pending_context_and_conduct_review
adjudication-seed-fia-2022-mia-3ef5fd2c5510-01,adj-a738d13a55b1a41c,incident-src-a738d13a55b1a41c,1,adjudication-seed-fia-2022-jpn-786e23bdcd54-01,adj-b8d4324786805037,incident-src-b8d4324786805037,0.0,3,first_lap_candidate|wet_track_candidate|safety_car_restart_candidate,True,time_penalty,5,1,,pre_review_feasibility,True,False,review_priority_only_pending_context_and_conduct_review
adjudication-seed-fia-2022-mia-3ef5fd2c5510-01,adj-a738d13a55b1a41c,incident-src-a738d13a55b1a41c,2,adjudication-seed-fia-2022-mco-a85320aa2719-01,adj-a3cd03fc1f19e87d,incident-src-a3cd03fc1f19e87d,0.0,3,first_lap_candidate|wet_track_candidate|safety_car_restart_candidate,True,time_penalty,5,1,,pre_review_feasibility,True,False,review_priority_only_pending_context_and_conduct_review
adjudication-seed-fia-2022-mia-3ef5fd2c5510-01,adj-a738d13a55b1a41c,incident-src-a738d13a55b1a41c,3,adjudication-seed-fia-2022-mex-0c20b3af2f45-01,adj-e25cec29abffafb1,incident-src-e25cec29abffafb1,0.0,3,first_lap_candidate|wet_track_candidate|safety_car_restart_candidate,True,time_penalty,5,1,,pre_review_feasibility,True,False,review_priority_only_pending_context_and_conduct_review
adjudication-seed-fia-2022-mia-3ef5fd2c5510-01,adj-a738d13a55b1a41c,incident-src-a738d13a55b1a41c,4,adjudication-seed-fia-2022-sau-fa0b9513331c-01,adj-9cb2c84260f7e56e,incident-src-9cb2c84260f7e56e,0.0,3,first_lap_candidate|wet_track_candidate|safety_car_restart_candidate,True,time_penalty,5,1,,pre_review_feasibility,True,False,review_priority_only_pending_context_and_conduct_review
adjudication-seed-fia-2022-mia-3ef5fd2c5510-01,adj-a738d13a55b1a41c,incident-src-a738d13a55b1a41c,5,adjudication-seed-fia-2022-usa-06bd3fce2943-01,adj-e828b49af09e3c17,incident-src-e828b49af09e3c17,0.0,3,first_lap_candidate|wet_track_candidate|safety_car_restart_candidate,True,time_penalty,5,1,,pre_review_feasibility,True,False,review_priority_only_pending_context_and_conduct_review
adjudication-seed-fia-2022-mia-4865bb704728-01,adj-03184f34ac76878c,incident-src-03184f34ac76878c,1,adjudication-seed-fia-2022-abu-6afd5d82f378-01,adj-5c847c13b64952f6,incident-src-5c847c13b64952f6,0.0,3,first_lap_candidate|wet_track_candidate|safety_car_restart_candidate,True,time_penalty,5,2,,pre_review_feasibility,True,False,review_priority_only_pending_context_and_conduct_review
adjudication-seed-fia-2022-mia-4865bb704728-01,adj-03184f34ac76878c,incident-src-03184f34ac76878c,2,adjudication-seed-fia-2022-fra-5b00af9baee5-01,adj-895a772a98e8bd31,incident-src-895a772a98e8bd31,0.0,3,first_lap_candidate|wet_track_candidate|safety_car_restart_candidate,True,time_penalty,5,2,,pre_review_feasibility,True,False,review_priority_only_pending_context_and_conduct_review
adjudication-seed-fia-2022-mia-4865bb704728-01,adj-03184f34ac76878c,incident-src-03184f34ac76878c,3,adjudication-seed-fia-2022-gbr-81e6a9badf51-01,adj-2f0e84f6cc910eed,incident-src-2f0e84f6cc910eed,0.0,3,first_lap_candidate|wet_track_candidate|safety_car_restart_candidate,True,time_penalty,5,2,,pre_review_feasibility,True,False,review_priority_only_pending_context_and_conduct_review
adjudication-seed-fia-2022-mia-4865bb704728-01,adj-03184f34ac76878c,incident-src-03184f34ac76878c,4,adjudication-seed-fia-2022-mex-9975b4f5dd0e-01,adj-2642da4344825f6e,incident-src-2642da4344825f6e,0.0,3,first_lap_candidate|wet_track_candidate|safety_car_restart_candidate,True,time_penalty,10,2,,pre_review_feasibility,True,False,review_priority_only_pending_context_and_conduct_review
adjudication-seed-fia-2022-mia-4865bb704728-01,adj-03184f34ac76878c,incident-src-03184f34ac76878c,5,adjudication-seed-fia-2022-mia-200cbc833915-01,adj-28c62e2652e40363,incident-src-28c62e2652e40363,0.0,3,first_lap_candidate|wet_track_candidate|safety_car_restart_candidate,False,no_further_action,,,,pre_review_feasibility,True,True,review_priority_only_pending_context_and_conduct_review
adjudication-seed-fia-2022-mia-604f9861a2a2-01,adj-73fce9170579e36d,incident-src-73fce9170579e36d,1,adjudication-seed-fia-2022-abu-6afd5d82f378-01,adj-5c847c13b64952f6,incident-src-5c847c13b64952f6,0.0,3,first_lap_candidate|wet_track_candidate|safety_car_restart_candidate,True,time_penalty,5,2,,pre_review_feasibility,False,True,review_priority_only_pending_context_and_conduct_review
adjudication-seed-fia-2022-mia-604f9861a2a2-01,adj-73fce9170579e36d,incident-src-73fce9170579e36d,2,adjudication-seed-fia-2022-fra-5b00af9baee5-01,adj-895a772a98e8bd31,incident-src-895a772a98e8bd31,0.0,3,first_lap_candidate|wet_track_candidate|safety_car_restart_candidate,True,time_penalty,5,2,,pre_review_feasibility,False,True,review_priority_only_pending_context_and_conduct_review
adjudication-seed-fia-2022-mia-604f9861a2a2-01,adj-73fce9170579e36d,incident-src-73fce9170579e36d,3,adjudication-seed-fia-2022-gbr-81e6a9badf51-01,adj-2f0e84f6cc910eed,incident-src-2f0e84f6cc910eed,0.0,3,first_lap_candidate|wet_track_candidate|safety_car_restart_candidate,True,time_penalty,5,2,,pre_review_feasibility,False,True,review_priority_only_pending_context_and_conduct_review
adjudication-seed-fia-2022-mia-604f9861a2a2-01,adj-73fce9170579e36d,incident-src-73fce9170579e36d,4,adjudication-seed-fia-2022-mex-9975b4f5dd0e-01,adj-2642da4344825f6e,incident-src-2642da4344825f6e,0.0,3,first_lap_candidate|wet_track_candidate|safety_car_restart_candidate,True,time_penalty,10,2,,pre_review_feasibility,False,True,review_priority_only_pending_context_and_conduct_review
adjudication-seed-fia-2022-mia-604f9861a2a2-01,adj-73fce9170579e36d,incident-src-73fce9170579e36d,5,adjudication-seed-fia-2022-mia-200cbc833915-01,adj-28c62e2652e40363,incident-src-28c62e2652e40363,0.0,3,first_lap_candidate|wet_track_candidate|safety_car_restart_candidate,False,no_further_action,,,,pre_review_feasibility,False,False,review_priority_only_pending_context_and_conduct_review
adjudication-seed-fia-2022-mia-bbafb6bcc091-01,adj-edbdab17f12114c7,incident-src-edbdab17f12114c7,1,adjudication-seed-fia-2022-jpn-786e23bdcd54-01,adj-b8d4324786805037,incident-src-b8d4324786805037,0.0,3,first_lap_candidate|wet_track_candidate|safety_car_restart_candidate,True,time_penalty,5,1,,pre_review_feasibility,False,True,review_priority_only_pending_context_and_conduct_review
adjudication-seed-fia-2022-mia-bbafb6bcc091-01,adj-edbdab17f12114c7,incident-src-edbdab17f12114c7,2,adjudication-seed-fia-2022-mco-a85320aa2719-01,adj-a3cd03fc1f19e87d,incident-src-a3cd03fc1f19e87d,0.0,3,first_lap_candidate|wet_track_candidate|safety_car_restart_candidate,True,time_penalty,5,1,,pre_review_feasibility,False,True,review_priority_only_pending_context_and_conduct_review
adjudication-seed-fia-2022-mia-bbafb6bcc091-01,adj-edbdab17f12114c7,incident-src-edbdab17f12114c7,3,adjudication-seed-fia-2022-mex-0c20b3af2f45-01,adj-e25cec29abffafb1,incident-src-e25cec29abffafb1,0.0,3,first_lap_candidate|wet_track_candidate|safety_car_restart_candidate,True,time_penalty,5,1,,pre_review_feasibility,False,True,review_priority_only_pending_context_and_conduct_review
adjudication-seed-fia-2022-mia-bbafb6bcc091-01,adj-edbdab17f12114c7,incident-src-edbdab17f12114c7,4,adjudication-seed-fia-2022-sau-fa0b9513331c-01,adj-9cb2c84260f7e56e,incident-src-9cb2c84260f7e56e,0.0,3,first_lap_candidate|wet_track_candidate|safety_car_restart_candidate,True,time_penalty,5,1,,pre_review_feasibility,False,True,review_priority_only_pending_context_and_conduct_review
adjudication-seed-fia-2022-mia-bbafb6bcc091-01,adj-edbdab17f12114c7,incident-src-edbdab17f12114c7,5,adjudication-seed-fia-2022-usa-06bd3fce2943-01,adj-e828b49af09e3c17,incident-src-e828b49af09e3c17,0.0,3,first_lap_candidate|wet_track_candidate|safety_car_restart_candidate,True,time_penalty,5,1,,pre_review_feasibility,False,True,review_priority_only_pending_context_and_conduct_review
adjudication-seed-fia-2022-mia-f80da2ca1128-01,adj-accee74fb15b4fa6,incident-src-accee74fb15b4fa6,1,adjudication-seed-fia-2022-abu-6afd5d82f378-01,adj-5c847c13b64952f6,incident-src-5c847c13b64952f6,0.0,3,first_lap_candidate|wet_track_candidate|safety_car_restart_candidate,True,time_penalty,5,2,,pre_review_feasibility,False,True,review_priority_only_pending_context_and_conduct_review
adjudication-seed-fia-2022-mia-f80da2ca1128-01,adj-accee74fb15b4fa6,incident-src-accee74fb15b4fa6,2,adjudication-seed-fia-2022-fra-5b00af9baee5-01,adj-895a772a98e8bd31,incident-src-895a772a98e8bd31,0.0,3,first_lap_candidate|wet_track_candidate|safety_car_restart_candidate,True,time_penalty,5,2,,pre_review_feasibility,False,True,review_priority_only_pending_context_and_conduct_review
adjudication-seed-fia-2022-mia-f80da2ca1128-01,adj-accee74fb15b4fa6,incident-src-accee74fb15b4fa6,3,adjudication-seed-fia-2022-gbr-81e6a9badf51-01,adj-2f0e84f6cc910eed,incident-src-2f0e84f6cc910eed,0.0,3,first_lap_candidate|wet_track_candidate|safety_car_restart_candidate,True,time_penalty,5,2,,pre_review_feasibility,False,True,review_priority_only_pending_context_and_conduct_review
adjudication-seed-fia-2022-mia-f80da2ca1128-01,adj-accee74fb15b4fa6,incident-src-accee74fb15b4fa6,4,adjudication-seed-fia-2022-mex-9975b4f5dd0e-01,adj-2642da4344825f6e,incident-src-2642da4344825f6e,0.0,3,first_lap_candidate|wet_track_candidate|safety_car_restart_candidate,True,time_penalty,10,2,,pre_review_feasibility,False,True,review_priority_only_pending_context_and_conduct_review
adjudication-seed-fia-2022-mia-f80da2ca1128-01,adj-accee74fb15b4fa6,incident-src-accee74fb15b4fa6,5,adjudication-seed-fia-2022-mia-200cbc833915-01,adj-28c62e2652e40363,incident-src-28c62e2652e40363,0.0,3,first_lap_candidate|wet_track_candidate|safety_car_restart_candidate,False,no_further_action,,,,pre_review_feasibility,False,False,review_priority_only_pending_context_and_conduct_review
adjudication-seed-fia-2022-sao-695fd61e1d50-01,adj-96f32b26fd720b87,incident-src-96f32b26fd720b87,1,adjudication-seed-fia-2022-sau-626edbbd5a3a-01,adj-3baf9aacecb5c6e5,incident-src-3baf9aacecb5c6e5,0.0,4,attacker_line_candidate|first_lap_candidate|wet_track_candidate|safety_car_restart_candidate,True,grid_penalty,,2,3,pre_review_feasibility,True,False,review_priority_only_pending_context_and_conduct_review
adjudication-seed-fia-2022-sao-695fd61e1d50-01,adj-96f32b26fd720b87,incident-src-96f32b26fd720b87,2,adjudication-seed-fia-2023-can-572578a57a9b-01,adj-bc46b8ef7db29a9f,incident-src-bc46b8ef7db29a9f,0.0,4,attacker_line_candidate|first_lap_candidate|wet_track_candidate|safety_car_restart_candidate,False,no_further_action,,,,pre_review_feasibility,True,True,review_priority_only_pending_context_and_conduct_review
adjudication-seed-fia-2022-sao-695fd61e1d50-01,adj-96f32b26fd720b87,incident-src-96f32b26fd720b87,3,adjudication-seed-fia-2023-can-79ff129eac93-01,adj-59a7fa0595802b73,incident-src-59a7fa0595802b73,0.0,4,attacker_line_candidate|first_lap_candidate|wet_track_candidate|safety_car_restart_candidate,False,no_further_action,,,,pre_review_feasibility,True,True,review_priority_only_pending_context_and_conduct_review
adjudication-seed-fia-2022-sao-695fd61e1d50-01,adj-96f32b26fd720b87,incident-src-96f32b26fd720b87,4,adjudication-seed-fia-2023-ita-06048f646efe-01,adj-c44453d1de46285e,incident-src-c44453d1de46285e,0.0,4,attacker_line_candidate|first_lap_candidate|wet_track_candidate|safety_car_restart_candidate,True,time_penalty,5,2,,pre_review_feasibility,True,False,review_priority_only_pending_context_and_conduct_review
adjudication-seed-fia-2022-sao-695fd61e1d50-01,adj-96f32b26fd720b87,incident-src-96f32b26fd720b87,5,adjudication-seed-fia-2024-abu-1738c094dc27-01,adj-2e20778ef64918d5,incident-src-2e20778ef64918d5,0.0,4,attacker_line_candidate|first_lap_candidate|wet_track_candidate|safety_car_restart_candidate,True,grid_penalty,,3,5,pre_review_feasibility,True,False,review_priority_only_pending_context_and_conduct_review
adjudication-seed-fia-2022-sao-912114518455-01,adj-40c4f3d12c15506c,incident-src-40c4f3d12c15506c,1,adjudication-seed-fia-2022-fra-21ed142c13a0-01,adj-7d3d410e6a4ba360,incident-src-7d3d410e6a4ba360,0.0,4,attacker_line_candidate|first_lap_candidate|wet_track_candidate|safety_car_restart_candidate,True,time_penalty,5,2,,pre_review_feasibility,True,False,review_priority_only_pending_context_and_conduct_review
adjudication-seed-fia-2022-sao-912114518455-01,adj-40c4f3d12c15506c,incident-src-40c4f3d12c15506c,2,adjudication-seed-fia-2022-hun-3dec8ba58233-01,adj-4a51b4c5ae3b893d,incident-src-4a51b4c5ae3b893d,0.0,4,attacker_line_candidate|first_lap_candidate|wet_track_candidate|safety_car_restart_candidate,True,time_penalty,5,2,,pre_review_feasibility,True,False,review_priority_only_pending_context_and_conduct_review
adjudication-seed-fia-2022-sao-912114518455-01,adj-40c4f3d12c15506c,incident-src-40c4f3d12c15506c,3,adjudication-seed-fia-2022-aut-0b612be0b626-01,adj-ea983bef6c710033,incident-src-ea983bef6c710033,0.1,4,attacker_line_candidate|first_lap_candidate|wet_track_candidate|safety_car_restart_candidate,True,time_penalty,5,2,,pre_review_feasibility,True,False,review_priority_only_pending_context_and_conduct_review
adjudication-seed-fia-2022-sao-912114518455-01,adj-40c4f3d12c15506c,incident-src-40c4f3d12c15506c,4,adjudication-seed-fia-2022-esp-9eba7bd2599a-01,adj-b1443a946b9a7bc7,incident-src-b1443a946b9a7bc7,0.1,4,attacker_line_candidate|first_lap_candidate|wet_track_candidate|safety_car_restart_candidate,True,time_penalty,5,2,,pre_review_feasibility,True,False,review_priority_only_pending_context_and_conduct_review
adjudication-seed-fia-2022-sao-912114518455-01,adj-40c4f3d12c15506c,incident-src-40c4f3d12c15506c,5,adjudication-seed-fia-2023-jpn-ce0c4d6ce752-01,adj-ac7b841c1ea1648e,incident-src-ac7b841c1ea1648e,0.1,4,attacker_line_candidate|first_lap_candidate|wet_track_candidate|safety_car_restart_candidate,True,time_penalty,5,2,,pre_review_feasibility,True,False,review_priority_only_pending_context_and_conduct_review
adjudication-seed-fia-2022-sao-b61d2a302ed0-01,adj-3700ca1e1401e213,incident-src-3700ca1e1401e213,1,adjudication-seed-fia-2022-bhr-139703df6539-01,adj-f0d0f579c2d29f95,incident-src-f0d0f579c2d29f95,0.0,3,first_lap_candidate|wet_track_candidate|safety_car_restart_candidate,True,time_penalty,5,2,,pre_review_feasibility,True,False,review_priority_only_pending_context_and_conduct_review
adjudication-seed-fia-2022-sao-b61d2a302ed0-01,adj-3700ca1e1401e213,incident-src-3700ca1e1401e213,2,adjudication-seed-fia-2022-sgp-43a8ea523d85-01,adj-f74ed9090eea7d2d,incident-src-f74ed9090eea7d2d,0.0,3,first_lap_candidate|wet_track_candidate|safety_car_restart_candidate,False,no_further_action,,,,pre_review_feasibility,True,True,review_priority_only_pending_context_and_conduct_review
adjudication-seed-fia-2022-sao-b61d2a302ed0-01,adj-3700ca1e1401e213,incident-src-3700ca1e1401e213,3,adjudication-seed-fia-2022-usa-77995d83458f-01,adj-9c5057e738e04730,incident-src-9c5057e738e04730,0.0,3,first_lap_candidate|wet_track_candidate|safety_car_restart_candidate,True,time_penalty,5,2,,pre_review_feasibility,True,False,review_priority_only_pending_context_and_conduct_review
adjudication-seed-fia-2022-sao-b61d2a302ed0-01,adj-3700ca1e1401e213,incident-src-3700ca1e1401e213,4,adjudication-seed-fia-2023-aus-0144b2323236-01,adj-3ccb9c1bd9cedb01,incident-group-fba25307a3d5ad50,0.0,3,first_lap_candidate|wet_track_candidate|safety_car_restart_candidate,False,no_further_action,,,,pre_review_feasibility,True,True,review_priority_only_pending_context_and_conduct_review
adjudication-seed-fia-2022-sao-b61d2a302ed0-01,adj-3700ca1e1401e213,incident-src-3700ca1e1401e213,5,adjudication-seed-fia-2023-aus-039df3ca41c2-01,adj-844c3eb0fcd476be,incident-src-844c3eb0fcd476be,0.0,3,first_lap_candidate|wet_track_candidate|safety_car_restart_candidate,True,time_penalty,5,2,,pre_review_feasibility,True,False,review_priority_only_pending_context_and_conduct_review
adjudication-seed-fia-2022-sao-002711fb5ae0-01,adj-a3a7fbd881640e16,incident-src-a3a7fbd881640e16,1,adjudication-seed-fia-2024-aut-1386e9236666-01,adj-f388f903abd92138,incident-src-f388f903abd92138,0.0,3,first_lap_candidate|wet_track_candidate|safety_car_restart_candidate,True,time_penalty,10,2,,pre_review_feasibility,True,False,review_priority_only_pending_context_and_conduct_review
adjudication-seed-fia-2022-sao-002711fb5ae0-01,adj-a3a7fbd881640e16,incident-src-a3a7fbd881640e16,2,adjudication-seed-fia-2023-usa-cf78524f4683-01,adj-b34bfbde37e56841,incident-src-b34bfbde37e56841,0.125,3,first_lap_candidate|wet_track_candidate|safety_car_restart_candidate,False,no_further_action,,,,pre_review_feasibility,True,True,review_priority_only_pending_context_and_conduct_review
adjudication-seed-fia-2022-sao-002711fb5ae0-01,adj-a3a7fbd881640e16,incident-src-a3a7fbd881640e16,3,adjudication-seed-fia-2024-usa-4828e63a6c32-01,adj-649fecee52ee4f6f,incident-src-649fecee52ee4f6f,0.125,3,first_lap_candidate|wet_track_candidate|safety_car_restart_candidate,True,time_penalty,5,,,pre_review_feasibility,True,False,review_priority_only_pending_context_and_conduct_review
adjudication-seed-fia-2022-sao-002711fb5ae0-01,adj-a3a7fbd881640e16,incident-src-a3a7fbd881640e16,4,adjudication-seed-fia-2022-aut-ab1a77f87104-01,adj-543da3861599debe,incident-src-543da3861599debe,0.2,3,first_lap_candidate|wet_track_candidate|safety_car_restart_candidate,True,time_penalty,5,2,,pre_review_feasibility,True,False,review_priority_only_pending_context_and_conduct_review
adjudication-seed-fia-2022-sao-1389f4a1ad53-01,adj-e01a3f0d7bc0ac4d,incident-src-e01a3f0d7bc0ac4d,1,adjudication-seed-fia-2024-chn-d3b9af164caf-01,adj-1b908ee0c8888db7,incident-src-1b908ee0c8888db7,0.0,3,first_lap_candidate|wet_track_candidate|safety_car_restart_candidate,True,time_penalty,10,3,,pre_review_feasibility,True,False,review_priority_only_pending_context_and_conduct_review
adjudication-seed-fia-2022-sao-1389f4a1ad53-01,adj-e01a3f0d7bc0ac4d,incident-src-e01a3f0d7bc0ac4d,2,adjudication-seed-fia-2023-qat-002060120e1b-01,adj-2bb6a3e3238bf797,incident-group-3d3328a390c3ac33,0.2,3,first_lap_candidate|wet_track_candidate|safety_car_restart_candidate,False,no_further_action,,,,pre_review_feasibility,True,True,review_priority_only_pending_context_and_conduct_review
adjudication-seed-fia-2022-sao-1389f4a1ad53-01,adj-e01a3f0d7bc0ac4d,incident-src-e01a3f0d7bc0ac4d,3,adjudication-seed-fia-2023-qat-8a64aec7daf5-01,adj-3963f9cb2db8ec33,incident-group-3d3328a390c3ac33,0.2,3,first_lap_candidate|wet_track_candidate|safety_car_restart_candidate,False,no_further_action,,,,pre_review_feasibility,True,True,review_priority_only_pending_context_and_conduct_review
adjudication-seed-fia-2022-sao-1389f4a1ad53-01,adj-e01a3f0d7bc0ac4d,incident-src-e01a3f0d7bc0ac4d,4,adjudication-seed-fia-2023-qat-9b045d16fdac-01,adj-be81901bac03674e,incident-group-3d3328a390c3ac33,0.2,3,first_lap_candidate|wet_track_candidate|safety_car_restart_candidate,False,no_further_action,,,,pre_review_feasibility,True,True,review_priority_only_pending_context_and_conduct_review
adjudication-seed-fia-2022-sao-1389f4a1ad53-01,adj-e01a3f0d7bc0ac4d,incident-src-e01a3f0d7bc0ac4d,5,adjudication-seed-fia-2024-mia-86547ded7d12-01,adj-66a7d8add9666258,incident-group-86e2a514b5312efc,0.3333333333333333,3,first_lap_candidate|wet_track_candidate|safety_car_restart_candidate,False,no_further_action,,,,pre_review_feasibility,True,True,review_priority_only_pending_context_and_conduct_review
adjudication-seed-fia-2022-sau-626edbbd5a3a-01,adj-3baf9aacecb5c6e5,incident-src-3baf9aacecb5c6e5,1,adjudication-seed-fia-2022-sao-695fd61e1d50-01,adj-96f32b26fd720b87,incident-src-96f32b26fd720b87,0.0,4,attacker_line_candidate|first_lap_candidate|wet_track_candidate|safety_car_restart_candidate,True,time_penalty,5,2,,pre_review_feasibility,True,False,review_priority_only_pending_context_and_conduct_review
adjudication-seed-fia-2022-sau-626edbbd5a3a-01,adj-3baf9aacecb5c6e5,incident-src-3baf9aacecb5c6e5,2,adjudication-seed-fia-2023-can-572578a57a9b-01,adj-bc46b8ef7db29a9f,incident-src-bc46b8ef7db29a9f,0.0,4,attacker_line_candidate|first_lap_candidate|wet_track_candidate|safety_car_restart_candidate,False,no_further_action,,,,pre_review_feasibility,True,True,review_priority_only_pending_context_and_conduct_review
adjudication-seed-fia-2022-sau-626edbbd5a3a-01,adj-3baf9aacecb5c6e5,incident-src-3baf9aacecb5c6e5,3,adjudication-seed-fia-2023-can-79ff129eac93-01,adj-59a7fa0595802b73,incident-src-59a7fa0595802b73,0.0,4,attacker_line_candidate|first_lap_candidate|wet_track_candidate|safety_car_restart_candidate,False,no_further_action,,,,pre_review_feasibility,True,True,review_priority_only_pending_context_and_conduct_review
adjudication-seed-fia-2022-sau-626edbbd5a3a-01,adj-3baf9aacecb5c6e5,incident-src-3baf9aacecb5c6e5,4,adjudication-seed-fia-2023-ita-06048f646efe-01,adj-c44453d1de46285e,incident-src-c44453d1de46285e,0.0,4,attacker_line_candidate|first_lap_candidate|wet_track_candidate|safety_car_restart_candidate,True,time_penalty,5,2,,pre_review_feasibility,True,False,review_priority_only_pending_context_and_conduct_review
adjudication-seed-fia-2022-sau-626edbbd5a3a-01,adj-3baf9aacecb5c6e5,incident-src-3baf9aacecb5c6e5,5,adjudication-seed-fia-2024-abu-1738c094dc27-01,adj-2e20778ef64918d5,incident-src-2e20778ef64918d5,0.0,4,attacker_line_candidate|first_lap_candidate|wet_track_candidate|safety_car_restart_candidate,True,grid_penalty,,3,5,pre_review_feasibility,True,False,review_priority_only_pending_context_and_conduct_review
adjudication-seed-fia-2022-sau-fa0b9513331c-01,adj-9cb2c84260f7e56e,incident-src-9cb2c84260f7e56e,1,adjudication-seed-fia-2022-jpn-786e23bdcd54-01,adj-b8d4324786805037,incident-src-b8d4324786805037,0.0,3,first_lap_candidate|wet_track_candidate|safety_car_restart_candidate,True,time_penalty,5,1,,pre_review_feasibility,True,False,review_priority_only_pending_context_and_conduct_review
adjudication-seed-fia-2022-sau-fa0b9513331c-01,adj-9cb2c84260f7e56e,incident-src-9cb2c84260f7e56e,2,adjudication-seed-fia-2022-mco-a85320aa2719-01,adj-a3cd03fc1f19e87d,incident-src-a3cd03fc1f19e87d,0.0,3,first_lap_candidate|wet_track_candidate|safety_car_restart_candidate,True,time_penalty,5,1,,pre_review_feasibility,True,False,review_priority_only_pending_context_and_conduct_review
adjudication-seed-fia-2022-sau-fa0b9513331c-01,adj-9cb2c84260f7e56e,incident-src-9cb2c84260f7e56e,3,adjudication-seed-fia-2022-mex-0c20b3af2f45-01,adj-e25cec29abffafb1,incident-src-e25cec29abffafb1,0.0,3,first_lap_candidate|wet_track_candidate|safety_car_restart_candidate,True,time_penalty,5,1,,pre_review_feasibility,True,False,review_priority_only_pending_context_and_conduct_review
adjudication-seed-fia-2022-sau-fa0b9513331c-01,adj-9cb2c84260f7e56e,incident-src-9cb2c84260f7e56e,4,adjudication-seed-fia-2022-mia-3ef5fd2c5510-01,adj-a738d13a55b1a41c,incident-src-a738d13a55b1a41c,0.0,3,first_lap_candidate|wet_track_candidate|safety_car_restart_candidate,True,time_penalty,5,1,,pre_review_feasibility,True,False,review_priority_only_pending_context_and_conduct_review
adjudication-seed-fia-2022-sau-fa0b9513331c-01,adj-9cb2c84260f7e56e,incident-src-9cb2c84260f7e56e,5,adjudication-seed-fia-2022-mia-bbafb6bcc091-01,adj-edbdab17f12114c7,incident-src-edbdab17f12114c7,0.0,3,first_lap_candidate|wet_track_candidate|safety_car_restart_candidate,False,no_further_action,,,,pre_review_feasibility,True,True,review_priority_only_pending_context_and_conduct_review
adjudication-seed-fia-2022-sgp-43a8ea523d85-01,adj-f74ed9090eea7d2d,incident-src-f74ed9090eea7d2d,1,adjudication-seed-fia-2022-bhr-139703df6539-01,adj-f0d0f579c2d29f95,incident-src-f0d0f579c2d29f95,0.0,3,first_lap_candidate|wet_track_candidate|safety_car_restart_candidate,True,time_penalty,5,2,,pre_review_feasibility,False,True,review_priority_only_pending_context_and_conduct_review
adjudication-seed-fia-2022-sgp-43a8ea523d85-01,adj-f74ed9090eea7d2d,incident-src-f74ed9090eea7d2d,2,adjudication-seed-fia-2022-sao-b61d2a302ed0-01,adj-3700ca1e1401e213,incident-src-3700ca1e1401e213,0.0,3,first_lap_candidate|wet_track_candidate|safety_car_restart_candidate,True,grid_penalty,,2,3,pre_review_feasibility,False,True,review_priority_only_pending_context_and_conduct_review
adjudication-seed-fia-2022-sgp-43a8ea523d85-01,adj-f74ed9090eea7d2d,incident-src-f74ed9090eea7d2d,3,adjudication-seed-fia-2022-usa-77995d83458f-01,adj-9c5057e738e04730,incident-src-9c5057e738e04730,0.0,3,first_lap_candidate|wet_track_candidate|safety_car_restart_candidate,True,time_penalty,5,2,,pre_review_feasibility,False,True,review_priority_only_pending_context_and_conduct_review
adjudication-seed-fia-2022-sgp-43a8ea523d85-01,adj-f74ed9090eea7d2d,incident-src-f74ed9090eea7d2d,4,adjudication-seed-fia-2023-aus-0144b2323236-01,adj-3ccb9c1bd9cedb01,incident-group-fba25307a3d5ad50,0.0,3,first_lap_candidate|wet_track_candidate|safety_car_restart_candidate,False,no_further_action,,,,pre_review_feasibility,False,False,review_priority_only_pending_context_and_conduct_review
adjudication-seed-fia-2022-sgp-43a8ea523d85-01,adj-f74ed9090eea7d2d,incident-src-f74ed9090eea7d2d,5,adjudication-seed-fia-2023-aus-039df3ca41c2-01,adj-844c3eb0fcd476be,incident-src-844c3eb0fcd476be,0.0,3,first_lap_candidate|wet_track_candidate|safety_car_restart_candidate,True,time_penalty,5,2,,pre_review_feasibility,False,True,review_priority_only_pending_context_and_conduct_review
adjudication-seed-fia-2022-sgp-f8928d0688eb-01,adj-ef4a6332c1a930b5,incident-src-ef4a6332c1a930b5,1,adjudication-seed-fia-2022-abu-6afd5d82f378-01,adj-5c847c13b64952f6,incident-src-5c847c13b64952f6,0.0,3,first_lap_candidate|wet_track_candidate|safety_car_restart_candidate,True,time_penalty,5,2,,pre_review_feasibility,True,False,review_priority_only_pending_context_and_conduct_review
adjudication-seed-fia-2022-sgp-f8928d0688eb-01,adj-ef4a6332c1a930b5,incident-src-ef4a6332c1a930b5,2,adjudication-seed-fia-2022-fra-5b00af9baee5-01,adj-895a772a98e8bd31,incident-src-895a772a98e8bd31,0.0,3,first_lap_candidate|wet_track_candidate|safety_car_restart_candidate,True,time_penalty,5,2,,pre_review_feasibility,True,False,review_priority_only_pending_context_and_conduct_review
adjudication-seed-fia-2022-sgp-f8928d0688eb-01,adj-ef4a6332c1a930b5,incident-src-ef4a6332c1a930b5,3,adjudication-seed-fia-2022-gbr-81e6a9badf51-01,adj-2f0e84f6cc910eed,incident-src-2f0e84f6cc910eed,0.0,3,first_lap_candidate|wet_track_candidate|safety_car_restart_candidate,True,time_penalty,5,2,,pre_review_feasibility,True,False,review_priority_only_pending_context_and_conduct_review
adjudication-seed-fia-2022-sgp-f8928d0688eb-01,adj-ef4a6332c1a930b5,incident-src-ef4a6332c1a930b5,4,adjudication-seed-fia-2022-mex-9975b4f5dd0e-01,adj-2642da4344825f6e,incident-src-2642da4344825f6e,0.0,3,first_lap_candidate|wet_track_candidate|safety_car_restart_candidate,True,time_penalty,10,2,,pre_review_feasibility,True,False,review_priority_only_pending_context_and_conduct_review
adjudication-seed-fia-2022-sgp-f8928d0688eb-01,adj-ef4a6332c1a930b5,incident-src-ef4a6332c1a930b5,5,adjudication-seed-fia-2022-mia-200cbc833915-01,adj-28c62e2652e40363,incident-src-28c62e2652e40363,0.0,3,first_lap_candidate|wet_track_candidate|safety_car_restart_candidate,False,no_further_action,,,,pre_review_feasibility,True,True,review_priority_only_pending_context_and_conduct_review
adjudication-seed-fia-2022-usa-06bd3fce2943-01,adj-e828b49af09e3c17,incident-src-e828b49af09e3c17,1,adjudication-seed-fia-2022-jpn-786e23bdcd54-01,adj-b8d4324786805037,incident-src-b8d4324786805037,0.0,3,first_lap_candidate|wet_track_candidate|safety_car_restart_candidate,True,time_penalty,5,1,,pre_review_feasibility,True,False,review_priority_only_pending_context_and_conduct_review
adjudication-seed-fia-2022-usa-06bd3fce2943-01,adj-e828b49af09e3c17,incident-src-e828b49af09e3c17,2,adjudication-seed-fia-2022-mco-a85320aa2719-01,adj-a3cd03fc1f19e87d,incident-src-a3cd03fc1f19e87d,0.0,3,first_lap_candidate|wet_track_candidate|safety_car_restart_candidate,True,time_penalty,5,1,,pre_review_feasibility,True,False,review_priority_only_pending_context_and_conduct_review
adjudication-seed-fia-2022-usa-06bd3fce2943-01,adj-e828b49af09e3c17,incident-src-e828b49af09e3c17,3,adjudication-seed-fia-2022-mex-0c20b3af2f45-01,adj-e25cec29abffafb1,incident-src-e25cec29abffafb1,0.0,3,first_lap_candidate|wet_track_candidate|safety_car_restart_candidate,True,time_penalty,5,1,,pre_review_feasibility,True,False,review_priority_only_pending_context_and_conduct_review
adjudication-seed-fia-2022-usa-06bd3fce2943-01,adj-e828b49af09e3c17,incident-src-e828b49af09e3c17,4,adjudication-seed-fia-2022-mia-3ef5fd2c5510-01,adj-a738d13a55b1a41c,incident-src-a738d13a55b1a41c,0.0,3,first_lap_candidate|wet_track_candidate|safety_car_restart_candidate,True,time_penalty,5,1,,pre_review_feasibility,True,False,review_priority_only_pending_context_and_conduct_review
adjudication-seed-fia-2022-usa-06bd3fce2943-01,adj-e828b49af09e3c17,incident-src-e828b49af09e3c17,5,adjudication-seed-fia-2022-mia-bbafb6bcc091-01,adj-edbdab17f12114c7,incident-src-edbdab17f12114c7,0.0,3,first_lap_candidate|wet_track_candidate|safety_car_restart_candidate,False,no_further_action,,,,pre_review_feasibility,True,True,review_priority_only_pending_context_and_conduct_review
adjudication-seed-fia-2022-usa-3fa875d5a85e-01,adj-8056dff0ab98fd58,incident-src-8056dff0ab98fd58,1,adjudication-seed-fia-2022-abu-6afd5d82f378-01,adj-5c847c13b64952f6,incident-src-5c847c13b64952f6,0.0,3,first_lap_candidate|wet_track_candidate|safety_car_restart_candidate,True,time_penalty,5,2,,pre_review_feasibility,True,False,review_priority_only_pending_context_and_conduct_review
adjudication-seed-fia-2022-usa-3fa875d5a85e-01,adj-8056dff0ab98fd58,incident-src-8056dff0ab98fd58,2,adjudication-seed-fia-2022-fra-5b00af9baee5-01,adj-895a772a98e8bd31,incident-src-895a772a98e8bd31,0.0,3,first_lap_candidate|wet_track_candidate|safety_car_restart_candidate,True,time_penalty,5,2,,pre_review_feasibility,True,False,review_priority_only_pending_context_and_conduct_review
adjudication-seed-fia-2022-usa-3fa875d5a85e-01,adj-8056dff0ab98fd58,incident-src-8056dff0ab98fd58,3,adjudication-seed-fia-2022-gbr-81e6a9badf51-01,adj-2f0e84f6cc910eed,incident-src-2f0e84f6cc910eed,0.0,3,first_lap_candidate|wet_track_candidate|safety_car_restart_candidate,True,time_penalty,5,2,,pre_review_feasibility,True,False,review_priority_only_pending_context_and_conduct_review
adjudication-seed-fia-2022-usa-3fa875d5a85e-01,adj-8056dff0ab98fd58,incident-src-8056dff0ab98fd58,4,adjudication-seed-fia-2022-mex-9975b4f5dd0e-01,adj-2642da4344825f6e,incident-src-2642da4344825f6e,0.0,3,first_lap_candidate|wet_track_candidate|safety_car_restart_candidate,True,time_penalty,10,2,,pre_review_feasibility,True,False,review_priority_only_pending_context_and_conduct_review
adjudication-seed-fia-2022-usa-3fa875d5a85e-01,adj-8056dff0ab98fd58,incident-src-8056dff0ab98fd58,5,adjudication-seed-fia-2022-mia-200cbc833915-01,adj-28c62e2652e40363,incident-src-28c62e2652e40363,0.0,3,first_lap_candidate|wet_track_candidate|safety_car_restart_candidate,False,no_further_action,,,,pre_review_feasibility,True,True,review_priority_only_pending_context_and_conduct_review
adjudication-seed-fia-2022-usa-77995d83458f-01,adj-9c5057e738e04730,incident-src-9c5057e738e04730,1,adjudication-seed-fia-2022-bhr-139703df6539-01,adj-f0d0f579c2d29f95,incident-src-f0d0f579c2d29f95,0.0,3,first_lap_candidate|wet_track_candidate|safety_car_restart_candidate,True,time_penalty,5,2,,pre_review_feasibility,True,False,review_priority_only_pending_context_and_conduct_review
adjudication-seed-fia-2022-usa-77995d83458f-01,adj-9c5057e738e04730,incident-src-9c5057e738e04730,2,adjudication-seed-fia-2022-sao-b61d2a302ed0-01,adj-3700ca1e1401e213,incident-src-3700ca1e1401e213,0.0,3,first_lap_candidate|wet_track_candidate|safety_car_restart_candidate,True,grid_penalty,,2,3,pre_review_feasibility,True,False,review_priority_only_pending_context_and_conduct_review
adjudication-seed-fia-2022-usa-77995d83458f-01,adj-9c5057e738e04730,incident-src-9c5057e738e04730,3,adjudication-seed-fia-2022-sgp-43a8ea523d85-01,adj-f74ed9090eea7d2d,incident-src-f74ed9090eea7d2d,0.0,3,first_lap_candidate|wet_track_candidate|safety_car_restart_candidate,False,no_further_action,,,,pre_review_feasibility,True,True,review_priority_only_pending_context_and_conduct_review
adjudication-seed-fia-2022-usa-77995d83458f-01,adj-9c5057e738e04730,incident-src-9c5057e738e04730,4,adjudication-seed-fia-2023-aus-0144b2323236-01,adj-3ccb9c1bd9cedb01,incident-group-fba25307a3d5ad50,0.0,3,first_lap_candidate|wet_track_candidate|safety_car_restart_candidate,False,no_further_action,,,,pre_review_feasibility,True,True,review_priority_only_pending_context_and_conduct_review
adjudication-seed-fia-2022-usa-77995d83458f-01,adj-9c5057e738e04730,incident-src-9c5057e738e04730,5,adjudication-seed-fia-2023-aus-039df3ca41c2-01,adj-844c3eb0fcd476be,incident-src-844c3eb0fcd476be,0.0,3,first_lap_candidate|wet_track_candidate|safety_car_restart_candidate,True,time_penalty,5,2,,pre_review_feasibility,True,False,review_priority_only_pending_context_and_conduct_review
adjudication-seed-fia-2022-usa-be8d3f7fc123-01,adj-cbab2a2368386dd0,incident-src-cbab2a2368386dd0,1,adjudication-seed-fia-2022-abu-6afd5d82f378-01,adj-5c847c13b64952f6,incident-src-5c847c13b64952f6,0.0,3,first_lap_candidate|wet_track_candidate|safety_car_restart_candidate,True,time_penalty,5,2,,pre_review_feasibility,True,False,review_priority_only_pending_context_and_conduct_review
adjudication-seed-fia-2022-usa-be8d3f7fc123-01,adj-cbab2a2368386dd0,incident-src-cbab2a2368386dd0,2,adjudication-seed-fia-2022-fra-5b00af9baee5-01,adj-895a772a98e8bd31,incident-src-895a772a98e8bd31,0.0,3,first_lap_candidate|wet_track_candidate|safety_car_restart_candidate,True,time_penalty,5,2,,pre_review_feasibility,True,False,review_priority_only_pending_context_and_conduct_review
adjudication-seed-fia-2022-usa-be8d3f7fc123-01,adj-cbab2a2368386dd0,incident-src-cbab2a2368386dd0,3,adjudication-seed-fia-2022-gbr-81e6a9badf51-01,adj-2f0e84f6cc910eed,incident-src-2f0e84f6cc910eed,0.0,3,first_lap_candidate|wet_track_candidate|safety_car_restart_candidate,True,time_penalty,5,2,,pre_review_feasibility,True,False,review_priority_only_pending_context_and_conduct_review
adjudication-seed-fia-2022-usa-be8d3f7fc123-01,adj-cbab2a2368386dd0,incident-src-cbab2a2368386dd0,4,adjudication-seed-fia-2022-mex-9975b4f5dd0e-01,adj-2642da4344825f6e,incident-src-2642da4344825f6e,0.0,3,first_lap_candidate|wet_track_candidate|safety_car_restart_candidate,True,time_penalty,10,2,,pre_review_feasibility,True,False,review_priority_only_pending_context_and_conduct_review
adjudication-seed-fia-2022-usa-be8d3f7fc123-01,adj-cbab2a2368386dd0,incident-src-cbab2a2368386dd0,5,adjudication-seed-fia-2022-mia-200cbc833915-01,adj-28c62e2652e40363,incident-src-28c62e2652e40363,0.0,3,first_lap_candidate|wet_track_candidate|safety_car_restart_candidate,False,no_further_action,,,,pre_review_feasibility,True,True,review_priority_only_pending_context_and_conduct_review
adjudication-seed-fia-2023-abu-61d6bbfe959e-01,adj-2dbfd4a2eafd6834,incident-src-2dbfd4a2eafd6834,1,adjudication-seed-fia-2022-abu-6afd5d82f378-01,adj-5c847c13b64952f6,incident-src-5c847c13b64952f6,0.0,3,first_lap_candidate|wet_track_candidate|safety_car_restart_candidate,True,time_penalty,5,2,,pre_review_feasibility,False,True,review_priority_only_pending_context_and_conduct_review
adjudication-seed-fia-2023-abu-61d6bbfe959e-01,adj-2dbfd4a2eafd6834,incident-src-2dbfd4a2eafd6834,2,adjudication-seed-fia-2022-fra-5b00af9baee5-01,adj-895a772a98e8bd31,incident-src-895a772a98e8bd31,0.0,3,first_lap_candidate|wet_track_candidate|safety_car_restart_candidate,True,time_penalty,5,2,,pre_review_feasibility,False,True,review_priority_only_pending_context_and_conduct_review
adjudication-seed-fia-2023-abu-61d6bbfe959e-01,adj-2dbfd4a2eafd6834,incident-src-2dbfd4a2eafd6834,3,adjudication-seed-fia-2022-gbr-81e6a9badf51-01,adj-2f0e84f6cc910eed,incident-src-2f0e84f6cc910eed,0.0,3,first_lap_candidate|wet_track_candidate|safety_car_restart_candidate,True,time_penalty,5,2,,pre_review_feasibility,False,True,review_priority_only_pending_context_and_conduct_review
adjudication-seed-fia-2023-abu-61d6bbfe959e-01,adj-2dbfd4a2eafd6834,incident-src-2dbfd4a2eafd6834,4,adjudication-seed-fia-2022-mex-9975b4f5dd0e-01,adj-2642da4344825f6e,incident-src-2642da4344825f6e,0.0,3,first_lap_candidate|wet_track_candidate|safety_car_restart_candidate,True,time_penalty,10,2,,pre_review_feasibility,False,True,review_priority_only_pending_context_and_conduct_review
adjudication-seed-fia-2023-abu-61d6bbfe959e-01,adj-2dbfd4a2eafd6834,incident-src-2dbfd4a2eafd6834,5,adjudication-seed-fia-2022-mia-200cbc833915-01,adj-28c62e2652e40363,incident-src-28c62e2652e40363,0.0,3,first_lap_candidate|wet_track_candidate|safety_car_restart_candidate,False,no_further_action,,,,pre_review_feasibility,False,False,review_priority_only_pending_context_and_conduct_review
adjudication-seed-fia-2023-abu-bceb18192f57-01,adj-476ced553759f1d7,incident-src-476ced553759f1d7,1,adjudication-seed-fia-2022-mco-97b07e9513b1-01,adj-c7417e575dc4ccd4,incident-src-c7417e575dc4ccd4,0.0,4,overlap_candidate|first_lap_candidate|wet_track_candidate|safety_car_restart_candidate,True,time_penalty,5,1,,pre_review_feasibility,True,False,review_priority_only_pending_context_and_conduct_review
adjudication-seed-fia-2023-abu-bceb18192f57-01,adj-476ced553759f1d7,incident-src-476ced553759f1d7,2,adjudication-seed-fia-2023-lvs-a4a270ae6fd0-01,adj-13ca9edd8c45db6f,incident-src-13ca9edd8c45db6f,0.0,4,overlap_candidate|first_lap_candidate|wet_track_candidate|safety_car_restart_candidate,True,time_penalty,5,2,,pre_review_feasibility,True,False,review_priority_only_pending_context_and_conduct_review
adjudication-seed-fia-2023-abu-bceb18192f57-01,adj-476ced553759f1d7,incident-src-476ced553759f1d7,3,adjudication-seed-fia-2023-mex-6b86d52dd897-01,adj-2d49e6748d813e58,incident-src-2d49e6748d813e58,0.0,4,overlap_candidate|first_lap_candidate|wet_track_candidate|safety_car_restart_candidate,False,no_further_action,,,,pre_review_feasibility,True,True,review_priority_only_pending_context_and_conduct_review
adjudication-seed-fia-2023-abu-bceb18192f57-01,adj-476ced553759f1d7,incident-src-476ced553759f1d7,4,adjudication-seed-fia-2023-mex-9aa5ef85abc1-01,adj-ad1abaf93ca48981,incident-src-ad1abaf93ca48981,0.0,4,overlap_candidate|first_lap_candidate|wet_track_candidate|safety_car_restart_candidate,False,no_further_action,,,,pre_review_feasibility,True,True,review_priority_only_pending_context_and_conduct_review
adjudication-seed-fia-2023-abu-bceb18192f57-01,adj-476ced553759f1d7,incident-src-476ced553759f1d7,5,adjudication-seed-fia-2024-aut-0da607b84c40-01,adj-5005242a503c9174,incident-src-5005242a503c9174,0.0,4,overlap_candidate|first_lap_candidate|wet_track_candidate|safety_car_restart_candidate,True,time_penalty,10,2,,pre_review_feasibility,True,False,review_priority_only_pending_context_and_conduct_review
adjudication-seed-fia-2023-aus-0144b2323236-01,adj-3ccb9c1bd9cedb01,incident-group-fba25307a3d5ad50,1,adjudication-seed-fia-2022-bhr-139703df6539-01,adj-f0d0f579c2d29f95,incident-src-f0d0f579c2d29f95,0.0,3,first_lap_candidate|wet_track_candidate|safety_car_restart_candidate,True,time_penalty,5,2,,pre_review_feasibility,False,True,review_priority_only_pending_context_and_conduct_review
adjudication-seed-fia-2023-aus-0144b2323236-01,adj-3ccb9c1bd9cedb01,incident-group-fba25307a3d5ad50,2,adjudication-seed-fia-2022-sao-b61d2a302ed0-01,adj-3700ca1e1401e213,incident-src-3700ca1e1401e213,0.0,3,first_lap_candidate|wet_track_candidate|safety_car_restart_candidate,True,grid_penalty,,2,3,pre_review_feasibility,False,True,review_priority_only_pending_context_and_conduct_review
adjudication-seed-fia-2023-aus-0144b2323236-01,adj-3ccb9c1bd9cedb01,incident-group-fba25307a3d5ad50,3,adjudication-seed-fia-2022-sgp-43a8ea523d85-01,adj-f74ed9090eea7d2d,incident-src-f74ed9090eea7d2d,0.0,3,first_lap_candidate|wet_track_candidate|safety_car_restart_candidate,False,no_further_action,,,,pre_review_feasibility,False,False,review_priority_only_pending_context_and_conduct_review
adjudication-seed-fia-2023-aus-0144b2323236-01,adj-3ccb9c1bd9cedb01,incident-group-fba25307a3d5ad50,4,adjudication-seed-fia-2022-usa-77995d83458f-01,adj-9c5057e738e04730,incident-src-9c5057e738e04730,0.0,3,first_lap_candidate|wet_track_candidate|safety_car_restart_candidate,True,time_penalty,5,2,,pre_review_feasibility,False,True,review_priority_only_pending_context_and_conduct_review
adjudication-seed-fia-2023-aus-0144b2323236-01,adj-3ccb9c1bd9cedb01,incident-group-fba25307a3d5ad50,5,adjudication-seed-fia-2023-aus-039df3ca41c2-01,adj-844c3eb0fcd476be,incident-src-844c3eb0fcd476be,0.0,3,first_lap_candidate|wet_track_candidate|safety_car_restart_candidate,True,time_penalty,5,2,,pre_review_feasibility,False,True,review_priority_only_pending_context_and_conduct_review
adjudication-seed-fia-2023-aus-039df3ca41c2-01,adj-844c3eb0fcd476be,incident-src-844c3eb0fcd476be,1,adjudication-seed-fia-2022-bhr-139703df6539-01,adj-f0d0f579c2d29f95,incident-src-f0d0f579c2d29f95,0.0,3,first_lap_candidate|wet_track_candidate|safety_car_restart_candidate,True,time_penalty,5,2,,pre_review_feasibility,True,False,review_priority_only_pending_context_and_conduct_review
adjudication-seed-fia-2023-aus-039df3ca41c2-01,adj-844c3eb0fcd476be,incident-src-844c3eb0fcd476be,2,adjudication-seed-fia-2022-sao-b61d2a302ed0-01,adj-3700ca1e1401e213,incident-src-3700ca1e1401e213,0.0,3,first_lap_candidate|wet_track_candidate|safety_car_restart_candidate,True,grid_penalty,,2,3,pre_review_feasibility,True,False,review_priority_only_pending_context_and_conduct_review
adjudication-seed-fia-2023-aus-039df3ca41c2-01,adj-844c3eb0fcd476be,incident-src-844c3eb0fcd476be,3,adjudication-seed-fia-2022-sgp-43a8ea523d85-01,adj-f74ed9090eea7d2d,incident-src-f74ed9090eea7d2d,0.0,3,first_lap_candidate|wet_track_candidate|safety_car_restart_candidate,False,no_further_action,,,,pre_review_feasibility,True,True,review_priority_only_pending_context_and_conduct_review
adjudication-seed-fia-2023-aus-039df3ca41c2-01,adj-844c3eb0fcd476be,incident-src-844c3eb0fcd476be,4,adjudication-seed-fia-2022-usa-77995d83458f-01,adj-9c5057e738e04730,incident-src-9c5057e738e04730,0.0,3,first_lap_candidate|wet_track_candidate|safety_car_restart_candidate,True,time_penalty,5,2,,pre_review_feasibility,True,False,review_priority_only_pending_context_and_conduct_review
adjudication-seed-fia-2023-aus-039df3ca41c2-01,adj-844c3eb0fcd476be,incident-src-844c3eb0fcd476be,5,adjudication-seed-fia-2023-aus-0144b2323236-01,adj-3ccb9c1bd9cedb01,incident-group-fba25307a3d5ad50,0.0,3,first_lap_candidate|wet_track_candidate|safety_car_restart_candidate,False,no_further_action,,,,pre_review_feasibility,True,True,review_priority_only_pending_context_and_conduct_review
adjudication-seed-fia-2023-aus-500bb4f284ba-01,adj-90197ab5c6f59cb7,incident-group-fba25307a3d5ad50,1,adjudication-seed-fia-2022-bhr-139703df6539-01,adj-f0d0f579c2d29f95,incident-src-f0d0f579c2d29f95,0.0,3,first_lap_candidate|wet_track_candidate|safety_car_restart_candidate,True,time_penalty,5,2,,pre_review_feasibility,False,True,review_priority_only_pending_context_and_conduct_review
adjudication-seed-fia-2023-aus-500bb4f284ba-01,adj-90197ab5c6f59cb7,incident-group-fba25307a3d5ad50,2,adjudication-seed-fia-2022-sao-b61d2a302ed0-01,adj-3700ca1e1401e213,incident-src-3700ca1e1401e213,0.0,3,first_lap_candidate|wet_track_candidate|safety_car_restart_candidate,True,grid_penalty,,2,3,pre_review_feasibility,False,True,review_priority_only_pending_context_and_conduct_review
adjudication-seed-fia-2023-aus-500bb4f284ba-01,adj-90197ab5c6f59cb7,incident-group-fba25307a3d5ad50,3,adjudication-seed-fia-2022-sgp-43a8ea523d85-01,adj-f74ed9090eea7d2d,incident-src-f74ed9090eea7d2d,0.0,3,first_lap_candidate|wet_track_candidate|safety_car_restart_candidate,False,no_further_action,,,,pre_review_feasibility,False,False,review_priority_only_pending_context_and_conduct_review
adjudication-seed-fia-2023-aus-500bb4f284ba-01,adj-90197ab5c6f59cb7,incident-group-fba25307a3d5ad50,4,adjudication-seed-fia-2022-usa-77995d83458f-01,adj-9c5057e738e04730,incident-src-9c5057e738e04730,0.0,3,first_lap_candidate|wet_track_candidate|safety_car_restart_candidate,True,time_penalty,5,2,,pre_review_feasibility,False,True,review_priority_only_pending_context_and_conduct_review
adjudication-seed-fia-2023-aus-500bb4f284ba-01,adj-90197ab5c6f59cb7,incident-group-fba25307a3d5ad50,5,adjudication-seed-fia-2023-aus-039df3ca41c2-01,adj-844c3eb0fcd476be,incident-src-844c3eb0fcd476be,0.0,3,first_lap_candidate|wet_track_candidate|safety_car_restart_candidate,True,time_penalty,5,2,,pre_review_feasibility,False,True,review_priority_only_pending_context_and_conduct_review
adjudication-seed-fia-2023-aut-b9a48d1d47b0-01,adj-322e1b8d35cf5618,incident-src-322e1b8d35cf5618,1,adjudication-seed-fia-2024-mex-9398d22e8e7e-01,adj-10a8c59210b937e3,incident-src-10a8c59210b937e3,0.0,4,attacker_line_candidate|first_lap_candidate|wet_track_candidate|safety_car_restart_candidate,True,time_penalty,10,2,,pre_review_feasibility,True,False,review_priority_only_pending_context_and_conduct_review
adjudication-seed-fia-2023-aut-b9a48d1d47b0-01,adj-322e1b8d35cf5618,incident-src-322e1b8d35cf5618,2,adjudication-seed-fia-2024-mex-11839f036c68-01,adj-90ff433e4a6ee78a,incident-src-90ff433e4a6ee78a,0.1,4,attacker_line_candidate|first_lap_candidate|wet_track_candidate|safety_car_restart_candidate,False,no_further_action,,,,pre_review_feasibility,True,True,review_priority_only_pending_context_and_conduct_review
adjudication-seed-fia-2023-aut-b9a48d1d47b0-01,adj-322e1b8d35cf5618,incident-src-322e1b8d35cf5618,3,adjudication-seed-fia-2023-esp-d60c194c8ff7-01,adj-b762034ba93ba8b3,incident-src-b762034ba93ba8b3,0.125,3,first_lap_candidate|wet_track_candidate|safety_car_restart_candidate,True,time_penalty,5,1,,pre_review_feasibility,True,False,review_priority_only_pending_context_and_conduct_review
adjudication-seed-fia-2023-aut-b9a48d1d47b0-01,adj-322e1b8d35cf5618,incident-src-322e1b8d35cf5618,4,adjudication-seed-fia-2022-aus-60118fcf81d1-01,adj-752796dd8601031a,incident-src-752796dd8601031a,0.2,3,first_lap_candidate|wet_track_candidate|safety_car_restart_candidate,False,no_further_action,,,,pre_review_feasibility,True,True,review_priority_only_pending_context_and_conduct_review
adjudication-seed-fia-2023-aut-b9a48d1d47b0-01,adj-322e1b8d35cf5618,incident-src-322e1b8d35cf5618,5,adjudication-seed-fia-2022-bhr-3f720bfded90-01,adj-005169f6535a0e91,incident-src-005169f6535a0e91,0.2,3,first_lap_candidate|wet_track_candidate|safety_car_restart_candidate,False,no_further_action,,,,pre_review_feasibility,True,True,review_priority_only_pending_context_and_conduct_review
adjudication-seed-fia-2023-bel-114852357eb8-01,adj-776c2086c0a9c6de,incident-src-776c2086c0a9c6de,1,adjudication-seed-fia-2022-sao-1389f4a1ad53-01,adj-e01a3f0d7bc0ac4d,incident-src-e01a3f0d7bc0ac4d,0.375,3,first_lap_candidate|wet_track_candidate|safety_car_restart_candidate,True,time_penalty,5,2,,pre_review_feasibility,True,False,review_priority_only_pending_context_and_conduct_review
adjudication-seed-fia-2023-bel-114852357eb8-01,adj-776c2086c0a9c6de,incident-src-776c2086c0a9c6de,2,adjudication-seed-fia-2024-chn-d3b9af164caf-01,adj-1b908ee0c8888db7,incident-src-1b908ee0c8888db7,0.375,3,first_lap_candidate|wet_track_candidate|safety_car_restart_candidate,True,time_penalty,10,3,,pre_review_feasibility,True,False,review_priority_only_pending_context_and_conduct_review
adjudication-seed-fia-2023-bel-114852357eb8-01,adj-776c2086c0a9c6de,incident-src-776c2086c0a9c6de,3,adjudication-seed-fia-2023-qat-002060120e1b-01,adj-2bb6a3e3238bf797,incident-group-3d3328a390c3ac33,0.5,4,attacker_line_candidate|first_lap_candidate|wet_track_candidate|safety_car_restart_candidate,False,no_further_action,,,,pre_review_feasibility,True,True,review_priority_only_pending_context_and_conduct_review
adjudication-seed-fia-2023-bel-114852357eb8-01,adj-776c2086c0a9c6de,incident-src-776c2086c0a9c6de,4,adjudication-seed-fia-2023-qat-8a64aec7daf5-01,adj-3963f9cb2db8ec33,incident-group-3d3328a390c3ac33,0.5,4,attacker_line_candidate|first_lap_candidate|wet_track_candidate|safety_car_restart_candidate,False,no_further_action,,,,pre_review_feasibility,True,True,review_priority_only_pending_context_and_conduct_review
adjudication-seed-fia-2023-bel-114852357eb8-01,adj-776c2086c0a9c6de,incident-src-776c2086c0a9c6de,5,adjudication-seed-fia-2023-qat-9b045d16fdac-01,adj-be81901bac03674e,incident-group-3d3328a390c3ac33,0.5,4,attacker_line_candidate|first_lap_candidate|wet_track_candidate|safety_car_restart_candidate,False,no_further_action,,,,pre_review_feasibility,True,True,review_priority_only_pending_context_and_conduct_review
adjudication-seed-fia-2023-can-572578a57a9b-01,adj-bc46b8ef7db29a9f,incident-src-bc46b8ef7db29a9f,1,adjudication-seed-fia-2022-sao-695fd61e1d50-01,adj-96f32b26fd720b87,incident-src-96f32b26fd720b87,0.0,4,attacker_line_candidate|first_lap_candidate|wet_track_candidate|safety_car_restart_candidate,True,time_penalty,5,2,,pre_review_feasibility,False,True,review_priority_only_pending_context_and_conduct_review
adjudication-seed-fia-2023-can-572578a57a9b-01,adj-bc46b8ef7db29a9f,incident-src-bc46b8ef7db29a9f,2,adjudication-seed-fia-2022-sau-626edbbd5a3a-01,adj-3baf9aacecb5c6e5,incident-src-3baf9aacecb5c6e5,0.0,4,attacker_line_candidate|first_lap_candidate|wet_track_candidate|safety_car_restart_candidate,True,grid_penalty,,2,3,pre_review_feasibility,False,True,review_priority_only_pending_context_and_conduct_review
adjudication-seed-fia-2023-can-572578a57a9b-01,adj-bc46b8ef7db29a9f,incident-src-bc46b8ef7db29a9f,3,adjudication-seed-fia-2023-ita-06048f646efe-01,adj-c44453d1de46285e,incident-src-c44453d1de46285e,0.0,4,attacker_line_candidate|first_lap_candidate|wet_track_candidate|safety_car_restart_candidate,True,time_penalty,5,2,,pre_review_feasibility,False,True,review_priority_only_pending_context_and_conduct_review
adjudication-seed-fia-2023-can-572578a57a9b-01,adj-bc46b8ef7db29a9f,incident-src-bc46b8ef7db29a9f,4,adjudication-seed-fia-2024-abu-1738c094dc27-01,adj-2e20778ef64918d5,incident-src-2e20778ef64918d5,0.0,4,attacker_line_candidate|first_lap_candidate|wet_track_candidate|safety_car_restart_candidate,True,grid_penalty,,3,5,pre_review_feasibility,False,True,review_priority_only_pending_context_and_conduct_review
adjudication-seed-fia-2023-can-572578a57a9b-01,adj-bc46b8ef7db29a9f,incident-src-bc46b8ef7db29a9f,5,adjudication-seed-fia-2024-aut-4d4962053c25-01,adj-b361bfe26bd9fde2,incident-src-b361bfe26bd9fde2,0.0,4,attacker_line_candidate|first_lap_candidate|wet_track_candidate|safety_car_restart_candidate,True,time_penalty,10,2,,pre_review_feasibility,False,True,review_priority_only_pending_context_and_conduct_review
adjudication-seed-fia-2023-can-79ff129eac93-01,adj-59a7fa0595802b73,incident-src-59a7fa0595802b73,1,adjudication-seed-fia-2022-sao-695fd61e1d50-01,adj-96f32b26fd720b87,incident-src-96f32b26fd720b87,0.0,4,attacker_line_candidate|first_lap_candidate|wet_track_candidate|safety_car_restart_candidate,True,time_penalty,5,2,,pre_review_feasibility,False,True,review_priority_only_pending_context_and_conduct_review
adjudication-seed-fia-2023-can-79ff129eac93-01,adj-59a7fa0595802b73,incident-src-59a7fa0595802b73,2,adjudication-seed-fia-2022-sau-626edbbd5a3a-01,adj-3baf9aacecb5c6e5,incident-src-3baf9aacecb5c6e5,0.0,4,attacker_line_candidate|first_lap_candidate|wet_track_candidate|safety_car_restart_candidate,True,grid_penalty,,2,3,pre_review_feasibility,False,True,review_priority_only_pending_context_and_conduct_review
adjudication-seed-fia-2023-can-79ff129eac93-01,adj-59a7fa0595802b73,incident-src-59a7fa0595802b73,3,adjudication-seed-fia-2023-ita-06048f646efe-01,adj-c44453d1de46285e,incident-src-c44453d1de46285e,0.0,4,attacker_line_candidate|first_lap_candidate|wet_track_candidate|safety_car_restart_candidate,True,time_penalty,5,2,,pre_review_feasibility,False,True,review_priority_only_pending_context_and_conduct_review
adjudication-seed-fia-2023-can-79ff129eac93-01,adj-59a7fa0595802b73,incident-src-59a7fa0595802b73,4,adjudication-seed-fia-2024-abu-1738c094dc27-01,adj-2e20778ef64918d5,incident-src-2e20778ef64918d5,0.0,4,attacker_line_candidate|first_lap_candidate|wet_track_candidate|safety_car_restart_candidate,True,grid_penalty,,3,5,pre_review_feasibility,False,True,review_priority_only_pending_context_and_conduct_review
adjudication-seed-fia-2023-can-79ff129eac93-01,adj-59a7fa0595802b73,incident-src-59a7fa0595802b73,5,adjudication-seed-fia-2024-aut-4d4962053c25-01,adj-b361bfe26bd9fde2,incident-src-b361bfe26bd9fde2,0.0,4,attacker_line_candidate|first_lap_candidate|wet_track_candidate|safety_car_restart_candidate,True,time_penalty,10,2,,pre_review_feasibility,False,True,review_priority_only_pending_context_and_conduct_review
adjudication-seed-fia-2023-esp-d60c194c8ff7-01,adj-b762034ba93ba8b3,incident-src-b762034ba93ba8b3,1,adjudication-seed-fia-2022-aus-60118fcf81d1-01,adj-752796dd8601031a,incident-src-752796dd8601031a,0.125,3,first_lap_candidate|wet_track_candidate|safety_car_restart_candidate,False,no_further_action,,,,pre_review_feasibility,True,True,review_priority_only_pending_context_and_conduct_review
adjudication-seed-fia-2023-esp-d60c194c8ff7-01,adj-b762034ba93ba8b3,incident-src-b762034ba93ba8b3,2,adjudication-seed-fia-2022-bhr-3f720bfded90-01,adj-005169f6535a0e91,incident-src-005169f6535a0e91,0.125,3,first_lap_candidate|wet_track_candidate|safety_car_restart_candidate,False,no_further_action,,,,pre_review_feasibility,True,True,review_priority_only_pending_context_and_conduct_review
adjudication-seed-fia-2023-esp-d60c194c8ff7-01,adj-b762034ba93ba8b3,incident-src-b762034ba93ba8b3,3,adjudication-seed-fia-2023-aut-b9a48d1d47b0-01,adj-322e1b8d35cf5618,incident-src-322e1b8d35cf5618,0.125,3,first_lap_candidate|wet_track_candidate|safety_car_restart_candidate,True,time_penalty,5,2,,pre_review_feasibility,True,False,review_priority_only_pending_context_and_conduct_review
adjudication-seed-fia-2023-esp-d60c194c8ff7-01,adj-b762034ba93ba8b3,incident-src-b762034ba93ba8b3,4,adjudication-seed-fia-2024-chn-4196fcc2964f-01,adj-d73632383a18fd68,incident-src-d73632383a18fd68,0.125,3,first_lap_candidate|wet_track_candidate|safety_car_restart_candidate,False,no_further_action,,,,pre_review_feasibility,True,True,review_priority_only_pending_context_and_conduct_review
adjudication-seed-fia-2023-esp-d60c194c8ff7-01,adj-b762034ba93ba8b3,incident-src-b762034ba93ba8b3,5,adjudication-seed-fia-2024-chn-b693963070bc-01,adj-f8191026c986c048,incident-src-f8191026c986c048,0.125,3,first_lap_candidate|wet_track_candidate|safety_car_restart_candidate,False,no_further_action,,,,pre_review_feasibility,True,True,review_priority_only_pending_context_and_conduct_review
adjudication-seed-fia-2023-gbr-c357ab019929-01,adj-f17f068e5fcade97,incident-src-f17f068e5fcade97,1,adjudication-seed-fia-2022-abu-6afd5d82f378-01,adj-5c847c13b64952f6,incident-src-5c847c13b64952f6,0.0,3,first_lap_candidate|wet_track_candidate|safety_car_restart_candidate,True,time_penalty,5,2,,pre_review_feasibility,True,False,review_priority_only_pending_context_and_conduct_review
adjudication-seed-fia-2023-gbr-c357ab019929-01,adj-f17f068e5fcade97,incident-src-f17f068e5fcade97,2,adjudication-seed-fia-2022-fra-5b00af9baee5-01,adj-895a772a98e8bd31,incident-src-895a772a98e8bd31,0.0,3,first_lap_candidate|wet_track_candidate|safety_car_restart_candidate,True,time_penalty,5,2,,pre_review_feasibility,True,False,review_priority_only_pending_context_and_conduct_review
adjudication-seed-fia-2023-gbr-c357ab019929-01,adj-f17f068e5fcade97,incident-src-f17f068e5fcade97,3,adjudication-seed-fia-2022-gbr-81e6a9badf51-01,adj-2f0e84f6cc910eed,incident-src-2f0e84f6cc910eed,0.0,3,first_lap_candidate|wet_track_candidate|safety_car_restart_candidate,True,time_penalty,5,2,,pre_review_feasibility,True,False,review_priority_only_pending_context_and_conduct_review
adjudication-seed-fia-2023-gbr-c357ab019929-01,adj-f17f068e5fcade97,incident-src-f17f068e5fcade97,4,adjudication-seed-fia-2022-mex-9975b4f5dd0e-01,adj-2642da4344825f6e,incident-src-2642da4344825f6e,0.0,3,first_lap_candidate|wet_track_candidate|safety_car_restart_candidate,True,time_penalty,10,2,,pre_review_feasibility,True,False,review_priority_only_pending_context_and_conduct_review
adjudication-seed-fia-2023-gbr-c357ab019929-01,adj-f17f068e5fcade97,incident-src-f17f068e5fcade97,5,adjudication-seed-fia-2022-mia-200cbc833915-01,adj-28c62e2652e40363,incident-src-28c62e2652e40363,0.0,3,first_lap_candidate|wet_track_candidate|safety_car_restart_candidate,False,no_further_action,,,,pre_review_feasibility,True,True,review_priority_only_pending_context_and_conduct_review
adjudication-seed-fia-2023-hun-0707a92a8ea9-01,adj-c8f5cfeb2f7e6b47,incident-src-c8f5cfeb2f7e6b47,1,adjudication-seed-fia-2022-bhr-139703df6539-01,adj-f0d0f579c2d29f95,incident-src-f0d0f579c2d29f95,0.0,3,first_lap_candidate|wet_track_candidate|safety_car_restart_candidate,True,time_penalty,5,2,,pre_review_feasibility,True,False,review_priority_only_pending_context_and_conduct_review
adjudication-seed-fia-2023-hun-0707a92a8ea9-01,adj-c8f5cfeb2f7e6b47,incident-src-c8f5cfeb2f7e6b47,2,adjudication-seed-fia-2022-sao-b61d2a302ed0-01,adj-3700ca1e1401e213,incident-src-3700ca1e1401e213,0.0,3,first_lap_candidate|wet_track_candidate|safety_car_restart_candidate,True,grid_penalty,,2,3,pre_review_feasibility,True,False,review_priority_only_pending_context_and_conduct_review
adjudication-seed-fia-2023-hun-0707a92a8ea9-01,adj-c8f5cfeb2f7e6b47,incident-src-c8f5cfeb2f7e6b47,3,adjudication-seed-fia-2022-sgp-43a8ea523d85-01,adj-f74ed9090eea7d2d,incident-src-f74ed9090eea7d2d,0.0,3,first_lap_candidate|wet_track_candidate|safety_car_restart_candidate,False,no_further_action,,,,pre_review_feasibility,True,True,review_priority_only_pending_context_and_conduct_review
adjudication-seed-fia-2023-hun-0707a92a8ea9-01,adj-c8f5cfeb2f7e6b47,incident-src-c8f5cfeb2f7e6b47,4,adjudication-seed-fia-2022-usa-77995d83458f-01,adj-9c5057e738e04730,incident-src-9c5057e738e04730,0.0,3,first_lap_candidate|wet_track_candidate|safety_car_restart_candidate,True,time_penalty,5,2,,pre_review_feasibility,True,False,review_priority_only_pending_context_and_conduct_review
adjudication-seed-fia-2023-hun-0707a92a8ea9-01,adj-c8f5cfeb2f7e6b47,incident-src-c8f5cfeb2f7e6b47,5,adjudication-seed-fia-2023-aus-0144b2323236-01,adj-3ccb9c1bd9cedb01,incident-group-fba25307a3d5ad50,0.0,3,first_lap_candidate|wet_track_candidate|safety_car_restart_candidate,False,no_further_action,,,,pre_review_feasibility,True,True,review_priority_only_pending_context_and_conduct_review
adjudication-seed-fia-2023-ita-06048f646efe-01,adj-c44453d1de46285e,incident-src-c44453d1de46285e,1,adjudication-seed-fia-2022-sao-695fd61e1d50-01,adj-96f32b26fd720b87,incident-src-96f32b26fd720b87,0.0,4,attacker_line_candidate|first_lap_candidate|wet_track_candidate|safety_car_restart_candidate,True,time_penalty,5,2,,pre_review_feasibility,True,False,review_priority_only_pending_context_and_conduct_review
adjudication-seed-fia-2023-ita-06048f646efe-01,adj-c44453d1de46285e,incident-src-c44453d1de46285e,2,adjudication-seed-fia-2022-sau-626edbbd5a3a-01,adj-3baf9aacecb5c6e5,incident-src-3baf9aacecb5c6e5,0.0,4,attacker_line_candidate|first_lap_candidate|wet_track_candidate|safety_car_restart_candidate,True,grid_penalty,,2,3,pre_review_feasibility,True,False,review_priority_only_pending_context_and_conduct_review
adjudication-seed-fia-2023-ita-06048f646efe-01,adj-c44453d1de46285e,incident-src-c44453d1de46285e,3,adjudication-seed-fia-2023-can-572578a57a9b-01,adj-bc46b8ef7db29a9f,incident-src-bc46b8ef7db29a9f,0.0,4,attacker_line_candidate|first_lap_candidate|wet_track_candidate|safety_car_restart_candidate,False,no_further_action,,,,pre_review_feasibility,True,True,review_priority_only_pending_context_and_conduct_review
adjudication-seed-fia-2023-ita-06048f646efe-01,adj-c44453d1de46285e,incident-src-c44453d1de46285e,4,adjudication-seed-fia-2023-can-79ff129eac93-01,adj-59a7fa0595802b73,incident-src-59a7fa0595802b73,0.0,4,attacker_line_candidate|first_lap_candidate|wet_track_candidate|safety_car_restart_candidate,False,no_further_action,,,,pre_review_feasibility,True,True,review_priority_only_pending_context_and_conduct_review
adjudication-seed-fia-2023-ita-06048f646efe-01,adj-c44453d1de46285e,incident-src-c44453d1de46285e,5,adjudication-seed-fia-2024-abu-1738c094dc27-01,adj-2e20778ef64918d5,incident-src-2e20778ef64918d5,0.0,4,attacker_line_candidate|first_lap_candidate|wet_track_candidate|safety_car_restart_candidate,True,grid_penalty,,3,5,pre_review_feasibility,True,False,review_priority_only_pending_context_and_conduct_review
adjudication-seed-fia-2023-ita-695ef0d50644-01,adj-54e879286ae14a87,incident-src-54e879286ae14a87,1,adjudication-seed-fia-2024-mex-f2d0b4da1ba3-01,adj-e29345f3745be8dd,incident-src-e29345f3745be8dd,0.0,4,attacker_line_candidate|first_lap_candidate|wet_track_candidate|safety_car_restart_candidate,True,time_penalty,10,,,pre_review_feasibility,True,False,review_priority_only_pending_context_and_conduct_review
adjudication-seed-fia-2023-ita-695ef0d50644-01,adj-54e879286ae14a87,incident-src-54e879286ae14a87,2,adjudication-seed-fia-2022-jpn-786e23bdcd54-01,adj-b8d4324786805037,incident-src-b8d4324786805037,0.125,3,first_lap_candidate|wet_track_candidate|safety_car_restart_candidate,True,time_penalty,5,1,,pre_review_feasibility,True,False,review_priority_only_pending_context_and_conduct_review
adjudication-seed-fia-2023-ita-695ef0d50644-01,adj-54e879286ae14a87,incident-src-54e879286ae14a87,3,adjudication-seed-fia-2022-mco-a85320aa2719-01,adj-a3cd03fc1f19e87d,incident-src-a3cd03fc1f19e87d,0.125,3,first_lap_candidate|wet_track_candidate|safety_car_restart_candidate,True,time_penalty,5,1,,pre_review_feasibility,True,False,review_priority_only_pending_context_and_conduct_review
adjudication-seed-fia-2023-ita-695ef0d50644-01,adj-54e879286ae14a87,incident-src-54e879286ae14a87,4,adjudication-seed-fia-2022-mex-0c20b3af2f45-01,adj-e25cec29abffafb1,incident-src-e25cec29abffafb1,0.125,3,first_lap_candidate|wet_track_candidate|safety_car_restart_candidate,True,time_penalty,5,1,,pre_review_feasibility,True,False,review_priority_only_pending_context_and_conduct_review
adjudication-seed-fia-2023-ita-695ef0d50644-01,adj-54e879286ae14a87,incident-src-54e879286ae14a87,5,adjudication-seed-fia-2022-mia-3ef5fd2c5510-01,adj-a738d13a55b1a41c,incident-src-a738d13a55b1a41c,0.125,3,first_lap_candidate|wet_track_candidate|safety_car_restart_candidate,True,time_penalty,5,1,,pre_review_feasibility,True,False,review_priority_only_pending_context_and_conduct_review
adjudication-seed-fia-2023-ita-c07ce16b4e46-01,adj-aa926d6db0e47df5,incident-src-aa926d6db0e47df5,1,adjudication-seed-fia-2022-abu-6afd5d82f378-01,adj-5c847c13b64952f6,incident-src-5c847c13b64952f6,0.0,3,first_lap_candidate|wet_track_candidate|safety_car_restart_candidate,True,time_penalty,5,2,,pre_review_feasibility,True,False,review_priority_only_pending_context_and_conduct_review
adjudication-seed-fia-2023-ita-c07ce16b4e46-01,adj-aa926d6db0e47df5,incident-src-aa926d6db0e47df5,2,adjudication-seed-fia-2022-fra-5b00af9baee5-01,adj-895a772a98e8bd31,incident-src-895a772a98e8bd31,0.0,3,first_lap_candidate|wet_track_candidate|safety_car_restart_candidate,True,time_penalty,5,2,,pre_review_feasibility,True,False,review_priority_only_pending_context_and_conduct_review
adjudication-seed-fia-2023-ita-c07ce16b4e46-01,adj-aa926d6db0e47df5,incident-src-aa926d6db0e47df5,3,adjudication-seed-fia-2022-gbr-81e6a9badf51-01,adj-2f0e84f6cc910eed,incident-src-2f0e84f6cc910eed,0.0,3,first_lap_candidate|wet_track_candidate|safety_car_restart_candidate,True,time_penalty,5,2,,pre_review_feasibility,True,False,review_priority_only_pending_context_and_conduct_review
adjudication-seed-fia-2023-ita-c07ce16b4e46-01,adj-aa926d6db0e47df5,incident-src-aa926d6db0e47df5,4,adjudication-seed-fia-2022-mex-9975b4f5dd0e-01,adj-2642da4344825f6e,incident-src-2642da4344825f6e,0.0,3,first_lap_candidate|wet_track_candidate|safety_car_restart_candidate,True,time_penalty,10,2,,pre_review_feasibility,True,False,review_priority_only_pending_context_and_conduct_review
adjudication-seed-fia-2023-ita-c07ce16b4e46-01,adj-aa926d6db0e47df5,incident-src-aa926d6db0e47df5,5,adjudication-seed-fia-2022-mia-200cbc833915-01,adj-28c62e2652e40363,incident-src-28c62e2652e40363,0.0,3,first_lap_candidate|wet_track_candidate|safety_car_restart_candidate,False,no_further_action,,,,pre_review_feasibility,True,True,review_priority_only_pending_context_and_conduct_review
adjudication-seed-fia-2023-ita-de884677f296-01,adj-abd5652e3930b04c,incident-src-abd5652e3930b04c,1,adjudication-seed-fia-2022-jpn-786e23bdcd54-01,adj-b8d4324786805037,incident-src-b8d4324786805037,0.0,3,first_lap_candidate|wet_track_candidate|safety_car_restart_candidate,True,time_penalty,5,1,,pre_review_feasibility,True,False,review_priority_only_pending_context_and_conduct_review
adjudication-seed-fia-2023-ita-de884677f296-01,adj-abd5652e3930b04c,incident-src-abd5652e3930b04c,2,adjudication-seed-fia-2022-mco-a85320aa2719-01,adj-a3cd03fc1f19e87d,incident-src-a3cd03fc1f19e87d,0.0,3,first_lap_candidate|wet_track_candidate|safety_car_restart_candidate,True,time_penalty,5,1,,pre_review_feasibility,True,False,review_priority_only_pending_context_and_conduct_review
adjudication-seed-fia-2023-ita-de884677f296-01,adj-abd5652e3930b04c,incident-src-abd5652e3930b04c,3,adjudication-seed-fia-2022-mex-0c20b3af2f45-01,adj-e25cec29abffafb1,incident-src-e25cec29abffafb1,0.0,3,first_lap_candidate|wet_track_candidate|safety_car_restart_candidate,True,time_penalty,5,1,,pre_review_feasibility,True,False,review_priority_only_pending_context_and_conduct_review
adjudication-seed-fia-2023-ita-de884677f296-01,adj-abd5652e3930b04c,incident-src-abd5652e3930b04c,4,adjudication-seed-fia-2022-mia-3ef5fd2c5510-01,adj-a738d13a55b1a41c,incident-src-a738d13a55b1a41c,0.0,3,first_lap_candidate|wet_track_candidate|safety_car_restart_candidate,True,time_penalty,5,1,,pre_review_feasibility,True,False,review_priority_only_pending_context_and_conduct_review
adjudication-seed-fia-2023-ita-de884677f296-01,adj-abd5652e3930b04c,incident-src-abd5652e3930b04c,5,adjudication-seed-fia-2022-mia-bbafb6bcc091-01,adj-edbdab17f12114c7,incident-src-edbdab17f12114c7,0.0,3,first_lap_candidate|wet_track_candidate|safety_car_restart_candidate,False,no_further_action,,,,pre_review_feasibility,True,True,review_priority_only_pending_context_and_conduct_review
adjudication-seed-fia-2023-jpn-45592291a09c-01,adj-478d73ac843b6a2b,incident-src-478d73ac843b6a2b,1,adjudication-seed-fia-2022-mco-97b07e9513b1-01,adj-c7417e575dc4ccd4,incident-src-c7417e575dc4ccd4,0.1,4,overlap_candidate|first_lap_candidate|wet_track_candidate|safety_car_restart_candidate,True,time_penalty,5,1,,pre_review_feasibility,True,False,review_priority_only_pending_context_and_conduct_review
adjudication-seed-fia-2023-jpn-45592291a09c-01,adj-478d73ac843b6a2b,incident-src-478d73ac843b6a2b,2,adjudication-seed-fia-2022-sao-695fd61e1d50-01,adj-96f32b26fd720b87,incident-src-96f32b26fd720b87,0.1,4,attacker_line_candidate|first_lap_candidate|wet_track_candidate|safety_car_restart_candidate,True,time_penalty,5,2,,pre_review_feasibility,True,False,review_priority_only_pending_context_and_conduct_review
adjudication-seed-fia-2023-jpn-45592291a09c-01,adj-478d73ac843b6a2b,incident-src-478d73ac843b6a2b,3,adjudication-seed-fia-2022-sau-626edbbd5a3a-01,adj-3baf9aacecb5c6e5,incident-src-3baf9aacecb5c6e5,0.1,4,attacker_line_candidate|first_lap_candidate|wet_track_candidate|safety_car_restart_candidate,True,grid_penalty,,2,3,pre_review_feasibility,True,False,review_priority_only_pending_context_and_conduct_review
adjudication-seed-fia-2023-jpn-45592291a09c-01,adj-478d73ac843b6a2b,incident-src-478d73ac843b6a2b,4,adjudication-seed-fia-2023-abu-bceb18192f57-01,adj-476ced553759f1d7,incident-src-476ced553759f1d7,0.1,4,overlap_candidate|first_lap_candidate|wet_track_candidate|safety_car_restart_candidate,True,time_penalty,5,2,,pre_review_feasibility,True,False,review_priority_only_pending_context_and_conduct_review
adjudication-seed-fia-2023-jpn-45592291a09c-01,adj-478d73ac843b6a2b,incident-src-478d73ac843b6a2b,5,adjudication-seed-fia-2023-can-572578a57a9b-01,adj-bc46b8ef7db29a9f,incident-src-bc46b8ef7db29a9f,0.1,4,attacker_line_candidate|first_lap_candidate|wet_track_candidate|safety_car_restart_candidate,False,no_further_action,,,,pre_review_feasibility,True,True,review_priority_only_pending_context_and_conduct_review
adjudication-seed-fia-2023-jpn-ce0c4d6ce752-01,adj-ac7b841c1ea1648e,incident-src-ac7b841c1ea1648e,1,adjudication-seed-fia-2022-aut-0b612be0b626-01,adj-ea983bef6c710033,incident-src-ea983bef6c710033,0.0,5,attacker_line_candidate|overlap_candidate|first_lap_candidate|wet_track_candidate|safety_car_restart_candidate,True,time_penalty,5,2,,pre_review_feasibility,True,False,review_priority_only_pending_context_and_conduct_review
adjudication-seed-fia-2023-jpn-ce0c4d6ce752-01,adj-ac7b841c1ea1648e,incident-src-ac7b841c1ea1648e,2,adjudication-seed-fia-2022-esp-9eba7bd2599a-01,adj-b1443a946b9a7bc7,incident-src-b1443a946b9a7bc7,0.0,5,attacker_line_candidate|overlap_candidate|first_lap_candidate|wet_track_candidate|safety_car_restart_candidate,True,time_penalty,5,2,,pre_review_feasibility,True,False,review_priority_only_pending_context_and_conduct_review
adjudication-seed-fia-2023-jpn-ce0c4d6ce752-01,adj-ac7b841c1ea1648e,incident-src-ac7b841c1ea1648e,3,adjudication-seed-fia-2024-can-2d45bb0945a9-01,adj-08975f5bf7e53df4,incident-group-1f0e1655ef842f90,0.0,5,attacker_line_candidate|overlap_candidate|first_lap_candidate|wet_track_candidate|safety_car_restart_candidate,False,no_further_action,,,,pre_review_feasibility,True,True,review_priority_only_pending_context_and_conduct_review
adjudication-seed-fia-2023-jpn-ce0c4d6ce752-01,adj-ac7b841c1ea1648e,incident-src-ac7b841c1ea1648e,4,adjudication-seed-fia-2024-can-546aad3f9319-01,adj-d710238ee5f893bf,incident-group-1f0e1655ef842f90,0.0,5,attacker_line_candidate|overlap_candidate|first_lap_candidate|wet_track_candidate|safety_car_restart_candidate,False,no_further_action,,,,pre_review_feasibility,True,True,review_priority_only_pending_context_and_conduct_review
adjudication-seed-fia-2023-jpn-ce0c4d6ce752-01,adj-ac7b841c1ea1648e,incident-src-ac7b841c1ea1648e,5,adjudication-seed-fia-2024-mex-c52d53ba8a48-01,adj-c66b11904508fc88,incident-src-c66b11904508fc88,0.0,5,attacker_line_candidate|overlap_candidate|first_lap_candidate|wet_track_candidate|safety_car_restart_candidate,True,time_penalty,10,2,,pre_review_feasibility,True,False,review_priority_only_pending_context_and_conduct_review
adjudication-seed-fia-2023-lvs-477cbe1a4d5c-01,adj-d7ab78271e2eba13,incident-src-d7ab78271e2eba13,1,adjudication-seed-fia-2024-ita-5774aa14322d-01,adj-f93d1bf0be920795,incident-src-f93d1bf0be920795,0.0,3,first_lap_candidate|wet_track_candidate|safety_car_restart_candidate,True,time_penalty,5,1,,pre_review_feasibility,True,False,review_priority_only_pending_context_and_conduct_review
adjudication-seed-fia-2023-lvs-477cbe1a4d5c-01,adj-d7ab78271e2eba13,incident-src-d7ab78271e2eba13,2,adjudication-seed-fia-2023-esp-d60c194c8ff7-01,adj-b762034ba93ba8b3,incident-src-b762034ba93ba8b3,0.3333333333333333,3,first_lap_candidate|wet_track_candidate|safety_car_restart_candidate,True,time_penalty,5,1,,pre_review_feasibility,True,False,review_priority_only_pending_context_and_conduct_review
adjudication-seed-fia-2023-lvs-477cbe1a4d5c-01,adj-d7ab78271e2eba13,incident-src-d7ab78271e2eba13,3,adjudication-seed-fia-2022-aus-60118fcf81d1-01,adj-752796dd8601031a,incident-src-752796dd8601031a,0.375,3,first_lap_candidate|wet_track_candidate|safety_car_restart_candidate,False,no_further_action,,,,pre_review_feasibility,True,True,review_priority_only_pending_context_and_conduct_review
adjudication-seed-fia-2023-lvs-477cbe1a4d5c-01,adj-d7ab78271e2eba13,incident-src-d7ab78271e2eba13,4,adjudication-seed-fia-2022-bhr-3f720bfded90-01,adj-005169f6535a0e91,incident-src-005169f6535a0e91,0.375,3,first_lap_candidate|wet_track_candidate|safety_car_restart_candidate,False,no_further_action,,,,pre_review_feasibility,True,True,review_priority_only_pending_context_and_conduct_review
adjudication-seed-fia-2023-lvs-477cbe1a4d5c-01,adj-d7ab78271e2eba13,incident-src-d7ab78271e2eba13,5,adjudication-seed-fia-2023-aut-b9a48d1d47b0-01,adj-322e1b8d35cf5618,incident-src-322e1b8d35cf5618,0.375,3,first_lap_candidate|wet_track_candidate|safety_car_restart_candidate,True,time_penalty,5,2,,pre_review_feasibility,True,False,review_priority_only_pending_context_and_conduct_review
adjudication-seed-fia-2023-lvs-a4a270ae6fd0-01,adj-13ca9edd8c45db6f,incident-src-13ca9edd8c45db6f,1,adjudication-seed-fia-2022-mco-97b07e9513b1-01,adj-c7417e575dc4ccd4,incident-src-c7417e575dc4ccd4,0.0,4,overlap_candidate|first_lap_candidate|wet_track_candidate|safety_car_restart_candidate,True,time_penalty,5,1,,pre_review_feasibility,True,False,review_priority_only_pending_context_and_conduct_review
adjudication-seed-fia-2023-lvs-a4a270ae6fd0-01,adj-13ca9edd8c45db6f,incident-src-13ca9edd8c45db6f,2,adjudication-seed-fia-2023-abu-bceb18192f57-01,adj-476ced553759f1d7,incident-src-476ced553759f1d7,0.0,4,overlap_candidate|first_lap_candidate|wet_track_candidate|safety_car_restart_candidate,True,time_penalty,5,2,,pre_review_feasibility,True,False,review_priority_only_pending_context_and_conduct_review
adjudication-seed-fia-2023-lvs-a4a270ae6fd0-01,adj-13ca9edd8c45db6f,incident-src-13ca9edd8c45db6f,3,adjudication-seed-fia-2023-mex-6b86d52dd897-01,adj-2d49e6748d813e58,incident-src-2d49e6748d813e58,0.0,4,overlap_candidate|first_lap_candidate|wet_track_candidate|safety_car_restart_candidate,False,no_further_action,,,,pre_review_feasibility,True,True,review_priority_only_pending_context_and_conduct_review
adjudication-seed-fia-2023-lvs-a4a270ae6fd0-01,adj-13ca9edd8c45db6f,incident-src-13ca9edd8c45db6f,4,adjudication-seed-fia-2023-mex-9aa5ef85abc1-01,adj-ad1abaf93ca48981,incident-src-ad1abaf93ca48981,0.0,4,overlap_candidate|first_lap_candidate|wet_track_candidate|safety_car_restart_candidate,False,no_further_action,,,,pre_review_feasibility,True,True,review_priority_only_pending_context_and_conduct_review
adjudication-seed-fia-2023-lvs-a4a270ae6fd0-01,adj-13ca9edd8c45db6f,incident-src-13ca9edd8c45db6f,5,adjudication-seed-fia-2024-aut-0da607b84c40-01,adj-5005242a503c9174,incident-src-5005242a503c9174,0.0,4,overlap_candidate|first_lap_candidate|wet_track_candidate|safety_car_restart_candidate,True,time_penalty,10,2,,pre_review_feasibility,True,False,review_priority_only_pending_context_and_conduct_review
adjudication-seed-fia-2023-mco-4b0df1c86e92-01,adj-dddf2d8d47ab0fc0,incident-src-dddf2d8d47ab0fc0,1,adjudication-seed-fia-2022-bel-dac27d1c3f36-01,adj-6f98ef40918eece1,incident-src-6f98ef40918eece1,0.0,4,attacker_line_candidate|first_lap_candidate|wet_track_candidate|safety_car_restart_candidate,False,no_further_action,,,,pre_review_feasibility,True,True,review_priority_only_pending_context_and_conduct_review
adjudication-seed-fia-2023-mco-4b0df1c86e92-01,adj-dddf2d8d47ab0fc0,incident-src-dddf2d8d47ab0fc0,2,adjudication-seed-fia-2024-abu-62aed0693198-01,adj-5b76f9299c3d25a5,incident-src-5b76f9299c3d25a5,0.0,4,attacker_line_candidate|first_lap_candidate|wet_track_candidate|safety_car_restart_candidate,True,time_penalty,10,2,,pre_review_feasibility,True,False,review_priority_only_pending_context_and_conduct_review
adjudication-seed-fia-2023-mco-4b0df1c86e92-01,adj-dddf2d8d47ab0fc0,incident-src-dddf2d8d47ab0fc0,3,adjudication-seed-fia-2024-abu-4ec5bc83f9fa-01,adj-8ca9eb32832537c5,incident-src-8ca9eb32832537c5,0.1,4,attacker_line_candidate|first_lap_candidate|wet_track_candidate|safety_car_restart_candidate,True,time_penalty,10,2,,pre_review_feasibility,True,False,review_priority_only_pending_context_and_conduct_review
adjudication-seed-fia-2023-mco-4b0df1c86e92-01,adj-dddf2d8d47ab0fc0,incident-src-dddf2d8d47ab0fc0,4,adjudication-seed-fia-2022-bhr-139703df6539-01,adj-f0d0f579c2d29f95,incident-src-f0d0f579c2d29f95,0.125,3,first_lap_candidate|wet_track_candidate|safety_car_restart_candidate,True,time_penalty,5,2,,pre_review_feasibility,True,False,review_priority_only_pending_context_and_conduct_review
adjudication-seed-fia-2023-mco-4b0df1c86e92-01,adj-dddf2d8d47ab0fc0,incident-src-dddf2d8d47ab0fc0,5,adjudication-seed-fia-2022-sao-b61d2a302ed0-01,adj-3700ca1e1401e213,incident-src-3700ca1e1401e213,0.125,3,first_lap_candidate|wet_track_candidate|safety_car_restart_candidate,True,grid_penalty,,2,3,pre_review_feasibility,True,False,review_priority_only_pending_context_and_conduct_review
adjudication-seed-fia-2023-mco-714f0af99f3c-01,adj-fbe0c3835d72fcf2,incident-src-fbe0c3835d72fcf2,1,adjudication-seed-fia-2023-qat-925cce82b462-01,adj-b485215d0d2901c7,incident-src-b485215d0d2901c7,0.0,3,first_lap_candidate|wet_track_candidate|safety_car_restart_candidate,True,reprimand,,,,pre_review_feasibility,True,False,review_priority_only_pending_context_and_conduct_review
adjudication-seed-fia-2023-mex-1b2fb3ec7748-01,adj-dc4289d79e963b95,incident-src-dc4289d79e963b95,1,adjudication-seed-fia-2022-abu-6afd5d82f378-01,adj-5c847c13b64952f6,incident-src-5c847c13b64952f6,0.0,3,first_lap_candidate|wet_track_candidate|safety_car_restart_candidate,True,time_penalty,5,2,,pre_review_feasibility,False,True,review_priority_only_pending_context_and_conduct_review
adjudication-seed-fia-2023-mex-1b2fb3ec7748-01,adj-dc4289d79e963b95,incident-src-dc4289d79e963b95,2,adjudication-seed-fia-2022-fra-5b00af9baee5-01,adj-895a772a98e8bd31,incident-src-895a772a98e8bd31,0.0,3,first_lap_candidate|wet_track_candidate|safety_car_restart_candidate,True,time_penalty,5,2,,pre_review_feasibility,False,True,review_priority_only_pending_context_and_conduct_review
adjudication-seed-fia-2023-mex-1b2fb3ec7748-01,adj-dc4289d79e963b95,incident-src-dc4289d79e963b95,3,adjudication-seed-fia-2022-gbr-81e6a9badf51-01,adj-2f0e84f6cc910eed,incident-src-2f0e84f6cc910eed,0.0,3,first_lap_candidate|wet_track_candidate|safety_car_restart_candidate,True,time_penalty,5,2,,pre_review_feasibility,False,True,review_priority_only_pending_context_and_conduct_review
adjudication-seed-fia-2023-mex-1b2fb3ec7748-01,adj-dc4289d79e963b95,incident-src-dc4289d79e963b95,4,adjudication-seed-fia-2022-mex-9975b4f5dd0e-01,adj-2642da4344825f6e,incident-src-2642da4344825f6e,0.0,3,first_lap_candidate|wet_track_candidate|safety_car_restart_candidate,True,time_penalty,10,2,,pre_review_feasibility,False,True,review_priority_only_pending_context_and_conduct_review
adjudication-seed-fia-2023-mex-1b2fb3ec7748-01,adj-dc4289d79e963b95,incident-src-dc4289d79e963b95,5,adjudication-seed-fia-2022-mia-200cbc833915-01,adj-28c62e2652e40363,incident-src-28c62e2652e40363,0.0,3,first_lap_candidate|wet_track_candidate|safety_car_restart_candidate,False,no_further_action,,,,pre_review_feasibility,False,False,review_priority_only_pending_context_and_conduct_review
adjudication-seed-fia-2023-mex-35cdf2b38073-01,adj-34174de921925489,incident-src-34174de921925489,1,adjudication-seed-fia-2022-abu-6afd5d82f378-01,adj-5c847c13b64952f6,incident-src-5c847c13b64952f6,0.0,3,first_lap_candidate|wet_track_candidate|safety_car_restart_candidate,True,time_penalty,5,2,,pre_review_feasibility,False,True,review_priority_only_pending_context_and_conduct_review
adjudication-seed-fia-2023-mex-35cdf2b38073-01,adj-34174de921925489,incident-src-34174de921925489,2,adjudication-seed-fia-2022-fra-5b00af9baee5-01,adj-895a772a98e8bd31,incident-src-895a772a98e8bd31,0.0,3,first_lap_candidate|wet_track_candidate|safety_car_restart_candidate,True,time_penalty,5,2,,pre_review_feasibility,False,True,review_priority_only_pending_context_and_conduct_review
adjudication-seed-fia-2023-mex-35cdf2b38073-01,adj-34174de921925489,incident-src-34174de921925489,3,adjudication-seed-fia-2022-gbr-81e6a9badf51-01,adj-2f0e84f6cc910eed,incident-src-2f0e84f6cc910eed,0.0,3,first_lap_candidate|wet_track_candidate|safety_car_restart_candidate,True,time_penalty,5,2,,pre_review_feasibility,False,True,review_priority_only_pending_context_and_conduct_review
adjudication-seed-fia-2023-mex-35cdf2b38073-01,adj-34174de921925489,incident-src-34174de921925489,4,adjudication-seed-fia-2022-mex-9975b4f5dd0e-01,adj-2642da4344825f6e,incident-src-2642da4344825f6e,0.0,3,first_lap_candidate|wet_track_candidate|safety_car_restart_candidate,True,time_penalty,10,2,,pre_review_feasibility,False,True,review_priority_only_pending_context_and_conduct_review
adjudication-seed-fia-2023-mex-35cdf2b38073-01,adj-34174de921925489,incident-src-34174de921925489,5,adjudication-seed-fia-2022-mia-200cbc833915-01,adj-28c62e2652e40363,incident-src-28c62e2652e40363,0.0,3,first_lap_candidate|wet_track_candidate|safety_car_restart_candidate,False,no_further_action,,,,pre_review_feasibility,False,False,review_priority_only_pending_context_and_conduct_review
adjudication-seed-fia-2023-mex-6b86d52dd897-01,adj-2d49e6748d813e58,incident-src-2d49e6748d813e58,1,adjudication-seed-fia-2022-mco-97b07e9513b1-01,adj-c7417e575dc4ccd4,incident-src-c7417e575dc4ccd4,0.0,4,overlap_candidate|first_lap_candidate|wet_track_candidate|safety_car_restart_candidate,True,time_penalty,5,1,,pre_review_feasibility,False,True,review_priority_only_pending_context_and_conduct_review
adjudication-seed-fia-2023-mex-6b86d52dd897-01,adj-2d49e6748d813e58,incident-src-2d49e6748d813e58,2,adjudication-seed-fia-2023-abu-bceb18192f57-01,adj-476ced553759f1d7,incident-src-476ced553759f1d7,0.0,4,overlap_candidate|first_lap_candidate|wet_track_candidate|safety_car_restart_candidate,True,time_penalty,5,2,,pre_review_feasibility,False,True,review_priority_only_pending_context_and_conduct_review
adjudication-seed-fia-2023-mex-6b86d52dd897-01,adj-2d49e6748d813e58,incident-src-2d49e6748d813e58,3,adjudication-seed-fia-2023-lvs-a4a270ae6fd0-01,adj-13ca9edd8c45db6f,incident-src-13ca9edd8c45db6f,0.0,4,overlap_candidate|first_lap_candidate|wet_track_candidate|safety_car_restart_candidate,True,time_penalty,5,2,,pre_review_feasibility,False,True,review_priority_only_pending_context_and_conduct_review
adjudication-seed-fia-2023-mex-6b86d52dd897-01,adj-2d49e6748d813e58,incident-src-2d49e6748d813e58,4,adjudication-seed-fia-2024-aut-0da607b84c40-01,adj-5005242a503c9174,incident-src-5005242a503c9174,0.0,4,overlap_candidate|first_lap_candidate|wet_track_candidate|safety_car_restart_candidate,True,time_penalty,10,2,,pre_review_feasibility,False,True,review_priority_only_pending_context_and_conduct_review
adjudication-seed-fia-2023-mex-6b86d52dd897-01,adj-2d49e6748d813e58,incident-src-2d49e6748d813e58,5,adjudication-seed-fia-2022-aut-0b612be0b626-01,adj-ea983bef6c710033,incident-src-ea983bef6c710033,0.1,4,overlap_candidate|first_lap_candidate|wet_track_candidate|safety_car_restart_candidate,True,time_penalty,5,2,,pre_review_feasibility,False,True,review_priority_only_pending_context_and_conduct_review
adjudication-seed-fia-2023-mex-8f576b6655ce-01,adj-2e96bcd611e65b6d,incident-src-2e96bcd611e65b6d,1,adjudication-seed-fia-2022-abu-6afd5d82f378-01,adj-5c847c13b64952f6,incident-src-5c847c13b64952f6,0.0,3,first_lap_candidate|wet_track_candidate|safety_car_restart_candidate,True,time_penalty,5,2,,pre_review_feasibility,True,False,review_priority_only_pending_context_and_conduct_review
adjudication-seed-fia-2023-mex-8f576b6655ce-01,adj-2e96bcd611e65b6d,incident-src-2e96bcd611e65b6d,2,adjudication-seed-fia-2022-fra-5b00af9baee5-01,adj-895a772a98e8bd31,incident-src-895a772a98e8bd31,0.0,3,first_lap_candidate|wet_track_candidate|safety_car_restart_candidate,True,time_penalty,5,2,,pre_review_feasibility,True,False,review_priority_only_pending_context_and_conduct_review
adjudication-seed-fia-2023-mex-8f576b6655ce-01,adj-2e96bcd611e65b6d,incident-src-2e96bcd611e65b6d,3,adjudication-seed-fia-2022-gbr-81e6a9badf51-01,adj-2f0e84f6cc910eed,incident-src-2f0e84f6cc910eed,0.0,3,first_lap_candidate|wet_track_candidate|safety_car_restart_candidate,True,time_penalty,5,2,,pre_review_feasibility,True,False,review_priority_only_pending_context_and_conduct_review
adjudication-seed-fia-2023-mex-8f576b6655ce-01,adj-2e96bcd611e65b6d,incident-src-2e96bcd611e65b6d,4,adjudication-seed-fia-2022-mex-9975b4f5dd0e-01,adj-2642da4344825f6e,incident-src-2642da4344825f6e,0.0,3,first_lap_candidate|wet_track_candidate|safety_car_restart_candidate,True,time_penalty,10,2,,pre_review_feasibility,True,False,review_priority_only_pending_context_and_conduct_review
adjudication-seed-fia-2023-mex-8f576b6655ce-01,adj-2e96bcd611e65b6d,incident-src-2e96bcd611e65b6d,5,adjudication-seed-fia-2022-mia-200cbc833915-01,adj-28c62e2652e40363,incident-src-28c62e2652e40363,0.0,3,first_lap_candidate|wet_track_candidate|safety_car_restart_candidate,False,no_further_action,,,,pre_review_feasibility,True,True,review_priority_only_pending_context_and_conduct_review
adjudication-seed-fia-2023-mex-9aa5ef85abc1-01,adj-ad1abaf93ca48981,incident-src-ad1abaf93ca48981,1,adjudication-seed-fia-2022-mco-97b07e9513b1-01,adj-c7417e575dc4ccd4,incident-src-c7417e575dc4ccd4,0.0,4,overlap_candidate|first_lap_candidate|wet_track_candidate|safety_car_restart_candidate,True,time_penalty,5,1,,pre_review_feasibility,False,True,review_priority_only_pending_context_and_conduct_review
adjudication-seed-fia-2023-mex-9aa5ef85abc1-01,adj-ad1abaf93ca48981,incident-src-ad1abaf93ca48981,2,adjudication-seed-fia-2023-abu-bceb18192f57-01,adj-476ced553759f1d7,incident-src-476ced553759f1d7,0.0,4,overlap_candidate|first_lap_candidate|wet_track_candidate|safety_car_restart_candidate,True,time_penalty,5,2,,pre_review_feasibility,False,True,review_priority_only_pending_context_and_conduct_review
adjudication-seed-fia-2023-mex-9aa5ef85abc1-01,adj-ad1abaf93ca48981,incident-src-ad1abaf93ca48981,3,adjudication-seed-fia-2023-lvs-a4a270ae6fd0-01,adj-13ca9edd8c45db6f,incident-src-13ca9edd8c45db6f,0.0,4,overlap_candidate|first_lap_candidate|wet_track_candidate|safety_car_restart_candidate,True,time_penalty,5,2,,pre_review_feasibility,False,True,review_priority_only_pending_context_and_conduct_review
adjudication-seed-fia-2023-mex-9aa5ef85abc1-01,adj-ad1abaf93ca48981,incident-src-ad1abaf93ca48981,4,adjudication-seed-fia-2024-aut-0da607b84c40-01,adj-5005242a503c9174,incident-src-5005242a503c9174,0.0,4,overlap_candidate|first_lap_candidate|wet_track_candidate|safety_car_restart_candidate,True,time_penalty,10,2,,pre_review_feasibility,False,True,review_priority_only_pending_context_and_conduct_review
adjudication-seed-fia-2023-mex-9aa5ef85abc1-01,adj-ad1abaf93ca48981,incident-src-ad1abaf93ca48981,5,adjudication-seed-fia-2022-aut-0b612be0b626-01,adj-ea983bef6c710033,incident-src-ea983bef6c710033,0.1,4,overlap_candidate|first_lap_candidate|wet_track_candidate|safety_car_restart_candidate,True,time_penalty,5,2,,pre_review_feasibility,False,True,review_priority_only_pending_context_and_conduct_review
adjudication-seed-fia-2023-ned-26a60af9f412-01,adj-43692d4605090feb,incident-src-43692d4605090feb,1,adjudication-seed-fia-2022-fra-832a818ac903-01,adj-91bd2176be4c7ceb,incident-group-57d76c19243d2b20,0.0,4,attacker_line_candidate|first_lap_candidate|wet_track_candidate|safety_car_restart_candidate,False,no_further_action,,,,pre_review_feasibility,True,True,review_priority_only_pending_context_and_conduct_review
adjudication-seed-fia-2023-ned-26a60af9f412-01,adj-43692d4605090feb,incident-src-43692d4605090feb,2,adjudication-seed-fia-2022-fra-f29d68ccd9b0-01,adj-285944dc1f5d725d,incident-group-57d76c19243d2b20,0.0,4,attacker_line_candidate|first_lap_candidate|wet_track_candidate|safety_car_restart_candidate,False,no_further_action,,,,pre_review_feasibility,True,True,review_priority_only_pending_context_and_conduct_review
adjudication-seed-fia-2023-ned-26a60af9f412-01,adj-43692d4605090feb,incident-src-43692d4605090feb,3,adjudication-seed-fia-2024-mia-bb1a3715e072-01,adj-1e58e40badf7452a,incident-src-1e58e40badf7452a,0.1,4,attacker_line_candidate|first_lap_candidate|wet_track_candidate|safety_car_restart_candidate,True,time_penalty,10,2,,pre_review_feasibility,True,False,review_priority_only_pending_context_and_conduct_review
adjudication-seed-fia-2023-ned-26a60af9f412-01,adj-43692d4605090feb,incident-src-43692d4605090feb,4,adjudication-seed-fia-2022-abu-6afd5d82f378-01,adj-5c847c13b64952f6,incident-src-5c847c13b64952f6,0.125,3,first_lap_candidate|wet_track_candidate|safety_car_restart_candidate,True,time_penalty,5,2,,pre_review_feasibility,True,False,review_priority_only_pending_context_and_conduct_review
adjudication-seed-fia-2023-ned-26a60af9f412-01,adj-43692d4605090feb,incident-src-43692d4605090feb,5,adjudication-seed-fia-2022-fra-5b00af9baee5-01,adj-895a772a98e8bd31,incident-src-895a772a98e8bd31,0.125,3,first_lap_candidate|wet_track_candidate|safety_car_restart_candidate,True,time_penalty,5,2,,pre_review_feasibility,True,False,review_priority_only_pending_context_and_conduct_review
adjudication-seed-fia-2023-qat-04250e16f5a2-01,adj-f5b1f1c51a022137,incident-src-f5b1f1c51a022137,1,adjudication-seed-fia-2022-bhr-139703df6539-01,adj-f0d0f579c2d29f95,incident-src-f0d0f579c2d29f95,0.0,3,first_lap_candidate|wet_track_candidate|safety_car_restart_candidate,True,time_penalty,5,2,,pre_review_feasibility,False,True,review_priority_only_pending_context_and_conduct_review
adjudication-seed-fia-2023-qat-04250e16f5a2-01,adj-f5b1f1c51a022137,incident-src-f5b1f1c51a022137,2,adjudication-seed-fia-2022-sao-b61d2a302ed0-01,adj-3700ca1e1401e213,incident-src-3700ca1e1401e213,0.0,3,first_lap_candidate|wet_track_candidate|safety_car_restart_candidate,True,grid_penalty,,2,3,pre_review_feasibility,False,True,review_priority_only_pending_context_and_conduct_review
adjudication-seed-fia-2023-qat-04250e16f5a2-01,adj-f5b1f1c51a022137,incident-src-f5b1f1c51a022137,3,adjudication-seed-fia-2022-sgp-43a8ea523d85-01,adj-f74ed9090eea7d2d,incident-src-f74ed9090eea7d2d,0.0,3,first_lap_candidate|wet_track_candidate|safety_car_restart_candidate,False,no_further_action,,,,pre_review_feasibility,False,False,review_priority_only_pending_context_and_conduct_review
adjudication-seed-fia-2023-qat-04250e16f5a2-01,adj-f5b1f1c51a022137,incident-src-f5b1f1c51a022137,4,adjudication-seed-fia-2022-usa-77995d83458f-01,adj-9c5057e738e04730,incident-src-9c5057e738e04730,0.0,3,first_lap_candidate|wet_track_candidate|safety_car_restart_candidate,True,time_penalty,5,2,,pre_review_feasibility,False,True,review_priority_only_pending_context_and_conduct_review
adjudication-seed-fia-2023-qat-04250e16f5a2-01,adj-f5b1f1c51a022137,incident-src-f5b1f1c51a022137,5,adjudication-seed-fia-2023-aus-0144b2323236-01,adj-3ccb9c1bd9cedb01,incident-group-fba25307a3d5ad50,0.0,3,first_lap_candidate|wet_track_candidate|safety_car_restart_candidate,False,no_further_action,,,,pre_review_feasibility,False,False,review_priority_only_pending_context_and_conduct_review
adjudication-seed-fia-2023-qat-925cce82b462-01,adj-b485215d0d2901c7,incident-src-b485215d0d2901c7,1,adjudication-seed-fia-2023-mco-714f0af99f3c-01,adj-fbe0c3835d72fcf2,incident-src-fbe0c3835d72fcf2,0.0,3,first_lap_candidate|wet_track_candidate|safety_car_restart_candidate,True,time_penalty,5,2,,pre_review_feasibility,False,True,review_priority_only_pending_context_and_conduct_review
adjudication-seed-fia-2023-qat-002060120e1b-01,adj-2bb6a3e3238bf797,incident-group-3d3328a390c3ac33,1,adjudication-seed-fia-2022-sao-1389f4a1ad53-01,adj-e01a3f0d7bc0ac4d,incident-src-e01a3f0d7bc0ac4d,0.2,3,first_lap_candidate|wet_track_candidate|safety_car_restart_candidate,True,time_penalty,5,2,,pre_review_feasibility,False,True,review_priority_only_pending_context_and_conduct_review
adjudication-seed-fia-2023-qat-002060120e1b-01,adj-2bb6a3e3238bf797,incident-group-3d3328a390c3ac33,2,adjudication-seed-fia-2024-chn-d3b9af164caf-01,adj-1b908ee0c8888db7,incident-src-1b908ee0c8888db7,0.2,3,first_lap_candidate|wet_track_candidate|safety_car_restart_candidate,True,time_penalty,10,3,,pre_review_feasibility,False,True,review_priority_only_pending_context_and_conduct_review
adjudication-seed-fia-2023-qat-002060120e1b-01,adj-2bb6a3e3238bf797,incident-group-3d3328a390c3ac33,3,adjudication-seed-fia-2024-mia-86547ded7d12-01,adj-66a7d8add9666258,incident-group-86e2a514b5312efc,0.4,3,first_lap_candidate|wet_track_candidate|safety_car_restart_candidate,False,no_further_action,,,,pre_review_feasibility,False,False,review_priority_only_pending_context_and_conduct_review
adjudication-seed-fia-2023-qat-002060120e1b-01,adj-2bb6a3e3238bf797,incident-group-3d3328a390c3ac33,4,adjudication-seed-fia-2024-mia-b115633c9ba0-01,adj-c88d0a0133c58194,incident-group-86e2a514b5312efc,0.4,3,first_lap_candidate|wet_track_candidate|safety_car_restart_candidate,False,no_further_action,,,,pre_review_feasibility,False,False,review_priority_only_pending_context_and_conduct_review
adjudication-seed-fia-2023-qat-002060120e1b-01,adj-2bb6a3e3238bf797,incident-group-3d3328a390c3ac33,5,adjudication-seed-fia-2024-mia-badde45f9141-01,adj-0a015cee0b31ad67,incident-group-86e2a514b5312efc,0.4,3,first_lap_candidate|wet_track_candidate|safety_car_restart_candidate,False,no_further_action,,,,pre_review_feasibility,False,False,review_priority_only_pending_context_and_conduct_review
adjudication-seed-fia-2023-qat-8a64aec7daf5-01,adj-3963f9cb2db8ec33,incident-group-3d3328a390c3ac33,1,adjudication-seed-fia-2022-sao-1389f4a1ad53-01,adj-e01a3f0d7bc0ac4d,incident-src-e01a3f0d7bc0ac4d,0.2,3,first_lap_candidate|wet_track_candidate|safety_car_restart_candidate,True,time_penalty,5,2,,pre_review_feasibility,False,True,review_priority_only_pending_context_and_conduct_review
adjudication-seed-fia-2023-qat-8a64aec7daf5-01,adj-3963f9cb2db8ec33,incident-group-3d3328a390c3ac33,2,adjudication-seed-fia-2024-chn-d3b9af164caf-01,adj-1b908ee0c8888db7,incident-src-1b908ee0c8888db7,0.2,3,first_lap_candidate|wet_track_candidate|safety_car_restart_candidate,True,time_penalty,10,3,,pre_review_feasibility,False,True,review_priority_only_pending_context_and_conduct_review
adjudication-seed-fia-2023-qat-8a64aec7daf5-01,adj-3963f9cb2db8ec33,incident-group-3d3328a390c3ac33,3,adjudication-seed-fia-2024-mia-86547ded7d12-01,adj-66a7d8add9666258,incident-group-86e2a514b5312efc,0.4,3,first_lap_candidate|wet_track_candidate|safety_car_restart_candidate,False,no_further_action,,,,pre_review_feasibility,False,False,review_priority_only_pending_context_and_conduct_review
adjudication-seed-fia-2023-qat-8a64aec7daf5-01,adj-3963f9cb2db8ec33,incident-group-3d3328a390c3ac33,4,adjudication-seed-fia-2024-mia-b115633c9ba0-01,adj-c88d0a0133c58194,incident-group-86e2a514b5312efc,0.4,3,first_lap_candidate|wet_track_candidate|safety_car_restart_candidate,False,no_further_action,,,,pre_review_feasibility,False,False,review_priority_only_pending_context_and_conduct_review
adjudication-seed-fia-2023-qat-8a64aec7daf5-01,adj-3963f9cb2db8ec33,incident-group-3d3328a390c3ac33,5,adjudication-seed-fia-2024-mia-badde45f9141-01,adj-0a015cee0b31ad67,incident-group-86e2a514b5312efc,0.4,3,first_lap_candidate|wet_track_candidate|safety_car_restart_candidate,False,no_further_action,,,,pre_review_feasibility,False,False,review_priority_only_pending_context_and_conduct_review
adjudication-seed-fia-2023-qat-9b045d16fdac-01,adj-be81901bac03674e,incident-group-3d3328a390c3ac33,1,adjudication-seed-fia-2022-sao-1389f4a1ad53-01,adj-e01a3f0d7bc0ac4d,incident-src-e01a3f0d7bc0ac4d,0.2,3,first_lap_candidate|wet_track_candidate|safety_car_restart_candidate,True,time_penalty,5,2,,pre_review_feasibility,False,True,review_priority_only_pending_context_and_conduct_review
adjudication-seed-fia-2023-qat-9b045d16fdac-01,adj-be81901bac03674e,incident-group-3d3328a390c3ac33,2,adjudication-seed-fia-2024-chn-d3b9af164caf-01,adj-1b908ee0c8888db7,incident-src-1b908ee0c8888db7,0.2,3,first_lap_candidate|wet_track_candidate|safety_car_restart_candidate,True,time_penalty,10,3,,pre_review_feasibility,False,True,review_priority_only_pending_context_and_conduct_review
adjudication-seed-fia-2023-qat-9b045d16fdac-01,adj-be81901bac03674e,incident-group-3d3328a390c3ac33,3,adjudication-seed-fia-2024-mia-86547ded7d12-01,adj-66a7d8add9666258,incident-group-86e2a514b5312efc,0.4,3,first_lap_candidate|wet_track_candidate|safety_car_restart_candidate,False,no_further_action,,,,pre_review_feasibility,False,False,review_priority_only_pending_context_and_conduct_review
adjudication-seed-fia-2023-qat-9b045d16fdac-01,adj-be81901bac03674e,incident-group-3d3328a390c3ac33,4,adjudication-seed-fia-2024-mia-b115633c9ba0-01,adj-c88d0a0133c58194,incident-group-86e2a514b5312efc,0.4,3,first_lap_candidate|wet_track_candidate|safety_car_restart_candidate,False,no_further_action,,,,pre_review_feasibility,False,False,review_priority_only_pending_context_and_conduct_review
adjudication-seed-fia-2023-qat-9b045d16fdac-01,adj-be81901bac03674e,incident-group-3d3328a390c3ac33,5,adjudication-seed-fia-2024-mia-badde45f9141-01,adj-0a015cee0b31ad67,incident-group-86e2a514b5312efc,0.4,3,first_lap_candidate|wet_track_candidate|safety_car_restart_candidate,False,no_further_action,,,,pre_review_feasibility,False,False,review_priority_only_pending_context_and_conduct_review
adjudication-seed-fia-2023-sgp-f4e066ac44c1-01,adj-1eae245c11ac871f,incident-src-1eae245c11ac871f,1,adjudication-seed-fia-2022-abu-6afd5d82f378-01,adj-5c847c13b64952f6,incident-src-5c847c13b64952f6,0.0,3,first_lap_candidate|wet_track_candidate|safety_car_restart_candidate,True,time_penalty,5,2,,pre_review_feasibility,True,False,review_priority_only_pending_context_and_conduct_review
adjudication-seed-fia-2023-sgp-f4e066ac44c1-01,adj-1eae245c11ac871f,incident-src-1eae245c11ac871f,2,adjudication-seed-fia-2022-fra-5b00af9baee5-01,adj-895a772a98e8bd31,incident-src-895a772a98e8bd31,0.0,3,first_lap_candidate|wet_track_candidate|safety_car_restart_candidate,True,time_penalty,5,2,,pre_review_feasibility,True,False,review_priority_only_pending_context_and_conduct_review
adjudication-seed-fia-2023-sgp-f4e066ac44c1-01,adj-1eae245c11ac871f,incident-src-1eae245c11ac871f,3,adjudication-seed-fia-2022-gbr-81e6a9badf51-01,adj-2f0e84f6cc910eed,incident-src-2f0e84f6cc910eed,0.0,3,first_lap_candidate|wet_track_candidate|safety_car_restart_candidate,True,time_penalty,5,2,,pre_review_feasibility,True,False,review_priority_only_pending_context_and_conduct_review
adjudication-seed-fia-2023-sgp-f4e066ac44c1-01,adj-1eae245c11ac871f,incident-src-1eae245c11ac871f,4,adjudication-seed-fia-2022-mex-9975b4f5dd0e-01,adj-2642da4344825f6e,incident-src-2642da4344825f6e,0.0,3,first_lap_candidate|wet_track_candidate|safety_car_restart_candidate,True,time_penalty,10,2,,pre_review_feasibility,True,False,review_priority_only_pending_context_and_conduct_review
adjudication-seed-fia-2023-sgp-f4e066ac44c1-01,adj-1eae245c11ac871f,incident-src-1eae245c11ac871f,5,adjudication-seed-fia-2022-mia-200cbc833915-01,adj-28c62e2652e40363,incident-src-28c62e2652e40363,0.0,3,first_lap_candidate|wet_track_candidate|safety_car_restart_candidate,False,no_further_action,,,,pre_review_feasibility,True,True,review_priority_only_pending_context_and_conduct_review
adjudication-seed-fia-2023-usa-4b0f79bc4886-01,adj-0b22a250d896b161,incident-src-0b22a250d896b161,1,adjudication-seed-fia-2022-hun-12e2b5910b5d-01,adj-c2798a8076b05840,incident-src-c2798a8076b05840,0.0,5,attacker_line_candidate|overlap_candidate|first_lap_candidate|wet_track_candidate|safety_car_restart_candidate,False,no_further_action,,,,pre_review_feasibility,False,False,review_priority_only_pending_context_and_conduct_review
adjudication-seed-fia-2023-usa-4b0f79bc4886-01,adj-0b22a250d896b161,incident-src-0b22a250d896b161,2,adjudication-seed-fia-2022-mia-3a5e6c955052-01,adj-c2b66e044c2c2a46,incident-src-c2b66e044c2c2a46,0.1,4,overlap_candidate|first_lap_candidate|wet_track_candidate|safety_car_restart_candidate,True,time_penalty,5,1,,pre_review_feasibility,False,True,review_priority_only_pending_context_and_conduct_review
adjudication-seed-fia-2023-usa-4b0f79bc4886-01,adj-0b22a250d896b161,incident-src-0b22a250d896b161,3,adjudication-seed-fia-2022-jpn-786e23bdcd54-01,adj-b8d4324786805037,incident-src-b8d4324786805037,0.2,3,first_lap_candidate|wet_track_candidate|safety_car_restart_candidate,True,time_penalty,5,1,,pre_review_feasibility,False,True,review_priority_only_pending_context_and_conduct_review
adjudication-seed-fia-2023-usa-4b0f79bc4886-01,adj-0b22a250d896b161,incident-src-0b22a250d896b161,4,adjudication-seed-fia-2022-mco-a85320aa2719-01,adj-a3cd03fc1f19e87d,incident-src-a3cd03fc1f19e87d,0.2,3,first_lap_candidate|wet_track_candidate|safety_car_restart_candidate,True,time_penalty,5,1,,pre_review_feasibility,False,True,review_priority_only_pending_context_and_conduct_review
adjudication-seed-fia-2023-usa-4b0f79bc4886-01,adj-0b22a250d896b161,incident-src-0b22a250d896b161,5,adjudication-seed-fia-2022-mex-0c20b3af2f45-01,adj-e25cec29abffafb1,incident-src-e25cec29abffafb1,0.2,3,first_lap_candidate|wet_track_candidate|safety_car_restart_candidate,True,time_penalty,5,1,,pre_review_feasibility,False,True,review_priority_only_pending_context_and_conduct_review
adjudication-seed-fia-2023-usa-0349556641dc-01,adj-935cbd4cd614af87,incident-src-935cbd4cd614af87,1,adjudication-seed-fia-2024-mia-54507686b24f-01,adj-662202a5b879f049,incident-src-662202a5b879f049,0.125,3,first_lap_candidate|wet_track_candidate|safety_car_restart_candidate,True,time_penalty,10,,,pre_review_feasibility,False,True,review_priority_only_pending_context_and_conduct_review
adjudication-seed-fia-2023-usa-0349556641dc-01,adj-935cbd4cd614af87,incident-src-935cbd4cd614af87,2,adjudication-seed-fia-2024-mia-a149f4a3c2c5-01,adj-909aa84ac351505f,incident-src-909aa84ac351505f,0.125,3,first_lap_candidate|wet_track_candidate|safety_car_restart_candidate,True,time_penalty,10,3,,pre_review_feasibility,False,True,review_priority_only_pending_context_and_conduct_review
adjudication-seed-fia-2023-usa-0349556641dc-01,adj-935cbd4cd614af87,incident-src-935cbd4cd614af87,3,adjudication-seed-fia-2024-mia-feb431961f72-01,adj-2c2dff8fa5835c89,incident-src-2c2dff8fa5835c89,0.125,3,first_lap_candidate|wet_track_candidate|safety_car_restart_candidate,True,time_penalty,10,,,pre_review_feasibility,False,True,review_priority_only_pending_context_and_conduct_review
adjudication-seed-fia-2023-usa-0349556641dc-01,adj-935cbd4cd614af87,incident-src-935cbd4cd614af87,4,adjudication-seed-fia-2024-usa-f7d16a7e6e6e-01,adj-c40383a758a57293,incident-src-c40383a758a57293,0.125,3,first_lap_candidate|wet_track_candidate|safety_car_restart_candidate,False,no_further_action,,,,pre_review_feasibility,False,False,review_priority_only_pending_context_and_conduct_review
adjudication-seed-fia-2023-usa-0349556641dc-01,adj-935cbd4cd614af87,incident-src-935cbd4cd614af87,5,adjudication-seed-fia-2023-usa-233ee024e884-01,adj-69521e50d0d556b6,incident-src-69521e50d0d556b6,0.2,3,first_lap_candidate|wet_track_candidate|safety_car_restart_candidate,True,time_penalty,5,,,pre_review_feasibility,False,True,review_priority_only_pending_context_and_conduct_review
adjudication-seed-fia-2023-usa-233ee024e884-01,adj-69521e50d0d556b6,incident-src-69521e50d0d556b6,1,adjudication-seed-fia-2024-mia-54507686b24f-01,adj-662202a5b879f049,incident-src-662202a5b879f049,0.125,3,first_lap_candidate|wet_track_candidate|safety_car_restart_candidate,True,time_penalty,10,,,pre_review_feasibility,True,False,review_priority_only_pending_context_and_conduct_review
adjudication-seed-fia-2023-usa-233ee024e884-01,adj-69521e50d0d556b6,incident-src-69521e50d0d556b6,2,adjudication-seed-fia-2024-mia-a149f4a3c2c5-01,adj-909aa84ac351505f,incident-src-909aa84ac351505f,0.125,3,first_lap_candidate|wet_track_candidate|safety_car_restart_candidate,True,time_penalty,10,3,,pre_review_feasibility,True,False,review_priority_only_pending_context_and_conduct_review
adjudication-seed-fia-2023-usa-233ee024e884-01,adj-69521e50d0d556b6,incident-src-69521e50d0d556b6,3,adjudication-seed-fia-2024-mia-feb431961f72-01,adj-2c2dff8fa5835c89,incident-src-2c2dff8fa5835c89,0.125,3,first_lap_candidate|wet_track_candidate|safety_car_restart_candidate,True,time_penalty,10,,,pre_review_feasibility,True,False,review_priority_only_pending_context_and_conduct_review
adjudication-seed-fia-2023-usa-233ee024e884-01,adj-69521e50d0d556b6,incident-src-69521e50d0d556b6,4,adjudication-seed-fia-2024-usa-f7d16a7e6e6e-01,adj-c40383a758a57293,incident-src-c40383a758a57293,0.125,3,first_lap_candidate|wet_track_candidate|safety_car_restart_candidate,False,no_further_action,,,,pre_review_feasibility,True,True,review_priority_only_pending_context_and_conduct_review
adjudication-seed-fia-2023-usa-233ee024e884-01,adj-69521e50d0d556b6,incident-src-69521e50d0d556b6,5,adjudication-seed-fia-2023-usa-0349556641dc-01,adj-935cbd4cd614af87,incident-src-935cbd4cd614af87,0.2,3,first_lap_candidate|wet_track_candidate|safety_car_restart_candidate,False,no_further_action,,,,pre_review_feasibility,True,True,review_priority_only_pending_context_and_conduct_review
adjudication-seed-fia-2023-usa-cf78524f4683-01,adj-b34bfbde37e56841,incident-src-b34bfbde37e56841,1,adjudication-seed-fia-2022-aut-ab1a77f87104-01,adj-543da3861599debe,incident-src-543da3861599debe,0.1,4,overlap_candidate|first_lap_candidate|wet_track_candidate|safety_car_restart_candidate,True,time_penalty,5,2,,pre_review_feasibility,False,True,review_priority_only_pending_context_and_conduct_review
adjudication-seed-fia-2023-usa-cf78524f4683-01,adj-b34bfbde37e56841,incident-src-b34bfbde37e56841,2,adjudication-seed-fia-2022-sao-002711fb5ae0-01,adj-a3a7fbd881640e16,incident-src-a3a7fbd881640e16,0.125,3,first_lap_candidate|wet_track_candidate|safety_car_restart_candidate,True,time_penalty,10,3,,pre_review_feasibility,False,True,review_priority_only_pending_context_and_conduct_review
adjudication-seed-fia-2023-usa-cf78524f4683-01,adj-b34bfbde37e56841,incident-src-b34bfbde37e56841,3,adjudication-seed-fia-2024-aut-1386e9236666-01,adj-f388f903abd92138,incident-src-f388f903abd92138,0.125,3,first_lap_candidate|wet_track_candidate|safety_car_restart_candidate,True,time_penalty,10,2,,pre_review_feasibility,False,True,review_priority_only_pending_context_and_conduct_review
adjudication-seed-fia-2023-usa-cf78524f4683-01,adj-b34bfbde37e56841,incident-src-b34bfbde37e56841,4,adjudication-seed-fia-2024-usa-4828e63a6c32-01,adj-649fecee52ee4f6f,incident-src-649fecee52ee4f6f,0.2,3,first_lap_candidate|wet_track_candidate|safety_car_restart_candidate,True,time_penalty,5,,,pre_review_feasibility,False,True,review_priority_only_pending_context_and_conduct_review
adjudication-seed-fia-2023-usa-f78ade45f844-01,adj-b05ba7caf0f910d9,incident-src-b05ba7caf0f910d9,1,adjudication-seed-fia-2024-mia-54507686b24f-01,adj-662202a5b879f049,incident-src-662202a5b879f049,0.125,3,first_lap_candidate|wet_track_candidate|safety_car_restart_candidate,True,time_penalty,10,,,pre_review_feasibility,True,False,review_priority_only_pending_context_and_conduct_review
adjudication-seed-fia-2023-usa-f78ade45f844-01,adj-b05ba7caf0f910d9,incident-src-b05ba7caf0f910d9,2,adjudication-seed-fia-2024-mia-a149f4a3c2c5-01,adj-909aa84ac351505f,incident-src-909aa84ac351505f,0.125,3,first_lap_candidate|wet_track_candidate|safety_car_restart_candidate,True,time_penalty,10,3,,pre_review_feasibility,True,False,review_priority_only_pending_context_and_conduct_review
adjudication-seed-fia-2023-usa-f78ade45f844-01,adj-b05ba7caf0f910d9,incident-src-b05ba7caf0f910d9,3,adjudication-seed-fia-2024-mia-feb431961f72-01,adj-2c2dff8fa5835c89,incident-src-2c2dff8fa5835c89,0.125,3,first_lap_candidate|wet_track_candidate|safety_car_restart_candidate,True,time_penalty,10,,,pre_review_feasibility,True,False,review_priority_only_pending_context_and_conduct_review
adjudication-seed-fia-2023-usa-f78ade45f844-01,adj-b05ba7caf0f910d9,incident-src-b05ba7caf0f910d9,4,adjudication-seed-fia-2024-usa-f7d16a7e6e6e-01,adj-c40383a758a57293,incident-src-c40383a758a57293,0.125,3,first_lap_candidate|wet_track_candidate|safety_car_restart_candidate,False,no_further_action,,,,pre_review_feasibility,True,True,review_priority_only_pending_context_and_conduct_review
adjudication-seed-fia-2023-usa-f78ade45f844-01,adj-b05ba7caf0f910d9,incident-src-b05ba7caf0f910d9,5,adjudication-seed-fia-2023-usa-0349556641dc-01,adj-935cbd4cd614af87,incident-src-935cbd4cd614af87,0.2,3,first_lap_candidate|wet_track_candidate|safety_car_restart_candidate,False,no_further_action,,,,pre_review_feasibility,True,True,review_priority_only_pending_context_and_conduct_review
adjudication-seed-fia-2024-abu-1738c094dc27-01,adj-2e20778ef64918d5,incident-src-2e20778ef64918d5,1,adjudication-seed-fia-2022-sao-695fd61e1d50-01,adj-96f32b26fd720b87,incident-src-96f32b26fd720b87,0.0,4,attacker_line_candidate|first_lap_candidate|wet_track_candidate|safety_car_restart_candidate,True,time_penalty,5,2,,pre_review_feasibility,True,False,review_priority_only_pending_context_and_conduct_review
adjudication-seed-fia-2024-abu-1738c094dc27-01,adj-2e20778ef64918d5,incident-src-2e20778ef64918d5,2,adjudication-seed-fia-2022-sau-626edbbd5a3a-01,adj-3baf9aacecb5c6e5,incident-src-3baf9aacecb5c6e5,0.0,4,attacker_line_candidate|first_lap_candidate|wet_track_candidate|safety_car_restart_candidate,True,grid_penalty,,2,3,pre_review_feasibility,True,False,review_priority_only_pending_context_and_conduct_review
adjudication-seed-fia-2024-abu-1738c094dc27-01,adj-2e20778ef64918d5,incident-src-2e20778ef64918d5,3,adjudication-seed-fia-2023-can-572578a57a9b-01,adj-bc46b8ef7db29a9f,incident-src-bc46b8ef7db29a9f,0.0,4,attacker_line_candidate|first_lap_candidate|wet_track_candidate|safety_car_restart_candidate,False,no_further_action,,,,pre_review_feasibility,True,True,review_priority_only_pending_context_and_conduct_review
adjudication-seed-fia-2024-abu-1738c094dc27-01,adj-2e20778ef64918d5,incident-src-2e20778ef64918d5,4,adjudication-seed-fia-2023-can-79ff129eac93-01,adj-59a7fa0595802b73,incident-src-59a7fa0595802b73,0.0,4,attacker_line_candidate|first_lap_candidate|wet_track_candidate|safety_car_restart_candidate,False,no_further_action,,,,pre_review_feasibility,True,True,review_priority_only_pending_context_and_conduct_review
adjudication-seed-fia-2024-abu-1738c094dc27-01,adj-2e20778ef64918d5,incident-src-2e20778ef64918d5,5,adjudication-seed-fia-2023-ita-06048f646efe-01,adj-c44453d1de46285e,incident-src-c44453d1de46285e,0.0,4,attacker_line_candidate|first_lap_candidate|wet_track_candidate|safety_car_restart_candidate,True,time_penalty,5,2,,pre_review_feasibility,True,False,review_priority_only_pending_context_and_conduct_review
adjudication-seed-fia-2024-abu-4ec5bc83f9fa-01,adj-8ca9eb32832537c5,incident-src-8ca9eb32832537c5,1,adjudication-seed-fia-2022-bel-dac27d1c3f36-01,adj-6f98ef40918eece1,incident-src-6f98ef40918eece1,0.1,4,attacker_line_candidate|first_lap_candidate|wet_track_candidate|safety_car_restart_candidate,False,no_further_action,,,,pre_review_feasibility,True,True,review_priority_only_pending_context_and_conduct_review
adjudication-seed-fia-2024-abu-4ec5bc83f9fa-01,adj-8ca9eb32832537c5,incident-src-8ca9eb32832537c5,2,adjudication-seed-fia-2023-mco-4b0df1c86e92-01,adj-dddf2d8d47ab0fc0,incident-src-dddf2d8d47ab0fc0,0.1,4,attacker_line_candidate|first_lap_candidate|wet_track_candidate|safety_car_restart_candidate,True,time_penalty,5,2,,pre_review_feasibility,True,False,review_priority_only_pending_context_and_conduct_review
adjudication-seed-fia-2024-abu-4ec5bc83f9fa-01,adj-8ca9eb32832537c5,incident-src-8ca9eb32832537c5,3,adjudication-seed-fia-2024-abu-62aed0693198-01,adj-5b76f9299c3d25a5,incident-src-5b76f9299c3d25a5,0.1,4,attacker_line_candidate|first_lap_candidate|wet_track_candidate|safety_car_restart_candidate,True,time_penalty,10,2,,pre_review_feasibility,True,False,review_priority_only_pending_context_and_conduct_review
adjudication-seed-fia-2024-abu-4ec5bc83f9fa-01,adj-8ca9eb32832537c5,incident-src-8ca9eb32832537c5,4,adjudication-seed-fia-2022-aut-116bb7866055-01,adj-4336ab73c4471912,incident-src-4336ab73c4471912,0.2,5,attacker_line_candidate|overlap_candidate|first_lap_candidate|wet_track_candidate|safety_car_restart_candidate,True,time_penalty,5,2,,pre_review_feasibility,True,False,review_priority_only_pending_context_and_conduct_review
adjudication-seed-fia-2024-abu-4ec5bc83f9fa-01,adj-8ca9eb32832537c5,incident-src-8ca9eb32832537c5,5,adjudication-seed-fia-2023-jpn-45592291a09c-01,adj-478d73ac843b6a2b,incident-src-478d73ac843b6a2b,0.2,5,attacker_line_candidate|overlap_candidate|first_lap_candidate|wet_track_candidate|safety_car_restart_candidate,True,time_penalty,5,2,,pre_review_feasibility,True,False,review_priority_only_pending_context_and_conduct_review
adjudication-seed-fia-2024-abu-62aed0693198-01,adj-5b76f9299c3d25a5,incident-src-5b76f9299c3d25a5,1,adjudication-seed-fia-2022-bel-dac27d1c3f36-01,adj-6f98ef40918eece1,incident-src-6f98ef40918eece1,0.0,4,attacker_line_candidate|first_lap_candidate|wet_track_candidate|safety_car_restart_candidate,False,no_further_action,,,,pre_review_feasibility,True,True,review_priority_only_pending_context_and_conduct_review
adjudication-seed-fia-2024-abu-62aed0693198-01,adj-5b76f9299c3d25a5,incident-src-5b76f9299c3d25a5,2,adjudication-seed-fia-2023-mco-4b0df1c86e92-01,adj-dddf2d8d47ab0fc0,incident-src-dddf2d8d47ab0fc0,0.0,4,attacker_line_candidate|first_lap_candidate|wet_track_candidate|safety_car_restart_candidate,True,time_penalty,5,2,,pre_review_feasibility,True,False,review_priority_only_pending_context_and_conduct_review
adjudication-seed-fia-2024-abu-62aed0693198-01,adj-5b76f9299c3d25a5,incident-src-5b76f9299c3d25a5,3,adjudication-seed-fia-2024-abu-4ec5bc83f9fa-01,adj-8ca9eb32832537c5,incident-src-8ca9eb32832537c5,0.1,4,attacker_line_candidate|first_lap_candidate|wet_track_candidate|safety_car_restart_candidate,True,time_penalty,10,2,,pre_review_feasibility,True,False,review_priority_only_pending_context_and_conduct_review
adjudication-seed-fia-2024-abu-62aed0693198-01,adj-5b76f9299c3d25a5,incident-src-5b76f9299c3d25a5,4,adjudication-seed-fia-2022-bhr-139703df6539-01,adj-f0d0f579c2d29f95,incident-src-f0d0f579c2d29f95,0.125,3,first_lap_candidate|wet_track_candidate|safety_car_restart_candidate,True,time_penalty,5,2,,pre_review_feasibility,True,False,review_priority_only_pending_context_and_conduct_review
adjudication-seed-fia-2024-abu-62aed0693198-01,adj-5b76f9299c3d25a5,incident-src-5b76f9299c3d25a5,5,adjudication-seed-fia-2022-sao-b61d2a302ed0-01,adj-3700ca1e1401e213,incident-src-3700ca1e1401e213,0.125,3,first_lap_candidate|wet_track_candidate|safety_car_restart_candidate,True,grid_penalty,,2,3,pre_review_feasibility,True,False,review_priority_only_pending_context_and_conduct_review
adjudication-seed-fia-2024-abu-b8e37d9fdbe9-01,adj-b6f8f8dea3be57fe,incident-src-b6f8f8dea3be57fe,1,adjudication-seed-fia-2022-abu-6afd5d82f378-01,adj-5c847c13b64952f6,incident-src-5c847c13b64952f6,0.0,3,first_lap_candidate|wet_track_candidate|safety_car_restart_candidate,True,time_penalty,5,2,,pre_review_feasibility,True,False,review_priority_only_pending_context_and_conduct_review
adjudication-seed-fia-2024-abu-b8e37d9fdbe9-01,adj-b6f8f8dea3be57fe,incident-src-b6f8f8dea3be57fe,2,adjudication-seed-fia-2022-fra-5b00af9baee5-01,adj-895a772a98e8bd31,incident-src-895a772a98e8bd31,0.0,3,first_lap_candidate|wet_track_candidate|safety_car_restart_candidate,True,time_penalty,5,2,,pre_review_feasibility,True,False,review_priority_only_pending_context_and_conduct_review
adjudication-seed-fia-2024-abu-b8e37d9fdbe9-01,adj-b6f8f8dea3be57fe,incident-src-b6f8f8dea3be57fe,3,adjudication-seed-fia-2022-gbr-81e6a9badf51-01,adj-2f0e84f6cc910eed,incident-src-2f0e84f6cc910eed,0.0,3,first_lap_candidate|wet_track_candidate|safety_car_restart_candidate,True,time_penalty,5,2,,pre_review_feasibility,True,False,review_priority_only_pending_context_and_conduct_review
adjudication-seed-fia-2024-abu-b8e37d9fdbe9-01,adj-b6f8f8dea3be57fe,incident-src-b6f8f8dea3be57fe,4,adjudication-seed-fia-2022-mex-9975b4f5dd0e-01,adj-2642da4344825f6e,incident-src-2642da4344825f6e,0.0,3,first_lap_candidate|wet_track_candidate|safety_car_restart_candidate,True,time_penalty,10,2,,pre_review_feasibility,True,False,review_priority_only_pending_context_and_conduct_review
adjudication-seed-fia-2024-abu-b8e37d9fdbe9-01,adj-b6f8f8dea3be57fe,incident-src-b6f8f8dea3be57fe,5,adjudication-seed-fia-2022-mia-200cbc833915-01,adj-28c62e2652e40363,incident-src-28c62e2652e40363,0.0,3,first_lap_candidate|wet_track_candidate|safety_car_restart_candidate,False,no_further_action,,,,pre_review_feasibility,True,True,review_priority_only_pending_context_and_conduct_review
adjudication-seed-fia-2024-aut-0da607b84c40-01,adj-5005242a503c9174,incident-src-5005242a503c9174,1,adjudication-seed-fia-2022-mco-97b07e9513b1-01,adj-c7417e575dc4ccd4,incident-src-c7417e575dc4ccd4,0.0,4,overlap_candidate|first_lap_candidate|wet_track_candidate|safety_car_restart_candidate,True,time_penalty,5,1,,pre_review_feasibility,True,False,review_priority_only_pending_context_and_conduct_review
adjudication-seed-fia-2024-aut-0da607b84c40-01,adj-5005242a503c9174,incident-src-5005242a503c9174,2,adjudication-seed-fia-2023-abu-bceb18192f57-01,adj-476ced553759f1d7,incident-src-476ced553759f1d7,0.0,4,overlap_candidate|first_lap_candidate|wet_track_candidate|safety_car_restart_candidate,True,time_penalty,5,2,,pre_review_feasibility,True,False,review_priority_only_pending_context_and_conduct_review
adjudication-seed-fia-2024-aut-0da607b84c40-01,adj-5005242a503c9174,incident-src-5005242a503c9174,3,adjudication-seed-fia-2023-lvs-a4a270ae6fd0-01,adj-13ca9edd8c45db6f,incident-src-13ca9edd8c45db6f,0.0,4,overlap_candidate|first_lap_candidate|wet_track_candidate|safety_car_restart_candidate,True,time_penalty,5,2,,pre_review_feasibility,True,False,review_priority_only_pending_context_and_conduct_review
adjudication-seed-fia-2024-aut-0da607b84c40-01,adj-5005242a503c9174,incident-src-5005242a503c9174,4,adjudication-seed-fia-2023-mex-6b86d52dd897-01,adj-2d49e6748d813e58,incident-src-2d49e6748d813e58,0.0,4,overlap_candidate|first_lap_candidate|wet_track_candidate|safety_car_restart_candidate,False,no_further_action,,,,pre_review_feasibility,True,True,review_priority_only_pending_context_and_conduct_review
adjudication-seed-fia-2024-aut-0da607b84c40-01,adj-5005242a503c9174,incident-src-5005242a503c9174,5,adjudication-seed-fia-2023-mex-9aa5ef85abc1-01,adj-ad1abaf93ca48981,incident-src-ad1abaf93ca48981,0.0,4,overlap_candidate|first_lap_candidate|wet_track_candidate|safety_car_restart_candidate,False,no_further_action,,,,pre_review_feasibility,True,True,review_priority_only_pending_context_and_conduct_review
adjudication-seed-fia-2024-aut-4b3df85c59ad-01,adj-330069d582c20001,incident-src-330069d582c20001,1,adjudication-seed-fia-2024-hun-3048d0b101d3-01,adj-776eb15ec333fda5,incident-src-776eb15ec333fda5,0.0,4,overlap_candidate|first_lap_candidate|wet_track_candidate|safety_car_restart_candidate,False,no_further_action,,,,pre_review_feasibility,False,False,review_priority_only_pending_context_and_conduct_review
adjudication-seed-fia-2024-aut-4b3df85c59ad-01,adj-330069d582c20001,incident-src-330069d582c20001,2,adjudication-seed-fia-2022-ita-cd52e475af6e-01,adj-fddccc34ecc40f6c,incident-src-fddccc34ecc40f6c,0.125,3,first_lap_candidate|wet_track_candidate|safety_car_restart_candidate,True,time_penalty,5,1,,pre_review_feasibility,False,True,review_priority_only_pending_context_and_conduct_review
adjudication-seed-fia-2024-aut-4b3df85c59ad-01,adj-330069d582c20001,incident-src-330069d582c20001,3,adjudication-seed-fia-2022-mia-3a5e6c955052-01,adj-c2b66e044c2c2a46,incident-src-c2b66e044c2c2a46,0.25,4,overlap_candidate|first_lap_candidate|wet_track_candidate|safety_car_restart_candidate,True,time_penalty,5,1,,pre_review_feasibility,False,True,review_priority_only_pending_context_and_conduct_review
adjudication-seed-fia-2024-aut-4b3df85c59ad-01,adj-330069d582c20001,incident-src-330069d582c20001,4,adjudication-seed-fia-2022-hun-12e2b5910b5d-01,adj-c2798a8076b05840,incident-src-c2798a8076b05840,0.3,4,overlap_candidate|first_lap_candidate|wet_track_candidate|safety_car_restart_candidate,False,no_further_action,,,,pre_review_feasibility,False,False,review_priority_only_pending_context_and_conduct_review
adjudication-seed-fia-2024-aut-4b3df85c59ad-01,adj-330069d582c20001,incident-src-330069d582c20001,5,adjudication-seed-fia-2023-usa-4b0f79bc4886-01,adj-0b22a250d896b161,incident-src-0b22a250d896b161,0.3,4,overlap_candidate|first_lap_candidate|wet_track_candidate|safety_car_restart_candidate,False,no_further_action,,,,pre_review_feasibility,False,False,review_priority_only_pending_context_and_conduct_review
adjudication-seed-fia-2024-aut-4d4962053c25-01,adj-b361bfe26bd9fde2,incident-src-b361bfe26bd9fde2,1,adjudication-seed-fia-2022-sao-695fd61e1d50-01,adj-96f32b26fd720b87,incident-src-96f32b26fd720b87,0.0,4,attacker_line_candidate|first_lap_candidate|wet_track_candidate|safety_car_restart_candidate,True,time_penalty,5,2,,pre_review_feasibility,True,False,review_priority_only_pending_context_and_conduct_review
adjudication-seed-fia-2024-aut-4d4962053c25-01,adj-b361bfe26bd9fde2,incident-src-b361bfe26bd9fde2,2,adjudication-seed-fia-2022-sau-626edbbd5a3a-01,adj-3baf9aacecb5c6e5,incident-src-3baf9aacecb5c6e5,0.0,4,attacker_line_candidate|first_lap_candidate|wet_track_candidate|safety_car_restart_candidate,True,grid_penalty,,2,3,pre_review_feasibility,True,False,review_priority_only_pending_context_and_conduct_review
adjudication-seed-fia-2024-aut-4d4962053c25-01,adj-b361bfe26bd9fde2,incident-src-b361bfe26bd9fde2,3,adjudication-seed-fia-2023-can-572578a57a9b-01,adj-bc46b8ef7db29a9f,incident-src-bc46b8ef7db29a9f,0.0,4,attacker_line_candidate|first_lap_candidate|wet_track_candidate|safety_car_restart_candidate,False,no_further_action,,,,pre_review_feasibility,True,True,review_priority_only_pending_context_and_conduct_review
adjudication-seed-fia-2024-aut-4d4962053c25-01,adj-b361bfe26bd9fde2,incident-src-b361bfe26bd9fde2,4,adjudication-seed-fia-2023-can-79ff129eac93-01,adj-59a7fa0595802b73,incident-src-59a7fa0595802b73,0.0,4,attacker_line_candidate|first_lap_candidate|wet_track_candidate|safety_car_restart_candidate,False,no_further_action,,,,pre_review_feasibility,True,True,review_priority_only_pending_context_and_conduct_review
adjudication-seed-fia-2024-aut-4d4962053c25-01,adj-b361bfe26bd9fde2,incident-src-b361bfe26bd9fde2,5,adjudication-seed-fia-2023-ita-06048f646efe-01,adj-c44453d1de46285e,incident-src-c44453d1de46285e,0.0,4,attacker_line_candidate|first_lap_candidate|wet_track_candidate|safety_car_restart_candidate,True,time_penalty,5,2,,pre_review_feasibility,True,False,review_priority_only_pending_context_and_conduct_review
adjudication-seed-fia-2024-aut-1386e9236666-01,adj-f388f903abd92138,incident-src-f388f903abd92138,1,adjudication-seed-fia-2022-sao-002711fb5ae0-01,adj-a3a7fbd881640e16,incident-src-a3a7fbd881640e16,0.0,3,first_lap_candidate|wet_track_candidate|safety_car_restart_candidate,True,time_penalty,10,3,,pre_review_feasibility,True,False,review_priority_only_pending_context_and_conduct_review
adjudication-seed-fia-2024-aut-1386e9236666-01,adj-f388f903abd92138,incident-src-f388f903abd92138,2,adjudication-seed-fia-2023-usa-cf78524f4683-01,adj-b34bfbde37e56841,incident-src-b34bfbde37e56841,0.125,3,first_lap_candidate|wet_track_candidate|safety_car_restart_candidate,False,no_further_action,,,,pre_review_feasibility,True,True,review_priority_only_pending_context_and_conduct_review
adjudication-seed-fia-2024-aut-1386e9236666-01,adj-f388f903abd92138,incident-src-f388f903abd92138,3,adjudication-seed-fia-2024-usa-4828e63a6c32-01,adj-649fecee52ee4f6f,incident-src-649fecee52ee4f6f,0.125,3,first_lap_candidate|wet_track_candidate|safety_car_restart_candidate,True,time_penalty,5,,,pre_review_feasibility,True,False,review_priority_only_pending_context_and_conduct_review
adjudication-seed-fia-2024-aut-1386e9236666-01,adj-f388f903abd92138,incident-src-f388f903abd92138,4,adjudication-seed-fia-2022-aut-ab1a77f87104-01,adj-543da3861599debe,incident-src-543da3861599debe,0.2,3,first_lap_candidate|wet_track_candidate|safety_car_restart_candidate,True,time_penalty,5,2,,pre_review_feasibility,True,False,review_priority_only_pending_context_and_conduct_review
adjudication-seed-fia-2024-aze-51d6849b52fb-01,adj-4d9543b8ee4e354b,incident-src-4d9543b8ee4e354b,1,adjudication-seed-fia-2022-abu-6afd5d82f378-01,adj-5c847c13b64952f6,incident-src-5c847c13b64952f6,0.0,3,first_lap_candidate|wet_track_candidate|safety_car_restart_candidate,True,time_penalty,5,2,,pre_review_feasibility,False,True,review_priority_only_pending_context_and_conduct_review
adjudication-seed-fia-2024-aze-51d6849b52fb-01,adj-4d9543b8ee4e354b,incident-src-4d9543b8ee4e354b,2,adjudication-seed-fia-2022-fra-5b00af9baee5-01,adj-895a772a98e8bd31,incident-src-895a772a98e8bd31,0.0,3,first_lap_candidate|wet_track_candidate|safety_car_restart_candidate,True,time_penalty,5,2,,pre_review_feasibility,False,True,review_priority_only_pending_context_and_conduct_review
adjudication-seed-fia-2024-aze-51d6849b52fb-01,adj-4d9543b8ee4e354b,incident-src-4d9543b8ee4e354b,3,adjudication-seed-fia-2022-gbr-81e6a9badf51-01,adj-2f0e84f6cc910eed,incident-src-2f0e84f6cc910eed,0.0,3,first_lap_candidate|wet_track_candidate|safety_car_restart_candidate,True,time_penalty,5,2,,pre_review_feasibility,False,True,review_priority_only_pending_context_and_conduct_review
adjudication-seed-fia-2024-aze-51d6849b52fb-01,adj-4d9543b8ee4e354b,incident-src-4d9543b8ee4e354b,4,adjudication-seed-fia-2022-mex-9975b4f5dd0e-01,adj-2642da4344825f6e,incident-src-2642da4344825f6e,0.0,3,first_lap_candidate|wet_track_candidate|safety_car_restart_candidate,True,time_penalty,10,2,,pre_review_feasibility,False,True,review_priority_only_pending_context_and_conduct_review
adjudication-seed-fia-2024-aze-51d6849b52fb-01,adj-4d9543b8ee4e354b,incident-src-4d9543b8ee4e354b,5,adjudication-seed-fia-2022-mia-200cbc833915-01,adj-28c62e2652e40363,incident-src-28c62e2652e40363,0.0,3,first_lap_candidate|wet_track_candidate|safety_car_restart_candidate,False,no_further_action,,,,pre_review_feasibility,False,False,review_priority_only_pending_context_and_conduct_review
adjudication-seed-fia-2024-aze-ebeab05b8b9a-01,adj-94905942bca0fa49,incident-src-94905942bca0fa49,1,adjudication-seed-fia-2022-abu-6afd5d82f378-01,adj-5c847c13b64952f6,incident-src-5c847c13b64952f6,0.0,3,first_lap_candidate|wet_track_candidate|safety_car_restart_candidate,True,time_penalty,5,2,,pre_review_feasibility,False,True,review_priority_only_pending_context_and_conduct_review
adjudication-seed-fia-2024-aze-ebeab05b8b9a-01,adj-94905942bca0fa49,incident-src-94905942bca0fa49,2,adjudication-seed-fia-2022-fra-5b00af9baee5-01,adj-895a772a98e8bd31,incident-src-895a772a98e8bd31,0.0,3,first_lap_candidate|wet_track_candidate|safety_car_restart_candidate,True,time_penalty,5,2,,pre_review_feasibility,False,True,review_priority_only_pending_context_and_conduct_review
adjudication-seed-fia-2024-aze-ebeab05b8b9a-01,adj-94905942bca0fa49,incident-src-94905942bca0fa49,3,adjudication-seed-fia-2022-gbr-81e6a9badf51-01,adj-2f0e84f6cc910eed,incident-src-2f0e84f6cc910eed,0.0,3,first_lap_candidate|wet_track_candidate|safety_car_restart_candidate,True,time_penalty,5,2,,pre_review_feasibility,False,True,review_priority_only_pending_context_and_conduct_review
adjudication-seed-fia-2024-aze-ebeab05b8b9a-01,adj-94905942bca0fa49,incident-src-94905942bca0fa49,4,adjudication-seed-fia-2022-mex-9975b4f5dd0e-01,adj-2642da4344825f6e,incident-src-2642da4344825f6e,0.0,3,first_lap_candidate|wet_track_candidate|safety_car_restart_candidate,True,time_penalty,10,2,,pre_review_feasibility,False,True,review_priority_only_pending_context_and_conduct_review
adjudication-seed-fia-2024-aze-ebeab05b8b9a-01,adj-94905942bca0fa49,incident-src-94905942bca0fa49,5,adjudication-seed-fia-2022-mia-200cbc833915-01,adj-28c62e2652e40363,incident-src-28c62e2652e40363,0.0,3,first_lap_candidate|wet_track_candidate|safety_car_restart_candidate,False,no_further_action,,,,pre_review_feasibility,False,False,review_priority_only_pending_context_and_conduct_review
adjudication-seed-fia-2024-can-119e41abd9ba-01,adj-e0e2c5e41cf687bb,incident-src-e0e2c5e41cf687bb,1,adjudication-seed-fia-2022-jpn-786e23bdcd54-01,adj-b8d4324786805037,incident-src-b8d4324786805037,0.0,3,first_lap_candidate|wet_track_candidate|safety_car_restart_candidate,True,time_penalty,5,1,,pre_review_feasibility,False,True,review_priority_only_pending_context_and_conduct_review
adjudication-seed-fia-2024-can-119e41abd9ba-01,adj-e0e2c5e41cf687bb,incident-src-e0e2c5e41cf687bb,2,adjudication-seed-fia-2022-mco-a85320aa2719-01,adj-a3cd03fc1f19e87d,incident-src-a3cd03fc1f19e87d,0.0,3,first_lap_candidate|wet_track_candidate|safety_car_restart_candidate,True,time_penalty,5,1,,pre_review_feasibility,False,True,review_priority_only_pending_context_and_conduct_review
adjudication-seed-fia-2024-can-119e41abd9ba-01,adj-e0e2c5e41cf687bb,incident-src-e0e2c5e41cf687bb,3,adjudication-seed-fia-2022-mex-0c20b3af2f45-01,adj-e25cec29abffafb1,incident-src-e25cec29abffafb1,0.0,3,first_lap_candidate|wet_track_candidate|safety_car_restart_candidate,True,time_penalty,5,1,,pre_review_feasibility,False,True,review_priority_only_pending_context_and_conduct_review
adjudication-seed-fia-2024-can-119e41abd9ba-01,adj-e0e2c5e41cf687bb,incident-src-e0e2c5e41cf687bb,4,adjudication-seed-fia-2022-mia-3ef5fd2c5510-01,adj-a738d13a55b1a41c,incident-src-a738d13a55b1a41c,0.0,3,first_lap_candidate|wet_track_candidate|safety_car_restart_candidate,True,time_penalty,5,1,,pre_review_feasibility,False,True,review_priority_only_pending_context_and_conduct_review
adjudication-seed-fia-2024-can-119e41abd9ba-01,adj-e0e2c5e41cf687bb,incident-src-e0e2c5e41cf687bb,5,adjudication-seed-fia-2022-mia-bbafb6bcc091-01,adj-edbdab17f12114c7,incident-src-edbdab17f12114c7,0.0,3,first_lap_candidate|wet_track_candidate|safety_car_restart_candidate,False,no_further_action,,,,pre_review_feasibility,False,False,review_priority_only_pending_context_and_conduct_review
adjudication-seed-fia-2024-can-2d45bb0945a9-01,adj-08975f5bf7e53df4,incident-group-1f0e1655ef842f90,1,adjudication-seed-fia-2022-aut-0b612be0b626-01,adj-ea983bef6c710033,incident-src-ea983bef6c710033,0.0,5,attacker_line_candidate|overlap_candidate|first_lap_candidate|wet_track_candidate|safety_car_restart_candidate,True,time_penalty,5,2,,pre_review_feasibility,False,True,review_priority_only_pending_context_and_conduct_review
adjudication-seed-fia-2024-can-2d45bb0945a9-01,adj-08975f5bf7e53df4,incident-group-1f0e1655ef842f90,2,adjudication-seed-fia-2022-esp-9eba7bd2599a-01,adj-b1443a946b9a7bc7,incident-src-b1443a946b9a7bc7,0.0,5,attacker_line_candidate|overlap_candidate|first_lap_candidate|wet_track_candidate|safety_car_restart_candidate,True,time_penalty,5,2,,pre_review_feasibility,False,True,review_priority_only_pending_context_and_conduct_review
adjudication-seed-fia-2024-can-2d45bb0945a9-01,adj-08975f5bf7e53df4,incident-group-1f0e1655ef842f90,3,adjudication-seed-fia-2023-jpn-ce0c4d6ce752-01,adj-ac7b841c1ea1648e,incident-src-ac7b841c1ea1648e,0.0,5,attacker_line_candidate|overlap_candidate|first_lap_candidate|wet_track_candidate|safety_car_restart_candidate,True,time_penalty,5,2,,pre_review_feasibility,False,True,review_priority_only_pending_context_and_conduct_review
adjudication-seed-fia-2024-can-2d45bb0945a9-01,adj-08975f5bf7e53df4,incident-group-1f0e1655ef842f90,4,adjudication-seed-fia-2024-mex-c52d53ba8a48-01,adj-c66b11904508fc88,incident-src-c66b11904508fc88,0.0,5,attacker_line_candidate|overlap_candidate|first_lap_candidate|wet_track_candidate|safety_car_restart_candidate,True,time_penalty,10,2,,pre_review_feasibility,False,True,review_priority_only_pending_context_and_conduct_review
adjudication-seed-fia-2024-can-2d45bb0945a9-01,adj-08975f5bf7e53df4,incident-group-1f0e1655ef842f90,5,adjudication-seed-fia-2022-fra-21ed142c13a0-01,adj-7d3d410e6a4ba360,incident-src-7d3d410e6a4ba360,0.1,4,attacker_line_candidate|first_lap_candidate|wet_track_candidate|safety_car_restart_candidate,True,time_penalty,5,2,,pre_review_feasibility,False,True,review_priority_only_pending_context_and_conduct_review
adjudication-seed-fia-2024-can-546aad3f9319-01,adj-d710238ee5f893bf,incident-group-1f0e1655ef842f90,1,adjudication-seed-fia-2022-aut-0b612be0b626-01,adj-ea983bef6c710033,incident-src-ea983bef6c710033,0.0,5,attacker_line_candidate|overlap_candidate|first_lap_candidate|wet_track_candidate|safety_car_restart_candidate,True,time_penalty,5,2,,pre_review_feasibility,False,True,review_priority_only_pending_context_and_conduct_review
adjudication-seed-fia-2024-can-546aad3f9319-01,adj-d710238ee5f893bf,incident-group-1f0e1655ef842f90,2,adjudication-seed-fia-2022-esp-9eba7bd2599a-01,adj-b1443a946b9a7bc7,incident-src-b1443a946b9a7bc7,0.0,5,attacker_line_candidate|overlap_candidate|first_lap_candidate|wet_track_candidate|safety_car_restart_candidate,True,time_penalty,5,2,,pre_review_feasibility,False,True,review_priority_only_pending_context_and_conduct_review
adjudication-seed-fia-2024-can-546aad3f9319-01,adj-d710238ee5f893bf,incident-group-1f0e1655ef842f90,3,adjudication-seed-fia-2023-jpn-ce0c4d6ce752-01,adj-ac7b841c1ea1648e,incident-src-ac7b841c1ea1648e,0.0,5,attacker_line_candidate|overlap_candidate|first_lap_candidate|wet_track_candidate|safety_car_restart_candidate,True,time_penalty,5,2,,pre_review_feasibility,False,True,review_priority_only_pending_context_and_conduct_review
adjudication-seed-fia-2024-can-546aad3f9319-01,adj-d710238ee5f893bf,incident-group-1f0e1655ef842f90,4,adjudication-seed-fia-2024-mex-c52d53ba8a48-01,adj-c66b11904508fc88,incident-src-c66b11904508fc88,0.0,5,attacker_line_candidate|overlap_candidate|first_lap_candidate|wet_track_candidate|safety_car_restart_candidate,True,time_penalty,10,2,,pre_review_feasibility,False,True,review_priority_only_pending_context_and_conduct_review
adjudication-seed-fia-2024-can-546aad3f9319-01,adj-d710238ee5f893bf,incident-group-1f0e1655ef842f90,5,adjudication-seed-fia-2022-fra-21ed142c13a0-01,adj-7d3d410e6a4ba360,incident-src-7d3d410e6a4ba360,0.1,4,attacker_line_candidate|first_lap_candidate|wet_track_candidate|safety_car_restart_candidate,True,time_penalty,5,2,,pre_review_feasibility,False,True,review_priority_only_pending_context_and_conduct_review
adjudication-seed-fia-2024-chn-4196fcc2964f-01,adj-d73632383a18fd68,incident-src-d73632383a18fd68,1,adjudication-seed-fia-2022-aus-60118fcf81d1-01,adj-752796dd8601031a,incident-src-752796dd8601031a,0.0,4,overlap_candidate|first_lap_candidate|wet_track_candidate|safety_car_restart_candidate,False,no_further_action,,,,pre_review_feasibility,False,False,review_priority_only_pending_context_and_conduct_review
adjudication-seed-fia-2024-chn-4196fcc2964f-01,adj-d73632383a18fd68,incident-src-d73632383a18fd68,2,adjudication-seed-fia-2022-bhr-3f720bfded90-01,adj-005169f6535a0e91,incident-src-005169f6535a0e91,0.0,4,overlap_candidate|first_lap_candidate|wet_track_candidate|safety_car_restart_candidate,False,no_further_action,,,,pre_review_feasibility,False,False,review_priority_only_pending_context_and_conduct_review
adjudication-seed-fia-2024-chn-4196fcc2964f-01,adj-d73632383a18fd68,incident-src-d73632383a18fd68,3,adjudication-seed-fia-2024-chn-b693963070bc-01,adj-f8191026c986c048,incident-src-f8191026c986c048,0.0,4,overlap_candidate|first_lap_candidate|wet_track_candidate|safety_car_restart_candidate,False,no_further_action,,,,pre_review_feasibility,False,False,review_priority_only_pending_context_and_conduct_review
adjudication-seed-fia-2024-chn-4196fcc2964f-01,adj-d73632383a18fd68,incident-src-d73632383a18fd68,4,adjudication-seed-fia-2024-mex-11839f036c68-01,adj-90ff433e4a6ee78a,incident-src-90ff433e4a6ee78a,0.1,4,overlap_candidate|first_lap_candidate|wet_track_candidate|safety_car_restart_candidate,False,no_further_action,,,,pre_review_feasibility,False,False,review_priority_only_pending_context_and_conduct_review
adjudication-seed-fia-2024-chn-4196fcc2964f-01,adj-d73632383a18fd68,incident-src-d73632383a18fd68,5,adjudication-seed-fia-2023-esp-d60c194c8ff7-01,adj-b762034ba93ba8b3,incident-src-b762034ba93ba8b3,0.125,3,first_lap_candidate|wet_track_candidate|safety_car_restart_candidate,True,time_penalty,5,1,,pre_review_feasibility,False,True,review_priority_only_pending_context_and_conduct_review
adjudication-seed-fia-2024-chn-6d2ca4d46d70-01,adj-e6937a3f0184649f,incident-src-e6937a3f0184649f,1,adjudication-seed-fia-2022-abu-6afd5d82f378-01,adj-5c847c13b64952f6,incident-src-5c847c13b64952f6,0.0,3,first_lap_candidate|wet_track_candidate|safety_car_restart_candidate,True,time_penalty,5,2,,pre_review_feasibility,True,False,review_priority_only_pending_context_and_conduct_review
adjudication-seed-fia-2024-chn-6d2ca4d46d70-01,adj-e6937a3f0184649f,incident-src-e6937a3f0184649f,2,adjudication-seed-fia-2022-fra-5b00af9baee5-01,adj-895a772a98e8bd31,incident-src-895a772a98e8bd31,0.0,3,first_lap_candidate|wet_track_candidate|safety_car_restart_candidate,True,time_penalty,5,2,,pre_review_feasibility,True,False,review_priority_only_pending_context_and_conduct_review
adjudication-seed-fia-2024-chn-6d2ca4d46d70-01,adj-e6937a3f0184649f,incident-src-e6937a3f0184649f,3,adjudication-seed-fia-2022-gbr-81e6a9badf51-01,adj-2f0e84f6cc910eed,incident-src-2f0e84f6cc910eed,0.0,3,first_lap_candidate|wet_track_candidate|safety_car_restart_candidate,True,time_penalty,5,2,,pre_review_feasibility,True,False,review_priority_only_pending_context_and_conduct_review
adjudication-seed-fia-2024-chn-6d2ca4d46d70-01,adj-e6937a3f0184649f,incident-src-e6937a3f0184649f,4,adjudication-seed-fia-2022-mex-9975b4f5dd0e-01,adj-2642da4344825f6e,incident-src-2642da4344825f6e,0.0,3,first_lap_candidate|wet_track_candidate|safety_car_restart_candidate,True,time_penalty,10,2,,pre_review_feasibility,True,False,review_priority_only_pending_context_and_conduct_review
adjudication-seed-fia-2024-chn-6d2ca4d46d70-01,adj-e6937a3f0184649f,incident-src-e6937a3f0184649f,5,adjudication-seed-fia-2022-mia-200cbc833915-01,adj-28c62e2652e40363,incident-src-28c62e2652e40363,0.0,3,first_lap_candidate|wet_track_candidate|safety_car_restart_candidate,False,no_further_action,,,,pre_review_feasibility,True,True,review_priority_only_pending_context_and_conduct_review
adjudication-seed-fia-2024-chn-b693963070bc-01,adj-f8191026c986c048,incident-src-f8191026c986c048,1,adjudication-seed-fia-2022-aus-60118fcf81d1-01,adj-752796dd8601031a,incident-src-752796dd8601031a,0.0,4,overlap_candidate|first_lap_candidate|wet_track_candidate|safety_car_restart_candidate,False,no_further_action,,,,pre_review_feasibility,False,False,review_priority_only_pending_context_and_conduct_review
adjudication-seed-fia-2024-chn-b693963070bc-01,adj-f8191026c986c048,incident-src-f8191026c986c048,2,adjudication-seed-fia-2022-bhr-3f720bfded90-01,adj-005169f6535a0e91,incident-src-005169f6535a0e91,0.0,4,overlap_candidate|first_lap_candidate|wet_track_candidate|safety_car_restart_candidate,False,no_further_action,,,,pre_review_feasibility,False,False,review_priority_only_pending_context_and_conduct_review
adjudication-seed-fia-2024-chn-b693963070bc-01,adj-f8191026c986c048,incident-src-f8191026c986c048,3,adjudication-seed-fia-2024-chn-4196fcc2964f-01,adj-d73632383a18fd68,incident-src-d73632383a18fd68,0.0,4,overlap_candidate|first_lap_candidate|wet_track_candidate|safety_car_restart_candidate,False,no_further_action,,,,pre_review_feasibility,False,False,review_priority_only_pending_context_and_conduct_review
adjudication-seed-fia-2024-chn-b693963070bc-01,adj-f8191026c986c048,incident-src-f8191026c986c048,4,adjudication-seed-fia-2024-mex-11839f036c68-01,adj-90ff433e4a6ee78a,incident-src-90ff433e4a6ee78a,0.1,4,overlap_candidate|first_lap_candidate|wet_track_candidate|safety_car_restart_candidate,False,no_further_action,,,,pre_review_feasibility,False,False,review_priority_only_pending_context_and_conduct_review
adjudication-seed-fia-2024-chn-b693963070bc-01,adj-f8191026c986c048,incident-src-f8191026c986c048,5,adjudication-seed-fia-2023-esp-d60c194c8ff7-01,adj-b762034ba93ba8b3,incident-src-b762034ba93ba8b3,0.125,3,first_lap_candidate|wet_track_candidate|safety_car_restart_candidate,True,time_penalty,5,1,,pre_review_feasibility,False,True,review_priority_only_pending_context_and_conduct_review
adjudication-seed-fia-2024-chn-e03c15c85429-01,adj-a3a2dc88b46fb907,incident-src-a3a2dc88b46fb907,1,adjudication-seed-fia-2022-abu-6afd5d82f378-01,adj-5c847c13b64952f6,incident-src-5c847c13b64952f6,0.0,3,first_lap_candidate|wet_track_candidate|safety_car_restart_candidate,True,time_penalty,5,2,,pre_review_feasibility,True,False,review_priority_only_pending_context_and_conduct_review
adjudication-seed-fia-2024-chn-e03c15c85429-01,adj-a3a2dc88b46fb907,incident-src-a3a2dc88b46fb907,2,adjudication-seed-fia-2022-fra-5b00af9baee5-01,adj-895a772a98e8bd31,incident-src-895a772a98e8bd31,0.0,3,first_lap_candidate|wet_track_candidate|safety_car_restart_candidate,True,time_penalty,5,2,,pre_review_feasibility,True,False,review_priority_only_pending_context_and_conduct_review
adjudication-seed-fia-2024-chn-e03c15c85429-01,adj-a3a2dc88b46fb907,incident-src-a3a2dc88b46fb907,3,adjudication-seed-fia-2022-gbr-81e6a9badf51-01,adj-2f0e84f6cc910eed,incident-src-2f0e84f6cc910eed,0.0,3,first_lap_candidate|wet_track_candidate|safety_car_restart_candidate,True,time_penalty,5,2,,pre_review_feasibility,True,False,review_priority_only_pending_context_and_conduct_review
adjudication-seed-fia-2024-chn-e03c15c85429-01,adj-a3a2dc88b46fb907,incident-src-a3a2dc88b46fb907,4,adjudication-seed-fia-2022-mex-9975b4f5dd0e-01,adj-2642da4344825f6e,incident-src-2642da4344825f6e,0.0,3,first_lap_candidate|wet_track_candidate|safety_car_restart_candidate,True,time_penalty,10,2,,pre_review_feasibility,True,False,review_priority_only_pending_context_and_conduct_review
adjudication-seed-fia-2024-chn-e03c15c85429-01,adj-a3a2dc88b46fb907,incident-src-a3a2dc88b46fb907,5,adjudication-seed-fia-2022-mia-200cbc833915-01,adj-28c62e2652e40363,incident-src-28c62e2652e40363,0.0,3,first_lap_candidate|wet_track_candidate|safety_car_restart_candidate,False,no_further_action,,,,pre_review_feasibility,True,True,review_priority_only_pending_context_and_conduct_review
adjudication-seed-fia-2024-chn-d3b9af164caf-01,adj-1b908ee0c8888db7,incident-src-1b908ee0c8888db7,1,adjudication-seed-fia-2022-sao-1389f4a1ad53-01,adj-e01a3f0d7bc0ac4d,incident-src-e01a3f0d7bc0ac4d,0.0,3,first_lap_candidate|wet_track_candidate|safety_car_restart_candidate,True,time_penalty,5,2,,pre_review_feasibility,True,False,review_priority_only_pending_context_and_conduct_review
adjudication-seed-fia-2024-chn-d3b9af164caf-01,adj-1b908ee0c8888db7,incident-src-1b908ee0c8888db7,2,adjudication-seed-fia-2023-qat-002060120e1b-01,adj-2bb6a3e3238bf797,incident-group-3d3328a390c3ac33,0.2,3,first_lap_candidate|wet_track_candidate|safety_car_restart_candidate,False,no_further_action,,,,pre_review_feasibility,True,True,review_priority_only_pending_context_and_conduct_review
adjudication-seed-fia-2024-chn-d3b9af164caf-01,adj-1b908ee0c8888db7,incident-src-1b908ee0c8888db7,3,adjudication-seed-fia-2023-qat-8a64aec7daf5-01,adj-3963f9cb2db8ec33,incident-group-3d3328a390c3ac33,0.2,3,first_lap_candidate|wet_track_candidate|safety_car_restart_candidate,False,no_further_action,,,,pre_review_feasibility,True,True,review_priority_only_pending_context_and_conduct_review
adjudication-seed-fia-2024-chn-d3b9af164caf-01,adj-1b908ee0c8888db7,incident-src-1b908ee0c8888db7,4,adjudication-seed-fia-2023-qat-9b045d16fdac-01,adj-be81901bac03674e,incident-group-3d3328a390c3ac33,0.2,3,first_lap_candidate|wet_track_candidate|safety_car_restart_candidate,False,no_further_action,,,,pre_review_feasibility,True,True,review_priority_only_pending_context_and_conduct_review
adjudication-seed-fia-2024-chn-d3b9af164caf-01,adj-1b908ee0c8888db7,incident-src-1b908ee0c8888db7,5,adjudication-seed-fia-2024-mia-86547ded7d12-01,adj-66a7d8add9666258,incident-group-86e2a514b5312efc,0.3333333333333333,3,first_lap_candidate|wet_track_candidate|safety_car_restart_candidate,False,no_further_action,,,,pre_review_feasibility,True,True,review_priority_only_pending_context_and_conduct_review
adjudication-seed-fia-2024-hun-3048d0b101d3-01,adj-776eb15ec333fda5,incident-src-776eb15ec333fda5,1,adjudication-seed-fia-2024-aut-4b3df85c59ad-01,adj-330069d582c20001,incident-src-330069d582c20001,0.0,4,overlap_candidate|first_lap_candidate|wet_track_candidate|safety_car_restart_candidate,False,no_further_action,,,,pre_review_feasibility,False,False,review_priority_only_pending_context_and_conduct_review
adjudication-seed-fia-2024-hun-3048d0b101d3-01,adj-776eb15ec333fda5,incident-src-776eb15ec333fda5,2,adjudication-seed-fia-2022-ita-cd52e475af6e-01,adj-fddccc34ecc40f6c,incident-src-fddccc34ecc40f6c,0.125,3,first_lap_candidate|wet_track_candidate|safety_car_restart_candidate,True,time_penalty,5,1,,pre_review_feasibility,False,True,review_priority_only_pending_context_and_conduct_review
adjudication-seed-fia-2024-hun-3048d0b101d3-01,adj-776eb15ec333fda5,incident-src-776eb15ec333fda5,3,adjudication-seed-fia-2022-mia-3a5e6c955052-01,adj-c2b66e044c2c2a46,incident-src-c2b66e044c2c2a46,0.25,4,overlap_candidate|first_lap_candidate|wet_track_candidate|safety_car_restart_candidate,True,time_penalty,5,1,,pre_review_feasibility,False,True,review_priority_only_pending_context_and_conduct_review
adjudication-seed-fia-2024-hun-3048d0b101d3-01,adj-776eb15ec333fda5,incident-src-776eb15ec333fda5,4,adjudication-seed-fia-2022-hun-12e2b5910b5d-01,adj-c2798a8076b05840,incident-src-c2798a8076b05840,0.3,4,overlap_candidate|first_lap_candidate|wet_track_candidate|safety_car_restart_candidate,False,no_further_action,,,,pre_review_feasibility,False,False,review_priority_only_pending_context_and_conduct_review
adjudication-seed-fia-2024-hun-3048d0b101d3-01,adj-776eb15ec333fda5,incident-src-776eb15ec333fda5,5,adjudication-seed-fia-2023-usa-4b0f79bc4886-01,adj-0b22a250d896b161,incident-src-0b22a250d896b161,0.3,4,overlap_candidate|first_lap_candidate|wet_track_candidate|safety_car_restart_candidate,False,no_further_action,,,,pre_review_feasibility,False,False,review_priority_only_pending_context_and_conduct_review
adjudication-seed-fia-2024-hun-46b193d4af90-01,adj-c05dc23d16515f58,incident-src-c05dc23d16515f58,1,adjudication-seed-fia-2022-abu-6afd5d82f378-01,adj-5c847c13b64952f6,incident-src-5c847c13b64952f6,0.0,3,first_lap_candidate|wet_track_candidate|safety_car_restart_candidate,True,time_penalty,5,2,,pre_review_feasibility,False,True,review_priority_only_pending_context_and_conduct_review
adjudication-seed-fia-2024-hun-46b193d4af90-01,adj-c05dc23d16515f58,incident-src-c05dc23d16515f58,2,adjudication-seed-fia-2022-fra-5b00af9baee5-01,adj-895a772a98e8bd31,incident-src-895a772a98e8bd31,0.0,3,first_lap_candidate|wet_track_candidate|safety_car_restart_candidate,True,time_penalty,5,2,,pre_review_feasibility,False,True,review_priority_only_pending_context_and_conduct_review
adjudication-seed-fia-2024-hun-46b193d4af90-01,adj-c05dc23d16515f58,incident-src-c05dc23d16515f58,3,adjudication-seed-fia-2022-gbr-81e6a9badf51-01,adj-2f0e84f6cc910eed,incident-src-2f0e84f6cc910eed,0.0,3,first_lap_candidate|wet_track_candidate|safety_car_restart_candidate,True,time_penalty,5,2,,pre_review_feasibility,False,True,review_priority_only_pending_context_and_conduct_review
adjudication-seed-fia-2024-hun-46b193d4af90-01,adj-c05dc23d16515f58,incident-src-c05dc23d16515f58,4,adjudication-seed-fia-2022-mex-9975b4f5dd0e-01,adj-2642da4344825f6e,incident-src-2642da4344825f6e,0.0,3,first_lap_candidate|wet_track_candidate|safety_car_restart_candidate,True,time_penalty,10,2,,pre_review_feasibility,False,True,review_priority_only_pending_context_and_conduct_review
adjudication-seed-fia-2024-hun-46b193d4af90-01,adj-c05dc23d16515f58,incident-src-c05dc23d16515f58,5,adjudication-seed-fia-2022-mia-200cbc833915-01,adj-28c62e2652e40363,incident-src-28c62e2652e40363,0.0,3,first_lap_candidate|wet_track_candidate|safety_car_restart_candidate,False,no_further_action,,,,pre_review_feasibility,False,False,review_priority_only_pending_context_and_conduct_review
adjudication-seed-fia-2024-ita-5562671d826a-01,adj-98bfaa1af9372654,incident-src-98bfaa1af9372654,1,adjudication-seed-fia-2022-abu-6afd5d82f378-01,adj-5c847c13b64952f6,incident-src-5c847c13b64952f6,0.0,3,first_lap_candidate|wet_track_candidate|safety_car_restart_candidate,True,time_penalty,5,2,,pre_review_feasibility,True,False,review_priority_only_pending_context_and_conduct_review
adjudication-seed-fia-2024-ita-5562671d826a-01,adj-98bfaa1af9372654,incident-src-98bfaa1af9372654,2,adjudication-seed-fia-2022-fra-5b00af9baee5-01,adj-895a772a98e8bd31,incident-src-895a772a98e8bd31,0.0,3,first_lap_candidate|wet_track_candidate|safety_car_restart_candidate,True,time_penalty,5,2,,pre_review_feasibility,True,False,review_priority_only_pending_context_and_conduct_review
adjudication-seed-fia-2024-ita-5562671d826a-01,adj-98bfaa1af9372654,incident-src-98bfaa1af9372654,3,adjudication-seed-fia-2022-gbr-81e6a9badf51-01,adj-2f0e84f6cc910eed,incident-src-2f0e84f6cc910eed,0.0,3,first_lap_candidate|wet_track_candidate|safety_car_restart_candidate,True,time_penalty,5,2,,pre_review_feasibility,True,False,review_priority_only_pending_context_and_conduct_review
adjudication-seed-fia-2024-ita-5562671d826a-01,adj-98bfaa1af9372654,incident-src-98bfaa1af9372654,4,adjudication-seed-fia-2022-mex-9975b4f5dd0e-01,adj-2642da4344825f6e,incident-src-2642da4344825f6e,0.0,3,first_lap_candidate|wet_track_candidate|safety_car_restart_candidate,True,time_penalty,10,2,,pre_review_feasibility,True,False,review_priority_only_pending_context_and_conduct_review
adjudication-seed-fia-2024-ita-5562671d826a-01,adj-98bfaa1af9372654,incident-src-98bfaa1af9372654,5,adjudication-seed-fia-2022-mia-200cbc833915-01,adj-28c62e2652e40363,incident-src-28c62e2652e40363,0.0,3,first_lap_candidate|wet_track_candidate|safety_car_restart_candidate,False,no_further_action,,,,pre_review_feasibility,True,True,review_priority_only_pending_context_and_conduct_review
adjudication-seed-fia-2024-ita-5774aa14322d-01,adj-f93d1bf0be920795,incident-src-f93d1bf0be920795,1,adjudication-seed-fia-2023-lvs-477cbe1a4d5c-01,adj-d7ab78271e2eba13,incident-src-d7ab78271e2eba13,0.0,3,first_lap_candidate|wet_track_candidate|safety_car_restart_candidate,True,time_penalty,5,2,,pre_review_feasibility,True,False,review_priority_only_pending_context_and_conduct_review
adjudication-seed-fia-2024-ita-5774aa14322d-01,adj-f93d1bf0be920795,incident-src-f93d1bf0be920795,2,adjudication-seed-fia-2023-esp-d60c194c8ff7-01,adj-b762034ba93ba8b3,incident-src-b762034ba93ba8b3,0.3333333333333333,3,first_lap_candidate|wet_track_candidate|safety_car_restart_candidate,True,time_penalty,5,1,,pre_review_feasibility,True,False,review_priority_only_pending_context_and_conduct_review
adjudication-seed-fia-2024-ita-5774aa14322d-01,adj-f93d1bf0be920795,incident-src-f93d1bf0be920795,3,adjudication-seed-fia-2022-aus-60118fcf81d1-01,adj-752796dd8601031a,incident-src-752796dd8601031a,0.375,3,first_lap_candidate|wet_track_candidate|safety_car_restart_candidate,False,no_further_action,,,,pre_review_feasibility,True,True,review_priority_only_pending_context_and_conduct_review
adjudication-seed-fia-2024-ita-5774aa14322d-01,adj-f93d1bf0be920795,incident-src-f93d1bf0be920795,4,adjudication-seed-fia-2022-bhr-3f720bfded90-01,adj-005169f6535a0e91,incident-src-005169f6535a0e91,0.375,3,first_lap_candidate|wet_track_candidate|safety_car_restart_candidate,False,no_further_action,,,,pre_review_feasibility,True,True,review_priority_only_pending_context_and_conduct_review
adjudication-seed-fia-2024-ita-5774aa14322d-01,adj-f93d1bf0be920795,incident-src-f93d1bf0be920795,5,adjudication-seed-fia-2023-aut-b9a48d1d47b0-01,adj-322e1b8d35cf5618,incident-src-322e1b8d35cf5618,0.375,3,first_lap_candidate|wet_track_candidate|safety_car_restart_candidate,True,time_penalty,5,2,,pre_review_feasibility,True,False,review_priority_only_pending_context_and_conduct_review
adjudication-seed-fia-2024-ita-9747ddf1dc7b-01,adj-def027f293e93425,incident-src-def027f293e93425,1,adjudication-seed-fia-2022-sao-695fd61e1d50-01,adj-96f32b26fd720b87,incident-src-96f32b26fd720b87,0.0,4,attacker_line_candidate|first_lap_candidate|wet_track_candidate|safety_car_restart_candidate,True,time_penalty,5,2,,pre_review_feasibility,True,False,review_priority_only_pending_context_and_conduct_review
adjudication-seed-fia-2024-ita-9747ddf1dc7b-01,adj-def027f293e93425,incident-src-def027f293e93425,2,adjudication-seed-fia-2022-sau-626edbbd5a3a-01,adj-3baf9aacecb5c6e5,incident-src-3baf9aacecb5c6e5,0.0,4,attacker_line_candidate|first_lap_candidate|wet_track_candidate|safety_car_restart_candidate,True,grid_penalty,,2,3,pre_review_feasibility,True,False,review_priority_only_pending_context_and_conduct_review
adjudication-seed-fia-2024-ita-9747ddf1dc7b-01,adj-def027f293e93425,incident-src-def027f293e93425,3,adjudication-seed-fia-2023-can-572578a57a9b-01,adj-bc46b8ef7db29a9f,incident-src-bc46b8ef7db29a9f,0.0,4,attacker_line_candidate|first_lap_candidate|wet_track_candidate|safety_car_restart_candidate,False,no_further_action,,,,pre_review_feasibility,True,True,review_priority_only_pending_context_and_conduct_review
adjudication-seed-fia-2024-ita-9747ddf1dc7b-01,adj-def027f293e93425,incident-src-def027f293e93425,4,adjudication-seed-fia-2023-can-79ff129eac93-01,adj-59a7fa0595802b73,incident-src-59a7fa0595802b73,0.0,4,attacker_line_candidate|first_lap_candidate|wet_track_candidate|safety_car_restart_candidate,False,no_further_action,,,,pre_review_feasibility,True,True,review_priority_only_pending_context_and_conduct_review
adjudication-seed-fia-2024-ita-9747ddf1dc7b-01,adj-def027f293e93425,incident-src-def027f293e93425,5,adjudication-seed-fia-2023-ita-06048f646efe-01,adj-c44453d1de46285e,incident-src-c44453d1de46285e,0.0,4,attacker_line_candidate|first_lap_candidate|wet_track_candidate|safety_car_restart_candidate,True,time_penalty,5,2,,pre_review_feasibility,True,False,review_priority_only_pending_context_and_conduct_review
adjudication-seed-fia-2024-jpn-7c7c61a7ed8e-01,adj-cac143763ee20168,incident-src-cac143763ee20168,1,adjudication-seed-fia-2023-esp-d60c194c8ff7-01,adj-b762034ba93ba8b3,incident-src-b762034ba93ba8b3,0.125,3,first_lap_candidate|wet_track_candidate|safety_car_restart_candidate,True,time_penalty,5,1,,pre_review_feasibility,False,True,review_priority_only_pending_context_and_conduct_review
adjudication-seed-fia-2024-jpn-7c7c61a7ed8e-01,adj-cac143763ee20168,incident-src-cac143763ee20168,2,adjudication-seed-fia-2023-aut-b9a48d1d47b0-01,adj-322e1b8d35cf5618,incident-src-322e1b8d35cf5618,0.2,3,first_lap_candidate|wet_track_candidate|safety_car_restart_candidate,True,time_penalty,5,2,,pre_review_feasibility,False,True,review_priority_only_pending_context_and_conduct_review
adjudication-seed-fia-2024-jpn-7c7c61a7ed8e-01,adj-cac143763ee20168,incident-src-cac143763ee20168,3,adjudication-seed-fia-2024-mex-9398d22e8e7e-01,adj-10a8c59210b937e3,incident-src-10a8c59210b937e3,0.2,3,first_lap_candidate|wet_track_candidate|safety_car_restart_candidate,True,time_penalty,10,2,,pre_review_feasibility,False,True,review_priority_only_pending_context_and_conduct_review
adjudication-seed-fia-2024-jpn-7c7c61a7ed8e-01,adj-cac143763ee20168,incident-src-cac143763ee20168,4,adjudication-seed-fia-2024-mex-a4340456d96a-01,adj-692b411e9f958d1d,incident-src-692b411e9f958d1d,0.2,3,first_lap_candidate|wet_track_candidate|safety_car_restart_candidate,False,no_further_action,,,,pre_review_feasibility,False,False,review_priority_only_pending_context_and_conduct_review
adjudication-seed-fia-2024-jpn-7c7c61a7ed8e-01,adj-cac143763ee20168,incident-src-cac143763ee20168,5,adjudication-seed-fia-2024-usa-7a56202d170c-01,adj-607fddba182aaa3f,incident-src-607fddba182aaa3f,0.2,3,first_lap_candidate|wet_track_candidate|safety_car_restart_candidate,True,time_penalty,5,,,pre_review_feasibility,False,True,review_priority_only_pending_context_and_conduct_review
adjudication-seed-fia-2024-jpn-9cf103b985c9-01,adj-7a872dc58411ce68,incident-src-7a872dc58411ce68,1,adjudication-seed-fia-2022-aut-116bb7866055-01,adj-4336ab73c4471912,incident-src-4336ab73c4471912,0.1,4,attacker_line_candidate|first_lap_candidate|wet_track_candidate|safety_car_restart_candidate,True,time_penalty,5,2,,pre_review_feasibility,False,True,review_priority_only_pending_context_and_conduct_review
adjudication-seed-fia-2024-jpn-9cf103b985c9-01,adj-7a872dc58411ce68,incident-src-7a872dc58411ce68,2,adjudication-seed-fia-2022-bhr-139703df6539-01,adj-f0d0f579c2d29f95,incident-src-f0d0f579c2d29f95,0.125,3,first_lap_candidate|wet_track_candidate|safety_car_restart_candidate,True,time_penalty,5,2,,pre_review_feasibility,False,True,review_priority_only_pending_context_and_conduct_review
adjudication-seed-fia-2024-jpn-9cf103b985c9-01,adj-7a872dc58411ce68,incident-src-7a872dc58411ce68,3,adjudication-seed-fia-2022-sao-b61d2a302ed0-01,adj-3700ca1e1401e213,incident-src-3700ca1e1401e213,0.125,3,first_lap_candidate|wet_track_candidate|safety_car_restart_candidate,True,grid_penalty,,2,3,pre_review_feasibility,False,True,review_priority_only_pending_context_and_conduct_review
adjudication-seed-fia-2024-jpn-9cf103b985c9-01,adj-7a872dc58411ce68,incident-src-7a872dc58411ce68,4,adjudication-seed-fia-2022-sgp-43a8ea523d85-01,adj-f74ed9090eea7d2d,incident-src-f74ed9090eea7d2d,0.125,3,first_lap_candidate|wet_track_candidate|safety_car_restart_candidate,False,no_further_action,,,,pre_review_feasibility,False,False,review_priority_only_pending_context_and_conduct_review
adjudication-seed-fia-2024-jpn-9cf103b985c9-01,adj-7a872dc58411ce68,incident-src-7a872dc58411ce68,5,adjudication-seed-fia-2022-usa-77995d83458f-01,adj-9c5057e738e04730,incident-src-9c5057e738e04730,0.125,3,first_lap_candidate|wet_track_candidate|safety_car_restart_candidate,True,time_penalty,5,2,,pre_review_feasibility,False,True,review_priority_only_pending_context_and_conduct_review
adjudication-seed-fia-2024-mco-8f89aba81bd5-01,adj-6ea8c11583ab4051,incident-src-6ea8c11583ab4051,1,adjudication-seed-fia-2022-bhr-139703df6539-01,adj-f0d0f579c2d29f95,incident-src-f0d0f579c2d29f95,0.0,3,first_lap_candidate|wet_track_candidate|safety_car_restart_candidate,True,time_penalty,5,2,,pre_review_feasibility,True,False,review_priority_only_pending_context_and_conduct_review
adjudication-seed-fia-2024-mco-8f89aba81bd5-01,adj-6ea8c11583ab4051,incident-src-6ea8c11583ab4051,2,adjudication-seed-fia-2022-sao-b61d2a302ed0-01,adj-3700ca1e1401e213,incident-src-3700ca1e1401e213,0.0,3,first_lap_candidate|wet_track_candidate|safety_car_restart_candidate,True,grid_penalty,,2,3,pre_review_feasibility,True,False,review_priority_only_pending_context_and_conduct_review
adjudication-seed-fia-2024-mco-8f89aba81bd5-01,adj-6ea8c11583ab4051,incident-src-6ea8c11583ab4051,3,adjudication-seed-fia-2022-sgp-43a8ea523d85-01,adj-f74ed9090eea7d2d,incident-src-f74ed9090eea7d2d,0.0,3,first_lap_candidate|wet_track_candidate|safety_car_restart_candidate,False,no_further_action,,,,pre_review_feasibility,True,True,review_priority_only_pending_context_and_conduct_review
adjudication-seed-fia-2024-mco-8f89aba81bd5-01,adj-6ea8c11583ab4051,incident-src-6ea8c11583ab4051,4,adjudication-seed-fia-2022-usa-77995d83458f-01,adj-9c5057e738e04730,incident-src-9c5057e738e04730,0.0,3,first_lap_candidate|wet_track_candidate|safety_car_restart_candidate,True,time_penalty,5,2,,pre_review_feasibility,True,False,review_priority_only_pending_context_and_conduct_review
adjudication-seed-fia-2024-mco-8f89aba81bd5-01,adj-6ea8c11583ab4051,incident-src-6ea8c11583ab4051,5,adjudication-seed-fia-2023-aus-0144b2323236-01,adj-3ccb9c1bd9cedb01,incident-group-fba25307a3d5ad50,0.0,3,first_lap_candidate|wet_track_candidate|safety_car_restart_candidate,False,no_further_action,,,,pre_review_feasibility,True,True,review_priority_only_pending_context_and_conduct_review
adjudication-seed-fia-2024-mex-11839f036c68-01,adj-90ff433e4a6ee78a,incident-src-90ff433e4a6ee78a,1,adjudication-seed-fia-2022-aus-60118fcf81d1-01,adj-752796dd8601031a,incident-src-752796dd8601031a,0.1,4,overlap_candidate|first_lap_candidate|wet_track_candidate|safety_car_restart_candidate,False,no_further_action,,,,pre_review_feasibility,False,False,review_priority_only_pending_context_and_conduct_review
adjudication-seed-fia-2024-mex-11839f036c68-01,adj-90ff433e4a6ee78a,incident-src-90ff433e4a6ee78a,2,adjudication-seed-fia-2022-bhr-3f720bfded90-01,adj-005169f6535a0e91,incident-src-005169f6535a0e91,0.1,4,overlap_candidate|first_lap_candidate|wet_track_candidate|safety_car_restart_candidate,False,no_further_action,,,,pre_review_feasibility,False,False,review_priority_only_pending_context_and_conduct_review
adjudication-seed-fia-2024-mex-11839f036c68-01,adj-90ff433e4a6ee78a,incident-src-90ff433e4a6ee78a,3,adjudication-seed-fia-2023-aut-b9a48d1d47b0-01,adj-322e1b8d35cf5618,incident-src-322e1b8d35cf5618,0.1,4,attacker_line_candidate|first_lap_candidate|wet_track_candidate|safety_car_restart_candidate,True,time_penalty,5,2,,pre_review_feasibility,False,True,review_priority_only_pending_context_and_conduct_review
adjudication-seed-fia-2024-mex-11839f036c68-01,adj-90ff433e4a6ee78a,incident-src-90ff433e4a6ee78a,4,adjudication-seed-fia-2024-chn-4196fcc2964f-01,adj-d73632383a18fd68,incident-src-d73632383a18fd68,0.1,4,overlap_candidate|first_lap_candidate|wet_track_candidate|safety_car_restart_candidate,False,no_further_action,,,,pre_review_feasibility,False,False,review_priority_only_pending_context_and_conduct_review
adjudication-seed-fia-2024-mex-11839f036c68-01,adj-90ff433e4a6ee78a,incident-src-90ff433e4a6ee78a,5,adjudication-seed-fia-2024-chn-b693963070bc-01,adj-f8191026c986c048,incident-src-f8191026c986c048,0.1,4,overlap_candidate|first_lap_candidate|wet_track_candidate|safety_car_restart_candidate,False,no_further_action,,,,pre_review_feasibility,False,False,review_priority_only_pending_context_and_conduct_review
adjudication-seed-fia-2024-mex-9398d22e8e7e-01,adj-10a8c59210b937e3,incident-src-10a8c59210b937e3,1,adjudication-seed-fia-2023-aut-b9a48d1d47b0-01,adj-322e1b8d35cf5618,incident-src-322e1b8d35cf5618,0.0,4,attacker_line_candidate|first_lap_candidate|wet_track_candidate|safety_car_restart_candidate,True,time_penalty,5,2,,pre_review_feasibility,True,False,review_priority_only_pending_context_and_conduct_review
adjudication-seed-fia-2024-mex-9398d22e8e7e-01,adj-10a8c59210b937e3,incident-src-10a8c59210b937e3,2,adjudication-seed-fia-2024-mex-11839f036c68-01,adj-90ff433e4a6ee78a,incident-src-90ff433e4a6ee78a,0.1,4,attacker_line_candidate|first_lap_candidate|wet_track_candidate|safety_car_restart_candidate,False,no_further_action,,,,pre_review_feasibility,True,True,review_priority_only_pending_context_and_conduct_review
adjudication-seed-fia-2024-mex-9398d22e8e7e-01,adj-10a8c59210b937e3,incident-src-10a8c59210b937e3,3,adjudication-seed-fia-2023-esp-d60c194c8ff7-01,adj-b762034ba93ba8b3,incident-src-b762034ba93ba8b3,0.125,3,first_lap_candidate|wet_track_candidate|safety_car_restart_candidate,True,time_penalty,5,1,,pre_review_feasibility,True,False,review_priority_only_pending_context_and_conduct_review
adjudication-seed-fia-2024-mex-9398d22e8e7e-01,adj-10a8c59210b937e3,incident-src-10a8c59210b937e3,4,adjudication-seed-fia-2022-aus-60118fcf81d1-01,adj-752796dd8601031a,incident-src-752796dd8601031a,0.2,3,first_lap_candidate|wet_track_candidate|safety_car_restart_candidate,False,no_further_action,,,,pre_review_feasibility,True,True,review_priority_only_pending_context_and_conduct_review
adjudication-seed-fia-2024-mex-9398d22e8e7e-01,adj-10a8c59210b937e3,incident-src-10a8c59210b937e3,5,adjudication-seed-fia-2022-bhr-3f720bfded90-01,adj-005169f6535a0e91,incident-src-005169f6535a0e91,0.2,3,first_lap_candidate|wet_track_candidate|safety_car_restart_candidate,False,no_further_action,,,,pre_review_feasibility,True,True,review_priority_only_pending_context_and_conduct_review
adjudication-seed-fia-2024-mex-a4340456d96a-01,adj-692b411e9f958d1d,incident-src-692b411e9f958d1d,1,adjudication-seed-fia-2024-usa-7a56202d170c-01,adj-607fddba182aaa3f,incident-src-607fddba182aaa3f,0.0,4,attacker_line_candidate|first_lap_candidate|wet_track_candidate|safety_car_restart_candidate,True,time_penalty,5,,,pre_review_feasibility,False,True,review_priority_only_pending_context_and_conduct_review
adjudication-seed-fia-2024-mex-a4340456d96a-01,adj-692b411e9f958d1d,incident-src-692b411e9f958d1d,2,adjudication-seed-fia-2024-usa-7e333c44293a-01,adj-278d019dd7501a79,incident-src-278d019dd7501a79,0.0,4,attacker_line_candidate|first_lap_candidate|wet_track_candidate|safety_car_restart_candidate,True,time_penalty,5,,,pre_review_feasibility,False,True,review_priority_only_pending_context_and_conduct_review
adjudication-seed-fia-2024-mex-a4340456d96a-01,adj-692b411e9f958d1d,incident-src-692b411e9f958d1d,3,adjudication-seed-fia-2023-esp-d60c194c8ff7-01,adj-b762034ba93ba8b3,incident-src-b762034ba93ba8b3,0.125,3,first_lap_candidate|wet_track_candidate|safety_car_restart_candidate,True,time_penalty,5,1,,pre_review_feasibility,False,True,review_priority_only_pending_context_and_conduct_review
adjudication-seed-fia-2024-mex-a4340456d96a-01,adj-692b411e9f958d1d,incident-src-692b411e9f958d1d,4,adjudication-seed-fia-2022-aus-60118fcf81d1-01,adj-752796dd8601031a,incident-src-752796dd8601031a,0.2,3,first_lap_candidate|wet_track_candidate|safety_car_restart_candidate,False,no_further_action,,,,pre_review_feasibility,False,False,review_priority_only_pending_context_and_conduct_review
adjudication-seed-fia-2024-mex-a4340456d96a-01,adj-692b411e9f958d1d,incident-src-692b411e9f958d1d,5,adjudication-seed-fia-2022-bhr-3f720bfded90-01,adj-005169f6535a0e91,incident-src-005169f6535a0e91,0.2,3,first_lap_candidate|wet_track_candidate|safety_car_restart_candidate,False,no_further_action,,,,pre_review_feasibility,False,False,review_priority_only_pending_context_and_conduct_review
adjudication-seed-fia-2024-mex-c52d53ba8a48-01,adj-c66b11904508fc88,incident-src-c66b11904508fc88,1,adjudication-seed-fia-2022-aut-0b612be0b626-01,adj-ea983bef6c710033,incident-src-ea983bef6c710033,0.0,5,attacker_line_candidate|overlap_candidate|first_lap_candidate|wet_track_candidate|safety_car_restart_candidate,True,time_penalty,5,2,,pre_review_feasibility,True,False,review_priority_only_pending_context_and_conduct_review
adjudication-seed-fia-2024-mex-c52d53ba8a48-01,adj-c66b11904508fc88,incident-src-c66b11904508fc88,2,adjudication-seed-fia-2022-esp-9eba7bd2599a-01,adj-b1443a946b9a7bc7,incident-src-b1443a946b9a7bc7,0.0,5,attacker_line_candidate|overlap_candidate|first_lap_candidate|wet_track_candidate|safety_car_restart_candidate,True,time_penalty,5,2,,pre_review_feasibility,True,False,review_priority_only_pending_context_and_conduct_review
adjudication-seed-fia-2024-mex-c52d53ba8a48-01,adj-c66b11904508fc88,incident-src-c66b11904508fc88,3,adjudication-seed-fia-2023-jpn-ce0c4d6ce752-01,adj-ac7b841c1ea1648e,incident-src-ac7b841c1ea1648e,0.0,5,attacker_line_candidate|overlap_candidate|first_lap_candidate|wet_track_candidate|safety_car_restart_candidate,True,time_penalty,5,2,,pre_review_feasibility,True,False,review_priority_only_pending_context_and_conduct_review
adjudication-seed-fia-2024-mex-c52d53ba8a48-01,adj-c66b11904508fc88,incident-src-c66b11904508fc88,4,adjudication-seed-fia-2024-can-2d45bb0945a9-01,adj-08975f5bf7e53df4,incident-group-1f0e1655ef842f90,0.0,5,attacker_line_candidate|overlap_candidate|first_lap_candidate|wet_track_candidate|safety_car_restart_candidate,False,no_further_action,,,,pre_review_feasibility,True,True,review_priority_only_pending_context_and_conduct_review
adjudication-seed-fia-2024-mex-c52d53ba8a48-01,adj-c66b11904508fc88,incident-src-c66b11904508fc88,5,adjudication-seed-fia-2024-can-546aad3f9319-01,adj-d710238ee5f893bf,incident-group-1f0e1655ef842f90,0.0,5,attacker_line_candidate|overlap_candidate|first_lap_candidate|wet_track_candidate|safety_car_restart_candidate,False,no_further_action,,,,pre_review_feasibility,True,True,review_priority_only_pending_context_and_conduct_review
adjudication-seed-fia-2024-mex-f2d0b4da1ba3-01,adj-e29345f3745be8dd,incident-src-e29345f3745be8dd,1,adjudication-seed-fia-2023-ita-695ef0d50644-01,adj-54e879286ae14a87,incident-src-54e879286ae14a87,0.0,4,attacker_line_candidate|first_lap_candidate|wet_track_candidate|safety_car_restart_candidate,True,time_penalty,5,,,pre_review_feasibility,True,False,review_priority_only_pending_context_and_conduct_review
adjudication-seed-fia-2024-mex-f2d0b4da1ba3-01,adj-e29345f3745be8dd,incident-src-e29345f3745be8dd,2,adjudication-seed-fia-2022-jpn-786e23bdcd54-01,adj-b8d4324786805037,incident-src-b8d4324786805037,0.125,3,first_lap_candidate|wet_track_candidate|safety_car_restart_candidate,True,time_penalty,5,1,,pre_review_feasibility,True,False,review_priority_only_pending_context_and_conduct_review
adjudication-seed-fia-2024-mex-f2d0b4da1ba3-01,adj-e29345f3745be8dd,incident-src-e29345f3745be8dd,3,adjudication-seed-fia-2022-mco-a85320aa2719-01,adj-a3cd03fc1f19e87d,incident-src-a3cd03fc1f19e87d,0.125,3,first_lap_candidate|wet_track_candidate|safety_car_restart_candidate,True,time_penalty,5,1,,pre_review_feasibility,True,False,review_priority_only_pending_context_and_conduct_review
adjudication-seed-fia-2024-mex-f2d0b4da1ba3-01,adj-e29345f3745be8dd,incident-src-e29345f3745be8dd,4,adjudication-seed-fia-2022-mex-0c20b3af2f45-01,adj-e25cec29abffafb1,incident-src-e25cec29abffafb1,0.125,3,first_lap_candidate|wet_track_candidate|safety_car_restart_candidate,True,time_penalty,5,1,,pre_review_feasibility,True,False,review_priority_only_pending_context_and_conduct_review
adjudication-seed-fia-2024-mex-f2d0b4da1ba3-01,adj-e29345f3745be8dd,incident-src-e29345f3745be8dd,5,adjudication-seed-fia-2022-mia-3ef5fd2c5510-01,adj-a738d13a55b1a41c,incident-src-a738d13a55b1a41c,0.125,3,first_lap_candidate|wet_track_candidate|safety_car_restart_candidate,True,time_penalty,5,1,,pre_review_feasibility,True,False,review_priority_only_pending_context_and_conduct_review
adjudication-seed-fia-2024-mia-429b87bfdb1b-01,adj-4c476899a4894e96,incident-src-4c476899a4894e96,1,adjudication-seed-fia-2022-jpn-786e23bdcd54-01,adj-b8d4324786805037,incident-src-b8d4324786805037,0.0,3,first_lap_candidate|wet_track_candidate|safety_car_restart_candidate,True,time_penalty,5,1,,pre_review_feasibility,True,False,review_priority_only_pending_context_and_conduct_review
adjudication-seed-fia-2024-mia-429b87bfdb1b-01,adj-4c476899a4894e96,incident-src-4c476899a4894e96,2,adjudication-seed-fia-2022-mco-a85320aa2719-01,adj-a3cd03fc1f19e87d,incident-src-a3cd03fc1f19e87d,0.0,3,first_lap_candidate|wet_track_candidate|safety_car_restart_candidate,True,time_penalty,5,1,,pre_review_feasibility,True,False,review_priority_only_pending_context_and_conduct_review
adjudication-seed-fia-2024-mia-429b87bfdb1b-01,adj-4c476899a4894e96,incident-src-4c476899a4894e96,3,adjudication-seed-fia-2022-mex-0c20b3af2f45-01,adj-e25cec29abffafb1,incident-src-e25cec29abffafb1,0.0,3,first_lap_candidate|wet_track_candidate|safety_car_restart_candidate,True,time_penalty,5,1,,pre_review_feasibility,True,False,review_priority_only_pending_context_and_conduct_review
adjudication-seed-fia-2024-mia-429b87bfdb1b-01,adj-4c476899a4894e96,incident-src-4c476899a4894e96,4,adjudication-seed-fia-2022-mia-3ef5fd2c5510-01,adj-a738d13a55b1a41c,incident-src-a738d13a55b1a41c,0.0,3,first_lap_candidate|wet_track_candidate|safety_car_restart_candidate,True,time_penalty,5,1,,pre_review_feasibility,True,False,review_priority_only_pending_context_and_conduct_review
adjudication-seed-fia-2024-mia-429b87bfdb1b-01,adj-4c476899a4894e96,incident-src-4c476899a4894e96,5,adjudication-seed-fia-2022-mia-bbafb6bcc091-01,adj-edbdab17f12114c7,incident-src-edbdab17f12114c7,0.0,3,first_lap_candidate|wet_track_candidate|safety_car_restart_candidate,False,no_further_action,,,,pre_review_feasibility,True,True,review_priority_only_pending_context_and_conduct_review
adjudication-seed-fia-2024-mia-bb1a3715e072-01,adj-1e58e40badf7452a,incident-src-1e58e40badf7452a,1,adjudication-seed-fia-2022-fra-832a818ac903-01,adj-91bd2176be4c7ceb,incident-group-57d76c19243d2b20,0.1,4,attacker_line_candidate|first_lap_candidate|wet_track_candidate|safety_car_restart_candidate,False,no_further_action,,,,pre_review_feasibility,True,True,review_priority_only_pending_context_and_conduct_review
adjudication-seed-fia-2024-mia-bb1a3715e072-01,adj-1e58e40badf7452a,incident-src-1e58e40badf7452a,2,adjudication-seed-fia-2022-fra-f29d68ccd9b0-01,adj-285944dc1f5d725d,incident-group-57d76c19243d2b20,0.1,4,attacker_line_candidate|first_lap_candidate|wet_track_candidate|safety_car_restart_candidate,False,no_further_action,,,,pre_review_feasibility,True,True,review_priority_only_pending_context_and_conduct_review
adjudication-seed-fia-2024-mia-bb1a3715e072-01,adj-1e58e40badf7452a,incident-src-1e58e40badf7452a,3,adjudication-seed-fia-2022-mco-97b07e9513b1-01,adj-c7417e575dc4ccd4,incident-src-c7417e575dc4ccd4,0.1,4,overlap_candidate|first_lap_candidate|wet_track_candidate|safety_car_restart_candidate,True,time_penalty,5,1,,pre_review_feasibility,True,False,review_priority_only_pending_context_and_conduct_review
adjudication-seed-fia-2024-mia-bb1a3715e072-01,adj-1e58e40badf7452a,incident-src-1e58e40badf7452a,4,adjudication-seed-fia-2023-abu-bceb18192f57-01,adj-476ced553759f1d7,incident-src-476ced553759f1d7,0.1,4,overlap_candidate|first_lap_candidate|wet_track_candidate|safety_car_restart_candidate,True,time_penalty,5,2,,pre_review_feasibility,True,False,review_priority_only_pending_context_and_conduct_review
adjudication-seed-fia-2024-mia-bb1a3715e072-01,adj-1e58e40badf7452a,incident-src-1e58e40badf7452a,5,adjudication-seed-fia-2023-lvs-a4a270ae6fd0-01,adj-13ca9edd8c45db6f,incident-src-13ca9edd8c45db6f,0.1,4,overlap_candidate|first_lap_candidate|wet_track_candidate|safety_car_restart_candidate,True,time_penalty,5,2,,pre_review_feasibility,True,False,review_priority_only_pending_context_and_conduct_review
adjudication-seed-fia-2024-mia-d65987c13425-01,adj-0e32abe64682f839,incident-src-0e32abe64682f839,1,adjudication-seed-fia-2022-abu-6afd5d82f378-01,adj-5c847c13b64952f6,incident-src-5c847c13b64952f6,0.0,3,first_lap_candidate|wet_track_candidate|safety_car_restart_candidate,True,time_penalty,5,2,,pre_review_feasibility,True,False,review_priority_only_pending_context_and_conduct_review
adjudication-seed-fia-2024-mia-d65987c13425-01,adj-0e32abe64682f839,incident-src-0e32abe64682f839,2,adjudication-seed-fia-2022-fra-5b00af9baee5-01,adj-895a772a98e8bd31,incident-src-895a772a98e8bd31,0.0,3,first_lap_candidate|wet_track_candidate|safety_car_restart_candidate,True,time_penalty,5,2,,pre_review_feasibility,True,False,review_priority_only_pending_context_and_conduct_review
adjudication-seed-fia-2024-mia-d65987c13425-01,adj-0e32abe64682f839,incident-src-0e32abe64682f839,3,adjudication-seed-fia-2022-gbr-81e6a9badf51-01,adj-2f0e84f6cc910eed,incident-src-2f0e84f6cc910eed,0.0,3,first_lap_candidate|wet_track_candidate|safety_car_restart_candidate,True,time_penalty,5,2,,pre_review_feasibility,True,False,review_priority_only_pending_context_and_conduct_review
adjudication-seed-fia-2024-mia-d65987c13425-01,adj-0e32abe64682f839,incident-src-0e32abe64682f839,4,adjudication-seed-fia-2022-mex-9975b4f5dd0e-01,adj-2642da4344825f6e,incident-src-2642da4344825f6e,0.0,3,first_lap_candidate|wet_track_candidate|safety_car_restart_candidate,True,time_penalty,10,2,,pre_review_feasibility,True,False,review_priority_only_pending_context_and_conduct_review
adjudication-seed-fia-2024-mia-d65987c13425-01,adj-0e32abe64682f839,incident-src-0e32abe64682f839,5,adjudication-seed-fia-2022-mia-200cbc833915-01,adj-28c62e2652e40363,incident-src-28c62e2652e40363,0.0,3,first_lap_candidate|wet_track_candidate|safety_car_restart_candidate,False,no_further_action,,,,pre_review_feasibility,True,True,review_priority_only_pending_context_and_conduct_review
adjudication-seed-fia-2024-mia-54507686b24f-01,adj-662202a5b879f049,incident-src-662202a5b879f049,1,adjudication-seed-fia-2024-mia-a149f4a3c2c5-01,adj-909aa84ac351505f,incident-src-909aa84ac351505f,0.0,3,first_lap_candidate|wet_track_candidate|safety_car_restart_candidate,True,time_penalty,10,3,,pre_review_feasibility,True,False,review_priority_only_pending_context_and_conduct_review
adjudication-seed-fia-2024-mia-54507686b24f-01,adj-662202a5b879f049,incident-src-662202a5b879f049,2,adjudication-seed-fia-2024-mia-feb431961f72-01,adj-2c2dff8fa5835c89,incident-src-2c2dff8fa5835c89,0.0,3,first_lap_candidate|wet_track_candidate|safety_car_restart_candidate,True,time_penalty,10,,,pre_review_feasibility,True,False,review_priority_only_pending_context_and_conduct_review
adjudication-seed-fia-2024-mia-54507686b24f-01,adj-662202a5b879f049,incident-src-662202a5b879f049,3,adjudication-seed-fia-2024-usa-f7d16a7e6e6e-01,adj-c40383a758a57293,incident-src-c40383a758a57293,0.0,3,first_lap_candidate|wet_track_candidate|safety_car_restart_candidate,False,no_further_action,,,,pre_review_feasibility,True,True,review_priority_only_pending_context_and_conduct_review
adjudication-seed-fia-2024-mia-54507686b24f-01,adj-662202a5b879f049,incident-src-662202a5b879f049,4,adjudication-seed-fia-2023-usa-0349556641dc-01,adj-935cbd4cd614af87,incident-src-935cbd4cd614af87,0.125,3,first_lap_candidate|wet_track_candidate|safety_car_restart_candidate,False,no_further_action,,,,pre_review_feasibility,True,True,review_priority_only_pending_context_and_conduct_review
adjudication-seed-fia-2024-mia-54507686b24f-01,adj-662202a5b879f049,incident-src-662202a5b879f049,5,adjudication-seed-fia-2023-usa-233ee024e884-01,adj-69521e50d0d556b6,incident-src-69521e50d0d556b6,0.125,3,first_lap_candidate|wet_track_candidate|safety_car_restart_candidate,True,time_penalty,5,,,pre_review_feasibility,True,False,review_priority_only_pending_context_and_conduct_review
adjudication-seed-fia-2024-mia-86547ded7d12-01,adj-66a7d8add9666258,incident-group-86e2a514b5312efc,1,adjudication-seed-fia-2022-sao-1389f4a1ad53-01,adj-e01a3f0d7bc0ac4d,incident-src-e01a3f0d7bc0ac4d,0.3333333333333333,3,first_lap_candidate|wet_track_candidate|safety_car_restart_candidate,True,time_penalty,5,2,,pre_review_feasibility,False,True,review_priority_only_pending_context_and_conduct_review
adjudication-seed-fia-2024-mia-86547ded7d12-01,adj-66a7d8add9666258,incident-group-86e2a514b5312efc,2,adjudication-seed-fia-2024-chn-d3b9af164caf-01,adj-1b908ee0c8888db7,incident-src-1b908ee0c8888db7,0.3333333333333333,3,first_lap_candidate|wet_track_candidate|safety_car_restart_candidate,True,time_penalty,10,3,,pre_review_feasibility,False,True,review_priority_only_pending_context_and_conduct_review
adjudication-seed-fia-2024-mia-86547ded7d12-01,adj-66a7d8add9666258,incident-group-86e2a514b5312efc,3,adjudication-seed-fia-2023-qat-002060120e1b-01,adj-2bb6a3e3238bf797,incident-group-3d3328a390c3ac33,0.4,3,first_lap_candidate|wet_track_candidate|safety_car_restart_candidate,False,no_further_action,,,,pre_review_feasibility,False,False,review_priority_only_pending_context_and_conduct_review
adjudication-seed-fia-2024-mia-86547ded7d12-01,adj-66a7d8add9666258,incident-group-86e2a514b5312efc,4,adjudication-seed-fia-2023-qat-8a64aec7daf5-01,adj-3963f9cb2db8ec33,incident-group-3d3328a390c3ac33,0.4,3,first_lap_candidate|wet_track_candidate|safety_car_restart_candidate,False,no_further_action,,,,pre_review_feasibility,False,False,review_priority_only_pending_context_and_conduct_review
adjudication-seed-fia-2024-mia-86547ded7d12-01,adj-66a7d8add9666258,incident-group-86e2a514b5312efc,5,adjudication-seed-fia-2023-qat-9b045d16fdac-01,adj-be81901bac03674e,incident-group-3d3328a390c3ac33,0.4,3,first_lap_candidate|wet_track_candidate|safety_car_restart_candidate,False,no_further_action,,,,pre_review_feasibility,False,False,review_priority_only_pending_context_and_conduct_review
adjudication-seed-fia-2024-mia-a149f4a3c2c5-01,adj-909aa84ac351505f,incident-src-909aa84ac351505f,1,adjudication-seed-fia-2024-mia-54507686b24f-01,adj-662202a5b879f049,incident-src-662202a5b879f049,0.0,3,first_lap_candidate|wet_track_candidate|safety_car_restart_candidate,True,time_penalty,10,,,pre_review_feasibility,True,False,review_priority_only_pending_context_and_conduct_review
adjudication-seed-fia-2024-mia-a149f4a3c2c5-01,adj-909aa84ac351505f,incident-src-909aa84ac351505f,2,adjudication-seed-fia-2024-usa-f7d16a7e6e6e-01,adj-c40383a758a57293,incident-src-c40383a758a57293,0.0,3,first_lap_candidate|wet_track_candidate|safety_car_restart_candidate,False,no_further_action,,,,pre_review_feasibility,True,True,review_priority_only_pending_context_and_conduct_review
adjudication-seed-fia-2024-mia-a149f4a3c2c5-01,adj-909aa84ac351505f,incident-src-909aa84ac351505f,3,adjudication-seed-fia-2023-usa-0349556641dc-01,adj-935cbd4cd614af87,incident-src-935cbd4cd614af87,0.125,3,first_lap_candidate|wet_track_candidate|safety_car_restart_candidate,False,no_further_action,,,,pre_review_feasibility,True,True,review_priority_only_pending_context_and_conduct_review
adjudication-seed-fia-2024-mia-a149f4a3c2c5-01,adj-909aa84ac351505f,incident-src-909aa84ac351505f,4,adjudication-seed-fia-2023-usa-233ee024e884-01,adj-69521e50d0d556b6,incident-src-69521e50d0d556b6,0.125,3,first_lap_candidate|wet_track_candidate|safety_car_restart_candidate,True,time_penalty,5,,,pre_review_feasibility,True,False,review_priority_only_pending_context_and_conduct_review
adjudication-seed-fia-2024-mia-a149f4a3c2c5-01,adj-909aa84ac351505f,incident-src-909aa84ac351505f,5,adjudication-seed-fia-2023-usa-f78ade45f844-01,adj-b05ba7caf0f910d9,incident-src-b05ba7caf0f910d9,0.125,3,first_lap_candidate|wet_track_candidate|safety_car_restart_candidate,True,time_penalty,5,,,pre_review_feasibility,True,False,review_priority_only_pending_context_and_conduct_review
adjudication-seed-fia-2024-mia-b115633c9ba0-01,adj-c88d0a0133c58194,incident-group-86e2a514b5312efc,1,adjudication-seed-fia-2022-sao-1389f4a1ad53-01,adj-e01a3f0d7bc0ac4d,incident-src-e01a3f0d7bc0ac4d,0.3333333333333333,3,first_lap_candidate|wet_track_candidate|safety_car_restart_candidate,True,time_penalty,5,2,,pre_review_feasibility,False,True,review_priority_only_pending_context_and_conduct_review
adjudication-seed-fia-2024-mia-b115633c9ba0-01,adj-c88d0a0133c58194,incident-group-86e2a514b5312efc,2,adjudication-seed-fia-2024-chn-d3b9af164caf-01,adj-1b908ee0c8888db7,incident-src-1b908ee0c8888db7,0.3333333333333333,3,first_lap_candidate|wet_track_candidate|safety_car_restart_candidate,True,time_penalty,10,3,,pre_review_feasibility,False,True,review_priority_only_pending_context_and_conduct_review
adjudication-seed-fia-2024-mia-b115633c9ba0-01,adj-c88d0a0133c58194,incident-group-86e2a514b5312efc,3,adjudication-seed-fia-2023-qat-002060120e1b-01,adj-2bb6a3e3238bf797,incident-group-3d3328a390c3ac33,0.4,3,first_lap_candidate|wet_track_candidate|safety_car_restart_candidate,False,no_further_action,,,,pre_review_feasibility,False,False,review_priority_only_pending_context_and_conduct_review
adjudication-seed-fia-2024-mia-b115633c9ba0-01,adj-c88d0a0133c58194,incident-group-86e2a514b5312efc,4,adjudication-seed-fia-2023-qat-8a64aec7daf5-01,adj-3963f9cb2db8ec33,incident-group-3d3328a390c3ac33,0.4,3,first_lap_candidate|wet_track_candidate|safety_car_restart_candidate,False,no_further_action,,,,pre_review_feasibility,False,False,review_priority_only_pending_context_and_conduct_review
adjudication-seed-fia-2024-mia-b115633c9ba0-01,adj-c88d0a0133c58194,incident-group-86e2a514b5312efc,5,adjudication-seed-fia-2023-qat-9b045d16fdac-01,adj-be81901bac03674e,incident-group-3d3328a390c3ac33,0.4,3,first_lap_candidate|wet_track_candidate|safety_car_restart_candidate,False,no_further_action,,,,pre_review_feasibility,False,False,review_priority_only_pending_context_and_conduct_review
adjudication-seed-fia-2024-mia-badde45f9141-01,adj-0a015cee0b31ad67,incident-group-86e2a514b5312efc,1,adjudication-seed-fia-2022-sao-1389f4a1ad53-01,adj-e01a3f0d7bc0ac4d,incident-src-e01a3f0d7bc0ac4d,0.3333333333333333,3,first_lap_candidate|wet_track_candidate|safety_car_restart_candidate,True,time_penalty,5,2,,pre_review_feasibility,False,True,review_priority_only_pending_context_and_conduct_review
adjudication-seed-fia-2024-mia-badde45f9141-01,adj-0a015cee0b31ad67,incident-group-86e2a514b5312efc,2,adjudication-seed-fia-2024-chn-d3b9af164caf-01,adj-1b908ee0c8888db7,incident-src-1b908ee0c8888db7,0.3333333333333333,3,first_lap_candidate|wet_track_candidate|safety_car_restart_candidate,True,time_penalty,10,3,,pre_review_feasibility,False,True,review_priority_only_pending_context_and_conduct_review
adjudication-seed-fia-2024-mia-badde45f9141-01,adj-0a015cee0b31ad67,incident-group-86e2a514b5312efc,3,adjudication-seed-fia-2023-qat-002060120e1b-01,adj-2bb6a3e3238bf797,incident-group-3d3328a390c3ac33,0.4,3,first_lap_candidate|wet_track_candidate|safety_car_restart_candidate,False,no_further_action,,,,pre_review_feasibility,False,False,review_priority_only_pending_context_and_conduct_review
adjudication-seed-fia-2024-mia-badde45f9141-01,adj-0a015cee0b31ad67,incident-group-86e2a514b5312efc,4,adjudication-seed-fia-2023-qat-8a64aec7daf5-01,adj-3963f9cb2db8ec33,incident-group-3d3328a390c3ac33,0.4,3,first_lap_candidate|wet_track_candidate|safety_car_restart_candidate,False,no_further_action,,,,pre_review_feasibility,False,False,review_priority_only_pending_context_and_conduct_review
adjudication-seed-fia-2024-mia-badde45f9141-01,adj-0a015cee0b31ad67,incident-group-86e2a514b5312efc,5,adjudication-seed-fia-2023-qat-9b045d16fdac-01,adj-be81901bac03674e,incident-group-3d3328a390c3ac33,0.4,3,first_lap_candidate|wet_track_candidate|safety_car_restart_candidate,False,no_further_action,,,,pre_review_feasibility,False,False,review_priority_only_pending_context_and_conduct_review
adjudication-seed-fia-2024-mia-feb431961f72-01,adj-2c2dff8fa5835c89,incident-src-2c2dff8fa5835c89,1,adjudication-seed-fia-2024-mia-54507686b24f-01,adj-662202a5b879f049,incident-src-662202a5b879f049,0.0,3,first_lap_candidate|wet_track_candidate|safety_car_restart_candidate,True,time_penalty,10,,,pre_review_feasibility,True,False,review_priority_only_pending_context_and_conduct_review
adjudication-seed-fia-2024-mia-feb431961f72-01,adj-2c2dff8fa5835c89,incident-src-2c2dff8fa5835c89,2,adjudication-seed-fia-2024-usa-f7d16a7e6e6e-01,adj-c40383a758a57293,incident-src-c40383a758a57293,0.0,3,first_lap_candidate|wet_track_candidate|safety_car_restart_candidate,False,no_further_action,,,,pre_review_feasibility,True,True,review_priority_only_pending_context_and_conduct_review
adjudication-seed-fia-2024-mia-feb431961f72-01,adj-2c2dff8fa5835c89,incident-src-2c2dff8fa5835c89,3,adjudication-seed-fia-2023-usa-0349556641dc-01,adj-935cbd4cd614af87,incident-src-935cbd4cd614af87,0.125,3,first_lap_candidate|wet_track_candidate|safety_car_restart_candidate,False,no_further_action,,,,pre_review_feasibility,True,True,review_priority_only_pending_context_and_conduct_review
adjudication-seed-fia-2024-mia-feb431961f72-01,adj-2c2dff8fa5835c89,incident-src-2c2dff8fa5835c89,4,adjudication-seed-fia-2023-usa-233ee024e884-01,adj-69521e50d0d556b6,incident-src-69521e50d0d556b6,0.125,3,first_lap_candidate|wet_track_candidate|safety_car_restart_candidate,True,time_penalty,5,,,pre_review_feasibility,True,False,review_priority_only_pending_context_and_conduct_review
adjudication-seed-fia-2024-mia-feb431961f72-01,adj-2c2dff8fa5835c89,incident-src-2c2dff8fa5835c89,5,adjudication-seed-fia-2023-usa-f78ade45f844-01,adj-b05ba7caf0f910d9,incident-src-b05ba7caf0f910d9,0.125,3,first_lap_candidate|wet_track_candidate|safety_car_restart_candidate,True,time_penalty,5,,,pre_review_feasibility,True,False,review_priority_only_pending_context_and_conduct_review
adjudication-seed-fia-2024-qat-3c549ce8f3dd-01,adj-8cd0b8f0391a2018,incident-src-8cd0b8f0391a2018,1,adjudication-seed-fia-2022-bhr-139703df6539-01,adj-f0d0f579c2d29f95,incident-src-f0d0f579c2d29f95,0.0,3,first_lap_candidate|wet_track_candidate|safety_car_restart_candidate,True,time_penalty,5,2,,pre_review_feasibility,True,False,review_priority_only_pending_context_and_conduct_review
adjudication-seed-fia-2024-qat-3c549ce8f3dd-01,adj-8cd0b8f0391a2018,incident-src-8cd0b8f0391a2018,2,adjudication-seed-fia-2022-sao-b61d2a302ed0-01,adj-3700ca1e1401e213,incident-src-3700ca1e1401e213,0.0,3,first_lap_candidate|wet_track_candidate|safety_car_restart_candidate,True,grid_penalty,,2,3,pre_review_feasibility,True,False,review_priority_only_pending_context_and_conduct_review
adjudication-seed-fia-2024-qat-3c549ce8f3dd-01,adj-8cd0b8f0391a2018,incident-src-8cd0b8f0391a2018,3,adjudication-seed-fia-2022-sgp-43a8ea523d85-01,adj-f74ed9090eea7d2d,incident-src-f74ed9090eea7d2d,0.0,3,first_lap_candidate|wet_track_candidate|safety_car_restart_candidate,False,no_further_action,,,,pre_review_feasibility,True,True,review_priority_only_pending_context_and_conduct_review
adjudication-seed-fia-2024-qat-3c549ce8f3dd-01,adj-8cd0b8f0391a2018,incident-src-8cd0b8f0391a2018,4,adjudication-seed-fia-2022-usa-77995d83458f-01,adj-9c5057e738e04730,incident-src-9c5057e738e04730,0.0,3,first_lap_candidate|wet_track_candidate|safety_car_restart_candidate,True,time_penalty,5,2,,pre_review_feasibility,True,False,review_priority_only_pending_context_and_conduct_review
adjudication-seed-fia-2024-qat-3c549ce8f3dd-01,adj-8cd0b8f0391a2018,incident-src-8cd0b8f0391a2018,5,adjudication-seed-fia-2023-aus-0144b2323236-01,adj-3ccb9c1bd9cedb01,incident-group-fba25307a3d5ad50,0.0,3,first_lap_candidate|wet_track_candidate|safety_car_restart_candidate,False,no_further_action,,,,pre_review_feasibility,True,True,review_priority_only_pending_context_and_conduct_review
adjudication-seed-fia-2024-qat-ac0687a82537-01,adj-d55cdfc134f24f71,incident-src-d55cdfc134f24f71,1,adjudication-seed-fia-2022-abu-6afd5d82f378-01,adj-5c847c13b64952f6,incident-src-5c847c13b64952f6,0.0,3,first_lap_candidate|wet_track_candidate|safety_car_restart_candidate,True,time_penalty,5,2,,pre_review_feasibility,True,False,review_priority_only_pending_context_and_conduct_review
adjudication-seed-fia-2024-qat-ac0687a82537-01,adj-d55cdfc134f24f71,incident-src-d55cdfc134f24f71,2,adjudication-seed-fia-2022-fra-5b00af9baee5-01,adj-895a772a98e8bd31,incident-src-895a772a98e8bd31,0.0,3,first_lap_candidate|wet_track_candidate|safety_car_restart_candidate,True,time_penalty,5,2,,pre_review_feasibility,True,False,review_priority_only_pending_context_and_conduct_review
adjudication-seed-fia-2024-qat-ac0687a82537-01,adj-d55cdfc134f24f71,incident-src-d55cdfc134f24f71,3,adjudication-seed-fia-2022-gbr-81e6a9badf51-01,adj-2f0e84f6cc910eed,incident-src-2f0e84f6cc910eed,0.0,3,first_lap_candidate|wet_track_candidate|safety_car_restart_candidate,True,time_penalty,5,2,,pre_review_feasibility,True,False,review_priority_only_pending_context_and_conduct_review
adjudication-seed-fia-2024-qat-ac0687a82537-01,adj-d55cdfc134f24f71,incident-src-d55cdfc134f24f71,4,adjudication-seed-fia-2022-mex-9975b4f5dd0e-01,adj-2642da4344825f6e,incident-src-2642da4344825f6e,0.0,3,first_lap_candidate|wet_track_candidate|safety_car_restart_candidate,True,time_penalty,10,2,,pre_review_feasibility,True,False,review_priority_only_pending_context_and_conduct_review
adjudication-seed-fia-2024-qat-ac0687a82537-01,adj-d55cdfc134f24f71,incident-src-d55cdfc134f24f71,5,adjudication-seed-fia-2022-mia-200cbc833915-01,adj-28c62e2652e40363,incident-src-28c62e2652e40363,0.0,3,first_lap_candidate|wet_track_candidate|safety_car_restart_candidate,False,no_further_action,,,,pre_review_feasibility,True,True,review_priority_only_pending_context_and_conduct_review
adjudication-seed-fia-2024-qat-ea0ded916e32-01,adj-244bac6c349c96be,incident-src-244bac6c349c96be,1,adjudication-seed-fia-2022-abu-6afd5d82f378-01,adj-5c847c13b64952f6,incident-src-5c847c13b64952f6,0.0,3,first_lap_candidate|wet_track_candidate|safety_car_restart_candidate,True,time_penalty,5,2,,pre_review_feasibility,True,False,review_priority_only_pending_context_and_conduct_review
adjudication-seed-fia-2024-qat-ea0ded916e32-01,adj-244bac6c349c96be,incident-src-244bac6c349c96be,2,adjudication-seed-fia-2022-fra-5b00af9baee5-01,adj-895a772a98e8bd31,incident-src-895a772a98e8bd31,0.0,3,first_lap_candidate|wet_track_candidate|safety_car_restart_candidate,True,time_penalty,5,2,,pre_review_feasibility,True,False,review_priority_only_pending_context_and_conduct_review
adjudication-seed-fia-2024-qat-ea0ded916e32-01,adj-244bac6c349c96be,incident-src-244bac6c349c96be,3,adjudication-seed-fia-2022-gbr-81e6a9badf51-01,adj-2f0e84f6cc910eed,incident-src-2f0e84f6cc910eed,0.0,3,first_lap_candidate|wet_track_candidate|safety_car_restart_candidate,True,time_penalty,5,2,,pre_review_feasibility,True,False,review_priority_only_pending_context_and_conduct_review
adjudication-seed-fia-2024-qat-ea0ded916e32-01,adj-244bac6c349c96be,incident-src-244bac6c349c96be,4,adjudication-seed-fia-2022-mex-9975b4f5dd0e-01,adj-2642da4344825f6e,incident-src-2642da4344825f6e,0.0,3,first_lap_candidate|wet_track_candidate|safety_car_restart_candidate,True,time_penalty,10,2,,pre_review_feasibility,True,False,review_priority_only_pending_context_and_conduct_review
adjudication-seed-fia-2024-qat-ea0ded916e32-01,adj-244bac6c349c96be,incident-src-244bac6c349c96be,5,adjudication-seed-fia-2022-mia-200cbc833915-01,adj-28c62e2652e40363,incident-src-28c62e2652e40363,0.0,3,first_lap_candidate|wet_track_candidate|safety_car_restart_candidate,False,no_further_action,,,,pre_review_feasibility,True,True,review_priority_only_pending_context_and_conduct_review
adjudication-seed-fia-2024-sao-77a08cd10ed4-01,adj-c415a16a0b4f8470,incident-src-c415a16a0b4f8470,1,adjudication-seed-fia-2022-sao-695fd61e1d50-01,adj-96f32b26fd720b87,incident-src-96f32b26fd720b87,0.0,4,attacker_line_candidate|first_lap_candidate|wet_track_candidate|safety_car_restart_candidate,True,time_penalty,5,2,,pre_review_feasibility,True,False,review_priority_only_pending_context_and_conduct_review
adjudication-seed-fia-2024-sao-77a08cd10ed4-01,adj-c415a16a0b4f8470,incident-src-c415a16a0b4f8470,2,adjudication-seed-fia-2022-sau-626edbbd5a3a-01,adj-3baf9aacecb5c6e5,incident-src-3baf9aacecb5c6e5,0.0,4,attacker_line_candidate|first_lap_candidate|wet_track_candidate|safety_car_restart_candidate,True,grid_penalty,,2,3,pre_review_feasibility,True,False,review_priority_only_pending_context_and_conduct_review
adjudication-seed-fia-2024-sao-77a08cd10ed4-01,adj-c415a16a0b4f8470,incident-src-c415a16a0b4f8470,3,adjudication-seed-fia-2023-can-572578a57a9b-01,adj-bc46b8ef7db29a9f,incident-src-bc46b8ef7db29a9f,0.0,4,attacker_line_candidate|first_lap_candidate|wet_track_candidate|safety_car_restart_candidate,False,no_further_action,,,,pre_review_feasibility,True,True,review_priority_only_pending_context_and_conduct_review
adjudication-seed-fia-2024-sao-77a08cd10ed4-01,adj-c415a16a0b4f8470,incident-src-c415a16a0b4f8470,4,adjudication-seed-fia-2023-can-79ff129eac93-01,adj-59a7fa0595802b73,incident-src-59a7fa0595802b73,0.0,4,attacker_line_candidate|first_lap_candidate|wet_track_candidate|safety_car_restart_candidate,False,no_further_action,,,,pre_review_feasibility,True,True,review_priority_only_pending_context_and_conduct_review
adjudication-seed-fia-2024-sao-77a08cd10ed4-01,adj-c415a16a0b4f8470,incident-src-c415a16a0b4f8470,5,adjudication-seed-fia-2023-ita-06048f646efe-01,adj-c44453d1de46285e,incident-src-c44453d1de46285e,0.0,4,attacker_line_candidate|first_lap_candidate|wet_track_candidate|safety_car_restart_candidate,True,time_penalty,5,2,,pre_review_feasibility,True,False,review_priority_only_pending_context_and_conduct_review
adjudication-seed-fia-2024-sao-b822c02eabd2-01,adj-dc9490802ee7ddff,incident-src-dc9490802ee7ddff,1,adjudication-seed-fia-2022-abu-6afd5d82f378-01,adj-5c847c13b64952f6,incident-src-5c847c13b64952f6,0.0,3,first_lap_candidate|wet_track_candidate|safety_car_restart_candidate,True,time_penalty,5,2,,pre_review_feasibility,True,False,review_priority_only_pending_context_and_conduct_review
adjudication-seed-fia-2024-sao-b822c02eabd2-01,adj-dc9490802ee7ddff,incident-src-dc9490802ee7ddff,2,adjudication-seed-fia-2022-fra-5b00af9baee5-01,adj-895a772a98e8bd31,incident-src-895a772a98e8bd31,0.0,3,first_lap_candidate|wet_track_candidate|safety_car_restart_candidate,True,time_penalty,5,2,,pre_review_feasibility,True,False,review_priority_only_pending_context_and_conduct_review
adjudication-seed-fia-2024-sao-b822c02eabd2-01,adj-dc9490802ee7ddff,incident-src-dc9490802ee7ddff,3,adjudication-seed-fia-2022-gbr-81e6a9badf51-01,adj-2f0e84f6cc910eed,incident-src-2f0e84f6cc910eed,0.0,3,first_lap_candidate|wet_track_candidate|safety_car_restart_candidate,True,time_penalty,5,2,,pre_review_feasibility,True,False,review_priority_only_pending_context_and_conduct_review
adjudication-seed-fia-2024-sao-b822c02eabd2-01,adj-dc9490802ee7ddff,incident-src-dc9490802ee7ddff,4,adjudication-seed-fia-2022-mex-9975b4f5dd0e-01,adj-2642da4344825f6e,incident-src-2642da4344825f6e,0.0,3,first_lap_candidate|wet_track_candidate|safety_car_restart_candidate,True,time_penalty,10,2,,pre_review_feasibility,True,False,review_priority_only_pending_context_and_conduct_review
adjudication-seed-fia-2024-sao-b822c02eabd2-01,adj-dc9490802ee7ddff,incident-src-dc9490802ee7ddff,5,adjudication-seed-fia-2022-mia-200cbc833915-01,adj-28c62e2652e40363,incident-src-28c62e2652e40363,0.0,3,first_lap_candidate|wet_track_candidate|safety_car_restart_candidate,False,no_further_action,,,,pre_review_feasibility,True,True,review_priority_only_pending_context_and_conduct_review
adjudication-seed-fia-2024-sau-27fea0cbbfa4-01,adj-6d8e823e259176bd,incident-src-6d8e823e259176bd,1,adjudication-seed-fia-2022-jpn-786e23bdcd54-01,adj-b8d4324786805037,incident-src-b8d4324786805037,0.0,3,first_lap_candidate|wet_track_candidate|safety_car_restart_candidate,True,time_penalty,5,1,,pre_review_feasibility,True,False,review_priority_only_pending_context_and_conduct_review
adjudication-seed-fia-2024-sau-27fea0cbbfa4-01,adj-6d8e823e259176bd,incident-src-6d8e823e259176bd,2,adjudication-seed-fia-2022-mco-a85320aa2719-01,adj-a3cd03fc1f19e87d,incident-src-a3cd03fc1f19e87d,0.0,3,first_lap_candidate|wet_track_candidate|safety_car_restart_candidate,True,time_penalty,5,1,,pre_review_feasibility,True,False,review_priority_only_pending_context_and_conduct_review
adjudication-seed-fia-2024-sau-27fea0cbbfa4-01,adj-6d8e823e259176bd,incident-src-6d8e823e259176bd,3,adjudication-seed-fia-2022-mex-0c20b3af2f45-01,adj-e25cec29abffafb1,incident-src-e25cec29abffafb1,0.0,3,first_lap_candidate|wet_track_candidate|safety_car_restart_candidate,True,time_penalty,5,1,,pre_review_feasibility,True,False,review_priority_only_pending_context_and_conduct_review
adjudication-seed-fia-2024-sau-27fea0cbbfa4-01,adj-6d8e823e259176bd,incident-src-6d8e823e259176bd,4,adjudication-seed-fia-2022-mia-3ef5fd2c5510-01,adj-a738d13a55b1a41c,incident-src-a738d13a55b1a41c,0.0,3,first_lap_candidate|wet_track_candidate|safety_car_restart_candidate,True,time_penalty,5,1,,pre_review_feasibility,True,False,review_priority_only_pending_context_and_conduct_review
adjudication-seed-fia-2024-sau-27fea0cbbfa4-01,adj-6d8e823e259176bd,incident-src-6d8e823e259176bd,5,adjudication-seed-fia-2022-mia-bbafb6bcc091-01,adj-edbdab17f12114c7,incident-src-edbdab17f12114c7,0.0,3,first_lap_candidate|wet_track_candidate|safety_car_restart_candidate,False,no_further_action,,,,pre_review_feasibility,True,True,review_priority_only_pending_context_and_conduct_review
adjudication-seed-fia-2024-sau-675654dfe88e-01,adj-4b18175e3ab1d349,incident-src-4b18175e3ab1d349,1,adjudication-seed-fia-2022-abu-6afd5d82f378-01,adj-5c847c13b64952f6,incident-src-5c847c13b64952f6,0.0,3,first_lap_candidate|wet_track_candidate|safety_car_restart_candidate,True,time_penalty,5,2,,pre_review_feasibility,True,False,review_priority_only_pending_context_and_conduct_review
adjudication-seed-fia-2024-sau-675654dfe88e-01,adj-4b18175e3ab1d349,incident-src-4b18175e3ab1d349,2,adjudication-seed-fia-2022-fra-5b00af9baee5-01,adj-895a772a98e8bd31,incident-src-895a772a98e8bd31,0.0,3,first_lap_candidate|wet_track_candidate|safety_car_restart_candidate,True,time_penalty,5,2,,pre_review_feasibility,True,False,review_priority_only_pending_context_and_conduct_review
adjudication-seed-fia-2024-sau-675654dfe88e-01,adj-4b18175e3ab1d349,incident-src-4b18175e3ab1d349,3,adjudication-seed-fia-2022-gbr-81e6a9badf51-01,adj-2f0e84f6cc910eed,incident-src-2f0e84f6cc910eed,0.0,3,first_lap_candidate|wet_track_candidate|safety_car_restart_candidate,True,time_penalty,5,2,,pre_review_feasibility,True,False,review_priority_only_pending_context_and_conduct_review
adjudication-seed-fia-2024-sau-675654dfe88e-01,adj-4b18175e3ab1d349,incident-src-4b18175e3ab1d349,4,adjudication-seed-fia-2022-mex-9975b4f5dd0e-01,adj-2642da4344825f6e,incident-src-2642da4344825f6e,0.0,3,first_lap_candidate|wet_track_candidate|safety_car_restart_candidate,True,time_penalty,10,2,,pre_review_feasibility,True,False,review_priority_only_pending_context_and_conduct_review
adjudication-seed-fia-2024-sau-675654dfe88e-01,adj-4b18175e3ab1d349,incident-src-4b18175e3ab1d349,5,adjudication-seed-fia-2022-mia-200cbc833915-01,adj-28c62e2652e40363,incident-src-28c62e2652e40363,0.0,3,first_lap_candidate|wet_track_candidate|safety_car_restart_candidate,False,no_further_action,,,,pre_review_feasibility,True,True,review_priority_only_pending_context_and_conduct_review
adjudication-seed-fia-2024-usa-1d5ba0527e94-01,adj-780b464e1e0142e6,incident-src-780b464e1e0142e6,1,adjudication-seed-fia-2024-usa-2de48d9656fa-01,adj-b0fa781c22c3b3f8,incident-src-b0fa781c22c3b3f8,0.0,4,attacker_line_candidate|first_lap_candidate|wet_track_candidate|safety_car_restart_candidate,True,time_penalty,5,,,pre_review_feasibility,True,False,review_priority_only_pending_context_and_conduct_review
adjudication-seed-fia-2024-usa-1d5ba0527e94-01,adj-780b464e1e0142e6,incident-src-780b464e1e0142e6,2,adjudication-seed-fia-2022-jpn-786e23bdcd54-01,adj-b8d4324786805037,incident-src-b8d4324786805037,0.125,3,first_lap_candidate|wet_track_candidate|safety_car_restart_candidate,True,time_penalty,5,1,,pre_review_feasibility,True,False,review_priority_only_pending_context_and_conduct_review
adjudication-seed-fia-2024-usa-1d5ba0527e94-01,adj-780b464e1e0142e6,incident-src-780b464e1e0142e6,3,adjudication-seed-fia-2022-mco-a85320aa2719-01,adj-a3cd03fc1f19e87d,incident-src-a3cd03fc1f19e87d,0.125,3,first_lap_candidate|wet_track_candidate|safety_car_restart_candidate,True,time_penalty,5,1,,pre_review_feasibility,True,False,review_priority_only_pending_context_and_conduct_review
adjudication-seed-fia-2024-usa-1d5ba0527e94-01,adj-780b464e1e0142e6,incident-src-780b464e1e0142e6,4,adjudication-seed-fia-2022-mex-0c20b3af2f45-01,adj-e25cec29abffafb1,incident-src-e25cec29abffafb1,0.125,3,first_lap_candidate|wet_track_candidate|safety_car_restart_candidate,True,time_penalty,5,1,,pre_review_feasibility,True,False,review_priority_only_pending_context_and_conduct_review
adjudication-seed-fia-2024-usa-1d5ba0527e94-01,adj-780b464e1e0142e6,incident-src-780b464e1e0142e6,5,adjudication-seed-fia-2022-mia-3ef5fd2c5510-01,adj-a738d13a55b1a41c,incident-src-a738d13a55b1a41c,0.125,3,first_lap_candidate|wet_track_candidate|safety_car_restart_candidate,True,time_penalty,5,1,,pre_review_feasibility,True,False,review_priority_only_pending_context_and_conduct_review
adjudication-seed-fia-2024-usa-2de48d9656fa-01,adj-b0fa781c22c3b3f8,incident-src-b0fa781c22c3b3f8,1,adjudication-seed-fia-2024-usa-1d5ba0527e94-01,adj-780b464e1e0142e6,incident-src-780b464e1e0142e6,0.0,4,attacker_line_candidate|first_lap_candidate|wet_track_candidate|safety_car_restart_candidate,True,time_penalty,5,,,pre_review_feasibility,True,False,review_priority_only_pending_context_and_conduct_review
adjudication-seed-fia-2024-usa-2de48d9656fa-01,adj-b0fa781c22c3b3f8,incident-src-b0fa781c22c3b3f8,2,adjudication-seed-fia-2022-jpn-786e23bdcd54-01,adj-b8d4324786805037,incident-src-b8d4324786805037,0.125,3,first_lap_candidate|wet_track_candidate|safety_car_restart_candidate,True,time_penalty,5,1,,pre_review_feasibility,True,False,review_priority_only_pending_context_and_conduct_review
adjudication-seed-fia-2024-usa-2de48d9656fa-01,adj-b0fa781c22c3b3f8,incident-src-b0fa781c22c3b3f8,3,adjudication-seed-fia-2022-mco-a85320aa2719-01,adj-a3cd03fc1f19e87d,incident-src-a3cd03fc1f19e87d,0.125,3,first_lap_candidate|wet_track_candidate|safety_car_restart_candidate,True,time_penalty,5,1,,pre_review_feasibility,True,False,review_priority_only_pending_context_and_conduct_review
adjudication-seed-fia-2024-usa-2de48d9656fa-01,adj-b0fa781c22c3b3f8,incident-src-b0fa781c22c3b3f8,4,adjudication-seed-fia-2022-mex-0c20b3af2f45-01,adj-e25cec29abffafb1,incident-src-e25cec29abffafb1,0.125,3,first_lap_candidate|wet_track_candidate|safety_car_restart_candidate,True,time_penalty,5,1,,pre_review_feasibility,True,False,review_priority_only_pending_context_and_conduct_review
adjudication-seed-fia-2024-usa-2de48d9656fa-01,adj-b0fa781c22c3b3f8,incident-src-b0fa781c22c3b3f8,5,adjudication-seed-fia-2022-mia-3ef5fd2c5510-01,adj-a738d13a55b1a41c,incident-src-a738d13a55b1a41c,0.125,3,first_lap_candidate|wet_track_candidate|safety_car_restart_candidate,True,time_penalty,5,1,,pre_review_feasibility,True,False,review_priority_only_pending_context_and_conduct_review
adjudication-seed-fia-2024-usa-7a56202d170c-01,adj-607fddba182aaa3f,incident-src-607fddba182aaa3f,1,adjudication-seed-fia-2024-mex-a4340456d96a-01,adj-692b411e9f958d1d,incident-src-692b411e9f958d1d,0.0,4,attacker_line_candidate|first_lap_candidate|wet_track_candidate|safety_car_restart_candidate,False,no_further_action,,,,pre_review_feasibility,True,True,review_priority_only_pending_context_and_conduct_review
adjudication-seed-fia-2024-usa-7a56202d170c-01,adj-607fddba182aaa3f,incident-src-607fddba182aaa3f,2,adjudication-seed-fia-2024-usa-7e333c44293a-01,adj-278d019dd7501a79,incident-src-278d019dd7501a79,0.0,4,attacker_line_candidate|first_lap_candidate|wet_track_candidate|safety_car_restart_candidate,True,time_penalty,5,,,pre_review_feasibility,True,False,review_priority_only_pending_context_and_conduct_review
adjudication-seed-fia-2024-usa-7a56202d170c-01,adj-607fddba182aaa3f,incident-src-607fddba182aaa3f,3,adjudication-seed-fia-2023-esp-d60c194c8ff7-01,adj-b762034ba93ba8b3,incident-src-b762034ba93ba8b3,0.125,3,first_lap_candidate|wet_track_candidate|safety_car_restart_candidate,True,time_penalty,5,1,,pre_review_feasibility,True,False,review_priority_only_pending_context_and_conduct_review
adjudication-seed-fia-2024-usa-7a56202d170c-01,adj-607fddba182aaa3f,incident-src-607fddba182aaa3f,4,adjudication-seed-fia-2022-aus-60118fcf81d1-01,adj-752796dd8601031a,incident-src-752796dd8601031a,0.2,3,first_lap_candidate|wet_track_candidate|safety_car_restart_candidate,False,no_further_action,,,,pre_review_feasibility,True,True,review_priority_only_pending_context_and_conduct_review
adjudication-seed-fia-2024-usa-7a56202d170c-01,adj-607fddba182aaa3f,incident-src-607fddba182aaa3f,5,adjudication-seed-fia-2022-bhr-3f720bfded90-01,adj-005169f6535a0e91,incident-src-005169f6535a0e91,0.2,3,first_lap_candidate|wet_track_candidate|safety_car_restart_candidate,False,no_further_action,,,,pre_review_feasibility,True,True,review_priority_only_pending_context_and_conduct_review
adjudication-seed-fia-2024-usa-7e333c44293a-01,adj-278d019dd7501a79,incident-src-278d019dd7501a79,1,adjudication-seed-fia-2024-mex-a4340456d96a-01,adj-692b411e9f958d1d,incident-src-692b411e9f958d1d,0.0,4,attacker_line_candidate|first_lap_candidate|wet_track_candidate|safety_car_restart_candidate,False,no_further_action,,,,pre_review_feasibility,True,True,review_priority_only_pending_context_and_conduct_review
adjudication-seed-fia-2024-usa-7e333c44293a-01,adj-278d019dd7501a79,incident-src-278d019dd7501a79,2,adjudication-seed-fia-2024-usa-7a56202d170c-01,adj-607fddba182aaa3f,incident-src-607fddba182aaa3f,0.0,4,attacker_line_candidate|first_lap_candidate|wet_track_candidate|safety_car_restart_candidate,True,time_penalty,5,,,pre_review_feasibility,True,False,review_priority_only_pending_context_and_conduct_review
adjudication-seed-fia-2024-usa-7e333c44293a-01,adj-278d019dd7501a79,incident-src-278d019dd7501a79,3,adjudication-seed-fia-2023-esp-d60c194c8ff7-01,adj-b762034ba93ba8b3,incident-src-b762034ba93ba8b3,0.125,3,first_lap_candidate|wet_track_candidate|safety_car_restart_candidate,True,time_penalty,5,1,,pre_review_feasibility,True,False,review_priority_only_pending_context_and_conduct_review
adjudication-seed-fia-2024-usa-7e333c44293a-01,adj-278d019dd7501a79,incident-src-278d019dd7501a79,4,adjudication-seed-fia-2022-aus-60118fcf81d1-01,adj-752796dd8601031a,incident-src-752796dd8601031a,0.2,3,first_lap_candidate|wet_track_candidate|safety_car_restart_candidate,False,no_further_action,,,,pre_review_feasibility,True,True,review_priority_only_pending_context_and_conduct_review
adjudication-seed-fia-2024-usa-7e333c44293a-01,adj-278d019dd7501a79,incident-src-278d019dd7501a79,5,adjudication-seed-fia-2022-bhr-3f720bfded90-01,adj-005169f6535a0e91,incident-src-005169f6535a0e91,0.2,3,first_lap_candidate|wet_track_candidate|safety_car_restart_candidate,False,no_further_action,,,,pre_review_feasibility,True,True,review_priority_only_pending_context_and_conduct_review
adjudication-seed-fia-2024-usa-4828e63a6c32-01,adj-649fecee52ee4f6f,incident-src-649fecee52ee4f6f,1,adjudication-seed-fia-2022-sao-002711fb5ae0-01,adj-a3a7fbd881640e16,incident-src-a3a7fbd881640e16,0.125,3,first_lap_candidate|wet_track_candidate|safety_car_restart_candidate,True,time_penalty,10,3,,pre_review_feasibility,True,False,review_priority_only_pending_context_and_conduct_review
adjudication-seed-fia-2024-usa-4828e63a6c32-01,adj-649fecee52ee4f6f,incident-src-649fecee52ee4f6f,2,adjudication-seed-fia-2024-aut-1386e9236666-01,adj-f388f903abd92138,incident-src-f388f903abd92138,0.125,3,first_lap_candidate|wet_track_candidate|safety_car_restart_candidate,True,time_penalty,10,2,,pre_review_feasibility,True,False,review_priority_only_pending_context_and_conduct_review
adjudication-seed-fia-2024-usa-4828e63a6c32-01,adj-649fecee52ee4f6f,incident-src-649fecee52ee4f6f,3,adjudication-seed-fia-2023-usa-cf78524f4683-01,adj-b34bfbde37e56841,incident-src-b34bfbde37e56841,0.2,3,first_lap_candidate|wet_track_candidate|safety_car_restart_candidate,False,no_further_action,,,,pre_review_feasibility,True,True,review_priority_only_pending_context_and_conduct_review
adjudication-seed-fia-2024-usa-4828e63a6c32-01,adj-649fecee52ee4f6f,incident-src-649fecee52ee4f6f,4,adjudication-seed-fia-2022-aut-ab1a77f87104-01,adj-543da3861599debe,incident-src-543da3861599debe,0.3,4,attacker_line_candidate|first_lap_candidate|wet_track_candidate|safety_car_restart_candidate,True,time_penalty,5,2,,pre_review_feasibility,True,False,review_priority_only_pending_context_and_conduct_review
adjudication-seed-fia-2024-usa-9eecf3efc1f8-01,adj-84b5a008e264b8d6,incident-src-84b5a008e264b8d6,1,adjudication-seed-fia-2024-mia-54507686b24f-01,adj-662202a5b879f049,incident-src-662202a5b879f049,0.3333333333333333,3,first_lap_candidate|wet_track_candidate|safety_car_restart_candidate,True,time_penalty,10,,,pre_review_feasibility,False,True,review_priority_only_pending_context_and_conduct_review
adjudication-seed-fia-2024-usa-9eecf3efc1f8-01,adj-84b5a008e264b8d6,incident-src-84b5a008e264b8d6,2,adjudication-seed-fia-2024-mia-a149f4a3c2c5-01,adj-909aa84ac351505f,incident-src-909aa84ac351505f,0.3333333333333333,3,first_lap_candidate|wet_track_candidate|safety_car_restart_candidate,True,time_penalty,10,3,,pre_review_feasibility,False,True,review_priority_only_pending_context_and_conduct_review
adjudication-seed-fia-2024-usa-9eecf3efc1f8-01,adj-84b5a008e264b8d6,incident-src-84b5a008e264b8d6,3,adjudication-seed-fia-2024-mia-feb431961f72-01,adj-2c2dff8fa5835c89,incident-src-2c2dff8fa5835c89,0.3333333333333333,3,first_lap_candidate|wet_track_candidate|safety_car_restart_candidate,True,time_penalty,10,,,pre_review_feasibility,False,True,review_priority_only_pending_context_and_conduct_review
adjudication-seed-fia-2024-usa-9eecf3efc1f8-01,adj-84b5a008e264b8d6,incident-src-84b5a008e264b8d6,4,adjudication-seed-fia-2024-usa-f7d16a7e6e6e-01,adj-c40383a758a57293,incident-src-c40383a758a57293,0.3333333333333333,3,first_lap_candidate|wet_track_candidate|safety_car_restart_candidate,False,no_further_action,,,,pre_review_feasibility,False,False,review_priority_only_pending_context_and_conduct_review
adjudication-seed-fia-2024-usa-9eecf3efc1f8-01,adj-84b5a008e264b8d6,incident-src-84b5a008e264b8d6,5,adjudication-seed-fia-2023-usa-0349556641dc-01,adj-935cbd4cd614af87,incident-src-935cbd4cd614af87,0.375,3,first_lap_candidate|wet_track_candidate|safety_car_restart_candidate,False,no_further_action,,,,pre_review_feasibility,False,False,review_priority_only_pending_context_and_conduct_review
adjudication-seed-fia-2024-usa-f7d16a7e6e6e-01,adj-c40383a758a57293,incident-src-c40383a758a57293,1,adjudication-seed-fia-2024-mia-54507686b24f-01,adj-662202a5b879f049,incident-src-662202a5b879f049,0.0,3,first_lap_candidate|wet_track_candidate|safety_car_restart_candidate,True,time_penalty,10,,,pre_review_feasibility,False,True,review_priority_only_pending_context_and_conduct_review
adjudication-seed-fia-2024-usa-f7d16a7e6e6e-01,adj-c40383a758a57293,incident-src-c40383a758a57293,2,adjudication-seed-fia-2024-mia-a149f4a3c2c5-01,adj-909aa84ac351505f,incident-src-909aa84ac351505f,0.0,3,first_lap_candidate|wet_track_candidate|safety_car_restart_candidate,True,time_penalty,10,3,,pre_review_feasibility,False,True,review_priority_only_pending_context_and_conduct_review
adjudication-seed-fia-2024-usa-f7d16a7e6e6e-01,adj-c40383a758a57293,incident-src-c40383a758a57293,3,adjudication-seed-fia-2024-mia-feb431961f72-01,adj-2c2dff8fa5835c89,incident-src-2c2dff8fa5835c89,0.0,3,first_lap_candidate|wet_track_candidate|safety_car_restart_candidate,True,time_penalty,10,,,pre_review_feasibility,False,True,review_priority_only_pending_context_and_conduct_review
adjudication-seed-fia-2024-usa-f7d16a7e6e6e-01,adj-c40383a758a57293,incident-src-c40383a758a57293,4,adjudication-seed-fia-2023-usa-0349556641dc-01,adj-935cbd4cd614af87,incident-src-935cbd4cd614af87,0.125,3,first_lap_candidate|wet_track_candidate|safety_car_restart_candidate,False,no_further_action,,,,pre_review_feasibility,False,False,review_priority_only_pending_context_and_conduct_review
adjudication-seed-fia-2024-usa-f7d16a7e6e6e-01,adj-c40383a758a57293,incident-src-c40383a758a57293,5,adjudication-seed-fia-2023-usa-233ee024e884-01,adj-69521e50d0d556b6,incident-src-69521e50d0d556b6,0.125,3,first_lap_candidate|wet_track_candidate|safety_car_restart_candidate,True,time_penalty,5,,,pre_review_feasibility,False,True,review_priority_only_pending_context_and_conduct_review
adjudication-seed-fia-2025-abu-5a289d5d001e-01,adj-c87d6a167a0b882c,incident-src-c87d6a167a0b882c,1,adjudication-seed-fia-2025-abu-bfa018c9c8e1-01,adj-d9617718c7032a69,incident-src-d9617718c7032a69,0.0,3,first_lap_candidate|wet_track_candidate|safety_car_restart_candidate,True,time_penalty,5,1,,pre_review_feasibility,True,False,review_priority_only_pending_context_and_conduct_review
adjudication-seed-fia-2025-abu-90b14b4ed0c9-01,adj-862c5abf64138d26,incident-src-862c5abf64138d26,1,adjudication-seed-fia-2025-mco-637ae2b682ba-01,adj-bcb17f8b041a82e3,incident-src-bcb17f8b041a82e3,0.0,3,first_lap_candidate|wet_track_candidate|safety_car_restart_candidate,True,drive_through,,,,pre_review_feasibility,False,True,review_priority_only_pending_context_and_conduct_review
adjudication-seed-fia-2025-abu-90b14b4ed0c9-01,adj-862c5abf64138d26,incident-src-862c5abf64138d26,2,adjudication-seed-fia-2025-mex-47fc1c3a7137-01,adj-29e0c768f162cabc,incident-src-29e0c768f162cabc,0.0,3,first_lap_candidate|wet_track_candidate|safety_car_restart_candidate,True,time_penalty,10,,,pre_review_feasibility,False,True,review_priority_only_pending_context_and_conduct_review
adjudication-seed-fia-2025-abu-90b14b4ed0c9-01,adj-862c5abf64138d26,incident-src-862c5abf64138d26,3,adjudication-seed-fia-2025-sau-085f04d49714-01,adj-c3806e9e6a004dbe,incident-src-c3806e9e6a004dbe,0.0,3,first_lap_candidate|wet_track_candidate|safety_car_restart_candidate,True,time_penalty,10,,,pre_review_feasibility,False,True,review_priority_only_pending_context_and_conduct_review
adjudication-seed-fia-2025-abu-90b14b4ed0c9-01,adj-862c5abf64138d26,incident-src-862c5abf64138d26,4,adjudication-seed-fia-2025-esp-4693ce9dbdc4-01,adj-479d79e5865e135e,incident-src-479d79e5865e135e,0.125,3,first_lap_candidate|wet_track_candidate|safety_car_restart_candidate,True,time_penalty,10,,,pre_review_feasibility,False,True,review_priority_only_pending_context_and_conduct_review
adjudication-seed-fia-2025-abu-90b14b4ed0c9-01,adj-862c5abf64138d26,incident-src-862c5abf64138d26,5,adjudication-seed-fia-2025-esp-15cd2122312e-01,adj-413c9757dacacb88,incident-src-413c9757dacacb88,0.2,3,first_lap_candidate|wet_track_candidate|safety_car_restart_candidate,True,time_penalty,10,,,pre_review_feasibility,False,True,review_priority_only_pending_context_and_conduct_review
adjudication-seed-fia-2025-abu-9913dc5c7021-01,adj-e4777c2ca2dcd628,incident-src-e4777c2ca2dcd628,1,adjudication-seed-fia-2025-lvs-462a2bce3a3a-01,adj-4762dd05c67569c8,incident-src-4762dd05c67569c8,0.0,3,first_lap_candidate|wet_track_candidate|safety_car_restart_candidate,True,grid_penalty,,2,5,pre_review_feasibility,False,True,review_priority_only_pending_context_and_conduct_review
adjudication-seed-fia-2025-abu-9913dc5c7021-01,adj-e4777c2ca2dcd628,incident-src-e4777c2ca2dcd628,2,adjudication-seed-fia-2025-lvs-930d412442e7-01,adj-2c6f2f495e380077,incident-src-2c6f2f495e380077,0.0,3,first_lap_candidate|wet_track_candidate|safety_car_restart_candidate,False,no_further_action,,,,pre_review_feasibility,False,False,review_priority_only_pending_context_and_conduct_review
adjudication-seed-fia-2025-abu-9913dc5c7021-01,adj-e4777c2ca2dcd628,incident-src-e4777c2ca2dcd628,3,adjudication-seed-fia-2025-sau-8187bba80d1e-01,adj-47d34770b1ec91cd,incident-src-47d34770b1ec91cd,0.0,3,first_lap_candidate|wet_track_candidate|safety_car_restart_candidate,False,no_further_action,,,,pre_review_feasibility,False,False,review_priority_only_pending_context_and_conduct_review
adjudication-seed-fia-2025-abu-9913dc5c7021-01,adj-e4777c2ca2dcd628,incident-src-e4777c2ca2dcd628,4,adjudication-seed-fia-2025-aut-1b2cf15490ab-01,adj-dc3cbf1b2175e95d,incident-src-dc3cbf1b2175e95d,0.125,3,first_lap_candidate|wet_track_candidate|safety_car_restart_candidate,True,grid_penalty,,2,3,pre_review_feasibility,False,True,review_priority_only_pending_context_and_conduct_review
adjudication-seed-fia-2025-abu-9913dc5c7021-01,adj-e4777c2ca2dcd628,incident-src-e4777c2ca2dcd628,5,adjudication-seed-fia-2025-bhr-732dd8183412-01,adj-f343c8d3c1915d9d,incident-src-f343c8d3c1915d9d,0.3333333333333333,3,first_lap_candidate|wet_track_candidate|safety_car_restart_candidate,True,time_penalty,5,1,,pre_review_feasibility,False,True,review_priority_only_pending_context_and_conduct_review
adjudication-seed-fia-2025-abu-9c20002be5b0-01,adj-e6d0642f2d104bf2,incident-src-e6d0642f2d104bf2,1,adjudication-seed-fia-2025-lvs-462a2bce3a3a-01,adj-4762dd05c67569c8,incident-src-4762dd05c67569c8,0.0,3,first_lap_candidate|wet_track_candidate|safety_car_restart_candidate,True,grid_penalty,,2,5,pre_review_feasibility,False,True,review_priority_only_pending_context_and_conduct_review
adjudication-seed-fia-2025-abu-9c20002be5b0-01,adj-e6d0642f2d104bf2,incident-src-e6d0642f2d104bf2,2,adjudication-seed-fia-2025-lvs-930d412442e7-01,adj-2c6f2f495e380077,incident-src-2c6f2f495e380077,0.0,3,first_lap_candidate|wet_track_candidate|safety_car_restart_candidate,False,no_further_action,,,,pre_review_feasibility,False,False,review_priority_only_pending_context_and_conduct_review
adjudication-seed-fia-2025-abu-9c20002be5b0-01,adj-e6d0642f2d104bf2,incident-src-e6d0642f2d104bf2,3,adjudication-seed-fia-2025-sau-8187bba80d1e-01,adj-47d34770b1ec91cd,incident-src-47d34770b1ec91cd,0.0,3,first_lap_candidate|wet_track_candidate|safety_car_restart_candidate,False,no_further_action,,,,pre_review_feasibility,False,False,review_priority_only_pending_context_and_conduct_review
adjudication-seed-fia-2025-abu-9c20002be5b0-01,adj-e6d0642f2d104bf2,incident-src-e6d0642f2d104bf2,4,adjudication-seed-fia-2025-aut-1b2cf15490ab-01,adj-dc3cbf1b2175e95d,incident-src-dc3cbf1b2175e95d,0.125,3,first_lap_candidate|wet_track_candidate|safety_car_restart_candidate,True,grid_penalty,,2,3,pre_review_feasibility,False,True,review_priority_only_pending_context_and_conduct_review
adjudication-seed-fia-2025-abu-9c20002be5b0-01,adj-e6d0642f2d104bf2,incident-src-e6d0642f2d104bf2,5,adjudication-seed-fia-2025-bhr-732dd8183412-01,adj-f343c8d3c1915d9d,incident-src-f343c8d3c1915d9d,0.3333333333333333,3,first_lap_candidate|wet_track_candidate|safety_car_restart_candidate,True,time_penalty,5,1,,pre_review_feasibility,False,True,review_priority_only_pending_context_and_conduct_review
adjudication-seed-fia-2025-abu-af797fd2ecc9-01,adj-cdd3611fe7080482,incident-src-cdd3611fe7080482,1,adjudication-seed-fia-2025-abu-bfa018c9c8e1-01,adj-d9617718c7032a69,incident-src-d9617718c7032a69,0.0,3,first_lap_candidate|wet_track_candidate|safety_car_restart_candidate,True,time_penalty,5,1,,pre_review_feasibility,True,False,review_priority_only_pending_context_and_conduct_review
adjudication-seed-fia-2025-abu-bfa018c9c8e1-01,adj-d9617718c7032a69,incident-src-d9617718c7032a69,1,adjudication-seed-fia-2025-abu-5a289d5d001e-01,adj-c87d6a167a0b882c,incident-src-c87d6a167a0b882c,0.0,3,first_lap_candidate|wet_track_candidate|safety_car_restart_candidate,True,time_penalty,5,1,,pre_review_feasibility,True,False,review_priority_only_pending_context_and_conduct_review
adjudication-seed-fia-2025-abu-bfa018c9c8e1-01,adj-d9617718c7032a69,incident-src-d9617718c7032a69,2,adjudication-seed-fia-2025-abu-af797fd2ecc9-01,adj-cdd3611fe7080482,incident-src-cdd3611fe7080482,0.0,3,first_lap_candidate|wet_track_candidate|safety_car_restart_candidate,True,time_penalty,5,1,,pre_review_feasibility,True,False,review_priority_only_pending_context_and_conduct_review
adjudication-seed-fia-2025-aut-1b2cf15490ab-01,adj-dc3cbf1b2175e95d,incident-src-dc3cbf1b2175e95d,1,adjudication-seed-fia-2025-abu-9913dc5c7021-01,adj-e4777c2ca2dcd628,incident-src-e4777c2ca2dcd628,0.125,3,first_lap_candidate|wet_track_candidate|safety_car_restart_candidate,False,no_further_action,,,,pre_review_feasibility,True,True,review_priority_only_pending_context_and_conduct_review
adjudication-seed-fia-2025-aut-1b2cf15490ab-01,adj-dc3cbf1b2175e95d,incident-src-dc3cbf1b2175e95d,2,adjudication-seed-fia-2025-abu-9c20002be5b0-01,adj-e6d0642f2d104bf2,incident-src-e6d0642f2d104bf2,0.125,3,first_lap_candidate|wet_track_candidate|safety_car_restart_candidate,False,no_further_action,,,,pre_review_feasibility,True,True,review_priority_only_pending_context_and_conduct_review
adjudication-seed-fia-2025-aut-1b2cf15490ab-01,adj-dc3cbf1b2175e95d,incident-src-dc3cbf1b2175e95d,3,adjudication-seed-fia-2025-lvs-462a2bce3a3a-01,adj-4762dd05c67569c8,incident-src-4762dd05c67569c8,0.125,3,first_lap_candidate|wet_track_candidate|safety_car_restart_candidate,True,grid_penalty,,2,5,pre_review_feasibility,True,False,review_priority_only_pending_context_and_conduct_review
adjudication-seed-fia-2025-aut-1b2cf15490ab-01,adj-dc3cbf1b2175e95d,incident-src-dc3cbf1b2175e95d,4,adjudication-seed-fia-2025-lvs-930d412442e7-01,adj-2c6f2f495e380077,incident-src-2c6f2f495e380077,0.125,3,first_lap_candidate|wet_track_candidate|safety_car_restart_candidate,False,no_further_action,,,,pre_review_feasibility,True,True,review_priority_only_pending_context_and_conduct_review
adjudication-seed-fia-2025-aut-1b2cf15490ab-01,adj-dc3cbf1b2175e95d,incident-src-dc3cbf1b2175e95d,5,adjudication-seed-fia-2025-sau-8187bba80d1e-01,adj-47d34770b1ec91cd,incident-src-47d34770b1ec91cd,0.125,3,first_lap_candidate|wet_track_candidate|safety_car_restart_candidate,False,no_further_action,,,,pre_review_feasibility,True,True,review_priority_only_pending_context_and_conduct_review
adjudication-seed-fia-2025-aut-3666395a2885-01,adj-2197497836f6c46a,incident-src-2197497836f6c46a,1,adjudication-seed-fia-2025-aut-a1f29843f018-01,adj-10a1869690dc7622,incident-src-10a1869690dc7622,0.1,4,attacker_line_candidate|first_lap_candidate|wet_track_candidate|safety_car_restart_candidate,True,time_penalty,5,1,,pre_review_feasibility,False,True,review_priority_only_pending_context_and_conduct_review
adjudication-seed-fia-2025-aut-3666395a2885-01,adj-2197497836f6c46a,incident-src-2197497836f6c46a,2,adjudication-seed-fia-2025-chn-795784acfef6-01,adj-8788c51da20ae484,incident-src-8788c51da20ae484,0.1,4,attacker_line_candidate|first_lap_candidate|wet_track_candidate|safety_car_restart_candidate,True,time_penalty,10,2,,pre_review_feasibility,False,True,review_priority_only_pending_context_and_conduct_review
adjudication-seed-fia-2025-aut-3666395a2885-01,adj-2197497836f6c46a,incident-src-2197497836f6c46a,3,adjudication-seed-fia-2025-hun-f1ff0743742b-01,adj-f09cc8aab8d224ac,incident-src-f09cc8aab8d224ac,0.1,4,attacker_line_candidate|first_lap_candidate|wet_track_candidate|safety_car_restart_candidate,False,no_further_action,,,,pre_review_feasibility,False,False,review_priority_only_pending_context_and_conduct_review
adjudication-seed-fia-2025-aut-3666395a2885-01,adj-2197497836f6c46a,incident-src-2197497836f6c46a,4,adjudication-seed-fia-2025-aut-5f0b9bc97e16-01,adj-f304cec4c251df69,incident-src-f304cec4c251df69,0.2,5,attacker_line_candidate|overlap_candidate|first_lap_candidate|wet_track_candidate|safety_car_restart_candidate,False,no_further_action,,,,pre_review_feasibility,False,False,review_priority_only_pending_context_and_conduct_review
adjudication-seed-fia-2025-aut-3666395a2885-01,adj-2197497836f6c46a,incident-src-2197497836f6c46a,5,adjudication-seed-fia-2025-bhr-fadfd5ceb9c2-01,adj-55f2f483dc86216e,incident-src-55f2f483dc86216e,0.2,3,first_lap_candidate|wet_track_candidate|safety_car_restart_candidate,True,time_penalty,10,2,,pre_review_feasibility,False,True,review_priority_only_pending_context_and_conduct_review
adjudication-seed-fia-2025-aut-41aebded7db6-01,adj-1651c96225ee4d5c,incident-src-1651c96225ee4d5c,1,adjudication-seed-fia-2025-aze-0d1070d6a1c6-01,adj-94d8c357c79994c4,incident-src-94d8c357c79994c4,0.1,4,attacker_line_candidate|first_lap_candidate|wet_track_candidate|safety_car_restart_candidate,True,time_penalty,10,2,,pre_review_feasibility,True,False,review_priority_only_pending_context_and_conduct_review
adjudication-seed-fia-2025-aut-41aebded7db6-01,adj-1651c96225ee4d5c,incident-src-1651c96225ee4d5c,2,adjudication-seed-fia-2025-bhr-03bfd7816342-01,adj-ccae0d70c41eed34,incident-src-ccae0d70c41eed34,0.1,4,attacker_line_candidate|first_lap_candidate|wet_track_candidate|safety_car_restart_candidate,True,time_penalty,10,2,,pre_review_feasibility,True,False,review_priority_only_pending_context_and_conduct_review
adjudication-seed-fia-2025-aut-41aebded7db6-01,adj-1651c96225ee4d5c,incident-src-1651c96225ee4d5c,3,adjudication-seed-fia-2025-esp-f89ab19eeac5-01,adj-6a1ad4e004abe2f1,incident-src-6a1ad4e004abe2f1,0.1,4,attacker_line_candidate|first_lap_candidate|wet_track_candidate|safety_car_restart_candidate,False,no_further_action,,,,pre_review_feasibility,True,True,review_priority_only_pending_context_and_conduct_review
adjudication-seed-fia-2025-aut-41aebded7db6-01,adj-1651c96225ee4d5c,incident-src-1651c96225ee4d5c,4,adjudication-seed-fia-2025-mia-2fbe65f9cac5-01,adj-cc7aa990ebfcb644,incident-src-cc7aa990ebfcb644,0.1,4,attacker_line_candidate|first_lap_candidate|wet_track_candidate|safety_car_restart_candidate,False,no_further_action,,,,pre_review_feasibility,True,True,review_priority_only_pending_context_and_conduct_review
adjudication-seed-fia-2025-aut-41aebded7db6-01,adj-1651c96225ee4d5c,incident-src-1651c96225ee4d5c,5,adjudication-seed-fia-2025-mia-45845998ca54-01,adj-324b4967a8663b58,incident-src-324b4967a8663b58,0.1,4,attacker_line_candidate|first_lap_candidate|wet_track_candidate|safety_car_restart_candidate,False,no_further_action,,,,pre_review_feasibility,True,True,review_priority_only_pending_context_and_conduct_review
adjudication-seed-fia-2025-aut-5f0b9bc97e16-01,adj-f304cec4c251df69,incident-src-f304cec4c251df69,1,adjudication-seed-fia-2025-hun-cafb664d4278-01,adj-6a67a6327b949573,incident-src-6a67a6327b949573,0.1,4,attacker_line_candidate|first_lap_candidate|wet_track_candidate|safety_car_restart_candidate,False,no_further_action,,,,pre_review_feasibility,False,False,review_priority_only_pending_context_and_conduct_review
adjudication-seed-fia-2025-aut-5f0b9bc97e16-01,adj-f304cec4c251df69,incident-src-f304cec4c251df69,2,adjudication-seed-fia-2025-aut-3666395a2885-01,adj-2197497836f6c46a,incident-src-2197497836f6c46a,0.2,5,attacker_line_candidate|overlap_candidate|first_lap_candidate|wet_track_candidate|safety_car_restart_candidate,False,no_further_action,,,,pre_review_feasibility,False,False,review_priority_only_pending_context_and_conduct_review
adjudication-seed-fia-2025-aut-5f0b9bc97e16-01,adj-f304cec4c251df69,incident-src-f304cec4c251df69,3,adjudication-seed-fia-2025-ita-3a096d05b5d9-01,adj-c1ca0f988c06f7ac,incident-src-c1ca0f988c06f7ac,0.2,5,attacker_line_candidate|overlap_candidate|first_lap_candidate|wet_track_candidate|safety_car_restart_candidate,True,time_penalty,5,1,,pre_review_feasibility,False,True,review_priority_only_pending_context_and_conduct_review
adjudication-seed-fia-2025-aut-5f0b9bc97e16-01,adj-f304cec4c251df69,incident-src-f304cec4c251df69,4,adjudication-seed-fia-2025-bhr-fadfd5ceb9c2-01,adj-55f2f483dc86216e,incident-src-55f2f483dc86216e,0.2,3,first_lap_candidate|wet_track_candidate|safety_car_restart_candidate,True,time_penalty,10,2,,pre_review_feasibility,False,True,review_priority_only_pending_context_and_conduct_review
adjudication-seed-fia-2025-aut-5f0b9bc97e16-01,adj-f304cec4c251df69,incident-src-f304cec4c251df69,5,adjudication-seed-fia-2025-can-cb1693dfcc0a-01,adj-aafbbe06da3e5c01,incident-src-aafbbe06da3e5c01,0.2,3,first_lap_candidate|wet_track_candidate|safety_car_restart_candidate,True,time_penalty,10,2,,pre_review_feasibility,False,True,review_priority_only_pending_context_and_conduct_review
adjudication-seed-fia-2025-aut-a1f29843f018-01,adj-10a1869690dc7622,incident-src-10a1869690dc7622,1,adjudication-seed-fia-2025-chn-795784acfef6-01,adj-8788c51da20ae484,incident-src-8788c51da20ae484,0.0,4,attacker_line_candidate|first_lap_candidate|wet_track_candidate|safety_car_restart_candidate,True,time_penalty,10,2,,pre_review_feasibility,True,False,review_priority_only_pending_context_and_conduct_review
adjudication-seed-fia-2025-aut-a1f29843f018-01,adj-10a1869690dc7622,incident-src-10a1869690dc7622,2,adjudication-seed-fia-2025-hun-f1ff0743742b-01,adj-f09cc8aab8d224ac,incident-src-f09cc8aab8d224ac,0.0,4,attacker_line_candidate|first_lap_candidate|wet_track_candidate|safety_car_restart_candidate,False,no_further_action,,,,pre_review_feasibility,True,True,review_priority_only_pending_context_and_conduct_review
adjudication-seed-fia-2025-aut-a1f29843f018-01,adj-10a1869690dc7622,incident-src-10a1869690dc7622,3,adjudication-seed-fia-2025-aut-3666395a2885-01,adj-2197497836f6c46a,incident-src-2197497836f6c46a,0.1,4,attacker_line_candidate|first_lap_candidate|wet_track_candidate|safety_car_restart_candidate,False,no_further_action,,,,pre_review_feasibility,True,True,review_priority_only_pending_context_and_conduct_review
adjudication-seed-fia-2025-aut-a1f29843f018-01,adj-10a1869690dc7622,incident-src-10a1869690dc7622,4,adjudication-seed-fia-2025-bhr-fadfd5ceb9c2-01,adj-55f2f483dc86216e,incident-src-55f2f483dc86216e,0.125,3,first_lap_candidate|wet_track_candidate|safety_car_restart_candidate,True,time_penalty,10,2,,pre_review_feasibility,True,False,review_priority_only_pending_context_and_conduct_review
adjudication-seed-fia-2025-aut-a1f29843f018-01,adj-10a1869690dc7622,incident-src-10a1869690dc7622,5,adjudication-seed-fia-2025-can-cb1693dfcc0a-01,adj-aafbbe06da3e5c01,incident-src-aafbbe06da3e5c01,0.125,3,first_lap_candidate|wet_track_candidate|safety_car_restart_candidate,True,time_penalty,10,2,,pre_review_feasibility,True,False,review_priority_only_pending_context_and_conduct_review
adjudication-seed-fia-2025-aze-0d1070d6a1c6-01,adj-94d8c357c79994c4,incident-src-94d8c357c79994c4,1,adjudication-seed-fia-2025-bhr-03bfd7816342-01,adj-ccae0d70c41eed34,incident-src-ccae0d70c41eed34,0.0,4,attacker_line_candidate|first_lap_candidate|wet_track_candidate|safety_car_restart_candidate,True,time_penalty,10,2,,pre_review_feasibility,True,False,review_priority_only_pending_context_and_conduct_review
adjudication-seed-fia-2025-aze-0d1070d6a1c6-01,adj-94d8c357c79994c4,incident-src-94d8c357c79994c4,2,adjudication-seed-fia-2025-esp-f89ab19eeac5-01,adj-6a1ad4e004abe2f1,incident-src-6a1ad4e004abe2f1,0.0,4,attacker_line_candidate|first_lap_candidate|wet_track_candidate|safety_car_restart_candidate,False,no_further_action,,,,pre_review_feasibility,True,True,review_priority_only_pending_context_and_conduct_review
adjudication-seed-fia-2025-aze-0d1070d6a1c6-01,adj-94d8c357c79994c4,incident-src-94d8c357c79994c4,3,adjudication-seed-fia-2025-mia-2fbe65f9cac5-01,adj-cc7aa990ebfcb644,incident-src-cc7aa990ebfcb644,0.0,4,attacker_line_candidate|first_lap_candidate|wet_track_candidate|safety_car_restart_candidate,False,no_further_action,,,,pre_review_feasibility,True,True,review_priority_only_pending_context_and_conduct_review
adjudication-seed-fia-2025-aze-0d1070d6a1c6-01,adj-94d8c357c79994c4,incident-src-94d8c357c79994c4,4,adjudication-seed-fia-2025-mia-45845998ca54-01,adj-324b4967a8663b58,incident-src-324b4967a8663b58,0.0,4,attacker_line_candidate|first_lap_candidate|wet_track_candidate|safety_car_restart_candidate,False,no_further_action,,,,pre_review_feasibility,True,True,review_priority_only_pending_context_and_conduct_review
adjudication-seed-fia-2025-aze-0d1070d6a1c6-01,adj-94d8c357c79994c4,incident-src-94d8c357c79994c4,5,adjudication-seed-fia-2025-ned-d843a4b9a866-01,adj-8200d1dc5332b417,incident-src-8200d1dc5332b417,0.0,4,attacker_line_candidate|first_lap_candidate|wet_track_candidate|safety_car_restart_candidate,True,time_penalty,10,2,,pre_review_feasibility,True,False,review_priority_only_pending_context_and_conduct_review
adjudication-seed-fia-2025-bhr-03bfd7816342-01,adj-ccae0d70c41eed34,incident-src-ccae0d70c41eed34,1,adjudication-seed-fia-2025-aze-0d1070d6a1c6-01,adj-94d8c357c79994c4,incident-src-94d8c357c79994c4,0.0,4,attacker_line_candidate|first_lap_candidate|wet_track_candidate|safety_car_restart_candidate,True,time_penalty,10,2,,pre_review_feasibility,True,False,review_priority_only_pending_context_and_conduct_review
adjudication-seed-fia-2025-bhr-03bfd7816342-01,adj-ccae0d70c41eed34,incident-src-ccae0d70c41eed34,2,adjudication-seed-fia-2025-esp-f89ab19eeac5-01,adj-6a1ad4e004abe2f1,incident-src-6a1ad4e004abe2f1,0.0,4,attacker_line_candidate|first_lap_candidate|wet_track_candidate|safety_car_restart_candidate,False,no_further_action,,,,pre_review_feasibility,True,True,review_priority_only_pending_context_and_conduct_review
adjudication-seed-fia-2025-bhr-03bfd7816342-01,adj-ccae0d70c41eed34,incident-src-ccae0d70c41eed34,3,adjudication-seed-fia-2025-mia-2fbe65f9cac5-01,adj-cc7aa990ebfcb644,incident-src-cc7aa990ebfcb644,0.0,4,attacker_line_candidate|first_lap_candidate|wet_track_candidate|safety_car_restart_candidate,False,no_further_action,,,,pre_review_feasibility,True,True,review_priority_only_pending_context_and_conduct_review
adjudication-seed-fia-2025-bhr-03bfd7816342-01,adj-ccae0d70c41eed34,incident-src-ccae0d70c41eed34,4,adjudication-seed-fia-2025-mia-45845998ca54-01,adj-324b4967a8663b58,incident-src-324b4967a8663b58,0.0,4,attacker_line_candidate|first_lap_candidate|wet_track_candidate|safety_car_restart_candidate,False,no_further_action,,,,pre_review_feasibility,True,True,review_priority_only_pending_context_and_conduct_review
adjudication-seed-fia-2025-bhr-03bfd7816342-01,adj-ccae0d70c41eed34,incident-src-ccae0d70c41eed34,5,adjudication-seed-fia-2025-ned-d843a4b9a866-01,adj-8200d1dc5332b417,incident-src-8200d1dc5332b417,0.0,4,attacker_line_candidate|first_lap_candidate|wet_track_candidate|safety_car_restart_candidate,True,time_penalty,10,2,,pre_review_feasibility,True,False,review_priority_only_pending_context_and_conduct_review
adjudication-seed-fia-2025-bhr-732dd8183412-01,adj-f343c8d3c1915d9d,incident-src-f343c8d3c1915d9d,1,adjudication-seed-fia-2025-can-acdc79e65cc6-01,adj-bfdfb2effacad54c,incident-src-bfdfb2effacad54c,0.0,3,first_lap_candidate|wet_track_candidate|safety_car_restart_candidate,True,time_penalty,5,,,pre_review_feasibility,True,False,review_priority_only_pending_context_and_conduct_review
adjudication-seed-fia-2025-bhr-732dd8183412-01,adj-f343c8d3c1915d9d,incident-src-f343c8d3c1915d9d,2,adjudication-seed-fia-2025-esp-099b030b67a2-01,adj-412e6ca5aca26ea3,incident-src-412e6ca5aca26ea3,0.0,3,first_lap_candidate|wet_track_candidate|safety_car_restart_candidate,False,no_further_action,,,,pre_review_feasibility,True,True,review_priority_only_pending_context_and_conduct_review
adjudication-seed-fia-2025-bhr-732dd8183412-01,adj-f343c8d3c1915d9d,incident-src-f343c8d3c1915d9d,3,adjudication-seed-fia-2025-esp-0fd436b99af1-01,adj-6df990a2ab7ddf2d,incident-src-6df990a2ab7ddf2d,0.0,3,first_lap_candidate|wet_track_candidate|safety_car_restart_candidate,False,no_further_action,,,,pre_review_feasibility,True,True,review_priority_only_pending_context_and_conduct_review
adjudication-seed-fia-2025-bhr-732dd8183412-01,adj-f343c8d3c1915d9d,incident-src-f343c8d3c1915d9d,4,adjudication-seed-fia-2025-esp-8cd31c466963-01,adj-567832bf228e7eb4,incident-src-567832bf228e7eb4,0.0,3,first_lap_candidate|wet_track_candidate|safety_car_restart_candidate,True,time_penalty,10,3,,pre_review_feasibility,True,False,review_priority_only_pending_context_and_conduct_review
adjudication-seed-fia-2025-bhr-732dd8183412-01,adj-f343c8d3c1915d9d,incident-src-f343c8d3c1915d9d,5,adjudication-seed-fia-2025-lvs-9874a99bc7cd-01,adj-3970a605781c9f8e,incident-src-3970a605781c9f8e,0.0,3,first_lap_candidate|wet_track_candidate|safety_car_restart_candidate,True,time_penalty,5,1,,pre_review_feasibility,True,False,review_priority_only_pending_context_and_conduct_review
adjudication-seed-fia-2025-bhr-fadfd5ceb9c2-01,adj-55f2f483dc86216e,incident-src-55f2f483dc86216e,1,adjudication-seed-fia-2025-can-cb1693dfcc0a-01,adj-aafbbe06da3e5c01,incident-src-aafbbe06da3e5c01,0.0,3,first_lap_candidate|wet_track_candidate|safety_car_restart_candidate,True,time_penalty,10,2,,pre_review_feasibility,True,False,review_priority_only_pending_context_and_conduct_review
adjudication-seed-fia-2025-bhr-fadfd5ceb9c2-01,adj-55f2f483dc86216e,incident-src-55f2f483dc86216e,2,adjudication-seed-fia-2025-emi-97ce0e850a70-01,adj-97c5411ec4864978,incident-src-97c5411ec4864978,0.0,3,first_lap_candidate|wet_track_candidate|safety_car_restart_candidate,False,no_further_action,,,,pre_review_feasibility,True,True,review_priority_only_pending_context_and_conduct_review
adjudication-seed-fia-2025-bhr-fadfd5ceb9c2-01,adj-55f2f483dc86216e,incident-src-55f2f483dc86216e,3,adjudication-seed-fia-2025-aut-a1f29843f018-01,adj-10a1869690dc7622,incident-src-10a1869690dc7622,0.125,3,first_lap_candidate|wet_track_candidate|safety_car_restart_candidate,True,time_penalty,5,1,,pre_review_feasibility,True,False,review_priority_only_pending_context_and_conduct_review
adjudication-seed-fia-2025-bhr-fadfd5ceb9c2-01,adj-55f2f483dc86216e,incident-src-55f2f483dc86216e,4,adjudication-seed-fia-2025-chn-795784acfef6-01,adj-8788c51da20ae484,incident-src-8788c51da20ae484,0.125,3,first_lap_candidate|wet_track_candidate|safety_car_restart_candidate,True,time_penalty,10,2,,pre_review_feasibility,True,False,review_priority_only_pending_context_and_conduct_review
adjudication-seed-fia-2025-bhr-fadfd5ceb9c2-01,adj-55f2f483dc86216e,incident-src-55f2f483dc86216e,5,adjudication-seed-fia-2025-hun-cafb664d4278-01,adj-6a67a6327b949573,incident-src-6a67a6327b949573,0.125,3,first_lap_candidate|wet_track_candidate|safety_car_restart_candidate,False,no_further_action,,,,pre_review_feasibility,True,True,review_priority_only_pending_context_and_conduct_review
adjudication-seed-fia-2025-can-acdc79e65cc6-01,adj-bfdfb2effacad54c,incident-src-bfdfb2effacad54c,1,adjudication-seed-fia-2025-bhr-732dd8183412-01,adj-f343c8d3c1915d9d,incident-src-f343c8d3c1915d9d,0.0,3,first_lap_candidate|wet_track_candidate|safety_car_restart_candidate,True,time_penalty,5,1,,pre_review_feasibility,True,False,review_priority_only_pending_context_and_conduct_review
adjudication-seed-fia-2025-can-acdc79e65cc6-01,adj-bfdfb2effacad54c,incident-src-bfdfb2effacad54c,2,adjudication-seed-fia-2025-esp-099b030b67a2-01,adj-412e6ca5aca26ea3,incident-src-412e6ca5aca26ea3,0.0,3,first_lap_candidate|wet_track_candidate|safety_car_restart_candidate,False,no_further_action,,,,pre_review_feasibility,True,True,review_priority_only_pending_context_and_conduct_review
adjudication-seed-fia-2025-can-acdc79e65cc6-01,adj-bfdfb2effacad54c,incident-src-bfdfb2effacad54c,3,adjudication-seed-fia-2025-esp-0fd436b99af1-01,adj-6df990a2ab7ddf2d,incident-src-6df990a2ab7ddf2d,0.0,3,first_lap_candidate|wet_track_candidate|safety_car_restart_candidate,False,no_further_action,,,,pre_review_feasibility,True,True,review_priority_only_pending_context_and_conduct_review
adjudication-seed-fia-2025-can-acdc79e65cc6-01,adj-bfdfb2effacad54c,incident-src-bfdfb2effacad54c,4,adjudication-seed-fia-2025-esp-8cd31c466963-01,adj-567832bf228e7eb4,incident-src-567832bf228e7eb4,0.0,3,first_lap_candidate|wet_track_candidate|safety_car_restart_candidate,True,time_penalty,10,3,,pre_review_feasibility,True,False,review_priority_only_pending_context_and_conduct_review
adjudication-seed-fia-2025-can-acdc79e65cc6-01,adj-bfdfb2effacad54c,incident-src-bfdfb2effacad54c,5,adjudication-seed-fia-2025-lvs-9874a99bc7cd-01,adj-3970a605781c9f8e,incident-src-3970a605781c9f8e,0.0,3,first_lap_candidate|wet_track_candidate|safety_car_restart_candidate,True,time_penalty,5,1,,pre_review_feasibility,True,False,review_priority_only_pending_context_and_conduct_review
adjudication-seed-fia-2025-can-cb1693dfcc0a-01,adj-aafbbe06da3e5c01,incident-src-aafbbe06da3e5c01,1,adjudication-seed-fia-2025-bhr-fadfd5ceb9c2-01,adj-55f2f483dc86216e,incident-src-55f2f483dc86216e,0.0,3,first_lap_candidate|wet_track_candidate|safety_car_restart_candidate,True,time_penalty,10,2,,pre_review_feasibility,True,False,review_priority_only_pending_context_and_conduct_review
adjudication-seed-fia-2025-can-cb1693dfcc0a-01,adj-aafbbe06da3e5c01,incident-src-aafbbe06da3e5c01,2,adjudication-seed-fia-2025-emi-97ce0e850a70-01,adj-97c5411ec4864978,incident-src-97c5411ec4864978,0.0,3,first_lap_candidate|wet_track_candidate|safety_car_restart_candidate,False,no_further_action,,,,pre_review_feasibility,True,True,review_priority_only_pending_context_and_conduct_review
adjudication-seed-fia-2025-can-cb1693dfcc0a-01,adj-aafbbe06da3e5c01,incident-src-aafbbe06da3e5c01,3,adjudication-seed-fia-2025-aut-a1f29843f018-01,adj-10a1869690dc7622,incident-src-10a1869690dc7622,0.125,3,first_lap_candidate|wet_track_candidate|safety_car_restart_candidate,True,time_penalty,5,1,,pre_review_feasibility,True,False,review_priority_only_pending_context_and_conduct_review
adjudication-seed-fia-2025-can-cb1693dfcc0a-01,adj-aafbbe06da3e5c01,incident-src-aafbbe06da3e5c01,4,adjudication-seed-fia-2025-chn-795784acfef6-01,adj-8788c51da20ae484,incident-src-8788c51da20ae484,0.125,3,first_lap_candidate|wet_track_candidate|safety_car_restart_candidate,True,time_penalty,10,2,,pre_review_feasibility,True,False,review_priority_only_pending_context_and_conduct_review
adjudication-seed-fia-2025-can-cb1693dfcc0a-01,adj-aafbbe06da3e5c01,incident-src-aafbbe06da3e5c01,5,adjudication-seed-fia-2025-hun-cafb664d4278-01,adj-6a67a6327b949573,incident-src-6a67a6327b949573,0.125,3,first_lap_candidate|wet_track_candidate|safety_car_restart_candidate,False,no_further_action,,,,pre_review_feasibility,True,True,review_priority_only_pending_context_and_conduct_review
adjudication-seed-fia-2025-chn-795784acfef6-01,adj-8788c51da20ae484,incident-src-8788c51da20ae484,1,adjudication-seed-fia-2025-aut-a1f29843f018-01,adj-10a1869690dc7622,incident-src-10a1869690dc7622,0.0,4,attacker_line_candidate|first_lap_candidate|wet_track_candidate|safety_car_restart_candidate,True,time_penalty,5,1,,pre_review_feasibility,True,False,review_priority_only_pending_context_and_conduct_review
adjudication-seed-fia-2025-chn-795784acfef6-01,adj-8788c51da20ae484,incident-src-8788c51da20ae484,2,adjudication-seed-fia-2025-hun-f1ff0743742b-01,adj-f09cc8aab8d224ac,incident-src-f09cc8aab8d224ac,0.0,4,attacker_line_candidate|first_lap_candidate|wet_track_candidate|safety_car_restart_candidate,False,no_further_action,,,,pre_review_feasibility,True,True,review_priority_only_pending_context_and_conduct_review
adjudication-seed-fia-2025-chn-795784acfef6-01,adj-8788c51da20ae484,incident-src-8788c51da20ae484,3,adjudication-seed-fia-2025-aut-3666395a2885-01,adj-2197497836f6c46a,incident-src-2197497836f6c46a,0.1,4,attacker_line_candidate|first_lap_candidate|wet_track_candidate|safety_car_restart_candidate,False,no_further_action,,,,pre_review_feasibility,True,True,review_priority_only_pending_context_and_conduct_review
adjudication-seed-fia-2025-chn-795784acfef6-01,adj-8788c51da20ae484,incident-src-8788c51da20ae484,4,adjudication-seed-fia-2025-bhr-fadfd5ceb9c2-01,adj-55f2f483dc86216e,incident-src-55f2f483dc86216e,0.125,3,first_lap_candidate|wet_track_candidate|safety_car_restart_candidate,True,time_penalty,10,2,,pre_review_feasibility,True,False,review_priority_only_pending_context_and_conduct_review
adjudication-seed-fia-2025-chn-795784acfef6-01,adj-8788c51da20ae484,incident-src-8788c51da20ae484,5,adjudication-seed-fia-2025-can-cb1693dfcc0a-01,adj-aafbbe06da3e5c01,incident-src-aafbbe06da3e5c01,0.125,3,first_lap_candidate|wet_track_candidate|safety_car_restart_candidate,True,time_penalty,10,2,,pre_review_feasibility,True,False,review_priority_only_pending_context_and_conduct_review
adjudication-seed-fia-2025-chn-5f2ef54b24c3-01,adj-f73048c90c90fbee,incident-src-f73048c90c90fbee,1,adjudication-seed-fia-2025-chn-c6a27ca62eb2-01,adj-00f21170a32794f2,incident-src-00f21170a32794f2,0.125,3,first_lap_candidate|wet_track_candidate|safety_car_restart_candidate,False,no_further_action,,,,pre_review_feasibility,True,True,review_priority_only_pending_context_and_conduct_review
adjudication-seed-fia-2025-chn-5f2ef54b24c3-01,adj-f73048c90c90fbee,incident-src-f73048c90c90fbee,2,adjudication-seed-fia-2025-usa-e36053ba7969-01,adj-671ecdc75433b5c4,incident-src-671ecdc75433b5c4,0.125,3,first_lap_candidate|wet_track_candidate|safety_car_restart_candidate,True,grid_penalty,,2,5,pre_review_feasibility,True,False,review_priority_only_pending_context_and_conduct_review
adjudication-seed-fia-2025-chn-5f2ef54b24c3-01,adj-f73048c90c90fbee,incident-src-f73048c90c90fbee,3,adjudication-seed-fia-2025-mia-257f8720a641-01,adj-5fb4a92076f8efba,incident-src-5fb4a92076f8efba,0.3,4,attacker_line_candidate|first_lap_candidate|wet_track_candidate|safety_car_restart_candidate,True,time_penalty,5,1,,pre_review_feasibility,True,False,review_priority_only_pending_context_and_conduct_review
adjudication-seed-fia-2025-chn-5f2ef54b24c3-01,adj-f73048c90c90fbee,incident-src-f73048c90c90fbee,4,adjudication-seed-fia-2025-sao-61b609bbbc46-01,adj-a4594db187cf51e4,incident-src-a4594db187cf51e4,0.5,4,attacker_line_candidate|first_lap_candidate|wet_track_candidate|safety_car_restart_candidate,True,time_penalty,5,1,,pre_review_feasibility,True,False,review_priority_only_pending_context_and_conduct_review
adjudication-seed-fia-2025-chn-c6a27ca62eb2-01,adj-00f21170a32794f2,incident-src-00f21170a32794f2,1,adjudication-seed-fia-2025-usa-e36053ba7969-01,adj-671ecdc75433b5c4,incident-src-671ecdc75433b5c4,0.0,3,first_lap_candidate|wet_track_candidate|safety_car_restart_candidate,True,grid_penalty,,2,5,pre_review_feasibility,False,True,review_priority_only_pending_context_and_conduct_review
adjudication-seed-fia-2025-chn-c6a27ca62eb2-01,adj-00f21170a32794f2,incident-src-00f21170a32794f2,2,adjudication-seed-fia-2025-chn-5f2ef54b24c3-01,adj-f73048c90c90fbee,incident-src-f73048c90c90fbee,0.125,3,first_lap_candidate|wet_track_candidate|safety_car_restart_candidate,True,time_penalty,10,2,,pre_review_feasibility,False,True,review_priority_only_pending_context_and_conduct_review
adjudication-seed-fia-2025-chn-c6a27ca62eb2-01,adj-00f21170a32794f2,incident-src-00f21170a32794f2,3,adjudication-seed-fia-2025-mia-257f8720a641-01,adj-5fb4a92076f8efba,incident-src-5fb4a92076f8efba,0.2,3,first_lap_candidate|wet_track_candidate|safety_car_restart_candidate,True,time_penalty,5,1,,pre_review_feasibility,False,True,review_priority_only_pending_context_and_conduct_review
adjudication-seed-fia-2025-chn-c6a27ca62eb2-01,adj-00f21170a32794f2,incident-src-00f21170a32794f2,4,adjudication-seed-fia-2025-sao-61b609bbbc46-01,adj-a4594db187cf51e4,incident-src-a4594db187cf51e4,0.6,3,first_lap_candidate|wet_track_candidate|safety_car_restart_candidate,True,time_penalty,5,1,,pre_review_feasibility,False,True,review_priority_only_pending_context_and_conduct_review
adjudication-seed-fia-2025-emi-97ce0e850a70-01,adj-97c5411ec4864978,incident-src-97c5411ec4864978,1,adjudication-seed-fia-2025-bhr-fadfd5ceb9c2-01,adj-55f2f483dc86216e,incident-src-55f2f483dc86216e,0.0,3,first_lap_candidate|wet_track_candidate|safety_car_restart_candidate,True,time_penalty,10,2,,pre_review_feasibility,False,True,review_priority_only_pending_context_and_conduct_review
adjudication-seed-fia-2025-emi-97ce0e850a70-01,adj-97c5411ec4864978,incident-src-97c5411ec4864978,2,adjudication-seed-fia-2025-can-cb1693dfcc0a-01,adj-aafbbe06da3e5c01,incident-src-aafbbe06da3e5c01,0.0,3,first_lap_candidate|wet_track_candidate|safety_car_restart_candidate,True,time_penalty,10,2,,pre_review_feasibility,False,True,review_priority_only_pending_context_and_conduct_review
adjudication-seed-fia-2025-emi-97ce0e850a70-01,adj-97c5411ec4864978,incident-src-97c5411ec4864978,3,adjudication-seed-fia-2025-aut-a1f29843f018-01,adj-10a1869690dc7622,incident-src-10a1869690dc7622,0.125,3,first_lap_candidate|wet_track_candidate|safety_car_restart_candidate,True,time_penalty,5,1,,pre_review_feasibility,False,True,review_priority_only_pending_context_and_conduct_review
adjudication-seed-fia-2025-emi-97ce0e850a70-01,adj-97c5411ec4864978,incident-src-97c5411ec4864978,4,adjudication-seed-fia-2025-chn-795784acfef6-01,adj-8788c51da20ae484,incident-src-8788c51da20ae484,0.125,3,first_lap_candidate|wet_track_candidate|safety_car_restart_candidate,True,time_penalty,10,2,,pre_review_feasibility,False,True,review_priority_only_pending_context_and_conduct_review
adjudication-seed-fia-2025-emi-97ce0e850a70-01,adj-97c5411ec4864978,incident-src-97c5411ec4864978,5,adjudication-seed-fia-2025-hun-cafb664d4278-01,adj-6a67a6327b949573,incident-src-6a67a6327b949573,0.125,3,first_lap_candidate|wet_track_candidate|safety_car_restart_candidate,False,no_further_action,,,,pre_review_feasibility,False,False,review_priority_only_pending_context_and_conduct_review
adjudication-seed-fia-2025-esp-099b030b67a2-01,adj-412e6ca5aca26ea3,incident-src-412e6ca5aca26ea3,1,adjudication-seed-fia-2025-bhr-732dd8183412-01,adj-f343c8d3c1915d9d,incident-src-f343c8d3c1915d9d,0.0,3,first_lap_candidate|wet_track_candidate|safety_car_restart_candidate,True,time_penalty,5,1,,pre_review_feasibility,False,True,review_priority_only_pending_context_and_conduct_review
adjudication-seed-fia-2025-esp-099b030b67a2-01,adj-412e6ca5aca26ea3,incident-src-412e6ca5aca26ea3,2,adjudication-seed-fia-2025-can-acdc79e65cc6-01,adj-bfdfb2effacad54c,incident-src-bfdfb2effacad54c,0.0,3,first_lap_candidate|wet_track_candidate|safety_car_restart_candidate,True,time_penalty,5,,,pre_review_feasibility,False,True,review_priority_only_pending_context_and_conduct_review
adjudication-seed-fia-2025-esp-099b030b67a2-01,adj-412e6ca5aca26ea3,incident-src-412e6ca5aca26ea3,3,adjudication-seed-fia-2025-lvs-9874a99bc7cd-01,adj-3970a605781c9f8e,incident-src-3970a605781c9f8e,0.0,3,first_lap_candidate|wet_track_candidate|safety_car_restart_candidate,True,time_penalty,5,1,,pre_review_feasibility,False,True,review_priority_only_pending_context_and_conduct_review
adjudication-seed-fia-2025-esp-099b030b67a2-01,adj-412e6ca5aca26ea3,incident-src-412e6ca5aca26ea3,4,adjudication-seed-fia-2025-mco-b201d5cbcdc6-01,adj-7d5059e7588e17a9,incident-src-7d5059e7588e17a9,0.0,3,first_lap_candidate|wet_track_candidate|safety_car_restart_candidate,True,reprimand,,,,pre_review_feasibility,False,True,review_priority_only_pending_context_and_conduct_review
adjudication-seed-fia-2025-esp-099b030b67a2-01,adj-412e6ca5aca26ea3,incident-src-412e6ca5aca26ea3,5,adjudication-seed-fia-2025-ned-93b5218acb32-01,adj-8f0780dbba4e36af,incident-src-8f0780dbba4e36af,0.0,3,first_lap_candidate|wet_track_candidate|safety_car_restart_candidate,False,no_further_action,,,,pre_review_feasibility,False,False,review_priority_only_pending_context_and_conduct_review
adjudication-seed-fia-2025-esp-0fd436b99af1-01,adj-6df990a2ab7ddf2d,incident-src-6df990a2ab7ddf2d,1,adjudication-seed-fia-2025-bhr-732dd8183412-01,adj-f343c8d3c1915d9d,incident-src-f343c8d3c1915d9d,0.0,3,first_lap_candidate|wet_track_candidate|safety_car_restart_candidate,True,time_penalty,5,1,,pre_review_feasibility,False,True,review_priority_only_pending_context_and_conduct_review
adjudication-seed-fia-2025-esp-0fd436b99af1-01,adj-6df990a2ab7ddf2d,incident-src-6df990a2ab7ddf2d,2,adjudication-seed-fia-2025-can-acdc79e65cc6-01,adj-bfdfb2effacad54c,incident-src-bfdfb2effacad54c,0.0,3,first_lap_candidate|wet_track_candidate|safety_car_restart_candidate,True,time_penalty,5,,,pre_review_feasibility,False,True,review_priority_only_pending_context_and_conduct_review
adjudication-seed-fia-2025-esp-0fd436b99af1-01,adj-6df990a2ab7ddf2d,incident-src-6df990a2ab7ddf2d,3,adjudication-seed-fia-2025-lvs-9874a99bc7cd-01,adj-3970a605781c9f8e,incident-src-3970a605781c9f8e,0.0,3,first_lap_candidate|wet_track_candidate|safety_car_restart_candidate,True,time_penalty,5,1,,pre_review_feasibility,False,True,review_priority_only_pending_context_and_conduct_review
adjudication-seed-fia-2025-esp-0fd436b99af1-01,adj-6df990a2ab7ddf2d,incident-src-6df990a2ab7ddf2d,4,adjudication-seed-fia-2025-mco-b201d5cbcdc6-01,adj-7d5059e7588e17a9,incident-src-7d5059e7588e17a9,0.0,3,first_lap_candidate|wet_track_candidate|safety_car_restart_candidate,True,reprimand,,,,pre_review_feasibility,False,True,review_priority_only_pending_context_and_conduct_review
adjudication-seed-fia-2025-esp-0fd436b99af1-01,adj-6df990a2ab7ddf2d,incident-src-6df990a2ab7ddf2d,5,adjudication-seed-fia-2025-ned-93b5218acb32-01,adj-8f0780dbba4e36af,incident-src-8f0780dbba4e36af,0.0,3,first_lap_candidate|wet_track_candidate|safety_car_restart_candidate,False,no_further_action,,,,pre_review_feasibility,False,False,review_priority_only_pending_context_and_conduct_review
adjudication-seed-fia-2025-esp-15cd2122312e-01,adj-413c9757dacacb88,incident-src-413c9757dacacb88,1,adjudication-seed-fia-2025-esp-45b994ae68b4-01,adj-153a4612c0b20d81,incident-src-153a4612c0b20d81,0.0,5,attacker_line_candidate|overlap_candidate|first_lap_candidate|wet_track_candidate|safety_car_restart_candidate,False,no_further_action,,,,pre_review_feasibility,True,True,review_priority_only_pending_context_and_conduct_review
adjudication-seed-fia-2025-esp-15cd2122312e-01,adj-413c9757dacacb88,incident-src-413c9757dacacb88,2,adjudication-seed-fia-2025-esp-4693ce9dbdc4-01,adj-479d79e5865e135e,incident-src-479d79e5865e135e,0.1,4,attacker_line_candidate|first_lap_candidate|wet_track_candidate|safety_car_restart_candidate,True,time_penalty,10,,,pre_review_feasibility,True,False,review_priority_only_pending_context_and_conduct_review
adjudication-seed-fia-2025-esp-15cd2122312e-01,adj-413c9757dacacb88,incident-src-413c9757dacacb88,3,adjudication-seed-fia-2025-abu-90b14b4ed0c9-01,adj-862c5abf64138d26,incident-src-862c5abf64138d26,0.2,3,first_lap_candidate|wet_track_candidate|safety_car_restart_candidate,False,no_further_action,,,,pre_review_feasibility,True,True,review_priority_only_pending_context_and_conduct_review
adjudication-seed-fia-2025-esp-15cd2122312e-01,adj-413c9757dacacb88,incident-src-413c9757dacacb88,4,adjudication-seed-fia-2025-mco-637ae2b682ba-01,adj-bcb17f8b041a82e3,incident-src-bcb17f8b041a82e3,0.2,3,first_lap_candidate|wet_track_candidate|safety_car_restart_candidate,True,drive_through,,,,pre_review_feasibility,True,False,review_priority_only_pending_context_and_conduct_review
adjudication-seed-fia-2025-esp-15cd2122312e-01,adj-413c9757dacacb88,incident-src-413c9757dacacb88,5,adjudication-seed-fia-2025-mex-47fc1c3a7137-01,adj-29e0c768f162cabc,incident-src-29e0c768f162cabc,0.2,3,first_lap_candidate|wet_track_candidate|safety_car_restart_candidate,True,time_penalty,10,,,pre_review_feasibility,True,False,review_priority_only_pending_context_and_conduct_review
adjudication-seed-fia-2025-esp-34abd90169ab-01,adj-fd11a3e24a70c2a4,incident-src-fd11a3e24a70c2a4,1,adjudication-seed-fia-2025-qat-78837a554fcb-01,adj-b5568820681da36b,incident-src-b5568820681da36b,0.0,4,attacker_line_candidate|first_lap_candidate|wet_track_candidate|safety_car_restart_candidate,False,no_further_action,,,,pre_review_feasibility,False,False,review_priority_only_pending_context_and_conduct_review
adjudication-seed-fia-2025-esp-34abd90169ab-01,adj-fd11a3e24a70c2a4,incident-src-fd11a3e24a70c2a4,2,adjudication-seed-fia-2025-gbr-66f857d6d3d7-01,adj-56c508de2d41940c,incident-src-56c508de2d41940c,0.1,4,attacker_line_candidate|first_lap_candidate|wet_track_candidate|safety_car_restart_candidate,True,time_penalty,10,1,,pre_review_feasibility,False,True,review_priority_only_pending_context_and_conduct_review
adjudication-seed-fia-2025-esp-34abd90169ab-01,adj-fd11a3e24a70c2a4,incident-src-fd11a3e24a70c2a4,3,adjudication-seed-fia-2025-hun-3fbd14c36cd7-01,adj-4fb7700e0eacd773,incident-src-4fb7700e0eacd773,0.1,4,attacker_line_candidate|first_lap_candidate|wet_track_candidate|safety_car_restart_candidate,True,time_penalty,10,2,,pre_review_feasibility,False,True,review_priority_only_pending_context_and_conduct_review
adjudication-seed-fia-2025-esp-34abd90169ab-01,adj-fd11a3e24a70c2a4,incident-src-fd11a3e24a70c2a4,4,adjudication-seed-fia-2025-ned-644f47d1f6a0-01,adj-47e48f725c522344,incident-src-47e48f725c522344,0.1,4,attacker_line_candidate|first_lap_candidate|wet_track_candidate|safety_car_restart_candidate,True,time_penalty,10,2,,pre_review_feasibility,False,True,review_priority_only_pending_context_and_conduct_review
adjudication-seed-fia-2025-esp-34abd90169ab-01,adj-fd11a3e24a70c2a4,incident-src-fd11a3e24a70c2a4,5,adjudication-seed-fia-2025-bhr-732dd8183412-01,adj-f343c8d3c1915d9d,incident-src-f343c8d3c1915d9d,0.125,3,first_lap_candidate|wet_track_candidate|safety_car_restart_candidate,True,time_penalty,5,1,,pre_review_feasibility,False,True,review_priority_only_pending_context_and_conduct_review
adjudication-seed-fia-2025-esp-45b994ae68b4-01,adj-153a4612c0b20d81,incident-src-153a4612c0b20d81,1,adjudication-seed-fia-2025-esp-15cd2122312e-01,adj-413c9757dacacb88,incident-src-413c9757dacacb88,0.0,5,attacker_line_candidate|overlap_candidate|first_lap_candidate|wet_track_candidate|safety_car_restart_candidate,True,time_penalty,10,,,pre_review_feasibility,False,True,review_priority_only_pending_context_and_conduct_review
adjudication-seed-fia-2025-esp-45b994ae68b4-01,adj-153a4612c0b20d81,incident-src-153a4612c0b20d81,2,adjudication-seed-fia-2025-esp-4693ce9dbdc4-01,adj-479d79e5865e135e,incident-src-479d79e5865e135e,0.1,4,attacker_line_candidate|first_lap_candidate|wet_track_candidate|safety_car_restart_candidate,True,time_penalty,10,,,pre_review_feasibility,False,True,review_priority_only_pending_context_and_conduct_review
adjudication-seed-fia-2025-esp-45b994ae68b4-01,adj-153a4612c0b20d81,incident-src-153a4612c0b20d81,3,adjudication-seed-fia-2025-abu-90b14b4ed0c9-01,adj-862c5abf64138d26,incident-src-862c5abf64138d26,0.2,3,first_lap_candidate|wet_track_candidate|safety_car_restart_candidate,False,no_further_action,,,,pre_review_feasibility,False,False,review_priority_only_pending_context_and_conduct_review
adjudication-seed-fia-2025-esp-45b994ae68b4-01,adj-153a4612c0b20d81,incident-src-153a4612c0b20d81,4,adjudication-seed-fia-2025-mco-637ae2b682ba-01,adj-bcb17f8b041a82e3,incident-src-bcb17f8b041a82e3,0.2,3,first_lap_candidate|wet_track_candidate|safety_car_restart_candidate,True,drive_through,,,,pre_review_feasibility,False,True,review_priority_only_pending_context_and_conduct_review
adjudication-seed-fia-2025-esp-45b994ae68b4-01,adj-153a4612c0b20d81,incident-src-153a4612c0b20d81,5,adjudication-seed-fia-2025-mex-47fc1c3a7137-01,adj-29e0c768f162cabc,incident-src-29e0c768f162cabc,0.2,3,first_lap_candidate|wet_track_candidate|safety_car_restart_candidate,True,time_penalty,10,,,pre_review_feasibility,False,True,review_priority_only_pending_context_and_conduct_review
adjudication-seed-fia-2025-esp-4693ce9dbdc4-01,adj-479d79e5865e135e,incident-src-479d79e5865e135e,1,adjudication-seed-fia-2025-esp-15cd2122312e-01,adj-413c9757dacacb88,incident-src-413c9757dacacb88,0.1,4,attacker_line_candidate|first_lap_candidate|wet_track_candidate|safety_car_restart_candidate,True,time_penalty,10,,,pre_review_feasibility,True,False,review_priority_only_pending_context_and_conduct_review
adjudication-seed-fia-2025-esp-4693ce9dbdc4-01,adj-479d79e5865e135e,incident-src-479d79e5865e135e,2,adjudication-seed-fia-2025-esp-45b994ae68b4-01,adj-153a4612c0b20d81,incident-src-153a4612c0b20d81,0.1,4,attacker_line_candidate|first_lap_candidate|wet_track_candidate|safety_car_restart_candidate,False,no_further_action,,,,pre_review_feasibility,True,True,review_priority_only_pending_context_and_conduct_review
adjudication-seed-fia-2025-esp-4693ce9dbdc4-01,adj-479d79e5865e135e,incident-src-479d79e5865e135e,3,adjudication-seed-fia-2025-abu-90b14b4ed0c9-01,adj-862c5abf64138d26,incident-src-862c5abf64138d26,0.125,3,first_lap_candidate|wet_track_candidate|safety_car_restart_candidate,False,no_further_action,,,,pre_review_feasibility,True,True,review_priority_only_pending_context_and_conduct_review
adjudication-seed-fia-2025-esp-4693ce9dbdc4-01,adj-479d79e5865e135e,incident-src-479d79e5865e135e,4,adjudication-seed-fia-2025-mco-637ae2b682ba-01,adj-bcb17f8b041a82e3,incident-src-bcb17f8b041a82e3,0.125,3,first_lap_candidate|wet_track_candidate|safety_car_restart_candidate,True,drive_through,,,,pre_review_feasibility,True,False,review_priority_only_pending_context_and_conduct_review
adjudication-seed-fia-2025-esp-4693ce9dbdc4-01,adj-479d79e5865e135e,incident-src-479d79e5865e135e,5,adjudication-seed-fia-2025-mex-47fc1c3a7137-01,adj-29e0c768f162cabc,incident-src-29e0c768f162cabc,0.125,3,first_lap_candidate|wet_track_candidate|safety_car_restart_candidate,True,time_penalty,10,,,pre_review_feasibility,True,False,review_priority_only_pending_context_and_conduct_review
adjudication-seed-fia-2025-esp-8cd31c466963-01,adj-567832bf228e7eb4,incident-src-567832bf228e7eb4,1,adjudication-seed-fia-2025-bhr-732dd8183412-01,adj-f343c8d3c1915d9d,incident-src-f343c8d3c1915d9d,0.0,3,first_lap_candidate|wet_track_candidate|safety_car_restart_candidate,True,time_penalty,5,1,,pre_review_feasibility,True,False,review_priority_only_pending_context_and_conduct_review
adjudication-seed-fia-2025-esp-8cd31c466963-01,adj-567832bf228e7eb4,incident-src-567832bf228e7eb4,2,adjudication-seed-fia-2025-can-acdc79e65cc6-01,adj-bfdfb2effacad54c,incident-src-bfdfb2effacad54c,0.0,3,first_lap_candidate|wet_track_candidate|safety_car_restart_candidate,True,time_penalty,5,,,pre_review_feasibility,True,False,review_priority_only_pending_context_and_conduct_review
adjudication-seed-fia-2025-esp-8cd31c466963-01,adj-567832bf228e7eb4,incident-src-567832bf228e7eb4,3,adjudication-seed-fia-2025-lvs-9874a99bc7cd-01,adj-3970a605781c9f8e,incident-src-3970a605781c9f8e,0.0,3,first_lap_candidate|wet_track_candidate|safety_car_restart_candidate,True,time_penalty,5,1,,pre_review_feasibility,True,False,review_priority_only_pending_context_and_conduct_review
adjudication-seed-fia-2025-esp-8cd31c466963-01,adj-567832bf228e7eb4,incident-src-567832bf228e7eb4,4,adjudication-seed-fia-2025-mco-b201d5cbcdc6-01,adj-7d5059e7588e17a9,incident-src-7d5059e7588e17a9,0.0,3,first_lap_candidate|wet_track_candidate|safety_car_restart_candidate,True,reprimand,,,,pre_review_feasibility,True,False,review_priority_only_pending_context_and_conduct_review
adjudication-seed-fia-2025-esp-8cd31c466963-01,adj-567832bf228e7eb4,incident-src-567832bf228e7eb4,5,adjudication-seed-fia-2025-ned-93b5218acb32-01,adj-8f0780dbba4e36af,incident-src-8f0780dbba4e36af,0.0,3,first_lap_candidate|wet_track_candidate|safety_car_restart_candidate,False,no_further_action,,,,pre_review_feasibility,True,True,review_priority_only_pending_context_and_conduct_review
adjudication-seed-fia-2025-esp-f89ab19eeac5-01,adj-6a1ad4e004abe2f1,incident-src-6a1ad4e004abe2f1,1,adjudication-seed-fia-2025-aze-0d1070d6a1c6-01,adj-94d8c357c79994c4,incident-src-94d8c357c79994c4,0.0,4,attacker_line_candidate|first_lap_candidate|wet_track_candidate|safety_car_restart_candidate,True,time_penalty,10,2,,pre_review_feasibility,False,True,review_priority_only_pending_context_and_conduct_review
adjudication-seed-fia-2025-esp-f89ab19eeac5-01,adj-6a1ad4e004abe2f1,incident-src-6a1ad4e004abe2f1,2,adjudication-seed-fia-2025-bhr-03bfd7816342-01,adj-ccae0d70c41eed34,incident-src-ccae0d70c41eed34,0.0,4,attacker_line_candidate|first_lap_candidate|wet_track_candidate|safety_car_restart_candidate,True,time_penalty,10,2,,pre_review_feasibility,False,True,review_priority_only_pending_context_and_conduct_review
adjudication-seed-fia-2025-esp-f89ab19eeac5-01,adj-6a1ad4e004abe2f1,incident-src-6a1ad4e004abe2f1,3,adjudication-seed-fia-2025-mia-2fbe65f9cac5-01,adj-cc7aa990ebfcb644,incident-src-cc7aa990ebfcb644,0.0,4,attacker_line_candidate|first_lap_candidate|wet_track_candidate|safety_car_restart_candidate,False,no_further_action,,,,pre_review_feasibility,False,False,review_priority_only_pending_context_and_conduct_review
adjudication-seed-fia-2025-esp-f89ab19eeac5-01,adj-6a1ad4e004abe2f1,incident-src-6a1ad4e004abe2f1,4,adjudication-seed-fia-2025-mia-45845998ca54-01,adj-324b4967a8663b58,incident-src-324b4967a8663b58,0.0,4,attacker_line_candidate|first_lap_candidate|wet_track_candidate|safety_car_restart_candidate,False,no_further_action,,,,pre_review_feasibility,False,False,review_priority_only_pending_context_and_conduct_review
adjudication-seed-fia-2025-esp-f89ab19eeac5-01,adj-6a1ad4e004abe2f1,incident-src-6a1ad4e004abe2f1,5,adjudication-seed-fia-2025-ned-d843a4b9a866-01,adj-8200d1dc5332b417,incident-src-8200d1dc5332b417,0.0,4,attacker_line_candidate|first_lap_candidate|wet_track_candidate|safety_car_restart_candidate,True,time_penalty,10,2,,pre_review_feasibility,False,True,review_priority_only_pending_context_and_conduct_review
adjudication-seed-fia-2025-gbr-07f4a9af8016-01,adj-e0f8f07ee7a2831d,incident-src-e0f8f07ee7a2831d,1,adjudication-seed-fia-2025-gbr-b43775ce7468-01,adj-42e27716f0b6e748,incident-src-42e27716f0b6e748,0.125,3,first_lap_candidate|wet_track_candidate|safety_car_restart_candidate,False,no_further_action,,,,pre_review_feasibility,False,False,review_priority_only_pending_context_and_conduct_review
adjudication-seed-fia-2025-gbr-07f4a9af8016-01,adj-e0f8f07ee7a2831d,incident-src-e0f8f07ee7a2831d,2,adjudication-seed-fia-2025-gbr-bde5afff8b9e-01,adj-73480aa892b4963c,incident-src-73480aa892b4963c,0.125,3,first_lap_candidate|wet_track_candidate|safety_car_restart_candidate,False,no_further_action,,,,pre_review_feasibility,False,False,review_priority_only_pending_context_and_conduct_review
adjudication-seed-fia-2025-gbr-07f4a9af8016-01,adj-e0f8f07ee7a2831d,incident-src-e0f8f07ee7a2831d,3,adjudication-seed-fia-2025-bhr-732dd8183412-01,adj-f343c8d3c1915d9d,incident-src-f343c8d3c1915d9d,0.3333333333333333,3,first_lap_candidate|wet_track_candidate|safety_car_restart_candidate,True,time_penalty,5,1,,pre_review_feasibility,False,True,review_priority_only_pending_context_and_conduct_review
adjudication-seed-fia-2025-gbr-07f4a9af8016-01,adj-e0f8f07ee7a2831d,incident-src-e0f8f07ee7a2831d,4,adjudication-seed-fia-2025-can-acdc79e65cc6-01,adj-bfdfb2effacad54c,incident-src-bfdfb2effacad54c,0.3333333333333333,3,first_lap_candidate|wet_track_candidate|safety_car_restart_candidate,True,time_penalty,5,,,pre_review_feasibility,False,True,review_priority_only_pending_context_and_conduct_review
adjudication-seed-fia-2025-gbr-07f4a9af8016-01,adj-e0f8f07ee7a2831d,incident-src-e0f8f07ee7a2831d,5,adjudication-seed-fia-2025-esp-099b030b67a2-01,adj-412e6ca5aca26ea3,incident-src-412e6ca5aca26ea3,0.3333333333333333,3,first_lap_candidate|wet_track_candidate|safety_car_restart_candidate,False,no_further_action,,,,pre_review_feasibility,False,False,review_priority_only_pending_context_and_conduct_review
adjudication-seed-fia-2025-gbr-66f857d6d3d7-01,adj-56c508de2d41940c,incident-src-56c508de2d41940c,1,adjudication-seed-fia-2025-hun-3fbd14c36cd7-01,adj-4fb7700e0eacd773,incident-src-4fb7700e0eacd773,0.0,5,attacker_line_candidate|overlap_candidate|first_lap_candidate|wet_track_candidate|safety_car_restart_candidate,True,time_penalty,10,2,,pre_review_feasibility,True,False,review_priority_only_pending_context_and_conduct_review
adjudication-seed-fia-2025-gbr-66f857d6d3d7-01,adj-56c508de2d41940c,incident-src-56c508de2d41940c,2,adjudication-seed-fia-2025-ned-644f47d1f6a0-01,adj-47e48f725c522344,incident-src-47e48f725c522344,0.0,5,attacker_line_candidate|overlap_candidate|first_lap_candidate|wet_track_candidate|safety_car_restart_candidate,True,time_penalty,10,2,,pre_review_feasibility,True,False,review_priority_only_pending_context_and_conduct_review
adjudication-seed-fia-2025-gbr-66f857d6d3d7-01,adj-56c508de2d41940c,incident-src-56c508de2d41940c,3,adjudication-seed-fia-2025-esp-34abd90169ab-01,adj-fd11a3e24a70c2a4,incident-src-fd11a3e24a70c2a4,0.1,4,attacker_line_candidate|first_lap_candidate|wet_track_candidate|safety_car_restart_candidate,False,no_further_action,,,,pre_review_feasibility,True,True,review_priority_only_pending_context_and_conduct_review
adjudication-seed-fia-2025-gbr-66f857d6d3d7-01,adj-56c508de2d41940c,incident-src-56c508de2d41940c,4,adjudication-seed-fia-2025-qat-78837a554fcb-01,adj-b5568820681da36b,incident-src-b5568820681da36b,0.1,4,attacker_line_candidate|first_lap_candidate|wet_track_candidate|safety_car_restart_candidate,False,no_further_action,,,,pre_review_feasibility,True,True,review_priority_only_pending_context_and_conduct_review
adjudication-seed-fia-2025-gbr-66f857d6d3d7-01,adj-56c508de2d41940c,incident-src-56c508de2d41940c,5,adjudication-seed-fia-2025-aut-41aebded7db6-01,adj-1651c96225ee4d5c,incident-src-1651c96225ee4d5c,0.2,5,attacker_line_candidate|overlap_candidate|first_lap_candidate|wet_track_candidate|safety_car_restart_candidate,True,time_penalty,10,2,,pre_review_feasibility,True,False,review_priority_only_pending_context_and_conduct_review
adjudication-seed-fia-2025-gbr-b43775ce7468-01,adj-42e27716f0b6e748,incident-src-42e27716f0b6e748,1,adjudication-seed-fia-2025-gbr-07f4a9af8016-01,adj-e0f8f07ee7a2831d,incident-src-e0f8f07ee7a2831d,0.125,3,first_lap_candidate|wet_track_candidate|safety_car_restart_candidate,False,no_further_action,,,,pre_review_feasibility,False,False,review_priority_only_pending_context_and_conduct_review
adjudication-seed-fia-2025-gbr-b43775ce7468-01,adj-42e27716f0b6e748,incident-src-42e27716f0b6e748,2,adjudication-seed-fia-2025-aze-0d1070d6a1c6-01,adj-94d8c357c79994c4,incident-src-94d8c357c79994c4,0.25,4,attacker_line_candidate|first_lap_candidate|wet_track_candidate|safety_car_restart_candidate,True,time_penalty,10,2,,pre_review_feasibility,False,True,review_priority_only_pending_context_and_conduct_review
adjudication-seed-fia-2025-gbr-b43775ce7468-01,adj-42e27716f0b6e748,incident-src-42e27716f0b6e748,3,adjudication-seed-fia-2025-bhr-03bfd7816342-01,adj-ccae0d70c41eed34,incident-src-ccae0d70c41eed34,0.25,4,attacker_line_candidate|first_lap_candidate|wet_track_candidate|safety_car_restart_candidate,True,time_penalty,10,2,,pre_review_feasibility,False,True,review_priority_only_pending_context_and_conduct_review
adjudication-seed-fia-2025-gbr-b43775ce7468-01,adj-42e27716f0b6e748,incident-src-42e27716f0b6e748,4,adjudication-seed-fia-2025-esp-f89ab19eeac5-01,adj-6a1ad4e004abe2f1,incident-src-6a1ad4e004abe2f1,0.25,4,attacker_line_candidate|first_lap_candidate|wet_track_candidate|safety_car_restart_candidate,False,no_further_action,,,,pre_review_feasibility,False,False,review_priority_only_pending_context_and_conduct_review
adjudication-seed-fia-2025-gbr-b43775ce7468-01,adj-42e27716f0b6e748,incident-src-42e27716f0b6e748,5,adjudication-seed-fia-2025-mia-2fbe65f9cac5-01,adj-cc7aa990ebfcb644,incident-src-cc7aa990ebfcb644,0.25,4,attacker_line_candidate|first_lap_candidate|wet_track_candidate|safety_car_restart_candidate,False,no_further_action,,,,pre_review_feasibility,False,False,review_priority_only_pending_context_and_conduct_review
adjudication-seed-fia-2025-gbr-bde5afff8b9e-01,adj-73480aa892b4963c,incident-src-73480aa892b4963c,1,adjudication-seed-fia-2025-gbr-07f4a9af8016-01,adj-e0f8f07ee7a2831d,incident-src-e0f8f07ee7a2831d,0.125,3,first_lap_candidate|wet_track_candidate|safety_car_restart_candidate,False,no_further_action,,,,pre_review_feasibility,False,False,review_priority_only_pending_context_and_conduct_review
adjudication-seed-fia-2025-gbr-bde5afff8b9e-01,adj-73480aa892b4963c,incident-src-73480aa892b4963c,2,adjudication-seed-fia-2025-aze-0d1070d6a1c6-01,adj-94d8c357c79994c4,incident-src-94d8c357c79994c4,0.25,4,attacker_line_candidate|first_lap_candidate|wet_track_candidate|safety_car_restart_candidate,True,time_penalty,10,2,,pre_review_feasibility,False,True,review_priority_only_pending_context_and_conduct_review
adjudication-seed-fia-2025-gbr-bde5afff8b9e-01,adj-73480aa892b4963c,incident-src-73480aa892b4963c,3,adjudication-seed-fia-2025-bhr-03bfd7816342-01,adj-ccae0d70c41eed34,incident-src-ccae0d70c41eed34,0.25,4,attacker_line_candidate|first_lap_candidate|wet_track_candidate|safety_car_restart_candidate,True,time_penalty,10,2,,pre_review_feasibility,False,True,review_priority_only_pending_context_and_conduct_review
adjudication-seed-fia-2025-gbr-bde5afff8b9e-01,adj-73480aa892b4963c,incident-src-73480aa892b4963c,4,adjudication-seed-fia-2025-esp-f89ab19eeac5-01,adj-6a1ad4e004abe2f1,incident-src-6a1ad4e004abe2f1,0.25,4,attacker_line_candidate|first_lap_candidate|wet_track_candidate|safety_car_restart_candidate,False,no_further_action,,,,pre_review_feasibility,False,False,review_priority_only_pending_context_and_conduct_review
adjudication-seed-fia-2025-gbr-bde5afff8b9e-01,adj-73480aa892b4963c,incident-src-73480aa892b4963c,5,adjudication-seed-fia-2025-mia-2fbe65f9cac5-01,adj-cc7aa990ebfcb644,incident-src-cc7aa990ebfcb644,0.25,4,attacker_line_candidate|first_lap_candidate|wet_track_candidate|safety_car_restart_candidate,False,no_further_action,,,,pre_review_feasibility,False,False,review_priority_only_pending_context_and_conduct_review
adjudication-seed-fia-2025-hun-3fbd14c36cd7-01,adj-4fb7700e0eacd773,incident-src-4fb7700e0eacd773,1,adjudication-seed-fia-2025-gbr-66f857d6d3d7-01,adj-56c508de2d41940c,incident-src-56c508de2d41940c,0.0,5,attacker_line_candidate|overlap_candidate|first_lap_candidate|wet_track_candidate|safety_car_restart_candidate,True,time_penalty,10,1,,pre_review_feasibility,True,False,review_priority_only_pending_context_and_conduct_review
adjudication-seed-fia-2025-hun-3fbd14c36cd7-01,adj-4fb7700e0eacd773,incident-src-4fb7700e0eacd773,2,adjudication-seed-fia-2025-ned-644f47d1f6a0-01,adj-47e48f725c522344,incident-src-47e48f725c522344,0.0,5,attacker_line_candidate|overlap_candidate|first_lap_candidate|wet_track_candidate|safety_car_restart_candidate,True,time_penalty,10,2,,pre_review_feasibility,True,False,review_priority_only_pending_context_and_conduct_review
adjudication-seed-fia-2025-hun-3fbd14c36cd7-01,adj-4fb7700e0eacd773,incident-src-4fb7700e0eacd773,3,adjudication-seed-fia-2025-esp-34abd90169ab-01,adj-fd11a3e24a70c2a4,incident-src-fd11a3e24a70c2a4,0.1,4,attacker_line_candidate|first_lap_candidate|wet_track_candidate|safety_car_restart_candidate,False,no_further_action,,,,pre_review_feasibility,True,True,review_priority_only_pending_context_and_conduct_review
adjudication-seed-fia-2025-hun-3fbd14c36cd7-01,adj-4fb7700e0eacd773,incident-src-4fb7700e0eacd773,4,adjudication-seed-fia-2025-qat-78837a554fcb-01,adj-b5568820681da36b,incident-src-b5568820681da36b,0.1,4,attacker_line_candidate|first_lap_candidate|wet_track_candidate|safety_car_restart_candidate,False,no_further_action,,,,pre_review_feasibility,True,True,review_priority_only_pending_context_and_conduct_review
adjudication-seed-fia-2025-hun-3fbd14c36cd7-01,adj-4fb7700e0eacd773,incident-src-4fb7700e0eacd773,5,adjudication-seed-fia-2025-aut-41aebded7db6-01,adj-1651c96225ee4d5c,incident-src-1651c96225ee4d5c,0.2,5,attacker_line_candidate|overlap_candidate|first_lap_candidate|wet_track_candidate|safety_car_restart_candidate,True,time_penalty,10,2,,pre_review_feasibility,True,False,review_priority_only_pending_context_and_conduct_review
adjudication-seed-fia-2025-hun-cafb664d4278-01,adj-6a67a6327b949573,incident-src-6a67a6327b949573,1,adjudication-seed-fia-2025-aut-5f0b9bc97e16-01,adj-f304cec4c251df69,incident-src-f304cec4c251df69,0.1,4,attacker_line_candidate|first_lap_candidate|wet_track_candidate|safety_car_restart_candidate,False,no_further_action,,,,pre_review_feasibility,False,False,review_priority_only_pending_context_and_conduct_review
adjudication-seed-fia-2025-hun-cafb664d4278-01,adj-6a67a6327b949573,incident-src-6a67a6327b949573,2,adjudication-seed-fia-2025-ita-3a096d05b5d9-01,adj-c1ca0f988c06f7ac,incident-src-c1ca0f988c06f7ac,0.1,4,attacker_line_candidate|first_lap_candidate|wet_track_candidate|safety_car_restart_candidate,True,time_penalty,5,1,,pre_review_feasibility,False,True,review_priority_only_pending_context_and_conduct_review
adjudication-seed-fia-2025-hun-cafb664d4278-01,adj-6a67a6327b949573,incident-src-6a67a6327b949573,3,adjudication-seed-fia-2025-bhr-fadfd5ceb9c2-01,adj-55f2f483dc86216e,incident-src-55f2f483dc86216e,0.125,3,first_lap_candidate|wet_track_candidate|safety_car_restart_candidate,True,time_penalty,10,2,,pre_review_feasibility,False,True,review_priority_only_pending_context_and_conduct_review
adjudication-seed-fia-2025-hun-cafb664d4278-01,adj-6a67a6327b949573,incident-src-6a67a6327b949573,4,adjudication-seed-fia-2025-can-cb1693dfcc0a-01,adj-aafbbe06da3e5c01,incident-src-aafbbe06da3e5c01,0.125,3,first_lap_candidate|wet_track_candidate|safety_car_restart_candidate,True,time_penalty,10,2,,pre_review_feasibility,False,True,review_priority_only_pending_context_and_conduct_review
adjudication-seed-fia-2025-hun-cafb664d4278-01,adj-6a67a6327b949573,incident-src-6a67a6327b949573,5,adjudication-seed-fia-2025-emi-97ce0e850a70-01,adj-97c5411ec4864978,incident-src-97c5411ec4864978,0.125,3,first_lap_candidate|wet_track_candidate|safety_car_restart_candidate,False,no_further_action,,,,pre_review_feasibility,False,False,review_priority_only_pending_context_and_conduct_review
adjudication-seed-fia-2025-hun-f1ff0743742b-01,adj-f09cc8aab8d224ac,incident-src-f09cc8aab8d224ac,1,adjudication-seed-fia-2025-aut-a1f29843f018-01,adj-10a1869690dc7622,incident-src-10a1869690dc7622,0.0,4,attacker_line_candidate|first_lap_candidate|wet_track_candidate|safety_car_restart_candidate,True,time_penalty,5,1,,pre_review_feasibility,False,True,review_priority_only_pending_context_and_conduct_review
adjudication-seed-fia-2025-hun-f1ff0743742b-01,adj-f09cc8aab8d224ac,incident-src-f09cc8aab8d224ac,2,adjudication-seed-fia-2025-chn-795784acfef6-01,adj-8788c51da20ae484,incident-src-8788c51da20ae484,0.0,4,attacker_line_candidate|first_lap_candidate|wet_track_candidate|safety_car_restart_candidate,True,time_penalty,10,2,,pre_review_feasibility,False,True,review_priority_only_pending_context_and_conduct_review
adjudication-seed-fia-2025-hun-f1ff0743742b-01,adj-f09cc8aab8d224ac,incident-src-f09cc8aab8d224ac,3,adjudication-seed-fia-2025-aut-3666395a2885-01,adj-2197497836f6c46a,incident-src-2197497836f6c46a,0.1,4,attacker_line_candidate|first_lap_candidate|wet_track_candidate|safety_car_restart_candidate,False,no_further_action,,,,pre_review_feasibility,False,False,review_priority_only_pending_context_and_conduct_review
adjudication-seed-fia-2025-hun-f1ff0743742b-01,adj-f09cc8aab8d224ac,incident-src-f09cc8aab8d224ac,4,adjudication-seed-fia-2025-bhr-fadfd5ceb9c2-01,adj-55f2f483dc86216e,incident-src-55f2f483dc86216e,0.125,3,first_lap_candidate|wet_track_candidate|safety_car_restart_candidate,True,time_penalty,10,2,,pre_review_feasibility,False,True,review_priority_only_pending_context_and_conduct_review
adjudication-seed-fia-2025-hun-f1ff0743742b-01,adj-f09cc8aab8d224ac,incident-src-f09cc8aab8d224ac,5,adjudication-seed-fia-2025-can-cb1693dfcc0a-01,adj-aafbbe06da3e5c01,incident-src-aafbbe06da3e5c01,0.125,3,first_lap_candidate|wet_track_candidate|safety_car_restart_candidate,True,time_penalty,10,2,,pre_review_feasibility,False,True,review_priority_only_pending_context_and_conduct_review
adjudication-seed-fia-2025-ita-3a096d05b5d9-01,adj-c1ca0f988c06f7ac,incident-src-c1ca0f988c06f7ac,1,adjudication-seed-fia-2025-hun-cafb664d4278-01,adj-6a67a6327b949573,incident-src-6a67a6327b949573,0.1,4,attacker_line_candidate|first_lap_candidate|wet_track_candidate|safety_car_restart_candidate,False,no_further_action,,,,pre_review_feasibility,True,True,review_priority_only_pending_context_and_conduct_review
adjudication-seed-fia-2025-ita-3a096d05b5d9-01,adj-c1ca0f988c06f7ac,incident-src-c1ca0f988c06f7ac,2,adjudication-seed-fia-2025-aut-5f0b9bc97e16-01,adj-f304cec4c251df69,incident-src-f304cec4c251df69,0.2,5,attacker_line_candidate|overlap_candidate|first_lap_candidate|wet_track_candidate|safety_car_restart_candidate,False,no_further_action,,,,pre_review_feasibility,True,True,review_priority_only_pending_context_and_conduct_review
adjudication-seed-fia-2025-ita-3a096d05b5d9-01,adj-c1ca0f988c06f7ac,incident-src-c1ca0f988c06f7ac,3,adjudication-seed-fia-2025-bhr-fadfd5ceb9c2-01,adj-55f2f483dc86216e,incident-src-55f2f483dc86216e,0.2,3,first_lap_candidate|wet_track_candidate|safety_car_restart_candidate,True,time_penalty,10,2,,pre_review_feasibility,True,False,review_priority_only_pending_context_and_conduct_review
adjudication-seed-fia-2025-ita-3a096d05b5d9-01,adj-c1ca0f988c06f7ac,incident-src-c1ca0f988c06f7ac,4,adjudication-seed-fia-2025-can-cb1693dfcc0a-01,adj-aafbbe06da3e5c01,incident-src-aafbbe06da3e5c01,0.2,3,first_lap_candidate|wet_track_candidate|safety_car_restart_candidate,True,time_penalty,10,2,,pre_review_feasibility,True,False,review_priority_only_pending_context_and_conduct_review
adjudication-seed-fia-2025-ita-3a096d05b5d9-01,adj-c1ca0f988c06f7ac,incident-src-c1ca0f988c06f7ac,5,adjudication-seed-fia-2025-emi-97ce0e850a70-01,adj-97c5411ec4864978,incident-src-97c5411ec4864978,0.2,3,first_lap_candidate|wet_track_candidate|safety_car_restart_candidate,False,no_further_action,,,,pre_review_feasibility,True,True,review_priority_only_pending_context_and_conduct_review
adjudication-seed-fia-2025-ita-9d19bb5350fc-01,adj-c3132170cde7b7cf,incident-src-c3132170cde7b7cf,1,adjudication-seed-fia-2025-aut-41aebded7db6-01,adj-1651c96225ee4d5c,incident-src-1651c96225ee4d5c,0.2,5,attacker_line_candidate|overlap_candidate|first_lap_candidate|wet_track_candidate|safety_car_restart_candidate,True,time_penalty,10,2,,pre_review_feasibility,True,False,review_priority_only_pending_context_and_conduct_review
adjudication-seed-fia-2025-ita-9d19bb5350fc-01,adj-c3132170cde7b7cf,incident-src-c3132170cde7b7cf,2,adjudication-seed-fia-2025-gbr-66f857d6d3d7-01,adj-56c508de2d41940c,incident-src-56c508de2d41940c,0.2,5,attacker_line_candidate|overlap_candidate|first_lap_candidate|wet_track_candidate|safety_car_restart_candidate,True,time_penalty,10,1,,pre_review_feasibility,True,False,review_priority_only_pending_context_and_conduct_review
adjudication-seed-fia-2025-ita-9d19bb5350fc-01,adj-c3132170cde7b7cf,incident-src-c3132170cde7b7cf,3,adjudication-seed-fia-2025-hun-3fbd14c36cd7-01,adj-4fb7700e0eacd773,incident-src-4fb7700e0eacd773,0.2,5,attacker_line_candidate|overlap_candidate|first_lap_candidate|wet_track_candidate|safety_car_restart_candidate,True,time_penalty,10,2,,pre_review_feasibility,True,False,review_priority_only_pending_context_and_conduct_review
adjudication-seed-fia-2025-ita-9d19bb5350fc-01,adj-c3132170cde7b7cf,incident-src-c3132170cde7b7cf,4,adjudication-seed-fia-2025-ned-644f47d1f6a0-01,adj-47e48f725c522344,incident-src-47e48f725c522344,0.2,5,attacker_line_candidate|overlap_candidate|first_lap_candidate|wet_track_candidate|safety_car_restart_candidate,True,time_penalty,10,2,,pre_review_feasibility,True,False,review_priority_only_pending_context_and_conduct_review
adjudication-seed-fia-2025-ita-9d19bb5350fc-01,adj-c3132170cde7b7cf,incident-src-c3132170cde7b7cf,5,adjudication-seed-fia-2025-bhr-732dd8183412-01,adj-f343c8d3c1915d9d,incident-src-f343c8d3c1915d9d,0.2,3,first_lap_candidate|wet_track_candidate|safety_car_restart_candidate,True,time_penalty,5,1,,pre_review_feasibility,True,False,review_priority_only_pending_context_and_conduct_review
adjudication-seed-fia-2025-lvs-462a2bce3a3a-01,adj-4762dd05c67569c8,incident-src-4762dd05c67569c8,1,adjudication-seed-fia-2025-abu-9913dc5c7021-01,adj-e4777c2ca2dcd628,incident-src-e4777c2ca2dcd628,0.0,3,first_lap_candidate|wet_track_candidate|safety_car_restart_candidate,False,no_further_action,,,,pre_review_feasibility,True,True,review_priority_only_pending_context_and_conduct_review
adjudication-seed-fia-2025-lvs-462a2bce3a3a-01,adj-4762dd05c67569c8,incident-src-4762dd05c67569c8,2,adjudication-seed-fia-2025-abu-9c20002be5b0-01,adj-e6d0642f2d104bf2,incident-src-e6d0642f2d104bf2,0.0,3,first_lap_candidate|wet_track_candidate|safety_car_restart_candidate,False,no_further_action,,,,pre_review_feasibility,True,True,review_priority_only_pending_context_and_conduct_review
adjudication-seed-fia-2025-lvs-462a2bce3a3a-01,adj-4762dd05c67569c8,incident-src-4762dd05c67569c8,3,adjudication-seed-fia-2025-lvs-930d412442e7-01,adj-2c6f2f495e380077,incident-src-2c6f2f495e380077,0.0,3,first_lap_candidate|wet_track_candidate|safety_car_restart_candidate,False,no_further_action,,,,pre_review_feasibility,True,True,review_priority_only_pending_context_and_conduct_review
adjudication-seed-fia-2025-lvs-462a2bce3a3a-01,adj-4762dd05c67569c8,incident-src-4762dd05c67569c8,4,adjudication-seed-fia-2025-sau-8187bba80d1e-01,adj-47d34770b1ec91cd,incident-src-47d34770b1ec91cd,0.0,3,first_lap_candidate|wet_track_candidate|safety_car_restart_candidate,False,no_further_action,,,,pre_review_feasibility,True,True,review_priority_only_pending_context_and_conduct_review
adjudication-seed-fia-2025-lvs-462a2bce3a3a-01,adj-4762dd05c67569c8,incident-src-4762dd05c67569c8,5,adjudication-seed-fia-2025-aut-1b2cf15490ab-01,adj-dc3cbf1b2175e95d,incident-src-dc3cbf1b2175e95d,0.125,3,first_lap_candidate|wet_track_candidate|safety_car_restart_candidate,True,grid_penalty,,2,3,pre_review_feasibility,True,False,review_priority_only_pending_context_and_conduct_review
adjudication-seed-fia-2025-lvs-930d412442e7-01,adj-2c6f2f495e380077,incident-src-2c6f2f495e380077,1,adjudication-seed-fia-2025-abu-9913dc5c7021-01,adj-e4777c2ca2dcd628,incident-src-e4777c2ca2dcd628,0.0,3,first_lap_candidate|wet_track_candidate|safety_car_restart_candidate,False,no_further_action,,,,pre_review_feasibility,False,False,review_priority_only_pending_context_and_conduct_review
adjudication-seed-fia-2025-lvs-930d412442e7-01,adj-2c6f2f495e380077,incident-src-2c6f2f495e380077,2,adjudication-seed-fia-2025-abu-9c20002be5b0-01,adj-e6d0642f2d104bf2,incident-src-e6d0642f2d104bf2,0.0,3,first_lap_candidate|wet_track_candidate|safety_car_restart_candidate,False,no_further_action,,,,pre_review_feasibility,False,False,review_priority_only_pending_context_and_conduct_review
adjudication-seed-fia-2025-lvs-930d412442e7-01,adj-2c6f2f495e380077,incident-src-2c6f2f495e380077,3,adjudication-seed-fia-2025-lvs-462a2bce3a3a-01,adj-4762dd05c67569c8,incident-src-4762dd05c67569c8,0.0,3,first_lap_candidate|wet_track_candidate|safety_car_restart_candidate,True,grid_penalty,,2,5,pre_review_feasibility,False,True,review_priority_only_pending_context_and_conduct_review
adjudication-seed-fia-2025-lvs-930d412442e7-01,adj-2c6f2f495e380077,incident-src-2c6f2f495e380077,4,adjudication-seed-fia-2025-sau-8187bba80d1e-01,adj-47d34770b1ec91cd,incident-src-47d34770b1ec91cd,0.0,3,first_lap_candidate|wet_track_candidate|safety_car_restart_candidate,False,no_further_action,,,,pre_review_feasibility,False,False,review_priority_only_pending_context_and_conduct_review
adjudication-seed-fia-2025-lvs-930d412442e7-01,adj-2c6f2f495e380077,incident-src-2c6f2f495e380077,5,adjudication-seed-fia-2025-aut-1b2cf15490ab-01,adj-dc3cbf1b2175e95d,incident-src-dc3cbf1b2175e95d,0.125,3,first_lap_candidate|wet_track_candidate|safety_car_restart_candidate,True,grid_penalty,,2,3,pre_review_feasibility,False,True,review_priority_only_pending_context_and_conduct_review
adjudication-seed-fia-2025-lvs-9874a99bc7cd-01,adj-3970a605781c9f8e,incident-src-3970a605781c9f8e,1,adjudication-seed-fia-2025-bhr-732dd8183412-01,adj-f343c8d3c1915d9d,incident-src-f343c8d3c1915d9d,0.0,3,first_lap_candidate|wet_track_candidate|safety_car_restart_candidate,True,time_penalty,5,1,,pre_review_feasibility,True,False,review_priority_only_pending_context_and_conduct_review
adjudication-seed-fia-2025-lvs-9874a99bc7cd-01,adj-3970a605781c9f8e,incident-src-3970a605781c9f8e,2,adjudication-seed-fia-2025-can-acdc79e65cc6-01,adj-bfdfb2effacad54c,incident-src-bfdfb2effacad54c,0.0,3,first_lap_candidate|wet_track_candidate|safety_car_restart_candidate,True,time_penalty,5,,,pre_review_feasibility,True,False,review_priority_only_pending_context_and_conduct_review
adjudication-seed-fia-2025-lvs-9874a99bc7cd-01,adj-3970a605781c9f8e,incident-src-3970a605781c9f8e,3,adjudication-seed-fia-2025-esp-099b030b67a2-01,adj-412e6ca5aca26ea3,incident-src-412e6ca5aca26ea3,0.0,3,first_lap_candidate|wet_track_candidate|safety_car_restart_candidate,False,no_further_action,,,,pre_review_feasibility,True,True,review_priority_only_pending_context_and_conduct_review
adjudication-seed-fia-2025-lvs-9874a99bc7cd-01,adj-3970a605781c9f8e,incident-src-3970a605781c9f8e,4,adjudication-seed-fia-2025-esp-0fd436b99af1-01,adj-6df990a2ab7ddf2d,incident-src-6df990a2ab7ddf2d,0.0,3,first_lap_candidate|wet_track_candidate|safety_car_restart_candidate,False,no_further_action,,,,pre_review_feasibility,True,True,review_priority_only_pending_context_and_conduct_review
adjudication-seed-fia-2025-lvs-9874a99bc7cd-01,adj-3970a605781c9f8e,incident-src-3970a605781c9f8e,5,adjudication-seed-fia-2025-esp-8cd31c466963-01,adj-567832bf228e7eb4,incident-src-567832bf228e7eb4,0.0,3,first_lap_candidate|wet_track_candidate|safety_car_restart_candidate,True,time_penalty,10,3,,pre_review_feasibility,True,False,review_priority_only_pending_context_and_conduct_review
adjudication-seed-fia-2025-mco-637ae2b682ba-01,adj-bcb17f8b041a82e3,incident-src-bcb17f8b041a82e3,1,adjudication-seed-fia-2025-abu-90b14b4ed0c9-01,adj-862c5abf64138d26,incident-src-862c5abf64138d26,0.0,3,first_lap_candidate|wet_track_candidate|safety_car_restart_candidate,False,no_further_action,,,,pre_review_feasibility,True,True,review_priority_only_pending_context_and_conduct_review
adjudication-seed-fia-2025-mco-637ae2b682ba-01,adj-bcb17f8b041a82e3,incident-src-bcb17f8b041a82e3,2,adjudication-seed-fia-2025-mex-47fc1c3a7137-01,adj-29e0c768f162cabc,incident-src-29e0c768f162cabc,0.0,3,first_lap_candidate|wet_track_candidate|safety_car_restart_candidate,True,time_penalty,10,,,pre_review_feasibility,True,False,review_priority_only_pending_context_and_conduct_review
adjudication-seed-fia-2025-mco-637ae2b682ba-01,adj-bcb17f8b041a82e3,incident-src-bcb17f8b041a82e3,3,adjudication-seed-fia-2025-sau-085f04d49714-01,adj-c3806e9e6a004dbe,incident-src-c3806e9e6a004dbe,0.0,3,first_lap_candidate|wet_track_candidate|safety_car_restart_candidate,True,time_penalty,10,,,pre_review_feasibility,True,False,review_priority_only_pending_context_and_conduct_review
adjudication-seed-fia-2025-mco-637ae2b682ba-01,adj-bcb17f8b041a82e3,incident-src-bcb17f8b041a82e3,4,adjudication-seed-fia-2025-esp-4693ce9dbdc4-01,adj-479d79e5865e135e,incident-src-479d79e5865e135e,0.125,3,first_lap_candidate|wet_track_candidate|safety_car_restart_candidate,True,time_penalty,10,,,pre_review_feasibility,True,False,review_priority_only_pending_context_and_conduct_review
adjudication-seed-fia-2025-mco-637ae2b682ba-01,adj-bcb17f8b041a82e3,incident-src-bcb17f8b041a82e3,5,adjudication-seed-fia-2025-esp-15cd2122312e-01,adj-413c9757dacacb88,incident-src-413c9757dacacb88,0.2,3,first_lap_candidate|wet_track_candidate|safety_car_restart_candidate,True,time_penalty,10,,,pre_review_feasibility,True,False,review_priority_only_pending_context_and_conduct_review
adjudication-seed-fia-2025-mco-b201d5cbcdc6-01,adj-7d5059e7588e17a9,incident-src-7d5059e7588e17a9,1,adjudication-seed-fia-2025-bhr-732dd8183412-01,adj-f343c8d3c1915d9d,incident-src-f343c8d3c1915d9d,0.0,3,first_lap_candidate|wet_track_candidate|safety_car_restart_candidate,True,time_penalty,5,1,,pre_review_feasibility,False,True,review_priority_only_pending_context_and_conduct_review
adjudication-seed-fia-2025-mco-b201d5cbcdc6-01,adj-7d5059e7588e17a9,incident-src-7d5059e7588e17a9,2,adjudication-seed-fia-2025-can-acdc79e65cc6-01,adj-bfdfb2effacad54c,incident-src-bfdfb2effacad54c,0.0,3,first_lap_candidate|wet_track_candidate|safety_car_restart_candidate,True,time_penalty,5,,,pre_review_feasibility,False,True,review_priority_only_pending_context_and_conduct_review
adjudication-seed-fia-2025-mco-b201d5cbcdc6-01,adj-7d5059e7588e17a9,incident-src-7d5059e7588e17a9,3,adjudication-seed-fia-2025-esp-099b030b67a2-01,adj-412e6ca5aca26ea3,incident-src-412e6ca5aca26ea3,0.0,3,first_lap_candidate|wet_track_candidate|safety_car_restart_candidate,False,no_further_action,,,,pre_review_feasibility,False,False,review_priority_only_pending_context_and_conduct_review
adjudication-seed-fia-2025-mco-b201d5cbcdc6-01,adj-7d5059e7588e17a9,incident-src-7d5059e7588e17a9,4,adjudication-seed-fia-2025-esp-0fd436b99af1-01,adj-6df990a2ab7ddf2d,incident-src-6df990a2ab7ddf2d,0.0,3,first_lap_candidate|wet_track_candidate|safety_car_restart_candidate,False,no_further_action,,,,pre_review_feasibility,False,False,review_priority_only_pending_context_and_conduct_review
adjudication-seed-fia-2025-mco-b201d5cbcdc6-01,adj-7d5059e7588e17a9,incident-src-7d5059e7588e17a9,5,adjudication-seed-fia-2025-esp-8cd31c466963-01,adj-567832bf228e7eb4,incident-src-567832bf228e7eb4,0.0,3,first_lap_candidate|wet_track_candidate|safety_car_restart_candidate,True,time_penalty,10,3,,pre_review_feasibility,False,True,review_priority_only_pending_context_and_conduct_review
adjudication-seed-fia-2025-mex-47fc1c3a7137-01,adj-29e0c768f162cabc,incident-src-29e0c768f162cabc,1,adjudication-seed-fia-2025-abu-90b14b4ed0c9-01,adj-862c5abf64138d26,incident-src-862c5abf64138d26,0.0,3,first_lap_candidate|wet_track_candidate|safety_car_restart_candidate,False,no_further_action,,,,pre_review_feasibility,True,True,review_priority_only_pending_context_and_conduct_review
adjudication-seed-fia-2025-mex-47fc1c3a7137-01,adj-29e0c768f162cabc,incident-src-29e0c768f162cabc,2,adjudication-seed-fia-2025-mco-637ae2b682ba-01,adj-bcb17f8b041a82e3,incident-src-bcb17f8b041a82e3,0.0,3,first_lap_candidate|wet_track_candidate|safety_car_restart_candidate,True,drive_through,,,,pre_review_feasibility,True,False,review_priority_only_pending_context_and_conduct_review
adjudication-seed-fia-2025-mex-47fc1c3a7137-01,adj-29e0c768f162cabc,incident-src-29e0c768f162cabc,3,adjudication-seed-fia-2025-sau-085f04d49714-01,adj-c3806e9e6a004dbe,incident-src-c3806e9e6a004dbe,0.0,3,first_lap_candidate|wet_track_candidate|safety_car_restart_candidate,True,time_penalty,10,,,pre_review_feasibility,True,False,review_priority_only_pending_context_and_conduct_review
adjudication-seed-fia-2025-mex-47fc1c3a7137-01,adj-29e0c768f162cabc,incident-src-29e0c768f162cabc,4,adjudication-seed-fia-2025-esp-4693ce9dbdc4-01,adj-479d79e5865e135e,incident-src-479d79e5865e135e,0.125,3,first_lap_candidate|wet_track_candidate|safety_car_restart_candidate,True,time_penalty,10,,,pre_review_feasibility,True,False,review_priority_only_pending_context_and_conduct_review
adjudication-seed-fia-2025-mex-47fc1c3a7137-01,adj-29e0c768f162cabc,incident-src-29e0c768f162cabc,5,adjudication-seed-fia-2025-esp-15cd2122312e-01,adj-413c9757dacacb88,incident-src-413c9757dacacb88,0.2,3,first_lap_candidate|wet_track_candidate|safety_car_restart_candidate,True,time_penalty,10,,,pre_review_feasibility,True,False,review_priority_only_pending_context_and_conduct_review
adjudication-seed-fia-2025-mex-f947a135cd58-01,adj-dba46fa3ca5c210c,incident-src-dba46fa3ca5c210c,1,adjudication-seed-fia-2025-aze-0d1070d6a1c6-01,adj-94d8c357c79994c4,incident-src-94d8c357c79994c4,0.1,4,attacker_line_candidate|first_lap_candidate|wet_track_candidate|safety_car_restart_candidate,True,time_penalty,10,2,,pre_review_feasibility,False,True,review_priority_only_pending_context_and_conduct_review
adjudication-seed-fia-2025-mex-f947a135cd58-01,adj-dba46fa3ca5c210c,incident-src-dba46fa3ca5c210c,2,adjudication-seed-fia-2025-bhr-03bfd7816342-01,adj-ccae0d70c41eed34,incident-src-ccae0d70c41eed34,0.1,4,attacker_line_candidate|first_lap_candidate|wet_track_candidate|safety_car_restart_candidate,True,time_penalty,10,2,,pre_review_feasibility,False,True,review_priority_only_pending_context_and_conduct_review
adjudication-seed-fia-2025-mex-f947a135cd58-01,adj-dba46fa3ca5c210c,incident-src-dba46fa3ca5c210c,3,adjudication-seed-fia-2025-esp-f89ab19eeac5-01,adj-6a1ad4e004abe2f1,incident-src-6a1ad4e004abe2f1,0.1,4,attacker_line_candidate|first_lap_candidate|wet_track_candidate|safety_car_restart_candidate,False,no_further_action,,,,pre_review_feasibility,False,False,review_priority_only_pending_context_and_conduct_review
adjudication-seed-fia-2025-mex-f947a135cd58-01,adj-dba46fa3ca5c210c,incident-src-dba46fa3ca5c210c,4,adjudication-seed-fia-2025-mia-2fbe65f9cac5-01,adj-cc7aa990ebfcb644,incident-src-cc7aa990ebfcb644,0.1,4,attacker_line_candidate|first_lap_candidate|wet_track_candidate|safety_car_restart_candidate,False,no_further_action,,,,pre_review_feasibility,False,False,review_priority_only_pending_context_and_conduct_review
adjudication-seed-fia-2025-mex-f947a135cd58-01,adj-dba46fa3ca5c210c,incident-src-dba46fa3ca5c210c,5,adjudication-seed-fia-2025-mia-45845998ca54-01,adj-324b4967a8663b58,incident-src-324b4967a8663b58,0.1,4,attacker_line_candidate|first_lap_candidate|wet_track_candidate|safety_car_restart_candidate,False,no_further_action,,,,pre_review_feasibility,False,False,review_priority_only_pending_context_and_conduct_review
adjudication-seed-fia-2025-mia-2fbe65f9cac5-01,adj-cc7aa990ebfcb644,incident-src-cc7aa990ebfcb644,1,adjudication-seed-fia-2025-aze-0d1070d6a1c6-01,adj-94d8c357c79994c4,incident-src-94d8c357c79994c4,0.0,4,attacker_line_candidate|first_lap_candidate|wet_track_candidate|safety_car_restart_candidate,True,time_penalty,10,2,,pre_review_feasibility,False,True,review_priority_only_pending_context_and_conduct_review
adjudication-seed-fia-2025-mia-2fbe65f9cac5-01,adj-cc7aa990ebfcb644,incident-src-cc7aa990ebfcb644,2,adjudication-seed-fia-2025-bhr-03bfd7816342-01,adj-ccae0d70c41eed34,incident-src-ccae0d70c41eed34,0.0,4,attacker_line_candidate|first_lap_candidate|wet_track_candidate|safety_car_restart_candidate,True,time_penalty,10,2,,pre_review_feasibility,False,True,review_priority_only_pending_context_and_conduct_review
adjudication-seed-fia-2025-mia-2fbe65f9cac5-01,adj-cc7aa990ebfcb644,incident-src-cc7aa990ebfcb644,3,adjudication-seed-fia-2025-esp-f89ab19eeac5-01,adj-6a1ad4e004abe2f1,incident-src-6a1ad4e004abe2f1,0.0,4,attacker_line_candidate|first_lap_candidate|wet_track_candidate|safety_car_restart_candidate,False,no_further_action,,,,pre_review_feasibility,False,False,review_priority_only_pending_context_and_conduct_review
adjudication-seed-fia-2025-mia-2fbe65f9cac5-01,adj-cc7aa990ebfcb644,incident-src-cc7aa990ebfcb644,4,adjudication-seed-fia-2025-ned-d843a4b9a866-01,adj-8200d1dc5332b417,incident-src-8200d1dc5332b417,0.0,4,attacker_line_candidate|first_lap_candidate|wet_track_candidate|safety_car_restart_candidate,True,time_penalty,10,2,,pre_review_feasibility,False,True,review_priority_only_pending_context_and_conduct_review
adjudication-seed-fia-2025-mia-2fbe65f9cac5-01,adj-cc7aa990ebfcb644,incident-src-cc7aa990ebfcb644,5,adjudication-seed-fia-2025-sao-06b73ba655ed-01,adj-7f13cd0ba94d7090,incident-src-7f13cd0ba94d7090,0.0,4,attacker_line_candidate|first_lap_candidate|wet_track_candidate|safety_car_restart_candidate,True,time_penalty,10,2,,pre_review_feasibility,False,True,review_priority_only_pending_context_and_conduct_review
adjudication-seed-fia-2025-mia-45845998ca54-01,adj-324b4967a8663b58,incident-src-324b4967a8663b58,1,adjudication-seed-fia-2025-aze-0d1070d6a1c6-01,adj-94d8c357c79994c4,incident-src-94d8c357c79994c4,0.0,4,attacker_line_candidate|first_lap_candidate|wet_track_candidate|safety_car_restart_candidate,True,time_penalty,10,2,,pre_review_feasibility,False,True,review_priority_only_pending_context_and_conduct_review
adjudication-seed-fia-2025-mia-45845998ca54-01,adj-324b4967a8663b58,incident-src-324b4967a8663b58,2,adjudication-seed-fia-2025-bhr-03bfd7816342-01,adj-ccae0d70c41eed34,incident-src-ccae0d70c41eed34,0.0,4,attacker_line_candidate|first_lap_candidate|wet_track_candidate|safety_car_restart_candidate,True,time_penalty,10,2,,pre_review_feasibility,False,True,review_priority_only_pending_context_and_conduct_review
adjudication-seed-fia-2025-mia-45845998ca54-01,adj-324b4967a8663b58,incident-src-324b4967a8663b58,3,adjudication-seed-fia-2025-esp-f89ab19eeac5-01,adj-6a1ad4e004abe2f1,incident-src-6a1ad4e004abe2f1,0.0,4,attacker_line_candidate|first_lap_candidate|wet_track_candidate|safety_car_restart_candidate,False,no_further_action,,,,pre_review_feasibility,False,False,review_priority_only_pending_context_and_conduct_review
adjudication-seed-fia-2025-mia-45845998ca54-01,adj-324b4967a8663b58,incident-src-324b4967a8663b58,4,adjudication-seed-fia-2025-ned-d843a4b9a866-01,adj-8200d1dc5332b417,incident-src-8200d1dc5332b417,0.0,4,attacker_line_candidate|first_lap_candidate|wet_track_candidate|safety_car_restart_candidate,True,time_penalty,10,2,,pre_review_feasibility,False,True,review_priority_only_pending_context_and_conduct_review
adjudication-seed-fia-2025-mia-45845998ca54-01,adj-324b4967a8663b58,incident-src-324b4967a8663b58,5,adjudication-seed-fia-2025-sao-06b73ba655ed-01,adj-7f13cd0ba94d7090,incident-src-7f13cd0ba94d7090,0.0,4,attacker_line_candidate|first_lap_candidate|wet_track_candidate|safety_car_restart_candidate,True,time_penalty,10,2,,pre_review_feasibility,False,True,review_priority_only_pending_context_and_conduct_review
adjudication-seed-fia-2025-mia-257f8720a641-01,adj-5fb4a92076f8efba,incident-src-5fb4a92076f8efba,1,adjudication-seed-fia-2025-chn-c6a27ca62eb2-01,adj-00f21170a32794f2,incident-src-00f21170a32794f2,0.2,3,first_lap_candidate|wet_track_candidate|safety_car_restart_candidate,False,no_further_action,,,,pre_review_feasibility,True,True,review_priority_only_pending_context_and_conduct_review
adjudication-seed-fia-2025-mia-257f8720a641-01,adj-5fb4a92076f8efba,incident-src-5fb4a92076f8efba,2,adjudication-seed-fia-2025-usa-e36053ba7969-01,adj-671ecdc75433b5c4,incident-src-671ecdc75433b5c4,0.2,3,first_lap_candidate|wet_track_candidate|safety_car_restart_candidate,True,grid_penalty,,2,5,pre_review_feasibility,True,False,review_priority_only_pending_context_and_conduct_review
adjudication-seed-fia-2025-mia-257f8720a641-01,adj-5fb4a92076f8efba,incident-src-5fb4a92076f8efba,3,adjudication-seed-fia-2025-chn-5f2ef54b24c3-01,adj-f73048c90c90fbee,incident-src-f73048c90c90fbee,0.3,4,attacker_line_candidate|first_lap_candidate|wet_track_candidate|safety_car_restart_candidate,True,time_penalty,10,2,,pre_review_feasibility,True,False,review_priority_only_pending_context_and_conduct_review
adjudication-seed-fia-2025-mia-257f8720a641-01,adj-5fb4a92076f8efba,incident-src-5fb4a92076f8efba,4,adjudication-seed-fia-2025-sao-61b609bbbc46-01,adj-a4594db187cf51e4,incident-src-a4594db187cf51e4,0.8,5,attacker_line_candidate|overlap_candidate|first_lap_candidate|wet_track_candidate|safety_car_restart_candidate,True,time_penalty,5,1,,pre_review_feasibility,True,False,review_priority_only_pending_context_and_conduct_review
adjudication-seed-fia-2025-ned-644f47d1f6a0-01,adj-47e48f725c522344,incident-src-47e48f725c522344,1,adjudication-seed-fia-2025-gbr-66f857d6d3d7-01,adj-56c508de2d41940c,incident-src-56c508de2d41940c,0.0,5,attacker_line_candidate|overlap_candidate|first_lap_candidate|wet_track_candidate|safety_car_restart_candidate,True,time_penalty,10,1,,pre_review_feasibility,True,False,review_priority_only_pending_context_and_conduct_review
adjudication-seed-fia-2025-ned-644f47d1f6a0-01,adj-47e48f725c522344,incident-src-47e48f725c522344,2,adjudication-seed-fia-2025-hun-3fbd14c36cd7-01,adj-4fb7700e0eacd773,incident-src-4fb7700e0eacd773,0.0,5,attacker_line_candidate|overlap_candidate|first_lap_candidate|wet_track_candidate|safety_car_restart_candidate,True,time_penalty,10,2,,pre_review_feasibility,True,False,review_priority_only_pending_context_and_conduct_review
adjudication-seed-fia-2025-ned-644f47d1f6a0-01,adj-47e48f725c522344,incident-src-47e48f725c522344,3,adjudication-seed-fia-2025-esp-34abd90169ab-01,adj-fd11a3e24a70c2a4,incident-src-fd11a3e24a70c2a4,0.1,4,attacker_line_candidate|first_lap_candidate|wet_track_candidate|safety_car_restart_candidate,False,no_further_action,,,,pre_review_feasibility,True,True,review_priority_only_pending_context_and_conduct_review
adjudication-seed-fia-2025-ned-644f47d1f6a0-01,adj-47e48f725c522344,incident-src-47e48f725c522344,4,adjudication-seed-fia-2025-qat-78837a554fcb-01,adj-b5568820681da36b,incident-src-b5568820681da36b,0.1,4,attacker_line_candidate|first_lap_candidate|wet_track_candidate|safety_car_restart_candidate,False,no_further_action,,,,pre_review_feasibility,True,True,review_priority_only_pending_context_and_conduct_review
adjudication-seed-fia-2025-ned-644f47d1f6a0-01,adj-47e48f725c522344,incident-src-47e48f725c522344,5,adjudication-seed-fia-2025-aut-41aebded7db6-01,adj-1651c96225ee4d5c,incident-src-1651c96225ee4d5c,0.2,5,attacker_line_candidate|overlap_candidate|first_lap_candidate|wet_track_candidate|safety_car_restart_candidate,True,time_penalty,10,2,,pre_review_feasibility,True,False,review_priority_only_pending_context_and_conduct_review
adjudication-seed-fia-2025-ned-93b5218acb32-01,adj-8f0780dbba4e36af,incident-src-8f0780dbba4e36af,1,adjudication-seed-fia-2025-bhr-732dd8183412-01,adj-f343c8d3c1915d9d,incident-src-f343c8d3c1915d9d,0.0,3,first_lap_candidate|wet_track_candidate|safety_car_restart_candidate,True,time_penalty,5,1,,pre_review_feasibility,False,True,review_priority_only_pending_context_and_conduct_review
adjudication-seed-fia-2025-ned-93b5218acb32-01,adj-8f0780dbba4e36af,incident-src-8f0780dbba4e36af,2,adjudication-seed-fia-2025-can-acdc79e65cc6-01,adj-bfdfb2effacad54c,incident-src-bfdfb2effacad54c,0.0,3,first_lap_candidate|wet_track_candidate|safety_car_restart_candidate,True,time_penalty,5,,,pre_review_feasibility,False,True,review_priority_only_pending_context_and_conduct_review
adjudication-seed-fia-2025-ned-93b5218acb32-01,adj-8f0780dbba4e36af,incident-src-8f0780dbba4e36af,3,adjudication-seed-fia-2025-esp-099b030b67a2-01,adj-412e6ca5aca26ea3,incident-src-412e6ca5aca26ea3,0.0,3,first_lap_candidate|wet_track_candidate|safety_car_restart_candidate,False,no_further_action,,,,pre_review_feasibility,False,False,review_priority_only_pending_context_and_conduct_review
adjudication-seed-fia-2025-ned-93b5218acb32-01,adj-8f0780dbba4e36af,incident-src-8f0780dbba4e36af,4,adjudication-seed-fia-2025-esp-0fd436b99af1-01,adj-6df990a2ab7ddf2d,incident-src-6df990a2ab7ddf2d,0.0,3,first_lap_candidate|wet_track_candidate|safety_car_restart_candidate,False,no_further_action,,,,pre_review_feasibility,False,False,review_priority_only_pending_context_and_conduct_review
adjudication-seed-fia-2025-ned-93b5218acb32-01,adj-8f0780dbba4e36af,incident-src-8f0780dbba4e36af,5,adjudication-seed-fia-2025-esp-8cd31c466963-01,adj-567832bf228e7eb4,incident-src-567832bf228e7eb4,0.0,3,first_lap_candidate|wet_track_candidate|safety_car_restart_candidate,True,time_penalty,10,3,,pre_review_feasibility,False,True,review_priority_only_pending_context_and_conduct_review
adjudication-seed-fia-2025-ned-bebf98c3f2bf-01,adj-7a6e06b6a58ea9bf,incident-src-7a6e06b6a58ea9bf,1,adjudication-seed-fia-2025-bhr-732dd8183412-01,adj-f343c8d3c1915d9d,incident-src-f343c8d3c1915d9d,0.0,3,first_lap_candidate|wet_track_candidate|safety_car_restart_candidate,True,time_penalty,5,1,,pre_review_feasibility,False,True,review_priority_only_pending_context_and_conduct_review
adjudication-seed-fia-2025-ned-bebf98c3f2bf-01,adj-7a6e06b6a58ea9bf,incident-src-7a6e06b6a58ea9bf,2,adjudication-seed-fia-2025-can-acdc79e65cc6-01,adj-bfdfb2effacad54c,incident-src-bfdfb2effacad54c,0.0,3,first_lap_candidate|wet_track_candidate|safety_car_restart_candidate,True,time_penalty,5,,,pre_review_feasibility,False,True,review_priority_only_pending_context_and_conduct_review
adjudication-seed-fia-2025-ned-bebf98c3f2bf-01,adj-7a6e06b6a58ea9bf,incident-src-7a6e06b6a58ea9bf,3,adjudication-seed-fia-2025-esp-099b030b67a2-01,adj-412e6ca5aca26ea3,incident-src-412e6ca5aca26ea3,0.0,3,first_lap_candidate|wet_track_candidate|safety_car_restart_candidate,False,no_further_action,,,,pre_review_feasibility,False,False,review_priority_only_pending_context_and_conduct_review
adjudication-seed-fia-2025-ned-bebf98c3f2bf-01,adj-7a6e06b6a58ea9bf,incident-src-7a6e06b6a58ea9bf,4,adjudication-seed-fia-2025-esp-0fd436b99af1-01,adj-6df990a2ab7ddf2d,incident-src-6df990a2ab7ddf2d,0.0,3,first_lap_candidate|wet_track_candidate|safety_car_restart_candidate,False,no_further_action,,,,pre_review_feasibility,False,False,review_priority_only_pending_context_and_conduct_review
adjudication-seed-fia-2025-ned-bebf98c3f2bf-01,adj-7a6e06b6a58ea9bf,incident-src-7a6e06b6a58ea9bf,5,adjudication-seed-fia-2025-esp-8cd31c466963-01,adj-567832bf228e7eb4,incident-src-567832bf228e7eb4,0.0,3,first_lap_candidate|wet_track_candidate|safety_car_restart_candidate,True,time_penalty,10,3,,pre_review_feasibility,False,True,review_priority_only_pending_context_and_conduct_review
adjudication-seed-fia-2025-ned-d843a4b9a866-01,adj-8200d1dc5332b417,incident-src-8200d1dc5332b417,1,adjudication-seed-fia-2025-aze-0d1070d6a1c6-01,adj-94d8c357c79994c4,incident-src-94d8c357c79994c4,0.0,4,attacker_line_candidate|first_lap_candidate|wet_track_candidate|safety_car_restart_candidate,True,time_penalty,10,2,,pre_review_feasibility,True,False,review_priority_only_pending_context_and_conduct_review
adjudication-seed-fia-2025-ned-d843a4b9a866-01,adj-8200d1dc5332b417,incident-src-8200d1dc5332b417,2,adjudication-seed-fia-2025-bhr-03bfd7816342-01,adj-ccae0d70c41eed34,incident-src-ccae0d70c41eed34,0.0,4,attacker_line_candidate|first_lap_candidate|wet_track_candidate|safety_car_restart_candidate,True,time_penalty,10,2,,pre_review_feasibility,True,False,review_priority_only_pending_context_and_conduct_review
adjudication-seed-fia-2025-ned-d843a4b9a866-01,adj-8200d1dc5332b417,incident-src-8200d1dc5332b417,3,adjudication-seed-fia-2025-esp-f89ab19eeac5-01,adj-6a1ad4e004abe2f1,incident-src-6a1ad4e004abe2f1,0.0,4,attacker_line_candidate|first_lap_candidate|wet_track_candidate|safety_car_restart_candidate,False,no_further_action,,,,pre_review_feasibility,True,True,review_priority_only_pending_context_and_conduct_review
adjudication-seed-fia-2025-ned-d843a4b9a866-01,adj-8200d1dc5332b417,incident-src-8200d1dc5332b417,4,adjudication-seed-fia-2025-mia-2fbe65f9cac5-01,adj-cc7aa990ebfcb644,incident-src-cc7aa990ebfcb644,0.0,4,attacker_line_candidate|first_lap_candidate|wet_track_candidate|safety_car_restart_candidate,False,no_further_action,,,,pre_review_feasibility,True,True,review_priority_only_pending_context_and_conduct_review
adjudication-seed-fia-2025-ned-d843a4b9a866-01,adj-8200d1dc5332b417,incident-src-8200d1dc5332b417,5,adjudication-seed-fia-2025-mia-45845998ca54-01,adj-324b4967a8663b58,incident-src-324b4967a8663b58,0.0,4,attacker_line_candidate|first_lap_candidate|wet_track_candidate|safety_car_restart_candidate,False,no_further_action,,,,pre_review_feasibility,True,True,review_priority_only_pending_context_and_conduct_review
adjudication-seed-fia-2025-qat-78837a554fcb-01,adj-b5568820681da36b,incident-src-b5568820681da36b,1,adjudication-seed-fia-2025-esp-34abd90169ab-01,adj-fd11a3e24a70c2a4,incident-src-fd11a3e24a70c2a4,0.0,4,attacker_line_candidate|first_lap_candidate|wet_track_candidate|safety_car_restart_candidate,False,no_further_action,,,,pre_review_feasibility,False,False,review_priority_only_pending_context_and_conduct_review
adjudication-seed-fia-2025-qat-78837a554fcb-01,adj-b5568820681da36b,incident-src-b5568820681da36b,2,adjudication-seed-fia-2025-gbr-66f857d6d3d7-01,adj-56c508de2d41940c,incident-src-56c508de2d41940c,0.1,4,attacker_line_candidate|first_lap_candidate|wet_track_candidate|safety_car_restart_candidate,True,time_penalty,10,1,,pre_review_feasibility,False,True,review_priority_only_pending_context_and_conduct_review
adjudication-seed-fia-2025-qat-78837a554fcb-01,adj-b5568820681da36b,incident-src-b5568820681da36b,3,adjudication-seed-fia-2025-hun-3fbd14c36cd7-01,adj-4fb7700e0eacd773,incident-src-4fb7700e0eacd773,0.1,4,attacker_line_candidate|first_lap_candidate|wet_track_candidate|safety_car_restart_candidate,True,time_penalty,10,2,,pre_review_feasibility,False,True,review_priority_only_pending_context_and_conduct_review
adjudication-seed-fia-2025-qat-78837a554fcb-01,adj-b5568820681da36b,incident-src-b5568820681da36b,4,adjudication-seed-fia-2025-ned-644f47d1f6a0-01,adj-47e48f725c522344,incident-src-47e48f725c522344,0.1,4,attacker_line_candidate|first_lap_candidate|wet_track_candidate|safety_car_restart_candidate,True,time_penalty,10,2,,pre_review_feasibility,False,True,review_priority_only_pending_context_and_conduct_review
adjudication-seed-fia-2025-qat-78837a554fcb-01,adj-b5568820681da36b,incident-src-b5568820681da36b,5,adjudication-seed-fia-2025-bhr-732dd8183412-01,adj-f343c8d3c1915d9d,incident-src-f343c8d3c1915d9d,0.125,3,first_lap_candidate|wet_track_candidate|safety_car_restart_candidate,True,time_penalty,5,1,,pre_review_feasibility,False,True,review_priority_only_pending_context_and_conduct_review
adjudication-seed-fia-2025-sao-06b73ba655ed-01,adj-7f13cd0ba94d7090,incident-src-7f13cd0ba94d7090,1,adjudication-seed-fia-2025-aze-0d1070d6a1c6-01,adj-94d8c357c79994c4,incident-src-94d8c357c79994c4,0.0,4,attacker_line_candidate|first_lap_candidate|wet_track_candidate|safety_car_restart_candidate,True,time_penalty,10,2,,pre_review_feasibility,True,False,review_priority_only_pending_context_and_conduct_review
adjudication-seed-fia-2025-sao-06b73ba655ed-01,adj-7f13cd0ba94d7090,incident-src-7f13cd0ba94d7090,2,adjudication-seed-fia-2025-bhr-03bfd7816342-01,adj-ccae0d70c41eed34,incident-src-ccae0d70c41eed34,0.0,4,attacker_line_candidate|first_lap_candidate|wet_track_candidate|safety_car_restart_candidate,True,time_penalty,10,2,,pre_review_feasibility,True,False,review_priority_only_pending_context_and_conduct_review
adjudication-seed-fia-2025-sao-06b73ba655ed-01,adj-7f13cd0ba94d7090,incident-src-7f13cd0ba94d7090,3,adjudication-seed-fia-2025-esp-f89ab19eeac5-01,adj-6a1ad4e004abe2f1,incident-src-6a1ad4e004abe2f1,0.0,4,attacker_line_candidate|first_lap_candidate|wet_track_candidate|safety_car_restart_candidate,False,no_further_action,,,,pre_review_feasibility,True,True,review_priority_only_pending_context_and_conduct_review
adjudication-seed-fia-2025-sao-06b73ba655ed-01,adj-7f13cd0ba94d7090,incident-src-7f13cd0ba94d7090,4,adjudication-seed-fia-2025-mia-2fbe65f9cac5-01,adj-cc7aa990ebfcb644,incident-src-cc7aa990ebfcb644,0.0,4,attacker_line_candidate|first_lap_candidate|wet_track_candidate|safety_car_restart_candidate,False,no_further_action,,,,pre_review_feasibility,True,True,review_priority_only_pending_context_and_conduct_review
adjudication-seed-fia-2025-sao-06b73ba655ed-01,adj-7f13cd0ba94d7090,incident-src-7f13cd0ba94d7090,5,adjudication-seed-fia-2025-mia-45845998ca54-01,adj-324b4967a8663b58,incident-src-324b4967a8663b58,0.0,4,attacker_line_candidate|first_lap_candidate|wet_track_candidate|safety_car_restart_candidate,False,no_further_action,,,,pre_review_feasibility,True,True,review_priority_only_pending_context_and_conduct_review
adjudication-seed-fia-2025-sao-8b59704b34d7-01,adj-ae58e3cecb00d019,incident-src-ae58e3cecb00d019,1,adjudication-seed-fia-2025-bhr-732dd8183412-01,adj-f343c8d3c1915d9d,incident-src-f343c8d3c1915d9d,0.0,3,first_lap_candidate|wet_track_candidate|safety_car_restart_candidate,True,time_penalty,5,1,,pre_review_feasibility,True,False,review_priority_only_pending_context_and_conduct_review
adjudication-seed-fia-2025-sao-8b59704b34d7-01,adj-ae58e3cecb00d019,incident-src-ae58e3cecb00d019,2,adjudication-seed-fia-2025-can-acdc79e65cc6-01,adj-bfdfb2effacad54c,incident-src-bfdfb2effacad54c,0.0,3,first_lap_candidate|wet_track_candidate|safety_car_restart_candidate,True,time_penalty,5,,,pre_review_feasibility,True,False,review_priority_only_pending_context_and_conduct_review
adjudication-seed-fia-2025-sao-8b59704b34d7-01,adj-ae58e3cecb00d019,incident-src-ae58e3cecb00d019,3,adjudication-seed-fia-2025-esp-099b030b67a2-01,adj-412e6ca5aca26ea3,incident-src-412e6ca5aca26ea3,0.0,3,first_lap_candidate|wet_track_candidate|safety_car_restart_candidate,False,no_further_action,,,,pre_review_feasibility,True,True,review_priority_only_pending_context_and_conduct_review
adjudication-seed-fia-2025-sao-8b59704b34d7-01,adj-ae58e3cecb00d019,incident-src-ae58e3cecb00d019,4,adjudication-seed-fia-2025-esp-0fd436b99af1-01,adj-6df990a2ab7ddf2d,incident-src-6df990a2ab7ddf2d,0.0,3,first_lap_candidate|wet_track_candidate|safety_car_restart_candidate,False,no_further_action,,,,pre_review_feasibility,True,True,review_priority_only_pending_context_and_conduct_review
adjudication-seed-fia-2025-sao-8b59704b34d7-01,adj-ae58e3cecb00d019,incident-src-ae58e3cecb00d019,5,adjudication-seed-fia-2025-esp-8cd31c466963-01,adj-567832bf228e7eb4,incident-src-567832bf228e7eb4,0.0,3,first_lap_candidate|wet_track_candidate|safety_car_restart_candidate,True,time_penalty,10,3,,pre_review_feasibility,True,False,review_priority_only_pending_context_and_conduct_review
adjudication-seed-fia-2025-sao-f7a215166f92-01,adj-07251667fa91d99d,incident-src-07251667fa91d99d,1,adjudication-seed-fia-2025-usa-1f9064819192-01,adj-d1735787a6532540,incident-src-d1735787a6532540,0.3,4,overlap_candidate|first_lap_candidate|wet_track_candidate|safety_car_restart_candidate,True,grid_penalty,,2,5,pre_review_feasibility,True,False,review_priority_only_pending_context_and_conduct_review
adjudication-seed-fia-2025-sao-f7a215166f92-01,adj-07251667fa91d99d,incident-src-07251667fa91d99d,2,adjudication-seed-fia-2025-ita-9d19bb5350fc-01,adj-c3132170cde7b7cf,incident-src-c3132170cde7b7cf,0.4,5,attacker_line_candidate|overlap_candidate|first_lap_candidate|wet_track_candidate|safety_car_restart_candidate,True,time_penalty,10,2,,pre_review_feasibility,True,False,review_priority_only_pending_context_and_conduct_review
adjudication-seed-fia-2025-sao-f7a215166f92-01,adj-07251667fa91d99d,incident-src-07251667fa91d99d,3,adjudication-seed-fia-2025-mex-f947a135cd58-01,adj-dba46fa3ca5c210c,incident-src-dba46fa3ca5c210c,0.4,5,attacker_line_candidate|overlap_candidate|first_lap_candidate|wet_track_candidate|safety_car_restart_candidate,False,no_further_action,,,,pre_review_feasibility,True,True,review_priority_only_pending_context_and_conduct_review
adjudication-seed-fia-2025-sao-f7a215166f92-01,adj-07251667fa91d99d,incident-src-07251667fa91d99d,4,adjudication-seed-fia-2025-bhr-732dd8183412-01,adj-f343c8d3c1915d9d,incident-src-f343c8d3c1915d9d,0.4,3,first_lap_candidate|wet_track_candidate|safety_car_restart_candidate,True,time_penalty,5,1,,pre_review_feasibility,True,False,review_priority_only_pending_context_and_conduct_review
adjudication-seed-fia-2025-sao-f7a215166f92-01,adj-07251667fa91d99d,incident-src-07251667fa91d99d,5,adjudication-seed-fia-2025-can-acdc79e65cc6-01,adj-bfdfb2effacad54c,incident-src-bfdfb2effacad54c,0.4,3,first_lap_candidate|wet_track_candidate|safety_car_restart_candidate,True,time_penalty,5,,,pre_review_feasibility,True,False,review_priority_only_pending_context_and_conduct_review
adjudication-seed-fia-2025-sao-61b609bbbc46-01,adj-a4594db187cf51e4,incident-src-a4594db187cf51e4,1,adjudication-seed-fia-2025-chn-5f2ef54b24c3-01,adj-f73048c90c90fbee,incident-src-f73048c90c90fbee,0.5,4,attacker_line_candidate|first_lap_candidate|wet_track_candidate|safety_car_restart_candidate,True,time_penalty,10,2,,pre_review_feasibility,True,False,review_priority_only_pending_context_and_conduct_review
adjudication-seed-fia-2025-sao-61b609bbbc46-01,adj-a4594db187cf51e4,incident-src-a4594db187cf51e4,2,adjudication-seed-fia-2025-chn-c6a27ca62eb2-01,adj-00f21170a32794f2,incident-src-00f21170a32794f2,0.6,3,first_lap_candidate|wet_track_candidate|safety_car_restart_candidate,False,no_further_action,,,,pre_review_feasibility,True,True,review_priority_only_pending_context_and_conduct_review
adjudication-seed-fia-2025-sao-61b609bbbc46-01,adj-a4594db187cf51e4,incident-src-a4594db187cf51e4,3,adjudication-seed-fia-2025-usa-e36053ba7969-01,adj-671ecdc75433b5c4,incident-src-671ecdc75433b5c4,0.6,3,first_lap_candidate|wet_track_candidate|safety_car_restart_candidate,True,grid_penalty,,2,5,pre_review_feasibility,True,False,review_priority_only_pending_context_and_conduct_review
adjudication-seed-fia-2025-sao-61b609bbbc46-01,adj-a4594db187cf51e4,incident-src-a4594db187cf51e4,4,adjudication-seed-fia-2025-mia-257f8720a641-01,adj-5fb4a92076f8efba,incident-src-5fb4a92076f8efba,0.8,5,attacker_line_candidate|overlap_candidate|first_lap_candidate|wet_track_candidate|safety_car_restart_candidate,True,time_penalty,5,1,,pre_review_feasibility,True,False,review_priority_only_pending_context_and_conduct_review
adjudication-seed-fia-2025-sau-085f04d49714-01,adj-c3806e9e6a004dbe,incident-src-c3806e9e6a004dbe,1,adjudication-seed-fia-2025-abu-90b14b4ed0c9-01,adj-862c5abf64138d26,incident-src-862c5abf64138d26,0.0,3,first_lap_candidate|wet_track_candidate|safety_car_restart_candidate,False,no_further_action,,,,pre_review_feasibility,True,True,review_priority_only_pending_context_and_conduct_review
adjudication-seed-fia-2025-sau-085f04d49714-01,adj-c3806e9e6a004dbe,incident-src-c3806e9e6a004dbe,2,adjudication-seed-fia-2025-mco-637ae2b682ba-01,adj-bcb17f8b041a82e3,incident-src-bcb17f8b041a82e3,0.0,3,first_lap_candidate|wet_track_candidate|safety_car_restart_candidate,True,drive_through,,,,pre_review_feasibility,True,False,review_priority_only_pending_context_and_conduct_review
adjudication-seed-fia-2025-sau-085f04d49714-01,adj-c3806e9e6a004dbe,incident-src-c3806e9e6a004dbe,3,adjudication-seed-fia-2025-mex-47fc1c3a7137-01,adj-29e0c768f162cabc,incident-src-29e0c768f162cabc,0.0,3,first_lap_candidate|wet_track_candidate|safety_car_restart_candidate,True,time_penalty,10,,,pre_review_feasibility,True,False,review_priority_only_pending_context_and_conduct_review
adjudication-seed-fia-2025-sau-085f04d49714-01,adj-c3806e9e6a004dbe,incident-src-c3806e9e6a004dbe,4,adjudication-seed-fia-2025-esp-4693ce9dbdc4-01,adj-479d79e5865e135e,incident-src-479d79e5865e135e,0.125,3,first_lap_candidate|wet_track_candidate|safety_car_restart_candidate,True,time_penalty,10,,,pre_review_feasibility,True,False,review_priority_only_pending_context_and_conduct_review
adjudication-seed-fia-2025-sau-085f04d49714-01,adj-c3806e9e6a004dbe,incident-src-c3806e9e6a004dbe,5,adjudication-seed-fia-2025-esp-15cd2122312e-01,adj-413c9757dacacb88,incident-src-413c9757dacacb88,0.2,3,first_lap_candidate|wet_track_candidate|safety_car_restart_candidate,True,time_penalty,10,,,pre_review_feasibility,True,False,review_priority_only_pending_context_and_conduct_review
adjudication-seed-fia-2025-sau-8187bba80d1e-01,adj-47d34770b1ec91cd,incident-src-47d34770b1ec91cd,1,adjudication-seed-fia-2025-abu-9913dc5c7021-01,adj-e4777c2ca2dcd628,incident-src-e4777c2ca2dcd628,0.0,3,first_lap_candidate|wet_track_candidate|safety_car_restart_candidate,False,no_further_action,,,,pre_review_feasibility,False,False,review_priority_only_pending_context_and_conduct_review
adjudication-seed-fia-2025-sau-8187bba80d1e-01,adj-47d34770b1ec91cd,incident-src-47d34770b1ec91cd,2,adjudication-seed-fia-2025-abu-9c20002be5b0-01,adj-e6d0642f2d104bf2,incident-src-e6d0642f2d104bf2,0.0,3,first_lap_candidate|wet_track_candidate|safety_car_restart_candidate,False,no_further_action,,,,pre_review_feasibility,False,False,review_priority_only_pending_context_and_conduct_review
adjudication-seed-fia-2025-sau-8187bba80d1e-01,adj-47d34770b1ec91cd,incident-src-47d34770b1ec91cd,3,adjudication-seed-fia-2025-lvs-462a2bce3a3a-01,adj-4762dd05c67569c8,incident-src-4762dd05c67569c8,0.0,3,first_lap_candidate|wet_track_candidate|safety_car_restart_candidate,True,grid_penalty,,2,5,pre_review_feasibility,False,True,review_priority_only_pending_context_and_conduct_review
adjudication-seed-fia-2025-sau-8187bba80d1e-01,adj-47d34770b1ec91cd,incident-src-47d34770b1ec91cd,4,adjudication-seed-fia-2025-lvs-930d412442e7-01,adj-2c6f2f495e380077,incident-src-2c6f2f495e380077,0.0,3,first_lap_candidate|wet_track_candidate|safety_car_restart_candidate,False,no_further_action,,,,pre_review_feasibility,False,False,review_priority_only_pending_context_and_conduct_review
adjudication-seed-fia-2025-sau-8187bba80d1e-01,adj-47d34770b1ec91cd,incident-src-47d34770b1ec91cd,5,adjudication-seed-fia-2025-aut-1b2cf15490ab-01,adj-dc3cbf1b2175e95d,incident-src-dc3cbf1b2175e95d,0.125,3,first_lap_candidate|wet_track_candidate|safety_car_restart_candidate,True,grid_penalty,,2,3,pre_review_feasibility,False,True,review_priority_only_pending_context_and_conduct_review
adjudication-seed-fia-2025-sau-8ffc9e48015e-01,adj-87d924dd6ae7d7a9,incident-src-87d924dd6ae7d7a9,1,adjudication-seed-fia-2025-esp-4693ce9dbdc4-01,adj-479d79e5865e135e,incident-src-479d79e5865e135e,0.3,4,attacker_line_candidate|first_lap_candidate|wet_track_candidate|safety_car_restart_candidate,True,time_penalty,10,,,pre_review_feasibility,True,False,review_priority_only_pending_context_and_conduct_review
adjudication-seed-fia-2025-sau-8ffc9e48015e-01,adj-87d924dd6ae7d7a9,incident-src-87d924dd6ae7d7a9,2,adjudication-seed-fia-2025-esp-15cd2122312e-01,adj-413c9757dacacb88,incident-src-413c9757dacacb88,0.4,5,attacker_line_candidate|overlap_candidate|first_lap_candidate|wet_track_candidate|safety_car_restart_candidate,True,time_penalty,10,,,pre_review_feasibility,True,False,review_priority_only_pending_context_and_conduct_review
adjudication-seed-fia-2025-sau-8ffc9e48015e-01,adj-87d924dd6ae7d7a9,incident-src-87d924dd6ae7d7a9,3,adjudication-seed-fia-2025-esp-45b994ae68b4-01,adj-153a4612c0b20d81,incident-src-153a4612c0b20d81,0.4,5,attacker_line_candidate|overlap_candidate|first_lap_candidate|wet_track_candidate|safety_car_restart_candidate,False,no_further_action,,,,pre_review_feasibility,True,True,review_priority_only_pending_context_and_conduct_review
adjudication-seed-fia-2025-sau-8ffc9e48015e-01,adj-87d924dd6ae7d7a9,incident-src-87d924dd6ae7d7a9,4,adjudication-seed-fia-2025-abu-90b14b4ed0c9-01,adj-862c5abf64138d26,incident-src-862c5abf64138d26,0.4,3,first_lap_candidate|wet_track_candidate|safety_car_restart_candidate,False,no_further_action,,,,pre_review_feasibility,True,True,review_priority_only_pending_context_and_conduct_review
adjudication-seed-fia-2025-sau-8ffc9e48015e-01,adj-87d924dd6ae7d7a9,incident-src-87d924dd6ae7d7a9,5,adjudication-seed-fia-2025-mco-637ae2b682ba-01,adj-bcb17f8b041a82e3,incident-src-bcb17f8b041a82e3,0.4,3,first_lap_candidate|wet_track_candidate|safety_car_restart_candidate,True,drive_through,,,,pre_review_feasibility,True,False,review_priority_only_pending_context_and_conduct_review
adjudication-seed-fia-2025-usa-1f9064819192-01,adj-d1735787a6532540,incident-src-d1735787a6532540,1,adjudication-seed-fia-2025-mex-f947a135cd58-01,adj-dba46fa3ca5c210c,incident-src-dba46fa3ca5c210c,0.1,4,overlap_candidate|first_lap_candidate|wet_track_candidate|safety_car_restart_candidate,False,no_further_action,,,,pre_review_feasibility,True,True,review_priority_only_pending_context_and_conduct_review
adjudication-seed-fia-2025-usa-1f9064819192-01,adj-d1735787a6532540,incident-src-d1735787a6532540,2,adjudication-seed-fia-2025-bhr-732dd8183412-01,adj-f343c8d3c1915d9d,incident-src-f343c8d3c1915d9d,0.125,3,first_lap_candidate|wet_track_candidate|safety_car_restart_candidate,True,time_penalty,5,1,,pre_review_feasibility,True,False,review_priority_only_pending_context_and_conduct_review
adjudication-seed-fia-2025-usa-1f9064819192-01,adj-d1735787a6532540,incident-src-d1735787a6532540,3,adjudication-seed-fia-2025-can-acdc79e65cc6-01,adj-bfdfb2effacad54c,incident-src-bfdfb2effacad54c,0.125,3,first_lap_candidate|wet_track_candidate|safety_car_restart_candidate,True,time_penalty,5,,,pre_review_feasibility,True,False,review_priority_only_pending_context_and_conduct_review
adjudication-seed-fia-2025-usa-1f9064819192-01,adj-d1735787a6532540,incident-src-d1735787a6532540,4,adjudication-seed-fia-2025-esp-099b030b67a2-01,adj-412e6ca5aca26ea3,incident-src-412e6ca5aca26ea3,0.125,3,first_lap_candidate|wet_track_candidate|safety_car_restart_candidate,False,no_further_action,,,,pre_review_feasibility,True,True,review_priority_only_pending_context_and_conduct_review
adjudication-seed-fia-2025-usa-1f9064819192-01,adj-d1735787a6532540,incident-src-d1735787a6532540,5,adjudication-seed-fia-2025-esp-0fd436b99af1-01,adj-6df990a2ab7ddf2d,incident-src-6df990a2ab7ddf2d,0.125,3,first_lap_candidate|wet_track_candidate|safety_car_restart_candidate,False,no_further_action,,,,pre_review_feasibility,True,True,review_priority_only_pending_context_and_conduct_review
adjudication-seed-fia-2025-usa-e36053ba7969-01,adj-671ecdc75433b5c4,incident-src-671ecdc75433b5c4,1,adjudication-seed-fia-2025-chn-c6a27ca62eb2-01,adj-00f21170a32794f2,incident-src-00f21170a32794f2,0.0,3,first_lap_candidate|wet_track_candidate|safety_car_restart_candidate,False,no_further_action,,,,pre_review_feasibility,True,True,review_priority_only_pending_context_and_conduct_review
adjudication-seed-fia-2025-usa-e36053ba7969-01,adj-671ecdc75433b5c4,incident-src-671ecdc75433b5c4,2,adjudication-seed-fia-2025-chn-5f2ef54b24c3-01,adj-f73048c90c90fbee,incident-src-f73048c90c90fbee,0.125,3,first_lap_candidate|wet_track_candidate|safety_car_restart_candidate,True,time_penalty,10,2,,pre_review_feasibility,True,False,review_priority_only_pending_context_and_conduct_review
adjudication-seed-fia-2025-usa-e36053ba7969-01,adj-671ecdc75433b5c4,incident-src-671ecdc75433b5c4,3,adjudication-seed-fia-2025-mia-257f8720a641-01,adj-5fb4a92076f8efba,incident-src-5fb4a92076f8efba,0.2,3,first_lap_candidate|wet_track_candidate|safety_car_restart_candidate,True,time_penalty,5,1,,pre_review_feasibility,True,False,review_priority_only_pending_context_and_conduct_review
adjudication-seed-fia-2025-usa-e36053ba7969-01,adj-671ecdc75433b5c4,incident-src-671ecdc75433b5c4,4,adjudication-seed-fia-2025-sao-61b609bbbc46-01,adj-a4594db187cf51e4,incident-src-a4594db187cf51e4,0.6,3,first_lap_candidate|wet_track_candidate|safety_car_restart_candidate,True,time_penalty,5,1,,pre_review_feasibility,True,False,review_priority_only_pending_context_and_conduct_review
