harm_record_id,canonical_incident_key,event_id,session_type,participant_driver_number,driver_name,team_name,participant_role,all_participant_driver_numbers,incident_lap_candidate,participant_lap_candidate,possible_participant_laps,participant_lap_basis,classification_status,pit_signal_lap,observed_position_change,screening_score,screening_priority,screening_reasons,team_source_search_terms,formula1_source_search_terms,source_url,source_owner,source_grade,evidence_summary,researcher_id,researched_at,research_notes
ab56267a3351d0c4e65b,incident-src-1e31200d5298f217,2018-mco,Race,28,Brendon Hartley,Toro Rosso,affected,16|28,71,71,71,fia_clock_participant_single_lap_interval,Collision,71.0,4.0,12,high,damage_or_incident_retirement_status|pit_within_two_laps_of_candidate_incident|incident_lap_available|observed_drop_of_three_or_more_positions,2018-mco Brendon Hartley Toro Rosso race report damage collision puncture front wing floor retirement,site:formula1.com/en/latest 2018-mco Brendon Hartley damage collision puncture pit stop retirement,,,,,,,
66add1ada0c6d18a9e2e,referral-f8f7baabcde165ad,2019-aze,Race,3,Daniel Ricciardo,Renault,accused,3|26,31,31,31,fia_clock_participant_single_lap_interval,Collision,31.0,7.0,12,high,damage_or_incident_retirement_status|pit_within_two_laps_of_candidate_incident|incident_lap_available|observed_drop_of_three_or_more_positions,2019-aze Daniel Ricciardo Renault race report damage collision puncture front wing floor retirement,site:formula1.com/en/latest 2019-aze Daniel Ricciardo damage collision puncture pit stop retirement,,,,,,,
98ecc671881ac2157adb,referral-f8f7baabcde165ad,2019-aze,Race,26,Daniil Kvyat,Toro Rosso,affected,3|26,31,31,31,fia_clock_participant_single_lap_interval,Collision,33.0,7.0,12,high,damage_or_incident_retirement_status|pit_within_two_laps_of_candidate_incident|incident_lap_available|observed_drop_of_three_or_more_positions,2019-aze Daniil Kvyat Toro Rosso race report damage collision puncture front wing floor retirement,site:formula1.com/en/latest 2019-aze Daniil Kvyat damage collision puncture pit stop retirement,,,,,,,
d468ccf7d4ea7052228d,referral-e2a1e81ca9f578ea,2019-chn,Race,4,Lando Norris,McLaren,affected,4|26|55,1,1,1,fia_clock_participant_single_lap_interval,Collision,1.0,,12,high,damage_or_incident_retirement_status|pit_within_two_laps_of_candidate_incident|incident_lap_available|multi_car_incident,2019-chn Lando Norris McLaren race report damage collision puncture front wing floor retirement,site:formula1.com/en/latest 2019-chn Lando Norris damage collision puncture pit stop retirement,,,,,,,
3c041c6b0816caa638bd,referral-07ba0521d047f4a1,2021-aut,Race,5,Sebastian Vettel,Aston Martin,affected,5|7,70,70,70,fia_clock_participant_single_lap_interval,Collision,70.0,4.0,12,high,damage_or_incident_retirement_status|pit_within_two_laps_of_candidate_incident|incident_lap_available|observed_drop_of_three_or_more_positions,2021-aut Sebastian Vettel Aston Martin race report damage collision puncture front wing floor retirement,site:formula1.com/en/latest 2021-aut Sebastian Vettel damage collision puncture pit stop retirement,,,,,,,
bed0f8292ba344080ff2,referral-92a69d6732b75346,2022-abu,Race,6,Nicholas Latifi,Williams,affected,6|47,38,38,38,fia_clock_participant_single_lap_interval,Collision damage,38.0,3.0,12,high,damage_or_incident_retirement_status|pit_within_two_laps_of_candidate_incident|incident_lap_available|observed_drop_of_three_or_more_positions,2022-abu Nicholas Latifi Williams race report damage collision puncture front wing floor retirement,site:formula1.com/en/latest 2022-abu Nicholas Latifi damage collision puncture pit stop retirement,,,,,,,
5be3191a8c28a5060832,referral-356c0381e1def57c,2022-mex,Race,22,Yuki Tsunoda,AlphaTauri,affected,3|22,50,50,50,fia_clock_participant_single_lap_interval,Collision damage,50.0,5.0,12,high,damage_or_incident_retirement_status|pit_within_two_laps_of_candidate_incident|incident_lap_available|observed_drop_of_three_or_more_positions,2022-mex Yuki Tsunoda AlphaTauri race report damage collision puncture front wing floor retirement,site:formula1.com/en/latest 2022-mex Yuki Tsunoda damage collision puncture pit stop retirement,,,,,,,
2a7c34bce76d244f5e09,referral-570dacabeafaef1c,2023-jpn,Race,11,Sergio Perez,Red Bull Racing,accused,11|20,12,12,12,fia_clock_participant_single_lap_interval,Retired,12.0,4.0,12,high,damage_or_incident_retirement_status|pit_within_two_laps_of_candidate_incident|incident_lap_available|observed_drop_of_three_or_more_positions,2023-jpn Sergio Perez Red Bull Racing race report damage collision puncture front wing floor retirement,site:formula1.com/en/latest 2023-jpn Sergio Perez damage collision puncture pit stop retirement,,,,,,,
8d0883035925098b3bbe,referral-2aba8b3f9466325c,2023-mex,Race,18,Lance Stroll,Aston Martin,affected,18|77,66,66,66,fia_clock_participant_single_lap_interval,Collision damage,66.0,3.0,12,high,damage_or_incident_retirement_status|pit_within_two_laps_of_candidate_incident|incident_lap_available|observed_drop_of_three_or_more_positions,2023-mex Lance Stroll Aston Martin race report damage collision puncture front wing floor retirement,site:formula1.com/en/latest 2023-mex Lance Stroll damage collision puncture pit stop retirement,,,,,,,
51cfe98249cef763004b,referral-c4d62265d08c758d,2024-chn,Sprint,14,Fernando Alonso,Aston Martin,accused,14|55,16,16,16,fia_clock_participant_single_lap_interval,Retired,16.0,5.0,12,high,damage_or_incident_retirement_status|pit_within_two_laps_of_candidate_incident|incident_lap_available|observed_drop_of_three_or_more_positions,2024-chn Fernando Alonso Aston Martin race report damage collision puncture front wing floor retirement,site:formula1.com/en/latest 2024-chn Fernando Alonso damage collision puncture pit stop retirement,,,,,,,
3745ff7d3d07ba415776,incident-group-86e2a514b5312efc,2024-mia,Sprint,18,Lance Stroll,Aston Martin,accused_and_affected,4|14|18|44,1,1,1,fia_clock_participant_single_lap_interval,Retired,1.0,,12,high,damage_or_incident_retirement_status|pit_within_two_laps_of_candidate_incident|incident_lap_available|multi_car_incident,2024-mia Lance Stroll Aston Martin race report damage collision puncture front wing floor retirement,site:formula1.com/en/latest 2024-mia Lance Stroll damage collision puncture pit stop retirement,,,,,,,
88a5cd069d7391f33341,referral-2ba396eba5a59d95,2025-lvs,Race,5,Gabriel Bortoleto,Kick Sauber,accused,5|18|43,1,1,1,fia_clock_participant_single_lap_interval,Retired,1.0,,12,high,damage_or_incident_retirement_status|pit_within_two_laps_of_candidate_incident|incident_lap_available|multi_car_incident,2025-lvs Gabriel Bortoleto Kick Sauber race report damage collision puncture front wing floor retirement,site:formula1.com/en/latest 2025-lvs Gabriel Bortoleto damage collision puncture pit stop retirement,,,,,,,
3c1004189ecc156b04aa,referral-3dcd04109c7befd9,2025-sau,Race,22,Yuki Tsunoda,Red Bull Racing,accused,10|22|55,1,1,1,fia_clock_participant_single_lap_interval,Retired,1.0,,12,high,damage_or_incident_retirement_status|pit_within_two_laps_of_candidate_incident|incident_lap_available|multi_car_incident,2025-sau Yuki Tsunoda Red Bull Racing race report damage collision puncture front wing floor retirement,site:formula1.com/en/latest 2025-sau Yuki Tsunoda damage collision puncture pit stop retirement,,,,,,,
0588504cfb7c427dd120,referral-da0e54c0187d0fbe,2018-chn,Race,28,Brendon Hartley,Toro Rosso,affected,10|28,29,29,29,fia_clock_participant_single_lap_interval,Collision damage,30.0,1.0,10,high,damage_or_incident_retirement_status|pit_within_two_laps_of_candidate_incident|incident_lap_available,2018-chn Brendon Hartley Toro Rosso race report damage collision puncture front wing floor retirement,site:formula1.com/en/latest 2018-chn Brendon Hartley damage collision puncture pit stop retirement,,,,,,,
75094effea955c3b318f,referral-e9894fb0b2d999fc,2018-usa,Race,14,Fernando Alonso,McLaren,affected,14|18,1,1,1,fia_clock_participant_single_lap_interval,Collision,1.0,,10,high,damage_or_incident_retirement_status|pit_within_two_laps_of_candidate_incident|incident_lap_available,2018-usa Fernando Alonso McLaren race report damage collision puncture front wing floor retirement,site:formula1.com/en/latest 2018-usa Fernando Alonso damage collision puncture pit stop retirement,,,,,,,
d030f57e02248e598d9a,referral-fa1d5771cf575a1c,2018-usa,Race,8,Romain Grosjean,Haas F1 Team,accused,8|16,1,1,1,fia_clock_participant_single_lap_interval,Collision damage,1.0,,10,high,damage_or_incident_retirement_status|pit_within_two_laps_of_candidate_incident|incident_lap_available,2018-usa Romain Grosjean Haas F1 Team race report damage collision puncture front wing floor retirement,site:formula1.com/en/latest 2018-usa Romain Grosjean damage collision puncture pit stop retirement,,,,,,,
1718939f8a1aba278a3c,referral-fa1d5771cf575a1c,2018-usa,Race,16,Charles Leclerc,Sauber,affected,8|16,1,1,1,fia_clock_participant_single_lap_interval,Collision damage,1.0,,10,high,damage_or_incident_retirement_status|pit_within_two_laps_of_candidate_incident|incident_lap_available,2018-usa Charles Leclerc Sauber race report damage collision puncture front wing floor retirement,site:formula1.com/en/latest 2018-usa Charles Leclerc damage collision puncture pit stop retirement,,,,,,,
db50c120cef2fe8fafbf,incident-src-9cf492ef26deae16,2021-hun,Race,4,Lando Norris,McLaren,affected,4|77,1,1,1,fia_clock_participant_single_lap_interval,Collision,1.0,,10,high,damage_or_incident_retirement_status|pit_within_two_laps_of_candidate_incident|incident_lap_available,2021-hun Lando Norris McLaren race report damage collision puncture front wing floor retirement,site:formula1.com/en/latest 2021-hun Lando Norris damage collision puncture pit stop retirement,,,,,,,
5afd758ad5f2d02ae952,referral-e53b9398877a9d1c,2022-aut,Race,11,Sergio Perez,Red Bull Racing,affected,11|63,1,1,1,fia_clock_participant_single_lap_interval,Collision damage,1.0,,10,high,damage_or_incident_retirement_status|pit_within_two_laps_of_candidate_incident|incident_lap_available,2022-aut Sergio Perez Red Bull Racing race report damage collision puncture front wing floor retirement,site:formula1.com/en/latest 2022-aut Sergio Perez damage collision puncture pit stop retirement,,,,,,,
9500a7c0b42692f880a3,referral-c7f06201ab374d1f,2022-sgp,Race,6,Nicholas Latifi,Williams,accused,6|24,7,7,7,fia_clock_participant_single_lap_interval,Collision damage,7.0,1.0,10,high,damage_or_incident_retirement_status|pit_within_two_laps_of_candidate_incident|incident_lap_available,2022-sgp Nicholas Latifi Williams race report damage collision puncture front wing floor retirement,site:formula1.com/en/latest 2022-sgp Nicholas Latifi damage collision puncture pit stop retirement,,,,,,,
dc2135d2e6043fe15270,referral-e1f645df500c1c11,2022-usa,Race,55,Carlos Sainz,Ferrari,affected,55|63,1,1,1,fia_clock_participant_single_lap_interval,Collision damage,1.0,,10,high,damage_or_incident_retirement_status|pit_within_two_laps_of_candidate_incident|incident_lap_available,2022-usa Carlos Sainz Ferrari race report damage collision puncture front wing floor retirement,site:formula1.com/en/latest 2022-usa Carlos Sainz damage collision puncture pit stop retirement,,,,,,,
73fe3b3b06155ee23485,referral-2d9c0cda09c84248,2023-jpn,Race,2,Logan Sargeant,Williams,accused,2|77,5,5,5,fia_clock_participant_single_lap_interval,Retired,5.0,0.0,10,high,damage_or_incident_retirement_status|pit_within_two_laps_of_candidate_incident|incident_lap_available,2023-jpn Logan Sargeant Williams race report damage collision puncture front wing floor retirement,site:formula1.com/en/latest 2023-jpn Logan Sargeant damage collision puncture pit stop retirement,,,,,,,
858cdef042cf1d6f813b,referral-2d9c0cda09c84248,2023-jpn,Race,77,Valtteri Bottas,Alfa Romeo,affected,2|77,5,5,5,fia_clock_participant_single_lap_interval,Retired,6.0,0.0,10,high,damage_or_incident_retirement_status|pit_within_two_laps_of_candidate_incident|incident_lap_available,2023-jpn Valtteri Bottas Alfa Romeo race report damage collision puncture front wing floor retirement,site:formula1.com/en/latest 2023-jpn Valtteri Bottas damage collision puncture pit stop retirement,,,,,,,
6a3c34a7d1161e9376b9,incident-src-2e20778ef64918d5,2024-abu,Race,77,Valtteri Bottas,Kick Sauber,accused,20|77,30,30,30,fia_clock_participant_single_lap_interval,Retired,30.0,1.0,10,high,damage_or_incident_retirement_status|pit_within_two_laps_of_candidate_incident|incident_lap_available,2024-abu Valtteri Bottas Kick Sauber race report damage collision puncture front wing floor retirement,site:formula1.com/en/latest 2024-abu Valtteri Bottas damage collision puncture pit stop retirement,,,,,,,
fef6c8ca6ebc625abaa7,referral-426530d3c0394fff,2024-abu,Race,43,Franco Colapinto,Williams,affected,43|81,,3,3,fia_clock_participant_single_lap_interval,Retired,3.0,1.0,10,high,damage_or_incident_retirement_status|pit_within_two_laps_of_candidate_incident|incident_lap_available,2024-abu Franco Colapinto Williams race report damage collision puncture front wing floor retirement,site:formula1.com/en/latest 2024-abu Franco Colapinto damage collision puncture pit stop retirement,,,,,,,
e588a96beef2e6217705,referral-b2dfeca185ec8f72,2024-qat,Race,18,Lance Stroll,Aston Martin,accused,18|23,1,1,1,fia_clock_participant_single_lap_interval,Retired,1.0,,10,high,damage_or_incident_retirement_status|pit_within_two_laps_of_candidate_incident|incident_lap_available,2024-qat Lance Stroll Aston Martin race report damage collision puncture front wing floor retirement,site:formula1.com/en/latest 2024-qat Lance Stroll damage collision puncture pit stop retirement,,,,,,,
4ea53e69d2efcb6dfa96,referral-97885793288084e1,2025-gbr,Race,12,Kimi Antonelli,Mercedes,affected,6|12,18,18,18,fia_clock_participant_single_lap_interval,Retired,20.0,1.0,10,high,damage_or_incident_retirement_status|pit_within_two_laps_of_candidate_incident|incident_lap_available,2025-gbr Kimi Antonelli Mercedes race report damage collision puncture front wing floor retirement,site:formula1.com/en/latest 2025-gbr Kimi Antonelli damage collision puncture pit stop retirement,,,,,,,
10055a19f56bda946562,incident-src-9fe86942c422bf75,2018-esp,Race,8,Romain Grosjean,Haas F1 Team,accused,8|10|20|27,1,1,1,fia_clock_participant_single_lap_interval,Collision,,,9,high,damage_or_incident_retirement_status|incident_lap_available|multi_car_incident,2018-esp Romain Grosjean Haas F1 Team race report damage collision puncture front wing floor retirement,site:formula1.com/en/latest 2018-esp Romain Grosjean damage collision puncture pit stop retirement,,,,,,,
2f92162e3596c6c78c89,incident-src-9fe86942c422bf75,2018-esp,Race,10,Pierre Gasly,Toro Rosso,affected,8|10|20|27,1,1,1,fia_clock_participant_single_lap_interval,Collision,,,9,high,damage_or_incident_retirement_status|incident_lap_available|multi_car_incident,2018-esp Pierre Gasly Toro Rosso race report damage collision puncture front wing floor retirement,site:formula1.com/en/latest 2018-esp Pierre Gasly damage collision puncture pit stop retirement,,,,,,,
ac8e49c9efe16d0022c5,incident-src-9fe86942c422bf75,2018-esp,Race,27,Nico Hulkenberg,Renault,affected,8|10|20|27,1,1,1,fia_clock_participant_single_lap_interval,Collision,,,9,high,damage_or_incident_retirement_status|incident_lap_available|multi_car_incident,2018-esp Nico Hulkenberg Renault race report damage collision puncture front wing floor retirement,site:formula1.com/en/latest 2018-esp Nico Hulkenberg damage collision puncture pit stop retirement,,,,,,,
2b272c026807304bbc64,referral-e2a1e81ca9f578ea,2019-chn,Race,26,Daniil Kvyat,Toro Rosso,accused,4|26|55,1,1,1,fia_clock_participant_single_lap_interval,Collision,,,9,high,damage_or_incident_retirement_status|incident_lap_available|multi_car_incident,2019-chn Daniil Kvyat Toro Rosso race report damage collision puncture front wing floor retirement,site:formula1.com/en/latest 2019-chn Daniil Kvyat damage collision puncture pit stop retirement,,,,,,,
dfc8e811e22e411043c8,referral-c369b6c3f1ce4353,2020-bhr,Race,18,Lance Stroll,Racing Point,affected,16|18|26,3,3,3,fia_clock_participant_single_lap_interval,Collision,,,9,high,damage_or_incident_retirement_status|incident_lap_available|multi_car_incident,2020-bhr Lance Stroll Racing Point race report damage collision puncture front wing floor retirement,site:formula1.com/en/latest 2020-bhr Lance Stroll damage collision puncture pit stop retirement,,,,,,,
ece0e204c37f9829a64b,referral-8bdc3080b6a0d7d2,2020-skh,Race,16,Charles Leclerc,Ferrari,accused,11|16|33,1,1,1,fia_clock_participant_single_lap_interval,Collision,,,9,high,damage_or_incident_retirement_status|incident_lap_available|multi_car_incident,2020-skh Charles Leclerc Ferrari race report damage collision puncture front wing floor retirement,site:formula1.com/en/latest 2020-skh Charles Leclerc damage collision puncture pit stop retirement,,,,,,,
fe5dec4ee6ef8a9429df,referral-8bdc3080b6a0d7d2,2020-skh,Race,33,Max Verstappen,Red Bull Racing,affected,11|16|33,1,1,1,fia_clock_participant_single_lap_interval,Accident,,,9,high,damage_or_incident_retirement_status|incident_lap_available|multi_car_incident,2020-skh Max Verstappen Red Bull Racing race report damage collision puncture front wing floor retirement,site:formula1.com/en/latest 2020-skh Max Verstappen damage collision puncture pit stop retirement,,,,,,,
cd1fff2aff3b5627ae18,referral-3168b0e2e5a515c1,2020-tus,Race,10,Pierre Gasly,AlphaTauri,accused_and_affected,7|8|10|16|33,1,1,1,fia_clock_participant_single_lap_interval,Collision,,,9,high,damage_or_incident_retirement_status|incident_lap_available|multi_car_incident,2020-tus Pierre Gasly AlphaTauri race report damage collision puncture front wing floor retirement,site:formula1.com/en/latest 2020-tus Pierre Gasly damage collision puncture pit stop retirement,,,,,,,
364732dab5e0fa338b92,referral-3168b0e2e5a515c1,2020-tus,Race,33,Max Verstappen,Red Bull Racing,accused_and_affected,7|8|10|16|33,1,1,1,fia_clock_participant_single_lap_interval,Collision,,,9,high,damage_or_incident_retirement_status|incident_lap_available|multi_car_incident,2020-tus Max Verstappen Red Bull Racing race report damage collision puncture front wing floor retirement,site:formula1.com/en/latest 2020-tus Max Verstappen damage collision puncture pit stop retirement,,,,,,,
175b1660cfeea66e9ba6,referral-36e92eadd8444450,2022-gbr,Race,10,Pierre Gasly,AlphaTauri,affected,10|22,11,11,11,fia_clock_participant_single_lap_interval,Collision damage,,6.0,9,high,damage_or_incident_retirement_status|incident_lap_available|observed_drop_of_three_or_more_positions,2022-gbr Pierre Gasly AlphaTauri race report damage collision puncture front wing floor retirement,site:formula1.com/en/latest 2022-gbr Pierre Gasly damage collision puncture pit stop retirement,,,,,,,
c0262fd78eee0a8eaf66,referral-1634cab5349707ea,2022-mia,Race,5,Sebastian Vettel,Aston Martin,accused_and_affected,5|20|47,48,48,48,fia_clock_participant_single_lap_interval,Collision,,0.0,9,high,damage_or_incident_retirement_status|incident_lap_available|multi_car_incident,2022-mia Sebastian Vettel Aston Martin race report damage collision puncture front wing floor retirement,site:formula1.com/en/latest 2022-mia Sebastian Vettel damage collision puncture pit stop retirement,,,,,,,
924c3ea32c386094bce0,referral-1634cab5349707ea,2022-mia,Race,20,Kevin Magnussen,Haas F1 Team,affected,5|20|47,48,48,48,fia_clock_participant_single_lap_interval,Front wing,,0.0,9,high,damage_or_incident_retirement_status|incident_lap_available|multi_car_incident,2022-mia Kevin Magnussen Haas F1 Team race report damage collision puncture front wing floor retirement,site:formula1.com/en/latest 2022-mia Kevin Magnussen damage collision puncture pit stop retirement,,,,,,,
beaf5bc6861b4eb32405,referral-c7bba055f7371459,2024-jpn,Race,3,Daniel Ricciardo,RB,accused,3|18|23,1,1,1,fia_clock_participant_single_lap_interval,Retired,,,9,high,damage_or_incident_retirement_status|incident_lap_available|multi_car_incident,2024-jpn Daniel Ricciardo RB race report damage collision puncture front wing floor retirement,site:formula1.com/en/latest 2024-jpn Daniel Ricciardo damage collision puncture pit stop retirement,,,,,,,
11975b249951498eed68,referral-c7bba055f7371459,2024-jpn,Race,23,Alexander Albon,Williams,affected,3|18|23,1,1,1,fia_clock_participant_single_lap_interval,Retired,,,9,high,damage_or_incident_retirement_status|incident_lap_available|multi_car_incident,2024-jpn Alexander Albon Williams race report damage collision puncture front wing floor retirement,site:formula1.com/en/latest 2024-jpn Alexander Albon damage collision puncture pit stop retirement,,,,,,,
5c18da9417c5fa40ac10,incident-group-86e2a514b5312efc,2024-mia,Sprint,4,Lando Norris,McLaren,affected,4|14|18|44,1,1,1,fia_clock_participant_single_lap_interval,Retired,,,9,high,damage_or_incident_retirement_status|incident_lap_available|multi_car_incident,2024-mia Lando Norris McLaren race report damage collision puncture front wing floor retirement,site:formula1.com/en/latest 2024-mia Lando Norris damage collision puncture pit stop retirement,,,,,,,
24c8459d65be7659b9d9,referral-5dcd77f0eab66ae4,2025-aut,Race,1,Max Verstappen,Red Bull Racing,affected,1|12|30,1,1,1,fia_clock_participant_single_lap_interval,Retired,,,9,high,damage_or_incident_retirement_status|incident_lap_available|multi_car_incident,2025-aut Max Verstappen Red Bull Racing race report damage collision puncture front wing floor retirement,site:formula1.com/en/latest 2025-aut Max Verstappen damage collision puncture pit stop retirement,,,,,,,
9b9dd748bd4435dc0d46,referral-5dcd77f0eab66ae4,2025-aut,Race,12,Kimi Antonelli,Mercedes,accused,1|12|30,1,1,1,fia_clock_participant_single_lap_interval,Retired,,,9,high,damage_or_incident_retirement_status|incident_lap_available|multi_car_incident,2025-aut Kimi Antonelli Mercedes race report damage collision puncture front wing floor retirement,site:formula1.com/en/latest 2025-aut Kimi Antonelli damage collision puncture pit stop retirement,,,,,,,
4fdc2bbe318c89ad1263,referral-f5b0ef6d99d368fc,2025-esp,Race,23,Alexander Albon,Williams,affected,23|30|87,31,31,,adjudication_lap_candidate,Retired,,,9,high,damage_or_incident_retirement_status|incident_lap_available|multi_car_incident,2025-esp Alexander Albon Williams race report damage collision puncture front wing floor retirement,site:formula1.com/en/latest 2025-esp Alexander Albon damage collision puncture pit stop retirement,,,,,,,
7023c54f61ceb315e20e,referral-2ba396eba5a59d95,2025-lvs,Race,18,Lance Stroll,Aston Martin,affected,5|18|43,1,1,1,fia_clock_participant_single_lap_interval,Retired,,,9,high,damage_or_incident_retirement_status|incident_lap_available|multi_car_incident,2025-lvs Lance Stroll Aston Martin race report damage collision puncture front wing floor retirement,site:formula1.com/en/latest 2025-lvs Lance Stroll damage collision puncture pit stop retirement,,,,,,,
d7bd275c1b308ab610af,referral-562b20d8442a7b89,2025-ned,Race,16,Charles Leclerc,Ferrari,affected,12|16|63,53,53,,adjudication_lap_candidate,Retired,,,9,high,damage_or_incident_retirement_status|incident_lap_available|multi_car_incident,2025-ned Charles Leclerc Ferrari race report damage collision puncture front wing floor retirement,site:formula1.com/en/latest 2025-ned Charles Leclerc damage collision puncture pit stop retirement,,,,,,,
eb123a340ddeb56b9c6f,referral-3dcd04109c7befd9,2025-sau,Race,10,Pierre Gasly,Alpine,affected,10|22|55,1,1,1,fia_clock_participant_single_lap_interval,Retired,,,9,high,damage_or_incident_retirement_status|incident_lap_available|multi_car_incident,2025-sau Pierre Gasly Alpine race report damage collision puncture front wing floor retirement,site:formula1.com/en/latest 2025-sau Pierre Gasly damage collision puncture pit stop retirement,,,,,,,
588baab89ca72f850b24,referral-9b6de88fc350879a,2018-abu,Race,27,Nico Hulkenberg,Renault,accused,8|27,1,1,1,fia_clock_participant_single_lap_interval,Collision,,,7,high,damage_or_incident_retirement_status|incident_lap_available,2018-abu Nico Hulkenberg Renault race report damage collision puncture front wing floor retirement,site:formula1.com/en/latest 2018-abu Nico Hulkenberg damage collision puncture pit stop retirement,,,,,,,
228e04eaacd73609e30a,incident-src-915feddd8ae6b043,2018-aze,Race,35,Sergey Sirotkin,Williams,accused,11|35,1,1,1,fia_clock_participant_single_lap_interval,Collision,,,7,high,damage_or_incident_retirement_status|incident_lap_available,2018-aze Sergey Sirotkin Williams race report damage collision puncture front wing floor retirement,site:formula1.com/en/latest 2018-aze Sergey Sirotkin damage collision puncture pit stop retirement,,,,,,,
f64363c9520c3babaefe,referral-000a36711d6e5f60,2018-aze,Race,31,Esteban Ocon,Force India,accused,7|31,1,1,1,fia_clock_participant_single_lap_interval,Collision,,,7,high,damage_or_incident_retirement_status|incident_lap_available,2018-aze Esteban Ocon Force India race report damage collision puncture front wing floor retirement,site:formula1.com/en/latest 2018-aze Esteban Ocon damage collision puncture pit stop retirement,,,,,,,
2a407a823282b1aa8a96,referral-fa03188bfc3f5b32,2018-aze,Race,3,Daniel Ricciardo,Red Bull Racing,accused_and_affected,3|33,40,40,40,fia_clock_participant_single_lap_interval,Collision,,,7,high,damage_or_incident_retirement_status|incident_lap_available,2018-aze Daniel Ricciardo Red Bull Racing race report damage collision puncture front wing floor retirement,site:formula1.com/en/latest 2018-aze Daniel Ricciardo damage collision puncture pit stop retirement,,,,,,,
112e500207ca06e678bf,referral-fa03188bfc3f5b32,2018-aze,Race,33,Max Verstappen,Red Bull Racing,accused_and_affected,3|33,40,40,40,fia_clock_participant_single_lap_interval,Collision,,,7,high,damage_or_incident_retirement_status|incident_lap_available,2018-aze Max Verstappen Red Bull Racing race report damage collision puncture front wing floor retirement,site:formula1.com/en/latest 2018-aze Max Verstappen damage collision puncture pit stop retirement,,,,,,,
cd89fa866a92d720798b,incident-src-f2430a8dcab51295,2018-bel,Race,14,Fernando Alonso,McLaren,affected,14|27,1,1,1,fia_clock_participant_single_lap_interval,Accident,,,7,high,damage_or_incident_retirement_status|incident_lap_available,2018-bel Fernando Alonso McLaren race report damage collision puncture front wing floor retirement,site:formula1.com/en/latest 2018-bel Fernando Alonso damage collision puncture pit stop retirement,,,,,,,
b0c7373f554d1c9db77f,incident-src-f2430a8dcab51295,2018-bel,Race,27,Nico Hulkenberg,Renault,accused,14|27,1,1,1,fia_clock_participant_single_lap_interval,Accident,,,7,high,damage_or_incident_retirement_status|incident_lap_available,2018-bel Nico Hulkenberg Renault race report damage collision puncture front wing floor retirement,site:formula1.com/en/latest 2018-bel Nico Hulkenberg damage collision puncture pit stop retirement,,,,,,,
cf7206a3d97a77a4f4dc,referral-6aae47e17c294ba7,2018-can,Race,18,Lance Stroll,Williams,accused,18|28,1,1,1,fia_clock_participant_single_lap_interval,Collision,,,7,high,damage_or_incident_retirement_status|incident_lap_available,2018-can Lance Stroll Williams race report damage collision puncture front wing floor retirement,site:formula1.com/en/latest 2018-can Lance Stroll damage collision puncture pit stop retirement,,,,,,,
5aba643709d8b103a207,referral-6aae47e17c294ba7,2018-can,Race,28,Brendon Hartley,Toro Rosso,affected,18|28,1,1,1,fia_clock_participant_single_lap_interval,Collision,,,7,high,damage_or_incident_retirement_status|incident_lap_available,2018-can Brendon Hartley Toro Rosso race report damage collision puncture front wing floor retirement,site:formula1.com/en/latest 2018-can Brendon Hartley damage collision puncture pit stop retirement,,,,,,,
04cdb8b681f008128e73,referral-572ef9f566c02a47,2018-fra,Race,31,Esteban Ocon,Force India,affected,8|31,1,1,1,fia_clock_participant_single_lap_interval,Collision,,,7,high,damage_or_incident_retirement_status|incident_lap_available,2018-fra Esteban Ocon Force India race report damage collision puncture front wing floor retirement,site:formula1.com/en/latest 2018-fra Esteban Ocon damage collision puncture pit stop retirement,,,,,,,
75ec47d59543f628c553,referral-b8d75cb18fc7f059,2018-fra,Race,10,Pierre Gasly,Toro Rosso,accused_and_affected,10|31,1,1,1,fia_clock_participant_single_lap_interval,Collision,,,7,high,damage_or_incident_retirement_status|incident_lap_available,2018-fra Pierre Gasly Toro Rosso race report damage collision puncture front wing floor retirement,site:formula1.com/en/latest 2018-fra Pierre Gasly damage collision puncture pit stop retirement,,,,,,,
8bf23a2b984d67f85763,referral-b8d75cb18fc7f059,2018-fra,Race,31,Esteban Ocon,Force India,accused_and_affected,10|31,1,1,1,fia_clock_participant_single_lap_interval,Collision,,,7,high,damage_or_incident_retirement_status|incident_lap_available,2018-fra Esteban Ocon Force India race report damage collision puncture front wing floor retirement,site:formula1.com/en/latest 2018-fra Esteban Ocon damage collision puncture pit stop retirement,,,,,,,
5296734b321fc8bc31df,referral-54d4208235326886,2018-gbr,Race,8,Romain Grosjean,Haas F1 Team,accused_and_affected,8|20,1,1,1,fia_clock_participant_single_lap_interval,Collision,,,7,high,damage_or_incident_retirement_status|incident_lap_available,2018-gbr Romain Grosjean Haas F1 Team race report damage collision puncture front wing floor retirement,site:formula1.com/en/latest 2018-gbr Romain Grosjean damage collision puncture pit stop retirement,,,,,,,
6e57ae35a34dff793bb1,referral-735cdd9a62f7643d,2018-gbr,Race,8,Romain Grosjean,Haas F1 Team,accused,8|55,38,38,,adjudication_lap_candidate,Collision,,,7,high,damage_or_incident_retirement_status|incident_lap_available,2018-gbr Romain Grosjean Haas F1 Team race report damage collision puncture front wing floor retirement,site:formula1.com/en/latest 2018-gbr Romain Grosjean damage collision puncture pit stop retirement,,,,,,,
c6d7003f3211e67679a0,referral-735cdd9a62f7643d,2018-gbr,Race,55,Carlos Sainz,Renault,affected,8|55,38,38,,adjudication_lap_candidate,Collision,,,7,high,damage_or_incident_retirement_status|incident_lap_available,2018-gbr Carlos Sainz Renault race report damage collision puncture front wing floor retirement,site:formula1.com/en/latest 2018-gbr Carlos Sainz damage collision puncture pit stop retirement,,,,,,,
9b9a6113e9f1a23cbee2,incident-src-1e31200d5298f217,2018-mco,Race,16,Charles Leclerc,Sauber,accused,16|28,71,71,71,fia_clock_participant_single_lap_interval,Collision,,,7,high,damage_or_incident_retirement_status|incident_lap_available,2018-mco Charles Leclerc Sauber race report damage collision puncture front wing floor retirement,site:formula1.com/en/latest 2018-mco Charles Leclerc damage collision puncture pit stop retirement,,,,,,,
e8fc05b0e22bdbcec279,referral-b77c71894b8712d2,2018-sgp,Race,31,Esteban Ocon,Racing Point,affected,11|31,1,1,1,fia_clock_participant_single_lap_interval,Collision,,,7,high,damage_or_incident_retirement_status|incident_lap_available,2018-sgp Esteban Ocon Racing Point race report damage collision puncture front wing floor retirement,site:formula1.com/en/latest 2018-sgp Esteban Ocon damage collision puncture pit stop retirement,,,,,,,
82f9f04759561ffdb672,incident-src-8ac64d49533b4e49,2019-bhr,Race,26,Daniil Kvyat,Toro Rosso,affected,26|99,12,12,12,fia_clock_participant_single_lap_interval,+1 Lap,12.0,5.0,7,high,pit_within_two_laps_of_candidate_incident|incident_lap_available|observed_drop_of_three_or_more_positions,2019-bhr Daniil Kvyat Toro Rosso race report damage collision puncture front wing floor retirement,site:formula1.com/en/latest 2019-bhr Daniil Kvyat damage collision puncture pit stop retirement,,,,,,,
1bc9282c81de7f0d2f5c,incident-src-a2465e3be559632e,2019-bhr,Race,26,Daniil Kvyat,Toro Rosso,accused,26|99,12,12,12,fia_clock_participant_single_lap_interval,+1 Lap,12.0,5.0,7,high,pit_within_two_laps_of_candidate_incident|incident_lap_available|observed_drop_of_three_or_more_positions,2019-bhr Daniil Kvyat Toro Rosso race report damage collision puncture front wing floor retirement,site:formula1.com/en/latest 2019-bhr Daniil Kvyat damage collision puncture pit stop retirement,,,,,,,
b3d02a9281c7f7eaa6c1,referral-8eaeadc8694923f5,2019-bra,Race,3,Daniel Ricciardo,Renault,accused,3|20,8,8,8,fia_clock_participant_single_lap_interval,Finished,8.0,3.0,7,high,pit_within_two_laps_of_candidate_incident|incident_lap_available|observed_drop_of_three_or_more_positions,2019-bra Daniel Ricciardo Renault race report damage collision puncture front wing floor retirement,site:formula1.com/en/latest 2019-bra Daniel Ricciardo damage collision puncture pit stop retirement,,,,,,,
dc2fae83e37473563787,referral-e2a1e81ca9f578ea,2019-chn,Race,55,Carlos Sainz,McLaren,affected,4|26|55,1,1,1,fia_clock_participant_single_lap_interval,+1 Lap,1.0,,7,high,pit_within_two_laps_of_candidate_incident|incident_lap_available|multi_car_incident,2019-chn Carlos Sainz McLaren race report damage collision puncture front wing floor retirement,site:formula1.com/en/latest 2019-chn Carlos Sainz damage collision puncture pit stop retirement,,,,,,,
33cb5cc1aae8a93521a5,referral-23100d35fc5906d1,2019-deu,Race,10,Pierre Gasly,Red Bull Racing,accused,10|23,62,62,62,fia_clock_participant_single_lap_interval,Collision,,,7,high,damage_or_incident_retirement_status|incident_lap_available,2019-deu Pierre Gasly Red Bull Racing race report damage collision puncture front wing floor retirement,site:formula1.com/en/latest 2019-deu Pierre Gasly damage collision puncture pit stop retirement,,,,,,,
937888d4f72077967f4a,referral-768f90a84f2bf19b,2019-ita,Race,5,Sebastian Vettel,Ferrari,accused,5|18,6,6,6,fia_clock_participant_single_lap_interval,+1 Lap,6.0,15.0,7,high,pit_within_two_laps_of_candidate_incident|incident_lap_available|observed_drop_of_three_or_more_positions,2019-ita Sebastian Vettel Ferrari race report damage collision puncture front wing floor retirement,site:formula1.com/en/latest 2019-ita Sebastian Vettel damage collision puncture pit stop retirement,,,,,,,
3cbb91e3d8f8cf237da3,referral-5fdbc018f02e34db,2019-sgp,Race,63,George Russell,Williams,accused_and_affected,8|63,35,35,35,fia_clock_participant_single_lap_interval,Collision,,,7,high,damage_or_incident_retirement_status|incident_lap_available,2019-sgp George Russell Williams race report damage collision puncture front wing floor retirement,site:formula1.com/en/latest 2019-sgp George Russell damage collision puncture pit stop retirement,,,,,,,
0c3796ee64bbdf0eba43,referral-9d11f86984796490,2020-eif,Race,63,George Russell,Williams,affected,7|63,,13,13,fia_clock_participant_single_lap_interval,Collision,,,7,high,damage_or_incident_retirement_status|incident_lap_available,2020-eif George Russell Williams race report damage collision puncture front wing floor retirement,site:formula1.com/en/latest 2020-eif George Russell damage collision puncture pit stop retirement,,,,,,,
513a982f2e365e3b35ee,referral-8bdc3080b6a0d7d2,2020-skh,Race,11,Sergio Perez,Racing Point,affected,11|16|33,1,1,1,fia_clock_participant_single_lap_interval,Finished,1.0,,7,high,pit_within_two_laps_of_candidate_incident|incident_lap_available|multi_car_incident,2020-skh Sergio Perez Racing Point race report damage collision puncture front wing floor retirement,site:formula1.com/en/latest 2020-skh Sergio Perez damage collision puncture pit stop retirement,,,,,,,
d8479c5b42de1561faea,referral-3168b0e2e5a515c1,2020-tus,Race,7,Kimi Räikkönen,Alfa Romeo Racing,accused_and_affected,7|8|10|16|33,1,1,1,fia_clock_participant_single_lap_interval,Finished,1.0,,7,high,pit_within_two_laps_of_candidate_incident|incident_lap_available|multi_car_incident,2020-tus Kimi Räikkönen Alfa Romeo Racing race report damage collision puncture front wing floor retirement,site:formula1.com/en/latest 2020-tus Kimi Räikkönen damage collision puncture pit stop retirement,,,,,,,
bea29042ee18243fd5e5,referral-a520c9f861b21016,2021-gbr,Race,33,Max Verstappen,Red Bull Racing,affected,33|44,1,1,1,fia_clock_participant_single_lap_interval,Collision,,,7,high,damage_or_incident_retirement_status|incident_lap_available,2021-gbr Max Verstappen Red Bull Racing race report damage collision puncture front wing floor retirement,site:formula1.com/en/latest 2021-gbr Max Verstappen damage collision puncture pit stop retirement,,,,,,,
f53ef809ef2fcdcddb0a,incident-src-3bb833a815e06668,2021-hun,Race,16,Charles Leclerc,Ferrari,affected,16|18,1,1,1,fia_clock_participant_single_lap_interval,Collision,,,7,high,damage_or_incident_retirement_status|incident_lap_available,2021-hun Charles Leclerc Ferrari race report damage collision puncture front wing floor retirement,site:formula1.com/en/latest 2021-hun Charles Leclerc damage collision puncture pit stop retirement,,,,,,,
0a16654de466cfa0f534,incident-src-3bb833a815e06668,2021-hun,Race,18,Lance Stroll,Aston Martin,accused,16|18,1,1,1,fia_clock_participant_single_lap_interval,Collision,,,7,high,damage_or_incident_retirement_status|incident_lap_available,2021-hun Lance Stroll Aston Martin race report damage collision puncture front wing floor retirement,site:formula1.com/en/latest 2021-hun Lance Stroll damage collision puncture pit stop retirement,,,,,,,
69ed6dabafe0ffc7f083,incident-src-9cf492ef26deae16,2021-hun,Race,77,Valtteri Bottas,Mercedes,accused,4|77,1,1,1,fia_clock_participant_single_lap_interval,Collision,,,7,high,damage_or_incident_retirement_status|incident_lap_available,2021-hun Valtteri Bottas Mercedes race report damage collision puncture front wing floor retirement,site:formula1.com/en/latest 2021-hun Valtteri Bottas damage collision puncture pit stop retirement,,,,,,,
2589b3d6f21f0ed1503a,incident-src-f21c53526f851c56,2021-sau,Race,11,Sergio Perez,Red Bull Racing,accused,11|16,15,15,15,fia_clock_participant_single_lap_interval,Collision,,,7,high,damage_or_incident_retirement_status|incident_lap_available,2021-sau Sergio Perez Red Bull Racing race report damage collision puncture front wing floor retirement,site:formula1.com/en/latest 2021-sau Sergio Perez damage collision puncture pit stop retirement,,,,,,,
e171a3ec7a5114470b11,referral-06f7cbef42a85f11,2022-bel,Race,44,Lewis Hamilton,Mercedes,accused,14|44,1,1,1,fia_clock_participant_single_lap_interval,Collision damage,,,7,high,damage_or_incident_retirement_status|incident_lap_available,2022-bel Lewis Hamilton Mercedes race report damage collision puncture front wing floor retirement,site:formula1.com/en/latest 2022-bel Lewis Hamilton damage collision puncture pit stop retirement,,,,,,,
43dd58954d3271520fb8,referral-77de8f515baa8b7e,2022-fra,Race,6,Nicholas Latifi,Williams,accused_and_affected,6|20|47,,,,unresolved,Collision damage,,,7,high,damage_or_incident_retirement_status|multi_car_incident,2022-fra Nicholas Latifi Williams race report damage collision puncture front wing floor retirement,site:formula1.com/en/latest 2022-fra Nicholas Latifi damage collision puncture pit stop retirement,,,,,,,
693fca6deab94d4af6ba,referral-77de8f515baa8b7e,2022-fra,Race,20,Kevin Magnussen,Haas F1 Team,accused_and_affected,6|20|47,,,,unresolved,Collision damage,,,7,high,damage_or_incident_retirement_status|multi_car_incident,2022-fra Kevin Magnussen Haas F1 Team race report damage collision puncture front wing floor retirement,site:formula1.com/en/latest 2022-fra Kevin Magnussen damage collision puncture pit stop retirement,,,,,,,
03725a0dbc34d2b95b8a,referral-ab5ecffd4b1f535b,2022-mia,Race,20,Kevin Magnussen,Haas F1 Team,accused_and_affected,18|20,47,47,,adjudication_lap_candidate,Front wing,,1.0,7,high,damage_or_incident_retirement_status|incident_lap_available,2022-mia Kevin Magnussen Haas F1 Team race report damage collision puncture front wing floor retirement,site:formula1.com/en/latest 2022-mia Kevin Magnussen damage collision puncture pit stop retirement,,,,,,,
f0638973def8036c0d3d,referral-67780866808a5f6f,2022-sao,Race,3,Daniel Ricciardo,McLaren,accused,3|20,1,1,1,fia_clock_participant_single_lap_interval,Collision,,,7,high,damage_or_incident_retirement_status|incident_lap_available,2022-sao Daniel Ricciardo McLaren race report damage collision puncture front wing floor retirement,site:formula1.com/en/latest 2022-sao Daniel Ricciardo damage collision puncture pit stop retirement,,,,,,,
eab76cfcc22a95f08e50,referral-67780866808a5f6f,2022-sao,Race,20,Kevin Magnussen,Haas F1 Team,affected,3|20,1,1,1,fia_clock_participant_single_lap_interval,Collision,,,7,high,damage_or_incident_retirement_status|incident_lap_available,2022-sao Kevin Magnussen Haas F1 Team race report damage collision puncture front wing floor retirement,site:formula1.com/en/latest 2022-sao Kevin Magnussen damage collision puncture pit stop retirement,,,,,,,
d7362b63560e3dd63984,referral-c7f06201ab374d1f,2022-sgp,Race,24,Guanyu Zhou,Alfa Romeo,affected,6|24,7,7,7,fia_clock_participant_single_lap_interval,Collision,,,7,high,damage_or_incident_retirement_status|incident_lap_available,2022-sgp Guanyu Zhou Alfa Romeo race report damage collision puncture front wing floor retirement,site:formula1.com/en/latest 2022-sgp Guanyu Zhou damage collision puncture pit stop retirement,,,,,,,
52da8ac78aa1af3dbf46,referral-52ca5ebc758ae25e,2022-usa,Race,14,Fernando Alonso,Alpine,affected,14|18,22,22,22,fia_clock_participant_single_lap_interval,Finished,22.0,5.0,7,high,pit_within_two_laps_of_candidate_incident|incident_lap_available|observed_drop_of_three_or_more_positions,2022-usa Fernando Alonso Alpine race report damage collision puncture front wing floor retirement,site:formula1.com/en/latest 2022-usa Fernando Alonso damage collision puncture pit stop retirement,,,,,,,
d348c98064af64152423,referral-52ca5ebc758ae25e,2022-usa,Race,18,Lance Stroll,Aston Martin,accused,14|18,22,22,22,fia_clock_participant_single_lap_interval,Collision,,,7,high,damage_or_incident_retirement_status|incident_lap_available,2022-usa Lance Stroll Aston Martin race report damage collision puncture front wing floor retirement,site:formula1.com/en/latest 2022-usa Lance Stroll damage collision puncture pit stop retirement,,,,,,,
110c650b42aaf2a8a3ea,referral-570dacabeafaef1c,2023-jpn,Race,20,Kevin Magnussen,Haas F1 Team,affected,11|20,12,12,12,fia_clock_participant_single_lap_interval,Lapped,12.0,6.0,7,high,pit_within_two_laps_of_candidate_incident|incident_lap_available|observed_drop_of_three_or_more_positions,2023-jpn Kevin Magnussen Haas F1 Team race report damage collision puncture front wing floor retirement,site:formula1.com/en/latest 2023-jpn Kevin Magnussen damage collision puncture pit stop retirement,,,,,,,
06c7c1cbb50b7c7353ed,referral-03dadc373d8e923f,2023-qat,Race,44,Lewis Hamilton,Mercedes,accused,44|63,1,1,1,fia_clock_participant_single_lap_interval,Retired,,,7,high,damage_or_incident_retirement_status|incident_lap_available,2023-qat Lewis Hamilton Mercedes race report damage collision puncture front wing floor retirement,site:formula1.com/en/latest 2023-qat Lewis Hamilton damage collision puncture pit stop retirement,,,,,,,
28439d82ea2e0c3a0e29,referral-50ed2c378523739f,2023-qat,Sprint,11,Sergio Perez,Red Bull Racing,accused_and_affected,11|27|31,,,10|11,fia_clock_participant_multi_lap_window,Retired,,,7,high,damage_or_incident_retirement_status|multi_car_incident,2023-qat Sergio Perez Red Bull Racing race report damage collision puncture front wing floor retirement,site:formula1.com/en/latest 2023-qat Sergio Perez damage collision puncture pit stop retirement,,,,,,,
2b194553a21ad2897315,referral-50ed2c378523739f,2023-qat,Sprint,27,Nico Hulkenberg,Haas F1 Team,accused_and_affected,11|27|31,,,10|11,fia_clock_participant_multi_lap_window,Retired,,,7,high,damage_or_incident_retirement_status|multi_car_incident,2023-qat Nico Hulkenberg Haas F1 Team race report damage collision puncture front wing floor retirement,site:formula1.com/en/latest 2023-qat Nico Hulkenberg damage collision puncture pit stop retirement,,,,,,,
25948e1d01553de38a5a,referral-50ed2c378523739f,2023-qat,Sprint,31,Esteban Ocon,Alpine,accused_and_affected,11|27|31,,,10|11,fia_clock_participant_multi_lap_window,Retired,,,7,high,damage_or_incident_retirement_status|multi_car_incident,2023-qat Esteban Ocon Alpine race report damage collision puncture front wing floor retirement,site:formula1.com/en/latest 2023-qat Esteban Ocon damage collision puncture pit stop retirement,,,,,,,
f9bb7ca2c9d8f1dafcd9,incident-src-2e20778ef64918d5,2024-abu,Race,20,Kevin Magnussen,Haas F1 Team,affected,20|77,30,30,30,fia_clock_participant_single_lap_interval,Lapped,30.0,3.0,7,high,pit_within_two_laps_of_candidate_incident|incident_lap_available|observed_drop_of_three_or_more_positions,2024-abu Kevin Magnussen Haas F1 Team race report damage collision puncture front wing floor retirement,site:formula1.com/en/latest 2024-abu Kevin Magnussen damage collision puncture pit stop retirement,,,,,,,
d0d03d7f4c6b7a8c0b6d,referral-09e39de88467ad49,2024-abu,Race,11,Sergio Perez,Red Bull Racing,affected,11|77,1,1,1,fia_clock_participant_single_lap_interval,Retired,,,7,high,damage_or_incident_retirement_status|incident_lap_available,2024-abu Sergio Perez Red Bull Racing race report damage collision puncture front wing floor retirement,site:formula1.com/en/latest 2024-abu Sergio Perez damage collision puncture pit stop retirement,,,,,,,
08b46ee79e77607af2b1,referral-09e39de88467ad49,2024-abu,Race,77,Valtteri Bottas,Kick Sauber,accused,11|77,1,1,1,fia_clock_participant_single_lap_interval,Retired,,,7,high,damage_or_incident_retirement_status|incident_lap_available,2024-abu Valtteri Bottas Kick Sauber race report damage collision puncture front wing floor retirement,site:formula1.com/en/latest 2024-abu Valtteri Bottas damage collision puncture pit stop retirement,,,,,,,
05c618e3ca842c4c08f7,referral-8606750ab5c2e36e,2024-aze,Race,11,Sergio Perez,Red Bull Racing,accused_and_affected,11|55,50,50,50,fia_clock_participant_single_lap_interval,Retired,,,7,high,damage_or_incident_retirement_status|incident_lap_available,2024-aze Sergio Perez Red Bull Racing race report damage collision puncture front wing floor retirement,site:formula1.com/en/latest 2024-aze Sergio Perez damage collision puncture pit stop retirement,,,,,,,
a0e32bce712785a0325a,referral-8606750ab5c2e36e,2024-aze,Race,55,Carlos Sainz,Ferrari,accused_and_affected,11|55,50,50,50,fia_clock_participant_single_lap_interval,Retired,,,7,high,damage_or_incident_retirement_status|incident_lap_available,2024-aze Carlos Sainz Ferrari race report damage collision puncture front wing floor retirement,site:formula1.com/en/latest 2024-aze Carlos Sainz damage collision puncture pit stop retirement,,,,,,,
8f34ee3bfa627a40fd13,referral-bc57992bc49b2fc1,2024-chn,Race,20,Kevin Magnussen,Haas F1 Team,accused,20|22,27,27,27,fia_clock_participant_single_lap_interval,Finished,27.0,4.0,7,high,pit_within_two_laps_of_candidate_incident|incident_lap_available|observed_drop_of_three_or_more_positions,2024-chn Kevin Magnussen Haas F1 Team race report damage collision puncture front wing floor retirement,site:formula1.com/en/latest 2024-chn Kevin Magnussen damage collision puncture pit stop retirement,,,,,,,
a88ecd64dca5faf70436,referral-bc57992bc49b2fc1,2024-chn,Race,22,Yuki Tsunoda,RB,affected,20|22,27,27,27,fia_clock_participant_single_lap_interval,Retired,,,7,high,damage_or_incident_retirement_status|incident_lap_available,2024-chn Yuki Tsunoda RB race report damage collision puncture front wing floor retirement,site:formula1.com/en/latest 2024-chn Yuki Tsunoda damage collision puncture pit stop retirement,,,,,,,
f4788267eea7e545f791,referral-c7bba055f7371459,2024-jpn,Race,18,Lance Stroll,Aston Martin,affected,3|18|23,1,1,1,fia_clock_participant_single_lap_interval,Lapped,1.0,,7,high,pit_within_two_laps_of_candidate_incident|incident_lap_available|multi_car_incident,2024-jpn Lance Stroll Aston Martin race report damage collision puncture front wing floor retirement,site:formula1.com/en/latest 2024-jpn Lance Stroll damage collision puncture pit stop retirement,,,,,,,
87ce78e4698a89129f3e,incident-src-6ea8c11583ab4051,2024-mco,Race,31,Esteban Ocon,Alpine,accused,10|31,1,1,1,fia_clock_participant_single_lap_interval,Retired,,,7,high,damage_or_incident_retirement_status|incident_lap_available,2024-mco Esteban Ocon Alpine race report damage collision puncture front wing floor retirement,site:formula1.com/en/latest 2024-mco Esteban Ocon damage collision puncture pit stop retirement,,,,,,,
c7a01d33c13723afd759,incident-group-86e2a514b5312efc,2024-mia,Sprint,14,Fernando Alonso,Aston Martin,accused_and_affected,4|14|18|44,1,1,1,fia_clock_participant_single_lap_interval,Finished,1.0,,7,high,pit_within_two_laps_of_candidate_incident|incident_lap_available|multi_car_incident,2024-mia Fernando Alonso Aston Martin race report damage collision puncture front wing floor retirement,site:formula1.com/en/latest 2024-mia Fernando Alonso damage collision puncture pit stop retirement,,,,,,,
c46e7005ba365e61ce64,incident-group-86e2a514b5312efc,2024-mia,Sprint,44,Lewis Hamilton,Mercedes,accused_and_affected,4|14|18|44,1,1,1,fia_clock_participant_single_lap_interval,Finished,1.0,,7,high,pit_within_two_laps_of_candidate_incident|incident_lap_available|multi_car_incident,2024-mia Lewis Hamilton Mercedes race report damage collision puncture front wing floor retirement,site:formula1.com/en/latest 2024-mia Lewis Hamilton damage collision puncture pit stop retirement,,,,,,,
1e47c76270a5d73489b9,referral-4533a764cb46f7af,2024-sao,Race,43,Franco Colapinto,Williams,affected,43|50,4,4,4,fia_clock_participant_single_lap_interval,Retired,,0.0,7,high,damage_or_incident_retirement_status|incident_lap_available,2024-sao Franco Colapinto Williams race report damage collision puncture front wing floor retirement,site:formula1.com/en/latest 2024-sao Franco Colapinto damage collision puncture pit stop retirement,,,,,,,
60fb11af9308f99743b7,referral-97885793288084e1,2025-gbr,Race,6,Isack Hadjar,Racing Bulls,accused,6|12,18,18,18,fia_clock_participant_single_lap_interval,Retired,,,7,high,damage_or_incident_retirement_status|incident_lap_available,2025-gbr Isack Hadjar Racing Bulls race report damage collision puncture front wing floor retirement,site:formula1.com/en/latest 2025-gbr Isack Hadjar damage collision puncture pit stop retirement,,,,,,,
5228f47255202005443b,referral-299f74f832c44e98,2025-lvs,Race,30,Liam Lawson,Racing Bulls,accused,30|55|63|81,1,1,1,fia_clock_participant_single_lap_interval,Lapped,2.0,,7,high,pit_within_two_laps_of_candidate_incident|incident_lap_available|multi_car_incident,2025-lvs Liam Lawson Racing Bulls race report damage collision puncture front wing floor retirement,site:formula1.com/en/latest 2025-lvs Liam Lawson damage collision puncture pit stop retirement,,,,,,,
4e7981f921e2d883e4e2,referral-b7a7e983f39b483b,2025-mia,Sprint,14,Fernando Alonso,Aston Martin,affected,14|30,14,14,,adjudication_lap_candidate,Retired,,,7,high,damage_or_incident_retirement_status|incident_lap_available,2025-mia Fernando Alonso Aston Martin race report damage collision puncture front wing floor retirement,site:formula1.com/en/latest 2025-mia Fernando Alonso damage collision puncture pit stop retirement,,,,,,,
1d830b0099b71bb57c8a,referral-562b20d8442a7b89,2025-ned,Race,12,Kimi Antonelli,Mercedes,accused,12|16|63,53,53,53,fia_clock_participant_single_lap_interval,Finished,53.0,-1.0,7,high,pit_within_two_laps_of_candidate_incident|incident_lap_available|multi_car_incident,2025-ned Kimi Antonelli Mercedes race report damage collision puncture front wing floor retirement,site:formula1.com/en/latest 2025-ned Kimi Antonelli damage collision puncture pit stop retirement,,,,,,,
f6e0cd2bfc49df0b483d,referral-562b20d8442a7b89,2025-ned,Race,63,George Russell,Mercedes,affected,12|16|63,53,53,53,fia_clock_participant_single_lap_interval,Finished,53.0,-1.0,7,high,pit_within_two_laps_of_candidate_incident|incident_lap_available|multi_car_incident,2025-ned George Russell Mercedes race report damage collision puncture front wing floor retirement,site:formula1.com/en/latest 2025-ned George Russell damage collision puncture pit stop retirement,,,,,,,
fcba94f9ce2e7f36d393,referral-6da8a30656674802,2025-ned,Race,30,Liam Lawson,Racing Bulls,affected,30|55,27,27,27,fia_clock_participant_single_lap_interval,Finished,27.0,12.0,7,high,pit_within_two_laps_of_candidate_incident|incident_lap_available|observed_drop_of_three_or_more_positions,2025-ned Liam Lawson Racing Bulls race report damage collision puncture front wing floor retirement,site:formula1.com/en/latest 2025-ned Liam Lawson damage collision puncture pit stop retirement,,,,,,,
2a603945df0c9318c887,referral-6da8a30656674802,2025-ned,Race,55,Carlos Sainz,Williams,accused,30|55,27,27,27,fia_clock_participant_single_lap_interval,Finished,27.0,10.0,7,high,pit_within_two_laps_of_candidate_incident|incident_lap_available|observed_drop_of_three_or_more_positions,2025-ned Carlos Sainz Williams race report damage collision puncture front wing floor retirement,site:formula1.com/en/latest 2025-ned Carlos Sainz damage collision puncture pit stop retirement,,,,,,,
ed672bd739add0577444,referral-b8d436316d13e265,2025-sao,Race,16,Charles Leclerc,Ferrari,affected,12|16|81,6,,5|6,fia_clock_participant_multi_lap_window,Retired,,,7,high,damage_or_incident_retirement_status|multi_car_incident,2025-sao Charles Leclerc Ferrari race report damage collision puncture front wing floor retirement,site:formula1.com/en/latest 2025-sao Charles Leclerc damage collision puncture pit stop retirement,,,,,,,
d753a7e096c2124971fc,referral-9ee5a096989b8230,2025-usa,Race,55,Carlos Sainz,Williams,accused,12|55,6,6,6,fia_clock_participant_single_lap_interval,Retired,,,7,high,damage_or_incident_retirement_status|incident_lap_available,2025-usa Carlos Sainz Williams race report damage collision puncture front wing floor retirement,site:formula1.com/en/latest 2025-usa Carlos Sainz damage collision puncture pit stop retirement,,,,,,,
51f48e458d8ae7cc6298,incident-src-915feddd8ae6b043,2018-aze,Race,11,Sergio Perez,Force India,affected,11|35,1,1,1,fia_clock_participant_single_lap_interval,Finished,2.0,,5,medium,pit_within_two_laps_of_candidate_incident|incident_lap_available,2018-aze Sergio Perez Force India race report damage collision puncture front wing floor retirement,site:formula1.com/en/latest 2018-aze Sergio Perez damage collision puncture pit stop retirement,,,,,,,
4d68e73eecdb4bb03a4c,referral-000a36711d6e5f60,2018-aze,Race,7,Kimi Räikkönen,Ferrari,affected,7|31,1,1,1,fia_clock_participant_single_lap_interval,Finished,1.0,,5,medium,pit_within_two_laps_of_candidate_incident|incident_lap_available,2018-aze Kimi Räikkönen Ferrari race report damage collision puncture front wing floor retirement,site:formula1.com/en/latest 2018-aze Kimi Räikkönen damage collision puncture pit stop retirement,,,,,,,
492f5e9332dfeaeaff45,referral-035f8d6260760de8,2018-aze,Race,9,Marcus Ericsson,Sauber,accused,9|20,1,1,1,fia_clock_participant_single_lap_interval,Finished,1.0,,5,medium,pit_within_two_laps_of_candidate_incident|incident_lap_available,2018-aze Marcus Ericsson Sauber race report damage collision puncture front wing floor retirement,site:formula1.com/en/latest 2018-aze Marcus Ericsson damage collision puncture pit stop retirement,,,,,,,
b908bec03fbf0cbb3f3a,referral-035f8d6260760de8,2018-aze,Race,20,Kevin Magnussen,Haas F1 Team,affected,9|20,1,1,1,fia_clock_participant_single_lap_interval,Finished,1.0,,5,medium,pit_within_two_laps_of_candidate_incident|incident_lap_available,2018-aze Kevin Magnussen Haas F1 Team race report damage collision puncture front wing floor retirement,site:formula1.com/en/latest 2018-aze Kevin Magnussen damage collision puncture pit stop retirement,,,,,,,
71ee79a9b357bc76c399,incident-src-dad7e6d1095a4d05,2018-bel,Race,35,Sergey Sirotkin,Williams,affected,35|77,1,1,1,fia_clock_participant_single_lap_interval,+1 Lap,1.0,,5,medium,pit_within_two_laps_of_candidate_incident|incident_lap_available,2018-bel Sergey Sirotkin Williams race report damage collision puncture front wing floor retirement,site:formula1.com/en/latest 2018-bel Sergey Sirotkin damage collision puncture pit stop retirement,,,,,,,
00c15295b4b61843c426,incident-src-dad7e6d1095a4d05,2018-bel,Race,77,Valtteri Bottas,Mercedes,accused,35|77,1,1,1,fia_clock_participant_single_lap_interval,Finished,1.0,,5,medium,pit_within_two_laps_of_candidate_incident|incident_lap_available,2018-bel Valtteri Bottas Mercedes race report damage collision puncture front wing floor retirement,site:formula1.com/en/latest 2018-bel Valtteri Bottas damage collision puncture pit stop retirement,,,,,,,
60ab83e03f455de762c6,referral-da0e54c0187d0fbe,2018-chn,Race,10,Pierre Gasly,Toro Rosso,accused,10|28,29,29,29,fia_clock_participant_single_lap_interval,Finished,31.0,-2.0,5,medium,pit_within_two_laps_of_candidate_incident|incident_lap_available,2018-chn Pierre Gasly Toro Rosso race report damage collision puncture front wing floor retirement,site:formula1.com/en/latest 2018-chn Pierre Gasly damage collision puncture pit stop retirement,,,,,,,
7b771c26c4d9cddf9819,referral-3c69a1bc7c5f01a1,2018-fra,Race,5,Sebastian Vettel,Ferrari,accused,5|77,1,1,1,fia_clock_participant_single_lap_interval,Finished,1.0,,5,medium,pit_within_two_laps_of_candidate_incident|incident_lap_available,2018-fra Sebastian Vettel Ferrari race report damage collision puncture front wing floor retirement,site:formula1.com/en/latest 2018-fra Sebastian Vettel damage collision puncture pit stop retirement,,,,,,,
1d253adfa47a9c481186,referral-3c69a1bc7c5f01a1,2018-fra,Race,77,Valtteri Bottas,Mercedes,affected,5|77,1,1,1,fia_clock_participant_single_lap_interval,Finished,1.0,,5,medium,pit_within_two_laps_of_candidate_incident|incident_lap_available,2018-fra Valtteri Bottas Mercedes race report damage collision puncture front wing floor retirement,site:formula1.com/en/latest 2018-fra Valtteri Bottas damage collision puncture pit stop retirement,,,,,,,
0c0559687a8ea05d82cf,referral-7eee0a9c2ce4a186,2018-ita,Race,5,Sebastian Vettel,Ferrari,accused_and_affected,5|44,1,1,1,fia_clock_participant_single_lap_interval,Finished,1.0,,5,medium,pit_within_two_laps_of_candidate_incident|incident_lap_available,2018-ita Sebastian Vettel Ferrari race report damage collision puncture front wing floor retirement,site:formula1.com/en/latest 2018-ita Sebastian Vettel damage collision puncture pit stop retirement,,,,,,,
b18804b8da774ba2cd2b,referral-dfd7834061de9145,2018-jpn,Race,20,Kevin Magnussen,Haas F1 Team,affected,16|20,,,1|2,fia_clock_participant_multi_lap_window,Collision damage,,,5,medium,damage_or_incident_retirement_status,2018-jpn Kevin Magnussen Haas F1 Team race report damage collision puncture front wing floor retirement,site:formula1.com/en/latest 2018-jpn Kevin Magnussen damage collision puncture pit stop retirement,,,,,,,
7c041a2a0181685fbaad,referral-e9894fb0b2d999fc,2018-usa,Race,18,Lance Stroll,Williams,accused,14|18,1,1,1,fia_clock_participant_single_lap_interval,+2 Laps,1.0,,5,medium,pit_within_two_laps_of_candidate_incident|incident_lap_available,2018-usa Lance Stroll Williams race report damage collision puncture front wing floor retirement,site:formula1.com/en/latest 2018-usa Lance Stroll damage collision puncture pit stop retirement,,,,,,,
dfea5fce50a6e79190c6,referral-f3ce5a27bbc5073e,2019-bhr,Race,55,Carlos Sainz,McLaren,accused_and_affected,33|55,,,3|4,fia_clock_participant_multi_lap_window,Collision damage,,,5,medium,damage_or_incident_retirement_status,2019-bhr Carlos Sainz McLaren race report damage collision puncture front wing floor retirement,site:formula1.com/en/latest 2019-bhr Carlos Sainz damage collision puncture pit stop retirement,,,,,,,
3103dfb37cd7d8fc08ec,referral-ce06795f0b16db3c,2019-bra,Race,5,Sebastian Vettel,Ferrari,accused_and_affected,5|16,,,65|66,fia_clock_participant_multi_lap_window,Collision,,,5,medium,damage_or_incident_retirement_status,2019-bra Sebastian Vettel Ferrari race report damage collision puncture front wing floor retirement,site:formula1.com/en/latest 2019-bra Sebastian Vettel damage collision puncture pit stop retirement,,,,,,,
8634e71497cadd133784,referral-ce06795f0b16db3c,2019-bra,Race,16,Charles Leclerc,Ferrari,accused_and_affected,5|16,,,65|66,fia_clock_participant_multi_lap_window,Collision,,,5,medium,damage_or_incident_retirement_status,2019-bra Charles Leclerc Ferrari race report damage collision puncture front wing floor retirement,site:formula1.com/en/latest 2019-bra Charles Leclerc damage collision puncture pit stop retirement,,,,,,,
1ff44b8732db07a799ff,referral-3e6e7f3786f6d584,2019-esp,Race,4,Lando Norris,McLaren,accused_and_affected,4|18,,,44|45,fia_clock_participant_multi_lap_window,Collision,,,5,medium,damage_or_incident_retirement_status,2019-esp Lando Norris McLaren race report damage collision puncture front wing floor retirement,site:formula1.com/en/latest 2019-esp Lando Norris damage collision puncture pit stop retirement,,,,,,,
6db4fe1deb14f719dc44,referral-3e6e7f3786f6d584,2019-esp,Race,18,Lance Stroll,Racing Point,accused_and_affected,4|18,,,44|45,fia_clock_participant_multi_lap_window,Collision,,,5,medium,damage_or_incident_retirement_status,2019-esp Lance Stroll Racing Point race report damage collision puncture front wing floor retirement,site:formula1.com/en/latest 2019-esp Lance Stroll damage collision puncture pit stop retirement,,,,,,,
ebc1bdfe8272bd6aca66,referral-f400bd65ec68bae4,2019-jpn,Race,16,Charles Leclerc,Ferrari,accused_and_affected,16|33,1,1,1,fia_clock_participant_single_lap_interval,+1 Lap,3.0,,5,medium,pit_within_two_laps_of_candidate_incident|incident_lap_available,2019-jpn Charles Leclerc Ferrari race report damage collision puncture front wing floor retirement,site:formula1.com/en/latest 2019-jpn Charles Leclerc damage collision puncture pit stop retirement,,,,,,,
73d59ea714b74d92bc8e,referral-5fdbc018f02e34db,2019-sgp,Race,8,Romain Grosjean,Haas F1 Team,accused_and_affected,8|63,35,35,35,fia_clock_participant_single_lap_interval,Finished,35.0,-2.0,5,medium,pit_within_two_laps_of_candidate_incident|incident_lap_available,2019-sgp Romain Grosjean Haas F1 Team race report damage collision puncture front wing floor retirement,site:formula1.com/en/latest 2019-sgp Romain Grosjean damage collision puncture pit stop retirement,,,,,,,
c8a6528eb880903810c2,referral-ab30fc15c6ead7d4,2019-sgp,Race,7,Kimi Räikkönen,Alfa Romeo Racing,accused_and_affected,7|26,,,49|50,fia_clock_participant_multi_lap_window,Collision,,,5,medium,damage_or_incident_retirement_status,2019-sgp Kimi Räikkönen Alfa Romeo Racing race report damage collision puncture front wing floor retirement,site:formula1.com/en/latest 2019-sgp Kimi Räikkönen damage collision puncture pit stop retirement,,,,,,,
1d1919e9e2a859569f4f,referral-f9b1803598cb0ff8,2019-sgp,Race,27,Nico Hulkenberg,Renault,accused_and_affected,27|55,1,1,1,fia_clock_participant_single_lap_interval,Finished,1.0,,5,medium,pit_within_two_laps_of_candidate_incident|incident_lap_available,2019-sgp Nico Hulkenberg Renault race report damage collision puncture front wing floor retirement,site:formula1.com/en/latest 2019-sgp Nico Hulkenberg damage collision puncture pit stop retirement,,,,,,,
554dfe9fc88be01c609e,referral-f9b1803598cb0ff8,2019-sgp,Race,55,Carlos Sainz,McLaren,accused_and_affected,27|55,1,1,1,fia_clock_participant_single_lap_interval,Finished,1.0,,5,medium,pit_within_two_laps_of_candidate_incident|incident_lap_available,2019-sgp Carlos Sainz McLaren race report damage collision puncture front wing floor retirement,site:formula1.com/en/latest 2019-sgp Carlos Sainz damage collision puncture pit stop retirement,,,,,,,
819972ec934f0ab518c4,referral-693d171ad0182cef,2019-usa,Race,23,Alexander Albon,Red Bull Racing,accused,23|55,1,1,1,fia_clock_participant_single_lap_interval,Finished,1.0,,5,medium,pit_within_two_laps_of_candidate_incident|incident_lap_available,2019-usa Alexander Albon Red Bull Racing race report damage collision puncture front wing floor retirement,site:formula1.com/en/latest 2019-usa Alexander Albon damage collision puncture pit stop retirement,,,,,,,
0208ef0c723e176f359d,referral-24694eab8506551b,2020-gbr,Race,20,Kevin Magnussen,Haas F1 Team,affected,20|23,,,1|2,fia_clock_participant_multi_lap_window,Collision,,,5,medium,damage_or_incident_retirement_status,2020-gbr Kevin Magnussen Haas F1 Team race report damage collision puncture front wing floor retirement,site:formula1.com/en/latest 2020-gbr Kevin Magnussen damage collision puncture pit stop retirement,,,,,,,
92b4bdca901d07d3c0e4,referral-a82360ea8c04197a,2020-por,Race,18,Lance Stroll,Racing Point,accused,4|18,,,17|18,fia_clock_participant_multi_lap_window,Collision damage,,,5,medium,damage_or_incident_retirement_status,2020-por Lance Stroll Racing Point race report damage collision puncture front wing floor retirement,site:formula1.com/en/latest 2020-por Lance Stroll damage collision puncture pit stop retirement,,,,,,,
e4e80edd7a3d26cbc1b6,referral-7ad1cab1827db0a6,2021-emi,Race,63,George Russell,Williams,accused,63|77,,,30|31,fia_clock_participant_multi_lap_window,Collision,,,5,medium,damage_or_incident_retirement_status,2021-emi George Russell Williams race report damage collision puncture front wing floor retirement,site:formula1.com/en/latest 2021-emi George Russell damage collision puncture pit stop retirement,,,,,,,
7cbaaffc5742fb12fee0,referral-7ad1cab1827db0a6,2021-emi,Race,77,Valtteri Bottas,Mercedes,affected,63|77,,,30|31,fia_clock_participant_multi_lap_window,Collision,,,5,medium,damage_or_incident_retirement_status,2021-emi Valtteri Bottas Mercedes race report damage collision puncture front wing floor retirement,site:formula1.com/en/latest 2021-emi Valtteri Bottas damage collision puncture pit stop retirement,,,,,,,
d086308771def4c68ebd,referral-a520c9f861b21016,2021-gbr,Race,44,Lewis Hamilton,Mercedes,accused,33|44,1,1,1,fia_clock_participant_single_lap_interval,Finished,2.0,,5,medium,pit_within_two_laps_of_candidate_incident|incident_lap_available,2021-gbr Lewis Hamilton Mercedes race report damage collision puncture front wing floor retirement,site:formula1.com/en/latest 2021-gbr Lewis Hamilton damage collision puncture pit stop retirement,,,,,,,
ddabc5a0559e1bbc0bda,incident-src-1b5a174b1f09dff2,2021-ita,Race,33,Max Verstappen,Red Bull Racing,accused,33|44,,,,unresolved,Collision,,,5,medium,damage_or_incident_retirement_status,2021-ita Max Verstappen Red Bull Racing race report damage collision puncture front wing floor retirement,site:formula1.com/en/latest 2021-ita Max Verstappen damage collision puncture pit stop retirement,,,,,,,
20384b3adf8a7a5ac263,incident-src-1b5a174b1f09dff2,2021-ita,Race,44,Lewis Hamilton,Mercedes,affected,33|44,,,,unresolved,Collision,,,5,medium,damage_or_incident_retirement_status,2021-ita Lewis Hamilton Mercedes race report damage collision puncture front wing floor retirement,site:formula1.com/en/latest 2021-ita Lewis Hamilton damage collision puncture pit stop retirement,,,,,,,
906dcca9d39d920b1695,referral-fda2f5daee08c946,2021-rus,Race,10,Pierre Gasly,AlphaTauri,affected,10|18,48,48,48,fia_clock_participant_single_lap_interval,+1 Lap,50.0,-1.0,5,medium,pit_within_two_laps_of_candidate_incident|incident_lap_available,2021-rus Pierre Gasly AlphaTauri race report damage collision puncture front wing floor retirement,site:formula1.com/en/latest 2021-rus Pierre Gasly damage collision puncture pit stop retirement,,,,,,,
a60b07309c4fcac710af,referral-fda2f5daee08c946,2021-rus,Race,18,Lance Stroll,Aston Martin,accused,10|18,48,48,48,fia_clock_participant_single_lap_interval,Finished,48.0,2.0,5,medium,pit_within_two_laps_of_candidate_incident|incident_lap_available,2021-rus Lance Stroll Aston Martin race report damage collision puncture front wing floor retirement,site:formula1.com/en/latest 2021-rus Lance Stroll damage collision puncture pit stop retirement,,,,,,,
7456d5760c4d98f9d8c9,referral-cdea3e9a077a3888,2021-sao,Race,18,Lance Stroll,Aston Martin,affected,18|22,,,3|4,fia_clock_participant_multi_lap_window,Collision damage,,,5,medium,damage_or_incident_retirement_status,2021-sao Lance Stroll Aston Martin race report damage collision puncture front wing floor retirement,site:formula1.com/en/latest 2021-sao Lance Stroll damage collision puncture pit stop retirement,,,,,,,
9eff0887d55d10d371b3,incident-src-f21c53526f851c56,2021-sau,Race,16,Charles Leclerc,Ferrari,affected,11|16,15,15,15,fia_clock_participant_single_lap_interval,Finished,15.0,1.0,5,medium,pit_within_two_laps_of_candidate_incident|incident_lap_available,2021-sau Charles Leclerc Ferrari race report damage collision puncture front wing floor retirement,site:formula1.com/en/latest 2021-sau Charles Leclerc damage collision puncture pit stop retirement,,,,,,,
0166d391f750615d9d0b,referral-46569a2fef4fbfcf,2021-sau,Race,5,Sebastian Vettel,Aston Martin,affected,5|22,,,22|23,fia_clock_participant_multi_lap_window,Collision damage,,,5,medium,damage_or_incident_retirement_status,2021-sau Sebastian Vettel Aston Martin race report damage collision puncture front wing floor retirement,site:formula1.com/en/latest 2021-sau Sebastian Vettel damage collision puncture pit stop retirement,,,,,,,
89eced0779a560522141,referral-48f6a987a8ba4306,2022-esp,Race,10,Pierre Gasly,AlphaTauri,accused,10|18,27,27,27,fia_clock_participant_single_lap_interval,+1 Lap,29.0,0.0,5,medium,pit_within_two_laps_of_candidate_incident|incident_lap_available,2022-esp Pierre Gasly AlphaTauri race report damage collision puncture front wing floor retirement,site:formula1.com/en/latest 2022-esp Pierre Gasly damage collision puncture pit stop retirement,,,,,,,
68b74a2f654d0e84d02c,referral-48f6a987a8ba4306,2022-esp,Race,18,Lance Stroll,Aston Martin,affected,10|18,27,27,27,fia_clock_participant_single_lap_interval,+1 Lap,27.0,2.0,5,medium,pit_within_two_laps_of_candidate_incident|incident_lap_available,2022-esp Lance Stroll Aston Martin race report damage collision puncture front wing floor retirement,site:formula1.com/en/latest 2022-esp Lance Stroll damage collision puncture pit stop retirement,,,,,,,
7b4a98e87e38d6adfd12,referral-835ba4919b26bf62,2022-fra,Race,22,Yuki Tsunoda,AlphaTauri,affected,22|31,,,,unresolved,Undertray,,,5,medium,damage_or_incident_retirement_status,2022-fra Yuki Tsunoda AlphaTauri race report damage collision puncture front wing floor retirement,site:formula1.com/en/latest 2022-fra Yuki Tsunoda damage collision puncture pit stop retirement,,,,,,,
9ae2bfbca4ef9809e789,referral-876de9dc1b18ea7b,2022-mia,Race,10,Pierre Gasly,AlphaTauri,affected,10|14,,,38|39,fia_clock_participant_multi_lap_window,Suspension,,,5,medium,damage_or_incident_retirement_status,2022-mia Pierre Gasly AlphaTauri race report damage collision puncture front wing floor retirement,site:formula1.com/en/latest 2022-mia Pierre Gasly damage collision puncture pit stop retirement,,,,,,,
42c8946ba9feb5d6c3d5,referral-3ca551749339034b,2022-sau,Race,23,Alexander Albon,Williams,accused,18|23,48,,47|48,fia_clock_participant_multi_lap_window,Collision damage,,,5,medium,damage_or_incident_retirement_status,2022-sau Alexander Albon Williams race report damage collision puncture front wing floor retirement,site:formula1.com/en/latest 2022-sau Alexander Albon damage collision puncture pit stop retirement,,,,,,,
744517791e3bd951efdc,referral-e92e90fa3199292b,2023-abu,Race,10,Pierre Gasly,Alpine,affected,10|44,15,15,15,fia_clock_participant_single_lap_interval,Finished,17.0,-2.0,5,medium,pit_within_two_laps_of_candidate_incident|incident_lap_available,2023-abu Pierre Gasly Alpine race report damage collision puncture front wing floor retirement,site:formula1.com/en/latest 2023-abu Pierre Gasly damage collision puncture pit stop retirement,,,,,,,
607d3665a9c295af8fae,referral-e92e90fa3199292b,2023-abu,Race,44,Lewis Hamilton,Mercedes,accused,10|44,15,15,15,fia_clock_participant_single_lap_interval,Finished,15.0,-1.0,5,medium,pit_within_two_laps_of_candidate_incident|incident_lap_available,2023-abu Lewis Hamilton Mercedes race report damage collision puncture front wing floor retirement,site:formula1.com/en/latest 2023-abu Lewis Hamilton damage collision puncture pit stop retirement,,,,,,,
d5f589a2eb608a7016f2,referral-a2c81b2c894dcee9,2023-aus,Race,10,Pierre Gasly,Alpine,accused_and_affected,10|31,,,56|57,fia_clock_participant_multi_lap_window,Retired,,,5,medium,damage_or_incident_retirement_status,2023-aus Pierre Gasly Alpine race report damage collision puncture front wing floor retirement,site:formula1.com/en/latest 2023-aus Pierre Gasly damage collision puncture pit stop retirement,,,,,,,
9998b1aed873eb97ef93,referral-a2c81b2c894dcee9,2023-aus,Race,31,Esteban Ocon,Alpine,accused_and_affected,10|31,,,56|57,fia_clock_participant_multi_lap_window,Retired,,,5,medium,damage_or_incident_retirement_status,2023-aus Esteban Ocon Alpine race report damage collision puncture front wing floor retirement,site:formula1.com/en/latest 2023-aus Esteban Ocon damage collision puncture pit stop retirement,,,,,,,
869efe03dd4502b93581,referral-c8d807c438aeb7eb,2023-bel,Sprint,11,Sergio Perez,Red Bull Racing,affected,11|44,,,6|7,fia_clock_participant_multi_lap_window,Collision damage,,,5,medium,damage_or_incident_retirement_status,2023-bel Sergio Perez Red Bull Racing race report damage collision puncture front wing floor retirement,site:formula1.com/en/latest 2023-bel Sergio Perez damage collision puncture pit stop retirement,,,,,,,
858e5173017b39907a8e,referral-242ae7ad2fc0cf31,2023-gbr,Race,10,Pierre Gasly,Alpine,affected,10|18,,,45|46,fia_clock_participant_multi_lap_window,Retired,,,5,medium,damage_or_incident_retirement_status,2023-gbr Pierre Gasly Alpine race report damage collision puncture front wing floor retirement,site:formula1.com/en/latest 2023-gbr Pierre Gasly damage collision puncture pit stop retirement,,,,,,,
8326e6c3b239e018677d,referral-34475639550d3206,2023-ita,Race,81,Oscar Piastri,McLaren,affected,44|81,41,41,41,fia_clock_participant_single_lap_interval,Finished,41.0,2.0,5,medium,pit_within_two_laps_of_candidate_incident|incident_lap_available,2023-ita Oscar Piastri McLaren race report damage collision puncture front wing floor retirement,site:formula1.com/en/latest 2023-ita Oscar Piastri damage collision puncture pit stop retirement,,,,,,,
a273d3fc06c1e841309a,referral-6ec078881720fbf5,2023-lvs,Race,1,Max Verstappen,Red Bull Racing,affected,1|63,25,25,25,fia_clock_participant_single_lap_interval,Finished,26.0,-1.0,5,medium,pit_within_two_laps_of_candidate_incident|incident_lap_available,2023-lvs Max Verstappen Red Bull Racing race report damage collision puncture front wing floor retirement,site:formula1.com/en/latest 2023-lvs Max Verstappen damage collision puncture pit stop retirement,,,,,,,
cf1666e958fb8a5b10df,referral-6ec078881720fbf5,2023-lvs,Race,63,George Russell,Mercedes,accused,1|63,25,25,25,fia_clock_participant_single_lap_interval,Finished,26.0,1.0,5,medium,pit_within_two_laps_of_candidate_incident|incident_lap_available,2023-lvs George Russell Mercedes race report damage collision puncture front wing floor retirement,site:formula1.com/en/latest 2023-lvs George Russell damage collision puncture pit stop retirement,,,,,,,
5009d6f65371fda160e8,referral-4e46caea8d8ce0ce,2023-mco,Race,27,Nico Hulkenberg,Haas F1 Team,accused,2|27,1,1,1,fia_clock_participant_single_lap_interval,Lapped,1.0,,5,medium,pit_within_two_laps_of_candidate_incident|incident_lap_available,2023-mco Nico Hulkenberg Haas F1 Team race report damage collision puncture front wing floor retirement,site:formula1.com/en/latest 2023-mco Nico Hulkenberg damage collision puncture pit stop retirement,,,,,,,
1544c8b2e6c27828868a,referral-03dadc373d8e923f,2023-qat,Race,63,George Russell,Mercedes,affected,44|63,1,1,1,fia_clock_participant_single_lap_interval,Finished,1.0,,5,medium,pit_within_two_laps_of_candidate_incident|incident_lap_available,2023-qat George Russell Mercedes race report damage collision puncture front wing floor retirement,site:formula1.com/en/latest 2023-qat George Russell damage collision puncture pit stop retirement,,,,,,,
116a6e53af94500dd2d3,referral-9c8afbecf39abe74,2024-chn,Race,3,Daniel Ricciardo,RB,affected,3|18,,,26|27,fia_clock_participant_multi_lap_window,Retired,,,5,medium,damage_or_incident_retirement_status,2024-chn Daniel Ricciardo RB race report damage collision puncture front wing floor retirement,site:formula1.com/en/latest 2024-chn Daniel Ricciardo damage collision puncture pit stop retirement,,,,,,,
43f0b43176423941e25f,referral-18b28ee33d7d4967,2024-ita,Race,22,Yuki Tsunoda,RB,affected,22|27,,,4|5,fia_clock_participant_multi_lap_window,Retired,,,5,medium,damage_or_incident_retirement_status,2024-ita Yuki Tsunoda RB race report damage collision puncture front wing floor retirement,site:formula1.com/en/latest 2024-ita Yuki Tsunoda damage collision puncture pit stop retirement,,,,,,,
40ca05f28ff1d7c1ac83,incident-src-6ea8c11583ab4051,2024-mco,Race,10,Pierre Gasly,Alpine,affected,10|31,1,1,1,fia_clock_participant_single_lap_interval,Lapped,1.0,,5,medium,pit_within_two_laps_of_candidate_incident|incident_lap_available,2024-mco Pierre Gasly Alpine race report damage collision puncture front wing floor retirement,site:formula1.com/en/latest 2024-mco Pierre Gasly damage collision puncture pit stop retirement,,,,,,,
2844f7c79a43b79ef756,incident-src-c66b11904508fc88,2024-mex,Race,30,Liam Lawson,RB,affected,30|43,65,65,65,fia_clock_participant_single_lap_interval,Lapped,65.0,1.0,5,medium,pit_within_two_laps_of_candidate_incident|incident_lap_available,2024-mex Liam Lawson RB race report damage collision puncture front wing floor retirement,site:formula1.com/en/latest 2024-mex Liam Lawson damage collision puncture pit stop retirement,,,,,,,
b454373a619c5f487402,referral-b8e78a86fa8cc024,2024-mia,Race,2,Logan Sargeant,Williams,affected,2|20,,,27|28,fia_clock_participant_multi_lap_window,Retired,,,5,medium,damage_or_incident_retirement_status,2024-mia Logan Sargeant Williams race report damage collision puncture front wing floor retirement,site:formula1.com/en/latest 2024-mia Logan Sargeant damage collision puncture pit stop retirement,,,,,,,
3a3d4d40ddf3f2443869,referral-f8ec31dc5b84851c,2025-aut,Race,22,Yuki Tsunoda,Red Bull Racing,accused,22|43,30,30,30,fia_clock_participant_single_lap_interval,Lapped,30.0,0.0,5,medium,pit_within_two_laps_of_candidate_incident|incident_lap_available,2025-aut Yuki Tsunoda Red Bull Racing race report damage collision puncture front wing floor retirement,site:formula1.com/en/latest 2025-aut Yuki Tsunoda damage collision puncture pit stop retirement,,,,,,,
75ee29dd59ba5b9e426b,referral-d74c2a82eb30d908,2025-bhr,Race,18,Lance Stroll,Aston Martin,affected,18|30,32,32,32,fia_clock_participant_single_lap_interval,Finished,32.0,1.0,5,medium,pit_within_two_laps_of_candidate_incident|incident_lap_available,2025-bhr Lance Stroll Aston Martin race report damage collision puncture front wing floor retirement,site:formula1.com/en/latest 2025-bhr Lance Stroll damage collision puncture pit stop retirement,,,,,,,
911f87d075fb5bf8216e,referral-d74c2a82eb30d908,2025-bhr,Race,30,Liam Lawson,Racing Bulls,accused,18|30,32,32,32,fia_clock_participant_single_lap_interval,Finished,32.0,-1.0,5,medium,pit_within_two_laps_of_candidate_incident|incident_lap_available,2025-bhr Liam Lawson Racing Bulls race report damage collision puncture front wing floor retirement,site:formula1.com/en/latest 2025-bhr Liam Lawson damage collision puncture pit stop retirement,,,,,,,
203ea4e98a0d3a65da20,referral-f49e8069307abb3e,2025-can,Race,4,Lando Norris,McLaren,accused,4|81,,,66|67,fia_clock_participant_multi_lap_window,Retired,,,5,medium,damage_or_incident_retirement_status,2025-can Lando Norris McLaren race report damage collision puncture front wing floor retirement,site:formula1.com/en/latest 2025-can Lando Norris damage collision puncture pit stop retirement,,,,,,,
d543b6ec1b1a77cc96ad,referral-b715f3583bfd8d4d,2025-lvs,Race,23,Alexander Albon,Williams,accused,23|44,,,13|14,fia_clock_participant_multi_lap_window,Retired,,,5,medium,damage_or_incident_retirement_status,2025-lvs Alexander Albon Williams race report damage collision puncture front wing floor retirement,site:formula1.com/en/latest 2025-lvs Alexander Albon damage collision puncture pit stop retirement,,,,,,,
570f3eeb15d225022159,referral-95d155f18c866d43,2025-mco,Race,10,Pierre Gasly,Alpine,accused,10|22,,,7|8,fia_clock_participant_multi_lap_window,Retired,,,5,medium,damage_or_incident_retirement_status,2025-mco Pierre Gasly Alpine race report damage collision puncture front wing floor retirement,site:formula1.com/en/latest 2025-mco Pierre Gasly damage collision puncture pit stop retirement,,,,,,,
e6d30df0db0273c1806b,incident-src-7a6e06b6a58ea9bf,2025-ned,Race,16,Charles Leclerc,Ferrari,accused,16|63,,,32|33,fia_clock_participant_multi_lap_window,Retired,,,5,medium,damage_or_incident_retirement_status,2025-ned Charles Leclerc Ferrari race report damage collision puncture front wing floor retirement,site:formula1.com/en/latest 2025-ned Charles Leclerc damage collision puncture pit stop retirement,,,,,,,
bd78ac58dfe8bbc92376,incident-src-8f0780dbba4e36af,2025-ned,Race,16,Charles Leclerc,Ferrari,affected,16|63,,,32|33,fia_clock_participant_multi_lap_window,Retired,,,5,medium,damage_or_incident_retirement_status,2025-ned Charles Leclerc Ferrari race report damage collision puncture front wing floor retirement,site:formula1.com/en/latest 2025-ned Charles Leclerc damage collision puncture pit stop retirement,,,,,,,
0b76a2a411e5cbb3845e,referral-aa5b2e3498a65c01,2025-qat,Race,27,Nico Hulkenberg,Kick Sauber,accused,10|27,,,6|7,fia_clock_participant_multi_lap_window,Retired,,,5,medium,damage_or_incident_retirement_status,2025-qat Nico Hulkenberg Kick Sauber race report damage collision puncture front wing floor retirement,site:formula1.com/en/latest 2025-qat Nico Hulkenberg damage collision puncture pit stop retirement,,,,,,,
4b04cb60fa502d9027cd,referral-6ad7e4165a21d44e,2025-sao,Race,44,Lewis Hamilton,Ferrari,accused,43|44,2,,1|2,fia_clock_participant_multi_lap_window,Retired,,,5,medium,damage_or_incident_retirement_status,2025-sao Lewis Hamilton Ferrari race report damage collision puncture front wing floor retirement,site:formula1.com/en/latest 2025-sao Lewis Hamilton damage collision puncture pit stop retirement,,,,,,,
5abbe4c3d89a4a115c32,referral-1e360c2dff8943be,2025-usa,Sprint,18,Lance Stroll,Aston Martin,accused,18|31,,,15|16,fia_clock_participant_multi_lap_window,Retired,,,5,medium,damage_or_incident_retirement_status,2025-usa Lance Stroll Aston Martin race report damage collision puncture front wing floor retirement,site:formula1.com/en/latest 2025-usa Lance Stroll damage collision puncture pit stop retirement,,,,,,,
b429a1988bb5812ce10f,referral-1e360c2dff8943be,2025-usa,Sprint,31,Esteban Ocon,Haas F1 Team,affected,18|31,,,15|16,fia_clock_participant_multi_lap_window,Retired,,,5,medium,damage_or_incident_retirement_status,2025-usa Esteban Ocon Haas F1 Team race report damage collision puncture front wing floor retirement,site:formula1.com/en/latest 2025-usa Esteban Ocon damage collision puncture pit stop retirement,,,,,,,
850643748b29670a48ed,incident-src-9fe86942c422bf75,2018-esp,Race,20,Kevin Magnussen,Haas F1 Team,affected,8|10|20|27,1,1,1,fia_clock_participant_single_lap_interval,+1 Lap,,,4,medium,incident_lap_available|multi_car_incident,2018-esp Kevin Magnussen Haas F1 Team race report damage collision puncture front wing floor retirement,site:formula1.com/en/latest 2018-esp Kevin Magnussen damage collision puncture pit stop retirement,,,,,,,
b1d9f5b3d414fd37bcac,incident-src-ee4d64c6c65cfaa2,2018-jpn,Race,5,Sebastian Vettel,Ferrari,accused,5,8,8,8,fia_clock_participant_single_lap_interval,Finished,,15.0,4,medium,incident_lap_available|observed_drop_of_three_or_more_positions,2018-jpn Sebastian Vettel Ferrari race report damage collision puncture front wing floor retirement,site:formula1.com/en/latest 2018-jpn Sebastian Vettel damage collision puncture pit stop retirement,,,,,,,
f91812934be1b6f535a2,referral-8bae9b55f0749bef,2019-bra,Race,23,Alexander Albon,Red Bull Racing,affected,23|44,70,70,70,fia_clock_participant_single_lap_interval,Finished,,13.0,4,medium,incident_lap_available|observed_drop_of_three_or_more_positions,2019-bra Alexander Albon Red Bull Racing race report damage collision puncture front wing floor retirement,site:formula1.com/en/latest 2019-bra Alexander Albon damage collision puncture pit stop retirement,,,,,,,
ef773bb514282262fbdb,referral-8eaeadc8694923f5,2019-bra,Race,20,Kevin Magnussen,Haas F1 Team,affected,3|20,8,8,8,fia_clock_participant_single_lap_interval,Finished,,6.0,4,medium,incident_lap_available|observed_drop_of_three_or_more_positions,2019-bra Kevin Magnussen Haas F1 Team race report damage collision puncture front wing floor retirement,site:formula1.com/en/latest 2019-bra Kevin Magnussen damage collision puncture pit stop retirement,,,,,,,
27cdd82ae04f19f0ff36,referral-768f90a84f2bf19b,2019-ita,Race,18,Lance Stroll,Racing Point,affected,5|18,6,6,6,fia_clock_participant_single_lap_interval,+1 Lap,,5.0,4,medium,incident_lap_available|observed_drop_of_three_or_more_positions,2019-ita Lance Stroll Racing Point race report damage collision puncture front wing floor retirement,site:formula1.com/en/latest 2019-ita Lance Stroll damage collision puncture pit stop retirement,,,,,,,
a8c5a1907f526064be02,referral-3c7899a89e98a80f,2019-mco,Race,88,Robert Kubica,Williams,affected,88|99,15,15,15,fia_clock_participant_single_lap_interval,+1 Lap,,3.0,4,medium,incident_lap_available|observed_drop_of_three_or_more_positions,2019-mco Robert Kubica Williams race report damage collision puncture front wing floor retirement,site:formula1.com/en/latest 2019-mco Robert Kubica damage collision puncture pit stop retirement,,,,,,,
fefd3cd245f08c3320a0,referral-3c7899a89e98a80f,2019-mco,Race,99,Antonio Giovinazzi,Alfa Romeo Racing,accused,88|99,15,15,15,fia_clock_participant_single_lap_interval,+2 Laps,,4.0,4,medium,incident_lap_available|observed_drop_of_three_or_more_positions,2019-mco Antonio Giovinazzi Alfa Romeo Racing race report damage collision puncture front wing floor retirement,site:formula1.com/en/latest 2019-mco Antonio Giovinazzi damage collision puncture pit stop retirement,,,,,,,
c19f31157331007a9d1e,referral-c369b6c3f1ce4353,2020-bhr,Race,16,Charles Leclerc,Ferrari,affected,16|18|26,3,3,3,fia_clock_participant_single_lap_interval,+1 Lap,,-4.0,4,medium,incident_lap_available|multi_car_incident,2020-bhr Charles Leclerc Ferrari race report damage collision puncture front wing floor retirement,site:formula1.com/en/latest 2020-bhr Charles Leclerc damage collision puncture pit stop retirement,,,,,,,
421569da2f06f82a4378,referral-c369b6c3f1ce4353,2020-bhr,Race,26,Daniil Kvyat,AlphaTauri,accused,16|18|26,3,3,3,fia_clock_participant_single_lap_interval,+1 Lap,,-3.0,4,medium,incident_lap_available|multi_car_incident,2020-bhr Daniil Kvyat AlphaTauri race report damage collision puncture front wing floor retirement,site:formula1.com/en/latest 2020-bhr Daniil Kvyat damage collision puncture pit stop retirement,,,,,,,
b7f944e39247d6a6f343,referral-3168b0e2e5a515c1,2020-tus,Race,8,Romain Grosjean,Haas F1 Team,accused_and_affected,7|8|10|16|33,1,1,1,fia_clock_participant_single_lap_interval,Finished,,,4,medium,incident_lap_available|multi_car_incident,2020-tus Romain Grosjean Haas F1 Team race report damage collision puncture front wing floor retirement,site:formula1.com/en/latest 2020-tus Romain Grosjean damage collision puncture pit stop retirement,,,,,,,
fc29807975640455021d,referral-3168b0e2e5a515c1,2020-tus,Race,16,Charles Leclerc,Ferrari,affected,7|8|10|16|33,1,1,1,fia_clock_participant_single_lap_interval,Finished,,,4,medium,incident_lap_available|multi_car_incident,2020-tus Charles Leclerc Ferrari race report damage collision puncture front wing floor retirement,site:formula1.com/en/latest 2020-tus Charles Leclerc damage collision puncture pit stop retirement,,,,,,,
77e91eeeca16f63ab11d,referral-07ba0521d047f4a1,2021-aut,Race,7,Kimi Räikkönen,Alfa Romeo Racing,accused,5|7,70,70,70,fia_clock_participant_single_lap_interval,+1 Lap,,4.0,4,medium,incident_lap_available|observed_drop_of_three_or_more_positions,2021-aut Kimi Räikkönen Alfa Romeo Racing race report damage collision puncture front wing floor retirement,site:formula1.com/en/latest 2021-aut Kimi Räikkönen damage collision puncture pit stop retirement,,,,,,,
3682cdb1be2880fa1af5,referral-36e92eadd8444450,2022-gbr,Race,22,Yuki Tsunoda,AlphaTauri,accused,10|22,11,11,11,fia_clock_participant_single_lap_interval,Finished,,7.0,4,medium,incident_lap_available|observed_drop_of_three_or_more_positions,2022-gbr Yuki Tsunoda AlphaTauri race report damage collision puncture front wing floor retirement,site:formula1.com/en/latest 2022-gbr Yuki Tsunoda damage collision puncture pit stop retirement,,,,,,,
3a6d254ad8b5efe7279b,referral-b56ea8038f408086,2022-hun,Race,3,Daniel Ricciardo,McLaren,accused,3|18,47,47,47,fia_clock_participant_single_lap_interval,+1 Lap,,3.0,4,medium,incident_lap_available|observed_drop_of_three_or_more_positions,2022-hun Daniel Ricciardo McLaren race report damage collision puncture front wing floor retirement,site:formula1.com/en/latest 2022-hun Daniel Ricciardo damage collision puncture pit stop retirement,,,,,,,
9ec6e9af5e03bb98ad89,referral-b56ea8038f408086,2022-hun,Race,18,Lance Stroll,Aston Martin,affected,3|18,47,47,47,fia_clock_participant_single_lap_interval,+1 Lap,,4.0,4,medium,incident_lap_available|observed_drop_of_three_or_more_positions,2022-hun Lance Stroll Aston Martin race report damage collision puncture front wing floor retirement,site:formula1.com/en/latest 2022-hun Lance Stroll damage collision puncture pit stop retirement,,,,,,,
fdad77b143c3dd5aafdb,referral-1634cab5349707ea,2022-mia,Race,47,Mick Schumacher,Haas F1 Team,accused_and_affected,5|20|47,48,48,48,fia_clock_participant_single_lap_interval,Finished,,0.0,4,medium,incident_lap_available|multi_car_incident,2022-mia Mick Schumacher Haas F1 Team race report damage collision puncture front wing floor retirement,site:formula1.com/en/latest 2022-mia Mick Schumacher damage collision puncture pit stop retirement,,,,,,,
e704ee28c2b838f5372c,referral-ab5ecffd4b1f535b,2022-mia,Race,18,Lance Stroll,Aston Martin,accused_and_affected,18|20,47,47,,adjudication_lap_candidate,Finished,,3.0,4,medium,incident_lap_available|observed_drop_of_three_or_more_positions,2022-mia Lance Stroll Aston Martin race report damage collision puncture front wing floor retirement,site:formula1.com/en/latest 2022-mia Lance Stroll damage collision puncture pit stop retirement,,,,,,,
6bc2f55ab0146d5704c4,referral-4533a764cb46f7af,2024-sao,Race,50,Oliver Bearman,Haas F1 Team,accused,43|50,4,4,4,fia_clock_participant_single_lap_interval,Finished,,4.0,4,medium,incident_lap_available|observed_drop_of_three_or_more_positions,2024-sao Oliver Bearman Haas F1 Team race report damage collision puncture front wing floor retirement,site:formula1.com/en/latest 2024-sao Oliver Bearman damage collision puncture pit stop retirement,,,,,,,
e921e39e54c229c22753,referral-5dcd77f0eab66ae4,2025-aut,Race,30,Liam Lawson,Racing Bulls,affected,1|12|30,1,1,1,fia_clock_participant_single_lap_interval,Finished,,,4,medium,incident_lap_available|multi_car_incident,2025-aut Liam Lawson Racing Bulls race report damage collision puncture front wing floor retirement,site:formula1.com/en/latest 2025-aut Liam Lawson damage collision puncture pit stop retirement,,,,,,,
4f1525dedd44f56503f3,referral-8fb16f079cf7e00b,2025-aze,Race,43,Franco Colapinto,Alpine,affected,23|43,17,17,17,fia_clock_participant_single_lap_interval,Lapped,,3.0,4,medium,incident_lap_available|observed_drop_of_three_or_more_positions,2025-aze Franco Colapinto Alpine race report damage collision puncture front wing floor retirement,site:formula1.com/en/latest 2025-aze Franco Colapinto damage collision puncture pit stop retirement,,,,,,,
f0eb520ebd38055e959a,referral-f5b0ef6d99d368fc,2025-esp,Race,30,Liam Lawson,Racing Bulls,accused,23|30|87,31,31,,adjudication_lap_candidate,Finished,,0.0,4,medium,incident_lap_available|multi_car_incident,2025-esp Liam Lawson Racing Bulls race report damage collision puncture front wing floor retirement,site:formula1.com/en/latest 2025-esp Liam Lawson damage collision puncture pit stop retirement,,,,,,,
e03dd04d9c263efbf768,referral-f5b0ef6d99d368fc,2025-esp,Race,87,Oliver Bearman,Haas F1 Team,affected,23|30|87,31,31,,adjudication_lap_candidate,Finished,,0.0,4,medium,incident_lap_available|multi_car_incident,2025-esp Oliver Bearman Haas F1 Team race report damage collision puncture front wing floor retirement,site:formula1.com/en/latest 2025-esp Oliver Bearman damage collision puncture pit stop retirement,,,,,,,
f405f1245ddd7ef5147d,referral-39687112b09e6548,2025-gbr,Race,31,Esteban Ocon,Haas F1 Team,accused_and_affected,31|87,43,43,43,fia_clock_participant_single_lap_interval,Finished,,6.0,4,medium,incident_lap_available|observed_drop_of_three_or_more_positions,2025-gbr Esteban Ocon Haas F1 Team race report damage collision puncture front wing floor retirement,site:formula1.com/en/latest 2025-gbr Esteban Ocon damage collision puncture pit stop retirement,,,,,,,
b004d1fdc99ef54a4735,referral-299f74f832c44e98,2025-lvs,Race,55,Carlos Sainz,Williams,affected,30|55|63|81,1,1,1,fia_clock_participant_single_lap_interval,Finished,,,4,medium,incident_lap_available|multi_car_incident,2025-lvs Carlos Sainz Williams race report damage collision puncture front wing floor retirement,site:formula1.com/en/latest 2025-lvs Carlos Sainz damage collision puncture pit stop retirement,,,,,,,
f85c26c84d14d57f4283,referral-299f74f832c44e98,2025-lvs,Race,63,George Russell,Mercedes,affected,30|55|63|81,1,1,1,fia_clock_participant_single_lap_interval,Finished,,,4,medium,incident_lap_available|multi_car_incident,2025-lvs George Russell Mercedes race report damage collision puncture front wing floor retirement,site:formula1.com/en/latest 2025-lvs George Russell damage collision puncture pit stop retirement,,,,,,,
a8de674c3ee8ee455177,referral-299f74f832c44e98,2025-lvs,Race,81,Oscar Piastri,McLaren,affected,30|55|63|81,1,1,1,fia_clock_participant_single_lap_interval,Disqualified,,,4,medium,incident_lap_available|multi_car_incident,2025-lvs Oscar Piastri McLaren race report damage collision puncture front wing floor retirement,site:formula1.com/en/latest 2025-lvs Oscar Piastri damage collision puncture pit stop retirement,,,,,,,
6fee3fd54ca674a08901,referral-2ba396eba5a59d95,2025-lvs,Race,43,Franco Colapinto,Alpine,affected,5|18|43,1,1,1,fia_clock_participant_single_lap_interval,Lapped,,,4,medium,incident_lap_available|multi_car_incident,2025-lvs Franco Colapinto Alpine race report damage collision puncture front wing floor retirement,site:formula1.com/en/latest 2025-lvs Franco Colapinto damage collision puncture pit stop retirement,,,,,,,
fe17e749cc30cab56d24,referral-3dcd04109c7befd9,2025-sau,Race,55,Carlos Sainz,Williams,affected,10|22|55,1,1,1,fia_clock_participant_single_lap_interval,Finished,,,4,medium,incident_lap_available|multi_car_incident,2025-sau Carlos Sainz Williams race report damage collision puncture front wing floor retirement,site:formula1.com/en/latest 2025-sau Carlos Sainz damage collision puncture pit stop retirement,,,,,,,
1059765ca5c15c2f5a84,referral-9ee5a096989b8230,2025-usa,Race,12,Kimi Antonelli,Mercedes,affected,12|55,6,6,6,fia_clock_participant_single_lap_interval,Finished,,12.0,4,medium,incident_lap_available|observed_drop_of_three_or_more_positions,2025-usa Kimi Antonelli Mercedes race report damage collision puncture front wing floor retirement,site:formula1.com/en/latest 2025-usa Kimi Antonelli damage collision puncture pit stop retirement,,,,,,,
f13436417c8c2ad4fb89,referral-9b6de88fc350879a,2018-abu,Race,8,Romain Grosjean,Haas F1 Team,affected,8|27,1,1,1,fia_clock_participant_single_lap_interval,+1 Lap,,,2,low,incident_lap_available,2018-abu Romain Grosjean Haas F1 Team race report damage collision puncture front wing floor retirement,site:formula1.com/en/latest 2018-abu Romain Grosjean damage collision puncture pit stop retirement,,,,,,,
06b8d78f9864a63bf019,referral-d039353f8ed48fe0,2018-bhr,Race,11,Sergio Perez,Force India,affected,11|28,1,1,1,fia_clock_participant_single_lap_interval,+1 Lap,,,2,low,incident_lap_available,2018-bhr Sergio Perez Force India race report damage collision puncture front wing floor retirement,site:formula1.com/en/latest 2018-bhr Sergio Perez damage collision puncture pit stop retirement,,,,,,,
51934491f889fee9809f,referral-d039353f8ed48fe0,2018-bhr,Race,28,Brendon Hartley,Toro Rosso,accused,11|28,1,1,1,fia_clock_participant_single_lap_interval,+1 Lap,,,2,low,incident_lap_available,2018-bhr Brendon Hartley Toro Rosso race report damage collision puncture front wing floor retirement,site:formula1.com/en/latest 2018-bhr Brendon Hartley damage collision puncture pit stop retirement,,,,,,,
b24fae4387b1e6954349,referral-572ef9f566c02a47,2018-fra,Race,8,Romain Grosjean,Haas F1 Team,accused,8|31,1,1,1,fia_clock_participant_single_lap_interval,+1 Lap,,,2,low,incident_lap_available,2018-fra Romain Grosjean Haas F1 Team race report damage collision puncture front wing floor retirement,site:formula1.com/en/latest 2018-fra Romain Grosjean damage collision puncture pit stop retirement,,,,,,,
8d625f36e48e20aafc87,referral-54d4208235326886,2018-gbr,Race,20,Kevin Magnussen,Haas F1 Team,accused_and_affected,8|20,1,1,1,fia_clock_participant_single_lap_interval,Finished,,,2,low,incident_lap_available,2018-gbr Kevin Magnussen Haas F1 Team race report damage collision puncture front wing floor retirement,site:formula1.com/en/latest 2018-gbr Kevin Magnussen damage collision puncture pit stop retirement,,,,,,,
700d386fec083d7bec38,referral-e1b8f833e205b138,2018-gbr,Race,7,Kimi Räikkönen,Ferrari,accused,7|44,1,1,1,fia_clock_participant_single_lap_interval,Finished,,,2,low,incident_lap_available,2018-gbr Kimi Räikkönen Ferrari race report damage collision puncture front wing floor retirement,site:formula1.com/en/latest 2018-gbr Kimi Räikkönen damage collision puncture pit stop retirement,,,,,,,
c1f4ebed0fe05cfcd2b5,referral-e1b8f833e205b138,2018-gbr,Race,44,Lewis Hamilton,Mercedes,affected,7|44,1,1,1,fia_clock_participant_single_lap_interval,Finished,,,2,low,incident_lap_available,2018-gbr Lewis Hamilton Mercedes race report damage collision puncture front wing floor retirement,site:formula1.com/en/latest 2018-gbr Lewis Hamilton damage collision puncture pit stop retirement,,,,,,,
27c46b8ccf2956ff4757,referral-7eee0a9c2ce4a186,2018-ita,Race,44,Lewis Hamilton,Mercedes,accused_and_affected,5|44,1,1,1,fia_clock_participant_single_lap_interval,Finished,,,2,low,incident_lap_available,2018-ita Lewis Hamilton Mercedes race report damage collision puncture front wing floor retirement,site:formula1.com/en/latest 2018-ita Lewis Hamilton damage collision puncture pit stop retirement,,,,,,,
6348777a9d5a05c19415,referral-b77c71894b8712d2,2018-sgp,Race,11,Sergio Perez,Racing Point,accused,11|31,1,1,1,fia_clock_participant_single_lap_interval,+1 Lap,,,2,low,incident_lap_available,2018-sgp Sergio Perez Racing Point race report damage collision puncture front wing floor retirement,site:formula1.com/en/latest 2018-sgp Sergio Perez damage collision puncture pit stop retirement,,,,,,,
553f6a03c95bf4b45a79,referral-8cf1f928a4e60852,2018-usa,Race,3,Daniel Ricciardo,Red Bull Racing,accused_and_affected,3|5,1,1,1,fia_clock_participant_single_lap_interval,Battery,,,2,low,incident_lap_available,2018-usa Daniel Ricciardo Red Bull Racing race report damage collision puncture front wing floor retirement,site:formula1.com/en/latest 2018-usa Daniel Ricciardo damage collision puncture pit stop retirement,,,,,,,
048a0374d1e14b448824,referral-8cf1f928a4e60852,2018-usa,Race,5,Sebastian Vettel,Ferrari,accused_and_affected,3|5,1,1,1,fia_clock_participant_single_lap_interval,Finished,,,2,low,incident_lap_available,2018-usa Sebastian Vettel Ferrari race report damage collision puncture front wing floor retirement,site:formula1.com/en/latest 2018-usa Sebastian Vettel damage collision puncture pit stop retirement,,,,,,,
850d0ed4a70e338236a0,incident-src-8ac64d49533b4e49,2019-bhr,Race,99,Antonio Giovinazzi,Alfa Romeo Racing,accused,26|99,12,12,12,fia_clock_participant_single_lap_interval,Finished,,-2.0,2,low,incident_lap_available,2019-bhr Antonio Giovinazzi Alfa Romeo Racing race report damage collision puncture front wing floor retirement,site:formula1.com/en/latest 2019-bhr Antonio Giovinazzi damage collision puncture pit stop retirement,,,,,,,
04a4d16ebbd8df15b9a3,incident-src-a2465e3be559632e,2019-bhr,Race,99,Antonio Giovinazzi,Alfa Romeo Racing,affected,26|99,12,12,12,fia_clock_participant_single_lap_interval,Finished,,-2.0,2,low,incident_lap_available,2019-bhr Antonio Giovinazzi Alfa Romeo Racing race report damage collision puncture front wing floor retirement,site:formula1.com/en/latest 2019-bhr Antonio Giovinazzi damage collision puncture pit stop retirement,,,,,,,
886105cc9d53fe5b4ab2,referral-8bae9b55f0749bef,2019-bra,Race,44,Lewis Hamilton,Mercedes,accused,23|44,70,70,70,fia_clock_participant_single_lap_interval,Finished,,-1.0,2,low,incident_lap_available,2019-bra Lewis Hamilton Mercedes race report damage collision puncture front wing floor retirement,site:formula1.com/en/latest 2019-bra Lewis Hamilton damage collision puncture pit stop retirement,,,,,,,
b537de1f0e7d088a9bb5,referral-23100d35fc5906d1,2019-deu,Race,23,Alexander Albon,Toro Rosso,affected,10|23,62,62,62,fia_clock_participant_single_lap_interval,Finished,,0.0,2,low,incident_lap_available,2019-deu Alexander Albon Toro Rosso race report damage collision puncture front wing floor retirement,site:formula1.com/en/latest 2019-deu Alexander Albon damage collision puncture pit stop retirement,,,,,,,
2f7fb87883f60f256d14,referral-f400bd65ec68bae4,2019-jpn,Race,33,Max Verstappen,Red Bull Racing,accused_and_affected,16|33,1,1,1,fia_clock_participant_single_lap_interval,Brakes,,,2,low,incident_lap_available,2019-jpn Max Verstappen Red Bull Racing race report damage collision puncture front wing floor retirement,site:formula1.com/en/latest 2019-jpn Max Verstappen damage collision puncture pit stop retirement,,,,,,,
8309ceabae7c625089d4,referral-06be9444b527f8ae,2019-mex,Race,26,Daniil Kvyat,Toro Rosso,accused,26|27,70,70,70,fia_clock_participant_single_lap_interval,+1 Lap,,-1.0,2,low,incident_lap_available,2019-mex Daniil Kvyat Toro Rosso race report damage collision puncture front wing floor retirement,site:formula1.com/en/latest 2019-mex Daniil Kvyat damage collision puncture pit stop retirement,,,,,,,
c87ae0af6f82986ba360,referral-06be9444b527f8ae,2019-mex,Race,27,Nico Hulkenberg,Renault,affected,26|27,70,70,70,fia_clock_participant_single_lap_interval,+1 Lap,,2.0,2,low,incident_lap_available,2019-mex Nico Hulkenberg Renault race report damage collision puncture front wing floor retirement,site:formula1.com/en/latest 2019-mex Nico Hulkenberg damage collision puncture pit stop retirement,,,,,,,
71cc6edc32679ae97b32,referral-693d171ad0182cef,2019-usa,Race,55,Carlos Sainz,McLaren,affected,23|55,1,1,1,fia_clock_participant_single_lap_interval,+1 Lap,,,2,low,incident_lap_available,2019-usa Carlos Sainz McLaren race report damage collision puncture front wing floor retirement,site:formula1.com/en/latest 2019-usa Carlos Sainz damage collision puncture pit stop retirement,,,,,,,
b295c89bdf228acd114c,referral-b7b1c1628ee7b46b,2019-usa,Race,11,Sergio Perez,Racing Point,affected,11|26,55,55,55,fia_clock_participant_single_lap_interval,+1 Lap,,1.0,2,low,incident_lap_available,2019-usa Sergio Perez Racing Point race report damage collision puncture front wing floor retirement,site:formula1.com/en/latest 2019-usa Sergio Perez damage collision puncture pit stop retirement,,,,,,,
8c6d15b550af41eef874,referral-b7b1c1628ee7b46b,2019-usa,Race,26,Daniil Kvyat,Toro Rosso,accused,11|26,55,55,55,fia_clock_participant_single_lap_interval,+1 Lap,,-1.0,2,low,incident_lap_available,2019-usa Daniil Kvyat Toro Rosso race report damage collision puncture front wing floor retirement,site:formula1.com/en/latest 2019-usa Daniil Kvyat damage collision puncture pit stop retirement,,,,,,,
21c0f6570d6bedc66ac4,referral-2b30f84b57227347,2020-eif,Race,23,Alexander Albon,Red Bull Racing,accused,23|26,18,18,18,fia_clock_participant_single_lap_interval,Radiator,,-1.0,2,low,incident_lap_available,2020-eif Alexander Albon Red Bull Racing race report damage collision puncture front wing floor retirement,site:formula1.com/en/latest 2020-eif Alexander Albon damage collision puncture pit stop retirement,,,,,,,
638012e5287590651964,referral-d4b42208d21c7a44,2020-emi,Race,5,Sebastian Vettel,Ferrari,accused,5|20,1,1,1,fia_clock_participant_single_lap_interval,Finished,,,2,low,incident_lap_available,2020-emi Sebastian Vettel Ferrari race report damage collision puncture front wing floor retirement,site:formula1.com/en/latest 2020-emi Sebastian Vettel damage collision puncture pit stop retirement,,,,,,,
cf2d19edab6198574b77,referral-d4b42208d21c7a44,2020-emi,Race,20,Kevin Magnussen,Haas F1 Team,affected,5|20,1,1,1,fia_clock_participant_single_lap_interval,Illness,,,2,low,incident_lap_available,2020-emi Kevin Magnussen Haas F1 Team race report damage collision puncture front wing floor retirement,site:formula1.com/en/latest 2020-emi Kevin Magnussen damage collision puncture pit stop retirement,,,,,,,
38c037e77fb13b94a559,referral-83878e66d84e44ae,2020-ita,Race,8,Romain Grosjean,Haas F1 Team,affected,8|10|23,,,1|2,fia_clock_participant_multi_lap_window,Finished,,,2,low,multi_car_incident,2020-ita Romain Grosjean Haas F1 Team race report damage collision puncture front wing floor retirement,site:formula1.com/en/latest 2020-ita Romain Grosjean damage collision puncture pit stop retirement,,,,,,,
71a22e9b681401c06d3e,referral-83878e66d84e44ae,2020-ita,Race,10,Pierre Gasly,AlphaTauri,affected,8|10|23,,,1|2,fia_clock_participant_multi_lap_window,Finished,,,2,low,multi_car_incident,2020-ita Pierre Gasly AlphaTauri race report damage collision puncture front wing floor retirement,site:formula1.com/en/latest 2020-ita Pierre Gasly damage collision puncture pit stop retirement,,,,,,,
0f643c2c9e24d7378494,referral-83878e66d84e44ae,2020-ita,Race,23,Alexander Albon,Red Bull Racing,accused,8|10|23,,,1|2,fia_clock_participant_multi_lap_window,Finished,,,2,low,multi_car_incident,2020-ita Alexander Albon Red Bull Racing race report damage collision puncture front wing floor retirement,site:formula1.com/en/latest 2020-ita Alexander Albon damage collision puncture pit stop retirement,,,,,,,
6a988830deade59099e6,incident-src-02b95aa6fb08b86f,2021-sau,Race,33,Max Verstappen,Red Bull Racing,accused,33|44,37,37,37,fia_clock_participant_single_lap_interval,Finished,,0.0,2,low,incident_lap_available,2021-sau Max Verstappen Red Bull Racing race report damage collision puncture front wing floor retirement,site:formula1.com/en/latest 2021-sau Max Verstappen damage collision puncture pit stop retirement,,,,,,,
ae749b1554b6b633328e,incident-src-02b95aa6fb08b86f,2021-sau,Race,44,Lewis Hamilton,Mercedes,affected,33|44,37,37,37,fia_clock_participant_single_lap_interval,Finished,,0.0,2,low,incident_lap_available,2021-sau Lewis Hamilton Mercedes race report damage collision puncture front wing floor retirement,site:formula1.com/en/latest 2021-sau Lewis Hamilton damage collision puncture pit stop retirement,,,,,,,
f3d996a800caa8943dad,referral-a7d53580889c5904,2021-tur,Race,10,Pierre Gasly,AlphaTauri,accused,10|14,1,1,1,fia_clock_participant_single_lap_interval,Finished,,,2,low,incident_lap_available,2021-tur Pierre Gasly AlphaTauri race report damage collision puncture front wing floor retirement,site:formula1.com/en/latest 2021-tur Pierre Gasly damage collision puncture pit stop retirement,,,,,,,
bf250bd9c6481dafb121,referral-a7d53580889c5904,2021-tur,Race,14,Fernando Alonso,Alpine,affected,10|14,1,1,1,fia_clock_participant_single_lap_interval,+1 Lap,,,2,low,incident_lap_available,2021-tur Fernando Alonso Alpine race report damage collision puncture front wing floor retirement,site:formula1.com/en/latest 2021-tur Fernando Alonso damage collision puncture pit stop retirement,,,,,,,
528e971b7a07f220b246,referral-92a69d6732b75346,2022-abu,Race,47,Mick Schumacher,Haas F1 Team,accused,6|47,38,38,38,fia_clock_participant_single_lap_interval,+1 Lap,,0.0,2,low,incident_lap_available,2022-abu Mick Schumacher Haas F1 Team race report damage collision puncture front wing floor retirement,site:formula1.com/en/latest 2022-abu Mick Schumacher damage collision puncture pit stop retirement,,,,,,,
b08170de3e52f4cc2ff7,referral-e53b9398877a9d1c,2022-aut,Race,63,George Russell,Mercedes,accused,11|63,1,1,1,fia_clock_participant_single_lap_interval,Finished,,,2,low,incident_lap_available,2022-aut George Russell Mercedes race report damage collision puncture front wing floor retirement,site:formula1.com/en/latest 2022-aut George Russell damage collision puncture pit stop retirement,,,,,,,
669b103d0ee52691ea09,referral-06f7cbef42a85f11,2022-bel,Race,14,Fernando Alonso,Alpine,affected,14|44,1,1,1,fia_clock_participant_single_lap_interval,Finished,,,2,low,incident_lap_available,2022-bel Fernando Alonso Alpine race report damage collision puncture front wing floor retirement,site:formula1.com/en/latest 2022-bel Fernando Alonso damage collision puncture pit stop retirement,,,,,,,
1ebb2764d294abdf2cf8,referral-3f7afa7fa15b623b,2022-bhr,Race,31,Esteban Ocon,Alpine,accused,31|47,1,1,1,fia_clock_participant_single_lap_interval,Finished,,,2,low,incident_lap_available,2022-bhr Esteban Ocon Alpine race report damage collision puncture front wing floor retirement,site:formula1.com/en/latest 2022-bhr Esteban Ocon damage collision puncture pit stop retirement,,,,,,,
844cc260d4f6c9bcf8a8,referral-3f7afa7fa15b623b,2022-bhr,Race,47,Mick Schumacher,Haas F1 Team,affected,31|47,1,1,1,fia_clock_participant_single_lap_interval,Finished,,,2,low,incident_lap_available,2022-bhr Mick Schumacher Haas F1 Team race report damage collision puncture front wing floor retirement,site:formula1.com/en/latest 2022-bhr Mick Schumacher damage collision puncture pit stop retirement,,,,,,,
099f3cffa3663a230d49,referral-77de8f515baa8b7e,2022-fra,Race,47,Mick Schumacher,Haas F1 Team,affected,6|20|47,,,,unresolved,Finished,,,2,low,multi_car_incident,2022-fra Mick Schumacher Haas F1 Team race report damage collision puncture front wing floor retirement,site:formula1.com/en/latest 2022-fra Mick Schumacher damage collision puncture pit stop retirement,,,,,,,
5eacf29d0690a7b4c63c,referral-356c0381e1def57c,2022-mex,Race,3,Daniel Ricciardo,McLaren,accused,3|22,50,50,50,fia_clock_participant_single_lap_interval,+1 Lap,,-1.0,2,low,incident_lap_available,2022-mex Daniel Ricciardo McLaren race report damage collision puncture front wing floor retirement,site:formula1.com/en/latest 2022-mex Daniel Ricciardo damage collision puncture pit stop retirement,,,,,,,
b06dcd5826b6cd510649,referral-ad8b21666896b543,2022-sgp,Race,1,Max Verstappen,Red Bull Racing,accused,1|20,1,1,1,fia_clock_participant_single_lap_interval,Finished,,,2,low,incident_lap_available,2022-sgp Max Verstappen Red Bull Racing race report damage collision puncture front wing floor retirement,site:formula1.com/en/latest 2022-sgp Max Verstappen damage collision puncture pit stop retirement,,,,,,,
076506823f3875bd3922,referral-ad8b21666896b543,2022-sgp,Race,20,Kevin Magnussen,Haas F1 Team,affected,1|20,1,1,1,fia_clock_participant_single_lap_interval,Finished,,,2,low,incident_lap_available,2022-sgp Kevin Magnussen Haas F1 Team race report damage collision puncture front wing floor retirement,site:formula1.com/en/latest 2022-sgp Kevin Magnussen damage collision puncture pit stop retirement,,,,,,,
d79b844aa102c5f3953d,referral-c809e324a033e4fc,2022-usa,Race,6,Nicholas Latifi,Williams,accused,6|47,38,38,38,fia_clock_participant_single_lap_interval,Finished,,2.0,2,low,incident_lap_available,2022-usa Nicholas Latifi Williams race report damage collision puncture front wing floor retirement,site:formula1.com/en/latest 2022-usa Nicholas Latifi damage collision puncture pit stop retirement,,,,,,,
c205e74aba5783c16e3a,referral-c809e324a033e4fc,2022-usa,Race,47,Mick Schumacher,Haas F1 Team,affected,6|47,38,38,38,fia_clock_participant_single_lap_interval,Finished,,-1.0,2,low,incident_lap_available,2022-usa Mick Schumacher Haas F1 Team race report damage collision puncture front wing floor retirement,site:formula1.com/en/latest 2022-usa Mick Schumacher damage collision puncture pit stop retirement,,,,,,,
61473e11678929fadcc6,referral-e1f645df500c1c11,2022-usa,Race,63,George Russell,Mercedes,accused,55|63,1,1,1,fia_clock_participant_single_lap_interval,Finished,,,2,low,incident_lap_available,2022-usa George Russell Mercedes race report damage collision puncture front wing floor retirement,site:formula1.com/en/latest 2022-usa George Russell damage collision puncture pit stop retirement,,,,,,,
1c4a31eac5bda571bc6f,referral-b0b88f305b6da331,2023-hun,Race,3,Daniel Ricciardo,AlphaTauri,affected,3|24,1,1,1,fia_clock_participant_single_lap_interval,Lapped,,,2,low,incident_lap_available,2023-hun Daniel Ricciardo AlphaTauri race report damage collision puncture front wing floor retirement,site:formula1.com/en/latest 2023-hun Daniel Ricciardo damage collision puncture pit stop retirement,,,,,,,
6badc3049eb9bdab4a73,referral-b0b88f305b6da331,2023-hun,Race,24,Guanyu Zhou,Alfa Romeo,accused,3|24,1,1,1,fia_clock_participant_single_lap_interval,Lapped,,,2,low,incident_lap_available,2023-hun Guanyu Zhou Alfa Romeo race report damage collision puncture front wing floor retirement,site:formula1.com/en/latest 2023-hun Guanyu Zhou damage collision puncture pit stop retirement,,,,,,,
e85036e57c7c1df7aa49,referral-34475639550d3206,2023-ita,Race,44,Lewis Hamilton,Mercedes,accused,44|81,41,41,41,fia_clock_participant_single_lap_interval,Finished,,-1.0,2,low,incident_lap_available,2023-ita Lewis Hamilton Mercedes race report damage collision puncture front wing floor retirement,site:formula1.com/en/latest 2023-ita Lewis Hamilton damage collision puncture pit stop retirement,,,,,,,
02265ae0c5af6b04cd39,referral-4e46caea8d8ce0ce,2023-mco,Race,2,Logan Sargeant,Williams,affected,2|27,1,1,1,fia_clock_participant_single_lap_interval,Lapped,,,2,low,incident_lap_available,2023-mco Logan Sargeant Williams race report damage collision puncture front wing floor retirement,site:formula1.com/en/latest 2023-mco Logan Sargeant damage collision puncture pit stop retirement,,,,,,,
d7a8e70f61e402135bcc,referral-2aba8b3f9466325c,2023-mex,Race,77,Valtteri Bottas,Alfa Romeo,accused,18|77,66,66,66,fia_clock_participant_single_lap_interval,Finished,,0.0,2,low,incident_lap_available,2023-mex Valtteri Bottas Alfa Romeo race report damage collision puncture front wing floor retirement,site:formula1.com/en/latest 2023-mex Valtteri Bottas damage collision puncture pit stop retirement,,,,,,,
3f538cf56eedd5319c6c,referral-fa5877ac295331e9,2023-sgp,Race,11,Sergio Perez,Red Bull Racing,accused,11|23|40,,,58|59,fia_clock_participant_multi_lap_window,Finished,,,2,low,multi_car_incident,2023-sgp Sergio Perez Red Bull Racing race report damage collision puncture front wing floor retirement,site:formula1.com/en/latest 2023-sgp Sergio Perez damage collision puncture pit stop retirement,,,,,,,
c28e031e8ad6d1bf775d,referral-fa5877ac295331e9,2023-sgp,Race,23,Alexander Albon,Williams,affected,11|23|40,,,58|59,fia_clock_participant_multi_lap_window,Finished,,,2,low,multi_car_incident,2023-sgp Alexander Albon Williams race report damage collision puncture front wing floor retirement,site:formula1.com/en/latest 2023-sgp Alexander Albon damage collision puncture pit stop retirement,,,,,,,
0940c515cd74fc6046b1,referral-fa5877ac295331e9,2023-sgp,Race,40,Liam Lawson,AlphaTauri,affected,11|23|40,,,58|59,fia_clock_participant_multi_lap_window,Finished,,,2,low,multi_car_incident,2023-sgp Liam Lawson AlphaTauri race report damage collision puncture front wing floor retirement,site:formula1.com/en/latest 2023-sgp Liam Lawson damage collision puncture pit stop retirement,,,,,,,
f7d739a66cd0d2ec5877,referral-77f98b44ca9910e1,2024-abu,Race,1,Max Verstappen,Red Bull Racing,accused,1|81,1,1,1,fia_clock_participant_single_lap_interval,Finished,,,2,low,incident_lap_available,2024-abu Max Verstappen Red Bull Racing race report damage collision puncture front wing floor retirement,site:formula1.com/en/latest 2024-abu Max Verstappen damage collision puncture pit stop retirement,,,,,,,
2d31b1d6a321f29cc1dc,referral-77f98b44ca9910e1,2024-abu,Race,81,Oscar Piastri,McLaren,affected,1|81,1,1,1,fia_clock_participant_single_lap_interval,Finished,,,2,low,incident_lap_available,2024-abu Oscar Piastri McLaren race report damage collision puncture front wing floor retirement,site:formula1.com/en/latest 2024-abu Oscar Piastri damage collision puncture pit stop retirement,,,,,,,
b53a190bffb6908a29fb,referral-c4d62265d08c758d,2024-chn,Sprint,55,Carlos Sainz,Ferrari,affected,14|55,16,16,16,fia_clock_participant_single_lap_interval,Finished,,0.0,2,low,incident_lap_available,2024-chn Carlos Sainz Ferrari race report damage collision puncture front wing floor retirement,site:formula1.com/en/latest 2024-chn Carlos Sainz damage collision puncture pit stop retirement,,,,,,,
da2367d539573d43b7bc,incident-src-c66b11904508fc88,2024-mex,Race,43,Franco Colapinto,Williams,accused,30|43,65,65,65,fia_clock_participant_single_lap_interval,Lapped,,-1.0,2,low,incident_lap_available,2024-mex Franco Colapinto Williams race report damage collision puncture front wing floor retirement,site:formula1.com/en/latest 2024-mex Franco Colapinto damage collision puncture pit stop retirement,,,,,,,
988226774f7398f54967,referral-b2dfeca185ec8f72,2024-qat,Race,23,Alexander Albon,Williams,affected,18|23,1,1,1,fia_clock_participant_single_lap_interval,Lapped,,,2,low,incident_lap_available,2024-qat Alexander Albon Williams race report damage collision puncture front wing floor retirement,site:formula1.com/en/latest 2024-qat Alexander Albon damage collision puncture pit stop retirement,,,,,,,
65181bbdf9c70b69eb93,referral-dd7533f75f09690c,2024-qat,Race,20,Kevin Magnussen,Haas F1 Team,affected,20|23,43,43,43,fia_clock_participant_single_lap_interval,Finished,,1.0,2,low,incident_lap_available,2024-qat Kevin Magnussen Haas F1 Team race report damage collision puncture front wing floor retirement,site:formula1.com/en/latest 2024-qat Kevin Magnussen damage collision puncture pit stop retirement,,,,,,,
e05f8652f9356499e35d,referral-dd7533f75f09690c,2024-qat,Race,23,Alexander Albon,Williams,accused,20|23,43,43,43,fia_clock_participant_single_lap_interval,Lapped,,-1.0,2,low,incident_lap_available,2024-qat Alexander Albon Williams race report damage collision puncture front wing floor retirement,site:formula1.com/en/latest 2024-qat Alexander Albon damage collision puncture pit stop retirement,,,,,,,
c81109c3fe647e208d9e,referral-56f9042ef5b6a732,2024-sao,Race,30,Liam Lawson,RB,affected,30|44|81,,,25|26,fia_clock_participant_multi_lap_window,Finished,,,2,low,multi_car_incident,2024-sao Liam Lawson RB race report damage collision puncture front wing floor retirement,site:formula1.com/en/latest 2024-sao Liam Lawson damage collision puncture pit stop retirement,,,,,,,
c314112cf7b237b14758,referral-56f9042ef5b6a732,2024-sao,Race,44,Lewis Hamilton,Mercedes,affected,30|44|81,,,25|26,fia_clock_participant_multi_lap_window,Finished,,,2,low,multi_car_incident,2024-sao Lewis Hamilton Mercedes race report damage collision puncture front wing floor retirement,site:formula1.com/en/latest 2024-sao Lewis Hamilton damage collision puncture pit stop retirement,,,,,,,
78279aa6488f46a9afd4,referral-56f9042ef5b6a732,2024-sao,Race,81,Oscar Piastri,McLaren,accused,30|44|81,,,25|26,fia_clock_participant_multi_lap_window,Finished,,,2,low,multi_car_incident,2024-sao Oscar Piastri McLaren race report damage collision puncture front wing floor retirement,site:formula1.com/en/latest 2024-sao Oscar Piastri damage collision puncture pit stop retirement,,,,,,,
5cc594cb90e5c6ef336b,referral-a54b06fbd1bfe5dc,2025-abu,Race,10,Pierre Gasly,Alpine,accused_and_affected,10|27,1,1,1,fia_clock_participant_single_lap_interval,Lapped,,,2,low,incident_lap_available,2025-abu Pierre Gasly Alpine race report damage collision puncture front wing floor retirement,site:formula1.com/en/latest 2025-abu Pierre Gasly damage collision puncture pit stop retirement,,,,,,,
b3e9f63c4276a4114c9f,referral-a54b06fbd1bfe5dc,2025-abu,Race,27,Nico Hulkenberg,Kick Sauber,accused_and_affected,10|27,1,1,1,fia_clock_participant_single_lap_interval,Finished,,,2,low,incident_lap_available,2025-abu Nico Hulkenberg Kick Sauber race report damage collision puncture front wing floor retirement,site:formula1.com/en/latest 2025-abu Nico Hulkenberg damage collision puncture pit stop retirement,,,,,,,
1d966aaacb8fc007eb6e,referral-8fb16f079cf7e00b,2025-aze,Race,23,Alexander Albon,Williams,accused,23|43,17,17,17,fia_clock_participant_single_lap_interval,Finished,,-1.0,2,low,incident_lap_available,2025-aze Alexander Albon Williams race report damage collision puncture front wing floor retirement,site:formula1.com/en/latest 2025-aze Alexander Albon damage collision puncture pit stop retirement,,,,,,,
8e07ac6b43635dab1cee,referral-80b7ad494889ee19,2025-chn,Sprint,5,Gabriel Bortoleto,Kick Sauber,affected,5|7,19,19,19,fia_clock_participant_single_lap_interval,Finished,,2.0,2,low,incident_lap_available,2025-chn Gabriel Bortoleto Kick Sauber race report damage collision puncture front wing floor retirement,site:formula1.com/en/latest 2025-chn Gabriel Bortoleto damage collision puncture pit stop retirement,,,,,,,
da74b47e4d3f3b7c5400,referral-80b7ad494889ee19,2025-chn,Sprint,7,Jack Doohan,Alpine,accused,5|7,19,19,19,fia_clock_participant_single_lap_interval,Finished,,2.0,2,low,incident_lap_available,2025-chn Jack Doohan Alpine race report damage collision puncture front wing floor retirement,site:formula1.com/en/latest 2025-chn Jack Doohan damage collision puncture pit stop retirement,,,,,,,
5765d631ee536d013e17,referral-6eacb77df8d2ea39,2025-esp,Race,1,Max Verstappen,Red Bull Racing,accused_and_affected,1|16|63,,,,unresolved,Finished,,,2,low,multi_car_incident,2025-esp Max Verstappen Red Bull Racing race report damage collision puncture front wing floor retirement,site:formula1.com/en/latest 2025-esp Max Verstappen damage collision puncture pit stop retirement,,,,,,,
67bd3cc8d9f97a7b2a4b,referral-6eacb77df8d2ea39,2025-esp,Race,16,Charles Leclerc,Ferrari,accused_and_affected,1|16|63,,,,unresolved,Finished,,,2,low,multi_car_incident,2025-esp Charles Leclerc Ferrari race report damage collision puncture front wing floor retirement,site:formula1.com/en/latest 2025-esp Charles Leclerc damage collision puncture pit stop retirement,,,,,,,
d3aa0a56b596932e1db0,referral-6eacb77df8d2ea39,2025-esp,Race,63,George Russell,Mercedes,affected,1|16|63,,,,unresolved,Finished,,,2,low,multi_car_incident,2025-esp George Russell Mercedes race report damage collision puncture front wing floor retirement,site:formula1.com/en/latest 2025-esp George Russell damage collision puncture pit stop retirement,,,,,,,
6f469253c153aaeb9974,referral-0781a9d0f3e2cf8d,2025-gbr,Race,22,Yuki Tsunoda,Red Bull Racing,accused,22|87,22,22,22,fia_clock_participant_single_lap_interval,Lapped,,1.0,2,low,incident_lap_available,2025-gbr Yuki Tsunoda Red Bull Racing race report damage collision puncture front wing floor retirement,site:formula1.com/en/latest 2025-gbr Yuki Tsunoda damage collision puncture pit stop retirement,,,,,,,
ba158a47ed03b0b191ef,referral-0781a9d0f3e2cf8d,2025-gbr,Race,87,Oliver Bearman,Haas F1 Team,affected,22|87,22,22,22,fia_clock_participant_single_lap_interval,Finished,,1.0,2,low,incident_lap_available,2025-gbr Oliver Bearman Haas F1 Team race report damage collision puncture front wing floor retirement,site:formula1.com/en/latest 2025-gbr Oliver Bearman damage collision puncture pit stop retirement,,,,,,,
42723cdc94e1af089d8e,referral-39687112b09e6548,2025-gbr,Race,87,Oliver Bearman,Haas F1 Team,accused_and_affected,31|87,43,43,43,fia_clock_participant_single_lap_interval,Finished,,-1.0,2,low,incident_lap_available,2025-gbr Oliver Bearman Haas F1 Team race report damage collision puncture front wing floor retirement,site:formula1.com/en/latest 2025-gbr Oliver Bearman damage collision puncture pit stop retirement,,,,,,,
ba12c85ad0e3b468e699,referral-da5b6ae5cfb3c8a1,2025-hun,Race,10,Pierre Gasly,Alpine,accused,10|55,61,61,61,fia_clock_participant_single_lap_interval,Lapped,,0.0,2,low,incident_lap_available,2025-hun Pierre Gasly Alpine race report damage collision puncture front wing floor retirement,site:formula1.com/en/latest 2025-hun Pierre Gasly damage collision puncture pit stop retirement,,,,,,,
87c518f59d6f805614e7,referral-da5b6ae5cfb3c8a1,2025-hun,Race,55,Carlos Sainz,Williams,affected,10|55,61,61,61,fia_clock_participant_single_lap_interval,Lapped,,1.0,2,low,incident_lap_available,2025-hun Carlos Sainz Williams race report damage collision puncture front wing floor retirement,site:formula1.com/en/latest 2025-hun Carlos Sainz damage collision puncture pit stop retirement,,,,,,,
21da8e4ca49452c88062,referral-05462a009b963b4e,2025-ita,Race,55,Carlos Sainz,Williams,affected,55|87,40,40,40,fia_clock_participant_single_lap_interval,Finished,,0.0,2,low,incident_lap_available,2025-ita Carlos Sainz Williams race report damage collision puncture front wing floor retirement,site:formula1.com/en/latest 2025-ita Carlos Sainz damage collision puncture pit stop retirement,,,,,,,
15cf88ba6e594bcde961,referral-05462a009b963b4e,2025-ita,Race,87,Oliver Bearman,Haas F1 Team,accused,55|87,40,40,40,fia_clock_participant_single_lap_interval,Finished,,2.0,2,low,incident_lap_available,2025-ita Oliver Bearman Haas F1 Team race report damage collision puncture front wing floor retirement,site:formula1.com/en/latest 2025-ita Oliver Bearman damage collision puncture pit stop retirement,,,,,,,
c2fba1f11b254a84e684,referral-6fc136acc0b9e3a0,2025-mia,Race,44,Lewis Hamilton,Ferrari,accused_and_affected,44|55,57,57,57,fia_clock_participant_single_lap_interval,Finished,,0.0,2,low,incident_lap_available,2025-mia Lewis Hamilton Ferrari race report damage collision puncture front wing floor retirement,site:formula1.com/en/latest 2025-mia Lewis Hamilton damage collision puncture pit stop retirement,,,,,,,
8714e8dc00bd6e57e621,referral-6fc136acc0b9e3a0,2025-mia,Race,55,Carlos Sainz,Williams,accused_and_affected,44|55,57,57,57,fia_clock_participant_single_lap_interval,Finished,,0.0,2,low,incident_lap_available,2025-mia Carlos Sainz Williams race report damage collision puncture front wing floor retirement,site:formula1.com/en/latest 2025-mia Carlos Sainz damage collision puncture pit stop retirement,,,,,,,
bd11ad274af6f727511c,referral-b7a7e983f39b483b,2025-mia,Sprint,30,Liam Lawson,Racing Bulls,accused,14|30,14,14,14,fia_clock_participant_single_lap_interval,Finished,,-4.0,2,low,incident_lap_available,2025-mia Liam Lawson Racing Bulls race report damage collision puncture front wing floor retirement,site:formula1.com/en/latest 2025-mia Liam Lawson damage collision puncture pit stop retirement,,,,,,,
9006c0c8ed75bdab6ec8,referral-b8d436316d13e265,2025-sao,Race,12,Kimi Antonelli,Mercedes,affected,12|16|81,6,,5|6,fia_clock_participant_multi_lap_window,Finished,,,2,low,multi_car_incident,2025-sao Kimi Antonelli Mercedes race report damage collision puncture front wing floor retirement,site:formula1.com/en/latest 2025-sao Kimi Antonelli damage collision puncture pit stop retirement,,,,,,,
f8b9f2dda08136f9294d,referral-b8d436316d13e265,2025-sao,Race,81,Oscar Piastri,McLaren,accused,12|16|81,6,,5|6,fia_clock_participant_multi_lap_window,Finished,,,2,low,multi_car_incident,2025-sao Oscar Piastri McLaren race report damage collision puncture front wing floor retirement,site:formula1.com/en/latest 2025-sao Oscar Piastri damage collision puncture pit stop retirement,,,,,,,
fb1e516dc1b227902359,referral-e087a5378e0f0c80,2025-sao,Sprint,30,Liam Lawson,Racing Bulls,accused,30|87,1,1,1,fia_clock_participant_single_lap_interval,Finished,,,2,low,incident_lap_available,2025-sao Liam Lawson Racing Bulls race report damage collision puncture front wing floor retirement,site:formula1.com/en/latest 2025-sao Liam Lawson damage collision puncture pit stop retirement,,,,,,,
979f009194a977362aa9,referral-e087a5378e0f0c80,2025-sao,Sprint,87,Oliver Bearman,Haas F1 Team,affected,30|87,1,1,1,fia_clock_participant_single_lap_interval,Finished,,,2,low,incident_lap_available,2025-sao Oliver Bearman Haas F1 Team race report damage collision puncture front wing floor retirement,site:formula1.com/en/latest 2025-sao Oliver Bearman damage collision puncture pit stop retirement,,,,,,,
250546cf9f3bfb40f9b5,referral-284df2fbe634a719,2018-aze,Race,10,Pierre Gasly,Toro Rosso,affected,10|20,,,47|48,fia_clock_participant_multi_lap_window,Finished,,,0,low,,2018-aze Pierre Gasly Toro Rosso race report damage collision puncture front wing floor retirement,site:formula1.com/en/latest 2018-aze Pierre Gasly damage collision puncture pit stop retirement,,,,,,,
87a105240c08594985fe,referral-284df2fbe634a719,2018-aze,Race,20,Kevin Magnussen,Haas F1 Team,accused,10|20,,,47|48,fia_clock_participant_multi_lap_window,Finished,,,0,low,,2018-aze Kevin Magnussen Haas F1 Team race report damage collision puncture front wing floor retirement,site:formula1.com/en/latest 2018-aze Kevin Magnussen damage collision puncture pit stop retirement,,,,,,,
62d76bc784bc011bb0cd,referral-396f655648060e9d,2018-bra,Race,31,Esteban Ocon,Racing Point,accused,31|33,,,42|43,fia_clock_participant_multi_lap_window,+1 Lap,,,0,low,,2018-bra Esteban Ocon Racing Point race report damage collision puncture front wing floor retirement,site:formula1.com/en/latest 2018-bra Esteban Ocon damage collision puncture pit stop retirement,,,,,,,
a04d83ab003985b2e1a1,referral-396f655648060e9d,2018-bra,Race,33,Max Verstappen,Red Bull Racing,affected,31|33,,,43|44,fia_clock_participant_multi_lap_window,Finished,,,0,low,,2018-bra Max Verstappen Red Bull Racing race report damage collision puncture front wing floor retirement,site:formula1.com/en/latest 2018-bra Max Verstappen damage collision puncture pit stop retirement,,,,,,,
63919f281c6cb574ac1b,referral-db028cc9d0a1469a,2018-can,Race,11,Sergio Perez,Force India,affected,11|55,,,4|5,fia_clock_participant_multi_lap_window,+1 Lap,,,0,low,,2018-can Sergio Perez Force India race report damage collision puncture front wing floor retirement,site:formula1.com/en/latest 2018-can Sergio Perez damage collision puncture pit stop retirement,,,,,,,
87a7edb5a1878ca0b4bf,referral-db028cc9d0a1469a,2018-can,Race,55,Carlos Sainz,Renault,accused,11|55,,,4|5,fia_clock_participant_multi_lap_window,+1 Lap,,,0,low,,2018-can Carlos Sainz Renault race report damage collision puncture front wing floor retirement,site:formula1.com/en/latest 2018-can Carlos Sainz damage collision puncture pit stop retirement,,,,,,,
2f80666ca681f7a321de,referral-07b5cb573e331c13,2018-chn,Race,5,Sebastian Vettel,Ferrari,affected,5|33,,,43|44,fia_clock_participant_multi_lap_window,Finished,,,0,low,,2018-chn Sebastian Vettel Ferrari race report damage collision puncture front wing floor retirement,site:formula1.com/en/latest 2018-chn Sebastian Vettel damage collision puncture pit stop retirement,,,,,,,
281920ebc2bb11cedd1a,referral-07b5cb573e331c13,2018-chn,Race,33,Max Verstappen,Red Bull Racing,accused,5|33,,,43|44,fia_clock_participant_multi_lap_window,Finished,,,0,low,,2018-chn Max Verstappen Red Bull Racing race report damage collision puncture front wing floor retirement,site:formula1.com/en/latest 2018-chn Max Verstappen damage collision puncture pit stop retirement,,,,,,,
71cdec5853f34aa73197,referral-bc126f304171b19a,2018-gbr,Race,10,Pierre Gasly,Toro Rosso,accused,10|11,51,,50|51,fia_clock_participant_multi_lap_window,Finished,,,0,low,,2018-gbr Pierre Gasly Toro Rosso race report damage collision puncture front wing floor retirement,site:formula1.com/en/latest 2018-gbr Pierre Gasly damage collision puncture pit stop retirement,,,,,,,
e6f99dc84daaa72499a3,referral-bc126f304171b19a,2018-gbr,Race,11,Sergio Perez,Force India,affected,10|11,51,,50|51,fia_clock_participant_multi_lap_window,Finished,,,0,low,,2018-gbr Sergio Perez Force India race report damage collision puncture front wing floor retirement,site:formula1.com/en/latest 2018-gbr Sergio Perez damage collision puncture pit stop retirement,,,,,,,
12934332a364a51da18b,referral-57858ca3de2f83c6,2018-hun,Race,3,Daniel Ricciardo,Red Bull Racing,affected,3|77,,,67|68,fia_clock_participant_multi_lap_window,Finished,,,0,low,,2018-hun Daniel Ricciardo Red Bull Racing race report damage collision puncture front wing floor retirement,site:formula1.com/en/latest 2018-hun Daniel Ricciardo damage collision puncture pit stop retirement,,,,,,,
768d0df885d9cd257988,referral-57858ca3de2f83c6,2018-hun,Race,77,Valtteri Bottas,Mercedes,accused,3|77,,,67|68,fia_clock_participant_multi_lap_window,Finished,,,0,low,,2018-hun Valtteri Bottas Mercedes race report damage collision puncture front wing floor retirement,site:formula1.com/en/latest 2018-hun Valtteri Bottas damage collision puncture pit stop retirement,,,,,,,
bc35ac66ce680623e5e2,referral-5d5df20eacae8c4b,2018-ita,Race,33,Max Verstappen,Red Bull Racing,accused,33|77,,,42|43,fia_clock_participant_multi_lap_window,Finished,,,0,low,,2018-ita Max Verstappen Red Bull Racing race report damage collision puncture front wing floor retirement,site:formula1.com/en/latest 2018-ita Max Verstappen damage collision puncture pit stop retirement,,,,,,,
345f50735ff8d4cce6e2,referral-5d5df20eacae8c4b,2018-ita,Race,77,Valtteri Bottas,Mercedes,affected,33|77,,,42|43,fia_clock_participant_multi_lap_window,Finished,,,0,low,,2018-ita Valtteri Bottas Mercedes race report damage collision puncture front wing floor retirement,site:formula1.com/en/latest 2018-ita Valtteri Bottas damage collision puncture pit stop retirement,,,,,,,
9dd9609040a261c642f5,referral-dfd7834061de9145,2018-jpn,Race,16,Charles Leclerc,Sauber,accused,16|20,,,1|2,fia_clock_participant_multi_lap_window,Mechanical,,,0,low,,2018-jpn Charles Leclerc Sauber race report damage collision puncture front wing floor retirement,site:formula1.com/en/latest 2018-jpn Charles Leclerc damage collision puncture pit stop retirement,,,,,,,
f2670e396cd196c02c57,referral-b17d5267b718b8b8,2018-mex,Race,28,Brendon Hartley,Toro Rosso,accused,28|31,,,38|39,fia_clock_participant_multi_lap_window,+2 Laps,,,0,low,,2018-mex Brendon Hartley Toro Rosso race report damage collision puncture front wing floor retirement,site:formula1.com/en/latest 2018-mex Brendon Hartley damage collision puncture pit stop retirement,,,,,,,
6c6d322e7e8b7af800b9,referral-b17d5267b718b8b8,2018-mex,Race,31,Esteban Ocon,Racing Point,affected,28|31,,,38|39,fia_clock_participant_multi_lap_window,+2 Laps,,,0,low,,2018-mex Esteban Ocon Racing Point race report damage collision puncture front wing floor retirement,site:formula1.com/en/latest 2018-mex Esteban Ocon damage collision puncture pit stop retirement,,,,,,,
3fe0c056b95d1b269719,referral-3d0594eb680a4801,2018-sgp,Race,20,Kevin Magnussen,Haas F1 Team,accused,20|28,,,34|35,fia_clock_participant_multi_lap_window,+2 Laps,,,0,low,,2018-sgp Kevin Magnussen Haas F1 Team race report damage collision puncture front wing floor retirement,site:formula1.com/en/latest 2018-sgp Kevin Magnussen damage collision puncture pit stop retirement,,,,,,,
c7a05b861dfde77b19b0,referral-3d0594eb680a4801,2018-sgp,Race,28,Brendon Hartley,Toro Rosso,affected,20|28,,,34|35,fia_clock_participant_multi_lap_window,+1 Lap,,,0,low,,2018-sgp Brendon Hartley Toro Rosso race report damage collision puncture front wing floor retirement,site:formula1.com/en/latest 2018-sgp Brendon Hartley damage collision puncture pit stop retirement,,,,,,,
e9b759da4f33ddf555d2,referral-88b4f22aa00ba3db,2018-sgp,Race,11,Sergio Perez,Racing Point,accused,11|35,,,33|34,fia_clock_participant_multi_lap_window,+1 Lap,,,0,low,,2018-sgp Sergio Perez Racing Point race report damage collision puncture front wing floor retirement,site:formula1.com/en/latest 2018-sgp Sergio Perez damage collision puncture pit stop retirement,,,,,,,
65af32b19a4b921cdecb,referral-88b4f22aa00ba3db,2018-sgp,Race,35,Sergey Sirotkin,Williams,affected,11|35,,,33|34,fia_clock_participant_multi_lap_window,+2 Laps,,,0,low,,2018-sgp Sergey Sirotkin Williams race report damage collision puncture front wing floor retirement,site:formula1.com/en/latest 2018-sgp Sergey Sirotkin damage collision puncture pit stop retirement,,,,,,,
a4005d10f21238f693f8,referral-a5b57ab7ac444c3e,2019-abu,Race,88,Robert Kubica,Williams,accused_and_affected,88|99,,,22|23,fia_clock_participant_multi_lap_window,+2 Laps,,,0,low,,2019-abu Robert Kubica Williams race report damage collision puncture front wing floor retirement,site:formula1.com/en/latest 2019-abu Robert Kubica damage collision puncture pit stop retirement,,,,,,,
5a59b8b2c745d288a0f2,referral-a5b57ab7ac444c3e,2019-abu,Race,99,Antonio Giovinazzi,Alfa Romeo Racing,accused_and_affected,88|99,,,22|23,fia_clock_participant_multi_lap_window,+1 Lap,,,0,low,,2019-abu Antonio Giovinazzi Alfa Romeo Racing race report damage collision puncture front wing floor retirement,site:formula1.com/en/latest 2019-abu Antonio Giovinazzi damage collision puncture pit stop retirement,,,,,,,
f50c9f194871ee8516ab,referral-4d6ae7323593bcf1,2019-aut,Race,16,Charles Leclerc,Ferrari,accused_and_affected,16|33,69,,68|69,fia_clock_participant_multi_lap_window,Finished,,,0,low,,2019-aut Charles Leclerc Ferrari race report damage collision puncture front wing floor retirement,site:formula1.com/en/latest 2019-aut Charles Leclerc damage collision puncture pit stop retirement,,,,,,,
775d051b96a6cde6cca9,referral-4d6ae7323593bcf1,2019-aut,Race,33,Max Verstappen,Red Bull Racing,accused_and_affected,16|33,69,,68|69,fia_clock_participant_multi_lap_window,Finished,,,0,low,,2019-aut Max Verstappen Red Bull Racing race report damage collision puncture front wing floor retirement,site:formula1.com/en/latest 2019-aut Max Verstappen damage collision puncture pit stop retirement,,,,,,,
b309ea786a87aa37caa9,referral-f3ce5a27bbc5073e,2019-bhr,Race,33,Max Verstappen,Red Bull Racing,accused_and_affected,33|55,,,3|4,fia_clock_participant_multi_lap_window,Finished,,,0,low,,2019-bhr Max Verstappen Red Bull Racing race report damage collision puncture front wing floor retirement,site:formula1.com/en/latest 2019-bhr Max Verstappen damage collision puncture pit stop retirement,,,,,,,
f2a14f54f54db2ee67dc,referral-b688b56fa9892053,2019-gbr,Race,5,Sebastian Vettel,Ferrari,accused,5|33,,,37|38,fia_clock_participant_multi_lap_window,+1 Lap,,,0,low,,2019-gbr Sebastian Vettel Ferrari race report damage collision puncture front wing floor retirement,site:formula1.com/en/latest 2019-gbr Sebastian Vettel damage collision puncture pit stop retirement,,,,,,,
b0a872c65c632372f8ad,referral-b688b56fa9892053,2019-gbr,Race,33,Max Verstappen,Red Bull Racing,affected,5|33,,,37|38,fia_clock_participant_multi_lap_window,Finished,,,0,low,,2019-gbr Max Verstappen Red Bull Racing race report damage collision puncture front wing floor retirement,site:formula1.com/en/latest 2019-gbr Max Verstappen damage collision puncture pit stop retirement,,,,,,,
ae486b5af3eeb41516c6,referral-a5288224a70f7a28,2019-jpn,Race,10,Pierre Gasly,Toro Rosso,accused_and_affected,10|11,,,51|52,fia_clock_participant_multi_lap_window,+1 Lap,,,0,low,,2019-jpn Pierre Gasly Toro Rosso race report damage collision puncture front wing floor retirement,site:formula1.com/en/latest 2019-jpn Pierre Gasly damage collision puncture pit stop retirement,,,,,,,
0787a21efcf4d120752f,referral-a5288224a70f7a28,2019-jpn,Race,11,Sergio Perez,Racing Point,accused_and_affected,10|11,,,51|52,fia_clock_participant_multi_lap_window,+1 Lap,,,0,low,,2019-jpn Sergio Perez Racing Point race report damage collision puncture front wing floor retirement,site:formula1.com/en/latest 2019-jpn Sergio Perez damage collision puncture pit stop retirement,,,,,,,
f5a7bf462ea3dc4ccb7e,referral-b74647f09839c78e,2019-mco,Race,33,Max Verstappen,Red Bull Racing,accused_and_affected,33|44,,,76|77,fia_clock_participant_multi_lap_window,Finished,,,0,low,,2019-mco Max Verstappen Red Bull Racing race report damage collision puncture front wing floor retirement,site:formula1.com/en/latest 2019-mco Max Verstappen damage collision puncture pit stop retirement,,,,,,,
cd17cb80e5e3e0e93438,referral-b74647f09839c78e,2019-mco,Race,44,Lewis Hamilton,Mercedes,accused_and_affected,33|44,,,76|77,fia_clock_participant_multi_lap_window,Finished,,,0,low,,2019-mco Lewis Hamilton Mercedes race report damage collision puncture front wing floor retirement,site:formula1.com/en/latest 2019-mco Lewis Hamilton damage collision puncture pit stop retirement,,,,,,,
5674addeb4c18e6757db,referral-ab30fc15c6ead7d4,2019-sgp,Race,26,Daniil Kvyat,Toro Rosso,accused_and_affected,7|26,,,49|50,fia_clock_participant_multi_lap_window,Finished,,,0,low,,2019-sgp Daniil Kvyat Toro Rosso race report damage collision puncture front wing floor retirement,site:formula1.com/en/latest 2019-sgp Daniil Kvyat damage collision puncture pit stop retirement,,,,,,,
8931decd4d57b1081d7d,referral-4f2acd9877c92ee0,2020-aut,Race,23,Alexander Albon,Red Bull Racing,affected,23|44,,,60|61,fia_clock_participant_multi_lap_window,Electronics,,,0,low,,2020-aut Alexander Albon Red Bull Racing race report damage collision puncture front wing floor retirement,site:formula1.com/en/latest 2020-aut Alexander Albon damage collision puncture pit stop retirement,,,,,,,
5c274c6aa15c12b3346b,referral-4f2acd9877c92ee0,2020-aut,Race,44,Lewis Hamilton,Mercedes,accused,23|44,,,60|61,fia_clock_participant_multi_lap_window,Finished,,,0,low,,2020-aut Lewis Hamilton Mercedes race report damage collision puncture front wing floor retirement,site:formula1.com/en/latest 2020-aut Lewis Hamilton damage collision puncture pit stop retirement,,,,,,,
189f66782f5bd1c2df7c,referral-2b30f84b57227347,2020-eif,Race,26,Daniil Kvyat,AlphaTauri,affected,23|26,18,,17|18,fia_clock_participant_multi_lap_window,Finished,,,0,low,,2020-eif Daniil Kvyat AlphaTauri race report damage collision puncture front wing floor retirement,site:formula1.com/en/latest 2020-eif Daniil Kvyat damage collision puncture pit stop retirement,,,,,,,
62f7b83b1d8a01c0b76b,referral-9d11f86984796490,2020-eif,Race,7,Kimi Räikkönen,Alfa Romeo Racing,accused,7|63,,,13|14,fia_clock_participant_multi_lap_window,Finished,,,0,low,,2020-eif Kimi Räikkönen Alfa Romeo Racing race report damage collision puncture front wing floor retirement,site:formula1.com/en/latest 2020-eif Kimi Räikkönen damage collision puncture pit stop retirement,,,,,,,
5d23788f359487f68d9e,referral-24694eab8506551b,2020-gbr,Race,23,Alexander Albon,Red Bull Racing,accused,20|23,,,1|2,fia_clock_participant_multi_lap_window,Finished,,,0,low,,2020-gbr Alexander Albon Red Bull Racing race report damage collision puncture front wing floor retirement,site:formula1.com/en/latest 2020-gbr Alexander Albon damage collision puncture pit stop retirement,,,,,,,
9e07821abcd806be56ae,referral-a82360ea8c04197a,2020-por,Race,4,Lando Norris,McLaren,affected,4|18,,,17|18,fia_clock_participant_multi_lap_window,+1 Lap,,,0,low,,2020-por Lando Norris McLaren race report damage collision puncture front wing floor retirement,site:formula1.com/en/latest 2020-por Lando Norris damage collision puncture pit stop retirement,,,,,,,
009fc0c2d7b7e6fc44a1,referral-d4f11c9cc5b2c052,2021-bhr,Race,5,Sebastian Vettel,Aston Martin,accused,5|31,,,43|44,fia_clock_participant_multi_lap_window,+1 Lap,,,0,low,,2021-bhr Sebastian Vettel Aston Martin race report damage collision puncture front wing floor retirement,site:formula1.com/en/latest 2021-bhr Sebastian Vettel damage collision puncture pit stop retirement,,,,,,,
56a5d01b345b06fe89ac,referral-d4f11c9cc5b2c052,2021-bhr,Race,31,Esteban Ocon,Alpine,affected,5|31,,,43|44,fia_clock_participant_multi_lap_window,+1 Lap,,,0,low,,2021-bhr Esteban Ocon Alpine race report damage collision puncture front wing floor retirement,site:formula1.com/en/latest 2021-bhr Esteban Ocon damage collision puncture pit stop retirement,,,,,,,
3f36324c3952bba127fc,referral-4844ad042f1b4c0d,2021-gbr,Sprint,55,Carlos Sainz,Ferrari,affected,55|63,,,2|3,fia_clock_participant_multi_lap_window,Finished,,,0,low,,2021-gbr Carlos Sainz Ferrari race report damage collision puncture front wing floor retirement,site:formula1.com/en/latest 2021-gbr Carlos Sainz damage collision puncture pit stop retirement,,,,,,,
bdfa82e1bccd1847b46c,referral-4844ad042f1b4c0d,2021-gbr,Sprint,63,George Russell,Williams,accused,55|63,,,2|3,fia_clock_participant_multi_lap_window,Finished,,,0,low,,2021-gbr George Russell Williams race report damage collision puncture front wing floor retirement,site:formula1.com/en/latest 2021-gbr George Russell damage collision puncture pit stop retirement,,,,,,,
0f111f6c49b9de9398c2,referral-55a712c657b70d16,2021-ita,Race,5,Sebastian Vettel,Aston Martin,affected,5|31,,,14|15,fia_clock_participant_multi_lap_window,Finished,,,0,low,,2021-ita Sebastian Vettel Aston Martin race report damage collision puncture front wing floor retirement,site:formula1.com/en/latest 2021-ita Sebastian Vettel damage collision puncture pit stop retirement,,,,,,,
02858002d0f4a6f3bdeb,referral-55a712c657b70d16,2021-ita,Race,31,Esteban Ocon,Alpine,accused,5|31,,,14|15,fia_clock_participant_multi_lap_window,Finished,,,0,low,,2021-ita Esteban Ocon Alpine race report damage collision puncture front wing floor retirement,site:formula1.com/en/latest 2021-ita Esteban Ocon damage collision puncture pit stop retirement,,,,,,,
1d8746eef754b4b9d9d5,referral-e9405598e687c390,2021-ita,Race,9,Nikita Mazepin,Haas F1 Team,accused,9|47,,,,unresolved,Power Unit,,,0,low,,2021-ita Nikita Mazepin Haas F1 Team race report damage collision puncture front wing floor retirement,site:formula1.com/en/latest 2021-ita Nikita Mazepin damage collision puncture pit stop retirement,,,,,,,
ee24b8d333e5414661d5,referral-e9405598e687c390,2021-ita,Race,47,Mick Schumacher,Haas F1 Team,affected,9|47,,,,unresolved,Finished,,,0,low,,2021-ita Mick Schumacher Haas F1 Team race report damage collision puncture front wing floor retirement,site:formula1.com/en/latest 2021-ita Mick Schumacher damage collision puncture pit stop retirement,,,,,,,
a41081b8a67b0ac232c3,referral-cdea3e9a077a3888,2021-sao,Race,22,Yuki Tsunoda,AlphaTauri,accused,18|22,,,3|4,fia_clock_participant_multi_lap_window,+1 Lap,,,0,low,,2021-sao Yuki Tsunoda AlphaTauri race report damage collision puncture front wing floor retirement,site:formula1.com/en/latest 2021-sao Yuki Tsunoda damage collision puncture pit stop retirement,,,,,,,
531ae0462e2260f617d8,referral-46569a2fef4fbfcf,2021-sau,Race,22,Yuki Tsunoda,AlphaTauri,accused,5|22,,,22|23,fia_clock_participant_multi_lap_window,+1 Lap,,,0,low,,2021-sau Yuki Tsunoda AlphaTauri race report damage collision puncture front wing floor retirement,site:formula1.com/en/latest 2021-sau Yuki Tsunoda damage collision puncture pit stop retirement,,,,,,,
158e628748eb5ec71130,referral-96e6a1e44b22f837,2021-tur,Race,14,Fernando Alonso,Alpine,accused,14|47,2,,1|2,fia_clock_participant_multi_lap_window,+1 Lap,,,0,low,,2021-tur Fernando Alonso Alpine race report damage collision puncture front wing floor retirement,site:formula1.com/en/latest 2021-tur Fernando Alonso damage collision puncture pit stop retirement,,,,,,,
d768f8c4d031eb10622c,referral-96e6a1e44b22f837,2021-tur,Race,47,Mick Schumacher,Haas F1 Team,affected,14|47,2,,1|2,fia_clock_participant_multi_lap_window,+2 Laps,,,0,low,,2021-tur Mick Schumacher Haas F1 Team race report damage collision puncture front wing floor retirement,site:formula1.com/en/latest 2021-tur Mick Schumacher damage collision puncture pit stop retirement,,,,,,,
37d5268575970ab6b845,referral-9d27e9541cb8b209,2022-aut,Race,5,Sebastian Vettel,Aston Martin,affected,5|10,,,38|39,fia_clock_participant_multi_lap_window,+1 Lap,,,0,low,,2022-aut Sebastian Vettel Aston Martin race report damage collision puncture front wing floor retirement,site:formula1.com/en/latest 2022-aut Sebastian Vettel damage collision puncture pit stop retirement,,,,,,,
99e64a92234775db2178,referral-9d27e9541cb8b209,2022-aut,Race,10,Pierre Gasly,AlphaTauri,accused,5|10,,,38|39,fia_clock_participant_multi_lap_window,+1 Lap,,,0,low,,2022-aut Pierre Gasly AlphaTauri race report damage collision puncture front wing floor retirement,site:formula1.com/en/latest 2022-aut Pierre Gasly damage collision puncture pit stop retirement,,,,,,,
720869776b9347021c61,referral-835ba4919b26bf62,2022-fra,Race,31,Esteban Ocon,Alpine,accused,22|31,,,,unresolved,Finished,,,0,low,,2022-fra Esteban Ocon Alpine race report damage collision puncture front wing floor retirement,site:formula1.com/en/latest 2022-fra Esteban Ocon damage collision puncture pit stop retirement,,,,,,,
9fa74bff86259288f587,referral-be7b03c7781d735e,2022-fra,Race,24,Guanyu Zhou,Alfa Romeo,accused,24|47,,,,unresolved,+6 Laps,,,0,low,,2022-fra Guanyu Zhou Alfa Romeo race report damage collision puncture front wing floor retirement,site:formula1.com/en/latest 2022-fra Guanyu Zhou damage collision puncture pit stop retirement,,,,,,,
3b9be4cb4da6310c0b4c,referral-be7b03c7781d735e,2022-fra,Race,47,Mick Schumacher,Haas F1 Team,affected,24|47,,,,unresolved,Finished,,,0,low,,2022-fra Mick Schumacher Haas F1 Team race report damage collision puncture front wing floor retirement,site:formula1.com/en/latest 2022-fra Mick Schumacher damage collision puncture pit stop retirement,,,,,,,
7327b5a14c5794c3d659,referral-49355d675874c5de,2022-mco,Race,31,Esteban Ocon,Alpine,accused,31|44,,,17|18,fia_clock_participant_multi_lap_window,Finished,,,0,low,,2022-mco Esteban Ocon Alpine race report damage collision puncture front wing floor retirement,site:formula1.com/en/latest 2022-mco Esteban Ocon damage collision puncture pit stop retirement,,,,,,,
6706d3af58ecc9d619f2,referral-49355d675874c5de,2022-mco,Race,44,Lewis Hamilton,Mercedes,affected,31|44,,,17|18,fia_clock_participant_multi_lap_window,Finished,,,0,low,,2022-mco Lewis Hamilton Mercedes race report damage collision puncture front wing floor retirement,site:formula1.com/en/latest 2022-mco Lewis Hamilton damage collision puncture pit stop retirement,,,,,,,
07041a99148ec23e85ad,referral-876de9dc1b18ea7b,2022-mia,Race,14,Fernando Alonso,Alpine,accused,10|14,,,38|39,fia_clock_participant_multi_lap_window,Finished,,,0,low,,2022-mia Fernando Alonso Alpine race report damage collision puncture front wing floor retirement,site:formula1.com/en/latest 2022-mia Fernando Alonso damage collision puncture pit stop retirement,,,,,,,
9a9443e4cdd31638e789,incident-src-e01a3f0d7bc0ac4d,2022-sao,Sprint,14,Fernando Alonso,Alpine,accused,14|31,,,1|2,fia_clock_participant_multi_lap_window,Finished,,,0,low,,2022-sao Fernando Alonso Alpine race report damage collision puncture front wing floor retirement,site:formula1.com/en/latest 2022-sao Fernando Alonso damage collision puncture pit stop retirement,,,,,,,
76a266bdbbba8b83ec47,incident-src-e01a3f0d7bc0ac4d,2022-sao,Sprint,31,Esteban Ocon,Alpine,affected,14|31,,,1|2,fia_clock_participant_multi_lap_window,Finished,,,0,low,,2022-sao Esteban Ocon Alpine race report damage collision puncture front wing floor retirement,site:formula1.com/en/latest 2022-sao Esteban Ocon damage collision puncture pit stop retirement,,,,,,,
578579241b509593141d,referral-0dd70d10c29e7dad,2022-sao,Race,1,Max Verstappen,Red Bull Racing,accused,1|44,,,6|7,fia_clock_participant_multi_lap_window,Finished,,,0,low,,2022-sao Max Verstappen Red Bull Racing race report damage collision puncture front wing floor retirement,site:formula1.com/en/latest 2022-sao Max Verstappen damage collision puncture pit stop retirement,,,,,,,
c92b961a528318fbd7f5,referral-0dd70d10c29e7dad,2022-sao,Race,44,Lewis Hamilton,Mercedes,affected,1|44,,,6|7,fia_clock_participant_multi_lap_window,Finished,,,0,low,,2022-sao Lewis Hamilton Mercedes race report damage collision puncture front wing floor retirement,site:formula1.com/en/latest 2022-sao Lewis Hamilton damage collision puncture pit stop retirement,,,,,,,
1836171fe97576d84a5e,referral-aa461e885941c585,2022-sao,Race,4,Lando Norris,McLaren,accused,4|16,,,6|7,fia_clock_participant_multi_lap_window,Gearbox,,,0,low,,2022-sao Lando Norris McLaren race report damage collision puncture front wing floor retirement,site:formula1.com/en/latest 2022-sao Lando Norris damage collision puncture pit stop retirement,,,,,,,
abebd254823901d44d90,referral-aa461e885941c585,2022-sao,Race,16,Charles Leclerc,Ferrari,affected,4|16,,,6|7,fia_clock_participant_multi_lap_window,Finished,,,0,low,,2022-sao Charles Leclerc Ferrari race report damage collision puncture front wing floor retirement,site:formula1.com/en/latest 2022-sao Charles Leclerc damage collision puncture pit stop retirement,,,,,,,
987edbe6c3b6c065fb54,referral-3ca551749339034b,2022-sau,Race,18,Lance Stroll,Aston Martin,affected,18|23,48,,47|48,fia_clock_participant_multi_lap_window,+1 Lap,,,0,low,,2022-sau Lance Stroll Aston Martin race report damage collision puncture front wing floor retirement,site:formula1.com/en/latest 2022-sau Lance Stroll damage collision puncture pit stop retirement,,,,,,,
dad4ef572b4d05633159,referral-243a8bf348f69712,2023-abu,Race,4,Lando Norris,McLaren,affected,4|11,,,46|47,fia_clock_participant_multi_lap_window,Finished,,,0,low,,2023-abu Lando Norris McLaren race report damage collision puncture front wing floor retirement,site:formula1.com/en/latest 2023-abu Lando Norris damage collision puncture pit stop retirement,,,,,,,
89fa010f3fcf0893bcbc,referral-243a8bf348f69712,2023-abu,Race,11,Sergio Perez,Red Bull Racing,accused,4|11,,,46|47,fia_clock_participant_multi_lap_window,Finished,,,0,low,,2023-abu Sergio Perez Red Bull Racing race report damage collision puncture front wing floor retirement,site:formula1.com/en/latest 2023-abu Sergio Perez damage collision puncture pit stop retirement,,,,,,,
9ae609b21c303c1996d9,referral-819d022d7636c1c8,2023-aus,Race,14,Fernando Alonso,Aston Martin,affected,14|55,,,56|57,fia_clock_participant_multi_lap_window,Finished,,,0,low,,2023-aus Fernando Alonso Aston Martin race report damage collision puncture front wing floor retirement,site:formula1.com/en/latest 2023-aus Fernando Alonso damage collision puncture pit stop retirement,,,,,,,
add517f614a34ba0164e,referral-819d022d7636c1c8,2023-aus,Race,55,Carlos Sainz,Ferrari,accused,14|55,,,56|57,fia_clock_participant_multi_lap_window,Finished,,,0,low,,2023-aus Carlos Sainz Ferrari race report damage collision puncture front wing floor retirement,site:formula1.com/en/latest 2023-aus Carlos Sainz damage collision puncture pit stop retirement,,,,,,,
668c3ff73c8c8191e014,referral-c8d807c438aeb7eb,2023-bel,Sprint,44,Lewis Hamilton,Mercedes,accused,11|44,,,6|7,fia_clock_participant_multi_lap_window,Finished,,,0,low,,2023-bel Lewis Hamilton Mercedes race report damage collision puncture front wing floor retirement,site:formula1.com/en/latest 2023-bel Lewis Hamilton damage collision puncture pit stop retirement,,,,,,,
faceb675bedfe55def06,referral-24332aa9bf8ad2fa,2023-can,Race,20,Kevin Magnussen,Haas F1 Team,accused_and_affected,20|21,,,34|35,fia_clock_participant_multi_lap_window,Lapped,,,0,low,,2023-can Kevin Magnussen Haas F1 Team race report damage collision puncture front wing floor retirement,site:formula1.com/en/latest 2023-can Kevin Magnussen damage collision puncture pit stop retirement,,,,,,,
797f01ad481763d683cd,referral-24332aa9bf8ad2fa,2023-can,Race,21,Nyck De Vries,AlphaTauri,accused_and_affected,20|21,,,34|35,fia_clock_participant_multi_lap_window,Lapped,,,0,low,,2023-can Nyck De Vries AlphaTauri race report damage collision puncture front wing floor retirement,site:formula1.com/en/latest 2023-can Nyck De Vries damage collision puncture pit stop retirement,,,,,,,
c1b42fc19beaea0a6e9c,referral-242ae7ad2fc0cf31,2023-gbr,Race,18,Lance Stroll,Aston Martin,accused,10|18,,,45|46,fia_clock_participant_multi_lap_window,Finished,,,0,low,,2023-gbr Lance Stroll Aston Martin race report damage collision puncture front wing floor retirement,site:formula1.com/en/latest 2023-gbr Lance Stroll damage collision puncture pit stop retirement,,,,,,,
b1e7edd0a78637efdc35,referral-73d82b00531d95b2,2023-ita,Race,2,Logan Sargeant,Williams,accused,2|77,,,42|43,fia_clock_participant_multi_lap_window,Finished,,,0,low,,2023-ita Logan Sargeant Williams race report damage collision puncture front wing floor retirement,site:formula1.com/en/latest 2023-ita Logan Sargeant damage collision puncture pit stop retirement,,,,,,,
c839778d656548ae9214,referral-73d82b00531d95b2,2023-ita,Race,77,Valtteri Bottas,Alfa Romeo,affected,2|77,,,42|43,fia_clock_participant_multi_lap_window,Finished,,,0,low,,2023-ita Valtteri Bottas Alfa Romeo race report damage collision puncture front wing floor retirement,site:formula1.com/en/latest 2023-ita Valtteri Bottas damage collision puncture pit stop retirement,,,,,,,
d37397a7ffc84a7b77d2,referral-92d0632d352eb40b,2023-mex,Race,22,Yuki Tsunoda,AlphaTauri,accused_and_affected,22|81,,,,unresolved,Finished,,,0,low,,2023-mex Yuki Tsunoda AlphaTauri race report damage collision puncture front wing floor retirement,site:formula1.com/en/latest 2023-mex Yuki Tsunoda damage collision puncture pit stop retirement,,,,,,,
175021c6fa2c85362340,referral-92d0632d352eb40b,2023-mex,Race,81,Oscar Piastri,McLaren,accused_and_affected,22|81,,,,unresolved,Finished,,,0,low,,2023-mex Oscar Piastri McLaren race report damage collision puncture front wing floor retirement,site:formula1.com/en/latest 2023-mex Oscar Piastri damage collision puncture pit stop retirement,,,,,,,
ae9db7d8c500fbfb6cc8,referral-e53215989816aca5,2023-ned,Race,22,Yuki Tsunoda,AlphaTauri,accused,22|63,,,51|52,fia_clock_participant_multi_lap_window,Finished,,,0,low,,2023-ned Yuki Tsunoda AlphaTauri race report damage collision puncture front wing floor retirement,site:formula1.com/en/latest 2023-ned Yuki Tsunoda damage collision puncture pit stop retirement,,,,,,,
06a2c4b4aec7edf1f1a7,referral-e53215989816aca5,2023-ned,Race,63,George Russell,Mercedes,affected,22|63,,,51|52,fia_clock_participant_multi_lap_window,Finished,,,0,low,,2023-ned George Russell Mercedes race report damage collision puncture front wing floor retirement,site:formula1.com/en/latest 2023-ned George Russell damage collision puncture pit stop retirement,,,,,,,
e18036e57cc070665afb,referral-426530d3c0394fff,2024-abu,Race,81,Oscar Piastri,McLaren,accused,43|81,,,3|4,fia_clock_participant_multi_lap_window,Finished,,,0,low,,2024-abu Oscar Piastri McLaren race report damage collision puncture front wing floor retirement,site:formula1.com/en/latest 2024-abu Oscar Piastri damage collision puncture pit stop retirement,,,,,,,
8134f29b123973589c28,referral-2b2077507b58e645,2024-aut,Race,1,Max Verstappen,Red Bull Racing,accused,1|4,,,63|64,fia_clock_participant_multi_lap_window,Finished,,,0,low,,2024-aut Max Verstappen Red Bull Racing race report damage collision puncture front wing floor retirement,site:formula1.com/en/latest 2024-aut Max Verstappen damage collision puncture pit stop retirement,,,,,,,
0c32f7a02f1ea923ef51,referral-2b2077507b58e645,2024-aut,Race,4,Lando Norris,McLaren,affected,1|4,,,63|64,fia_clock_participant_multi_lap_window,Lapped,,,0,low,,2024-aut Lando Norris McLaren race report damage collision puncture front wing floor retirement,site:formula1.com/en/latest 2024-aut Lando Norris damage collision puncture pit stop retirement,,,,,,,
d3a22fef12f33d67f02d,referral-ec71cc44d3a01f25,2024-aut,Race,14,Fernando Alonso,Aston Martin,accused,14|24,,,19|20,fia_clock_participant_multi_lap_window,Lapped,,,0,low,,2024-aut Fernando Alonso Aston Martin race report damage collision puncture front wing floor retirement,site:formula1.com/en/latest 2024-aut Fernando Alonso damage collision puncture pit stop retirement,,,,,,,
2c0ce74fcd0869de8ff7,referral-ec71cc44d3a01f25,2024-aut,Race,24,Guanyu Zhou,Kick Sauber,affected,14|24,,,19|20,fia_clock_participant_multi_lap_window,Lapped,,,0,low,,2024-aut Guanyu Zhou Kick Sauber race report damage collision puncture front wing floor retirement,site:formula1.com/en/latest 2024-aut Guanyu Zhou damage collision puncture pit stop retirement,,,,,,,
dcb7bbaa6330d8a28179,referral-c3855a333cd39450,2024-can,Race,63,George Russell,Mercedes,accused_and_affected,63|81,,,63|64,fia_clock_participant_multi_lap_window,Finished,,,0,low,,2024-can George Russell Mercedes race report damage collision puncture front wing floor retirement,site:formula1.com/en/latest 2024-can George Russell damage collision puncture pit stop retirement,,,,,,,
8e18ecb55d03655d5c0a,referral-c3855a333cd39450,2024-can,Race,81,Oscar Piastri,McLaren,accused_and_affected,63|81,,,63|64,fia_clock_participant_multi_lap_window,Finished,,,0,low,,2024-can Oscar Piastri McLaren race report damage collision puncture front wing floor retirement,site:formula1.com/en/latest 2024-can Oscar Piastri damage collision puncture pit stop retirement,,,,,,,
defc5698f9c0eda6bae8,referral-9c8afbecf39abe74,2024-chn,Race,18,Lance Stroll,Aston Martin,accused,3|18,,,26|27,fia_clock_participant_multi_lap_window,Finished,,,0,low,,2024-chn Lance Stroll Aston Martin race report damage collision puncture front wing floor retirement,site:formula1.com/en/latest 2024-chn Lance Stroll damage collision puncture pit stop retirement,,,,,,,
f1e664a16aea92936de1,referral-274dc2c54c49c08f,2024-hun,Race,1,Max Verstappen,Red Bull Racing,accused,1|44,,,62|63,fia_clock_participant_multi_lap_window,Finished,,,0,low,,2024-hun Max Verstappen Red Bull Racing race report damage collision puncture front wing floor retirement,site:formula1.com/en/latest 2024-hun Max Verstappen damage collision puncture pit stop retirement,,,,,,,
9f64f7a6b74bc5463c02,referral-274dc2c54c49c08f,2024-hun,Race,44,Lewis Hamilton,Mercedes,affected,1|44,,,62|63,fia_clock_participant_multi_lap_window,Finished,,,0,low,,2024-hun Lewis Hamilton Mercedes race report damage collision puncture front wing floor retirement,site:formula1.com/en/latest 2024-hun Lewis Hamilton damage collision puncture pit stop retirement,,,,,,,
41538a1d6b69d09c8ab9,referral-18b28ee33d7d4967,2024-ita,Race,27,Nico Hulkenberg,Haas F1 Team,accused,22|27,,,4|5,fia_clock_participant_multi_lap_window,Lapped,,,0,low,,2024-ita Nico Hulkenberg Haas F1 Team race report damage collision puncture front wing floor retirement,site:formula1.com/en/latest 2024-ita Nico Hulkenberg damage collision puncture pit stop retirement,,,,,,,
11d85598fc4515523c51,referral-4a82c37c938fc223,2024-ita,Race,10,Pierre Gasly,Alpine,affected,10|20,,,18|19,fia_clock_participant_multi_lap_window,Lapped,,,0,low,,2024-ita Pierre Gasly Alpine race report damage collision puncture front wing floor retirement,site:formula1.com/en/latest 2024-ita Pierre Gasly damage collision puncture pit stop retirement,,,,,,,
aeb58c42fafe6cdf137e,referral-4a82c37c938fc223,2024-ita,Race,20,Kevin Magnussen,Haas F1 Team,accused,10|20,,,18|19,fia_clock_participant_multi_lap_window,Finished,,,0,low,,2024-ita Kevin Magnussen Haas F1 Team race report damage collision puncture front wing floor retirement,site:formula1.com/en/latest 2024-ita Kevin Magnussen damage collision puncture pit stop retirement,,,,,,,
52231fb97c8d902ac51a,referral-510c6f779098c322,2024-mia,Race,55,Carlos Sainz,Ferrari,accused,55|81,,,39|40,fia_clock_participant_multi_lap_window,Finished,,,0,low,,2024-mia Carlos Sainz Ferrari race report damage collision puncture front wing floor retirement,site:formula1.com/en/latest 2024-mia Carlos Sainz damage collision puncture pit stop retirement,,,,,,,
c1d5dd1c6f1a55d42112,referral-510c6f779098c322,2024-mia,Race,81,Oscar Piastri,McLaren,affected,55|81,,,39|40,fia_clock_participant_multi_lap_window,Finished,,,0,low,,2024-mia Oscar Piastri McLaren race report damage collision puncture front wing floor retirement,site:formula1.com/en/latest 2024-mia Oscar Piastri damage collision puncture pit stop retirement,,,,,,,
5e39ba82156b819e2cba,referral-b8e78a86fa8cc024,2024-mia,Race,20,Kevin Magnussen,Haas F1 Team,accused,2|20,,,27|28,fia_clock_participant_multi_lap_window,Finished,,,0,low,,2024-mia Kevin Magnussen Haas F1 Team race report damage collision puncture front wing floor retirement,site:formula1.com/en/latest 2024-mia Kevin Magnussen damage collision puncture pit stop retirement,,,,,,,
a687c435f3304af370ff,referral-af283570cc6acd71,2024-qat,Race,30,Liam Lawson,RB,accused,30|77,5,,4|5,fia_clock_participant_multi_lap_window,Finished,,,0,low,,2024-qat Liam Lawson RB race report damage collision puncture front wing floor retirement,site:formula1.com/en/latest 2024-qat Liam Lawson damage collision puncture pit stop retirement,,,,,,,
239516060d594d90cfc1,referral-af283570cc6acd71,2024-qat,Race,77,Valtteri Bottas,Kick Sauber,affected,30|77,5,,4|5,fia_clock_participant_multi_lap_window,Finished,,,0,low,,2024-qat Valtteri Bottas Kick Sauber race report damage collision puncture front wing floor retirement,site:formula1.com/en/latest 2024-qat Valtteri Bottas damage collision puncture pit stop retirement,,,,,,,
9d4a163c13d772e1ea3f,referral-29a925ed0477f06f,2024-sau,Race,20,Kevin Magnussen,Haas F1 Team,accused,20|23,,,9|10,fia_clock_participant_multi_lap_window,Finished,,,0,low,,2024-sau Kevin Magnussen Haas F1 Team race report damage collision puncture front wing floor retirement,site:formula1.com/en/latest 2024-sau Kevin Magnussen damage collision puncture pit stop retirement,,,,,,,
0cf217b912ab99cb9e78,referral-29a925ed0477f06f,2024-sau,Race,23,Alexander Albon,Williams,affected,20|23,,,9|10,fia_clock_participant_multi_lap_window,Finished,,,0,low,,2024-sau Alexander Albon Williams race report damage collision puncture front wing floor retirement,site:formula1.com/en/latest 2024-sau Alexander Albon damage collision puncture pit stop retirement,,,,,,,
3ded65cd5a590fe1980f,referral-f8ec31dc5b84851c,2025-aut,Race,43,Franco Colapinto,Alpine,affected,22|43,30,,30|31,fia_clock_participant_multi_lap_window,Lapped,,,0,low,,2025-aut Franco Colapinto Alpine race report damage collision puncture front wing floor retirement,site:formula1.com/en/latest 2025-aut Franco Colapinto damage collision puncture pit stop retirement,,,,,,,
c6155117413bc17e7c6d,referral-05b94ced9330672f,2025-bhr,Race,27,Nico Hulkenberg,Kick Sauber,affected,27|30,,,40|41,fia_clock_participant_multi_lap_window,Disqualified,,,0,low,,2025-bhr Nico Hulkenberg Kick Sauber race report damage collision puncture front wing floor retirement,site:formula1.com/en/latest 2025-bhr Nico Hulkenberg damage collision puncture pit stop retirement,,,,,,,
1914a6b8cccfce8a328c,referral-05b94ced9330672f,2025-bhr,Race,30,Liam Lawson,Racing Bulls,accused,27|30,,,40|41,fia_clock_participant_multi_lap_window,Finished,,,0,low,,2025-bhr Liam Lawson Racing Bulls race report damage collision puncture front wing floor retirement,site:formula1.com/en/latest 2025-bhr Liam Lawson damage collision puncture pit stop retirement,,,,,,,
990947c09d8834b8fd82,referral-f49e8069307abb3e,2025-can,Race,81,Oscar Piastri,McLaren,affected,4|81,,,66|67,fia_clock_participant_multi_lap_window,Finished,,,0,low,,2025-can Oscar Piastri McLaren race report damage collision puncture front wing floor retirement,site:formula1.com/en/latest 2025-can Oscar Piastri damage collision puncture pit stop retirement,,,,,,,
9e47acf696b28a2e6a94,referral-fbd1c3da9e21b9ae,2025-chn,Sprint,7,Jack Doohan,Alpine,affected,7|30,,,4|5,fia_clock_participant_multi_lap_window,Finished,,,0,low,,2025-chn Jack Doohan Alpine race report damage collision puncture front wing floor retirement,site:formula1.com/en/latest 2025-chn Jack Doohan damage collision puncture pit stop retirement,,,,,,,
ffe15a86f4f77d6a5df4,referral-fbd1c3da9e21b9ae,2025-chn,Sprint,30,Liam Lawson,Red Bull Racing,accused,7|30,,,4|5,fia_clock_participant_multi_lap_window,Finished,,,0,low,,2025-chn Liam Lawson Red Bull Racing race report damage collision puncture front wing floor retirement,site:formula1.com/en/latest 2025-chn Liam Lawson damage collision puncture pit stop retirement,,,,,,,
2b54cb7b1a5ae9848393,referral-b715f3583bfd8d4d,2025-lvs,Race,44,Lewis Hamilton,Ferrari,affected,23|44,,,13|14,fia_clock_participant_multi_lap_window,Finished,,,0,low,,2025-lvs Lewis Hamilton Ferrari race report damage collision puncture front wing floor retirement,site:formula1.com/en/latest 2025-lvs Lewis Hamilton damage collision puncture pit stop retirement,,,,,,,
56aaef05f16a3aa4379f,referral-95d155f18c866d43,2025-mco,Race,22,Yuki Tsunoda,Red Bull Racing,affected,10|22,,,7|8,fia_clock_participant_multi_lap_window,Lapped,,,0,low,,2025-mco Yuki Tsunoda Red Bull Racing race report damage collision puncture front wing floor retirement,site:formula1.com/en/latest 2025-mco Yuki Tsunoda damage collision puncture pit stop retirement,,,,,,,
6982a76b43ba8c0c338d,referral-d12c5370eadce05a,2025-mex,Race,1,Max Verstappen,Red Bull Racing,affected,1|44,6,,5|6,fia_clock_participant_multi_lap_window,Finished,,,0,low,,2025-mex Max Verstappen Red Bull Racing race report damage collision puncture front wing floor retirement,site:formula1.com/en/latest 2025-mex Max Verstappen damage collision puncture pit stop retirement,,,,,,,
5d79c8f0f310b464c261,referral-d12c5370eadce05a,2025-mex,Race,44,Lewis Hamilton,Ferrari,accused,1|44,6,,5|6,fia_clock_participant_multi_lap_window,Finished,,,0,low,,2025-mex Lewis Hamilton Ferrari race report damage collision puncture front wing floor retirement,site:formula1.com/en/latest 2025-mex Lewis Hamilton damage collision puncture pit stop retirement,,,,,,,
2afa801613b07990e7e3,incident-src-7a6e06b6a58ea9bf,2025-ned,Race,63,George Russell,Mercedes,affected,16|63,,,32|33,fia_clock_participant_multi_lap_window,Finished,,,0,low,,2025-ned George Russell Mercedes race report damage collision puncture front wing floor retirement,site:formula1.com/en/latest 2025-ned George Russell damage collision puncture pit stop retirement,,,,,,,
2595407e115108f74ed4,incident-src-8f0780dbba4e36af,2025-ned,Race,63,George Russell,Mercedes,accused,16|63,,,32|33,fia_clock_participant_multi_lap_window,Finished,,,0,low,,2025-ned George Russell Mercedes race report damage collision puncture front wing floor retirement,site:formula1.com/en/latest 2025-ned George Russell damage collision puncture pit stop retirement,,,,,,,
c99226d6c26a59a53908,referral-aa5b2e3498a65c01,2025-qat,Race,10,Pierre Gasly,Alpine,affected,10|27,,,6|7,fia_clock_participant_multi_lap_window,Lapped,,,0,low,,2025-qat Pierre Gasly Alpine race report damage collision puncture front wing floor retirement,site:formula1.com/en/latest 2025-qat Pierre Gasly damage collision puncture pit stop retirement,,,,,,,
e4fe223c0b78428195fd,referral-6ad7e4165a21d44e,2025-sao,Race,43,Franco Colapinto,Alpine,affected,43|44,2,,1|2,fia_clock_participant_multi_lap_window,Finished,,,0,low,,2025-sao Franco Colapinto Alpine race report damage collision puncture front wing floor retirement,site:formula1.com/en/latest 2025-sao Franco Colapinto damage collision puncture pit stop retirement,,,,,,,
148e3562f0b795f0b8b8,referral-9cd85ab0e35ccaec,2025-sao,Race,18,Lance Stroll,Aston Martin,affected,18|22,6,,5|6,fia_clock_participant_multi_lap_window,Finished,,,0,low,,2025-sao Lance Stroll Aston Martin race report damage collision puncture front wing floor retirement,site:formula1.com/en/latest 2025-sao Lance Stroll damage collision puncture pit stop retirement,,,,,,,
d2388557c4f0c7b9654f,referral-9cd85ab0e35ccaec,2025-sao,Race,22,Yuki Tsunoda,Red Bull Racing,accused,18|22,6,,5|6,fia_clock_participant_multi_lap_window,Finished,,,0,low,,2025-sao Yuki Tsunoda Red Bull Racing race report damage collision puncture front wing floor retirement,site:formula1.com/en/latest 2025-sao Yuki Tsunoda damage collision puncture pit stop retirement,,,,,,,
